ISO-10303-21;
HEADER;
FILE_DESCRIPTION (( 'STEP AP214' ),
    '1' );
FILE_NAME ('camera_mount.STEP',
    '2026-01-23T00:51:53',
    ( '' ),
    ( '' ),
    'SwSTEP 2.0',
    'SolidWorks 2025',
    '' );
FILE_SCHEMA (( 'AUTOMOTIVE_DESIGN' ));
ENDSEC;

DATA;
#1 = AXIS2_PLACEMENT_3D ( 'NONE', #1514, #402, #1144 ) ;
#2 = CARTESIAN_POINT ( 'NONE',  ( -26.64999999999999858, -0.8500000000000000888, -23.49999999999998224 ) ) ;
#3 = AXIS2_PLACEMENT_3D ( 'NONE', #1130, #1496, #557 ) ;
#4 = DIRECTION ( 'NONE',  ( 2.560477455316320513E-16, 0.000000000000000000, 1.000000000000000000 ) ) ;
#5 = EDGE_CURVE ( 'NONE', #641, #430, #294, .T. ) ;
#6 = LINE ( 'NONE', #581, #2377 ) ;
#7 = ORIENTED_EDGE ( 'NONE', *, *, #1259, .F. ) ;
#8 = VECTOR ( 'NONE', #1199, 1000.000000000000000 ) ;
#9 = DIRECTION ( 'NONE',  ( 0.000000000000000000, 1.000000000000000000, 0.000000000000000000 ) ) ;
#10 = PLANE ( 'NONE',  #2124 ) ;
#11 = CARTESIAN_POINT ( 'NONE',  ( -22.59999999999999787, -3.400000000000000355, -18.79999999999998650 ) ) ;
#12 = ORIENTED_EDGE ( 'NONE', *, *, #1823, .T. ) ;
#13 = EDGE_CURVE ( 'NONE', #1522, #1713, #673, .T. ) ;
#14 = DIRECTION ( 'NONE',  ( -0.5773502691896298389, 0.5773502691896258421, -0.5773502691896217343 ) ) ;
#15 = AXIS2_PLACEMENT_3D ( 'NONE', #1531, #2082, #1131 ) ;
#16 = ORIENTED_EDGE ( 'NONE', *, *, #2204, .F. ) ;
#17 = AXIS2_PLACEMENT_3D ( 'NONE', #2247, #1115, #1351 ) ;
#18 = FACE_OUTER_BOUND ( 'NONE', #93, .T. ) ;
#19 = EDGE_LOOP ( 'NONE', ( #871, #2120, #1660, #512 ) ) ;
#20 = FACE_OUTER_BOUND ( 'NONE', #264, .T. ) ;
#21 = LINE ( 'NONE', #2287, #1858 ) ;
#22 = DIRECTION ( 'NONE',  ( -3.084312081358969735E-16, 0.000000000000000000, -1.000000000000000000 ) ) ;
#23 = VERTEX_POINT ( 'NONE', #1436 ) ;
#24 = CARTESIAN_POINT ( 'NONE',  ( -26.95000000000000284, -0.8500000000000000888, -23.49999999999998224 ) ) ;
#25 = PRODUCT_DEFINITION_SHAPE ( 'NONE', 'NONE',  #1320 ) ;
#26 = ADVANCED_FACE ( 'NONE', ( #90 ), #1590, .F. ) ;
#27 = EDGE_LOOP ( 'NONE', ( #1965, #1371, #1637 ) ) ;
#28 = ADVANCED_FACE ( 'NONE', ( #494 ), #1041, .F. ) ;
#29 = PLANE ( 'NONE',  #456 ) ;
#30 = ORIENTED_EDGE ( 'NONE', *, *, #1208, .F. ) ;
#31 = DIRECTION ( 'NONE',  ( -2.445919126778877864E-16, 0.2957706001702456455, -0.9552589973797329659 ) ) ;
#32 = ORIENTED_EDGE ( 'NONE', *, *, #1336, .F. ) ;
#33 = DIRECTION ( 'NONE',  ( 1.000000000000000000, 0.000000000000000000, -2.560477455316320513E-16 ) ) ;
#34 = DIRECTION ( 'NONE',  ( 0.000000000000000000, 0.000000000000000000, -1.000000000000000000 ) ) ;
#35 = ORIENTED_EDGE ( 'NONE', *, *, #655, .F. ) ;
#36 = DIRECTION ( 'NONE',  ( -1.000000000000000000, 0.000000000000000000, 1.280238727658160010E-16 ) ) ;
#37 = ADVANCED_FACE ( 'NONE', ( #116 ), #951, .F. ) ;
#38 = ORIENTED_EDGE ( 'NONE', *, *, #1548, .F. ) ;
#39 = DIRECTION ( 'NONE',  ( 1.000000000000000000, 0.000000000000000000, -1.178227673661494138E-16 ) ) ;
#40 = DIRECTION ( 'NONE',  ( 2.560477455316320513E-16, 0.000000000000000000, 1.000000000000000000 ) ) ;
#41 = ORIENTED_EDGE ( 'NONE', *, *, #1729, .F. ) ;
#42 = DIRECTION ( 'NONE',  ( -0.7071067811865450192, 0.7071067811865500152, 5.285558474737473128E-17 ) ) ;
#43 = CIRCLE ( 'NONE', #362, 1.000000000000000888 ) ;
#44 = VECTOR ( 'NONE', #1838, 1000.000000000000000 ) ;
#45 = DIRECTION ( 'NONE',  ( 0.5773502691896298389, 0.5773502691896258421, 0.5773502691896217343 ) ) ;
#46 = LINE ( 'NONE', #1142, #1109 ) ;
#47 = ORIENTED_EDGE ( 'NONE', *, *, #1208, .T. ) ;
#48 = DIRECTION ( 'NONE',  ( 0.000000000000000000, 1.000000000000000000, 0.000000000000000000 ) ) ;
#49 = VECTOR ( 'NONE', #254, 1000.000000000000000 ) ;
#50 = ORIENTED_EDGE ( 'NONE', *, *, #1857, .T. ) ;
#51 = CIRCLE ( 'NONE', #378, 2.999999999999999112 ) ;
#52 = ADVANCED_FACE ( 'NONE', ( #1423 ), #1237, .F. ) ;
#53 = ORIENTED_EDGE ( 'NONE', *, *, #2105, .F. ) ;
#54 = CARTESIAN_POINT ( 'NONE',  ( -8.799999999999995381, -4.000000000000000000, 6.300000000000006040 ) ) ;
#55 = VECTOR ( 'NONE', #2240, 1000.000000000000000 ) ;
#56 = LINE ( 'NONE', #352, #575 ) ;
#57 = CARTESIAN_POINT ( 'NONE',  ( -28.44999999999999574, 0.5000000000000004441, -12.34999999999999432 ) ) ;
#58 = ORIENTED_EDGE ( 'NONE', *, *, #1984, .F. ) ;
#59 = EDGE_CURVE ( 'NONE', #1842, #1565, #1616, .T. ) ;
#60 = LINE ( 'NONE', #806, #2292 ) ;
#61 = ADVANCED_FACE ( 'NONE', ( #2161 ), #481, .T. ) ;
#62 = CARTESIAN_POINT ( 'NONE',  ( -22.59999999999999432, -3.438475071455322496, -18.67573593128805243 ) ) ;
#63 = EDGE_LOOP ( 'NONE', ( #2046, #1774, #2087, #1571 ) ) ;
#64 = ORIENTED_EDGE ( 'NONE', *, *, #648, .T. ) ;
#65 = DIRECTION ( 'NONE',  ( 0.000000000000000000, 0.000000000000000000, 1.000000000000000000 ) ) ;
#66 = PLANE ( 'NONE',  #218 ) ;
#67 = CARTESIAN_POINT ( 'NONE',  ( -27.34999999999999787, -1.699999999999999734, -24.79999999999998295 ) ) ;
#68 = VERTEX_POINT ( 'NONE', #1602 ) ;
#69 = LINE ( 'NONE', #639, #401 ) ;
#70 = CARTESIAN_POINT ( 'NONE',  ( -33.89999999999999858, -4.000000000000000000, 4.340009286761162956E-15 ) ) ;
#71 = EDGE_CURVE ( 'NONE', #606, #2217, #2358, .T. ) ;
#72 = VERTEX_POINT ( 'NONE', #319 ) ;
#73 = AXIS2_PLACEMENT_3D ( 'NONE', #460, #1410, #250 ) ;
#74 = ORIENTED_EDGE ( 'NONE', *, *, #1193, .F. ) ;
#75 = CARTESIAN_POINT ( 'NONE',  ( -28.60000000000000142, -3.765614312047981027, -18.49999999999998579 ) ) ;
#76 = EDGE_CURVE ( 'NONE', #1713, #645, #307, .T. ) ;
#77 = FACE_OUTER_BOUND ( 'NONE', #820, .T. ) ;
#78 = CARTESIAN_POINT ( 'NONE',  ( -28.60000000000000142, -3.492887039320711207, -18.49999999999998579 ) ) ;
#79 = DIRECTION ( 'NONE',  ( -1.000000000000000000, 0.000000000000000000, -3.307283379783592927E-17 ) ) ;
#80 = CLOSED_SHELL ( 'NONE', ( #776, #287, #1180, #1515, #2372, #500, #1977, #1022, #1562, #1802, #208, #2165, #1662, #1084, #1709, #26, #628, #986, #600, #1843, #949, #1464, #1798, #1882, #449, #321, #1058, #976, #931, #802, #2312, #2242, #1967, #786, #721, #715, #1675, #1775, #52, #225, #295, #1726, #1740, #1895, #1381, #798, #2061, #37, #1244, #1518, #1309, #1406, #580, #2059, #2367, #1986, #213, #2158, #61, #1716, #642, #713, #1935, #1517, #155, #1239, #436, #607, #1643, #1871, #2038, #895, #28, #829, #1954, #217, #2010, #835, #1539, #473 ) ) ;
#81 = CARTESIAN_POINT ( 'NONE',  ( -33.39999999999999858, 1.000000000000000000, -19.29999999999998295 ) ) ;
#82 = DIRECTION ( 'NONE',  ( -1.000000000000000000, 0.000000000000000000, 2.560477455316320513E-16 ) ) ;
#83 = CARTESIAN_POINT ( 'NONE',  ( -22.59999999999999076, -4.000000000000000000, 6.300000000000010481 ) ) ;
#84 = ORIENTED_EDGE ( 'NONE', *, *, #1343, .T. ) ;
#85 = AXIS2_PLACEMENT_3D ( 'NONE', #1104, #322, #1851 ) ;
#86 = ORIENTED_EDGE ( 'NONE', *, *, #1368, .F. ) ;
#87 = LINE ( 'NONE', #98, #2286 ) ;
#88 = LINE ( 'NONE', #457, #1978 ) ;
#89 = DIRECTION ( 'NONE',  ( -2.445919126778878357E-16, 0.2957706001702457010, -0.9552589973797330769 ) ) ;
#90 = FACE_OUTER_BOUND ( 'NONE', #19, .T. ) ;
#91 = DIRECTION ( 'NONE',  ( -0.7071067811865502373, -0.000000000000000000, -0.7071067811865449082 ) ) ;
#92 = CARTESIAN_POINT ( 'NONE',  ( -20.85000000000000142, -2.199999999999998845, -25.66602540378442399 ) ) ;
#93 = EDGE_LOOP ( 'NONE', ( #1910, #1128, #632, #1674 ) ) ;
#94 = CARTESIAN_POINT ( 'NONE',  ( -8.799999999999997158, -4.000000000000000000, 1.195977597056913592E-15 ) ) ;
#95 = EDGE_CURVE ( 'NONE', #199, #2143, #1087, .T. ) ;
#96 = VERTEX_POINT ( 'NONE', #331 ) ;
#97 = VERTEX_POINT ( 'NONE', #2436 ) ;
#98 = CARTESIAN_POINT ( 'NONE',  ( -20.85000000000000497, 0.000000000000000000, -25.79999999999998650 ) ) ;
#99 = VECTOR ( 'NONE', #9, 1000.000000000000000 ) ;
#100 = DIRECTION ( 'NONE',  ( 0.5773502691896275074, 0.5773502691896224004, 0.5773502691896272854 ) ) ;
#101 = LINE ( 'NONE', #1253, #674 ) ;
#102 = ORIENTED_EDGE ( 'NONE', *, *, #334, .F. ) ;
#103 = VECTOR ( 'NONE', #1972, 1000.000000000000000 ) ;
#104 = CARTESIAN_POINT ( 'NONE',  ( -20.45000000000000284, -2.199999999999998845, -23.49999999999998579 ) ) ;
#105 = CARTESIAN_POINT ( 'NONE',  ( -8.300000000000004263, 0.4999999999999961142, -19.79999999999999361 ) ) ;
#106 = VERTEX_POINT ( 'NONE', #385 ) ;
#107 = CARTESIAN_POINT ( 'NONE',  ( -33.39999999999999147, 1.000000000000000000, 7.300000000000014033 ) ) ;
#108 = EDGE_CURVE ( 'NONE', #1565, #199, #570, .T. ) ;
#109 = ORIENTED_EDGE ( 'NONE', *, *, #2204, .T. ) ;
#110 = ORIENTED_EDGE ( 'NONE', *, *, #1205, .F. ) ;
#111 = DIRECTION ( 'NONE',  ( 1.280238727658160256E-16, 0.000000000000000000, 1.000000000000000000 ) ) ;
#112 = UNCERTAINTY_MEASURE_WITH_UNIT (LENGTH_MEASURE( 1.000000000000000082E-05 ), #1706, 'distance_accuracy_value', 'NONE');
#113 = EDGE_CURVE ( 'NONE', #186, #1290, #1330, .T. ) ;
#114 = DIRECTION ( 'NONE',  ( 3.202967631604026862E-16, 0.000000000000000000, 1.000000000000000000 ) ) ;
#115 = LINE ( 'NONE', #306, #991 ) ;
#116 = FACE_OUTER_BOUND ( 'NONE', #1009, .T. ) ;
#117 = VECTOR ( 'NONE', #2234, 1000.000000000000000 ) ;
#118 = CARTESIAN_POINT ( 'NONE',  ( -22.29999999999999005, -3.400000000000000355, 6.300000000000010481 ) ) ;
#119 = CARTESIAN_POINT ( 'NONE',  ( -28.44999999999999574, 1.000000000000000000, -12.84999999999999787 ) ) ;
#120 = ORIENTED_EDGE ( 'NONE', *, *, #1948, .T. ) ;
#121 = LINE ( 'NONE', #1670, #1690 ) ;
#122 = VECTOR ( 'NONE', #2174, 1000.000000000000000 ) ;
#123 = EDGE_LOOP ( 'NONE', ( #828, #1636, #1271, #2353 ) ) ;
#124 = VECTOR ( 'NONE', #311, 1000.000000000000000 ) ;
#125 = ORIENTED_EDGE ( 'NONE', *, *, #452, .F. ) ;
#126 = CARTESIAN_POINT ( 'NONE',  ( -33.89999999999999147, -4.000000000000000000, 6.800000000000012257 ) ) ;
#127 = CARTESIAN_POINT ( 'NONE',  ( -15.74999999999999289, 0.5000000000000004441, -0.1499999999999979405 ) ) ;
#128 = CARTESIAN_POINT ( 'NONE',  ( -8.799999999999998934, -4.000000000000000000, -9.199999999999999289 ) ) ;
#129 = CARTESIAN_POINT ( 'NONE',  ( -22.59999999999999076, -3.570292905421302176, 5.750000000000012434 ) ) ;
#130 = CIRCLE ( 'NONE', #453, 1.349999999999996980 ) ;
#131 = LINE ( 'NONE', #892, #608 ) ;
#132 = CARTESIAN_POINT ( 'NONE',  ( -28.44999999999999574, 0.000000000000000000, -12.34999999999999432 ) ) ;
#133 = VERTEX_POINT ( 'NONE', #1495 ) ;
#134 = AXIS2_PLACEMENT_3D ( 'NONE', #900, #1100, #1090 ) ;
#135 = EDGE_CURVE ( 'NONE', #2249, #359, #180, .T. ) ;
#136 = VERTEX_POINT ( 'NONE', #757 ) ;
#137 = ORIENTED_EDGE ( 'NONE', *, *, #551, .T. ) ;
#138 = CYLINDRICAL_SURFACE ( 'NONE', #158, 1.349999999999996980 ) ;
#139 = CARTESIAN_POINT ( 'NONE',  ( -22.59999999999999076, -3.570292905421302176, 5.750000000000012434 ) ) ;
#140 = EDGE_CURVE ( 'NONE', #1167, #1413, #1507, .T. ) ;
#141 = CARTESIAN_POINT ( 'NONE',  ( -8.300000000000000711, 1.000000000000000000, 7.300000000000006040 ) ) ;
#142 = CARTESIAN_POINT ( 'NONE',  ( -20.85000000000000142, -0.8500000000000000888, -23.49999999999998579 ) ) ;
#143 = LINE ( 'NONE', #2268, #493 ) ;
#144 = VERTEX_POINT ( 'NONE', #2070 ) ;
#145 = ORIENTED_EDGE ( 'NONE', *, *, #935, .F. ) ;
#146 = EDGE_CURVE ( 'NONE', #1257, #1071, #2212, .T. ) ;
#147 = CARTESIAN_POINT ( 'NONE',  ( -27.34999999999999787, 0.4999999999999986122, -25.66602540378442043 ) ) ;
#148 = DIRECTION ( 'NONE',  ( 0.5773502691896218453, 0.5773502691896258421, 0.5773502691896296168 ) ) ;
#149 = VERTEX_POINT ( 'NONE', #2397 ) ;
#150 = LINE ( 'NONE', #1078, #2363 ) ;
#151 = CARTESIAN_POINT ( 'NONE',  ( -33.39999999999999858, 1.000000000000000000, 4.275997350378253822E-15 ) ) ;
#152 = CARTESIAN_POINT ( 'NONE',  ( -27.35000000000000142, -4.000000000000000000, -19.79999999999998650 ) ) ;
#153 = FACE_OUTER_BOUND ( 'NONE', #2376, .T. ) ;
#154 = ORIENTED_EDGE ( 'NONE', *, *, #1076, .T. ) ;
#155 = ADVANCED_FACE ( 'NONE', ( #2237 ), #1669, .F. ) ;
#156 =( BOUNDED_CURVE ( )  B_SPLINE_CURVE ( 3, ( #227, #1940, #1189, #2288 ),
 .UNSPECIFIED., .F., .T. ) 
 B_SPLINE_CURVE_WITH_KNOTS ( ( 4, 4 ),
 ( 4.712388980384689674, 6.283185307179586232 ),
 .UNSPECIFIED. ) 
 CURVE ( )  GEOMETRIC_REPRESENTATION_ITEM ( )  RATIONAL_B_SPLINE_CURVE ( ( 1.000000000000000000, 0.8047378541243649375, 0.8047378541243649375, 1.000000000000000000 ) ) 
 REPRESENTATION_ITEM ( '' )  );
#157 = ORIENTED_EDGE ( 'NONE', *, *, #245, .F. ) ;
#158 = AXIS2_PLACEMENT_3D ( 'NONE', #2404, #160, #925 ) ;
#159 = VECTOR ( 'NONE', #1864, 1000.000000000000000 ) ;
#160 = DIRECTION ( 'NONE',  ( 1.000000000000000000, -0.000000000000000000, -2.891205793294679312E-16 ) ) ;
#161 = EDGE_CURVE ( 'NONE', #915, #361, #583, .T. ) ;
#162 = PLANE ( 'NONE',  #881 ) ;
#163 = CARTESIAN_POINT ( 'NONE',  ( -26.95000000000000284, -0.8500000000000000888, -23.49999999999998224 ) ) ;
#164 = VERTEX_POINT ( 'NONE', #2409 ) ;
#165 = DIRECTION ( 'NONE',  ( 0.9552589973797344092, 0.2957706001702409271, -2.445919126778881808E-16 ) ) ;
#166 = FACE_OUTER_BOUND ( 'NONE', #123, .T. ) ;
#167 = CARTESIAN_POINT ( 'NONE',  ( -20.45000000000000284, -0.8500000000000000888, -22.14999999999998792 ) ) ;
#168 = AXIS2_PLACEMENT_3D ( 'NONE', #357, #2199, #1619 ) ;
#169 = LINE ( 'NONE', #1323, #796 ) ;
#170 = ORIENTED_EDGE ( 'NONE', *, *, #1647, .F. ) ;
#171 = CIRCLE ( 'NONE', #685, 1.349999999999996980 ) ;
#172 = ORIENTED_EDGE ( 'NONE', *, *, #377, .T. ) ;
#173 = AXIS2_PLACEMENT_3D ( 'NONE', #1472, #198, #1880 ) ;
#174 = EDGE_CURVE ( 'NONE', #860, #68, #1826, .T. ) ;
#175 = ORIENTED_EDGE ( 'NONE', *, *, #187, .F. ) ;
#176 = LINE ( 'NONE', #513, #1535 ) ;
#177 = FACE_OUTER_BOUND ( 'NONE', #1046, .T. ) ;
#178 = ORIENTED_EDGE ( 'NONE', *, *, #759, .T. ) ;
#179 = CARTESIAN_POINT ( 'NONE',  ( 0.000000000000000000, 0.000000000000000000, 0.000000000000000000 ) ) ;
#180 = LINE ( 'NONE', #2053, #2111 ) ;
#181 = CARTESIAN_POINT ( 'NONE',  ( -22.59999999999999787, -4.000000000000000000, -18.79999999999998650 ) ) ;
#182 = CARTESIAN_POINT ( 'NONE',  ( -28.59999999999999787, -3.438475071455321608, -18.67573593128805598 ) ) ;
#183 = FACE_OUTER_BOUND ( 'NONE', #1231, .T. ) ;
#184 = ORIENTED_EDGE ( 'NONE', *, *, #864, .T. ) ;
#185 = CARTESIAN_POINT ( 'NONE',  ( -7.799999999999999822, -4.000000000000000000, -19.29999999999999361 ) ) ;
#186 = VERTEX_POINT ( 'NONE', #731 ) ;
#187 = EDGE_CURVE ( 'NONE', #106, #1160, #917, .T. ) ;
#188 = VECTOR ( 'NONE', #1038, 1000.000000000000000 ) ;
#189 = LINE ( 'NONE', #2037, #1654 ) ;
#190 = DIRECTION ( 'NONE',  ( 1.000000000000000000, 0.000000000000000000, -2.560477455316320513E-16 ) ) ;
#191 = EDGE_CURVE ( 'NONE', #1608, #2281, #1743, .T. ) ;
#192 = CARTESIAN_POINT ( 'NONE',  ( -7.799999999999996270, 0.4999999999999961142, 7.300000000000006040 ) ) ;
#193 = VERTEX_POINT ( 'NONE', #2079 ) ;
#194 = DIRECTION ( 'NONE',  ( 5.238346260426492220E-17, 0.000000000000000000, -1.000000000000000000 ) ) ;
#195 = DIRECTION ( 'NONE',  ( -1.280238727658160256E-16, 0.000000000000000000, -1.000000000000000000 ) ) ;
#196 = CARTESIAN_POINT ( 'NONE',  ( -8.300000000000004263, 1.000000000000000000, -19.79999999999999361 ) ) ;
#197 = CARTESIAN_POINT ( 'NONE',  ( -15.59999999999999964, -5.700000000000000178, -22.27184141886164781 ) ) ;
#198 = DIRECTION ( 'NONE',  ( -1.000000000000000000, 0.000000000000000000, 2.560477455316320513E-16 ) ) ;
#199 = VERTEX_POINT ( 'NONE', #2265 ) ;
#200 = VECTOR ( 'NONE', #1010, 1000.000000000000114 ) ;
#201 = DIRECTION ( 'NONE',  ( 0.000000000000000000, 0.000000000000000000, 1.000000000000000000 ) ) ;
#202 = ORIENTED_EDGE ( 'NONE', *, *, #1765, .T. ) ;
#203 = EDGE_CURVE ( 'NONE', #403, #1062, #1079, .T. ) ;
#204 = VECTOR ( 'NONE', #1446, 1000.000000000000000 ) ;
#205 = DIRECTION ( 'NONE',  ( -1.000000000000000000, -0.000000000000000000, 1.280238727658160010E-16 ) ) ;
#206 = ORIENTED_EDGE ( 'NONE', *, *, #2405, .F. ) ;
#207 = LINE ( 'NONE', #257, #1717 ) ;
#208 = ADVANCED_FACE ( 'NONE', ( #1280 ), #1117, .T. ) ;
#209 = DIRECTION ( 'NONE',  ( -1.000000000000000000, 0.000000000000000000, 2.560477455316320513E-16 ) ) ;
#210 = DIRECTION ( 'NONE',  ( 0.000000000000000000, 0.000000000000000000, -1.000000000000000000 ) ) ;
#211 = PLANE ( 'NONE',  #1536 ) ;
#212 = ORIENTED_EDGE ( 'NONE', *, *, #515, .T. ) ;
#213 = ADVANCED_FACE ( 'NONE', ( #1102 ), #903, .T. ) ;
#214 = CIRCLE ( 'NONE', #912, 0.3000000000000016542 ) ;
#215 = DIRECTION ( 'NONE',  ( 0.000000000000000000, 0.000000000000000000, 1.000000000000000000 ) ) ;
#216 = EDGE_CURVE ( 'NONE', #592, #712, #531, .T. ) ;
#217 = ADVANCED_FACE ( 'NONE', ( #345 ), #1094, .T. ) ;
#218 = AXIS2_PLACEMENT_3D ( 'NONE', #812, #1563, #1384 ) ;
#219 = ORIENTED_EDGE ( 'NONE', *, *, #2064, .F. ) ;
#220 = CARTESIAN_POINT ( 'NONE',  ( -15.59999999999999254, -4.000000000000000000, 6.300000000000008704 ) ) ;
#221 = AXIS2_PLACEMENT_3D ( 'NONE', #222, #1315, #2067 ) ;
#222 = CARTESIAN_POINT ( 'NONE',  ( -15.59999999999999964, 0.000000000000000000, -18.29999999999999361 ) ) ;
#223 = ORIENTED_EDGE ( 'NONE', *, *, #2213, .F. ) ;
#224 = ORIENTED_EDGE ( 'NONE', *, *, #1187, .F. ) ;
#225 = ADVANCED_FACE ( 'NONE', ( #20 ), #1185, .F. ) ;
#226 = LINE ( 'NONE', #11, #1663 ) ;
#227 = CARTESIAN_POINT ( 'NONE',  ( -28.59999999999999076, -3.492887039320711207, 6.000000000000010658 ) ) ;
#228 = ORIENTED_EDGE ( 'NONE', *, *, #876, .F. ) ;
#229 = FACE_OUTER_BOUND ( 'NONE', #525, .T. ) ;
#230 = VECTOR ( 'NONE', #2041, 1000.000000000000114 ) ;
#231 = EDGE_LOOP ( 'NONE', ( #1528, #1556, #1971, #50 ) ) ;
#232 = DIRECTION ( 'NONE',  ( 3.540705920434613156E-32, -1.000000000000000000, 1.224646799147353207E-16 ) ) ;
#233 = EDGE_LOOP ( 'NONE', ( #58, #785, #38, #1217 ) ) ;
#234 = FACE_OUTER_BOUND ( 'NONE', #410, .T. ) ;
#235 = LINE ( 'NONE', #1121, #2295 ) ;
#236 = DIRECTION ( 'NONE',  ( 0.000000000000000000, 1.000000000000000000, 0.000000000000000000 ) ) ;
#237 = EDGE_LOOP ( 'NONE', ( #619, #1468, #1369 ) ) ;
#238 = CARTESIAN_POINT ( 'NONE',  ( -15.59999999999999964, 0.4999999999999995559, -19.79999999999999005 ) ) ;
#239 = EDGE_CURVE ( 'NONE', #706, #1831, #2092, .T. ) ;
#240 = ORIENTED_EDGE ( 'NONE', *, *, #191, .T. ) ;
#241 = FACE_OUTER_BOUND ( 'NONE', #424, .T. ) ;
#242 = EDGE_CURVE ( 'NONE', #2192, #2261, #1150, .T. ) ;
#243 = ORIENTED_EDGE ( 'NONE', *, *, #2207, .T. ) ;
#244 = DIRECTION ( 'NONE',  ( -2.560477455316320513E-16, -0.000000000000000000, -1.000000000000000000 ) ) ;
#245 = EDGE_CURVE ( 'NONE', #376, #1863, #1754, .T. ) ;
#246 = CIRCLE ( 'NONE', #1612, 2.999999999999999112 ) ;
#247 = CARTESIAN_POINT ( 'NONE',  ( -9.350000000000001421, -3.570292905421299956, -15.50000000000000000 ) ) ;
#248 = CARTESIAN_POINT ( 'NONE',  ( -22.59999999999999432, 0.000000000000000000, 3.789506633868153550E-15 ) ) ;
#249 = ORIENTED_EDGE ( 'NONE', *, *, #452, .T. ) ;
#250 = DIRECTION ( 'NONE',  ( 2.560477455316320513E-16, 0.000000000000000000, 1.000000000000000000 ) ) ;
#251 = VECTOR ( 'NONE', #2153, 1000.000000000000000 ) ;
#252 = CARTESIAN_POINT ( 'NONE',  ( -33.89999999999999858, 1.000000000000000000, 4.340009286761162956E-15 ) ) ;
#253 = ORIENTED_EDGE ( 'NONE', *, *, #1425, .F. ) ;
#254 = DIRECTION ( 'NONE',  ( -4.000081999695413353E-16, 0.000000000000000000, -1.000000000000000000 ) ) ;
#255 = VECTOR ( 'NONE', #2209, 1000.000000000000227 ) ;
#256 = ORIENTED_EDGE ( 'NONE', *, *, #1624, .F. ) ;
#257 = CARTESIAN_POINT ( 'NONE',  ( -7.799999999999996270, 1.000000000000000000, 6.800000000000006040 ) ) ;
#258 = VECTOR ( 'NONE', #496, 1000.000000000000000 ) ;
#259 = CARTESIAN_POINT ( 'NONE',  ( -33.39999999999999147, -4.000000000000000000, 7.300000000000014033 ) ) ;
#260 = DIRECTION ( 'NONE',  ( -1.000000000000000000, 0.000000000000000000, 2.560477455316320513E-16 ) ) ;
#261 = ORIENTED_EDGE ( 'NONE', *, *, #327, .T. ) ;
#262 = CARTESIAN_POINT ( 'NONE',  ( -15.74999999999999645, 0.5000000000000004441, -12.34999999999999787 ) ) ;
#263 = CARTESIAN_POINT ( 'NONE',  ( -9.466666666666673891, -2.333333333333325488, -20.96666666666665435 ) ) ;
#264 = EDGE_LOOP ( 'NONE', ( #2074, #1360, #1277 ) ) ;
#265 = EDGE_CURVE ( 'NONE', #489, #1522, #1937, .T. ) ;
#266 = EDGE_LOOP ( 'NONE', ( #1480, #1340, #74, #626 ) ) ;
#267 = DIRECTION ( 'NONE',  ( 3.307283379783587996E-17, 0.000000000000000000, -1.000000000000000000 ) ) ;
#268 = DIRECTION ( 'NONE',  ( 0.000000000000000000, -1.000000000000000000, -0.000000000000000000 ) ) ;
#269 = FACE_OUTER_BOUND ( 'NONE', #1516, .T. ) ;
#270 = VERTEX_POINT ( 'NONE', #2275 ) ;
#271 = DIRECTION ( 'NONE',  ( 2.017683769156827345E-16, 0.6156614753256622885, 0.7880107536067187946 ) ) ;
#272 = DIRECTION ( 'NONE',  ( 1.280238727658160256E-16, 0.000000000000000000, 1.000000000000000000 ) ) ;
#273 = ORIENTED_EDGE ( 'NONE', *, *, #524, .T. ) ;
#274 = ORIENTED_EDGE ( 'NONE', *, *, #990, .T. ) ;
#275 = ORIENTED_EDGE ( 'NONE', *, *, #540, .F. ) ;
#276 = CARTESIAN_POINT ( 'NONE',  ( -27.35000000000000142, -2.700000000000000178, -24.79999999999998295 ) ) ;
#277 = FACE_OUTER_BOUND ( 'NONE', #1673, .T. ) ;
#278 = CARTESIAN_POINT ( 'NONE',  ( -15.74999999999999645, 0.5000000000000004441, -12.34999999999999787 ) ) ;
#279 = CARTESIAN_POINT ( 'NONE',  ( -8.924264068711927678, -3.438475071455320720, -15.49999999999999822 ) ) ;
#280 = FACE_OUTER_BOUND ( 'NONE', #233, .T. ) ;
#281 = FACE_OUTER_BOUND ( 'NONE', #1962, .T. ) ;
#282 = VERTEX_POINT ( 'NONE', #409 ) ;
#283 = EDGE_CURVE ( 'NONE', #136, #706, #207, .T. ) ;
#284 = AXIS2_PLACEMENT_3D ( 'NONE', #129, #2384, #2334 ) ;
#285 = DIRECTION ( 'NONE',  ( -2.523972937158216284E-16, 0.6156614753256622885, -0.7880107536067187946 ) ) ;
#286 = ORIENTED_EDGE ( 'NONE', *, *, #2315, .F. ) ;
#287 = ADVANCED_FACE ( 'NONE', ( #234 ), #1484, .F. ) ;
#288 = AXIS2_PLACEMENT_3D ( 'NONE', #142, #1837, #1634 ) ;
#289 = ORIENTED_EDGE ( 'NONE', *, *, #670, .T. ) ;
#290 = CARTESIAN_POINT ( 'NONE',  ( -20.45000000000000284, -4.000000000000000000, 1.280985533582625953E-15 ) ) ;
#291 = AXIS2_PLACEMENT_3D ( 'NONE', #2114, #1174, #1926 ) ;
#292 = DIRECTION ( 'NONE',  ( 0.7071067811865444641, 0.7071067811865505703, -1.810530971729437542E-16 ) ) ;
#293 = LINE ( 'NONE', #2383, #753 ) ;
#294 = LINE ( 'NONE', #1067, #523 ) ;
#295 = ADVANCED_FACE ( 'NONE', ( #2318 ), #1720, .F. ) ;
#296 = MANIFOLD_SOLID_BREP ( 'Mirror4', #80 ) ;
#297 = CARTESIAN_POINT ( 'NONE',  ( -28.89999999999998792, -3.400000000000000355, 6.300000000000013145 ) ) ;
#298 = LINE ( 'NONE', #1980, #258 ) ;
#299 = ORIENTED_EDGE ( 'NONE', *, *, #265, .F. ) ;
#300 = CARTESIAN_POINT ( 'NONE',  ( -9.099999999999997868, -3.765614312047982359, -15.50000000000000000 ) ) ;
#301 = ORIENTED_EDGE ( 'NONE', *, *, #1030, .T. ) ;
#302 = ORIENTED_EDGE ( 'NONE', *, *, #1159, .F. ) ;
#303 = DIRECTION ( 'NONE',  ( 0.5773502691896275074, -0.5773502691896224004, 0.5773502691896272854 ) ) ;
#304 = VECTOR ( 'NONE', #31, 1000.000000000000114 ) ;
#305 = LINE ( 'NONE', #705, #1939 ) ;
#306 = CARTESIAN_POINT ( 'NONE',  ( -33.89999999999999147, -4.000000000000000000, 6.800000000000012257 ) ) ;
#307 = LINE ( 'NONE', #1211, #657 ) ;
#308 = CARTESIAN_POINT ( 'NONE',  ( -28.59999999999999076, -4.000000000000000000, 6.300000000000012257 ) ) ;
#309 = LINE ( 'NONE', #335, #1710 ) ;
#310 = ORIENTED_EDGE ( 'NONE', *, *, #2389, .F. ) ;
#311 = DIRECTION ( 'NONE',  ( -1.000000000000000000, 0.000000000000000000, 3.225122465269120474E-16 ) ) ;
#312 = ORIENTED_EDGE ( 'NONE', *, *, #1336, .T. ) ;
#313 = EDGE_CURVE ( 'NONE', #2261, #164, #1924, .T. ) ;
#314 = EDGE_LOOP ( 'NONE', ( #1626, #1839, #1465, #1747 ) ) ;
#315 = LINE ( 'NONE', #503, #1251 ) ;
#316 = AXIS2_PLACEMENT_3D ( 'NONE', #609, #48, #201 ) ;
#317 = DIRECTION ( 'NONE',  ( -0.5773502691896189587, -0.5773502691896311712, 0.5773502691896271743 ) ) ;
#318 = DIRECTION ( 'NONE',  ( 0.000000000000000000, -1.000000000000000000, 0.000000000000000000 ) ) ;
#319 = CARTESIAN_POINT ( 'NONE',  ( -33.89999999999999858, -4.000000000000000000, -19.29999999999998295 ) ) ;
#320 = VECTOR ( 'NONE', #571, 1000.000000000000000 ) ;
#321 = ADVANCED_FACE ( 'NONE', ( #1163 ), #1914, .F. ) ;
#322 = DIRECTION ( 'NONE',  ( 1.559027750168072626E-33, -1.000000000000000000, -4.713922489067411333E-17 ) ) ;
#323 = FACE_OUTER_BOUND ( 'NONE', #1176, .T. ) ;
#324 = ORIENTED_EDGE ( 'NONE', *, *, #1289, .T. ) ;
#325 = VECTOR ( 'NONE', #318, 1000.000000000000000 ) ;
#326 = VERTEX_POINT ( 'NONE', #623 ) ;
#327 = EDGE_CURVE ( 'NONE', #2279, #934, #1742, .T. ) ;
#328 = ORIENTED_EDGE ( 'NONE', *, *, #1618, .F. ) ;
#329 = PLANE ( 'NONE',  #1419 ) ;
#330 = CARTESIAN_POINT ( 'NONE',  ( -15.74999999999999645, 0.5000000000000004441, -12.34999999999999787 ) ) ;
#331 = CARTESIAN_POINT ( 'NONE',  ( -28.44999999999999218, 0.5000000000000004441, -0.1499999999999946931 ) ) ;
#332 = VECTOR ( 'NONE', #1322, 1000.000000000000000 ) ;
#333 = PLANE ( 'NONE',  #85 ) ;
#334 = EDGE_CURVE ( 'NONE', #1311, #2388, #2157, .T. ) ;
#335 = CARTESIAN_POINT ( 'NONE',  ( -8.049999999999998934, 0.4999999999999961142, 7.050000000000006040 ) ) ;
#336 = ORIENTED_EDGE ( 'NONE', *, *, #589, .F. ) ;
#337 = VECTOR ( 'NONE', #602, 1000.000000000000000 ) ;
#338 = EDGE_LOOP ( 'NONE', ( #656, #1741, #1346, #1462, #256 ) ) ;
#339 = EDGE_CURVE ( 'NONE', #72, #2217, #1433, .T. ) ;
#340 = CARTESIAN_POINT ( 'NONE',  ( -27.34999999999999787, 0.000000000000000000, -20.29999999999998650 ) ) ;
#341 = DIRECTION ( 'NONE',  ( 1.000000000000000000, 0.000000000000000000, -2.891205793294679312E-16 ) ) ;
#342 = EDGE_CURVE ( 'NONE', #1881, #364, #1207, .T. ) ;
#343 = ORIENTED_EDGE ( 'NONE', *, *, #1157, .T. ) ;
#344 = CARTESIAN_POINT ( 'NONE',  ( -27.34999999999999787, -2.199999999999998845, 1.381666729546615628E-15 ) ) ;
#345 = FACE_OUTER_BOUND ( 'NONE', #2103, .T. ) ;
#346 = VECTOR ( 'NONE', #195, 1000.000000000000000 ) ;
#347 = DIRECTION ( 'NONE',  ( 0.000000000000000000, 1.000000000000000000, 0.000000000000000000 ) ) ;
#348 = LINE ( 'NONE', #1096, #44 ) ;
#349 = ORIENTED_EDGE ( 'NONE', *, *, #1347, .F. ) ;
#350 = ORIENTED_EDGE ( 'NONE', *, *, #239, .F. ) ;
#351 = CARTESIAN_POINT ( 'NONE',  ( -9.349999999999997868, -3.570292905421299956, -9.500000000000000000 ) ) ;
#352 = CARTESIAN_POINT ( 'NONE',  ( -22.30000000000000071, -4.000000000000000000, -18.79999999999999005 ) ) ;
#353 = ORIENTED_EDGE ( 'NONE', *, *, #2219, .F. ) ;
#354 = LINE ( 'NONE', #902, #952 ) ;
#355 = DIRECTION ( 'NONE',  ( -1.000000000000000000, 0.000000000000000000, 3.202967631604026862E-16 ) ) ;
#356 = CARTESIAN_POINT ( 'NONE',  ( -22.59999999999999076, -4.000000000000000000, 6.300000000000010481 ) ) ;
#357 = CARTESIAN_POINT ( 'NONE',  ( -26.95000000000000284, 0.000000000000000000, -24.79999999999998295 ) ) ;
#358 = DIRECTION ( 'NONE',  ( -1.000000000000000000, 0.000000000000000000, 2.560477455316320513E-16 ) ) ;
#359 = VERTEX_POINT ( 'NONE', #1572 ) ;
#360 = EDGE_CURVE ( 'NONE', #1101, #1650, #2145, .T. ) ;
#361 = VERTEX_POINT ( 'NONE', #646 ) ;
#362 = AXIS2_PLACEMENT_3D ( 'NONE', #1126, #2393, #1314 ) ;
#363 = CIRCLE ( 'NONE', #1894, 1.349999999999996980 ) ;
#364 = VERTEX_POINT ( 'NONE', #684 ) ;
#365 = DIRECTION ( 'NONE',  ( 1.000000000000000000, 0.000000000000000000, -2.891205793294679312E-16 ) ) ;
#366 = AXIS2_PLACEMENT_3D ( 'NONE', #867, #1633, #1254 ) ;
#367 = VECTOR ( 'NONE', #966, 1000.000000000000000 ) ;
#368 = FACE_OUTER_BOUND ( 'NONE', #266, .T. ) ;
#369 = LINE ( 'NONE', #1862, #946 ) ;
#370 = ORIENTED_EDGE ( 'NONE', *, *, #2340, .T. ) ;
#371 = CARTESIAN_POINT ( 'NONE',  ( -32.89999999999999858, -4.000000000000000000, -18.29999999999998650 ) ) ;
#372 = CARTESIAN_POINT ( 'NONE',  ( -8.799999999999998934, -4.000000000000000000, -9.199999999999999289 ) ) ;
#373 = DIRECTION ( 'NONE',  ( 1.000000000000000000, 0.000000000000000000, -2.891205793294679312E-16 ) ) ;
#374 = LINE ( 'NONE', #422, #1118 ) ;
#375 = LINE ( 'NONE', #1122, #788 ) ;
#376 = VERTEX_POINT ( 'NONE', #1049 ) ;
#377 = EDGE_CURVE ( 'NONE', #965, #282, #824, .T. ) ;
#378 = AXIS2_PLACEMENT_3D ( 'NONE', #1891, #945, #210 ) ;
#379 = ORIENTED_EDGE ( 'NONE', *, *, #2415, .F. ) ;
#380 = TOROIDAL_SURFACE ( 'NONE', #2065, 1.049999999999998712, 0.2999999999999999889 ) ;
#381 = EDGE_CURVE ( 'NONE', #359, #2097, #1245, .T. ) ;
#382 = DIRECTION ( 'NONE',  ( 0.9552589973797344092, 0.2957706001702409271, -2.445919126778881808E-16 ) ) ;
#383 = CARTESIAN_POINT ( 'NONE',  ( -20.85000000000000497, 0.000000000000000000, -25.79999999999998650 ) ) ;
#384 = ORIENTED_EDGE ( 'NONE', *, *, #752, .F. ) ;
#385 = CARTESIAN_POINT ( 'NONE',  ( -33.89999999999999858, 0.4999999999999961142, -19.29999999999998295 ) ) ;
#386 = DIRECTION ( 'NONE',  ( 2.891205793294679312E-16, 0.000000000000000000, 1.000000000000000000 ) ) ;
#387 = CARTESIAN_POINT ( 'NONE',  ( -28.59999999999999076, -3.570292905421302176, 5.750000000000014211 ) ) ;
#388 = DIRECTION ( 'NONE',  ( 1.000000000000000000, 0.000000000000000000, -2.560477455316320513E-16 ) ) ;
#389 = VERTEX_POINT ( 'NONE', #126 ) ;
#390 = DIRECTION ( 'NONE',  ( -1.000000000000000000, 0.000000000000000000, -3.307283379783587996E-17 ) ) ;
#391 = EDGE_CURVE ( 'NONE', #1525, #364, #1958, .T. ) ;
#392 = VERTEX_POINT ( 'NONE', #276 ) ;
#393 = CARTESIAN_POINT ( 'NONE',  ( -27.34999999999999787, 0.000000000000000000, -25.79999999999998295 ) ) ;
#394 = EDGE_CURVE ( 'NONE', #186, #969, #315, .T. ) ;
#395 = VERTEX_POINT ( 'NONE', #695 ) ;
#396 = DIRECTION ( 'NONE',  ( 1.810530971729439267E-16, -0.7071067811865500152, 0.7071067811865451302 ) ) ;
#397 = CARTESIAN_POINT ( 'NONE',  ( -20.85000000000000142, 0.000000000000000000, -24.79999999999998650 ) ) ;
#398 = CARTESIAN_POINT ( 'NONE',  ( -15.74999999999999289, -18.03468879687142845, -0.1499999999999979405 ) ) ;
#399 = ORIENTED_EDGE ( 'NONE', *, *, #1405, .F. ) ;
#400 = EDGE_CURVE ( 'NONE', #860, #780, #1249, .T. ) ;
#401 = VECTOR ( 'NONE', #1769, 1000.000000000000000 ) ;
#402 = DIRECTION ( 'NONE',  ( 1.000000000000000000, -0.000000000000000000, -2.891205793294679312E-16 ) ) ;
#403 = VERTEX_POINT ( 'NONE', #1394 ) ;
#404 = EDGE_CURVE ( 'NONE', #2350, #1352, #1811, .T. ) ;
#405 = PRODUCT ( 'camera_mount', 'camera_mount', '', ( #916 ) ) ;
#406 = AXIS2_PLACEMENT_3D ( 'NONE', #850, #1610, #1599 ) ;
#407 = CARTESIAN_POINT ( 'NONE',  ( -28.72426406871192839, -3.999999999999999112, -18.79999999999998650 ) ) ;
#408 = EDGE_LOOP ( 'NONE', ( #901, #638, #240, #212 ) ) ;
#409 = CARTESIAN_POINT ( 'NONE',  ( -20.45000000000000284, -4.000000000000000000, -19.79999999999999005 ) ) ;
#410 = EDGE_LOOP ( 'NONE', ( #668, #1970, #797, #459, #779 ) ) ;
#411 = CARTESIAN_POINT ( 'NONE',  ( -8.799999999999997158, -4.000000000000000000, 1.195977597056913592E-15 ) ) ;
#412 = CARTESIAN_POINT ( 'NONE',  ( -8.799999999999997158, -4.000000000000001776, -15.62426406871193052 ) ) ;
#413 = ORIENTED_EDGE ( 'NONE', *, *, #146, .T. ) ;
#414 = VECTOR ( 'NONE', #884, 1000.000000000000000 ) ;
#415 = EDGE_CURVE ( 'NONE', #1650, #1474, #1404, .T. ) ;
#416 = CARTESIAN_POINT ( 'NONE',  ( -21.15000000000000213, -0.8500000000000000888, -23.49999999999998579 ) ) ;
#417 = ORIENTED_EDGE ( 'NONE', *, *, #2033, .F. ) ;
#418 = LINE ( 'NONE', #1492, #337 ) ;
#419 = ORIENTED_EDGE ( 'NONE', *, *, #821, .F. ) ;
#420 = CARTESIAN_POINT ( 'NONE',  ( -15.74999999999999289, 0.5000000000000004441, -0.1499999999999979405 ) ) ;
#421 = EDGE_CURVE ( 'NONE', #1062, #1037, #1797, .T. ) ;
#422 = CARTESIAN_POINT ( 'NONE',  ( -33.39999999999999147, 0.4999999999999962252, 7.300000000000014033 ) ) ;
#423 = DIRECTION ( 'NONE',  ( 1.000000000000000000, -0.000000000000000000, 3.307283379783587996E-17 ) ) ;
#424 = EDGE_LOOP ( 'NONE', ( #1357, #805, #1024, #662, #1776, #882, #1945, #1903 ) ) ;
#425 = LINE ( 'NONE', #238, #519 ) ;
#426 = VECTOR ( 'NONE', #42, 1000.000000000000000 ) ;
#427 = EDGE_CURVE ( 'NONE', #1116, #1780, #87, .T. ) ;
#428 = ORIENTED_EDGE ( 'NONE', *, *, #681, .F. ) ;
#429 = CARTESIAN_POINT ( 'NONE',  ( -33.89999999999999147, 1.000000000000000000, 6.800000000000013145 ) ) ;
#430 = VERTEX_POINT ( 'NONE', #1586 ) ;
#431 = CARTESIAN_POINT ( 'NONE',  ( -8.799999999999998934, -4.000000000000000000, -18.79999999999999361 ) ) ;
#432 = DIRECTION ( 'NONE',  ( -0.7880107536067187946, 0.6156614753256623995, 2.017683769156827099E-16 ) ) ;
#433 = LINE ( 'NONE', #2300, #825 ) ;
#434 = ORIENTED_EDGE ( 'NONE', *, *, #1327, .T. ) ;
#435 = FACE_BOUND ( 'NONE', #1820, .T. ) ;
#436 = ADVANCED_FACE ( 'NONE', ( #1015 ), #2172, .F. ) ;
#437 = LINE ( 'NONE', #107, #251 ) ;
#438 = VECTOR ( 'NONE', #1725, 1000.000000000000000 ) ;
#439 = ORIENTED_EDGE ( 'NONE', *, *, #283, .F. ) ;
#440 = DIRECTION ( 'NONE',  ( -0.7071067811865449082, 0.000000000000000000, 0.7071067811865502373 ) ) ;
#441 = VERTEX_POINT ( 'NONE', #75 ) ;
#442 = DIRECTION ( 'NONE',  ( 0.7071067811865449082, 0.000000000000000000, -0.7071067811865502373 ) ) ;
#443 = VECTOR ( 'NONE', #1028, 1000.000000000000000 ) ;
#444 = FACE_OUTER_BOUND ( 'NONE', #590, .T. ) ;
#445 = CARTESIAN_POINT ( 'NONE',  ( -15.59999999999999254, 0.000000000000000000, 6.300000000000008704 ) ) ;
#446 = ORIENTED_EDGE ( 'NONE', *, *, #95, .F. ) ;
#447 = DIRECTION ( 'NONE',  ( 0.000000000000000000, 1.000000000000000000, 0.000000000000000000 ) ) ;
#448 = AXIS2_PLACEMENT_3D ( 'NONE', #83, #654, #285 ) ;
#449 = ADVANCED_FACE ( 'NONE', ( #863 ), #1218, .F. ) ;
#450 = DIRECTION ( 'NONE',  ( -1.280238727658160256E-16, 0.000000000000000000, -1.000000000000000000 ) ) ;
#451 = ORIENTED_EDGE ( 'NONE', *, *, #174, .F. ) ;
#452 = EDGE_CURVE ( 'NONE', #1941, #1698, #1349, .T. ) ;
#453 = AXIS2_PLACEMENT_3D ( 'NONE', #2197, #341, #1640 ) ;
#454 = ORIENTED_EDGE ( 'NONE', *, *, #852, .F. ) ;
#455 = CARTESIAN_POINT ( 'NONE',  ( -27.35000000000000142, -2.700000000000000178, -22.27184141886164426 ) ) ;
#456 = AXIS2_PLACEMENT_3D ( 'NONE', #1529, #2102, #1137 ) ;
#457 = CARTESIAN_POINT ( 'NONE',  ( -22.59999999999999787, 0.000000000000000000, -18.49999999999998579 ) ) ;
#458 = CARTESIAN_POINT ( 'NONE',  ( -27.34999999999999787, -4.000000000000000000, -19.29999999999998650 ) ) ;
#459 = ORIENTED_EDGE ( 'NONE', *, *, #1045, .T. ) ;
#460 = CARTESIAN_POINT ( 'NONE',  ( -15.59999999999999432, 0.000000000000000000, 1.997172415146728945E-15 ) ) ;
#461 = LINE ( 'NONE', #263, #1739 ) ;
#462 = ORIENTED_EDGE ( 'NONE', *, *, #1752, .T. ) ;
#463 = EDGE_CURVE ( 'NONE', #948, #2289, #939, .T. ) ;
#464 = VERTEX_POINT ( 'NONE', #1651 ) ;
#465 = CARTESIAN_POINT ( 'NONE',  ( -24.38333333333330444, -3.566666666666654439, -8.283333333333308346 ) ) ;
#466 = EDGE_CURVE ( 'NONE', #969, #965, #2206, .T. ) ;
#467 = CARTESIAN_POINT ( 'NONE',  ( -28.14999999999993108, -4.000000000000000000, 12.55000000000003268 ) ) ;
#468 = CARTESIAN_POINT ( 'NONE',  ( -15.59999999999999964, -3.499999999999996003, -19.79999999999999005 ) ) ;
#469 = CARTESIAN_POINT ( 'NONE',  ( -8.799999999999998934, 7.150000000000026112, -11.14999999999987068 ) ) ;
#470 = EDGE_CURVE ( 'NONE', #392, #1023, #601, .T. ) ;
#471 = CARTESIAN_POINT ( 'NONE',  ( -32.89999999999999858, -3.000000000000000000, 5.800000000000014033 ) ) ;
#472 = DIRECTION ( 'NONE',  ( -0.7071067811865497932, -1.922962686383577128E-16, 0.7071067811865453523 ) ) ;
#473 = ADVANCED_FACE ( 'NONE', ( #2023 ), #1859, .T. ) ;
#474 = ORIENTED_EDGE ( 'NONE', *, *, #576, .T. ) ;
#475 = PLANE ( 'NONE',  #448 ) ;
#476 = ORIENTED_EDGE ( 'NONE', *, *, #59, .T. ) ;
#477 = ORIENTED_EDGE ( 'NONE', *, *, #817, .F. ) ;
#478 = CARTESIAN_POINT ( 'NONE',  ( -33.89999999999999858, 0.4999999999999961142, 4.340009286761162956E-15 ) ) ;
#479 = FACE_OUTER_BOUND ( 'NONE', #1551, .T. ) ;
#480 = DIRECTION ( 'NONE',  ( -1.000000000000000000, 0.000000000000000000, 2.560477455316320513E-16 ) ) ;
#481 = CYLINDRICAL_SURFACE ( 'NONE', #2344, 1.000000000000000888 ) ;
#482 = VECTOR ( 'NONE', #527, 1000.000000000000000 ) ;
#483 = LINE ( 'NONE', #262, #819 ) ;
#484 = DIRECTION ( 'NONE',  ( 0.000000000000000000, -1.000000000000000000, 0.000000000000000000 ) ) ;
#485 = VERTEX_POINT ( 'NONE', #147 ) ;
#486 = CARTESIAN_POINT ( 'NONE',  ( -22.29999999999999716, 0.000000000000000000, -18.49999999999998934 ) ) ;
#487 = TOROIDAL_SURFACE ( 'NONE', #1854, 1.049999999999998712, 0.2999999999999999889 ) ;
#488 = VERTEX_POINT ( 'NONE', #1832 ) ;
#489 = VERTEX_POINT ( 'NONE', #727 ) ;
#490 = VECTOR ( 'NONE', #1600, 1000.000000000000000 ) ;
#491 = DIRECTION ( 'NONE',  ( 1.000000000000000000, 0.000000000000000000, -1.280238727658160010E-16 ) ) ;
#492 = PLANE ( 'NONE',  #2052 ) ;
#493 = VECTOR ( 'NONE', #735, 1000.000000000000000 ) ;
#494 = FACE_OUTER_BOUND ( 'NONE', #1190, .T. ) ;
#495 = LINE ( 'NONE', #308, #1035 ) ;
#496 = DIRECTION ( 'NONE',  ( 5.238346260426492220E-17, 4.713922489067410717E-17, -1.000000000000000000 ) ) ;
#497 = ORIENTED_EDGE ( 'NONE', *, *, #1412, .F. ) ;
#498 = DIRECTION ( 'NONE',  ( -2.523972937158216284E-16, 0.6156614753256622885, -0.7880107536067187946 ) ) ;
#499 = ORIENTED_EDGE ( 'NONE', *, *, #1613, .T. ) ;
#500 = ADVANCED_FACE ( 'NONE', ( #899 ), #138, .F. ) ;
#501 = EDGE_LOOP ( 'NONE', ( #1313, #1200, #783, #683 ) ) ;
#502 = EDGE_CURVE ( 'NONE', #1167, #1831, #714, .T. ) ;
#503 = CARTESIAN_POINT ( 'NONE',  ( -7.799999999999999822, -4.000000000000000000, -19.29999999999999361 ) ) ;
#504 = DIRECTION ( 'NONE',  ( -1.000000000000000000, 0.000000000000000000, 3.202967631604026862E-16 ) ) ;
#505 = LINE ( 'NONE', #2003, #325 ) ;
#506 = DIRECTION ( 'NONE',  ( -3.225122465269120474E-16, 0.000000000000000000, -1.000000000000000000 ) ) ;
#507 = VECTOR ( 'NONE', #2306, 1000.000000000000000 ) ;
#508 = CARTESIAN_POINT ( 'NONE',  ( -15.74999999999999289, 1.000000000000000000, 0.3500000000000060285 ) ) ;
#509 = CARTESIAN_POINT ( 'NONE',  ( -15.59999999999999964, -4.000000000000000000, -19.79999999999999005 ) ) ;
#510 = ORIENTED_EDGE ( 'NONE', *, *, #1587, .T. ) ;
#511 = ORIENTED_EDGE ( 'NONE', *, *, #2089, .T. ) ;
#512 = ORIENTED_EDGE ( 'NONE', *, *, #678, .F. ) ;
#513 = CARTESIAN_POINT ( 'NONE',  ( -26.95000000000000284, -2.199999999999998845, -23.49999999999998224 ) ) ;
#514 = AXIS2_PLACEMENT_3D ( 'NONE', #1502, #598, #2118 ) ;
#515 = EDGE_CURVE ( 'NONE', #2281, #1913, #888, .T. ) ;
#516 = CARTESIAN_POINT ( 'NONE',  ( -28.59999999999999787, 0.000000000000000000, -12.49999999999998224 ) ) ;
#517 = APPLICATION_PROTOCOL_DEFINITION ( 'draft international standard', 'automotive_design', 1998, #2302 ) ;
#518 = DIRECTION ( 'NONE',  ( -1.000000000000000000, 0.000000000000000000, 2.560477455316320513E-16 ) ) ;
#519 = VECTOR ( 'NONE', #2109, 1000.000000000000000 ) ;
#520 = DIRECTION ( 'NONE',  ( 0.7071067811865502373, 0.000000000000000000, 0.7071067811865449082 ) ) ;
#521 = CARTESIAN_POINT ( 'NONE',  ( -15.24999999999999289, 1.000000000000000000, -12.85000000000000142 ) ) ;
#522 = ORIENTED_EDGE ( 'NONE', *, *, #595, .F. ) ;
#523 = VECTOR ( 'NONE', #79, 1000.000000000000000 ) ;
#524 = EDGE_CURVE ( 'NONE', #1698, #97, #176, .T. ) ;
#525 = EDGE_LOOP ( 'NONE', ( #2164, #537, #109, #667 ) ) ;
#526 = VERTEX_POINT ( 'NONE', #1263 ) ;
#527 = DIRECTION ( 'NONE',  ( -1.000000000000000000, 0.000000000000000000, 2.560477455316320513E-16 ) ) ;
#528 = AXIS2_PLACEMENT_3D ( 'NONE', #2227, #722, #2214 ) ;
#529 = DIRECTION ( 'NONE',  ( -2.560477455316320513E-16, 0.000000000000000000, -1.000000000000000000 ) ) ;
#530 = ORIENTED_EDGE ( 'NONE', *, *, #1085, .F. ) ;
#531 = LINE ( 'NONE', #2028, #99 ) ;
#532 = VECTOR ( 'NONE', #649, 1000.000000000000000 ) ;
#533 = FACE_OUTER_BOUND ( 'NONE', #2112, .T. ) ;
#534 = PLANE ( 'NONE',  #1549 ) ;
#535 = ORIENTED_EDGE ( 'NONE', *, *, #1011, .F. ) ;
#536 = AXIS2_PLACEMENT_3D ( 'NONE', #1477, #552, #926 ) ;
#537 = ORIENTED_EDGE ( 'NONE', *, *, #2381, .T. ) ;
#538 = CARTESIAN_POINT ( 'NONE',  ( -20.44999999999999929, 1.000000000000000000, -24.79999999999998650 ) ) ;
#539 = CARTESIAN_POINT ( 'NONE',  ( -15.74999999999999289, 0.000000000000000000, -0.1499999999999979405 ) ) ;
#540 = EDGE_CURVE ( 'NONE', #2434, #694, #189, .T. ) ;
#541 = ORIENTED_EDGE ( 'NONE', *, *, #1755, .T. ) ;
#542 = CARTESIAN_POINT ( 'NONE',  ( -8.924264068711927678, -3.902914269224123878, -9.500000000000000000 ) ) ;
#543 = CARTESIAN_POINT ( 'NONE',  ( -33.89999999999999147, 1.000000000000000000, 6.800000000000013145 ) ) ;
#544 = AXIS2_PLACEMENT_3D ( 'NONE', #1680, #1317, #1656 ) ;
#545 = CARTESIAN_POINT ( 'NONE',  ( -8.300000000000000711, 0.4999999999999961142, 7.300000000000006040 ) ) ;
#546 = FACE_OUTER_BOUND ( 'NONE', #1138, .T. ) ;
#547 = ORIENTED_EDGE ( 'NONE', *, *, #1904, .T. ) ;
#548 = EDGE_CURVE ( 'NONE', #1525, #633, #2416, .T. ) ;
#549 = ORIENTED_EDGE ( 'NONE', *, *, #778, .F. ) ;
#550 = CARTESIAN_POINT ( 'NONE',  ( -26.95000000000000284, -0.8500000000000001998, -22.14999999999998082 ) ) ;
#551 = EDGE_CURVE ( 'NONE', #1842, #2180, #2013, .T. ) ;
#552 = DIRECTION ( 'NONE',  ( 2.560477455316320513E-16, 0.000000000000000000, 1.000000000000000000 ) ) ;
#553 = PLANE ( 'NONE',  #1177 ) ;
#554 = ORIENTED_EDGE ( 'NONE', *, *, #2433, .F. ) ;
#555 = DIRECTION ( 'NONE',  ( -2.338602505150531431E-17, -0.7071067811865500152, 0.7071067811865451302 ) ) ;
#556 = CARTESIAN_POINT ( 'NONE',  ( -15.74999999999999289, 0.000000000000000000, -0.1499999999999979405 ) ) ;
#557 = DIRECTION ( 'NONE',  ( 0.000000000000000000, 0.000000000000000000, 1.000000000000000000 ) ) ;
#558 = FACE_OUTER_BOUND ( 'NONE', #2327, .T. ) ;
#559 = CIRCLE ( 'NONE', #1261, 1.049999999999998934 ) ;
#560 = CARTESIAN_POINT ( 'NONE',  ( -8.300000000000000711, 1.000000000000000000, 7.300000000000006040 ) ) ;
#561 = ORIENTED_EDGE ( 'NONE', *, *, #245, .T. ) ;
#562 = EDGE_CURVE ( 'NONE', #689, #1522, #2431, .T. ) ;
#563 = ORIENTED_EDGE ( 'NONE', *, *, #1584, .F. ) ;
#564 = VECTOR ( 'NONE', #1766, 1000.000000000000000 ) ;
#565 = CARTESIAN_POINT ( 'NONE',  ( -27.34999999999999787, -1.699999999999999734, -24.79999999999998295 ) ) ;
#566 = VECTOR ( 'NONE', #629, 1000.000000000000000 ) ;
#567 = CYLINDRICAL_SURFACE ( 'NONE', #765, 0.2999999999999999334 ) ;
#568 = DIRECTION ( 'NONE',  ( 1.000000000000000000, -0.000000000000000000, -3.225122465269120474E-16 ) ) ;
#569 = EDGE_LOOP ( 'NONE', ( #938, #984, #1719, #1359 ) ) ;
#570 = LINE ( 'NONE', #1642, #1286 ) ;
#571 = DIRECTION ( 'NONE',  ( 5.238346260426492220E-17, 4.713922489067410717E-17, -1.000000000000000000 ) ) ;
#572 = DIRECTION ( 'NONE',  ( -1.000000000000000000, 0.000000000000000000, 2.560477455316320513E-16 ) ) ;
#573 = LINE ( 'NONE', #1512, #1848 ) ;
#574 = ORIENTED_EDGE ( 'NONE', *, *, #2119, .F. ) ;
#575 = VECTOR ( 'NONE', #2186, 1000.000000000000000 ) ;
#576 = EDGE_CURVE ( 'NONE', #1116, #1918, #43, .T. ) ;
#577 = PLANE ( 'NONE',  #1884 ) ;
#578 = VECTOR ( 'NONE', #2015, 1000.000000000000000 ) ;
#579 = ORIENTED_EDGE ( 'NONE', *, *, #759, .F. ) ;
#580 = ADVANCED_FACE ( 'NONE', ( #1872 ), #329, .T. ) ;
#581 = CARTESIAN_POINT ( 'NONE',  ( -27.34999999999999787, 0.4999999999999978351, -19.79999999999998650 ) ) ;
#582 = ORIENTED_EDGE ( 'NONE', *, *, #624, .T. ) ;
#583 = LINE ( 'NONE', #556, #1475 ) ;
#584 = DIRECTION ( 'NONE',  ( 2.560477455316320513E-16, 0.000000000000000000, 1.000000000000000000 ) ) ;
#585 = DIRECTION ( 'NONE',  ( -1.280238727658160256E-16, 0.000000000000000000, -1.000000000000000000 ) ) ;
#586 = FACE_OUTER_BOUND ( 'NONE', #1794, .T. ) ;
#587 = EDGE_LOOP ( 'NONE', ( #1659, #499, #2101, #875, #474, #887, #956, #324 ) ) ;
#588 = DIRECTION ( 'NONE',  ( 0.000000000000000000, 0.000000000000000000, -1.000000000000000000 ) ) ;
#589 = EDGE_CURVE ( 'NONE', #706, #186, #1074, .T. ) ;
#590 = EDGE_LOOP ( 'NONE', ( #206, #1751, #1721, #1506 ) ) ;
#591 = CARTESIAN_POINT ( 'NONE',  ( -8.299999999999997158, 1.000000000000000000, 6.800000000000006040 ) ) ;
#592 = VERTEX_POINT ( 'NONE', #1664 ) ;
#593 = SURFACE_SIDE_STYLE ('',( #1561 ) ) ;
#594 = VERTEX_POINT ( 'NONE', #550 ) ;
#595 = EDGE_CURVE ( 'NONE', #23, #1868, #1300, .T. ) ;
#596 = DIRECTION ( 'NONE',  ( -1.000000000000000000, -0.000000000000000000, 3.084312081358969735E-16 ) ) ;
#597 = ORIENTED_EDGE ( 'NONE', *, *, #394, .F. ) ;
#598 = DIRECTION ( 'NONE',  ( -0.000000000000000000, 1.000000000000000000, 0.000000000000000000 ) ) ;
#599 = ORIENTED_EDGE ( 'NONE', *, *, #391, .T. ) ;
#600 = ADVANCED_FACE ( 'NONE', ( #1824 ), #1454, .T. ) ;
#601 = CIRCLE ( 'NONE', #907, 1.000000000000000888 ) ;
#602 = DIRECTION ( 'NONE',  ( -3.307283379783587996E-17, 0.000000000000000000, 1.000000000000000000 ) ) ;
#603 = ORIENTED_EDGE ( 'NONE', *, *, #2086, .T. ) ;
#604 = LINE ( 'NONE', #1354, #2062 ) ;
#605 = LINE ( 'NONE', #1546, #2325 ) ;
#606 = VERTEX_POINT ( 'NONE', #620 ) ;
#607 = ADVANCED_FACE ( 'NONE', ( #754 ), #768, .T. ) ;
#608 = VECTOR ( 'NONE', #700, 1000.000000000000000 ) ;
#609 = CARTESIAN_POINT ( 'NONE',  ( -9.099999999999997868, -4.000000000000000000, -15.79999999999999893 ) ) ;
#610 = VECTOR ( 'NONE', #205, 1000.000000000000000 ) ;
#611 = ORIENTED_EDGE ( 'NONE', *, *, #265, .T. ) ;
#612 = EDGE_LOOP ( 'NONE', ( #530, #923, #1073, #725 ) ) ;
#613 =( NAMED_UNIT ( * ) SI_UNIT ( $, .STERADIAN. ) SOLID_ANGLE_UNIT ( ) );
#614 = EDGE_CURVE ( 'NONE', #144, #149, #1922, .T. ) ;
#615 = CARTESIAN_POINT ( 'NONE',  ( -28.59999999999999076, -3.400000000000000355, 6.000000000000010658 ) ) ;
#616 = CARTESIAN_POINT ( 'NONE',  ( -15.59999999999999964, -4.000000000000000000, -18.79999999999999005 ) ) ;
#617 = ORIENTED_EDGE ( 'NONE', *, *, #2193, .F. ) ;
#618 = FACE_BOUND ( 'NONE', #941, .T. ) ;
#619 = ORIENTED_EDGE ( 'NONE', *, *, #1952, .F. ) ;
#620 = CARTESIAN_POINT ( 'NONE',  ( -33.39999999999999858, 0.4999999999999995559, -19.79999999999998650 ) ) ;
#621 = VECTOR ( 'NONE', #2133, 999.9999999999998863 ) ;
#622 = ORIENTED_EDGE ( 'NONE', *, *, #1224, .F. ) ;
#623 = CARTESIAN_POINT ( 'NONE',  ( -32.89999999999999858, -4.000000000000000000, -18.79999999999998650 ) ) ;
#624 = EDGE_CURVE ( 'NONE', #1048, #359, #1003, .T. ) ;
#625 = PLANE ( 'NONE',  #1580 ) ;
#626 = ORIENTED_EDGE ( 'NONE', *, *, #2340, .F. ) ;
#627 = CARTESIAN_POINT ( 'NONE',  ( -26.95000000000000284, -0.8500000000000000888, -24.54999999999998295 ) ) ;
#628 = ADVANCED_FACE ( 'NONE', ( #241 ), #988, .T. ) ;
#629 = DIRECTION ( 'NONE',  ( -1.000000000000000000, 0.000000000000000000, 2.560477455316320513E-16 ) ) ;
#630 = VECTOR ( 'NONE', #271, 1000.000000000000000 ) ;
#631 = CIRCLE ( 'NONE', #2244, 1.349999999999996980 ) ;
#632 = ORIENTED_EDGE ( 'NONE', *, *, #883, .T. ) ;
#633 = VERTEX_POINT ( 'NONE', #1401 ) ;
#634 = DIRECTION ( 'NONE',  ( 0.000000000000000000, -1.000000000000000000, 0.000000000000000000 ) ) ;
#635 = VECTOR ( 'NONE', #983, 1000.000000000000114 ) ;
#636 = CARTESIAN_POINT ( 'NONE',  ( -28.44999999999999218, 0.5000000000000004441, -0.1499999999999946931 ) ) ;
#637 = DIRECTION ( 'NONE',  ( 2.560477455316320513E-16, 0.000000000000000000, 1.000000000000000000 ) ) ;
#638 = ORIENTED_EDGE ( 'NONE', *, *, #2149, .T. ) ;
#639 = CARTESIAN_POINT ( 'NONE',  ( -21.15000000000000213, -0.8500000000000000888, -22.14999999999998792 ) ) ;
#640 = DIRECTION ( 'NONE',  ( -1.178227673661494138E-16, 0.000000000000000000, -1.000000000000000000 ) ) ;
#641 = VERTEX_POINT ( 'NONE', #1785 ) ;
#642 = ADVANCED_FACE ( 'NONE', ( #845 ), #1215, .T. ) ;
#643 = AXIS2_PLACEMENT_3D ( 'NONE', #1960, #1588, #1007 ) ;
#644 = EDGE_CURVE ( 'NONE', #1913, #2143, #999, .T. ) ;
#645 = VERTEX_POINT ( 'NONE', #679 ) ;
#646 = CARTESIAN_POINT ( 'NONE',  ( -15.74999999999999289, 0.000000000000000000, -0.1499999999999979405 ) ) ;
#647 = AXIS2_PLACEMENT_3D ( 'NONE', #2382, #1077, #1825 ) ;
#648 = EDGE_CURVE ( 'NONE', #1059, #489, #2339, .T. ) ;
#649 = DIRECTION ( 'NONE',  ( -0.000000000000000000, 1.000000000000000000, -0.000000000000000000 ) ) ;
#650 = CARTESIAN_POINT ( 'NONE',  ( -15.59999999999999254, -4.000000000000000000, 7.300000000000008704 ) ) ;
#651 = EDGE_LOOP ( 'NONE', ( #2144, #1098, #1946, #1337 ) ) ;
#652 = PLANE ( 'NONE',  #1688 ) ;
#653 = DIRECTION ( 'NONE',  ( 1.000000000000000000, 0.000000000000000000, -2.560477455316320513E-16 ) ) ;
#654 = DIRECTION ( 'NONE',  ( 1.971943777493677636E-16, 0.7880107536067187946, 0.6156614753256622885 ) ) ;
#655 = EDGE_CURVE ( 'NONE', #1841, #847, #2166, .T. ) ;
#656 = ORIENTED_EDGE ( 'NONE', *, *, #2424, .T. ) ;
#657 = VECTOR ( 'NONE', #518, 1000.000000000000000 ) ;
#658 = VERTEX_POINT ( 'NONE', #1012 ) ;
#659 = DIRECTION ( 'NONE',  ( 0.000000000000000000, 1.000000000000000000, 0.000000000000000000 ) ) ;
#660 = CARTESIAN_POINT ( 'NONE',  ( -8.799999999999998934, -0.4999999999999900080, -18.79999999999999361 ) ) ;
#661 = CARTESIAN_POINT ( 'NONE',  ( -28.60000000000000142, -3.400000000000000355, -18.49999999999998579 ) ) ;
#662 = ORIENTED_EDGE ( 'NONE', *, *, #1183, .T. ) ;
#663 = CARTESIAN_POINT ( 'NONE',  ( -22.59999999999999787, -4.000000000000000000, -18.79999999999998650 ) ) ;
#664 = FACE_OUTER_BOUND ( 'NONE', #1834, .T. ) ;
#665 = ORIENTED_EDGE ( 'NONE', *, *, #1840, .T. ) ;
#666 = DIRECTION ( 'NONE',  ( -2.560477455316320513E-16, -0.000000000000000000, -1.000000000000000000 ) ) ;
#667 = ORIENTED_EDGE ( 'NONE', *, *, #2219, .T. ) ;
#668 = ORIENTED_EDGE ( 'NONE', *, *, #1016, .T. ) ;
#669 = DIRECTION ( 'NONE',  ( 1.000000000000000000, 0.000000000000000000, -2.560477455316320513E-16 ) ) ;
#670 = EDGE_CURVE ( 'NONE', #969, #847, #461, .T. ) ;
#671 = LINE ( 'NONE', #1051, #964 ) ;
#672 = CARTESIAN_POINT ( 'NONE',  ( -8.799999999999998934, -4.000000000000000000, -15.80000000000000071 ) ) ;
#673 = LINE ( 'NONE', #469, #204 ) ;
#674 = VECTOR ( 'NONE', #480, 1000.000000000000000 ) ;
#675 = DIRECTION ( 'NONE',  ( 0.000000000000000000, 0.000000000000000000, -1.000000000000000000 ) ) ;
#676 = FACE_OUTER_BOUND ( 'NONE', #1262, .T. ) ;
#677 = VERTEX_POINT ( 'NONE', #300 ) ;
#678 = EDGE_CURVE ( 'NONE', #1520, #1767, #437, .T. ) ;
#679 = CARTESIAN_POINT ( 'NONE',  ( -32.89999999999999858, 0.000000000000000000, -18.29999999999999005 ) ) ;
#680 = VECTOR ( 'NONE', #272, 1000.000000000000000 ) ;
#681 = EDGE_CURVE ( 'NONE', #1868, #326, #1579, .T. ) ;
#682 = EDGE_LOOP ( 'NONE', ( #2305, #736 ) ) ;
#683 = ORIENTED_EDGE ( 'NONE', *, *, #140, .T. ) ;
#684 = CARTESIAN_POINT ( 'NONE',  ( -28.44999999999999574, 0.5000000000000004441, -12.34999999999999432 ) ) ;
#685 = AXIS2_PLACEMENT_3D ( 'NONE', #2394, #2406, #1252 ) ;
#686 = LINE ( 'NONE', #139, #578 ) ;
#687 = CARTESIAN_POINT ( 'NONE',  ( -22.59999999999999076, -3.492887039320711207, 6.000000000000008882 ) ) ;
#688 = VECTOR ( 'NONE', #1132, 1000.000000000000227 ) ;
#689 = VERTEX_POINT ( 'NONE', #1944 ) ;
#690 = CYLINDRICAL_SURFACE ( 'NONE', #528, 1.349999999999996980 ) ;
#691 = DIRECTION ( 'NONE',  ( 1.000000000000000000, 0.000000000000000000, -3.225122465269120474E-16 ) ) ;
#692 = EDGE_LOOP ( 'NONE', ( #2194, #1036, #1242, #961 ) ) ;
#693 = ORIENTED_EDGE ( 'NONE', *, *, #466, .T. ) ;
#694 = VERTEX_POINT ( 'NONE', #1760 ) ;
#695 = CARTESIAN_POINT ( 'NONE',  ( -20.45000000000000284, 1.000000000000000000, -19.29999999999999005 ) ) ;
#696 = FACE_OUTER_BOUND ( 'NONE', #1537, .T. ) ;
#697 = LINE ( 'NONE', #1632, #908 ) ;
#698 = DIRECTION ( 'NONE',  ( -1.000000000000000000, 0.000000000000000000, 2.560477455316320513E-16 ) ) ;
#699 = EDGE_CURVE ( 'NONE', #72, #694, #1595, .T. ) ;
#700 = DIRECTION ( 'NONE',  ( -1.000000000000000000, -0.000000000000000000, 1.280238727658160010E-16 ) ) ;
#701 = DIRECTION ( 'NONE',  ( 2.338602505150531431E-17, 0.7071067811865500152, -0.7071067811865451302 ) ) ;
#702 = ORIENTED_EDGE ( 'NONE', *, *, #1479, .F. ) ;
#703 = ORIENTED_EDGE ( 'NONE', *, *, #644, .F. ) ;
#704 = DIRECTION ( 'NONE',  ( -1.280238727658160256E-16, -0.000000000000000000, -1.000000000000000000 ) ) ;
#705 = CARTESIAN_POINT ( 'NONE',  ( -26.35000000000000497, -1.999999999999976241, -21.29999999999999716 ) ) ;
#706 = VERTEX_POINT ( 'NONE', #1568 ) ;
#707 = DIRECTION ( 'NONE',  ( 1.000000000000000000, 0.000000000000000000, -2.560477455316320513E-16 ) ) ;
#708 = CARTESIAN_POINT ( 'NONE',  ( -32.89999999999999858, -4.000000000000000000, -18.29999999999998650 ) ) ;
#709 = LINE ( 'NONE', #2056, #1737 ) ;
#710 = ORIENTED_EDGE ( 'NONE', *, *, #161, .T. ) ;
#711 = VECTOR ( 'NONE', #704, 1000.000000000000000 ) ;
#712 = VERTEX_POINT ( 'NONE', #2326 ) ;
#713 = ADVANCED_FACE ( 'NONE', ( #859 ), #1021, .T. ) ;
#714 = LINE ( 'NONE', #1113, #1847 ) ;
#715 = ADVANCED_FACE ( 'NONE', ( #1772 ), #475, .F. ) ;
#716 = FACE_OUTER_BOUND ( 'NONE', #750, .T. ) ;
#717 = ORIENTED_EDGE ( 'NONE', *, *, #648, .F. ) ;
#718 = CARTESIAN_POINT ( 'NONE',  ( -22.47573593128805669, -3.999999999999998224, 6.300000000000008704 ) ) ;
#719 = DIRECTION ( 'NONE',  ( 0.5773502691896230665, 0.5773502691896269523, -0.5773502691896271743 ) ) ;
#720 = PLANE ( 'NONE',  #1490 ) ;
#721 = ADVANCED_FACE ( 'NONE', ( #1228 ), #1034, .F. ) ;
#722 = DIRECTION ( 'NONE',  ( 1.000000000000000000, -0.000000000000000000, -2.891205793294679312E-16 ) ) ;
#723 = DIRECTION ( 'NONE',  ( 1.362892000953377420E-32, 1.000000000000000000, 4.713922489067411333E-17 ) ) ;
#724 = ORIENTED_EDGE ( 'NONE', *, *, #1157, .F. ) ;
#725 = ORIENTED_EDGE ( 'NONE', *, *, #935, .T. ) ;
#726 = EDGE_CURVE ( 'NONE', #1795, #1863, #1581, .T. ) ;
#727 = CARTESIAN_POINT ( 'NONE',  ( -8.799999999999998934, -4.000000000000000000, -18.79999999999999361 ) ) ;
#728 = DIRECTION ( 'NONE',  ( 0.000000000000000000, -1.000000000000000000, -0.000000000000000000 ) ) ;
#729 = CARTESIAN_POINT ( 'NONE',  ( -33.89999999999999858, -4.000000000000000000, 5.800000000000014033 ) ) ;
#730 = ORIENTED_EDGE ( 'NONE', *, *, #113, .T. ) ;
#731 = CARTESIAN_POINT ( 'NONE',  ( -7.799999999999999822, 0.4999999999999961142, -19.29999999999999361 ) ) ;
#732 = FACE_OUTER_BOUND ( 'NONE', #651, .T. ) ;
#733 = AXIS2_PLACEMENT_3D ( 'NONE', #1836, #942, #1865 ) ;
#734 = DIRECTION ( 'NONE',  ( -3.084312081358969735E-16, 0.000000000000000000, -1.000000000000000000 ) ) ;
#735 = DIRECTION ( 'NONE',  ( -1.178227673661494138E-16, 0.000000000000000000, -1.000000000000000000 ) ) ;
#736 = ORIENTED_EDGE ( 'NONE', *, *, #1500, .F. ) ;
#737 = VECTOR ( 'NONE', #1777, 1000.000000000000000 ) ;
#738 = ORIENTED_EDGE ( 'NONE', *, *, #135, .F. ) ;
#739 = DIRECTION ( 'NONE',  ( -1.000000000000000000, 0.000000000000000000, 2.560477455316320513E-16 ) ) ;
#740 = CARTESIAN_POINT ( 'NONE',  ( -21.15000000000000213, -0.8500000000000000888, -22.44999999999998863 ) ) ;
#741 = ORIENTED_EDGE ( 'NONE', *, *, #2105, .T. ) ;
#742 = SHAPE_DEFINITION_REPRESENTATION ( #25, #1361 ) ;
#743 = CARTESIAN_POINT ( 'NONE',  ( -20.84999999999999432, 0.000000000000000000, 6.139502391942716742E-16 ) ) ;
#744 = EDGE_CURVE ( 'NONE', #164, #96, #807, .T. ) ;
#745 = CARTESIAN_POINT ( 'NONE',  ( -27.35000000000000142, -2.700000000000000178, -19.79999999999998295 ) ) ;
#746 = CIRCLE ( 'NONE', #1566, 1.000000000000000888 ) ;
#747 = LINE ( 'NONE', #1344, #2020 ) ;
#748 = AXIS2_PLACEMENT_3D ( 'NONE', #1700, #2280, #588 ) ;
#749 = CARTESIAN_POINT ( 'NONE',  ( -26.64999999999999858, -0.8500000000000000888, -23.49999999999998224 ) ) ;
#750 = EDGE_LOOP ( 'NONE', ( #299, #717, #2036, #703, #2413, #32, #261, #1985, #1994 ) ) ;
#751 = FACE_OUTER_BOUND ( 'NONE', #800, .T. ) ;
#752 = EDGE_CURVE ( 'NONE', #1767, #1738, #2130, .T. ) ;
#753 = VECTOR ( 'NONE', #2333, 1000.000000000000000 ) ;
#754 = FACE_OUTER_BOUND ( 'NONE', #692, .T. ) ;
#755 = FACE_OUTER_BOUND ( 'NONE', #2019, .T. ) ;
#756 = ORIENTED_EDGE ( 'NONE', *, *, #2424, .F. ) ;
#757 = CARTESIAN_POINT ( 'NONE',  ( -7.799999999999996270, -4.000000000000000000, 6.800000000000006040 ) ) ;
#758 = DIRECTION ( 'NONE',  ( -1.280238727658160256E-16, 0.000000000000000000, -1.000000000000000000 ) ) ;
#759 = EDGE_CURVE ( 'NONE', #1753, #862, #873, .T. ) ;
#760 = CARTESIAN_POINT ( 'NONE',  ( -15.24999999999999289, 1.000000000000000000, -12.34999999999999787 ) ) ;
#761 = PLANE ( 'NONE',  #1321 ) ;
#762 = ORIENTED_EDGE ( 'NONE', *, *, #1272, .F. ) ;
#763 = AXIS2_PLACEMENT_3D ( 'NONE', #1065, #879, #2223 ) ;
#764 = CARTESIAN_POINT ( 'NONE',  ( -20.45000000000000284, -2.199999999999998845, -25.66602540378442399 ) ) ;
#765 = AXIS2_PLACEMENT_3D ( 'NONE', #2263, #1845, #1519 ) ;
#766 = ORIENTED_EDGE ( 'NONE', *, *, #242, .F. ) ;
#767 = EDGE_CURVE ( 'NONE', #1831, #403, #1119, .T. ) ;
#768 = PLANE ( 'NONE',  #1538 ) ;
#769 = CARTESIAN_POINT ( 'NONE',  ( -27.34999999999999787, 7.589415207398531038E-16, -20.29999999999998650 ) ) ;
#770 = VERTEX_POINT ( 'NONE', #1103 ) ;
#771 =( NAMED_UNIT ( * ) PLANE_ANGLE_UNIT ( ) SI_UNIT ( $, .RADIAN. ) );
#772 = CARTESIAN_POINT ( 'NONE',  ( -15.59999999999999964, 0.4999999999999995559, -19.79999999999999005 ) ) ;
#773 = DIRECTION ( 'NONE',  ( -1.178227673661494138E-16, 0.000000000000000000, -1.000000000000000000 ) ) ;
#774 = DIRECTION ( 'NONE',  ( 0.000000000000000000, 1.000000000000000000, 0.000000000000000000 ) ) ;
#775 = ORIENTED_EDGE ( 'NONE', *, *, #463, .F. ) ;
#776 = ADVANCED_FACE ( 'NONE', ( #1681 ), #487, .F. ) ;
#777 = DIRECTION ( 'NONE',  ( -1.000000000000000000, 0.000000000000000000, -5.238346260426492220E-17 ) ) ;
#778 = EDGE_CURVE ( 'NONE', #847, #1487, #1509, .T. ) ;
#779 = ORIENTED_EDGE ( 'NONE', *, *, #1164, .F. ) ;
#780 = VERTEX_POINT ( 'NONE', #2071 ) ;
#781 = CARTESIAN_POINT ( 'NONE',  ( -26.64999999999999858, -0.8500000000000000888, -24.54999999999998295 ) ) ;
#782 = CARTESIAN_POINT ( 'NONE',  ( -33.39999999999999858, -3.499999999999996003, -19.79999999999998650 ) ) ;
#783 = ORIENTED_EDGE ( 'NONE', *, *, #1952, .T. ) ;
#784 = CARTESIAN_POINT ( 'NONE',  ( -8.799999999999995381, 0.000000000000000000, 6.300000000000006040 ) ) ;
#785 = ORIENTED_EDGE ( 'NONE', *, *, #2245, .F. ) ;
#786 = ADVANCED_FACE ( 'NONE', ( #166 ), #1139, .F. ) ;
#787 = VECTOR ( 'NONE', #4, 1000.000000000000000 ) ;
#788 = VECTOR ( 'NONE', #1684, 1000.000000000000114 ) ;
#789 = ORIENTED_EDGE ( 'NONE', *, *, #1873, .T. ) ;
#790 = DIRECTION ( 'NONE',  ( 0.000000000000000000, 1.000000000000000000, 0.000000000000000000 ) ) ;
#791 = CARTESIAN_POINT ( 'NONE',  ( -32.89999999999999858, 0.000000000000000000, 4.035506290581114240E-15 ) ) ;
#792 = CARTESIAN_POINT ( 'NONE',  ( -26.95000000000000284, -2.199999999999998845, -25.66602540378442043 ) ) ;
#793 = ORIENTED_EDGE ( 'NONE', *, *, #381, .T. ) ;
#794 = PLANE ( 'NONE',  #514 ) ;
#795 = VECTOR ( 'NONE', #1879, 1000.000000000000000 ) ;
#796 = VECTOR ( 'NONE', #922, 1000.000000000000000 ) ;
#797 = ORIENTED_EDGE ( 'NONE', *, *, #876, .T. ) ;
#798 = ADVANCED_FACE ( 'NONE', ( #732 ), #720, .F. ) ;
#799 = PRODUCT_DEFINITION_FORMATION_WITH_SPECIFIED_SOURCE ( 'ANY', '', #405, .NOT_KNOWN. ) ;
#800 = EDGE_LOOP ( 'NONE', ( #370, #2378, #275, #971 ) ) ;
#801 = CARTESIAN_POINT ( 'NONE',  ( -15.59999999999999609, 0.000000000000000000, -9.499999999999998224 ) ) ;
#802 = ADVANCED_FACE ( 'NONE', ( #930 ), #1850, .F. ) ;
#803 = DIRECTION ( 'NONE',  ( 0.000000000000000000, -8.673617379884027583E-16, -1.000000000000000000 ) ) ;
#804 = CARTESIAN_POINT ( 'NONE',  ( -28.60000000000000142, -3.570292905421302176, -18.24999999999998934 ) ) ;
#805 = ORIENTED_EDGE ( 'NONE', *, *, #2391, .F. ) ;
#806 = CARTESIAN_POINT ( 'NONE',  ( -32.89999999999999858, -4.000000000000000000, -18.79999999999998650 ) ) ;
#807 = LINE ( 'NONE', #2313, #566 ) ;
#808 = ORIENTED_EDGE ( 'NONE', *, *, #203, .T. ) ;
#809 = AXIS2_PLACEMENT_3D ( 'NONE', #981, #634, #65 ) ;
#810 = ORIENTED_EDGE ( 'NONE', *, *, #1030, .F. ) ;
#811 = DIRECTION ( 'NONE',  ( 3.307283379783587996E-17, 0.000000000000000000, -1.000000000000000000 ) ) ;
#812 = CARTESIAN_POINT ( 'NONE',  ( -19.95000000000000284, 1.000000000000000000, -19.79999999999999005 ) ) ;
#813 = EDGE_CURVE ( 'NONE', #1101, #392, #1708, .T. ) ;
#814 = LINE ( 'NONE', #398, #1812 ) ;
#815 = ORIENTED_EDGE ( 'NONE', *, *, #767, .F. ) ;
#816 = CARTESIAN_POINT ( 'NONE',  ( -22.59999999999999076, -3.438475071455321608, 6.175735931288081737 ) ) ;
#817 = EDGE_CURVE ( 'NONE', #1352, #1147, #2042, .T. ) ;
#818 = CARTESIAN_POINT ( 'NONE',  ( -15.59999999999999964, -4.000000000000000000, -18.79999999999999005 ) ) ;
#819 = VECTOR ( 'NONE', #2348, 1000.000000000000000 ) ;
#820 = EDGE_LOOP ( 'NONE', ( #274, #2301, #1560, #328 ) ) ;
#821 = EDGE_CURVE ( 'NONE', #430, #485, #2253, .T. ) ;
#822 = ORIENTED_EDGE ( 'NONE', *, *, #1135, .F. ) ;
#823 = AXIS2_PLACEMENT_3D ( 'NONE', #1975, #506, #2004 ) ;
#824 = LINE ( 'NONE', #290, #1998 ) ;
#825 = VECTOR ( 'NONE', #1532, 1000.000000000000000 ) ;
#826 = LINE ( 'NONE', #615, #532 ) ;
#827 = LINE ( 'NONE', #1236, #1220 ) ;
#828 = ORIENTED_EDGE ( 'NONE', *, *, #1417, .T. ) ;
#829 = ADVANCED_FACE ( 'NONE', ( #1483 ), #10, .T. ) ;
#830 = CARTESIAN_POINT ( 'NONE',  ( -22.29999999999999005, -3.400000000000000355, 6.300000000000010481 ) ) ;
#831 = DIRECTION ( 'NONE',  ( 2.280505965348878657E-16, 0.7071067811865451302, 0.7071067811865500152 ) ) ;
#832 = CARTESIAN_POINT ( 'NONE',  ( -8.799999999999997158, -3.400000000000000355, -9.500000000000000000 ) ) ;
#833 = CIRCLE ( 'NONE', #288, 1.349999999999996980 ) ;
#834 = ORIENTED_EDGE ( 'NONE', *, *, #1857, .F. ) ;
#835 = ADVANCED_FACE ( 'NONE', ( #2080 ), #2054, .F. ) ;
#836 = ORIENTED_EDGE ( 'NONE', *, *, #2142, .T. ) ;
#837 = DIRECTION ( 'NONE',  ( 0.000000000000000000, 1.000000000000000000, 0.000000000000000000 ) ) ;
#838 = VECTOR ( 'NONE', #1900, 1000.000000000000000 ) ;
#839 = FACE_OUTER_BOUND ( 'NONE', #1928, .T. ) ;
#840 = PLANE ( 'NONE',  #1068 ) ;
#841 = ORIENTED_EDGE ( 'NONE', *, *, #1996, .F. ) ;
#842 = LINE ( 'NONE', #663, #630 ) ;
#843 = LINE ( 'NONE', #119, #2262 ) ;
#844 = ORIENTED_EDGE ( 'NONE', *, *, #1388, .T. ) ;
#845 = FACE_OUTER_BOUND ( 'NONE', #1002, .T. ) ;
#846 = EDGE_CURVE ( 'NONE', #1692, #23, #2001, .T. ) ;
#847 = VERTEX_POINT ( 'NONE', #1243 ) ;
#848 = AXIS2_PLACEMENT_3D ( 'NONE', #743, #1693, #1849 ) ;
#849 = ORIENTED_EDGE ( 'NONE', *, *, #1491, .F. ) ;
#850 = CARTESIAN_POINT ( 'NONE',  ( -9.349999999999997868, -3.570292905421299956, -9.500000000000000000 ) ) ;
#851 = MECHANICAL_DESIGN_GEOMETRIC_PRESENTATION_REPRESENTATION (  '', ( #1916 ), #2430 ) ;
#852 = EDGE_CURVE ( 'NONE', #96, #633, #121, .T. ) ;
#853 = CARTESIAN_POINT ( 'NONE',  ( -9.099999999999997868, -3.765614312047980583, -9.500000000000000000 ) ) ;
#854 = FACE_OUTER_BOUND ( 'NONE', #2108, .T. ) ;
#855 = CARTESIAN_POINT ( 'NONE',  ( -9.349999999999997868, -3.570292905421299956, -9.500000000000000000 ) ) ;
#856 = CARTESIAN_POINT ( 'NONE',  ( -15.59999999999999787, 0.000000000000000000, -15.49999999999999822 ) ) ;
#857 = DIRECTION ( 'NONE',  ( 1.000000000000000000, 0.000000000000000000, -1.280238727658160010E-16 ) ) ;
#858 = ORIENTED_EDGE ( 'NONE', *, *, #1343, .F. ) ;
#859 = FACE_OUTER_BOUND ( 'NONE', #1987, .T. ) ;
#860 = VERTEX_POINT ( 'NONE', #1623 ) ;
#861 = VECTOR ( 'NONE', #568, 1000.000000000000000 ) ;
#862 = VERTEX_POINT ( 'NONE', #1470 ) ;
#863 = FACE_OUTER_BOUND ( 'NONE', #927, .T. ) ;
#864 = EDGE_CURVE ( 'NONE', #1767, #1167, #2226, .T. ) ;
#865 = LINE ( 'NONE', #1288, #1545 ) ;
#866 = LINE ( 'NONE', #672, #122 ) ;
#867 = CARTESIAN_POINT ( 'NONE',  ( -26.95000000000000284, -0.8500000000000000888, -23.49999999999998224 ) ) ;
#868 = VECTOR ( 'NONE', #1345, 1000.000000000000000 ) ;
#869 = CARTESIAN_POINT ( 'NONE',  ( -28.89999999999999858, -4.000000000000000000, -18.79999999999998650 ) ) ;
#870 = CARTESIAN_POINT ( 'NONE',  ( -8.799999999999997158, -3.400000000000000355, -9.199999999999999289 ) ) ;
#871 = ORIENTED_EDGE ( 'NONE', *, *, #2338, .T. ) ;
#872 = DIRECTION ( 'NONE',  ( -0.5773502691896272854, 0.5773502691896224004, 0.5773502691896275074 ) ) ;
#873 = CIRCLE ( 'NONE', #1186, 0.3000000000000016542 ) ;
#874 = ORIENTED_EDGE ( 'NONE', *, *, #1638, .F. ) ;
#875 = ORIENTED_EDGE ( 'NONE', *, *, #1618, .T. ) ;
#876 = EDGE_CURVE ( 'NONE', #594, #641, #631, .T. ) ;
#877 = CARTESIAN_POINT ( 'NONE',  ( -22.59999999999999076, 0.000000000000000000, 6.000000000000008882 ) ) ;
#878 = CIRCLE ( 'NONE', #1707, 1.000000000000000888 ) ;
#879 = DIRECTION ( 'NONE',  ( -0.5773502691896265082, 0.5773502691896212902, 0.5773502691896297279 ) ) ;
#880 = LINE ( 'NONE', #661, #8 ) ;
#881 = AXIS2_PLACEMENT_3D ( 'NONE', #1127, #728, #2418 ) ;
#882 = ORIENTED_EDGE ( 'NONE', *, *, #883, .F. ) ;
#883 = EDGE_CURVE ( 'NONE', #1382, #270, #2419, .T. ) ;
#884 = DIRECTION ( 'NONE',  ( 0.000000000000000000, 1.000000000000000000, 0.000000000000000000 ) ) ;
#885 = LINE ( 'NONE', #2191, #1582 ) ;
#886 = ORIENTED_EDGE ( 'NONE', *, *, #2213, .T. ) ;
#887 = ORIENTED_EDGE ( 'NONE', *, *, #1959, .T. ) ;
#888 = LINE ( 'NONE', #1099, #1773 ) ;
#889 = CARTESIAN_POINT ( 'NONE',  ( -8.799999999999998934, 0.000000000000000000, -18.29999999999999716 ) ) ;
#890 = DIRECTION ( 'NONE',  ( 0.000000000000000000, 1.000000000000000000, 0.000000000000000000 ) ) ;
#891 = DIRECTION ( 'NONE',  ( -1.000000000000000000, 0.000000000000000000, 3.202967631604026862E-16 ) ) ;
#892 = CARTESIAN_POINT ( 'NONE',  ( -27.35000000000000497, -2.700000000000000178, -24.79999999999998295 ) ) ;
#893 = DIRECTION ( 'NONE',  ( -1.000000000000000000, -0.000000000000000000, 2.891205793294679312E-16 ) ) ;
#894 = ORIENTED_EDGE ( 'NONE', *, *, #334, .T. ) ;
#895 = ADVANCED_FACE ( 'NONE', ( #1478 ), #553, .T. ) ;
#896 = ORIENTED_EDGE ( 'NONE', *, *, #589, .T. ) ;
#897 = EDGE_CURVE ( 'NONE', #1841, #592, #369, .T. ) ;
#898 = EDGE_CURVE ( 'NONE', #2040, #606, #425, .T. ) ;
#899 = FACE_OUTER_BOUND ( 'NONE', #612, .T. ) ;
#900 = CARTESIAN_POINT ( 'NONE',  ( -8.799999999999997158, -4.000000000000000000, 1.195977597056913592E-15 ) ) ;
#901 = ORIENTED_EDGE ( 'NONE', *, *, #1135, .T. ) ;
#902 = CARTESIAN_POINT ( 'NONE',  ( -27.34999999999999787, -3.999999999999998224, -19.29999999999998650 ) ) ;
#903 = PLANE ( 'NONE',  #848 ) ;
#904 = LINE ( 'NONE', #1268, #1229 ) ;
#905 = CARTESIAN_POINT ( 'NONE',  ( -33.56666666666666288, 0.6666666666666656305, -19.63333333333332220 ) ) ;
#906 = ORIENTED_EDGE ( 'NONE', *, *, #502, .T. ) ;
#907 = AXIS2_PLACEMENT_3D ( 'NONE', #565, #2063, #1639 ) ;
#908 = VECTOR ( 'NONE', #1408, 1000.000000000000000 ) ;
#909 = EDGE_LOOP ( 'NONE', ( #554, #924, #379, #702, #419, #886, #1901, #1206, #1533, #2317, #2012, #756 ) ) ;
#910 = ORIENTED_EDGE ( 'NONE', *, *, #1755, .F. ) ;
#911 = CARTESIAN_POINT ( 'NONE',  ( -7.799999999999999822, 0.4999999999999961142, -19.79999999999999361 ) ) ;
#912 = AXIS2_PLACEMENT_3D ( 'NONE', #627, #447, #1255 ) ;
#913 = CARTESIAN_POINT ( 'NONE',  ( -28.59999999999999787, -3.902914269224125210, -18.67573593128805598 ) ) ;
#914 = DIRECTION ( 'NONE',  ( -1.000000000000000000, 0.000000000000000000, -3.307283379783587996E-17 ) ) ;
#915 = VERTEX_POINT ( 'NONE', #2085 ) ;
#916 = PRODUCT_CONTEXT ( 'NONE', #2302, 'mechanical' ) ;
#917 = LINE ( 'NONE', #1304, #1365 ) ;
#918 = AXIS2_PLACEMENT_3D ( 'NONE', #1744, #1039, #1027 ) ;
#919 = DIRECTION ( 'NONE',  ( 2.017683769156827345E-16, 0.6156614753256622885, 0.7880107536067187946 ) ) ;
#920 = AXIS2_PLACEMENT_3D ( 'NONE', #979, #40, #1912 ) ;
#921 = LINE ( 'NONE', #869, #1353 ) ;
#922 = DIRECTION ( 'NONE',  ( 1.280238727658160256E-16, 0.000000000000000000, 1.000000000000000000 ) ) ;
#923 = ORIENTED_EDGE ( 'NONE', *, *, #1266, .F. ) ;
#924 = ORIENTED_EDGE ( 'NONE', *, *, #1823, .F. ) ;
#925 = DIRECTION ( 'NONE',  ( 0.000000000000000000, 0.000000000000000000, 1.000000000000000000 ) ) ;
#926 = DIRECTION ( 'NONE',  ( -1.000000000000000000, 0.000000000000000000, 2.560477455316320513E-16 ) ) ;
#927 = EDGE_LOOP ( 'NONE', ( #1329, #1248, #137, #822, #1296, #446 ) ) ;
#928 = DIRECTION ( 'NONE',  ( 1.000000000000000000, 0.000000000000000000, 0.000000000000000000 ) ) ;
#929 = CARTESIAN_POINT ( 'NONE',  ( -9.099999999999997868, -3.765614312047980583, -9.500000000000000000 ) ) ;
#930 = FACE_OUTER_BOUND ( 'NONE', #2402, .T. ) ;
#931 = ADVANCED_FACE ( 'NONE', ( #1550 ), #1534, .F. ) ;
#932 = CARTESIAN_POINT ( 'NONE',  ( -20.85000000000000142, -0.8500000000000000888, -23.49999999999998579 ) ) ;
#933 = PLANE ( 'NONE',  #1860 ) ;
#934 = VERTEX_POINT ( 'NONE', #784 ) ;
#935 = EDGE_CURVE ( 'NONE', #68, #1258, #1607, .T. ) ;
#936 = VECTOR ( 'NONE', #659, 1000.000000000000000 ) ;
#937 = CARTESIAN_POINT ( 'NONE',  ( -32.89999999999999858, -4.000000000000000000, 4.035506290581114240E-15 ) ) ;
#938 = ORIENTED_EDGE ( 'NONE', *, *, #1886, .F. ) ;
#939 = LINE ( 'NONE', #538, #1736 ) ;
#940 = FACE_OUTER_BOUND ( 'NONE', #314, .T. ) ;
#941 = EDGE_LOOP ( 'NONE', ( #2032, #349, #1569, #2026 ) ) ;
#942 = DIRECTION ( 'NONE',  ( -3.280279727505866933E-16, 0.000000000000000000, -1.000000000000000000 ) ) ;
#943 = DIRECTION ( 'NONE',  ( 3.307283379783587996E-17, 0.000000000000000000, -1.000000000000000000 ) ) ;
#944 = CIRCLE ( 'NONE', #1768, 1.349999999999996980 ) ;
#945 = DIRECTION ( 'NONE',  ( -1.000000000000000000, 0.000000000000000000, -3.307283379783587996E-17 ) ) ;
#946 = VECTOR ( 'NONE', #14, 1000.000000000000000 ) ;
#947 = PLANE ( 'NONE',  #1748 ) ;
#948 = VERTEX_POINT ( 'NONE', #1348 ) ;
#949 = ADVANCED_FACE ( 'NONE', ( #751 ), #1919, .T. ) ;
#950 = CARTESIAN_POINT ( 'NONE',  ( -27.34999999999999787, -2.199999999999998845, -25.66602540378442043 ) ) ;
#951 = TOROIDAL_SURFACE ( 'NONE', #366, 1.049999999999998712, 0.2999999999999999889 ) ;
#952 = VECTOR ( 'NONE', #555, 1000.000000000000114 ) ;
#953 = ORIENTED_EDGE ( 'NONE', *, *, #2207, .F. ) ;
#954 = EDGE_CURVE ( 'NONE', #488, #1753, #559, .T. ) ;
#955 = CARTESIAN_POINT ( 'NONE',  ( -19.95000000000000284, -3.499999999999996003, -19.79999999999999005 ) ) ;
#956 = ORIENTED_EDGE ( 'NONE', *, *, #1450, .T. ) ;
#957 = PRESENTATION_STYLE_ASSIGNMENT (( #1383 ) ) ;
#958 = CARTESIAN_POINT ( 'NONE',  ( -27.35000000000000142, -2.700000000000000178, -19.79999999999998295 ) ) ;
#959 = CARTESIAN_POINT ( 'NONE',  ( -26.95000000000000284, 0.000000000000000000, 1.394895863065750533E-15 ) ) ;
#960 = CARTESIAN_POINT ( 'NONE',  ( -8.799999999999998934, -3.400000000000000355, -15.80000000000000071 ) ) ;
#961 = ORIENTED_EDGE ( 'NONE', *, *, #2385, .T. ) ;
#962 = VECTOR ( 'NONE', #1573, 1000.000000000000114 ) ;
#963 = LINE ( 'NONE', #1326, #438 ) ;
#964 = VECTOR ( 'NONE', #1421, 1000.000000000000114 ) ;
#965 = VERTEX_POINT ( 'NONE', #1909 ) ;
#966 = DIRECTION ( 'NONE',  ( 1.000000000000000000, 0.000000000000000000, -3.280279727505866933E-16 ) ) ;
#967 =( GEOMETRIC_REPRESENTATION_CONTEXT ( 3 ) GLOBAL_UNCERTAINTY_ASSIGNED_CONTEXT ( ( #1611 ) ) GLOBAL_UNIT_ASSIGNED_CONTEXT ( ( #1291, #2435, #2211 ) ) REPRESENTATION_CONTEXT ( 'NONE', 'WORKASPACE' ) );
#968 = PLANE ( 'NONE',  #221 ) ;
#969 = VERTEX_POINT ( 'NONE', #185 ) ;
#970 = CARTESIAN_POINT ( 'NONE',  ( -15.74999999999999645, -18.03468879687142845, -12.34999999999999787 ) ) ;
#971 = ORIENTED_EDGE ( 'NONE', *, *, #1297, .T. ) ;
#972 = DIRECTION ( 'NONE',  ( -3.084312081358969735E-16, 4.713922489067410717E-17, -1.000000000000000000 ) ) ;
#973 = DIRECTION ( 'NONE',  ( 1.000000000000000000, -0.000000000000000000, 3.307283379783587996E-17 ) ) ;
#974 = ORIENTED_EDGE ( 'NONE', *, *, #1855, .F. ) ;
#975 = FACE_OUTER_BOUND ( 'NONE', #1013, .T. ) ;
#976 = ADVANCED_FACE ( 'NONE', ( #229 ), #1735, .F. ) ;
#977 = ORIENTED_EDGE ( 'NONE', *, *, #595, .T. ) ;
#978 = EDGE_CURVE ( 'NONE', #2289, #1216, #746, .T. ) ;
#979 = CARTESIAN_POINT ( 'NONE',  ( -15.59999999999999254, -4.000000000000000000, 5.800000000000009592 ) ) ;
#980 = ORIENTED_EDGE ( 'NONE', *, *, #2029, .T. ) ;
#981 = CARTESIAN_POINT ( 'NONE',  ( -22.29999999999999005, 0.000000000000000000, 6.000000000000008882 ) ) ;
#982 = LINE ( 'NONE', #411, #1075 ) ;
#983 = DIRECTION ( 'NONE',  ( -2.445919126778877864E-16, 0.2957706001702456455, -0.9552589973797329659 ) ) ;
#984 = ORIENTED_EDGE ( 'NONE', *, *, #5, .T. ) ;
#985 = CARTESIAN_POINT ( 'NONE',  ( -15.59999999999999964, -4.000000000000000000, -18.29999999999999005 ) ) ;
#986 = ADVANCED_FACE ( 'NONE', ( #618, #975 ), #794, .T. ) ;
#987 = ORIENTED_EDGE ( 'NONE', *, *, #562, .F. ) ;
#988 = PLANE ( 'NONE',  #1424 ) ;
#989 =( BOUNDED_CURVE ( )  B_SPLINE_CURVE ( 3, ( #1683, #182, #1511, #2267 ),
 .UNSPECIFIED., .F., .T. ) 
 B_SPLINE_CURVE_WITH_KNOTS ( ( 4, 4 ),
 ( 4.712388980384689674, 6.283185307179586232 ),
 .UNSPECIFIED. ) 
 CURVE ( )  GEOMETRIC_REPRESENTATION_ITEM ( )  RATIONAL_B_SPLINE_CURVE ( ( 1.000000000000000000, 0.8047378541243649375, 0.8047378541243649375, 1.000000000000000000 ) ) 
 REPRESENTATION_ITEM ( '' )  );
#990 = EDGE_CURVE ( 'NONE', #526, #658, #963, .T. ) ;
#991 = VECTOR ( 'NONE', #1615, 1000.000000000000000 ) ;
#992 = ORIENTED_EDGE ( 'NONE', *, *, #1339, .F. ) ;
#993 = DIRECTION ( 'NONE',  ( 1.000000000000000000, 0.000000000000000000, -2.560477455316320513E-16 ) ) ;
#994 = AXIS2_PLACEMENT_3D ( 'NONE', #1389, #1203, #2141 ) ;
#995 = CARTESIAN_POINT ( 'NONE',  ( -33.89999999999999858, -3.000000000000000000, -18.29999999999998650 ) ) ;
#996 = DIRECTION ( 'NONE',  ( -1.000000000000000000, 0.000000000000000000, 2.560477455316320513E-16 ) ) ;
#997 = ORIENTED_EDGE ( 'NONE', *, *, #381, .F. ) ;
#998 = DIRECTION ( 'NONE',  ( 1.000000000000000000, -0.000000000000000000, -2.560477455316320513E-16 ) ) ;
#999 = LINE ( 'NONE', #832, #2058 ) ;
#1000 = VECTOR ( 'NONE', #148, 1000.000000000000000 ) ;
#1001 = CIRCLE ( 'NONE', #1279, 0.3000000000000016542 ) ;
#1002 = EDGE_LOOP ( 'NONE', ( #1784, #2175, #2231, #1214 ) ) ;
#1003 = LINE ( 'NONE', #220, #367 ) ;
#1004 = EDGE_CURVE ( 'NONE', #133, #485, #2271, .T. ) ;
#1005 = ORIENTED_EDGE ( 'NONE', *, *, #342, .T. ) ;
#1006 = DIRECTION ( 'NONE',  ( 0.000000000000000000, 1.000000000000000000, 0.000000000000000000 ) ) ;
#1007 = DIRECTION ( 'NONE',  ( 0.000000000000000000, 0.000000000000000000, -1.000000000000000000 ) ) ;
#1008 = FACE_OUTER_BOUND ( 'NONE', #587, .T. ) ;
#1009 = EDGE_LOOP ( 'NONE', ( #1936, #1540, #2390, #249, #1787 ) ) ;
#1010 = DIRECTION ( 'NONE',  ( 0.7071067811865497932, -0.000000000000000000, -0.7071067811865453523 ) ) ;
#1011 = EDGE_CURVE ( 'NONE', #326, #2434, #1869, .T. ) ;
#1012 = CARTESIAN_POINT ( 'NONE',  ( -26.95000000000000284, 0.000000000000000000, -25.79999999999998295 ) ) ;
#1013 = EDGE_LOOP ( 'NONE', ( #2093, #815, #841, #53, #2110, #775, #1416, #2152 ) ) ;
#1014 = VERTEX_POINT ( 'NONE', #764 ) ;
#1015 = FACE_OUTER_BOUND ( 'NONE', #2310, .T. ) ;
#1016 = EDGE_CURVE ( 'NONE', #1324, #1171, #2200, .T. ) ;
#1017 = CARTESIAN_POINT ( 'NONE',  ( -26.64999999999999858, -0.8500000000000000888, -23.49999999999998224 ) ) ;
#1018 = CARTESIAN_POINT ( 'NONE',  ( -27.34999999999999787, -4.000000000000000000, 1.608566618022157331E-15 ) ) ;
#1019 = ORIENTED_EDGE ( 'NONE', *, *, #2033, .T. ) ;
#1020 = FACE_OUTER_BOUND ( 'NONE', #2329, .T. ) ;
#1021 = PLANE ( 'NONE',  #2365 ) ;
#1022 = ADVANCED_FACE ( 'NONE', ( #2259 ), #577, .T. ) ;
#1023 = VERTEX_POINT ( 'NONE', #950 ) ;
#1024 = ORIENTED_EDGE ( 'NONE', *, *, #699, .T. ) ;
#1025 = CARTESIAN_POINT ( 'NONE',  ( -28.89999999999998792, -4.000000000000000000, 6.300000000000013145 ) ) ;
#1026 = VECTOR ( 'NONE', #1629, 1000.000000000000000 ) ;
#1027 = DIRECTION ( 'NONE',  ( -2.560477455316320513E-16, 0.000000000000000000, -1.000000000000000000 ) ) ;
#1028 = DIRECTION ( 'NONE',  ( 1.000000000000000000, 0.000000000000000000, -2.560477455316320513E-16 ) ) ;
#1029 = CARTESIAN_POINT ( 'NONE',  ( -8.799999999999998934, -3.400000000000000355, -15.62426406871192874 ) ) ;
#1030 = EDGE_CURVE ( 'NONE', #1258, #1156, #2006, .T. ) ;
#1031 = LINE ( 'NONE', #1749, #2100 ) ;
#1032 = DIRECTION ( 'NONE',  ( 0.5773502691896256200, 0.5773502691896217343, -0.5773502691896300609 ) ) ;
#1033 = ORIENTED_EDGE ( 'NONE', *, *, #2294, .F. ) ;
#1034 = CYLINDRICAL_SURFACE ( 'NONE', #1312, 0.3000000000000016542 ) ;
#1035 = VECTOR ( 'NONE', #2017, 1000.000000000000000 ) ;
#1036 = ORIENTED_EDGE ( 'NONE', *, *, #678, .T. ) ;
#1037 = VERTEX_POINT ( 'NONE', #1714 ) ;
#1038 = DIRECTION ( 'NONE',  ( 0.000000000000000000, -1.000000000000000000, 0.000000000000000000 ) ) ;
#1039 = DIRECTION ( 'NONE',  ( 0.000000000000000000, -1.000000000000000000, -0.000000000000000000 ) ) ;
#1040 = LINE ( 'NONE', #468, #443 ) ;
#1041 = PLANE ( 'NONE',  #2205 ) ;
#1042 = CARTESIAN_POINT ( 'NONE',  ( -15.74999999999999645, 0.5000000000000004441, -12.34999999999999787 ) ) ;
#1043 = ORIENTED_EDGE ( 'NONE', *, *, #2391, .T. ) ;
#1044 = DIRECTION ( 'NONE',  ( 0.000000000000000000, 0.000000000000000000, -1.000000000000000000 ) ) ;
#1045 = EDGE_CURVE ( 'NONE', #641, #1941, #1140, .T. ) ;
#1046 = EDGE_LOOP ( 'NONE', ( #224, #1997, #1005, #953 ) ) ;
#1047 = VECTOR ( 'NONE', #1006, 1000.000000000000000 ) ;
#1048 = VERTEX_POINT ( 'NONE', #1378 ) ;
#1049 = CARTESIAN_POINT ( 'NONE',  ( -22.59999999999999787, -3.570292905421302176, -18.24999999999998934 ) ) ;
#1050 = PRESENTATION_LAYER_ASSIGNMENT (  '', '', ( #1916 ) ) ;
#1051 = CARTESIAN_POINT ( 'NONE',  ( -20.45000000000000284, 10.14999999999999147, -10.15000000000005898 ) ) ;
#1052 = LINE ( 'NONE', #2137, #2208 ) ;
#1053 = DIRECTION ( 'NONE',  ( 1.810530971729451840E-16, -0.7071067811865451302, 0.7071067811865500152 ) ) ;
#1054 = CARTESIAN_POINT ( 'NONE',  ( -20.45000000000000284, 0.4999999999999986122, -25.66602540378442399 ) ) ;
#1055 = LINE ( 'NONE', #92, #1232 ) ;
#1056 = ORIENTED_EDGE ( 'NONE', *, *, #1076, .F. ) ;
#1057 = CARTESIAN_POINT ( 'NONE',  ( -8.299999999999998934, 1.000000000000000000, 1.062598143956272424E-15 ) ) ;
#1058 = ADVANCED_FACE ( 'NONE', ( #1020 ), #652, .T. ) ;
#1059 = VERTEX_POINT ( 'NONE', #1212 ) ;
#1060 = VECTOR ( 'NONE', #1686, 1000.000000000000000 ) ;
#1061 = AXIS2_PLACEMENT_3D ( 'NONE', #772, #396, #209 ) ;
#1062 = VERTEX_POINT ( 'NONE', #81 ) ;
#1063 = CARTESIAN_POINT ( 'NONE',  ( -20.84999999999999432, 0.4999999999999973910, 6.375198516396089158E-16 ) ) ;
#1064 = EDGE_CURVE ( 'NONE', #1692, #376, #842, .T. ) ;
#1065 = CARTESIAN_POINT ( 'NONE',  ( -33.39999999999999147, 0.4999999999999961142, 7.300000000000014033 ) ) ;
#1066 = LINE ( 'NONE', #650, #1969 ) ;
#1067 = CARTESIAN_POINT ( 'NONE',  ( -26.95000000000000284, 0.4999999999999985012, -23.49999999999998224 ) ) ;
#1068 = AXIS2_PLACEMENT_3D ( 'NONE', #1601, #1222, #2346 ) ;
#1069 = DIRECTION ( 'NONE',  ( 1.000000000000000000, 0.000000000000000000, -2.560477455316320513E-16 ) ) ;
#1070 = PLANE ( 'NONE',  #2022 ) ;
#1071 = VERTEX_POINT ( 'NONE', #297 ) ;
#1072 = EDGE_LOOP ( 'NONE', ( #2304, #1442, #1758, #1342 ) ) ;
#1073 = ORIENTED_EDGE ( 'NONE', *, *, #174, .T. ) ;
#1074 = LINE ( 'NONE', #911, #711 ) ;
#1075 = VECTOR ( 'NONE', #773, 1000.000000000000000 ) ;
#1076 = EDGE_CURVE ( 'NONE', #364, #2261, #483, .T. ) ;
#1077 = DIRECTION ( 'NONE',  ( -1.000000000000000000, 0.000000000000000000, 1.280238727658160256E-16 ) ) ;
#1078 = CARTESIAN_POINT ( 'NONE',  ( -32.89999999999999858, -4.000000000000000000, 6.300000000000014033 ) ) ;
#1079 = LINE ( 'NONE', #151, #346 ) ;
#1080 = EDGE_CURVE ( 'NONE', #1829, #1951, #944, .T. ) ;
#1081 = CARTESIAN_POINT ( 'NONE',  ( -8.300000000000000711, 1.000000000000000000, -19.29999999999999361 ) ) ;
#1082 = DIRECTION ( 'NONE',  ( 3.307283379783587996E-17, 0.000000000000000000, -1.000000000000000000 ) ) ;
#1083 = ORIENTED_EDGE ( 'NONE', *, *, #1527, .T. ) ;
#1084 = ADVANCED_FACE ( 'NONE', ( #280, #435 ), #1929, .F. ) ;
#1085 = EDGE_CURVE ( 'NONE', #862, #1258, #69, .T. ) ;
#1086 = ORIENTED_EDGE ( 'NONE', *, *, #681, .T. ) ;
#1087 =( BOUNDED_CURVE ( )  B_SPLINE_CURVE ( 3, ( #2148, #279, #1029, #1482 ),
 .UNSPECIFIED., .F., .T. ) 
 B_SPLINE_CURVE_WITH_KNOTS ( ( 4, 4 ),
 ( 4.712388980384689674, 6.283185307179586232 ),
 .UNSPECIFIED. ) 
 CURVE ( )  GEOMETRIC_REPRESENTATION_ITEM ( )  RATIONAL_B_SPLINE_CURVE ( ( 1.000000000000000000, 0.8047378541243649375, 0.8047378541243649375, 1.000000000000000000 ) ) 
 REPRESENTATION_ITEM ( '' )  );
#1088 = ORIENTED_EDGE ( 'NONE', *, *, #1412, .T. ) ;
#1089 = DIRECTION ( 'NONE',  ( -0.7071067811865526798, 0.000000000000000000, -0.7071067811865423547 ) ) ;
#1090 = DIRECTION ( 'NONE',  ( -1.178227673661494138E-16, 0.000000000000000000, -1.000000000000000000 ) ) ;
#1091 = EDGE_CURVE ( 'NONE', #1257, #2350, #2258, .T. ) ;
#1092 = ORIENTED_EDGE ( 'NONE', *, *, #1272, .T. ) ;
#1093 = LINE ( 'NONE', #1278, #1931 ) ;
#1094 = PLANE ( 'NONE',  #2230 ) ;
#1095 = CARTESIAN_POINT ( 'NONE',  ( -32.89999999999999858, 7.150000000000022560, -11.14999999999986358 ) ) ;
#1096 = CARTESIAN_POINT ( 'NONE',  ( -22.59999999999999787, -3.570292905421302176, -18.24999999999998934 ) ) ;
#1097 = ORIENTED_EDGE ( 'NONE', *, *, #2290, .F. ) ;
#1098 = ORIENTED_EDGE ( 'NONE', *, *, #360, .F. ) ;
#1099 = CARTESIAN_POINT ( 'NONE',  ( -8.799999999999998934, -4.000000000000000000, -9.199999999999999289 ) ) ;
#1100 = DIRECTION ( 'NONE',  ( -1.000000000000000000, 0.000000000000000000, 1.178227673661494138E-16 ) ) ;
#1101 = VERTEX_POINT ( 'NONE', #1963 ) ;
#1102 = FACE_OUTER_BOUND ( 'NONE', #1233, .T. ) ;
#1103 = CARTESIAN_POINT ( 'NONE',  ( -27.34999999999999787, -2.999999999999990674, -20.29999999999998650 ) ) ;
#1104 = CARTESIAN_POINT ( 'NONE',  ( -26.95000000000000284, 0.4999999999999973910, 1.418465475511087774E-15 ) ) ;
#1105 = CARTESIAN_POINT ( 'NONE',  ( -15.59999999999999964, -4.000000000000000000, -19.29999999999999005 ) ) ;
#1106 = ORIENTED_EDGE ( 'NONE', *, *, #466, .F. ) ;
#1107 = EDGE_CURVE ( 'NONE', #1382, #389, #1191, .T. ) ;
#1108 = VECTOR ( 'NONE', #1844, 1000.000000000000000 ) ;
#1109 = VECTOR ( 'NONE', #22, 1000.000000000000000 ) ;
#1110 = ORIENTED_EDGE ( 'NONE', *, *, #898, .F. ) ;
#1111 = VECTOR ( 'NONE', #1995, 1000.000000000000000 ) ;
#1112 = EDGE_CURVE ( 'NONE', #677, #1565, #1567, .T. ) ;
#1113 = CARTESIAN_POINT ( 'NONE',  ( -8.299999999999997158, 1.000000000000000222, 6.800000000000006040 ) ) ;
#1114 = EDGE_CURVE ( 'NONE', #1413, #136, #1979, .T. ) ;
#1115 = DIRECTION ( 'NONE',  ( 4.050254004925211131E-33, -1.000000000000000000, -1.224646799147353207E-16 ) ) ;
#1116 = VERTEX_POINT ( 'NONE', #1178 ) ;
#1117 = PLANE ( 'NONE',  #733 ) ;
#1118 = VECTOR ( 'NONE', #1497, 1000.000000000000000 ) ;
#1119 = LINE ( 'NONE', #543, #124 ) ;
#1120 = AXIS2_PLACEMENT_3D ( 'NONE', #1226, #1578, #2337 ) ;
#1121 = CARTESIAN_POINT ( 'NONE',  ( -7.799999999999997158, -4.000000000000000000, 9.985862075733644724E-16 ) ) ;
#1122 = CARTESIAN_POINT ( 'NONE',  ( -8.300000000000004263, 0.4999999999999961142, -19.79999999999999361 ) ) ;
#1123 = ORIENTED_EDGE ( 'NONE', *, *, #978, .T. ) ;
#1124 = CARTESIAN_POINT ( 'NONE',  ( -26.95000000000000284, 0.4999999999999986122, -25.66602540378442043 ) ) ;
#1125 = VERTEX_POINT ( 'NONE', #2336 ) ;
#1126 = CARTESIAN_POINT ( 'NONE',  ( -20.85000000000000142, -1.699999999999999734, -24.79999999999998650 ) ) ;
#1127 = CARTESIAN_POINT ( 'NONE',  ( -15.59999999999999432, -3.000000000000000000, 1.997172415146728945E-15 ) ) ;
#1128 = ORIENTED_EDGE ( 'NONE', *, *, #2294, .T. ) ;
#1129 = DIRECTION ( 'NONE',  ( 0.000000000000000000, -1.000000000000000000, 0.000000000000000000 ) ) ;
#1130 = CARTESIAN_POINT ( 'NONE',  ( -28.89999999999999858, -4.000000000000000000, -18.49999999999998579 ) ) ;
#1131 = DIRECTION ( 'NONE',  ( 2.560477455316320513E-16, 0.000000000000000000, 1.000000000000000000 ) ) ;
#1132 = DIRECTION ( 'NONE',  ( -0.5773502691896242878, 0.5773502691896243988, 0.5773502691896285066 ) ) ;
#1133 = EDGE_LOOP ( 'NONE', ( #1628, #1273, #1649, #1921 ) ) ;
#1134 = DIRECTION ( 'NONE',  ( 0.000000000000000000, 0.000000000000000000, -1.000000000000000000 ) ) ;
#1135 = EDGE_CURVE ( 'NONE', #1913, #2180, #2099, .T. ) ;
#1136 = ORIENTED_EDGE ( 'NONE', *, *, #1064, .F. ) ;
#1137 = DIRECTION ( 'NONE',  ( -2.560477455316320513E-16, 0.000000000000000000, -1.000000000000000000 ) ) ;
#1138 = EDGE_LOOP ( 'NONE', ( #2284, #549, #35, #310 ) ) ;
#1139 = CYLINDRICAL_SURFACE ( 'NONE', #3, 0.3000000000000016542 ) ;
#1140 = CIRCLE ( 'NONE', #1376, 1.349999999999996980 ) ;
#1141 = CYLINDRICAL_SURFACE ( 'NONE', #1230, 2.999999999999999112 ) ;
#1142 = CARTESIAN_POINT ( 'NONE',  ( -20.44999999999999574, -2.199999999999998845, 4.983020074624844031E-16 ) ) ;
#1143 = ORIENTED_EDGE ( 'NONE', *, *, #400, .T. ) ;
#1144 = DIRECTION ( 'NONE',  ( 0.000000000000000000, 0.000000000000000000, -1.000000000000000000 ) ) ;
#1145 =( BOUNDED_CURVE ( )  B_SPLINE_CURVE ( 3, ( #1469, #1641, #718, #1494 ),
 .UNSPECIFIED., .F., .F. ) 
 B_SPLINE_CURVE_WITH_KNOTS ( ( 4, 4 ),
 ( 4.712388980384689674, 6.283185307179586232 ),
 .UNSPECIFIED. ) 
 CURVE ( )  GEOMETRIC_REPRESENTATION_ITEM ( )  RATIONAL_B_SPLINE_CURVE ( ( 1.000000000000000000, 0.8047378541243649375, 0.8047378541243649375, 1.000000000000000000 ) ) 
 REPRESENTATION_ITEM ( '' )  );
#1146 = AXIS2_PLACEMENT_3D ( 'NONE', #1828, #893, #2399 ) ;
#1147 = VERTEX_POINT ( 'NONE', #2150 ) ;
#1148 = LINE ( 'NONE', #1718, #838 ) ;
#1149 = ORIENTED_EDGE ( 'NONE', *, *, #897, .T. ) ;
#1150 = LINE ( 'NONE', #970, #1047 ) ;
#1151 = EDGE_CURVE ( 'NONE', #270, #144, #1387, .T. ) ;
#1152 = ORIENTED_EDGE ( 'NONE', *, *, #2176, .T. ) ;
#1153 = VECTOR ( 'NONE', #734, 1000.000000000000000 ) ;
#1154 = LINE ( 'NONE', #1485, #795 ) ;
#1155 = CARTESIAN_POINT ( 'NONE',  ( -9.099999999999997868, 0.000000000000000000, -9.500000000000000000 ) ) ;
#1156 = VERTEX_POINT ( 'NONE', #104 ) ;
#1157 = EDGE_CURVE ( 'NONE', #186, #1487, #1031, .T. ) ;
#1158 = DIRECTION ( 'NONE',  ( -1.000000000000000000, 0.000000000000000000, -3.307283379783587996E-17 ) ) ;
#1159 = EDGE_CURVE ( 'NONE', #326, #689, #60, .T. ) ;
#1160 = VERTEX_POINT ( 'NONE', #2311 ) ;
#1161 = PLANE ( 'NONE',  #920 ) ;
#1162 = ORIENTED_EDGE ( 'NONE', *, *, #146, .F. ) ;
#1163 = FACE_OUTER_BOUND ( 'NONE', #27, .T. ) ;
#1164 = EDGE_CURVE ( 'NONE', #1324, #1941, #214, .T. ) ;
#1165 = FACE_OUTER_BOUND ( 'NONE', #231, .T. ) ;
#1166 = FACE_OUTER_BOUND ( 'NONE', #1308, .T. ) ;
#1167 = VERTEX_POINT ( 'NONE', #545 ) ;
#1168 = AXIS2_PLACEMENT_3D ( 'NONE', #1553, #2285, #1731 ) ;
#1169 = DIRECTION ( 'NONE',  ( 0.000000000000000000, -1.000000000000000000, 0.000000000000000000 ) ) ;
#1170 = VECTOR ( 'NONE', #669, 1000.000000000000000 ) ;
#1171 = VERTEX_POINT ( 'NONE', #1447 ) ;
#1172 = DIRECTION ( 'NONE',  ( 0.000000000000000000, 1.000000000000000000, 0.000000000000000000 ) ) ;
#1173 = EDGE_LOOP ( 'NONE', ( #1730, #2171, #2395, #1597, #1123, #2429, #84, #665 ) ) ;
#1174 = DIRECTION ( 'NONE',  ( -1.000000000000000000, 0.000000000000000000, -3.307283379783587996E-17 ) ) ;
#1175 = CARTESIAN_POINT ( 'NONE',  ( -8.924264068711925901, -3.902914269224128319, -15.50000000000000000 ) ) ;
#1176 = EDGE_LOOP ( 'NONE', ( #2414, #2060, #1083, #476, #1822, #16 ) ) ;
#1177 = AXIS2_PLACEMENT_3D ( 'NONE', #2248, #1302, #2050 ) ;
#1178 = CARTESIAN_POINT ( 'NONE',  ( -20.85000000000000497, -1.699999999999999734, -25.79999999999998650 ) ) ;
#1179 = CARTESIAN_POINT ( 'NONE',  ( -15.74999999999999289, 0.5000000000000004441, -0.1499999999999979405 ) ) ;
#1180 = ADVANCED_FACE ( 'NONE', ( #1992 ), #690, .F. ) ;
#1181 = ORIENTED_EDGE ( 'NONE', *, *, #2392, .F. ) ;
#1182 = VECTOR ( 'NONE', #1712, 1000.000000000000000 ) ;
#1183 = EDGE_CURVE ( 'NONE', #694, #1583, #1827, .T. ) ;
#1184 = ORIENTED_EDGE ( 'NONE', *, *, #71, .F. ) ;
#1185 = PLANE ( 'NONE',  #1168 ) ;
#1186 = AXIS2_PLACEMENT_3D ( 'NONE', #1331, #1293, #1305 ) ;
#1187 = EDGE_CURVE ( 'NONE', #915, #96, #2030, .T. ) ;
#1188 = LINE ( 'NONE', #467, #962 ) ;
#1189 = CARTESIAN_POINT ( 'NONE',  ( -28.72426406871191773, -3.400000000000000799, 6.300000000000010481 ) ) ;
#1190 = EDGE_LOOP ( 'NONE', ( #1227, #741, #511, #2047, #992 ) ) ;
#1191 = LINE ( 'NONE', #2140, #1260 ) ;
#1192 = CARTESIAN_POINT ( 'NONE',  ( -15.59999999999999964, -3.499999999999996003, -19.79999999999999005 ) ) ;
#1193 = EDGE_CURVE ( 'NONE', #1583, #270, #904, .T. ) ;
#1194 = AXIS2_PLACEMENT_3D ( 'NONE', #1042, #2179, #2360 ) ;
#1195 = ORIENTED_EDGE ( 'NONE', *, *, #624, .F. ) ;
#1196 = VERTEX_POINT ( 'NONE', #152 ) ;
#1197 = DIRECTION ( 'NONE',  ( 0.000000000000000000, -1.000000000000000000, 0.000000000000000000 ) ) ;
#1198 = CARTESIAN_POINT ( 'NONE',  ( -15.59999999999999432, -4.000000000000000000, 1.997172415146728945E-15 ) ) ;
#1199 = DIRECTION ( 'NONE',  ( -0.000000000000000000, 1.000000000000000000, -0.000000000000000000 ) ) ;
#1200 = ORIENTED_EDGE ( 'NONE', *, *, #283, .T. ) ;
#1201 = EDGE_CURVE ( 'NONE', #1487, #193, #1294, .T. ) ;
#1202 = DIRECTION ( 'NONE',  ( -2.560477455316320513E-16, -0.000000000000000000, -1.000000000000000000 ) ) ;
#1203 = DIRECTION ( 'NONE',  ( -0.7071067811865444641, 0.7071067811865505703, 1.810530971729437542E-16 ) ) ;
#1204 = ORIENTED_EDGE ( 'NONE', *, *, #2066, .T. ) ;
#1205 = EDGE_CURVE ( 'NONE', #1829, #1918, #2005, .T. ) ;
#1206 = ORIENTED_EDGE ( 'NONE', *, *, #470, .F. ) ;
#1207 = LINE ( 'NONE', #1988, #936 ) ;
#1208 = EDGE_CURVE ( 'NONE', #2097, #1311, #495, .T. ) ;
#1209 = DIRECTION ( 'NONE',  ( 0.000000000000000000, 0.000000000000000000, -1.000000000000000000 ) ) ;
#1210 = LINE ( 'NONE', #1990, #1420 ) ;
#1211 = CARTESIAN_POINT ( 'NONE',  ( -15.59999999999999964, 0.000000000000000000, -18.29999999999999361 ) ) ;
#1212 = CARTESIAN_POINT ( 'NONE',  ( -8.799999999999998934, -4.000000000000000000, -15.80000000000000071 ) ) ;
#1213 = DIRECTION ( 'NONE',  ( 0.000000000000000000, 0.000000000000000000, -1.000000000000000000 ) ) ;
#1214 = ORIENTED_EDGE ( 'NONE', *, *, #1347, .T. ) ;
#1215 = PLANE ( 'NONE',  #994 ) ;
#1216 = VERTEX_POINT ( 'NONE', #1054 ) ;
#1217 = ORIENTED_EDGE ( 'NONE', *, *, #76, .F. ) ;
#1218 = PLANE ( 'NONE',  #406 ) ;
#1219 = AXIS2_PLACEMENT_3D ( 'NONE', #478, #1763, #111 ) ;
#1220 = VECTOR ( 'NONE', #1574, 1000.000000000000000 ) ;
#1221 = DIRECTION ( 'NONE',  ( 5.238346260426492220E-17, 0.000000000000000000, -1.000000000000000000 ) ) ;
#1222 = DIRECTION ( 'NONE',  ( -0.000000000000000000, 1.000000000000000000, 0.000000000000000000 ) ) ;
#1223 = DIRECTION ( 'NONE',  ( 0.000000000000000000, 0.000000000000000000, -1.000000000000000000 ) ) ;
#1224 = EDGE_CURVE ( 'NONE', #658, #133, #2411, .T. ) ;
#1225 = DIRECTION ( 'NONE',  ( 1.280238727658160256E-16, 0.000000000000000000, 1.000000000000000000 ) ) ;
#1226 = CARTESIAN_POINT ( 'NONE',  ( -8.799999999999997158, -4.000000000000000000, -9.500000000000000000 ) ) ;
#1227 = ORIENTED_EDGE ( 'NONE', *, *, #1694, .T. ) ;
#1228 = FACE_OUTER_BOUND ( 'NONE', #1072, .T. ) ;
#1229 = VECTOR ( 'NONE', #2178, 1000.000000000000000 ) ;
#1230 = AXIS2_PLACEMENT_3D ( 'NONE', #197, #33, #1732 ) ;
#1231 = EDGE_LOOP ( 'NONE', ( #1430, #693, #1453, #1488, #1870 ) ) ;
#1232 = VECTOR ( 'NONE', #857, 1000.000000000000000 ) ;
#1233 = EDGE_LOOP ( 'NONE', ( #2156, #858, #2131, #253, #1427, #2241, #1875 ) ) ;
#1234 = CARTESIAN_POINT ( 'NONE',  ( -28.59999999999998010, -3.902914269224125210, 6.175735931288081737 ) ) ;
#1235 = CARTESIAN_POINT ( 'NONE',  ( -27.34999999999999787, -1.699999999999999734, -25.79999999999998295 ) ) ;
#1236 = CARTESIAN_POINT ( 'NONE',  ( -20.45000000000000284, 0.4999999999999986122, -25.66602540378442399 ) ) ;
#1237 = PLANE ( 'NONE',  #284 ) ;
#1238 =( BOUNDED_CURVE ( )  B_SPLINE_CURVE ( 3, ( #2096, #412, #1175, #1907 ),
 .UNSPECIFIED., .F., .T. ) 
 B_SPLINE_CURVE_WITH_KNOTS ( ( 4, 4 ),
 ( 3.141592653589782014, 4.712388980384689674 ),
 .UNSPECIFIED. ) 
 CURVE ( )  GEOMETRIC_REPRESENTATION_ITEM ( )  RATIONAL_B_SPLINE_CURVE ( ( 1.000000000000000000, 0.8047378541243622729, 0.8047378541243622729, 1.000000000000000000 ) ) 
 REPRESENTATION_ITEM ( '' )  );
#1239 = ADVANCED_FACE ( 'NONE', ( #2410 ), #1438, .F. ) ;
#1240 = CARTESIAN_POINT ( 'NONE',  ( -33.39999999999999858, 1.000000000000000000, -19.79999999999998650 ) ) ;
#1241 = LINE ( 'NONE', #1993, #2139 ) ;
#1242 = ORIENTED_EDGE ( 'NONE', *, *, #752, .T. ) ;
#1243 = CARTESIAN_POINT ( 'NONE',  ( -8.300000000000004263, -3.499999999999996003, -19.79999999999999361 ) ) ;
#1244 = ADVANCED_FACE ( 'NONE', ( #1803 ), #333, .T. ) ;
#1245 =( BOUNDED_CURVE ( )  B_SPLINE_CURVE ( 3, ( #1025, #2185, #1234, #2380 ),
 .UNSPECIFIED., .F., .T. ) 
 B_SPLINE_CURVE_WITH_KNOTS ( ( 4, 4 ),
 ( 3.141592653589793116, 4.712388980384689674 ),
 .UNSPECIFIED. ) 
 CURVE ( )  GEOMETRIC_REPRESENTATION_ITEM ( )  RATIONAL_B_SPLINE_CURVE ( ( 1.000000000000000000, 0.8047378541243649375, 0.8047378541243649375, 1.000000000000000000 ) ) 
 REPRESENTATION_ITEM ( '' )  );
#1246 = ORIENTED_EDGE ( 'NONE', *, *, #1920, .T. ) ;
#1247 = APPLICATION_CONTEXT ( 'automotive_design' ) ;
#1248 = ORIENTED_EDGE ( 'NONE', *, *, #59, .F. ) ;
#1249 = LINE ( 'NONE', #1063, #737 ) ;
#1250 = PRODUCT_DEFINITION_CONTEXT ( 'detailed design', #1247, 'design' ) ;
#1251 = VECTOR ( 'NONE', #1197, 1000.000000000000000 ) ;
#1252 = DIRECTION ( 'NONE',  ( 0.000000000000000000, 0.000000000000000000, -1.000000000000000000 ) ) ;
#1253 = CARTESIAN_POINT ( 'NONE',  ( -15.59999999999999964, -4.000000000000000000, -18.79999999999999005 ) ) ;
#1254 = DIRECTION ( 'NONE',  ( 3.307283379783587996E-17, 0.000000000000000000, -1.000000000000000000 ) ) ;
#1255 = DIRECTION ( 'NONE',  ( 0.000000000000000000, 0.000000000000000000, 1.000000000000000000 ) ) ;
#1256 = DIRECTION ( 'NONE',  ( -1.000000000000000000, 0.000000000000000000, 2.560477455316320513E-16 ) ) ;
#1257 = VERTEX_POINT ( 'NONE', #118 ) ;
#1258 = VERTEX_POINT ( 'NONE', #167 ) ;
#1259 = EDGE_CURVE ( 'NONE', #1653, #1868, #921, .T. ) ;
#1260 = VECTOR ( 'NONE', #1225, 1000.000000000000000 ) ;
#1261 = AXIS2_PLACEMENT_3D ( 'NONE', #416, #2303, #215 ) ;
#1262 = EDGE_LOOP ( 'NONE', ( #874, #789, #599, #154 ) ) ;
#1263 = CARTESIAN_POINT ( 'NONE',  ( -26.95000000000000284, -1.699999999999999734, -25.79999999999998295 ) ) ;
#1264 = LINE ( 'NONE', #127, #2182 ) ;
#1265 = CARTESIAN_POINT ( 'NONE',  ( -15.59999999999999964, 0.4999999999999961142, -19.79999999999999005 ) ) ;
#1266 = EDGE_CURVE ( 'NONE', #860, #862, #833, .T. ) ;
#1267 = VECTOR ( 'NONE', #1589, 1000.000000000000000 ) ;
#1268 = CARTESIAN_POINT ( 'NONE',  ( -33.89999999999999147, -3.000000000000000000, 5.800000000000014033 ) ) ;
#1269 = LINE ( 'NONE', #1635, #1510 ) ;
#1270 = EDGE_LOOP ( 'NONE', ( #1303, #2341, #1888, #1334, #579 ) ) ;
#1271 = ORIENTED_EDGE ( 'NONE', *, *, #1729, .T. ) ;
#1272 = EDGE_CURVE ( 'NONE', #645, #689, #2190, .T. ) ;
#1273 = ORIENTED_EDGE ( 'NONE', *, *, #2433, .T. ) ;
#1274 = DIRECTION ( 'NONE',  ( 1.000000000000000000, 0.000000000000000000, -1.280238727658160010E-16 ) ) ;
#1275 = VECTOR ( 'NONE', #432, 1000.000000000000227 ) ;
#1276 = FACE_OUTER_BOUND ( 'NONE', #2188, .T. ) ;
#1277 = ORIENTED_EDGE ( 'NONE', *, *, #817, .T. ) ;
#1278 = CARTESIAN_POINT ( 'NONE',  ( -33.89999999999999858, 1.000000000000000000, -19.29999999999998295 ) ) ;
#1279 = AXIS2_PLACEMENT_3D ( 'NONE', #1728, #232, #1213 ) ;
#1280 = FACE_OUTER_BOUND ( 'NONE', #1402, .T. ) ;
#1281 = PLANE ( 'NONE',  #1542 ) ;
#1282 = EDGE_CURVE ( 'NONE', #633, #1499, #1644, .T. ) ;
#1283 = DIRECTION ( 'NONE',  ( 1.810530971729451840E-16, 0.7071067811865451302, 0.7071067811865500152 ) ) ;
#1284 = ORIENTED_EDGE ( 'NONE', *, *, #2189, .F. ) ;
#1285 = ORIENTED_EDGE ( 'NONE', *, *, #1339, .T. ) ;
#1286 = VECTOR ( 'NONE', #165, 1000.000000000000227 ) ;
#1287 = DIRECTION ( 'NONE',  ( 0.000000000000000000, 1.000000000000000000, 0.000000000000000000 ) ) ;
#1288 = CARTESIAN_POINT ( 'NONE',  ( -27.34999999999999787, -2.199999999999998845, -25.66602540378442043 ) ) ;
#1289 = EDGE_CURVE ( 'NONE', #1474, #392, #131, .T. ) ;
#1290 = VERTEX_POINT ( 'NONE', #1081 ) ;
#1291 =( LENGTH_UNIT ( ) NAMED_UNIT ( * ) SI_UNIT ( .MILLI., .METRE. ) );
#1292 = CARTESIAN_POINT ( 'NONE',  ( -8.799999999999998934, -3.999999999999998224, -9.375735931288071257 ) ) ;
#1293 = DIRECTION ( 'NONE',  ( -0.000000000000000000, 1.000000000000000000, 0.000000000000000000 ) ) ;
#1294 = LINE ( 'NONE', #1816, #1463 ) ;
#1295 = CARTESIAN_POINT ( 'NONE',  ( -32.89999999999999858, -4.000000000000000000, 5.800000000000014033 ) ) ;
#1296 = ORIENTED_EDGE ( 'NONE', *, *, #644, .T. ) ;
#1297 = EDGE_CURVE ( 'NONE', #2434, #149, #2398, .T. ) ;
#1298 = ORIENTED_EDGE ( 'NONE', *, *, #1587, .F. ) ;
#1299 = ORIENTED_EDGE ( 'NONE', *, *, #394, .T. ) ;
#1300 = LINE ( 'NONE', #1676, #2094 ) ;
#1301 = CARTESIAN_POINT ( 'NONE',  ( -33.89999999999999858, 0.4999999999999961142, 4.340009286761162956E-15 ) ) ;
#1302 = DIRECTION ( 'NONE',  ( 0.5773502691896259531, 0.5773502691896217343, 0.5773502691896296168 ) ) ;
#1303 = ORIENTED_EDGE ( 'NONE', *, *, #2064, .T. ) ;
#1304 = CARTESIAN_POINT ( 'NONE',  ( -40.33333333333331439, -5.933333333333362880, -12.86666666666661918 ) ) ;
#1305 = DIRECTION ( 'NONE',  ( 0.000000000000000000, 0.000000000000000000, 1.000000000000000000 ) ) ;
#1306 = CARTESIAN_POINT ( 'NONE',  ( -33.89999999999999858, -4.000000000000000000, 5.800000000000014033 ) ) ;
#1307 = DIRECTION ( 'NONE',  ( 2.891205793294679312E-16, 0.000000000000000000, 1.000000000000000000 ) ) ;
#1308 = EDGE_LOOP ( 'NONE', ( #157, #1136, #1386 ) ) ;
#1309 = ADVANCED_FACE ( 'NONE', ( #533 ), #1281, .T. ) ;
#1310 = VECTOR ( 'NONE', #2116, 1000.000000000000000 ) ;
#1311 = VERTEX_POINT ( 'NONE', #387 ) ;
#1312 = AXIS2_PLACEMENT_3D ( 'NONE', #486, #1982, #1044 ) ;
#1313 = ORIENTED_EDGE ( 'NONE', *, *, #1114, .T. ) ;
#1314 = DIRECTION ( 'NONE',  ( 0.000000000000000000, 0.000000000000000000, 1.000000000000000000 ) ) ;
#1315 = DIRECTION ( 'NONE',  ( -1.810530971729433104E-16, 0.7071067811865524577, -0.7071067811865426878 ) ) ;
#1316 = ORIENTED_EDGE ( 'NONE', *, *, #2323, .F. ) ;
#1317 = DIRECTION ( 'NONE',  ( 1.810530971729451840E-16, 0.7071067811865451302, 0.7071067811865500152 ) ) ;
#1318 = AXIS2_PLACEMENT_3D ( 'NONE', #2299, #2125, #1554 ) ;
#1319 = DIRECTION ( 'NONE',  ( -0.7071067811865502373, -1.346073880468504976E-15, -0.7071067811865449082 ) ) ;
#1320 = PRODUCT_DEFINITION ( 'UNKNOWN', '', #799, #1250 ) ;
#1321 = AXIS2_PLACEMENT_3D ( 'NONE', #749, #1645, #1082 ) ;
#1322 = DIRECTION ( 'NONE',  ( -2.560477455316320513E-16, 0.000000000000000000, -1.000000000000000000 ) ) ;
#1323 = CARTESIAN_POINT ( 'NONE',  ( -8.299999999999997158, 1.000000000000000000, 7.300000000000006040 ) ) ;
#1324 = VERTEX_POINT ( 'NONE', #781 ) ;
#1325 = EDGE_CURVE ( 'NONE', #2221, #526, #1576, .T. ) ;
#1326 = CARTESIAN_POINT ( 'NONE',  ( -26.95000000000000284, 0.000000000000000000, -25.79999999999998295 ) ) ;
#1327 = EDGE_CURVE ( 'NONE', #1881, #915, #747, .T. ) ;
#1328 = CARTESIAN_POINT ( 'NONE',  ( -20.85000000000000142, -2.199999999999998845, -23.49999999999998579 ) ) ;
#1329 = ORIENTED_EDGE ( 'NONE', *, *, #108, .F. ) ;
#1330 = LINE ( 'NONE', #2252, #230 ) ;
#1331 = CARTESIAN_POINT ( 'NONE',  ( -20.85000000000000142, -0.8500000000000000888, -22.44999999999998863 ) ) ;
#1332 = PLANE ( 'NONE',  #15 ) ;
#1333 = DIRECTION ( 'NONE',  ( -2.560477455316320513E-16, 0.000000000000000000, -1.000000000000000000 ) ) ;
#1334 = ORIENTED_EDGE ( 'NONE', *, *, #1266, .T. ) ;
#1335 = DIRECTION ( 'NONE',  ( 1.000000000000000000, -0.000000000000000000, 3.307283379783587996E-17 ) ) ;
#1336 = EDGE_CURVE ( 'NONE', #2279, #2281, #982, .T. ) ;
#1337 = ORIENTED_EDGE ( 'NONE', *, *, #1289, .F. ) ;
#1338 = PLANE ( 'NONE',  #536 ) ;
#1339 = EDGE_CURVE ( 'NONE', #712, #193, #604, .T. ) ;
#1340 = ORIENTED_EDGE ( 'NONE', *, *, #1151, .F. ) ;
#1341 = CARTESIAN_POINT ( 'NONE',  ( -7.799999999999999822, 1.000000000000000000, -19.29999999999999361 ) ) ;
#1342 = ORIENTED_EDGE ( 'NONE', *, *, #1584, .T. ) ;
#1343 = EDGE_CURVE ( 'NONE', #780, #1780, #878, .T. ) ;
#1344 = CARTESIAN_POINT ( 'NONE',  ( -28.44999999999999218, 0.000000000000000000, -0.1499999999999946931 ) ) ;
#1345 = DIRECTION ( 'NONE',  ( -2.560477455316320513E-16, 0.000000000000000000, -1.000000000000000000 ) ) ;
#1346 = ORIENTED_EDGE ( 'NONE', *, *, #339, .T. ) ;
#1347 = EDGE_CURVE ( 'NONE', #1499, #1898, #2239, .T. ) ;
#1348 = CARTESIAN_POINT ( 'NONE',  ( -27.35000000000000142, 1.000000000000000000, -24.79999999999998295 ) ) ;
#1349 = CIRCLE ( 'NONE', #2403, 1.349999999999996980 ) ;
#1350 = ORIENTED_EDGE ( 'NONE', *, *, #2245, .T. ) ;
#1351 = DIRECTION ( 'NONE',  ( 0.000000000000000000, 0.000000000000000000, -1.000000000000000000 ) ) ;
#1352 = VERTEX_POINT ( 'NONE', #2095 ) ;
#1353 = VECTOR ( 'NONE', #2374, 1000.000000000000000 ) ;
#1354 = CARTESIAN_POINT ( 'NONE',  ( -19.78333333333333499, 0.6666666666666640761, -19.63333333333332575 ) ) ;
#1355 = CIRCLE ( 'NONE', #2260, 1.000000000000000888 ) ;
#1356 = CARTESIAN_POINT ( 'NONE',  ( -9.099999999999997868, -3.492887039320709430, -9.500000000000000000 ) ) ;
#1357 = ORIENTED_EDGE ( 'NONE', *, *, #1752, .F. ) ;
#1358 = CARTESIAN_POINT ( 'NONE',  ( -20.44999999999999929, 0.000000000000000000, -24.79999999999998650 ) ) ;
#1359 = ORIENTED_EDGE ( 'NONE', *, *, #1004, .F. ) ;
#1360 = ORIENTED_EDGE ( 'NONE', *, *, #404, .T. ) ;
#1361 = ADVANCED_BREP_SHAPE_REPRESENTATION ( 'camera_mount', ( #296, #2024 ), #967 ) ;
#1362 = CYLINDRICAL_SURFACE ( 'NONE', #291, 1.349999999999996980 ) ;
#1363 = CARTESIAN_POINT ( 'NONE',  ( -20.45000000000000284, -5.700000000000000178, -22.27184141886164781 ) ) ;
#1364 = ORIENTED_EDGE ( 'NONE', *, *, #1886, .T. ) ;
#1365 = VECTOR ( 'NONE', #719, 1000.000000000000114 ) ;
#1366 = DIRECTION ( 'NONE',  ( 0.000000000000000000, 0.000000000000000000, -1.000000000000000000 ) ) ;
#1367 = COLOUR_RGB ( '',0.7921568627450980005, 0.8196078431372548767, 0.9333333333333333481 ) ;
#1368 = EDGE_CURVE ( 'NONE', #1795, #1653, #226, .T. ) ;
#1369 = ORIENTED_EDGE ( 'NONE', *, *, #502, .F. ) ;
#1370 = EDGE_CURVE ( 'NONE', #136, #969, #235, .T. ) ;
#1371 = ORIENTED_EDGE ( 'NONE', *, *, #1527, .F. ) ;
#1372 = DIRECTION ( 'NONE',  ( 0.000000000000000000, 1.000000000000000000, 0.000000000000000000 ) ) ;
#1373 = DIRECTION ( 'NONE',  ( 2.560477455316320513E-16, 0.000000000000000000, 1.000000000000000000 ) ) ;
#1374 = CARTESIAN_POINT ( 'NONE',  ( -27.84999999999999432, 0.4999999999999995559, -19.79999999999998650 ) ) ;
#1375 = EDGE_LOOP ( 'NONE', ( #1298, #2400, #301, #2045 ) ) ;
#1376 = AXIS2_PLACEMENT_3D ( 'NONE', #24, #777, #675 ) ;
#1377 = VECTOR ( 'NONE', #498, 1000.000000000000000 ) ;
#1378 = CARTESIAN_POINT ( 'NONE',  ( -32.89999999999999858, -4.000000000000000000, 6.300000000000014033 ) ) ;
#1379 = ORIENTED_EDGE ( 'NONE', *, *, #216, .F. ) ;
#1380 = VECTOR ( 'NONE', #1481, 1000.000000000000114 ) ;
#1381 = ADVANCED_FACE ( 'NONE', ( #558 ), #1332, .F. ) ;
#1382 = VERTEX_POINT ( 'NONE', #1306 ) ;
#1383 = SURFACE_STYLE_USAGE ( .BOTH. , #593 ) ;
#1384 = DIRECTION ( 'NONE',  ( 0.000000000000000000, -1.000000000000000000, 0.000000000000000000 ) ) ;
#1385 = DIRECTION ( 'NONE',  ( 1.000000000000000000, 0.000000000000000000, -1.280238727658160010E-16 ) ) ;
#1386 = ORIENTED_EDGE ( 'NONE', *, *, #1455, .F. ) ;
#1387 = LINE ( 'NONE', #471, #1452 ) ;
#1388 = EDGE_CURVE ( 'NONE', #2192, #1881, #1154, .T. ) ;
#1389 = CARTESIAN_POINT ( 'NONE',  ( -15.74999999999999289, 0.5000000000000004441, -0.1499999999999979405 ) ) ;
#1390 = AXIS2_PLACEMENT_3D ( 'NONE', #1198, #268, #2320 ) ;
#1391 = VECTOR ( 'NONE', #484, 1000.000000000000000 ) ;
#1392 = ORIENTED_EDGE ( 'NONE', *, *, #1631, .F. ) ;
#1393 = EDGE_LOOP ( 'NONE', ( #302, #428, #7, #86, #563, #2122, #611, #987 ) ) ;
#1394 = CARTESIAN_POINT ( 'NONE',  ( -33.39999999999999147, 1.000000000000000000, 6.800000000000013145 ) ) ;
#1395 = PLANE ( 'NONE',  #1318 ) ;
#1396 = PLANE ( 'NONE',  #2129 ) ;
#1397 = CARTESIAN_POINT ( 'NONE',  ( -8.924264068711927678, -3.438475071455320720, -9.500000000000000000 ) ) ;
#1398 = CARTESIAN_POINT ( 'NONE',  ( -26.95000000000000284, -0.8500000000000000888, -24.84999999999998366 ) ) ;
#1399 = VECTOR ( 'NONE', #1889, 1000.000000000000000 ) ;
#1400 = ORIENTED_EDGE ( 'NONE', *, *, #2113, .T. ) ;
#1401 = CARTESIAN_POINT ( 'NONE',  ( -28.94999999999999574, 1.000000000000000000, 0.3500000000000093592 ) ) ;
#1402 = EDGE_LOOP ( 'NONE', ( #1195, #1853, #1350, #1513, #910, #547, #413, #1246 ) ) ;
#1403 = ORIENTED_EDGE ( 'NONE', *, *, #1370, .T. ) ;
#1404 = LINE ( 'NONE', #1788, #1558 ) ;
#1405 = EDGE_CURVE ( 'NONE', #1767, #403, #374, .T. ) ;
#1406 = ADVANCED_FACE ( 'NONE', ( #1165 ), #1141, .F. ) ;
#1407 = CARTESIAN_POINT ( 'NONE',  ( -20.44999999999999929, -2.700000000000000178, -24.79999999999998650 ) ) ;
#1408 = DIRECTION ( 'NONE',  ( -1.000000000000000000, 0.000000000000000000, 2.560477455316320513E-16 ) ) ;
#1409 = DIRECTION ( 'NONE',  ( -2.560477455316320513E-16, -0.000000000000000000, -1.000000000000000000 ) ) ;
#1410 = DIRECTION ( 'NONE',  ( -0.000000000000000000, 1.000000000000000000, 0.000000000000000000 ) ) ;
#1411 = LINE ( 'NONE', #2163, #1391 ) ;
#1412 = EDGE_CURVE ( 'NONE', #68, #1216, #21, .T. ) ;
#1413 = VERTEX_POINT ( 'NONE', #1722 ) ;
#1414 = DIRECTION ( 'NONE',  ( -1.000000000000000000, 0.000000000000000000, 2.560477455316320513E-16 ) ) ;
#1415 = ORIENTED_EDGE ( 'NONE', *, *, #1297, .F. ) ;
#1416 = ORIENTED_EDGE ( 'NONE', *, *, #2415, .T. ) ;
#1417 = EDGE_CURVE ( 'NONE', #2276, #1653, #989, .T. ) ;
#1418 = DIRECTION ( 'NONE',  ( -1.000000000000000000, 0.000000000000000000, -5.238346260426492220E-17 ) ) ;
#1419 = AXIS2_PLACEMENT_3D ( 'NONE', #2232, #365, #2196 ) ;
#1420 = VECTOR ( 'NONE', #1961, 1000.000000000000000 ) ;
#1421 = DIRECTION ( 'NONE',  ( -2.338602505150531431E-17, 0.7071067811865500152, 0.7071067811865451302 ) ) ;
#1422 = CARTESIAN_POINT ( 'NONE',  ( -8.799999999999995381, -4.000000000000000000, 6.300000000000006040 ) ) ;
#1423 = FACE_OUTER_BOUND ( 'NONE', #1830, .T. ) ;
#1424 = AXIS2_PLACEMENT_3D ( 'NONE', #252, #2362, #450 ) ;
#1425 = EDGE_CURVE ( 'NONE', #1951, #860, #2136, .T. ) ;
#1426 = LINE ( 'NONE', #509, #1983 ) ;
#1427 = ORIENTED_EDGE ( 'NONE', *, *, #1080, .F. ) ;
#1428 = DIRECTION ( 'NONE',  ( -0.5773502691896272854, 0.5773502691896271743, -0.5773502691896230665 ) ) ;
#1429 = CIRCLE ( 'NONE', #1508, 1.049999999999998934 ) ;
#1430 = ORIENTED_EDGE ( 'NONE', *, *, #670, .F. ) ;
#1431 = AXIS2_PLACEMENT_3D ( 'NONE', #560, #2228, #2073 ) ;
#1432 = ORIENTED_EDGE ( 'NONE', *, *, #1064, .T. ) ;
#1433 = LINE ( 'NONE', #2330, #621 ) ;
#1434 = PLANE ( 'NONE',  #647 ) ;
#1435 = DIRECTION ( 'NONE',  ( -1.000000000000000000, 0.000000000000000000, -3.307283379783587996E-17 ) ) ;
#1436 = CARTESIAN_POINT ( 'NONE',  ( -22.30000000000000071, -4.000000000000000000, -18.79999999999999005 ) ) ;
#1437 = EDGE_CURVE ( 'NONE', #1196, #1101, #51, .T. ) ;
#1438 = PLANE ( 'NONE',  #1897 ) ;
#1439 = CARTESIAN_POINT ( 'NONE',  ( -28.89999999999999858, -4.000000000000000000, -18.79999999999998650 ) ) ;
#1440 = ORIENTED_EDGE ( 'NONE', *, *, #1112, .T. ) ;
#1441 = ORIENTED_EDGE ( 'NONE', *, *, #2189, .T. ) ;
#1442 = ORIENTED_EDGE ( 'NONE', *, *, #1455, .T. ) ;
#1443 = EDGE_CURVE ( 'NONE', #1698, #2221, #1523, .T. ) ;
#1444 = CARTESIAN_POINT ( 'NONE',  ( -15.59999999999999964, -0.4999999999999900080, -18.79999999999999005 ) ) ;
#1445 = PLANE ( 'NONE',  #1627 ) ;
#1446 = DIRECTION ( 'NONE',  ( 8.331327778276987206E-17, 0.7071067811865426878, 0.7071067811865524577 ) ) ;
#1447 = CARTESIAN_POINT ( 'NONE',  ( -26.64999999999999858, -0.8500000000000003109, -22.44999999999998508 ) ) ;
#1448 = DIRECTION ( 'NONE',  ( 1.178227673661494138E-16, 0.000000000000000000, 1.000000000000000000 ) ) ;
#1449 = ORIENTED_EDGE ( 'NONE', *, *, #1325, .F. ) ;
#1450 = EDGE_CURVE ( 'NONE', #1014, #1474, #1355, .T. ) ;
#1451 = EDGE_LOOP ( 'NONE', ( #1815, #1181, #1796, #980, #1585, #1415, #535, #1530, #762 ) ) ;
#1452 = VECTOR ( 'NONE', #998, 1000.000000000000000 ) ;
#1453 = ORIENTED_EDGE ( 'NONE', *, *, #1930, .T. ) ;
#1454 = PLANE ( 'NONE',  #2257 ) ;
#1455 = EDGE_CURVE ( 'NONE', #1863, #1692, #88, .T. ) ;
#1456 = DIRECTION ( 'NONE',  ( 2.017683769156827345E-16, 0.6156614753256622885, 0.7880107536067187946 ) ) ;
#1457 = ORIENTED_EDGE ( 'NONE', *, *, #5, .F. ) ;
#1458 = DIRECTION ( 'NONE',  ( 1.000000000000000000, -0.000000000000000000, -2.891205793294679312E-16 ) ) ;
#1459 = DIRECTION ( 'NONE',  ( 0.000000000000000000, 1.000000000000000000, 0.000000000000000000 ) ) ;
#1460 = CARTESIAN_POINT ( 'NONE',  ( -20.84999999999999432, 0.4999999999999973910, 6.375198516396089158E-16 ) ) ;
#1461 = ORIENTED_EDGE ( 'NONE', *, *, #2401, .F. ) ;
#1462 = ORIENTED_EDGE ( 'NONE', *, *, #2270, .T. ) ;
#1463 = VECTOR ( 'NONE', #2043, 1000.000000000000000 ) ;
#1464 = ADVANCED_FACE ( 'NONE', ( #839 ), #2307, .T. ) ;
#1465 = ORIENTED_EDGE ( 'NONE', *, *, #1187, .T. ) ;
#1466 = DIRECTION ( 'NONE',  ( 4.694746177489516346E-15, 0.7071067811865500152, -0.7071067811865450192 ) ) ;
#1467 = LINE ( 'NONE', #2173, #1819 ) ;
#1468 = ORIENTED_EDGE ( 'NONE', *, *, #239, .T. ) ;
#1469 = CARTESIAN_POINT ( 'NONE',  ( -22.59999999999999076, -3.765614312047981027, 6.000000000000008882 ) ) ;
#1470 = CARTESIAN_POINT ( 'NONE',  ( -20.85000000000000142, -0.8500000000000000888, -22.14999999999998792 ) ) ;
#1471 = DIRECTION ( 'NONE',  ( 0.000000000000000000, -1.000000000000000000, 0.000000000000000000 ) ) ;
#1472 = CARTESIAN_POINT ( 'NONE',  ( -28.59999999999999432, 0.000000000000000000, 5.325793107057945168E-15 ) ) ;
#1473 = ORIENTED_EDGE ( 'NONE', *, *, #1011, .T. ) ;
#1474 = VERTEX_POINT ( 'NONE', #1407 ) ;
#1475 = VECTOR ( 'NONE', #707, 1000.000000000000000 ) ;
#1476 = CARTESIAN_POINT ( 'NONE',  ( -28.94999999999999574, 1.000000000000000000, -0.1499999999999945544 ) ) ;
#1477 = CARTESIAN_POINT ( 'NONE',  ( -15.74999999999999289, -18.03468879687142845, -0.1499999999999979405 ) ) ;
#1478 = FACE_OUTER_BOUND ( 'NONE', #237, .T. ) ;
#1479 = EDGE_CURVE ( 'NONE', #485, #948, #2177, .T. ) ;
#1480 = ORIENTED_EDGE ( 'NONE', *, *, #614, .F. ) ;
#1481 = DIRECTION ( 'NONE',  ( 3.059663648405800204E-16, 0.2957706001702456455, 0.9552589973797329659 ) ) ;
#1482 = CARTESIAN_POINT ( 'NONE',  ( -8.799999999999998934, -3.400000000000000355, -15.80000000000000071 ) ) ;
#1483 = FACE_OUTER_BOUND ( 'NONE', #2084, .T. ) ;
#1484 = TOROIDAL_SURFACE ( 'NONE', #2115, 1.049999999999998712, 0.2999999999999999889 ) ;
#1485 = CARTESIAN_POINT ( 'NONE',  ( -15.74999999999999645, 0.000000000000000000, -12.34999999999999787 ) ) ;
#1486 = DIRECTION ( 'NONE',  ( 2.560477455316320513E-16, -4.713922489067411333E-17, 1.000000000000000000 ) ) ;
#1487 = VERTEX_POINT ( 'NONE', #1938 ) ;
#1488 = ORIENTED_EDGE ( 'NONE', *, *, #897, .F. ) ;
#1489 = DIRECTION ( 'NONE',  ( -1.000000000000000000, 0.000000000000000000, 2.560477455316320513E-16 ) ) ;
#1490 = AXIS2_PLACEMENT_3D ( 'NONE', #958, #1695, #584 ) ;
#1491 = EDGE_CURVE ( 'NONE', #389, #1520, #1188, .T. ) ;
#1492 = CARTESIAN_POINT ( 'NONE',  ( -20.45000000000000284, 1.000000000000000000, -19.79999999999998650 ) ) ;
#1493 = ORIENTED_EDGE ( 'NONE', *, *, #2113, .F. ) ;
#1494 = CARTESIAN_POINT ( 'NONE',  ( -22.29999999999999005, -4.000000000000000000, 6.300000000000010481 ) ) ;
#1495 = CARTESIAN_POINT ( 'NONE',  ( -26.95000000000000284, 0.4999999999999986122, -25.66602540378442043 ) ) ;
#1496 = DIRECTION ( 'NONE',  ( 0.000000000000000000, 1.000000000000000000, 0.000000000000000000 ) ) ;
#1497 = DIRECTION ( 'NONE',  ( -5.208511657385832107E-15, 0.7071067811865500152, -0.7071067811865450192 ) ) ;
#1498 = CARTESIAN_POINT ( 'NONE',  ( -28.59999999999999076, -3.765614312047981027, 6.000000000000010658 ) ) ;
#1499 = VERTEX_POINT ( 'NONE', #1949 ) ;
#1500 = EDGE_CURVE ( 'NONE', #1171, #1324, #1429, .T. ) ;
#1501 = CIRCLE ( 'NONE', #1146, 1.049999999999998934 ) ;
#1502 = CARTESIAN_POINT ( 'NONE',  ( -15.59999999999999432, 1.000000000000000000, 1.997172415146728945E-15 ) ) ;
#1503 = VECTOR ( 'NONE', #1966, 1000.000000000000000 ) ;
#1504 = ORIENTED_EDGE ( 'NONE', *, *, #1368, .T. ) ;
#1505 = CARTESIAN_POINT ( 'NONE',  ( -33.39999999999999147, 0.4999999999999961142, 7.300000000000014033 ) ) ;
#1506 = ORIENTED_EDGE ( 'NONE', *, *, #1613, .F. ) ;
#1507 = LINE ( 'NONE', #141, #1593 ) ;
#1508 = AXIS2_PLACEMENT_3D ( 'NONE', #1017, #1544, #1209 ) ;
#1509 = LINE ( 'NONE', #196, #1111 ) ;
#1510 = VECTOR ( 'NONE', #701, 1000.000000000000114 ) ;
#1511 = CARTESIAN_POINT ( 'NONE',  ( -28.72426406871192839, -3.400000000000000799, -18.79999999999998650 ) ) ;
#1512 = CARTESIAN_POINT ( 'NONE',  ( -20.85000000000000142, -2.199999999999998845, -23.49999999999998579 ) ) ;
#1513 = ORIENTED_EDGE ( 'NONE', *, *, #327, .F. ) ;
#1514 = CARTESIAN_POINT ( 'NONE',  ( -20.45000000000000284, -0.8500000000000000888, -23.49999999999998579 ) ) ;
#1515 = ADVANCED_FACE ( 'NONE', ( #77 ), #1395, .F. ) ;
#1516 = EDGE_LOOP ( 'NONE', ( #2364, #1621, #561, #2407, #1504, #2427 ) ) ;
#1517 = ADVANCED_FACE ( 'NONE', ( #277 ), #625, .T. ) ;
#1518 = ADVANCED_FACE ( 'NONE', ( #444 ), #2331, .F. ) ;
#1519 = DIRECTION ( 'NONE',  ( 0.000000000000000000, 0.000000000000000000, -1.000000000000000000 ) ) ;
#1520 = VERTEX_POINT ( 'NONE', #259 ) ;
#1521 = FILL_AREA_STYLE ('',( #1541 ) ) ;
#1522 = VERTEX_POINT ( 'NONE', #660 ) ;
#1523 = LINE ( 'NONE', #2277, #2332 ) ;
#1524 = DIRECTION ( 'NONE',  ( 0.000000000000000000, 0.000000000000000000, -1.000000000000000000 ) ) ;
#1525 = VERTEX_POINT ( 'NONE', #2159 ) ;
#1526 = DIRECTION ( 'NONE',  ( 0.000000000000000000, 0.000000000000000000, -1.000000000000000000 ) ) ;
#1527 = EDGE_CURVE ( 'NONE', #1608, #1842, #1778, .T. ) ;
#1528 = ORIENTED_EDGE ( 'NONE', *, *, #1437, .T. ) ;
#1529 = CARTESIAN_POINT ( 'NONE',  ( -28.44999999999999218, -18.03468879687142845, -0.1499999999999946931 ) ) ;
#1530 = ORIENTED_EDGE ( 'NONE', *, *, #1159, .T. ) ;
#1531 = CARTESIAN_POINT ( 'NONE',  ( -15.74999999999999289, -18.03468879687142845, -0.1499999999999979405 ) ) ;
#1532 = DIRECTION ( 'NONE',  ( -0.000000000000000000, 1.000000000000000000, -0.000000000000000000 ) ) ;
#1533 = ORIENTED_EDGE ( 'NONE', *, *, #813, .F. ) ;
#1534 = CYLINDRICAL_SURFACE ( 'NONE', #2009, 0.2999999999999999334 ) ;
#1535 = VECTOR ( 'NONE', #1689, 1000.000000000000000 ) ;
#1536 = AXIS2_PLACEMENT_3D ( 'NONE', #616, #637, #260 ) ;
#1537 = EDGE_LOOP ( 'NONE', ( #384, #1923, #1097 ) ) ;
#1538 = AXIS2_PLACEMENT_3D ( 'NONE', #429, #440, #1172 ) ;
#1539 = ADVANCED_FACE ( 'NONE', ( #1756 ), #66, .F. ) ;
#1540 = ORIENTED_EDGE ( 'NONE', *, *, #1500, .T. ) ;
#1541 = FILL_AREA_STYLE_COLOUR ( '', #1367 ) ;
#1542 = AXIS2_PLACEMENT_3D ( 'NONE', #959, #1906, #2072 ) ;
#1543 = EDGE_CURVE ( 'NONE', #2097, #2388, #826, .T. ) ;
#1544 = DIRECTION ( 'NONE',  ( 1.000000000000000000, -0.000000000000000000, 3.307283379783587996E-17 ) ) ;
#1545 = VECTOR ( 'NONE', #491, 1000.000000000000000 ) ;
#1546 = CARTESIAN_POINT ( 'NONE',  ( -8.799999999999997158, -4.000000000000000000, -9.500000000000000000 ) ) ;
#1547 = ORIENTED_EDGE ( 'NONE', *, *, #377, .F. ) ;
#1548 = EDGE_CURVE ( 'NONE', #645, #464, #2345, .T. ) ;
#1549 = AXIS2_PLACEMENT_3D ( 'NONE', #2426, #1333, #388 ) ;
#1550 = FACE_OUTER_BOUND ( 'NONE', #408, .T. ) ;
#1551 = EDGE_LOOP ( 'NONE', ( #1457, #228, #2218, #273, #223 ) ) ;
#1552 = ORIENTED_EDGE ( 'NONE', *, *, #699, .F. ) ;
#1553 = CARTESIAN_POINT ( 'NONE',  ( -22.59999999999999432, 0.000000000000000000, -12.49999999999998401 ) ) ;
#1554 = DIRECTION ( 'NONE',  ( -1.000000000000000000, 0.000000000000000000, 1.280238727658160010E-16 ) ) ;
#1555 = DIRECTION ( 'NONE',  ( -2.560477455316320513E-16, 0.000000000000000000, -1.000000000000000000 ) ) ;
#1556 = ORIENTED_EDGE ( 'NONE', *, *, #360, .T. ) ;
#1557 = DIRECTION ( 'NONE',  ( 0.000000000000000000, 1.000000000000000000, 0.000000000000000000 ) ) ;
#1558 = VECTOR ( 'NONE', #267, 1000.000000000000000 ) ;
#1559 = ORIENTED_EDGE ( 'NONE', *, *, #242, .T. ) ;
#1560 = ORIENTED_EDGE ( 'NONE', *, *, #427, .F. ) ;
#1561 = SURFACE_STYLE_FILL_AREA ( #1521 ) ;
#1562 = ADVANCED_FACE ( 'NONE', ( #479 ), #1362, .F. ) ;
#1563 = DIRECTION ( 'NONE',  ( -0.7071067811865424657, 0.000000000000000000, 0.7071067811865526798 ) ) ;
#1564 = DIRECTION ( 'NONE',  ( 0.000000000000000000, 0.000000000000000000, 1.000000000000000000 ) ) ;
#1565 = VERTEX_POINT ( 'NONE', #247 ) ;
#1566 = AXIS2_PLACEMENT_3D ( 'NONE', #1358, #390, #1526 ) ;
#1567 = LINE ( 'NONE', #1603, #2316 ) ;
#1568 = CARTESIAN_POINT ( 'NONE',  ( -7.799999999999996270, 0.4999999999999961142, 6.800000000000006040 ) ) ;
#1569 = ORIENTED_EDGE ( 'NONE', *, *, #1282, .F. ) ;
#1570 = VECTOR ( 'NONE', #2225, 1000.000000000000000 ) ;
#1571 = ORIENTED_EDGE ( 'NONE', *, *, #404, .F. ) ;
#1572 = CARTESIAN_POINT ( 'NONE',  ( -28.89999999999998792, -4.000000000000000000, 6.300000000000013145 ) ) ;
#1573 = DIRECTION ( 'NONE',  ( 0.7071067811865502373, 0.000000000000000000, 0.7071067811865449082 ) ) ;
#1574 = DIRECTION ( 'NONE',  ( -1.000000000000000000, 0.000000000000000000, 1.280238727658160010E-16 ) ) ;
#1575 = ORIENTED_EDGE ( 'NONE', *, *, #1959, .F. ) ;
#1576 = CIRCLE ( 'NONE', #2373, 1.000000000000000888 ) ;
#1577 = CARTESIAN_POINT ( 'NONE',  ( -22.47573593128805669, -3.400000000000000799, 6.300000000000008704 ) ) ;
#1578 = DIRECTION ( 'NONE',  ( 0.6156614753256623995, 0.7880107536067187946, -1.576387327678143726E-16 ) ) ;
#1579 = LINE ( 'NONE', #818, #2170 ) ;
#1580 = AXIS2_PLACEMENT_3D ( 'NONE', #636, #292, #1373 ) ;
#1581 =( BOUNDED_CURVE ( )  B_SPLINE_CURVE ( 3, ( #1750, #1606, #62, #1932 ),
 .UNSPECIFIED., .F., .T. ) 
 B_SPLINE_CURVE_WITH_KNOTS ( ( 4, 4 ),
 ( 3.141592653589804218, 4.712388980384700332 ),
 .UNSPECIFIED. ) 
 CURVE ( )  GEOMETRIC_REPRESENTATION_ITEM ( )  RATIONAL_B_SPLINE_CURVE ( ( 1.000000000000000000, 0.8047378541243650485, 0.8047378541243650485, 1.000000000000000000 ) ) 
 REPRESENTATION_ITEM ( '' )  );
#1582 = VECTOR ( 'NONE', #1592, 1000.000000000000000 ) ;
#1583 = VERTEX_POINT ( 'NONE', #995 ) ;
#1584 = EDGE_CURVE ( 'NONE', #23, #1795, #56, .T. ) ;
#1585 = ORIENTED_EDGE ( 'NONE', *, *, #614, .T. ) ;
#1586 = CARTESIAN_POINT ( 'NONE',  ( -27.34999999999999787, 0.4999999999999985012, -23.49999999999998224 ) ) ;
#1587 = EDGE_CURVE ( 'NONE', #862, #1829, #130, .T. ) ;
#1588 = DIRECTION ( 'NONE',  ( 1.000000000000000000, -0.000000000000000000, 3.307283379783587996E-17 ) ) ;
#1589 = DIRECTION ( 'NONE',  ( 1.000000000000000000, 0.000000000000000000, -3.280279727505866933E-16 ) ) ;
#1590 = PLANE ( 'NONE',  #823 ) ;
#1591 = DIRECTION ( 'NONE',  ( 1.000000000000000000, 0.000000000000000000, -2.891205793294679312E-16 ) ) ;
#1592 = DIRECTION ( 'NONE',  ( -0.000000000000000000, 1.000000000000000000, -0.000000000000000000 ) ) ;
#1593 = VECTOR ( 'NONE', #1129, 1000.000000000000000 ) ;
#1594 = EDGE_LOOP ( 'NONE', ( #1801, #793, #47, #1786, #477, #2021 ) ) ;
#1595 = LINE ( 'NONE', #70, #680 ) ;
#1596 = EDGE_CURVE ( 'NONE', #1698, #594, #171, .T. ) ;
#1597 = ORIENTED_EDGE ( 'NONE', *, *, #463, .T. ) ;
#1598 = ORIENTED_EDGE ( 'NONE', *, *, #562, .T. ) ;
#1599 = DIRECTION ( 'NONE',  ( -0.9552589973797344092, -0.2957706001702409271, 2.445919126778882301E-16 ) ) ;
#1600 = DIRECTION ( 'NONE',  ( 1.000000000000000000, 0.000000000000000000, -1.280238727658160010E-16 ) ) ;
#1601 = CARTESIAN_POINT ( 'NONE',  ( -20.84999999999999432, -2.199999999999998845, 6.139502391942716742E-16 ) ) ;
#1602 = CARTESIAN_POINT ( 'NONE',  ( -20.45000000000000284, 0.4999999999999985012, -23.49999999999998579 ) ) ;
#1603 = CARTESIAN_POINT ( 'NONE',  ( -8.799999999999998934, -4.000000000000000000, -15.50000000000000000 ) ) ;
#1604 = CARTESIAN_POINT ( 'NONE',  ( -22.59999999999999787, -3.492887039320711207, -18.49999999999998579 ) ) ;
#1605 = ORIENTED_EDGE ( 'NONE', *, *, #1543, .F. ) ;
#1606 = CARTESIAN_POINT ( 'NONE',  ( -22.47573593128807445, -3.400000000000001243, -18.79999999999998650 ) ) ;
#1607 = CIRCLE ( 'NONE', #748, 1.349999999999996980 ) ;
#1608 = VERTEX_POINT ( 'NONE', #853 ) ;
#1609 = ORIENTED_EDGE ( 'NONE', *, *, #846, .F. ) ;
#1610 = DIRECTION ( 'NONE',  ( 0.2957706001702409826, -0.9552589973797345202, -7.573139536812795179E-17 ) ) ;
#1611 = UNCERTAINTY_MEASURE_WITH_UNIT (LENGTH_MEASURE( 1.000000000000000082E-05 ), #1291, 'distance_accuracy_value', 'NONE');
#1612 = AXIS2_PLACEMENT_3D ( 'NONE', #1363, #973, #1524 ) ;
#1613 = EDGE_CURVE ( 'NONE', #1023, #2221, #865, .T. ) ;
#1614 = CARTESIAN_POINT ( 'NONE',  ( -27.30000000000000426, 7.100000000000038725, -13.19999999999990159 ) ) ;
#1615 = DIRECTION ( 'NONE',  ( 0.000000000000000000, -1.000000000000000000, 0.000000000000000000 ) ) ;
#1616 = LINE ( 'NONE', #855, #1793 ) ;
#1617 = VECTOR ( 'NONE', #640, 1000.000000000000000 ) ;
#1618 = EDGE_CURVE ( 'NONE', #526, #1116, #1652, .T. ) ;
#1619 = DIRECTION ( 'NONE',  ( 0.000000000000000000, 0.000000000000000000, -1.000000000000000000 ) ) ;
#1620 = FACE_OUTER_BOUND ( 'NONE', #2035, .T. ) ;
#1621 = ORIENTED_EDGE ( 'NONE', *, *, #2086, .F. ) ;
#1622 = EDGE_CURVE ( 'NONE', #441, #1125, #1467, .T. ) ;
#1623 = CARTESIAN_POINT ( 'NONE',  ( -20.85000000000000142, 0.4999999999999985012, -23.49999999999998579 ) ) ;
#1624 = EDGE_CURVE ( 'NONE', #770, #1933, #305, .T. ) ;
#1625 = AXIS2_PLACEMENT_3D ( 'NONE', #932, #2438, #2254 ) ;
#1626 = ORIENTED_EDGE ( 'NONE', *, *, #2176, .F. ) ;
#1627 = AXIS2_PLACEMENT_3D ( 'NONE', #516, #504, #114 ) ;
#1628 = ORIENTED_EDGE ( 'NONE', *, *, #2081, .T. ) ;
#1629 = DIRECTION ( 'NONE',  ( 1.000000000000000000, 0.000000000000000000, -2.560477455316320513E-16 ) ) ;
#1630 = PLANE ( 'NONE',  #763 ) ;
#1631 = EDGE_CURVE ( 'NONE', #1160, #1062, #2002, .T. ) ;
#1632 = CARTESIAN_POINT ( 'NONE',  ( -15.59999999999999254, -4.000000000000000000, 5.800000000000009592 ) ) ;
#1633 = DIRECTION ( 'NONE',  ( -1.000000000000000000, 0.000000000000000000, -3.307283379783587996E-17 ) ) ;
#1634 = DIRECTION ( 'NONE',  ( 0.000000000000000000, 0.000000000000000000, 1.000000000000000000 ) ) ;
#1635 = CARTESIAN_POINT ( 'NONE',  ( -20.44999999999999929, -11.64999999999997904, -11.65000000000005898 ) ) ;
#1636 = ORIENTED_EDGE ( 'NONE', *, *, #1259, .T. ) ;
#1637 = ORIENTED_EDGE ( 'NONE', *, *, #2149, .F. ) ;
#1638 = EDGE_CURVE ( 'NONE', #1898, #2261, #1989, .T. ) ;
#1639 = DIRECTION ( 'NONE',  ( 0.000000000000000000, 0.000000000000000000, -1.000000000000000000 ) ) ;
#1640 = DIRECTION ( 'NONE',  ( 0.000000000000000000, 0.000000000000000000, 1.000000000000000000 ) ) ;
#1641 = CARTESIAN_POINT ( 'NONE',  ( -22.59999999999999076, -3.902914269224123878, 6.175735931288081737 ) ) ;
#1642 = CARTESIAN_POINT ( 'NONE',  ( -9.350000000000001421, -3.570292905421299956, -15.50000000000000000 ) ) ;
#1643 = ADVANCED_FACE ( 'NONE', ( #696 ), #1630, .T. ) ;
#1644 = LINE ( 'NONE', #508, #1661 ) ;
#1645 = DIRECTION ( 'NONE',  ( -1.000000000000000000, 0.000000000000000000, -3.307283379783587996E-17 ) ) ;
#1646 = EDGE_LOOP ( 'NONE', ( #12, #2155, #1667, #1019, #2169, #2057 ) ) ;
#1647 = EDGE_CURVE ( 'NONE', #361, #2192, #1833, .T. ) ;
#1648 =( BOUNDED_CURVE ( )  B_SPLINE_CURVE ( 3, ( #1691, #407, #913, #2432 ),
 .UNSPECIFIED., .F., .T. ) 
 B_SPLINE_CURVE_WITH_KNOTS ( ( 4, 4 ),
 ( 3.141592653589793116, 4.712388980384689674 ),
 .UNSPECIFIED. ) 
 CURVE ( )  GEOMETRIC_REPRESENTATION_ITEM ( )  RATIONAL_B_SPLINE_CURVE ( ( 1.000000000000000000, 0.8047378541243649375, 0.8047378541243649375, 1.000000000000000000 ) ) 
 REPRESENTATION_ITEM ( '' )  );
#1649 = ORIENTED_EDGE ( 'NONE', *, *, #1624, .T. ) ;
#1650 = VERTEX_POINT ( 'NONE', #2039 ) ;
#1651 = CARTESIAN_POINT ( 'NONE',  ( -32.89999999999999858, 0.000000000000000000, 6.300000000000014033 ) ) ;
#1652 = LINE ( 'NONE', #1235, #490 ) ;
#1653 = VERTEX_POINT ( 'NONE', #1813 ) ;
#1654 = VECTOR ( 'NONE', #1489, 1000.000000000000000 ) ;
#1655 = CARTESIAN_POINT ( 'NONE',  ( -27.34999999999999787, -3.499999999999996003, -20.29999999999998650 ) ) ;
#1656 = DIRECTION ( 'NONE',  ( -1.000000000000000000, 0.000000000000000000, 2.560477455316320513E-16 ) ) ;
#1657 = CARTESIAN_POINT ( 'NONE',  ( -33.89999999999999858, -4.000000000000000000, -18.29999999999998650 ) ) ;
#1658 = DIRECTION ( 'NONE',  ( 0.5773502691896217343, -0.5773502691896257311, -0.5773502691896299499 ) ) ;
#1659 = ORIENTED_EDGE ( 'NONE', *, *, #470, .T. ) ;
#1660 = ORIENTED_EDGE ( 'NONE', *, *, #864, .F. ) ;
#1661 = VECTOR ( 'NONE', #1069, 1000.000000000000000 ) ;
#1662 = ADVANCED_FACE ( 'NONE', ( #716 ), #1799, .T. ) ;
#1663 = VECTOR ( 'NONE', #572, 1000.000000000000000 ) ;
#1664 = CARTESIAN_POINT ( 'NONE',  ( -20.44999999999999929, -2.999999999999999112, -20.29999999999998295 ) ) ;
#1665 = DIRECTION ( 'NONE',  ( 1.280238727658160256E-16, 0.000000000000000000, 1.000000000000000000 ) ) ;
#1666 = DIRECTION ( 'NONE',  ( 0.000000000000000000, 0.000000000000000000, -1.000000000000000000 ) ) ;
#1667 = ORIENTED_EDGE ( 'NONE', *, *, #898, .T. ) ;
#1668 = LINE ( 'NONE', #2069, #1380 ) ;
#1669 = PLANE ( 'NONE',  #544 ) ;
#1670 = CARTESIAN_POINT ( 'NONE',  ( -28.44999999999999218, 0.5000000000000004441, -0.1499999999999946931 ) ) ;
#1671 = CARTESIAN_POINT ( 'NONE',  ( -28.44999999999999218, -18.03468879687142845, -0.1499999999999946931 ) ) ;
#1672 = CARTESIAN_POINT ( 'NONE',  ( -20.85000000000000142, -0.8500000000000000888, -23.49999999999998579 ) ) ;
#1673 = EDGE_LOOP ( 'NONE', ( #454, #243, #1809, #2210 ) ) ;
#1674 = ORIENTED_EDGE ( 'NONE', *, *, #1151, .T. ) ;
#1675 = ADVANCED_FACE ( 'NONE', ( #1276 ), #1445, .T. ) ;
#1676 = CARTESIAN_POINT ( 'NONE',  ( -22.59999999999999787, -4.000000000000000000, -18.79999999999998650 ) ) ;
#1677 = FACE_OUTER_BOUND ( 'NONE', #2138, .T. ) ;
#1678 = EDGE_CURVE ( 'NONE', #164, #1499, #1264, .T. ) ;
#1679 = ORIENTED_EDGE ( 'NONE', *, *, #1080, .T. ) ;
#1680 = CARTESIAN_POINT ( 'NONE',  ( -15.59999999999999964, -4.000000000000000000, -19.29999999999999005 ) ) ;
#1681 = FACE_OUTER_BOUND ( 'NONE', #1270, .T. ) ;
#1682 = VECTOR ( 'NONE', #1947, 1000.000000000000114 ) ;
#1683 = CARTESIAN_POINT ( 'NONE',  ( -28.60000000000000142, -3.492887039320711207, -18.49999999999998579 ) ) ;
#1684 = DIRECTION ( 'NONE',  ( -5.180756081770207927E-15, -0.7071067811865500152, -0.7071067811865451302 ) ) ;
#1685 = ORIENTED_EDGE ( 'NONE', *, *, #2290, .T. ) ;
#1686 = DIRECTION ( 'NONE',  ( 1.178227673661494138E-16, 0.000000000000000000, 1.000000000000000000 ) ) ;
#1687 = ORIENTED_EDGE ( 'NONE', *, *, #1647, .T. ) ;
#1688 = AXIS2_PLACEMENT_3D ( 'NONE', #856, #1202, #1791 ) ;
#1689 = DIRECTION ( 'NONE',  ( -1.000000000000000000, 0.000000000000000000, -3.307283379783592927E-17 ) ) ;
#1690 = VECTOR ( 'NONE', #872, 1000.000000000000227 ) ;
#1691 = CARTESIAN_POINT ( 'NONE',  ( -28.89999999999999858, -4.000000000000000000, -18.79999999999998650 ) ) ;
#1692 = VERTEX_POINT ( 'NONE', #2356 ) ;
#1693 = DIRECTION ( 'NONE',  ( 1.000000000000000000, 0.000000000000000000, -3.084312081358969735E-16 ) ) ;
#1694 = EDGE_CURVE ( 'NONE', #712, #395, #671, .T. ) ;
#1695 = DIRECTION ( 'NONE',  ( -0.000000000000000000, 1.000000000000000000, 0.000000000000000000 ) ) ;
#1696 = DIRECTION ( 'NONE',  ( 2.560477455316320513E-16, 0.000000000000000000, 1.000000000000000000 ) ) ;
#1697 = PLANE ( 'NONE',  #1431 ) ;
#1698 = VERTEX_POINT ( 'NONE', #2369 ) ;
#1699 = VECTOR ( 'NONE', #194, 1000.000000000000000 ) ;
#1700 = CARTESIAN_POINT ( 'NONE',  ( -20.45000000000000284, -0.8500000000000000888, -23.49999999999998579 ) ) ;
#1701 = EDGE_CURVE ( 'NONE', #1147, #1311, #686, .T. ) ;
#1702 = ORIENTED_EDGE ( 'NONE', *, *, #1443, .F. ) ;
#1703 = DIRECTION ( 'NONE',  ( 1.178227673661494138E-16, 0.000000000000000000, 1.000000000000000000 ) ) ;
#1704 = CARTESIAN_POINT ( 'NONE',  ( -9.349999999999997868, -3.570292905421299956, -9.500000000000000000 ) ) ;
#1705 = ORIENTED_EDGE ( 'NONE', *, *, #1930, .F. ) ;
#1706 =( LENGTH_UNIT ( ) NAMED_UNIT ( * ) SI_UNIT ( .MILLI., .METRE. ) );
#1707 = AXIS2_PLACEMENT_3D ( 'NONE', #397, #596, #2055 ) ;
#1708 = LINE ( 'NONE', #745, #1925 ) ;
#1709 = ADVANCED_FACE ( 'NONE', ( #2025 ), #1434, .F. ) ;
#1710 = VECTOR ( 'NONE', #472, 1000.000000000000114 ) ;
#1711 = DIRECTION ( 'NONE',  ( 0.000000000000000000, 0.000000000000000000, -1.000000000000000000 ) ) ;
#1712 = DIRECTION ( 'NONE',  ( 0.000000000000000000, -1.000000000000000000, 0.000000000000000000 ) ) ;
#1713 = VERTEX_POINT ( 'NONE', #889 ) ;
#1714 = CARTESIAN_POINT ( 'NONE',  ( -27.35000000000000142, 1.000000000000000000, -19.29999999999998295 ) ) ;
#1715 = ORIENTED_EDGE ( 'NONE', *, *, #1107, .F. ) ;
#1716 = ADVANCED_FACE ( 'NONE', ( #1677 ), #968, .F. ) ;
#1717 = VECTOR ( 'NONE', #790, 1000.000000000000000 ) ;
#1718 = CARTESIAN_POINT ( 'NONE',  ( -15.59999999999999254, -4.000000000000000000, 6.300000000000008704 ) ) ;
#1719 = ORIENTED_EDGE ( 'NONE', *, *, #821, .T. ) ;
#1720 = CYLINDRICAL_SURFACE ( 'NONE', #809, 0.2999999999999999334 ) ;
#1721 = ORIENTED_EDGE ( 'NONE', *, *, #1443, .T. ) ;
#1722 = CARTESIAN_POINT ( 'NONE',  ( -8.300000000000000711, -4.000000000000000000, 7.300000000000006040 ) ) ;
#1723 = CARTESIAN_POINT ( 'NONE',  ( -27.34999999999999787, -0.8500000000000000888, -23.49999999999998224 ) ) ;
#1724 = ORIENTED_EDGE ( 'NONE', *, *, #216, .T. ) ;
#1725 = DIRECTION ( 'NONE',  ( 0.000000000000000000, 1.000000000000000000, 0.000000000000000000 ) ) ;
#1726 = ADVANCED_FACE ( 'NONE', ( #940 ), #1338, .F. ) ;
#1727 = VERTEX_POINT ( 'NONE', #769 ) ;
#1728 = CARTESIAN_POINT ( 'NONE',  ( -20.85000000000000142, -0.8500000000000001998, -24.54999999999998650 ) ) ;
#1729 = EDGE_CURVE ( 'NONE', #1868, #441, #1648, .T. ) ;
#1730 = ORIENTED_EDGE ( 'NONE', *, *, #1224, .T. ) ;
#1731 = DIRECTION ( 'NONE',  ( 3.202967631604026862E-16, 0.000000000000000000, 1.000000000000000000 ) ) ;
#1732 = DIRECTION ( 'NONE',  ( 0.000000000000000000, 0.000000000000000000, 1.000000000000000000 ) ) ;
#1733 = LINE ( 'NONE', #1155, #1182 ) ;
#1734 = ORIENTED_EDGE ( 'NONE', *, *, #1996, .T. ) ;
#1735 = CYLINDRICAL_SURFACE ( 'NONE', #316, 0.2999999999999999334 ) ;
#1736 = VECTOR ( 'NONE', #1274, 1000.000000000000000 ) ;
#1737 = VECTOR ( 'NONE', #1658, 1000.000000000000000 ) ;
#1738 = VERTEX_POINT ( 'NONE', #2233 ) ;
#1739 = VECTOR ( 'NONE', #1428, 999.9999999999998863 ) ;
#1740 = ADVANCED_FACE ( 'NONE', ( #177 ), #29, .F. ) ;
#1741 = ORIENTED_EDGE ( 'NONE', *, *, #2283, .T. ) ;
#1742 = LINE ( 'NONE', #54, #103 ) ;
#1743 =( BOUNDED_CURVE ( )  B_SPLINE_CURVE ( 3, ( #929, #542, #1292, #372 ),
 .UNSPECIFIED., .F., .T. ) 
 B_SPLINE_CURVE_WITH_KNOTS ( ( 4, 4 ),
 ( 4.712388980384689674, 6.283185307179586232 ),
 .UNSPECIFIED. ) 
 CURVE ( )  GEOMETRIC_REPRESENTATION_ITEM ( )  RATIONAL_B_SPLINE_CURVE ( ( 1.000000000000000000, 0.8047378541243649375, 0.8047378541243649375, 1.000000000000000000 ) ) 
 REPRESENTATION_ITEM ( '' )  );
#1744 = CARTESIAN_POINT ( 'NONE',  ( -26.95000000000000284, -2.199999999999998845, 1.394895863065750533E-15 ) ) ;
#1745 = VECTOR ( 'NONE', #2146, 1000.000000000000000 ) ;
#1746 = LINE ( 'NONE', #804, #635 ) ;
#1747 = ORIENTED_EDGE ( 'NONE', *, *, #744, .F. ) ;
#1748 = AXIS2_PLACEMENT_3D ( 'NONE', #1105, #1283, #358 ) ;
#1749 = CARTESIAN_POINT ( 'NONE',  ( -8.300000000000004263, 0.4999999999999961142, -19.79999999999999361 ) ) ;
#1750 = CARTESIAN_POINT ( 'NONE',  ( -22.30000000000000071, -3.400000000000000355, -18.79999999999999005 ) ) ;
#1751 = ORIENTED_EDGE ( 'NONE', *, *, #524, .F. ) ;
#1752 = EDGE_CURVE ( 'NONE', #106, #1738, #2282, .T. ) ;
#1753 = VERTEX_POINT ( 'NONE', #740 ) ;
#1754 = LINE ( 'NONE', #2123, #304 ) ;
#1755 = EDGE_CURVE ( 'NONE', #2249, #2279, #1148, .T. ) ;
#1756 = FACE_OUTER_BOUND ( 'NONE', #2195, .T. ) ;
#1757 = DIRECTION ( 'NONE',  ( -2.560477455316320513E-16, -0.000000000000000000, -1.000000000000000000 ) ) ;
#1758 = ORIENTED_EDGE ( 'NONE', *, *, #846, .T. ) ;
#1759 = CARTESIAN_POINT ( 'NONE',  ( -8.799999999999997158, -3.400000000000000355, -9.199999999999999289 ) ) ;
#1760 = CARTESIAN_POINT ( 'NONE',  ( -33.89999999999999858, -4.000000000000000000, -18.29999999999998650 ) ) ;
#1761 = ORIENTED_EDGE ( 'NONE', *, *, #1091, .T. ) ;
#1762 = ORIENTED_EDGE ( 'NONE', *, *, #71, .T. ) ;
#1763 = DIRECTION ( 'NONE',  ( 0.7071067811865500152, -0.7071067811865451302, -9.052654858647259199E-17 ) ) ;
#1764 = CARTESIAN_POINT ( 'NONE',  ( -20.44999999999999929, -1.699999999999999734, -24.79999999999998650 ) ) ;
#1765 = EDGE_CURVE ( 'NONE', #2289, #395, #418, .T. ) ;
#1766 = DIRECTION ( 'NONE',  ( -3.307283379783587996E-17, 0.000000000000000000, 1.000000000000000000 ) ) ;
#1767 = VERTEX_POINT ( 'NONE', #1505 ) ;
#1768 = AXIS2_PLACEMENT_3D ( 'NONE', #1782, #1591, #2162 ) ;
#1769 = DIRECTION ( 'NONE',  ( 1.000000000000000000, -0.000000000000000000, -2.891205793294679312E-16 ) ) ;
#1770 = CARTESIAN_POINT ( 'NONE',  ( -15.74999999999999645, -18.03468879687142845, -12.34999999999999787 ) ) ;
#1771 = EDGE_CURVE ( 'NONE', #1171, #594, #1942, .T. ) ;
#1772 = FACE_OUTER_BOUND ( 'NONE', #1594, .T. ) ;
#1773 = VECTOR ( 'NONE', #2222, 1000.000000000000000 ) ;
#1774 = ORIENTED_EDGE ( 'NONE', *, *, #1904, .F. ) ;
#1775 = ADVANCED_FACE ( 'NONE', ( #755 ), #567, .F. ) ;
#1776 = ORIENTED_EDGE ( 'NONE', *, *, #1193, .T. ) ;
#1777 = DIRECTION ( 'NONE',  ( -3.084312081358969735E-16, 4.713922489067410717E-17, -1.000000000000000000 ) ) ;
#1778 = LINE ( 'NONE', #1789, #1275 ) ;
#1779 = DIRECTION ( 'NONE',  ( -7.573139536812915973E-17, -0.9552589973797330769, -0.2957706001702457010 ) ) ;
#1780 = VERTEX_POINT ( 'NONE', #383 ) ;
#1781 = VECTOR ( 'NONE', #347, 1000.000000000000000 ) ;
#1782 = CARTESIAN_POINT ( 'NONE',  ( -20.85000000000000142, -0.8500000000000000888, -23.49999999999998579 ) ) ;
#1783 = DIRECTION ( 'NONE',  ( 0.7071067811865502373, 0.000000000000000000, 0.7071067811865449082 ) ) ;
#1784 = ORIENTED_EDGE ( 'NONE', *, *, #1638, .T. ) ;
#1785 = CARTESIAN_POINT ( 'NONE',  ( -26.95000000000000284, 0.4999999999999985012, -23.49999999999998224 ) ) ;
#1786 = ORIENTED_EDGE ( 'NONE', *, *, #1701, .F. ) ;
#1787 = ORIENTED_EDGE ( 'NONE', *, *, #1596, .T. ) ;
#1788 = CARTESIAN_POINT ( 'NONE',  ( -20.45000000000000284, -2.700000000000000178, -19.79999999999998650 ) ) ;
#1789 = CARTESIAN_POINT ( 'NONE',  ( -8.799999999999997158, -4.000000000000000000, -9.500000000000000000 ) ) ;
#1790 = DIRECTION ( 'NONE',  ( 0.7071067811865450192, 0.7071067811865500152, 1.316371787697302005E-15 ) ) ;
#1791 = DIRECTION ( 'NONE',  ( 1.000000000000000000, 0.000000000000000000, -2.560477455316320513E-16 ) ) ;
#1792 = CARTESIAN_POINT ( 'NONE',  ( -20.85000000000000497, -2.199999999999998845, -25.66602540378442399 ) ) ;
#1793 = VECTOR ( 'NONE', #1409, 1000.000000000000000 ) ;
#1794 = EDGE_LOOP ( 'NONE', ( #974, #1956, #178, #510, #1679 ) ) ;
#1795 = VERTEX_POINT ( 'NONE', #2049 ) ;
#1796 = ORIENTED_EDGE ( 'NONE', *, *, #1948, .F. ) ;
#1797 = LINE ( 'NONE', #2343, #1026 ) ;
#1798 = ADVANCED_FACE ( 'NONE', ( #368 ), #162, .T. ) ;
#1799 = PLANE ( 'NONE',  #134 ) ;
#1800 = CARTESIAN_POINT ( 'NONE',  ( -22.29999999999999005, -4.000000000000000000, 6.300000000000010481 ) ) ;
#1801 = ORIENTED_EDGE ( 'NONE', *, *, #135, .T. ) ;
#1802 = ADVANCED_FACE ( 'NONE', ( #1861 ), #1874, .T. ) ;
#1803 = FACE_OUTER_BOUND ( 'NONE', #569, .T. ) ;
#1804 = VECTOR ( 'NONE', #36, 1000.000000000000000 ) ;
#1805 = DIRECTION ( 'NONE',  ( -2.560477455316320513E-16, 0.000000000000000000, -1.000000000000000000 ) ) ;
#1806 = EDGE_LOOP ( 'NONE', ( #219, #2347 ) ) ;
#1807 = CARTESIAN_POINT ( 'NONE',  ( -22.30000000000000071, -4.000000000000000000, -18.79999999999999005 ) ) ;
#1808 = AXIS2_PLACEMENT_3D ( 'NONE', #181, #2437, #919 ) ;
#1809 = ORIENTED_EDGE ( 'NONE', *, *, #391, .F. ) ;
#1810 = EDGE_LOOP ( 'NONE', ( #2078, #836, #286 ) ) ;
#1811 = LINE ( 'NONE', #877, #188 ) ;
#1812 = VECTOR ( 'NONE', #774, 1000.000000000000000 ) ;
#1813 = CARTESIAN_POINT ( 'NONE',  ( -28.89999999999999858, -3.400000000000000355, -18.79999999999998650 ) ) ;
#1814 = CARTESIAN_POINT ( 'NONE',  ( -22.59999999999999787, -3.570292905421302176, -18.24999999999998934 ) ) ;
#1815 = ORIENTED_EDGE ( 'NONE', *, *, #1548, .T. ) ;
#1816 = CARTESIAN_POINT ( 'NONE',  ( -15.59999999999999964, 0.4999999999999961142, -19.79999999999999005 ) ) ;
#1817 = CARTESIAN_POINT ( 'NONE',  ( -15.59999999999999254, 1.000000000000000000, 6.800000000000008704 ) ) ;
#1818 = ORIENTED_EDGE ( 'NONE', *, *, #778, .T. ) ;
#1819 = VECTOR ( 'NONE', #1456, 1000.000000000000000 ) ;
#1820 = EDGE_LOOP ( 'NONE', ( #710, #1687, #844, #434 ) ) ;
#1821 = VECTOR ( 'NONE', #1665, 1000.000000000000000 ) ;
#1822 = ORIENTED_EDGE ( 'NONE', *, *, #1112, .F. ) ;
#1823 = EDGE_CURVE ( 'NONE', #1037, #1727, #6, .T. ) ;
#1824 = FACE_OUTER_BOUND ( 'NONE', #1451, .T. ) ;
#1825 = DIRECTION ( 'NONE',  ( -1.280238727658160256E-16, 0.000000000000000000, -1.000000000000000000 ) ) ;
#1826 = LINE ( 'NONE', #2422, #1911 ) ;
#1827 = LINE ( 'NONE', #1657, #1781 ) ;
#1828 = CARTESIAN_POINT ( 'NONE',  ( -21.15000000000000213, -0.8500000000000000888, -23.49999999999998579 ) ) ;
#1829 = VERTEX_POINT ( 'NONE', #1328 ) ;
#1830 = EDGE_LOOP ( 'NONE', ( #894, #1400, #1162, #1761, #1461, #2264 ) ) ;
#1831 = VERTEX_POINT ( 'NONE', #591 ) ;
#1832 = CARTESIAN_POINT ( 'NONE',  ( -21.15000000000000213, -0.8500000000000003109, -24.54999999999998650 ) ) ;
#1833 = LINE ( 'NONE', #539, #2335 ) ;
#1834 = EDGE_LOOP ( 'NONE', ( #2068, #2314, #1559, #1056 ) ) ;
#1835 = LINE ( 'NONE', #344, #1699 ) ;
#1836 = CARTESIAN_POINT ( 'NONE',  ( -15.59999999999999254, -4.000000000000000000, 6.300000000000008704 ) ) ;
#1837 = DIRECTION ( 'NONE',  ( 1.000000000000000000, 0.000000000000000000, -2.891205793294679312E-16 ) ) ;
#1838 = DIRECTION ( 'NONE',  ( -1.000000000000000000, 0.000000000000000000, 2.560477455316320513E-16 ) ) ;
#1839 = ORIENTED_EDGE ( 'NONE', *, *, #161, .F. ) ;
#1840 = EDGE_CURVE ( 'NONE', #1780, #658, #2077, .T. ) ;
#1841 = VERTEX_POINT ( 'NONE', #955 ) ;
#1842 = VERTEX_POINT ( 'NONE', #1704 ) ;
#1843 = ADVANCED_FACE ( 'NONE', ( #18 ), #1161, .F. ) ;
#1844 = DIRECTION ( 'NONE',  ( 1.000000000000000000, 0.000000000000000000, -2.560477455316320513E-16 ) ) ;
#1845 = DIRECTION ( 'NONE',  ( 0.000000000000000000, 1.000000000000000000, 0.000000000000000000 ) ) ;
#1846 = ORIENTED_EDGE ( 'NONE', *, *, #187, .T. ) ;
#1847 = VECTOR ( 'NONE', #1466, 1000.000000000000000 ) ;
#1848 = VECTOR ( 'NONE', #2031, 1000.000000000000000 ) ;
#1849 = DIRECTION ( 'NONE',  ( -3.084312081358969735E-16, 0.000000000000000000, -1.000000000000000000 ) ) ;
#1850 = PLANE ( 'NONE',  #1808 ) ;
#1851 = DIRECTION ( 'NONE',  ( -2.560477455316320513E-16, 4.713922489067411333E-17, -1.000000000000000000 ) ) ;
#1852 = CARTESIAN_POINT ( 'NONE',  ( -27.84999999999999432, 0.4999999999999995559, -19.79999999999998650 ) ) ;
#1853 = ORIENTED_EDGE ( 'NONE', *, *, #2392, .T. ) ;
#1854 = AXIS2_PLACEMENT_3D ( 'NONE', #1866, #373, #386 ) ;
#1855 = EDGE_CURVE ( 'NONE', #488, #1951, #1001, .T. ) ;
#1856 = VERTEX_POINT ( 'NONE', #2201 ) ;
#1857 = EDGE_CURVE ( 'NONE', #282, #1196, #1426, .T. ) ;
#1858 = VECTOR ( 'NONE', #972, 1000.000000000000000 ) ;
#1859 = PLANE ( 'NONE',  #1968 ) ;
#1860 = AXIS2_PLACEMENT_3D ( 'NONE', #1460, #723, #1486 ) ;
#1861 = FACE_OUTER_BOUND ( 'NONE', #2051, .T. ) ;
#1862 = CARTESIAN_POINT ( 'NONE',  ( -21.45000000000000995, -1.999999999999997335, -21.29999999999997939 ) ) ;
#1863 = VERTEX_POINT ( 'NONE', #1604 ) ;
#1864 = DIRECTION ( 'NONE',  ( -3.307283379783587996E-17, 0.000000000000000000, 1.000000000000000000 ) ) ;
#1865 = DIRECTION ( 'NONE',  ( 1.000000000000000000, 0.000000000000000000, -3.280279727505866933E-16 ) ) ;
#1866 = CARTESIAN_POINT ( 'NONE',  ( -20.85000000000000142, -0.8500000000000000888, -23.49999999999998579 ) ) ;
#1867 = DIRECTION ( 'NONE',  ( 1.000000000000000000, 0.000000000000000000, -2.891205793294679312E-16 ) ) ;
#1868 = VERTEX_POINT ( 'NONE', #1439 ) ;
#1869 = LINE ( 'NONE', #937, #1060 ) ;
#1870 = ORIENTED_EDGE ( 'NONE', *, *, #655, .T. ) ;
#1871 = ADVANCED_FACE ( 'NONE', ( #281 ), #1070, .T. ) ;
#1872 = FACE_OUTER_BOUND ( 'NONE', #1806, .T. ) ;
#1873 = EDGE_CURVE ( 'NONE', #1898, #1525, #843, .T. ) ;
#1874 = PLANE ( 'NONE',  #2220 ) ;
#1875 = ORIENTED_EDGE ( 'NONE', *, *, #576, .F. ) ;
#1876 = CARTESIAN_POINT ( 'NONE',  ( -22.59999999999999076, -3.400000000000000355, 6.300000000000010481 ) ) ;
#1877 = CARTESIAN_POINT ( 'NONE',  ( -27.34999999999999787, 0.4999999999999973910, 1.405236341991952870E-15 ) ) ;
#1878 = AXIS2_PLACEMENT_3D ( 'NONE', #801, #244, #993 ) ;
#1879 = DIRECTION ( 'NONE',  ( -1.000000000000000000, 0.000000000000000000, 2.560477455316320513E-16 ) ) ;
#1880 = DIRECTION ( 'NONE',  ( -2.560477455316320513E-16, 0.000000000000000000, -1.000000000000000000 ) ) ;
#1881 = VERTEX_POINT ( 'NONE', #132 ) ;
#1882 = ADVANCED_FACE ( 'NONE', ( #323 ), #2387, .F. ) ;
#1883 = DIRECTION ( 'NONE',  ( 3.307283379783587996E-17, 0.000000000000000000, -1.000000000000000000 ) ) ;
#1884 = AXIS2_PLACEMENT_3D ( 'NONE', #2075, #1158, #1883 ) ;
#1885 = ORIENTED_EDGE ( 'NONE', *, *, #108, .T. ) ;
#1886 = EDGE_CURVE ( 'NONE', #641, #133, #298, .T. ) ;
#1887 = DIRECTION ( 'NONE',  ( 2.338602505150546223E-17, -0.7071067811865451302, -0.7071067811865500152 ) ) ;
#1888 = ORIENTED_EDGE ( 'NONE', *, *, #1425, .T. ) ;
#1889 = DIRECTION ( 'NONE',  ( 0.000000000000000000, 1.000000000000000000, 0.000000000000000000 ) ) ;
#1890 = CARTESIAN_POINT ( 'NONE',  ( -22.59999999999999787, -3.902914269224124322, -18.67573593128805598 ) ) ;
#1891 = CARTESIAN_POINT ( 'NONE',  ( -27.34999999999999787, -5.700000000000000178, -22.27184141886164426 ) ) ;
#1892 = FACE_OUTER_BOUND ( 'NONE', #1393, .T. ) ;
#1893 = EDGE_LOOP ( 'NONE', ( #1762, #2366, #1043, #1846, #417 ) ) ;
#1894 = AXIS2_PLACEMENT_3D ( 'NONE', #1723, #423, #34 ) ;
#1895 = ADVANCED_FACE ( 'NONE', ( #664 ), #2007, .F. ) ;
#1896 = DIRECTION ( 'NONE',  ( 2.560477455316320513E-16, 0.000000000000000000, 1.000000000000000000 ) ) ;
#1897 = AXIS2_PLACEMENT_3D ( 'NONE', #1240, #520, #1471 ) ;
#1898 = VERTEX_POINT ( 'NONE', #521 ) ;
#1899 = CARTESIAN_POINT ( 'NONE',  ( -32.89999999999999858, -3.000000000000000000, 5.800000000000014033 ) ) ;
#1900 = DIRECTION ( 'NONE',  ( 1.000000000000000000, 0.000000000000000000, -3.280279727505866933E-16 ) ) ;
#1901 = ORIENTED_EDGE ( 'NONE', *, *, #2405, .T. ) ;
#1902 = DIRECTION ( 'NONE',  ( -1.000000000000000000, 0.000000000000000000, -3.307283379783587996E-17 ) ) ;
#1903 = ORIENTED_EDGE ( 'NONE', *, *, #2385, .F. ) ;
#1904 = EDGE_CURVE ( 'NONE', #2249, #1257, #885, .T. ) ;
#1905 = AXIS2_PLACEMENT_3D ( 'NONE', #105, #1032, #1783 ) ;
#1906 = DIRECTION ( 'NONE',  ( -1.000000000000000000, 0.000000000000000000, -5.238346260426492220E-17 ) ) ;
#1907 = CARTESIAN_POINT ( 'NONE',  ( -9.099999999999997868, -3.765614312047982359, -15.50000000000000000 ) ) ;
#1908 = ORIENTED_EDGE ( 'NONE', *, *, #1694, .F. ) ;
#1909 = CARTESIAN_POINT ( 'NONE',  ( -20.45000000000000284, -4.000000000000000000, -19.29999999999999005 ) ) ;
#1910 = ORIENTED_EDGE ( 'NONE', *, *, #2029, .F. ) ;
#1911 = VECTOR ( 'NONE', #1458, 1000.000000000000000 ) ;
#1912 = DIRECTION ( 'NONE',  ( -1.000000000000000000, 0.000000000000000000, 2.560477455316320513E-16 ) ) ;
#1913 = VERTEX_POINT ( 'NONE', #870 ) ;
#1914 = PLANE ( 'NONE',  #1878 ) ;
#1915 = DIRECTION ( 'NONE',  ( 1.000000000000000000, -0.000000000000000000, 5.238346260426492220E-17 ) ) ;
#1916 = STYLED_ITEM ( 'NONE', ( #957 ), #296 ) ;
#1917 = LINE ( 'NONE', #1374, #2251 ) ;
#1918 = VERTEX_POINT ( 'NONE', #1792 ) ;
#1919 = PLANE ( 'NONE',  #2319 ) ;
#1920 = EDGE_CURVE ( 'NONE', #1071, #359, #1411, .T. ) ;
#1921 = ORIENTED_EDGE ( 'NONE', *, *, #2119, .T. ) ;
#1922 = LINE ( 'NONE', #1899, #49 ) ;
#1923 = ORIENTED_EDGE ( 'NONE', *, *, #1405, .T. ) ;
#1924 = LINE ( 'NONE', #420, #507 ) ;
#1925 = VECTOR ( 'NONE', #943, 1000.000000000000000 ) ;
#1926 = DIRECTION ( 'NONE',  ( 0.000000000000000000, 0.000000000000000000, -1.000000000000000000 ) ) ;
#1927 = PLANE ( 'NONE',  #2014 ) ;
#1928 = EDGE_LOOP ( 'NONE', ( #2272, #2243, #1981, #849, #1715, #1033, #120, #582, #738, #541, #312, #2296, #64, #2352, #977, #1086, #1473, #2224, #1552, #2183, #1316, #834, #1547, #1106 ) ) ;
#1929 = PLANE ( 'NONE',  #73 ) ;
#1930 = EDGE_CURVE ( 'NONE', #965, #592, #1269, .T. ) ;
#1931 = VECTOR ( 'NONE', #890, 1000.000000000000000 ) ;
#1932 = CARTESIAN_POINT ( 'NONE',  ( -22.59999999999999787, -3.492887039320711207, -18.49999999999998579 ) ) ;
#1933 = VERTEX_POINT ( 'NONE', #2349 ) ;
#1934 = VECTOR ( 'NONE', #1319, 1000.000000000000114 ) ;
#1935 = ADVANCED_FACE ( 'NONE', ( #676 ), #2151, .T. ) ;
#1936 = ORIENTED_EDGE ( 'NONE', *, *, #1771, .F. ) ;
#1937 = LINE ( 'NONE', #431, #1399 ) ;
#1938 = CARTESIAN_POINT ( 'NONE',  ( -8.300000000000004263, 0.4999999999999961142, -19.79999999999999361 ) ) ;
#1939 = VECTOR ( 'NONE', #317, 1000.000000000000000 ) ;
#1940 = CARTESIAN_POINT ( 'NONE',  ( -28.59999999999998010, -3.438475071455321608, 6.175735931288081737 ) ) ;
#1941 = VERTEX_POINT ( 'NONE', #1398 ) ;
#1942 = CIRCLE ( 'NONE', #17, 0.3000000000000016542 ) ;
#1943 = DIRECTION ( 'NONE',  ( -0.7880107536067187946, 0.6156614753256623995, 2.017683769156827099E-16 ) ) ;
#1944 = CARTESIAN_POINT ( 'NONE',  ( -32.89999999999999858, -0.4999999999999900080, -18.79999999999998650 ) ) ;
#1945 = ORIENTED_EDGE ( 'NONE', *, *, #1107, .T. ) ;
#1946 = ORIENTED_EDGE ( 'NONE', *, *, #813, .T. ) ;
#1947 = DIRECTION ( 'NONE',  ( 3.059663648405800204E-16, 0.2957706001702456455, 0.9552589973797329659 ) ) ;
#1948 = EDGE_CURVE ( 'NONE', #1856, #1048, #1241, .T. ) ;
#1949 = CARTESIAN_POINT ( 'NONE',  ( -15.24999999999998934, 1.000000000000000000, 0.3500000000000058620 ) ) ;
#1950 = LINE ( 'NONE', #1018, #564 ) ;
#1951 = VERTEX_POINT ( 'NONE', #2018 ) ;
#1952 = EDGE_CURVE ( 'NONE', #706, #1167, #309, .T. ) ;
#1953 = CARTESIAN_POINT ( 'NONE',  ( -8.799999999999998934, -3.400000000000000799, -9.375735931288071257 ) ) ;
#1954 = ADVANCED_FACE ( 'NONE', ( #1620 ), #1964, .T. ) ;
#1955 = DIRECTION ( 'NONE',  ( 1.000000000000000000, 0.000000000000000000, -2.560477455316320513E-16 ) ) ;
#1956 = ORIENTED_EDGE ( 'NONE', *, *, #954, .T. ) ;
#1957 = ORIENTED_EDGE ( 'NONE', *, *, #1543, .T. ) ;
#1958 = LINE ( 'NONE', #465, #2308 ) ;
#1959 = EDGE_CURVE ( 'NONE', #1918, #1014, #1055, .T. ) ;
#1960 = CARTESIAN_POINT ( 'NONE',  ( -27.34999999999999787, 0.000000000000000000, -24.79999999999998295 ) ) ;
#1961 = DIRECTION ( 'NONE',  ( -1.000000000000000000, 0.000000000000000000, 2.560477455316320513E-16 ) ) ;
#1962 = EDGE_LOOP ( 'NONE', ( #399, #184, #906, #2202 ) ) ;
#1963 = CARTESIAN_POINT ( 'NONE',  ( -27.35000000000000142, -2.700000000000000178, -22.27184141886164426 ) ) ;
#1964 = PLANE ( 'NONE',  #1905 ) ;
#1965 = ORIENTED_EDGE ( 'NONE', *, *, #551, .F. ) ;
#1966 = DIRECTION ( 'NONE',  ( 1.000000000000000000, 0.000000000000000000, -2.560477455316320513E-16 ) ) ;
#1967 = ADVANCED_FACE ( 'NONE', ( #2375 ), #2412, .T. ) ;
#1968 = AXIS2_PLACEMENT_3D ( 'NONE', #340, #1089, #1287 ) ;
#1969 = VECTOR ( 'NONE', #2147, 1000.000000000000000 ) ;
#1970 = ORIENTED_EDGE ( 'NONE', *, *, #1771, .T. ) ;
#1971 = ORIENTED_EDGE ( 'NONE', *, *, #2193, .T. ) ;
#1972 = DIRECTION ( 'NONE',  ( 0.000000000000000000, 1.000000000000000000, 0.000000000000000000 ) ) ;
#1973 = DIRECTION ( 'NONE',  ( -1.000000000000000000, 0.000000000000000000, -3.307283379783587996E-17 ) ) ;
#1974 = FACE_OUTER_BOUND ( 'NONE', #2127, .T. ) ;
#1975 = CARTESIAN_POINT ( 'NONE',  ( -15.59999999999999254, 1.000000000000000000, 7.300000000000008704 ) ) ;
#1976 = VECTOR ( 'NONE', #1459, 1000.000000000000000 ) ;
#1977 = ADVANCED_FACE ( 'NONE', ( #546 ), #534, .T. ) ;
#1978 = VECTOR ( 'NONE', #2135, 1000.000000000000000 ) ;
#1979 = LINE ( 'NONE', #2324, #200 ) ;
#1980 = CARTESIAN_POINT ( 'NONE',  ( -26.95000000000000284, 0.4999999999999973910, 1.418465475511087774E-15 ) ) ;
#1981 = ORIENTED_EDGE ( 'NONE', *, *, #2338, .F. ) ;
#1982 = DIRECTION ( 'NONE',  ( 0.000000000000000000, -1.000000000000000000, 0.000000000000000000 ) ) ;
#1983 = VECTOR ( 'NONE', #1256, 1000.000000000000000 ) ;
#1984 = EDGE_CURVE ( 'NONE', #934, #1713, #143, .T. ) ;
#1985 = ORIENTED_EDGE ( 'NONE', *, *, #1984, .T. ) ;
#1986 = ADVANCED_FACE ( 'NONE', ( #153 ), #933, .F. ) ;
#1987 = EDGE_LOOP ( 'NONE', ( #2342, #2011, #2117, #1999 ) ) ;
#1988 = CARTESIAN_POINT ( 'NONE',  ( -28.44999999999999574, -18.03468879687142845, -12.34999999999999432 ) ) ;
#1989 = LINE ( 'NONE', #330, #255 ) ;
#1990 = CARTESIAN_POINT ( 'NONE',  ( -32.90000000000000568, -3.000000000000000000, -18.29999999999998650 ) ) ;
#1991 = CARTESIAN_POINT ( 'NONE',  ( -15.59999999999999787, 0.000000000000000000, -24.79999999999998650 ) ) ;
#1992 = FACE_OUTER_BOUND ( 'NONE', #1375, .T. ) ;
#1993 = CARTESIAN_POINT ( 'NONE',  ( -32.89999999999999858, -4.000000000000000000, 4.035506290581114240E-15 ) ) ;
#1994 = ORIENTED_EDGE ( 'NONE', *, *, #13, .F. ) ;
#1995 = DIRECTION ( 'NONE',  ( 0.000000000000000000, 1.000000000000000000, 0.000000000000000000 ) ) ;
#1996 = EDGE_CURVE ( 'NONE', #1290, #1831, #169, .T. ) ;
#1997 = ORIENTED_EDGE ( 'NONE', *, *, #1327, .F. ) ;
#1998 = VECTOR ( 'NONE', #2000, 1000.000000000000000 ) ;
#1999 = ORIENTED_EDGE ( 'NONE', *, *, #1282, .T. ) ;
#2000 = DIRECTION ( 'NONE',  ( 3.307283379783587996E-17, 0.000000000000000000, -1.000000000000000000 ) ) ;
#2001 =( BOUNDED_CURVE ( )  B_SPLINE_CURVE ( 3, ( #2423, #1890, #2238, #1807 ),
 .UNSPECIFIED., .F., .T. ) 
 B_SPLINE_CURVE_WITH_KNOTS ( ( 4, 4 ),
 ( 4.712388980384683457, 6.283185307179574686 ),
 .UNSPECIFIED. ) 
 CURVE ( )  GEOMETRIC_REPRESENTATION_ITEM ( )  RATIONAL_B_SPLINE_CURVE ( ( 1.000000000000000000, 0.8047378541243634942, 0.8047378541243634942, 1.000000000000000000 ) ) 
 REPRESENTATION_ITEM ( '' )  );
#2002 = LINE ( 'NONE', #1614, #1000 ) ;
#2003 = CARTESIAN_POINT ( 'NONE',  ( -19.95000000000000284, 1.000000000000000000, -19.79999999999999005 ) ) ;
#2004 = DIRECTION ( 'NONE',  ( 1.000000000000000000, 0.000000000000000000, -3.225122465269120474E-16 ) ) ;
#2005 = LINE ( 'NONE', #2425, #1153 ) ;
#2006 = CIRCLE ( 'NONE', #1, 1.349999999999996980 ) ;
#2007 = PLANE ( 'NONE',  #2298 ) ;
#2008 = ORIENTED_EDGE ( 'NONE', *, *, #1622, .F. ) ;
#2009 = AXIS2_PLACEMENT_3D ( 'NONE', #2098, #1169, #1366 ) ;
#2010 = ADVANCED_FACE ( 'NONE', ( #183 ), #947, .F. ) ;
#2011 = ORIENTED_EDGE ( 'NONE', *, *, #744, .T. ) ;
#2012 = ORIENTED_EDGE ( 'NONE', *, *, #2323, .T. ) ;
#2013 = LINE ( 'NONE', #351, #2167 ) ;
#2014 = AXIS2_PLACEMENT_3D ( 'NONE', #248, #996, #1555 ) ;
#2015 = DIRECTION ( 'NONE',  ( -1.000000000000000000, 0.000000000000000000, 3.202967631604026862E-16 ) ) ;
#2016 = CARTESIAN_POINT ( 'NONE',  ( -33.39999999999999858, 1.000000000000000000, -19.79999999999998650 ) ) ;
#2017 = DIRECTION ( 'NONE',  ( -2.523972937158216284E-16, 0.6156614753256622885, -0.7880107536067187946 ) ) ;
#2018 = CARTESIAN_POINT ( 'NONE',  ( -20.85000000000000142, -0.8500000000000003109, -24.84999999999998366 ) ) ;
#2019 = EDGE_LOOP ( 'NONE', ( #1493, #1605, #997, #2361 ) ) ;
#2020 = VECTOR ( 'NONE', #1696, 1000.000000000000000 ) ;
#2021 = ORIENTED_EDGE ( 'NONE', *, *, #2417, .T. ) ;
#2022 = AXIS2_PLACEMENT_3D ( 'NONE', #1817, #831, #691 ) ;
#2023 = FACE_OUTER_BOUND ( 'NONE', #1133, .T. ) ;
#2024 = AXIS2_PLACEMENT_3D ( 'NONE', #179, #2250, #928 ) ;
#2025 = FACE_OUTER_BOUND ( 'NONE', #2420, .T. ) ;
#2026 = ORIENTED_EDGE ( 'NONE', *, *, #548, .F. ) ;
#2027 = DIRECTION ( 'NONE',  ( 0.000000000000000000, 1.000000000000000000, 0.000000000000000000 ) ) ;
#2028 = CARTESIAN_POINT ( 'NONE',  ( -20.44999999999999929, 0.000000000000000000, -20.29999999999998295 ) ) ;
#2029 = EDGE_CURVE ( 'NONE', #1856, #144, #2044, .T. ) ;
#2030 = LINE ( 'NONE', #1671, #414 ) ;
#2031 = DIRECTION ( 'NONE',  ( 1.000000000000000000, -0.000000000000000000, -2.891205793294679312E-16 ) ) ;
#2032 = ORIENTED_EDGE ( 'NONE', *, *, #1873, .F. ) ;
#2033 = EDGE_CURVE ( 'NONE', #606, #1160, #2083, .T. ) ;
#2034 = VECTOR ( 'NONE', #2371, 1000.000000000000000 ) ;
#2035 = EDGE_LOOP ( 'NONE', ( #2229, #343, #2379 ) ) ;
#2036 = ORIENTED_EDGE ( 'NONE', *, *, #2381, .F. ) ;
#2037 = CARTESIAN_POINT ( 'NONE',  ( -15.59999999999999964, -4.000000000000000000, -18.29999999999999005 ) ) ;
#2038 = ADVANCED_FACE ( 'NONE', ( #2216 ), #1697, .F. ) ;
#2039 = CARTESIAN_POINT ( 'NONE',  ( -20.45000000000000284, -2.700000000000000178, -22.27184141886164781 ) ) ;
#2040 = VERTEX_POINT ( 'NONE', #1852 ) ;
#2041 = DIRECTION ( 'NONE',  ( -0.7071067811865452413, 0.7071067811865499042, 6.144318972890156361E-17 ) ) ;
#2042 = LINE ( 'NONE', #356, #1377 ) ;
#2043 = DIRECTION ( 'NONE',  ( -1.000000000000000000, 0.000000000000000000, 2.560477455316320513E-16 ) ) ;
#2044 = LINE ( 'NONE', #1295, #55 ) ;
#2045 = ORIENTED_EDGE ( 'NONE', *, *, #2066, .F. ) ;
#2046 = ORIENTED_EDGE ( 'NONE', *, *, #1091, .F. ) ;
#2047 = ORIENTED_EDGE ( 'NONE', *, *, #1201, .T. ) ;
#2048 = DIRECTION ( 'NONE',  ( 0.000000000000000000, 0.000000000000000000, -1.000000000000000000 ) ) ;
#2049 = CARTESIAN_POINT ( 'NONE',  ( -22.30000000000000071, -3.400000000000000355, -18.79999999999999005 ) ) ;
#2050 = DIRECTION ( 'NONE',  ( -0.7071067811865497932, 0.000000000000000000, 0.7071067811865452413 ) ) ;
#2051 = EDGE_LOOP ( 'NONE', ( #2184, #1184, #1110, #574 ) ) ;
#2052 = AXIS2_PLACEMENT_3D ( 'NONE', #2357, #1435, #2187 ) ;
#2053 = CARTESIAN_POINT ( 'NONE',  ( -22.59999999999999076, -4.000000000000000000, 6.300000000000010481 ) ) ;
#2054 = PLANE ( 'NONE',  #1061 ) ;
#2055 = DIRECTION ( 'NONE',  ( 0.000000000000000000, 0.000000000000000000, 1.000000000000000000 ) ) ;
#2056 = CARTESIAN_POINT ( 'NONE',  ( -27.34999999999999787, 1.737732538907818008E-15, -20.29999999999998650 ) ) ;
#2057 = ORIENTED_EDGE ( 'NONE', *, *, #421, .T. ) ;
#2058 = VECTOR ( 'NONE', #666, 1000.000000000000000 ) ;
#2059 = ADVANCED_FACE ( 'NONE', ( #586 ), #380, .F. ) ;
#2060 = ORIENTED_EDGE ( 'NONE', *, *, #191, .F. ) ;
#2061 = ADVANCED_FACE ( 'NONE', ( #2439 ), #761, .T. ) ;
#2062 = VECTOR ( 'NONE', #45, 1000.000000000000000 ) ;
#2063 = DIRECTION ( 'NONE',  ( 1.000000000000000000, -0.000000000000000000, 3.307283379783587996E-17 ) ) ;
#2064 = EDGE_CURVE ( 'NONE', #1753, #488, #1501, .T. ) ;
#2065 = AXIS2_PLACEMENT_3D ( 'NONE', #1672, #1867, #1307 ) ;
#2066 = EDGE_CURVE ( 'NONE', #1829, #1156, #573, .T. ) ;
#2067 = DIRECTION ( 'NONE',  ( -1.000000000000000000, 0.000000000000000000, 2.560477455316320513E-16 ) ) ;
#2068 = ORIENTED_EDGE ( 'NONE', *, *, #342, .F. ) ;
#2069 = CARTESIAN_POINT ( 'NONE',  ( -22.59999999999999076, -3.570292905421302176, 5.750000000000012434 ) ) ;
#2070 = CARTESIAN_POINT ( 'NONE',  ( -32.89999999999999858, -3.000000000000000000, 5.800000000000014033 ) ) ;
#2071 = CARTESIAN_POINT ( 'NONE',  ( -20.85000000000000142, 0.4999999999999986122, -25.66602540378442399 ) ) ;
#2072 = DIRECTION ( 'NONE',  ( 5.238346260426492220E-17, 0.000000000000000000, -1.000000000000000000 ) ) ;
#2073 = DIRECTION ( 'NONE',  ( 0.000000000000000000, -1.000000000000000000, 0.000000000000000000 ) ) ;
#2074 = ORIENTED_EDGE ( 'NONE', *, *, #2401, .T. ) ;
#2075 = CARTESIAN_POINT ( 'NONE',  ( -27.34999999999999787, 0.000000000000000000, 2.164350255666756389E-15 ) ) ;
#2076 = ORIENTED_EDGE ( 'NONE', *, *, #13, .T. ) ;
#2077 = LINE ( 'NONE', #393, #610 ) ;
#2078 = ORIENTED_EDGE ( 'NONE', *, *, #1622, .T. ) ;
#2079 = CARTESIAN_POINT ( 'NONE',  ( -19.95000000000000284, 0.4999999999999961142, -19.79999999999999005 ) ) ;
#2080 = FACE_OUTER_BOUND ( 'NONE', #1646, .T. ) ;
#2081 = EDGE_CURVE ( 'NONE', #2040, #1727, #709, .T. ) ;
#2082 = DIRECTION ( 'NONE',  ( 1.000000000000000000, 0.000000000000000000, -2.560477455316320513E-16 ) ) ;
#2083 = LINE ( 'NONE', #905, #688 ) ;
#2084 = EDGE_LOOP ( 'NONE', ( #350, #896, #730, #1734 ) ) ;
#2085 = CARTESIAN_POINT ( 'NONE',  ( -28.44999999999999218, 0.000000000000000000, -0.1499999999999946931 ) ) ;
#2086 = EDGE_CURVE ( 'NONE', #376, #1125, #348, .T. ) ;
#2087 = ORIENTED_EDGE ( 'NONE', *, *, #2417, .F. ) ;
#2088 = CARTESIAN_POINT ( 'NONE',  ( -32.89999999999999858, -4.000000000000000000, 4.035506290581114240E-15 ) ) ;
#2089 = EDGE_CURVE ( 'NONE', #1290, #1487, #375, .T. ) ;
#2090 = DIRECTION ( 'NONE',  ( -2.560477455316320513E-16, 0.000000000000000000, -1.000000000000000000 ) ) ;
#2091 = ORIENTED_EDGE ( 'NONE', *, *, #1045, .F. ) ;
#2092 = LINE ( 'NONE', #2104, #426 ) ;
#2093 = ORIENTED_EDGE ( 'NONE', *, *, #203, .F. ) ;
#2094 = VECTOR ( 'NONE', #739, 1000.000000000000000 ) ;
#2095 = CARTESIAN_POINT ( 'NONE',  ( -22.59999999999999076, -3.765614312047981027, 6.000000000000008882 ) ) ;
#2096 = CARTESIAN_POINT ( 'NONE',  ( -8.799999999999998934, -4.000000000000000000, -15.80000000000000071 ) ) ;
#2097 = VERTEX_POINT ( 'NONE', #1498 ) ;
#2098 = CARTESIAN_POINT ( 'NONE',  ( -9.099999999999997868, 0.000000000000000000, -9.199999999999999289 ) ) ;
#2099 =( BOUNDED_CURVE ( )  B_SPLINE_CURVE ( 3, ( #1759, #1953, #1397, #2359 ),
 .UNSPECIFIED., .F., .T. ) 
 B_SPLINE_CURVE_WITH_KNOTS ( ( 4, 4 ),
 ( 3.141592653589793116, 4.712388980384689674 ),
 .UNSPECIFIED. ) 
 CURVE ( )  GEOMETRIC_REPRESENTATION_ITEM ( )  RATIONAL_B_SPLINE_CURVE ( ( 1.000000000000000000, 0.8047378541243649375, 0.8047378541243649375, 1.000000000000000000 ) ) 
 REPRESENTATION_ITEM ( '' )  );
#2100 = VECTOR ( 'NONE', #91, 1000.000000000000114 ) ;
#2101 = ORIENTED_EDGE ( 'NONE', *, *, #1325, .T. ) ;
#2102 = DIRECTION ( 'NONE',  ( -1.000000000000000000, 0.000000000000000000, 2.560477455316320513E-16 ) ) ;
#2103 = EDGE_LOOP ( 'NONE', ( #724, #1299, #289, #1818 ) ) ;
#2104 = CARTESIAN_POINT ( 'NONE',  ( -8.299999999999997158, 1.000000000000000000, 6.800000000000006040 ) ) ;
#2105 = EDGE_CURVE ( 'NONE', #395, #1290, #2255, .T. ) ;
#2106 = CARTESIAN_POINT ( 'NONE',  ( -26.95000000000000284, -1.699999999999999734, -24.79999999999998295 ) ) ;
#2107 = LINE ( 'NONE', #57, #868 ) ;
#2108 = EDGE_LOOP ( 'NONE', ( #110, #1204, #1441, #1575 ) ) ;
#2109 = DIRECTION ( 'NONE',  ( -1.000000000000000000, 0.000000000000000000, 2.560477455316320513E-16 ) ) ;
#2110 = ORIENTED_EDGE ( 'NONE', *, *, #1765, .F. ) ;
#2111 = VECTOR ( 'NONE', #355, 1000.000000000000000 ) ;
#2112 = EDGE_LOOP ( 'NONE', ( #1702, #125, #2091, #1364, #622, #2322, #1449 ) ) ;
#2113 = EDGE_CURVE ( 'NONE', #2388, #1071, #156, .T. ) ;
#2114 = CARTESIAN_POINT ( 'NONE',  ( -26.64999999999999858, -0.8500000000000000888, -23.49999999999998224 ) ) ;
#2115 = AXIS2_PLACEMENT_3D ( 'NONE', #2297, #1902, #811 ) ;
#2116 = DIRECTION ( 'NONE',  ( 1.000000000000000000, 0.000000000000000000, -2.560477455316320513E-16 ) ) ;
#2117 = ORIENTED_EDGE ( 'NONE', *, *, #852, .T. ) ;
#2118 = DIRECTION ( 'NONE',  ( 2.560477455316320513E-16, 0.000000000000000000, 1.000000000000000000 ) ) ;
#2119 = EDGE_CURVE ( 'NONE', #1933, #2040, #1917, .T. ) ;
#2120 = ORIENTED_EDGE ( 'NONE', *, *, #140, .F. ) ;
#2121 = AXIS2_PLACEMENT_3D ( 'NONE', #2, #1335, #1134 ) ;
#2122 = ORIENTED_EDGE ( 'NONE', *, *, #2355, .F. ) ;
#2123 = CARTESIAN_POINT ( 'NONE',  ( -22.59999999999999787, -3.570292905421302176, -18.24999999999998934 ) ) ;
#2124 = AXIS2_PLACEMENT_3D ( 'NONE', #1057, #2181, #758 ) ;
#2125 = DIRECTION ( 'NONE',  ( 1.280238727658160010E-16, 0.000000000000000000, 1.000000000000000000 ) ) ;
#2126 = CARTESIAN_POINT ( 'NONE',  ( -15.74999999999999645, 0.000000000000000000, -12.34999999999999787 ) ) ;
#2127 = EDGE_LOOP ( 'NONE', ( #1705, #172, #617, #2203, #2132, #1284, #810, #145, #1088, #2256, #202, #1908, #1379 ) ) ;
#2128 = CARTESIAN_POINT ( 'NONE',  ( -22.59999999999999076, -3.492887039320711207, 6.000000000000008882 ) ) ;
#2129 = AXIS2_PLACEMENT_3D ( 'NONE', #1814, #1779, #89 ) ;
#2130 = LINE ( 'NONE', #2266, #1934 ) ;
#2131 = ORIENTED_EDGE ( 'NONE', *, *, #400, .F. ) ;
#2132 = ORIENTED_EDGE ( 'NONE', *, *, #1450, .F. ) ;
#2133 = DIRECTION ( 'NONE',  ( 0.5773502691896216232, 0.5773502691896297279, -0.5773502691896258421 ) ) ;
#2134 = EDGE_CURVE ( 'NONE', #2281, #1059, #605, .T. ) ;
#2135 = DIRECTION ( 'NONE',  ( 0.000000000000000000, -1.000000000000000000, 0.000000000000000000 ) ) ;
#2136 = CIRCLE ( 'NONE', #1625, 1.349999999999996980 ) ;
#2137 = CARTESIAN_POINT ( 'NONE',  ( -33.64999999999999147, 0.7499999999999988898, 6.800000000000012257 ) ) ;
#2138 = EDGE_LOOP ( 'NONE', ( #2076, #2274, #1092, #1598 ) ) ;
#2139 = VECTOR ( 'NONE', #1448, 1000.000000000000000 ) ;
#2140 = CARTESIAN_POINT ( 'NONE',  ( -33.89999999999999858, -4.000000000000000000, 4.340009286761162956E-15 ) ) ;
#2141 = DIRECTION ( 'NONE',  ( -2.560477455316320513E-16, 0.000000000000000000, -1.000000000000000000 ) ) ;
#2142 = EDGE_CURVE ( 'NONE', #1125, #2276, #1746, .T. ) ;
#2143 = VERTEX_POINT ( 'NONE', #960 ) ;
#2144 = ORIENTED_EDGE ( 'NONE', *, *, #415, .F. ) ;
#2145 = LINE ( 'NONE', #455, #1170 ) ;
#2146 = DIRECTION ( 'NONE',  ( 1.178227673661494138E-16, 0.000000000000000000, 1.000000000000000000 ) ) ;
#2147 = DIRECTION ( 'NONE',  ( 1.000000000000000000, 0.000000000000000000, -3.225122465269120474E-16 ) ) ;
#2148 = CARTESIAN_POINT ( 'NONE',  ( -9.099999999999997868, -3.492887039320708986, -15.50000000000000000 ) ) ;
#2149 = EDGE_CURVE ( 'NONE', #2180, #1608, #1733, .T. ) ;
#2150 = CARTESIAN_POINT ( 'NONE',  ( -22.59999999999999076, -3.570292905421302176, 5.750000000000012434 ) ) ;
#2151 = PLANE ( 'NONE',  #1194 ) ;
#2152 = ORIENTED_EDGE ( 'NONE', *, *, #421, .F. ) ;
#2153 = DIRECTION ( 'NONE',  ( 0.000000000000000000, 1.000000000000000000, 0.000000000000000000 ) ) ;
#2154 = PRODUCT_RELATED_PRODUCT_CATEGORY ( 'part', '', ( #405 ) ) ;
#2155 = ORIENTED_EDGE ( 'NONE', *, *, #2081, .F. ) ;
#2156 = ORIENTED_EDGE ( 'NONE', *, *, #427, .T. ) ;
#2157 = LINE ( 'NONE', #2368, #1682 ) ;
#2158 = ADVANCED_FACE ( 'NONE', ( #1008 ), #2321, .T. ) ;
#2159 = CARTESIAN_POINT ( 'NONE',  ( -28.94999999999999929, 1.000000000000000000, -12.84999999999999787 ) ) ;
#2160 = CARTESIAN_POINT ( 'NONE',  ( -20.44999999999999929, 1.000000000000000000, -24.79999999999998650 ) ) ;
#2161 = FACE_OUTER_BOUND ( 'NONE', #1173, .T. ) ;
#2162 = DIRECTION ( 'NONE',  ( 0.000000000000000000, 0.000000000000000000, 1.000000000000000000 ) ) ;
#2163 = CARTESIAN_POINT ( 'NONE',  ( -28.89999999999998792, -4.000000000000000000, 6.300000000000012257 ) ) ;
#2164 = ORIENTED_EDGE ( 'NONE', *, *, #95, .T. ) ;
#2165 = ADVANCED_FACE ( 'NONE', ( #1892 ), #211, .T. ) ;
#2166 = LINE ( 'NONE', #1192, #1503 ) ;
#2167 = VECTOR ( 'NONE', #382, 1000.000000000000227 ) ;
#2168 = AXIS2_PLACEMENT_3D ( 'NONE', #67, #1385, #1564 ) ;
#2169 = ORIENTED_EDGE ( 'NONE', *, *, #1631, .T. ) ;
#2170 = VECTOR ( 'NONE', #1414, 1000.000000000000000 ) ;
#2171 = ORIENTED_EDGE ( 'NONE', *, *, #1004, .T. ) ;
#2172 = PLANE ( 'NONE',  #1219 ) ;
#2173 = CARTESIAN_POINT ( 'NONE',  ( -28.60000000000000142, -4.000000000000000000, -18.79999999999998650 ) ) ;
#2174 = DIRECTION ( 'NONE',  ( 0.000000000000000000, -1.000000000000000000, 0.000000000000000000 ) ) ;
#2175 = ORIENTED_EDGE ( 'NONE', *, *, #313, .T. ) ;
#2176 = EDGE_CURVE ( 'NONE', #361, #164, #814, .T. ) ;
#2177 = CIRCLE ( 'NONE', #643, 1.000000000000000888 ) ;
#2178 = DIRECTION ( 'NONE',  ( 4.000081999695413353E-16, 0.000000000000000000, 1.000000000000000000 ) ) ;
#2179 = DIRECTION ( 'NONE',  ( 1.810530971729437542E-16, 0.7071067811865505703, 0.7071067811865444641 ) ) ;
#2180 = VERTEX_POINT ( 'NONE', #1356 ) ;
#2181 = DIRECTION ( 'NONE',  ( 0.7071067811865500152, 0.7071067811865451302, -9.052654858647259199E-17 ) ) ;
#2182 = VECTOR ( 'NONE', #100, 1000.000000000000227 ) ;
#2183 = ORIENTED_EDGE ( 'NONE', *, *, #2283, .F. ) ;
#2184 = ORIENTED_EDGE ( 'NONE', *, *, #2270, .F. ) ;
#2185 = CARTESIAN_POINT ( 'NONE',  ( -28.72426406871191773, -3.999999999999999112, 6.300000000000010481 ) ) ;
#2186 = DIRECTION ( 'NONE',  ( -0.000000000000000000, 1.000000000000000000, -0.000000000000000000 ) ) ;
#2187 = DIRECTION ( 'NONE',  ( 3.307283379783587996E-17, 0.000000000000000000, -1.000000000000000000 ) ) ;
#2188 = EDGE_LOOP ( 'NONE', ( #30, #1957, #102 ) ) ;
#2189 = EDGE_CURVE ( 'NONE', #1156, #1014, #46, .T. ) ;
#2190 = LINE ( 'NONE', #1095, #2215 ) ;
#2191 = CARTESIAN_POINT ( 'NONE',  ( -22.29999999999999005, -4.000000000000000000, 6.300000000000010481 ) ) ;
#2192 = VERTEX_POINT ( 'NONE', #2126 ) ;
#2193 = EDGE_CURVE ( 'NONE', #1650, #282, #246, .T. ) ;
#2194 = ORIENTED_EDGE ( 'NONE', *, *, #1491, .T. ) ;
#2195 = EDGE_LOOP ( 'NONE', ( #1285, #2235, #1149, #1724 ) ) ;
#2196 = DIRECTION ( 'NONE',  ( -2.891205793294679312E-16, 0.000000000000000000, -1.000000000000000000 ) ) ;
#2197 = CARTESIAN_POINT ( 'NONE',  ( -20.85000000000000142, -0.8500000000000000888, -23.49999999999998579 ) ) ;
#2198 = DIRECTION ( 'NONE',  ( -1.000000000000000000, 0.000000000000000000, 1.280238727658160010E-16 ) ) ;
#2199 = DIRECTION ( 'NONE',  ( 1.000000000000000000, -0.000000000000000000, 5.238346260426492220E-17 ) ) ;
#2200 = CIRCLE ( 'NONE', #2121, 1.049999999999998934 ) ;
#2201 = CARTESIAN_POINT ( 'NONE',  ( -32.89999999999999858, -4.000000000000000000, 5.800000000000014033 ) ) ;
#2202 = ORIENTED_EDGE ( 'NONE', *, *, #767, .T. ) ;
#2203 = ORIENTED_EDGE ( 'NONE', *, *, #415, .T. ) ;
#2204 = EDGE_CURVE ( 'NONE', #1059, #677, #1238, .T. ) ;
#2205 = AXIS2_PLACEMENT_3D ( 'NONE', #1265, #1053, #698 ) ;
#2206 = LINE ( 'NONE', #2246, #482 ) ;
#2207 = EDGE_CURVE ( 'NONE', #96, #364, #2107, .T. ) ;
#2208 = VECTOR ( 'NONE', #1790, 1000.000000000000000 ) ;
#2209 = DIRECTION ( 'NONE',  ( -0.5773502691896272854, -0.5773502691896224004, 0.5773502691896275074 ) ) ;
#2210 = ORIENTED_EDGE ( 'NONE', *, *, #548, .T. ) ;
#2211 =( NAMED_UNIT ( * ) SI_UNIT ( $, .STERADIAN. ) SOLID_ANGLE_UNIT ( ) );
#2212 = LINE ( 'NONE', #1876, #2428 ) ;
#2213 = EDGE_CURVE ( 'NONE', #430, #97, #363, .T. ) ;
#2214 = DIRECTION ( 'NONE',  ( 0.000000000000000000, 0.000000000000000000, 1.000000000000000000 ) ) ;
#2215 = VECTOR ( 'NONE', #2386, 1000.000000000000000 ) ;
#2216 = FACE_OUTER_BOUND ( 'NONE', #501, .T. ) ;
#2217 = VERTEX_POINT ( 'NONE', #782 ) ;
#2218 = ORIENTED_EDGE ( 'NONE', *, *, #1596, .F. ) ;
#2219 = EDGE_CURVE ( 'NONE', #677, #199, #433, .T. ) ;
#2220 = AXIS2_PLACEMENT_3D ( 'NONE', #2273, #2090, #190 ) ;
#2221 = VERTEX_POINT ( 'NONE', #792 ) ;
#2222 = DIRECTION ( 'NONE',  ( -0.000000000000000000, 1.000000000000000000, -0.000000000000000000 ) ) ;
#2223 = DIRECTION ( 'NONE',  ( -0.7071067811865494601, 0.000000000000000000, -0.7071067811865454633 ) ) ;
#2224 = ORIENTED_EDGE ( 'NONE', *, *, #540, .T. ) ;
#2225 = DIRECTION ( 'NONE',  ( 0.000000000000000000, -1.000000000000000000, 0.000000000000000000 ) ) ;
#2226 = LINE ( 'NONE', #192, #861 ) ;
#2227 = CARTESIAN_POINT ( 'NONE',  ( -21.15000000000000213, -0.8500000000000000888, -23.49999999999998579 ) ) ;
#2228 = DIRECTION ( 'NONE',  ( -0.7071067811865453523, -0.000000000000000000, -0.7071067811865497932 ) ) ;
#2229 = ORIENTED_EDGE ( 'NONE', *, *, #113, .F. ) ;
#2230 = AXIS2_PLACEMENT_3D ( 'NONE', #1341, #442, #1372 ) ;
#2231 = ORIENTED_EDGE ( 'NONE', *, *, #1678, .T. ) ;
#2232 = CARTESIAN_POINT ( 'NONE',  ( -21.15000000000000213, -0.8500000000000000888, -23.49999999999998579 ) ) ;
#2233 = CARTESIAN_POINT ( 'NONE',  ( -33.89999999999999147, 0.4999999999999961142, 6.800000000000012257 ) ) ;
#2234 = DIRECTION ( 'NONE',  ( 0.000000000000000000, 1.000000000000000000, 0.000000000000000000 ) ) ;
#2235 = ORIENTED_EDGE ( 'NONE', *, *, #2389, .T. ) ;
#2236 = LINE ( 'NONE', #2408, #159 ) ;
#2237 = FACE_OUTER_BOUND ( 'NONE', #338, .T. ) ;
#2238 = CARTESIAN_POINT ( 'NONE',  ( -22.47573593128806735, -3.999999999999998224, -18.79999999999999005 ) ) ;
#2239 = LINE ( 'NONE', #760, #332 ) ;
#2240 = DIRECTION ( 'NONE',  ( 0.000000000000000000, 1.000000000000000000, 0.000000000000000000 ) ) ;
#2241 = ORIENTED_EDGE ( 'NONE', *, *, #1205, .T. ) ;
#2242 = ADVANCED_FACE ( 'NONE', ( #1166 ), #1927, .F. ) ;
#2243 = ORIENTED_EDGE ( 'NONE', *, *, #1114, .F. ) ;
#2244 = AXIS2_PLACEMENT_3D ( 'NONE', #163, #914, #1666 ) ;
#2245 = EDGE_CURVE ( 'NONE', #464, #934, #2309, .T. ) ;
#2246 = CARTESIAN_POINT ( 'NONE',  ( -15.59999999999999964, -4.000000000000000000, -19.29999999999999005 ) ) ;
#2247 = CARTESIAN_POINT ( 'NONE',  ( -26.95000000000000284, -0.8500000000000001998, -22.44999999999998508 ) ) ;
#2248 = CARTESIAN_POINT ( 'NONE',  ( -8.299999999999997158, 1.000000000000000000, 6.800000000000006040 ) ) ;
#2249 = VERTEX_POINT ( 'NONE', #1800 ) ;
#2250 = DIRECTION ( 'NONE',  ( 0.000000000000000000, 0.000000000000000000, 1.000000000000000000 ) ) ;
#2251 = VECTOR ( 'NONE', #236, 1000.000000000000000 ) ;
#2252 = CARTESIAN_POINT ( 'NONE',  ( -8.050000000000000711, 0.7499999999999981126, -19.29999999999999361 ) ) ;
#2253 = LINE ( 'NONE', #1877, #320 ) ;
#2254 = DIRECTION ( 'NONE',  ( 0.000000000000000000, 0.000000000000000000, 1.000000000000000000 ) ) ;
#2255 = LINE ( 'NONE', #2278, #1310 ) ;
#2256 = ORIENTED_EDGE ( 'NONE', *, *, #978, .F. ) ;
#2257 = AXIS2_PLACEMENT_3D ( 'NONE', #2088, #39, #1703 ) ;
#2258 =( BOUNDED_CURVE ( )  B_SPLINE_CURVE ( 3, ( #830, #1577, #816, #2128 ),
 .UNSPECIFIED., .F., .T. ) 
 B_SPLINE_CURVE_WITH_KNOTS ( ( 4, 4 ),
 ( 3.141592653589793116, 4.712388980384689674 ),
 .UNSPECIFIED. ) 
 CURVE ( )  GEOMETRIC_REPRESENTATION_ITEM ( )  RATIONAL_B_SPLINE_CURVE ( ( 1.000000000000000000, 0.8047378541243649375, 0.8047378541243649375, 1.000000000000000000 ) ) 
 REPRESENTATION_ITEM ( '' )  );
#2259 = FACE_OUTER_BOUND ( 'NONE', #909, .T. ) ;
#2260 = AXIS2_PLACEMENT_3D ( 'NONE', #1764, #1973, #803 ) ;
#2261 = VERTEX_POINT ( 'NONE', #278 ) ;
#2262 = VECTOR ( 'NONE', #82, 1000.000000000000000 ) ;
#2263 = CARTESIAN_POINT ( 'NONE',  ( -28.89999999999998792, -4.000000000000000000, 6.000000000000010658 ) ) ;
#2264 = ORIENTED_EDGE ( 'NONE', *, *, #1701, .T. ) ;
#2265 = CARTESIAN_POINT ( 'NONE',  ( -9.099999999999997868, -3.492887039320708986, -15.50000000000000000 ) ) ;
#2266 = CARTESIAN_POINT ( 'NONE',  ( -33.39999999999999147, 0.4999999999999961142, 7.300000000000014033 ) ) ;
#2267 = CARTESIAN_POINT ( 'NONE',  ( -28.89999999999999858, -3.400000000000000355, -18.79999999999998650 ) ) ;
#2268 = CARTESIAN_POINT ( 'NONE',  ( -8.799999999999997158, 0.000000000000000000, 1.195977597056913592E-15 ) ) ;
#2269 = ORIENTED_EDGE ( 'NONE', *, *, #2328, .F. ) ;
#2270 = EDGE_CURVE ( 'NONE', #2217, #1933, #1040, .T. ) ;
#2271 = LINE ( 'NONE', #1124, #1804 ) ;
#2272 = ORIENTED_EDGE ( 'NONE', *, *, #1370, .F. ) ;
#2273 = CARTESIAN_POINT ( 'NONE',  ( -15.59999999999999964, 1.000000000000000000, -19.79999999999999005 ) ) ;
#2274 = ORIENTED_EDGE ( 'NONE', *, *, #76, .T. ) ;
#2275 = CARTESIAN_POINT ( 'NONE',  ( -33.89999999999999147, -3.000000000000000000, 5.800000000000014033 ) ) ;
#2276 = VERTEX_POINT ( 'NONE', #78 ) ;
#2277 = CARTESIAN_POINT ( 'NONE',  ( -26.95000000000000284, -2.199999999999998845, 1.394895863065750533E-15 ) ) ;
#2278 = CARTESIAN_POINT ( 'NONE',  ( -15.59999999999999964, 1.000000000000000000, -19.29999999999999005 ) ) ;
#2279 = VERTEX_POINT ( 'NONE', #1422 ) ;
#2280 = DIRECTION ( 'NONE',  ( 1.000000000000000000, -0.000000000000000000, -2.891205793294679312E-16 ) ) ;
#2281 = VERTEX_POINT ( 'NONE', #128 ) ;
#2282 = LINE ( 'NONE', #1301, #1821 ) ;
#2283 = EDGE_CURVE ( 'NONE', #2293, #72, #293, .T. ) ;
#2284 = ORIENTED_EDGE ( 'NONE', *, *, #1201, .F. ) ;
#2285 = DIRECTION ( 'NONE',  ( -1.000000000000000000, 0.000000000000000000, 3.202967631604026862E-16 ) ) ;
#2286 = VECTOR ( 'NONE', #837, 1000.000000000000000 ) ;
#2287 = CARTESIAN_POINT ( 'NONE',  ( -20.44999999999999574, 0.4999999999999973910, 5.218716199078216446E-16 ) ) ;
#2288 = CARTESIAN_POINT ( 'NONE',  ( -28.89999999999998792, -3.400000000000000355, 6.300000000000013145 ) ) ;
#2289 = VERTEX_POINT ( 'NONE', #2160 ) ;
#2290 = EDGE_CURVE ( 'NONE', #1738, #403, #1052, .T. ) ;
#2291 = DIRECTION ( 'NONE',  ( -1.000000000000000000, 0.000000000000000000, 2.560477455316320513E-16 ) ) ;
#2292 = VECTOR ( 'NONE', #1557, 1000.000000000000000 ) ;
#2293 = VERTEX_POINT ( 'NONE', #458 ) ;
#2294 = EDGE_CURVE ( 'NONE', #1856, #1382, #697, .T. ) ;
#2295 = VECTOR ( 'NONE', #585, 1000.000000000000000 ) ;
#2296 = ORIENTED_EDGE ( 'NONE', *, *, #2134, .T. ) ;
#2297 = CARTESIAN_POINT ( 'NONE',  ( -26.95000000000000284, -0.8500000000000000888, -23.49999999999998224 ) ) ;
#2298 = AXIS2_PLACEMENT_3D ( 'NONE', #1770, #1805, #653 ) ;
#2299 = CARTESIAN_POINT ( 'NONE',  ( -27.34999999999999787, 1.000000000000000000, -25.79999999999998295 ) ) ;
#2300 = CARTESIAN_POINT ( 'NONE',  ( -9.099999999999997868, -3.400000000000000355, -15.50000000000000000 ) ) ;
#2301 = ORIENTED_EDGE ( 'NONE', *, *, #1840, .F. ) ;
#2302 = APPLICATION_CONTEXT ( 'automotive_design' ) ;
#2303 = DIRECTION ( 'NONE',  ( -1.000000000000000000, -0.000000000000000000, 2.891205793294679312E-16 ) ) ;
#2304 = ORIENTED_EDGE ( 'NONE', *, *, #726, .T. ) ;
#2305 = ORIENTED_EDGE ( 'NONE', *, *, #1016, .F. ) ;
#2306 = DIRECTION ( 'NONE',  ( 2.560477455316320513E-16, 0.000000000000000000, 1.000000000000000000 ) ) ;
#2307 = PLANE ( 'NONE',  #1390 ) ;
#2308 = VECTOR ( 'NONE', #303, 1000.000000000000227 ) ;
#2309 = LINE ( 'NONE', #445, #1267 ) ;
#2310 = EDGE_LOOP ( 'NONE', ( #175, #462, #1685, #808, #1392 ) ) ;
#2311 = CARTESIAN_POINT ( 'NONE',  ( -33.64999999999999147, 0.7500000000000015543, -19.54999999999998295 ) ) ;
#2312 = ADVANCED_FACE ( 'NONE', ( #269 ), #1396, .F. ) ;
#2313 = CARTESIAN_POINT ( 'NONE',  ( -28.44999999999999218, 0.5000000000000004441, -0.1499999999999946931 ) ) ;
#2314 = ORIENTED_EDGE ( 'NONE', *, *, #1388, .F. ) ;
#2315 = EDGE_CURVE ( 'NONE', #441, #2276, #880, .T. ) ;
#2316 = VECTOR ( 'NONE', #1943, 1000.000000000000227 ) ;
#2317 = ORIENTED_EDGE ( 'NONE', *, *, #1437, .F. ) ;
#2318 = FACE_OUTER_BOUND ( 'NONE', #63, .T. ) ;
#2319 = AXIS2_PLACEMENT_3D ( 'NONE', #985, #1896, #2291 ) ;
#2320 = DIRECTION ( 'NONE',  ( -2.560477455316320513E-16, 0.000000000000000000, -1.000000000000000000 ) ) ;
#2321 = CYLINDRICAL_SURFACE ( 'NONE', #2168, 1.000000000000000888 ) ;
#2322 = ORIENTED_EDGE ( 'NONE', *, *, #990, .F. ) ;
#2323 = EDGE_CURVE ( 'NONE', #1196, #2293, #1950, .T. ) ;
#2324 = CARTESIAN_POINT ( 'NONE',  ( -8.300000000000018474, -4.000000000000000000, 7.300000000000024691 ) ) ;
#2325 = VECTOR ( 'NONE', #1757, 1000.000000000000000 ) ;
#2326 = CARTESIAN_POINT ( 'NONE',  ( -20.45000000000000284, -3.469446951953614189E-15, -20.29999999999998295 ) ) ;
#2327 = EDGE_LOOP ( 'NONE', ( #766, #170, #1152, #2440 ) ) ;
#2328 = EDGE_CURVE ( 'NONE', #1216, #780, #827, .T. ) ;
#2329 = EDGE_LOOP ( 'NONE', ( #1440, #1885, #353 ) ) ;
#2330 = CARTESIAN_POINT ( 'NONE',  ( -31.90000000000000568, -1.999999999999976241, -21.29999999999999716 ) ) ;
#2331 = PLANE ( 'NONE',  #918 ) ;
#2332 = VECTOR ( 'NONE', #1221, 1000.000000000000000 ) ;
#2333 = DIRECTION ( 'NONE',  ( -1.000000000000000000, 0.000000000000000000, 2.560477455316320513E-16 ) ) ;
#2334 = DIRECTION ( 'NONE',  ( 3.059663648405801190E-16, 0.2957706001702457010, 0.9552589973797330769 ) ) ;
#2335 = VECTOR ( 'NONE', #529, 1000.000000000000000 ) ;
#2336 = CARTESIAN_POINT ( 'NONE',  ( -28.60000000000000142, -3.570292905421302176, -18.24999999999998934 ) ) ;
#2337 = DIRECTION ( 'NONE',  ( 0.7880107536067187946, -0.6156614753256623995, -2.017683769156827099E-16 ) ) ;
#2338 = EDGE_CURVE ( 'NONE', #1520, #1413, #1066, .T. ) ;
#2339 = LINE ( 'NONE', #94, #1617 ) ;
#2340 = EDGE_CURVE ( 'NONE', #149, #1583, #1210, .T. ) ;
#2341 = ORIENTED_EDGE ( 'NONE', *, *, #1855, .T. ) ;
#2342 = ORIENTED_EDGE ( 'NONE', *, *, #1678, .F. ) ;
#2343 = CARTESIAN_POINT ( 'NONE',  ( -15.59999999999999964, 1.000000000000000000, -19.29999999999998650 ) ) ;
#2344 = AXIS2_PLACEMENT_3D ( 'NONE', #1991, #2198, #1223 ) ;
#2345 = LINE ( 'NONE', #791, #1745 ) ;
#2346 = DIRECTION ( 'NONE',  ( 2.560477455316320513E-16, 0.000000000000000000, 1.000000000000000000 ) ) ;
#2347 = ORIENTED_EDGE ( 'NONE', *, *, #954, .F. ) ;
#2348 = DIRECTION ( 'NONE',  ( 1.000000000000000000, 0.000000000000000000, -2.560477455316320513E-16 ) ) ;
#2349 = CARTESIAN_POINT ( 'NONE',  ( -27.84999999999999432, -3.499999999999996003, -19.79999999999998650 ) ) ;
#2350 = VERTEX_POINT ( 'NONE', #687 ) ;
#2351 = DIRECTION ( 'NONE',  ( -1.810530971729437542E-16, 0.7071067811865505703, -0.7071067811865444641 ) ) ;
#2352 = ORIENTED_EDGE ( 'NONE', *, *, #2355, .T. ) ;
#2353 = ORIENTED_EDGE ( 'NONE', *, *, #2315, .T. ) ;
#2354 = CARTESIAN_POINT ( 'NONE',  ( -26.95000000000000284, -0.8500000000000000888, -23.49999999999998224 ) ) ;
#2355 = EDGE_CURVE ( 'NONE', #489, #23, #101, .T. ) ;
#2356 = CARTESIAN_POINT ( 'NONE',  ( -22.59999999999999787, -3.765614312047981027, -18.49999999999998579 ) ) ;
#2357 = CARTESIAN_POINT ( 'NONE',  ( -20.45000000000000284, 0.000000000000000000, 1.280985533582625953E-15 ) ) ;
#2358 = LINE ( 'NONE', #2016, #2034 ) ;
#2359 = CARTESIAN_POINT ( 'NONE',  ( -9.099999999999997868, -3.492887039320709430, -9.500000000000000000 ) ) ;
#2360 = DIRECTION ( 'NONE',  ( -1.000000000000000000, 0.000000000000000000, 2.560477455316320513E-16 ) ) ;
#2361 = ORIENTED_EDGE ( 'NONE', *, *, #1920, .F. ) ;
#2362 = DIRECTION ( 'NONE',  ( -1.000000000000000000, 0.000000000000000000, 1.280238727658160256E-16 ) ) ;
#2363 = VECTOR ( 'NONE', #2027, 1000.000000000000000 ) ;
#2364 = ORIENTED_EDGE ( 'NONE', *, *, #2142, .F. ) ;
#2365 = AXIS2_PLACEMENT_3D ( 'NONE', #1179, #2351, #1955 ) ;
#2366 = ORIENTED_EDGE ( 'NONE', *, *, #339, .F. ) ;
#2367 = ADVANCED_FACE ( 'NONE', ( #854 ), #840, .T. ) ;
#2368 = CARTESIAN_POINT ( 'NONE',  ( -28.59999999999999076, -3.570292905421302176, 5.750000000000014211 ) ) ;
#2369 = CARTESIAN_POINT ( 'NONE',  ( -26.95000000000000284, -2.199999999999998845, -23.49999999999998224 ) ) ;
#2370 = CARTESIAN_POINT ( 'NONE',  ( -28.59999999999999076, -3.492887039320711207, 6.000000000000010658 ) ) ;
#2371 = DIRECTION ( 'NONE',  ( 0.000000000000000000, -1.000000000000000000, 0.000000000000000000 ) ) ;
#2372 = ADVANCED_FACE ( 'NONE', ( #1974 ), #492, .F. ) ;
#2373 = AXIS2_PLACEMENT_3D ( 'NONE', #2106, #1915, #1711 ) ;
#2374 = DIRECTION ( 'NONE',  ( 0.000000000000000000, -1.000000000000000000, 0.000000000000000000 ) ) ;
#2375 = FACE_OUTER_BOUND ( 'NONE', #1810, .T. ) ;
#2376 = EDGE_LOOP ( 'NONE', ( #497, #451, #1143, #2269 ) ) ;
#2377 = VECTOR ( 'NONE', #1887, 1000.000000000000114 ) ;
#2378 = ORIENTED_EDGE ( 'NONE', *, *, #1183, .F. ) ;
#2379 = ORIENTED_EDGE ( 'NONE', *, *, #2089, .F. ) ;
#2380 = CARTESIAN_POINT ( 'NONE',  ( -28.59999999999999076, -3.765614312047981027, 6.000000000000010658 ) ) ;
#2381 = EDGE_CURVE ( 'NONE', #2143, #1059, #866, .T. ) ;
#2382 = CARTESIAN_POINT ( 'NONE',  ( -7.799999999999997158, 1.000000000000000000, 9.985862075733644724E-16 ) ) ;
#2383 = CARTESIAN_POINT ( 'NONE',  ( -15.59999999999999964, -4.000000000000000000, -19.29999999999999005 ) ) ;
#2384 = DIRECTION ( 'NONE',  ( 9.473436587253934158E-17, -0.9552589973797330769, 0.2957706001702457010 ) ) ;
#2385 = EDGE_CURVE ( 'NONE', #1738, #389, #115, .T. ) ;
#2386 = DIRECTION ( 'NONE',  ( -8.331327778276987206E-17, -0.7071067811865426878, -0.7071067811865524577 ) ) ;
#2387 = PLANE ( 'NONE',  #1120 ) ;
#2388 = VERTEX_POINT ( 'NONE', #2370 ) ;
#2389 = EDGE_CURVE ( 'NONE', #193, #1841, #505, .T. ) ;
#2390 = ORIENTED_EDGE ( 'NONE', *, *, #1164, .T. ) ;
#2391 = EDGE_CURVE ( 'NONE', #72, #106, #1093, .T. ) ;
#2392 = EDGE_CURVE ( 'NONE', #1048, #464, #150, .T. ) ;
#2393 = DIRECTION ( 'NONE',  ( -1.000000000000000000, -0.000000000000000000, 3.084312081358969735E-16 ) ) ;
#2394 = CARTESIAN_POINT ( 'NONE',  ( -26.95000000000000284, -0.8500000000000000888, -23.49999999999998224 ) ) ;
#2395 = ORIENTED_EDGE ( 'NONE', *, *, #1479, .T. ) ;
#2396 = LINE ( 'NONE', #1655, #1570 ) ;
#2397 = CARTESIAN_POINT ( 'NONE',  ( -32.90000000000000568, -3.000000000000000000, -18.29999999999998650 ) ) ;
#2398 = LINE ( 'NONE', #708, #1976 ) ;
#2399 = DIRECTION ( 'NONE',  ( 0.000000000000000000, 0.000000000000000000, 1.000000000000000000 ) ) ;
#2400 = ORIENTED_EDGE ( 'NONE', *, *, #1085, .T. ) ;
#2401 = EDGE_CURVE ( 'NONE', #1147, #2350, #1668, .T. ) ;
#2402 = EDGE_LOOP ( 'NONE', ( #522, #1609, #1432, #603, #2008, #41 ) ) ;
#2403 = AXIS2_PLACEMENT_3D ( 'NONE', #2354, #1418, #2048 ) ;
#2404 = CARTESIAN_POINT ( 'NONE',  ( -21.15000000000000213, -0.8500000000000000888, -23.49999999999998579 ) ) ;
#2405 = EDGE_CURVE ( 'NONE', #97, #1023, #1835, .T. ) ;
#2406 = DIRECTION ( 'NONE',  ( -1.000000000000000000, 0.000000000000000000, -3.307283379783587996E-17 ) ) ;
#2407 = ORIENTED_EDGE ( 'NONE', *, *, #726, .F. ) ;
#2408 = CARTESIAN_POINT ( 'NONE',  ( -27.35000000000000142, 1.000000000000000000, -19.79999999999998295 ) ) ;
#2409 = CARTESIAN_POINT ( 'NONE',  ( -15.74999999999999289, 0.5000000000000004441, -0.1499999999999979405 ) ) ;
#2410 = FACE_OUTER_BOUND ( 'NONE', #1893, .T. ) ;
#2411 = CIRCLE ( 'NONE', #168, 1.000000000000000888 ) ;
#2412 = PLANE ( 'NONE',  #173 ) ;
#2413 = ORIENTED_EDGE ( 'NONE', *, *, #515, .F. ) ;
#2414 = ORIENTED_EDGE ( 'NONE', *, *, #2134, .F. ) ;
#2415 = EDGE_CURVE ( 'NONE', #948, #1037, #2236, .T. ) ;
#2416 = LINE ( 'NONE', #1476, #787 ) ;
#2417 = EDGE_CURVE ( 'NONE', #1352, #2249, #1145, .T. ) ;
#2418 = DIRECTION ( 'NONE',  ( -2.560477455316320513E-16, 0.000000000000000000, -1.000000000000000000 ) ) ;
#2419 = LINE ( 'NONE', #729, #117 ) ;
#2420 = EDGE_LOOP ( 'NONE', ( #336, #439, #1403, #597 ) ) ;
#2421 = APPLICATION_PROTOCOL_DEFINITION ( 'draft international standard', 'automotive_design', 1998, #1247 ) ;
#2422 = CARTESIAN_POINT ( 'NONE',  ( -20.85000000000000142, 0.4999999999999985012, -23.49999999999998579 ) ) ;
#2423 = CARTESIAN_POINT ( 'NONE',  ( -22.59999999999999787, -3.765614312047981027, -18.49999999999998579 ) ) ;
#2424 = EDGE_CURVE ( 'NONE', #770, #2293, #354, .T. ) ;
#2425 = CARTESIAN_POINT ( 'NONE',  ( -20.84999999999999432, -2.199999999999998845, 6.139502391942716742E-16 ) ) ;
#2426 = CARTESIAN_POINT ( 'NONE',  ( -15.59999999999999964, 1.000000000000000000, -19.79999999999999005 ) ) ;
#2427 = ORIENTED_EDGE ( 'NONE', *, *, #1417, .F. ) ;
#2428 = VECTOR ( 'NONE', #891, 1000.000000000000000 ) ;
#2429 = ORIENTED_EDGE ( 'NONE', *, *, #2328, .T. ) ;
#2430 =( GEOMETRIC_REPRESENTATION_CONTEXT ( 3 ) GLOBAL_UNCERTAINTY_ASSIGNED_CONTEXT ( ( #112 ) ) GLOBAL_UNIT_ASSIGNED_CONTEXT ( ( #1706, #771, #613 ) ) REPRESENTATION_CONTEXT ( 'NONE', 'WORKASPACE' ) );
#2431 = LINE ( 'NONE', #1444, #1108 ) ;
#2432 = CARTESIAN_POINT ( 'NONE',  ( -28.60000000000000142, -3.765614312047981027, -18.49999999999998579 ) ) ;
#2433 = EDGE_CURVE ( 'NONE', #1727, #770, #2396, .T. ) ;
#2434 = VERTEX_POINT ( 'NONE', #371 ) ;
#2435 =( NAMED_UNIT ( * ) PLANE_ANGLE_UNIT ( ) SI_UNIT ( $, .RADIAN. ) );
#2436 = CARTESIAN_POINT ( 'NONE',  ( -27.34999999999999787, -2.199999999999998845, -23.49999999999998224 ) ) ;
#2437 = DIRECTION ( 'NONE',  ( -1.576387327678143726E-16, 0.7880107536067187946, -0.6156614753256622885 ) ) ;
#2438 = DIRECTION ( 'NONE',  ( 1.000000000000000000, 0.000000000000000000, -2.891205793294679312E-16 ) ) ;
#2439 = FACE_OUTER_BOUND ( 'NONE', #682, .T. ) ;
#2440 = ORIENTED_EDGE ( 'NONE', *, *, #313, .F. ) ;
ENDSEC;
END-ISO-10303-21;
