ISO-10303-21;
HEADER;
FILE_DESCRIPTION (( 'STEP AP214' ),
    '1' );
FILE_NAME ('pi_top.STEP',
    '2026-01-23T00:51:35',
    ( '' ),
    ( '' ),
    'SwSTEP 2.0',
    'SolidWorks 2025',
    '' );
FILE_SCHEMA (( 'AUTOMOTIVE_DESIGN' ));
ENDSEC;

DATA;
#1 = VERTEX_POINT ( 'NONE', #6638 ) ;
#2 = DIRECTION ( 'NONE',  ( 0.000000000000000000, -0.7071067811865398012, -0.7071067811865551223 ) ) ;
#3 = FACE_OUTER_BOUND ( 'NONE', #4819, .T. ) ;
#4 = EDGE_CURVE ( 'NONE', #6686, #6489, #3509, .T. ) ;
#5 = CARTESIAN_POINT ( 'NONE',  ( 45.63172724657251678, 0.000000000000000000, -23.64268241933965342 ) ) ;
#6 = AXIS2_PLACEMENT_3D ( 'NONE', #3106, #6302, #5272 ) ;
#7 = FILL_AREA_STYLE ('',( #4859 ) ) ;
#8 = ORIENTED_EDGE ( 'NONE', *, *, #1117, .F. ) ;
#9 = DIRECTION ( 'NONE',  ( -0.000000000000000000, -1.000000000000000000, -0.000000000000000000 ) ) ;
#10 = ORIENTED_EDGE ( 'NONE', *, *, #93, .T. ) ;
#11 = EDGE_CURVE ( 'NONE', #1877, #1684, #5138, .T. ) ;
#12 = CARTESIAN_POINT ( 'NONE',  ( 37.79747233864500089, 0.000000000000000000, -23.48284677995476599 ) ) ;
#13 = DIRECTION ( 'NONE',  ( 0.000000000000000000, -0.9876883405951374373, 0.1564344650402327286 ) ) ;
#14 = FACE_OUTER_BOUND ( 'NONE', #2395, .T. ) ;
#15 = ORIENTED_EDGE ( 'NONE', *, *, #2434, .F. ) ;
#16 = EDGE_CURVE ( 'NONE', #5087, #2187, #3967, .T. ) ;
#17 = DIRECTION ( 'NONE',  ( 0.4427499264756024622, 0.7071067811865501263, 0.5513370136367091723 ) ) ;
#18 = EDGE_CURVE ( 'NONE', #2602, #4387, #3406, .T. ) ;
#19 = ORIENTED_EDGE ( 'NONE', *, *, #488, .T. ) ;
#20 = FACE_BOUND ( 'NONE', #6870, .T. ) ;
#21 = ORIENTED_EDGE ( 'NONE', *, *, #2011, .F. ) ;
#22 = VECTOR ( 'NONE', #5822, 1000.000000000000114 ) ;
#23 = CARTESIAN_POINT ( 'NONE',  ( -1.387778780781445676E-14, 0.5000000000000108802, -73.50000000000001421 ) ) ;
#24 = CARTESIAN_POINT ( 'NONE',  ( -13.72712661109180843, 0.5000000000000180966, -120.1982281444688141 ) ) ;
#25 = VECTOR ( 'NONE', #3452, 999.9999999999998863 ) ;
#26 = EDGE_LOOP ( 'NONE', ( #3364, #6992, #800, #5929 ) ) ;
#27 = CARTESIAN_POINT ( 'NONE',  ( -48.26263021402392894, 0.000000000000000000, -125.6930891477992276 ) ) ;
#28 = ORIENTED_EDGE ( 'NONE', *, *, #2889, .T. ) ;
#29 = CARTESIAN_POINT ( 'NONE',  ( 52.21999999999999176, 4.499999999999975131, -11.94999999999998863 ) ) ;
#30 = DIRECTION ( 'NONE',  ( 0.000000000000000000, 0.000000000000000000, -1.000000000000000000 ) ) ;
#31 = EDGE_CURVE ( 'NONE', #3080, #912, #172, .T. ) ;
#32 = LINE ( 'NONE', #1068, #3688 ) ;
#33 = EDGE_CURVE ( 'NONE', #1789, #4387, #3100, .T. ) ;
#34 = VECTOR ( 'NONE', #3824, 1000.000000000000114 ) ;
#35 = ORIENTED_EDGE ( 'NONE', *, *, #16, .F. ) ;
#36 = FACE_OUTER_BOUND ( 'NONE', #4660, .T. ) ;
#37 = VECTOR ( 'NONE', #3344, 1000.000000000000000 ) ;
#38 = CARTESIAN_POINT ( 'NONE',  ( 63.02631157059969524, 0.000000000000000000, -18.74835634682459329 ) ) ;
#39 = CARTESIAN_POINT ( 'NONE',  ( -20.85965004500310727, 0.000000000000000000, -50.39034995499679326 ) ) ;
#40 = LINE ( 'NONE', #3787, #2451 ) ;
#41 = EDGE_LOOP ( 'NONE', ( #5821, #5980, #5257, #6542 ) ) ;
#42 = LINE ( 'NONE', #2205, #2963 ) ;
#43 = AXIS2_PLACEMENT_3D ( 'NONE', #2081, #3634, #6933 ) ;
#44 = ORIENTED_EDGE ( 'NONE', *, *, #4920, .T. ) ;
#45 = CIRCLE ( 'NONE', #649, 10.49999999999995381 ) ;
#46 = CARTESIAN_POINT ( 'NONE',  ( 13.72712661109178711, 0.4999999999999848455, -120.1982281444688425 ) ) ;
#47 = VECTOR ( 'NONE', #2315, 1000.000000000000000 ) ;
#48 = VECTOR ( 'NONE', #5064, 1000.000000000000114 ) ;
#49 = CARTESIAN_POINT ( 'NONE',  ( 41.93912515950809450, 0.000000000000000000, -155.0378529641628518 ) ) ;
#50 = CARTESIAN_POINT ( 'NONE',  ( -38.68139047374459949, 4.500000000000002665, -102.6294009466956538 ) ) ;
#51 = EDGE_LOOP ( 'NONE', ( #5906, #5639, #3694, #3164 ) ) ;
#52 = CARTESIAN_POINT ( 'NONE',  ( 48.26263021402390763, 5.000000000000000000, -125.6930891477992560 ) ) ;
#53 = ADVANCED_FACE ( 'NONE', ( #5645 ), #4609, .F. ) ;
#54 = ORIENTED_EDGE ( 'NONE', *, *, #2407, .F. ) ;
#55 = LINE ( 'NONE', #4871, #5754 ) ;
#56 = AXIS2_PLACEMENT_3D ( 'NONE', #1371, #4517, #4550 ) ;
#57 = ORIENTED_EDGE ( 'NONE', *, *, #670, .F. ) ;
#58 = EDGE_CURVE ( 'NONE', #1421, #1600, #4111, .T. ) ;
#59 = DIRECTION ( 'NONE',  ( -0.000000000000000000, -1.000000000000000000, -0.000000000000000000 ) ) ;
#60 = DIRECTION ( 'NONE',  ( -0.000000000000000000, 1.000000000000000000, -0.000000000000000000 ) ) ;
#61 = ORIENTED_EDGE ( 'NONE', *, *, #3684, .F. ) ;
#62 = PLANE ( 'NONE',  #2651 ) ;
#63 = VERTEX_POINT ( 'NONE', #1327 ) ;
#64 = CARTESIAN_POINT ( 'NONE',  ( 7.514509685177575449, -3.439509685177557508, -125.6102787155690095 ) ) ;
#65 = AXIS2_PLACEMENT_3D ( 'NONE', #4757, #4726, #2002 ) ;
#66 = VECTOR ( 'NONE', #6914, 1000.000000000000000 ) ;
#67 = VECTOR ( 'NONE', #6076, 1000.000000000000114 ) ;
#68 = DIRECTION ( 'NONE',  ( 0.000000000000000000, 1.000000000000000000, 0.000000000000000000 ) ) ;
#69 = DIRECTION ( 'NONE',  ( 0.000000000000000000, -1.000000000000000000, 0.000000000000000000 ) ) ;
#70 = ORIENTED_EDGE ( 'NONE', *, *, #5553, .T. ) ;
#71 = VECTOR ( 'NONE', #6843, 999.9999999999998863 ) ;
#72 = ORIENTED_EDGE ( 'NONE', *, *, #58, .F. ) ;
#73 = CIRCLE ( 'NONE', #4826, 2.250000000000001776 ) ;
#74 = EDGE_CURVE ( 'NONE', #6594, #3610, #1754, .T. ) ;
#75 = LINE ( 'NONE', #6560, #1420 ) ;
#76 = DIRECTION ( 'NONE',  ( 0.000000000000000000, 0.000000000000000000, 1.000000000000000000 ) ) ;
#77 = EDGE_CURVE ( 'NONE', #1438, #3488, #3662, .T. ) ;
#78 = VECTOR ( 'NONE', #4247, 1000.000000000000000 ) ;
#79 = DIRECTION ( 'NONE',  ( 0.000000000000000000, 0.000000000000000000, -1.000000000000000000 ) ) ;
#80 = ORIENTED_EDGE ( 'NONE', *, *, #2039, .T. ) ;
#81 = CARTESIAN_POINT ( 'NONE',  ( -50.99999999999999289, 5.000000000000000000, -145.0000000000000284 ) ) ;
#82 = VERTEX_POINT ( 'NONE', #152 ) ;
#83 = VECTOR ( 'NONE', #1050, 999.9999999999998863 ) ;
#84 = AXIS2_PLACEMENT_3D ( 'NONE', #1175, #3363, #2273 ) ;
#85 = VECTOR ( 'NONE', #2785, 1000.000000000000000 ) ;
#86 = DIRECTION ( 'NONE',  ( 0.000000000000000000, 0.000000000000000000, 1.000000000000000000 ) ) ;
#87 = CARTESIAN_POINT ( 'NONE',  ( -52.21999999999999176, 5.000000000000000000, -15.94999999999999929 ) ) ;
#88 = FACE_OUTER_BOUND ( 'NONE', #4996, .T. ) ;
#89 = EDGE_LOOP ( 'NONE', ( #5329, #2042, #1553, #1917 ) ) ;
#90 = CARTESIAN_POINT ( 'NONE',  ( 52.21999999999999176, 0.000000000000000000, -13.69999999999999929 ) ) ;
#91 = EDGE_LOOP ( 'NONE', ( #6724, #5499, #2092, #4579 ) ) ;
#92 = FACE_BOUND ( 'NONE', #6828, .T. ) ;
#93 = EDGE_CURVE ( 'NONE', #4981, #2756, #6247, .T. ) ;
#94 = ORIENTED_EDGE ( 'NONE', *, *, #5597, .F. ) ;
#95 = CARTESIAN_POINT ( 'NONE',  ( -15.19575614287105303, 0.5000000000000281997, -134.2029171787668815 ) ) ;
#96 = CARTESIAN_POINT ( 'NONE',  ( -59.37786006647043990, 4.499999999999971578, -27.73939977290451964 ) ) ;
#97 = ORIENTED_EDGE ( 'NONE', *, *, #4639, .F. ) ;
#98 = DIRECTION ( 'NONE',  ( 0.000000000000000000, 0.000000000000000000, 1.000000000000000000 ) ) ;
#99 = ADVANCED_FACE ( 'NONE', ( #4467 ), #793, .T. ) ;
#100 = ORIENTED_EDGE ( 'NONE', *, *, #4920, .F. ) ;
#101 = LINE ( 'NONE', #64, #6037 ) ;
#102 = VECTOR ( 'NONE', #1631, 1000.000000000000000 ) ;
#103 = ADVANCED_FACE ( 'NONE', ( #6217 ), #736, .F. ) ;
#104 = DIRECTION ( 'NONE',  ( -1.239088197126289831E-16, 0.000000000000000000, 1.000000000000000000 ) ) ;
#105 = DIRECTION ( 'NONE',  ( -0.7797082821233130012, -0.000000000000000000, 0.6261429507614951762 ) ) ;
#106 = ORIENTED_EDGE ( 'NONE', *, *, #2829, .F. ) ;
#107 = ADVANCED_FACE ( 'NONE', ( #6780 ), #4343, .F. ) ;
#108 = EDGE_LOOP ( 'NONE', ( #5334, #1730, #1251, #5691 ) ) ;
#109 = CARTESIAN_POINT ( 'NONE',  ( -20.85965004500318898, 3.449999999999969535, -94.35965004500309306 ) ) ;
#110 = CARTESIAN_POINT ( 'NONE',  ( -16.85784136489928642, 5.000000000000000000, -116.2996867338522691 ) ) ;
#111 = DIRECTION ( 'NONE',  ( 0.6406452607602437510, -0.7071067811865426878, -0.2992885728948672663 ) ) ;
#112 = ORIENTED_EDGE ( 'NONE', *, *, #4685, .F. ) ;
#113 = CARTESIAN_POINT ( 'NONE',  ( 3.711728735997285256, 4.136728735997286854, -126.8102369976720496 ) ) ;
#114 = ORIENTED_EDGE ( 'NONE', *, *, #1080, .F. ) ;
#115 = DIRECTION ( 'NONE',  ( -0.000000000000000000, -1.000000000000000000, -0.000000000000000000 ) ) ;
#116 = CYLINDRICAL_SURFACE ( 'NONE', #4812, 5.000000000000004441 ) ;
#117 = DIRECTION ( 'NONE',  ( 0.000000000000000000, 1.000000000000000000, 0.000000000000000000 ) ) ;
#118 = APPLICATION_CONTEXT ( 'automotive_design' ) ;
#119 = VERTEX_POINT ( 'NONE', #1258 ) ;
#120 = CARTESIAN_POINT ( 'NONE',  ( -15.19575614287105303, 0.5000000000000281997, -134.2029171787668815 ) ) ;
#121 = ORIENTED_EDGE ( 'NONE', *, *, #6813, .F. ) ;
#122 = DIRECTION ( 'NONE',  ( 0.000000000000000000, 0.000000000000000000, -1.000000000000000000 ) ) ;
#123 = ORIENTED_EDGE ( 'NONE', *, *, #4456, .F. ) ;
#124 = CARTESIAN_POINT ( 'NONE',  ( -52.21999999999999176, 0.000000000000000000, -1.772625118434479230 ) ) ;
#125 = DIRECTION ( 'NONE',  ( 0.000000000000000000, 0.000000000000000000, -1.000000000000000000 ) ) ;
#126 = ORIENTED_EDGE ( 'NONE', *, *, #3121, .T. ) ;
#127 = LINE ( 'NONE', #6610, #6966 ) ;
#128 = ORIENTED_EDGE ( 'NONE', *, *, #6558, .T. ) ;
#129 = CARTESIAN_POINT ( 'NONE',  ( -3.075000000000000622, 2.500000000000000444, -129.2500000000000000 ) ) ;
#130 = CARTESIAN_POINT ( 'NONE',  ( -52.21999999999999176, 4.499999999999995559, -15.45000000000000107 ) ) ;
#131 = AXIS2_PLACEMENT_3D ( 'NONE', #4074, #3087, #5183 ) ;
#132 = EDGE_CURVE ( 'NONE', #5810, #545, #6074, .T. ) ;
#133 = DIRECTION ( 'NONE',  ( 0.000000000000000000, 0.000000000000000000, 1.000000000000000000 ) ) ;
#134 = CARTESIAN_POINT ( 'NONE',  ( -52.21999999999999176, 4.499999999999995559, -13.69999999999999929 ) ) ;
#135 = EDGE_CURVE ( 'NONE', #2867, #5997, #2382, .T. ) ;
#136 = VERTEX_POINT ( 'NONE', #1946 ) ;
#137 = ORIENTED_EDGE ( 'NONE', *, *, #6759, .F. ) ;
#138 = PRODUCT_DEFINITION_SHAPE ( 'NONE', 'NONE',  #4847 ) ;
#139 = EDGE_CURVE ( 'NONE', #6252, #2688, #502, .T. ) ;
#140 = EDGE_CURVE ( 'NONE', #4583, #4971, #6568, .T. ) ;
#141 = CYLINDRICAL_SURFACE ( 'NONE', #1994, 4.999999999999997335 ) ;
#142 = VECTOR ( 'NONE', #652, 1000.000000000000000 ) ;
#143 = LINE ( 'NONE', #2305, #190 ) ;
#144 = LINE ( 'NONE', #3324, #4373 ) ;
#145 = ORIENTED_EDGE ( 'NONE', *, *, #3147, .T. ) ;
#146 = CARTESIAN_POINT ( 'NONE',  ( -45.35554439750277567, 4.500000000000000000, -24.05948337168945628 ) ) ;
#147 = ORIENTED_EDGE ( 'NONE', *, *, #3743, .T. ) ;
#148 = VECTOR ( 'NONE', #769, 1000.000000000000000 ) ;
#149 = FACE_OUTER_BOUND ( 'NONE', #1491, .T. ) ;
#150 = DIRECTION ( 'NONE',  ( 0.000000000000000000, 1.000000000000000000, 0.000000000000000000 ) ) ;
#151 = FACE_OUTER_BOUND ( 'NONE', #6157, .T. ) ;
#152 = CARTESIAN_POINT ( 'NONE',  ( 42.34915626560063373, 0.000000000000000000, -20.39542497056533321 ) ) ;
#153 = DIRECTION ( 'NONE',  ( 0.7071067811865487940, -0.7071067811865462405, 0.000000000000000000 ) ) ;
#154 = AXIS2_PLACEMENT_3D ( 'NONE', #3297, #2704, #4867 ) ;
#155 = ORIENTED_EDGE ( 'NONE', *, *, #18, .T. ) ;
#156 = DIRECTION ( 'NONE',  ( -0.9013783694726589246, 0.000000000000000000, -0.4330323718231822161 ) ) ;
#157 = ORIENTED_EDGE ( 'NONE', *, *, #6936, .T. ) ;
#158 = AXIS2_PLACEMENT_3D ( 'NONE', #393, #3248, #1066 ) ;
#159 = EDGE_CURVE ( 'NONE', #5783, #5411, #5481, .T. ) ;
#160 = AXIS2_PLACEMENT_3D ( 'NONE', #3921, #4487, #2297 ) ;
#161 = EDGE_CURVE ( 'NONE', #4296, #6686, #2841, .T. ) ;
#162 = EDGE_CURVE ( 'NONE', #3871, #6018, #3882, .T. ) ;
#163 = CARTESIAN_POINT ( 'NONE',  ( 20.85965004500319608, 10.00000000000000000, -52.64034995499687852 ) ) ;
#164 = DIRECTION ( 'NONE',  ( 0.3650730802518769025, 0.000000000000000000, 0.9309788644622425391 ) ) ;
#165 = CIRCLE ( 'NONE', #3881, 5.500000000000005329 ) ;
#166 = ORIENTED_EDGE ( 'NONE', *, *, #4242, .T. ) ;
#167 = DIRECTION ( 'NONE',  ( -0.000000000000000000, -1.000000000000000000, -0.000000000000000000 ) ) ;
#168 = ADVANCED_FACE ( 'NONE', ( #88 ), #959, .F. ) ;
#169 = ORIENTED_EDGE ( 'NONE', *, *, #5853, .F. ) ;
#170 = CARTESIAN_POINT ( 'NONE',  ( -4.546839904143429756, 0.000000000000000000, -23.37035265351345714 ) ) ;
#171 = LINE ( 'NONE', #130, #6023 ) ;
#172 = CIRCLE ( 'NONE', #6614, 1.750000000000001554 ) ;
#173 = CARTESIAN_POINT ( 'NONE',  ( 3.575000000000014833, 4.000000000000007105, -126.7885812933448335 ) ) ;
#174 = CIRCLE ( 'NONE', #2997, 21.50000000000000000 ) ;
#175 = DIRECTION ( 'NONE',  ( 0.000000000000000000, 1.000000000000000000, 0.000000000000000000 ) ) ;
#176 = VERTEX_POINT ( 'NONE', #613 ) ;
#177 = EDGE_CURVE ( 'NONE', #3940, #6354, #5702, .T. ) ;
#178 = ORIENTED_EDGE ( 'NONE', *, *, #1063, .T. ) ;
#179 = VECTOR ( 'NONE', #3896, 1000.000000000000114 ) ;
#180 = AXIS2_PLACEMENT_3D ( 'NONE', #1382, #5816, #2058 ) ;
#181 = CARTESIAN_POINT ( 'NONE',  ( 0.000000000000000000, 5.000000000000000000, -73.50000000000000000 ) ) ;
#182 = CIRCLE ( 'NONE', #3793, 11.92737488156552317 ) ;
#183 = CARTESIAN_POINT ( 'NONE',  ( 31.03562620414073336, 0.000000000000000000, -47.48000949045417229 ) ) ;
#184 = DIRECTION ( 'NONE',  ( 0.3062001265894727098, -0.7071067811865379138, -0.6373707574689981836 ) ) ;
#185 = EDGE_CURVE ( 'NONE', #2562, #5562, #5543, .T. ) ;
#186 = EDGE_LOOP ( 'NONE', ( #3356, #4157, #7008, #2779 ) ) ;
#187 = DIRECTION ( 'NONE',  ( 0.000000000000000000, 1.000000000000000000, 0.000000000000000000 ) ) ;
#188 = EDGE_LOOP ( 'NONE', ( #3898, #6219, #1534, #4050 ) ) ;
#189 = EDGE_CURVE ( 'NONE', #646, #1787, #4452, .T. ) ;
#190 = VECTOR ( 'NONE', #6102, 999.9999999999998863 ) ;
#191 = AXIS2_PLACEMENT_3D ( 'NONE', #163, #1764, #2322 ) ;
#192 = CARTESIAN_POINT ( 'NONE',  ( 8.934326635256089943, 4.500000000000038192, -142.0000000000000284 ) ) ;
#193 = DIRECTION ( 'NONE',  ( 0.000000000000000000, 0.000000000000000000, 1.000000000000000000 ) ) ;
#194 = CARTESIAN_POINT ( 'NONE',  ( 29.95811074202285695, 5.000000000000000000, -100.7536529802647607 ) ) ;
#195 = CARTESIAN_POINT ( 'NONE',  ( -17.57425646220331572, 0.000000000000000000, -27.09654247888020606 ) ) ;
#196 = DIRECTION ( 'NONE',  ( 0.000000000000000000, 0.000000000000000000, -1.000000000000000000 ) ) ;
#197 = EDGE_LOOP ( 'NONE', ( #5710, #1950, #1757, #2551 ) ) ;
#198 = DIRECTION ( 'NONE',  ( -0.000000000000000000, -1.000000000000000000, -0.000000000000000000 ) ) ;
#199 = EDGE_LOOP ( 'NONE', ( #2497, #1896, #5391, #6673 ) ) ;
#200 = CIRCLE ( 'NONE', #6982, 41.00000000000000000 ) ;
#201 = CONICAL_SURFACE ( 'NONE', #4146, 40.49999999999999289, 0.7853981633974482790 ) ;
#202 = LINE ( 'NONE', #5717, #2321 ) ;
#203 = ORIENTED_EDGE ( 'NONE', *, *, #6229, .T. ) ;
#204 = DIRECTION ( 'NONE',  ( 0.000000000000000000, 0.000000000000000000, 1.000000000000000000 ) ) ;
#205 = ORIENTED_EDGE ( 'NONE', *, *, #742, .T. ) ;
#206 = FACE_OUTER_BOUND ( 'NONE', #5764, .T. ) ;
#207 = CARTESIAN_POINT ( 'NONE',  ( -1.118356484969027719E-14, 0.000000000000000000, -51.49999999999999289 ) ) ;
#208 = ADVANCED_FACE ( 'NONE', ( #151 ), #2772, .T. ) ;
#209 = VERTEX_POINT ( 'NONE', #4466 ) ;
#210 = CARTESIAN_POINT ( 'NONE',  ( -1.387778780781445676E-14, 4.499999999999989342, -52.00000000000001421 ) ) ;
#211 = CARTESIAN_POINT ( 'NONE',  ( -8.934326635256088167, 0.000000000000000000, -142.0000000000000284 ) ) ;
#212 = ORIENTED_EDGE ( 'NONE', *, *, #6985, .F. ) ;
#213 = CONICAL_SURFACE ( 'NONE', #5072, 13.50000000000012257, 0.7853981633974431720 ) ;
#214 = AXIS2_PLACEMENT_3D ( 'NONE', #3097, #3660, #5831 ) ;
#215 = DIRECTION ( 'NONE',  ( -0.000000000000000000, 1.000000000000000000, -0.000000000000000000 ) ) ;
#216 = DIRECTION ( 'NONE',  ( 0.000000000000000000, 0.000000000000000000, 1.000000000000000000 ) ) ;
#217 = DIRECTION ( 'NONE',  ( 0.000000000000000000, 0.000000000000000000, 1.000000000000000000 ) ) ;
#218 = ORIENTED_EDGE ( 'NONE', *, *, #5438, .F. ) ;
#219 = DIRECTION ( 'NONE',  ( 0.000000000000000000, 0.000000000000000000, 1.000000000000000000 ) ) ;
#220 = VERTEX_POINT ( 'NONE', #1257 ) ;
#221 = EDGE_CURVE ( 'NONE', #596, #1428, #3441, .T. ) ;
#222 = EDGE_CURVE ( 'NONE', #2948, #2032, #2991, .T. ) ;
#223 = FACE_OUTER_BOUND ( 'NONE', #5532, .T. ) ;
#224 = DIRECTION ( 'NONE',  ( 0.000000000000000000, -1.000000000000000000, 0.000000000000000000 ) ) ;
#225 = DIRECTION ( 'NONE',  ( 0.000000000000000000, 1.000000000000000000, 0.000000000000000000 ) ) ;
#226 = DIRECTION ( 'NONE',  ( -0.000000000000000000, 1.000000000000000000, -0.000000000000000000 ) ) ;
#227 = CARTESIAN_POINT ( 'NONE',  ( -3.575000000000000622, 5.000000000000000000, -125.9469657336693444 ) ) ;
#228 = ADVANCED_FACE ( 'NONE', ( #3405 ), #2876, .F. ) ;
#229 = ORIENTED_EDGE ( 'NONE', *, *, #6741, .T. ) ;
#230 = CARTESIAN_POINT ( 'NONE',  ( -8.673617379884035472E-16, 0.5000000000000281997, -13.90587977405051134 ) ) ;
#231 = VERTEX_POINT ( 'NONE', #3897 ) ;
#232 = EDGE_CURVE ( 'NONE', #2135, #2182, #687, .T. ) ;
#233 = DIRECTION ( 'NONE',  ( 0.000000000000000000, 0.000000000000000000, 1.000000000000000000 ) ) ;
#234 = CARTESIAN_POINT ( 'NONE',  ( -3.575000000000000622, 2.500000000000000444, -127.7500000000000000 ) ) ;
#235 = EDGE_LOOP ( 'NONE', ( #145, #6463, #3854, #4779 ) ) ;
#236 = DIRECTION ( 'NONE',  ( 0.5851866491941993820, -0.7071067811865612285, 0.3969339814186301774 ) ) ;
#237 = ORIENTED_EDGE ( 'NONE', *, *, #2964, .T. ) ;
#238 = DIRECTION ( 'NONE',  ( -0.000000000000000000, -1.000000000000000000, -0.000000000000000000 ) ) ;
#239 = EDGE_CURVE ( 'NONE', #6603, #2999, #5042, .T. ) ;
#240 = VECTOR ( 'NONE', #6029, 1000.000000000000114 ) ;
#241 = ORIENTED_EDGE ( 'NONE', *, *, #6135, .T. ) ;
#242 = CARTESIAN_POINT ( 'NONE',  ( -16.85784136489928642, 10.00000000000000000, -116.2996867338522691 ) ) ;
#243 = FACE_OUTER_BOUND ( 'NONE', #2828, .T. ) ;
#244 = ORIENTED_EDGE ( 'NONE', *, *, #4052, .F. ) ;
#245 = ADVANCED_FACE ( 'NONE', ( #6670 ), #2539, .F. ) ;
#246 = CARTESIAN_POINT ( 'NONE',  ( 39.56668648912854280, 4.500000000000039968, -77.49523297530159027 ) ) ;
#247 = ADVANCED_FACE ( 'NONE', ( #6340 ), #5825, .F. ) ;
#248 = CARTESIAN_POINT ( 'NONE',  ( -31.03562620414072271, 0.000000000000000000, -47.48000949045419361 ) ) ;
#249 = CYLINDRICAL_SURFACE ( 'NONE', #4716, 12.42737488156553205 ) ;
#250 = ORIENTED_EDGE ( 'NONE', *, *, #1773, .T. ) ;
#251 = CARTESIAN_POINT ( 'NONE',  ( 50.99999999999999289, 0.000000000000000000, -148.2999999999999829 ) ) ;
#252 = ORIENTED_EDGE ( 'NONE', *, *, #1441, .F. ) ;
#253 = AXIS2_PLACEMENT_3D ( 'NONE', #12, #5461, #2277 ) ;
#254 = CYLINDRICAL_SURFACE ( 'NONE', #3421, 1.750000000000001554 ) ;
#255 = DIRECTION ( 'NONE',  ( -0.000000000000000000, -1.000000000000000000, -0.000000000000000000 ) ) ;
#256 = DIRECTION ( 'NONE',  ( -0.3650730802518771245, 0.000000000000000000, -0.9309788644622424281 ) ) ;
#257 = DIRECTION ( 'NONE',  ( 0.000000000000000000, 0.000000000000000000, 1.000000000000000000 ) ) ;
#258 = ORIENTED_EDGE ( 'NONE', *, *, #6853, .T. ) ;
#259 = LINE ( 'NONE', #6183, #1604 ) ;
#260 = CIRCLE ( 'NONE', #4209, 1.750000000000001554 ) ;
#261 = ORIENTED_EDGE ( 'NONE', *, *, #6676, .T. ) ;
#262 = EDGE_CURVE ( 'NONE', #5411, #6603, #4235, .T. ) ;
#263 = AXIS2_PLACEMENT_3D ( 'NONE', #2050, #1979, #6904 ) ;
#264 = EDGE_CURVE ( 'NONE', #4574, #5210, #3605, .T. ) ;
#265 = CARTESIAN_POINT ( 'NONE',  ( 16.85784136489926865, 4.499999999999971578, -116.2996867338522691 ) ) ;
#266 = CARTESIAN_POINT ( 'NONE',  ( 30.32796396106018477, 0.5000000000000004441, -101.0901178318729734 ) ) ;
#267 = EDGE_LOOP ( 'NONE', ( #5047, #6918, #1663, #6193 ) ) ;
#268 = LINE ( 'NONE', #4580, #607 ) ;
#269 = ORIENTED_EDGE ( 'NONE', *, *, #1299, .T. ) ;
#270 = LINE ( 'NONE', #5056, #441 ) ;
#271 = ADVANCED_FACE ( 'NONE', ( #891 ), #2613, .F. ) ;
#272 = CIRCLE ( 'NONE', #6946, 12.42737488156552494 ) ;
#273 = AXIS2_PLACEMENT_3D ( 'NONE', #807, #4962, #5529 ) ;
#274 = EDGE_CURVE ( 'NONE', #1697, #2034, #5739, .T. ) ;
#275 = ORIENTED_EDGE ( 'NONE', *, *, #4659, .T. ) ;
#276 = CARTESIAN_POINT ( 'NONE',  ( -20.85965004500310727, 10.00000000000000000, -50.89034995499679326 ) ) ;
#277 = CARTESIAN_POINT ( 'NONE',  ( -63.02631157059965261, 5.000000000000000000, -18.74835634682457197 ) ) ;
#278 = ORIENTED_EDGE ( 'NONE', *, *, #3652, .F. ) ;
#279 = DIRECTION ( 'NONE',  ( -0.000000000000000000, 1.000000000000000000, -0.000000000000000000 ) ) ;
#280 = CARTESIAN_POINT ( 'NONE',  ( 37.79747233864500089, 10.00000000000000000, -23.48284677995476599 ) ) ;
#281 = CARTESIAN_POINT ( 'NONE',  ( 52.21999999999999176, 10.00000000000000000, -13.69999999999999929 ) ) ;
#282 = AXIS2_PLACEMENT_3D ( 'NONE', #3935, #6109, #5571 ) ;
#283 = VERTEX_POINT ( 'NONE', #3043 ) ;
#284 = DIRECTION ( 'NONE',  ( -0.4232579588512069835, -0.000000000000000000, 0.9060092164371783552 ) ) ;
#285 = AXIS2_PLACEMENT_3D ( 'NONE', #6429, #5219, #372 ) ;
#286 = ORIENTED_EDGE ( 'NONE', *, *, #222, .T. ) ;
#287 = VECTOR ( 'NONE', #5130, 1000.000000000000114 ) ;
#288 = EDGE_CURVE ( 'NONE', #3830, #1593, #461, .T. ) ;
#289 = CARTESIAN_POINT ( 'NONE',  ( 52.21999999999999176, 4.499999999999975131, -15.45000000000000817 ) ) ;
#290 = CIRCLE ( 'NONE', #1206, 12.42737488156552494 ) ;
#291 = DIRECTION ( 'NONE',  ( 0.000000000000000000, 1.000000000000000000, 0.000000000000000000 ) ) ;
#292 = CARTESIAN_POINT ( 'NONE',  ( 15.19575614287105303, 5.000000000000001776, -134.2029171787668815 ) ) ;
#293 = FACE_OUTER_BOUND ( 'NONE', #2628, .T. ) ;
#294 = ORIENTED_EDGE ( 'NONE', *, *, #31, .T. ) ;
#295 = AXIS2_PLACEMENT_3D ( 'NONE', #3974, #801, #5086 ) ;
#296 = FACE_OUTER_BOUND ( 'NONE', #6319, .T. ) ;
#297 = VECTOR ( 'NONE', #2235, 1000.000000000000000 ) ;
#298 = VERTEX_POINT ( 'NONE', #2508 ) ;
#299 = VECTOR ( 'NONE', #641, 1000.000000000000114 ) ;
#300 = CONICAL_SURFACE ( 'NONE', #5165, 1.750000000000010214, 0.7853981633974441712 ) ;
#301 = DIRECTION ( 'NONE',  ( -0.6583014682026263609, 0.7071067811865230368, -0.2581456506747717428 ) ) ;
#302 = DIRECTION ( 'NONE',  ( 0.000000000000000000, 1.000000000000000000, 0.000000000000000000 ) ) ;
#303 = ORIENTED_EDGE ( 'NONE', *, *, #5154, .T. ) ;
#305 = EDGE_CURVE ( 'NONE', #1387, #1353, #1858, .T. ) ;
#304 = CARTESIAN_POINT ( 'NONE',  ( -36.83221845872049727, 5.000000000000000000, -132.3400645262867954 ) ) ;
#306 = VERTEX_POINT ( 'NONE', #2022 ) ;
#307 = CARTESIAN_POINT ( 'NONE',  ( 63.47931617881824451, 10.00000000000000000, -18.95998532625017674 ) ) ;
#308 = TOROIDAL_SURFACE ( 'NONE', #5394, 0.7500000000000111022, 0.5000000000000000000 ) ;
#309 = VECTOR ( 'NONE', #969, 1000.000000000000000 ) ;
#310 = ORIENTED_EDGE ( 'NONE', *, *, #4019, .F. ) ;
#311 = AXIS2_PLACEMENT_3D ( 'NONE', #3165, #5330, #4797 ) ;
#312 = AXIS2_PLACEMENT_3D ( 'NONE', #5032, #1819, #217 ) ;
#313 = VECTOR ( 'NONE', #6793, 1000.000000000000227 ) ;
#314 = EDGE_CURVE ( 'NONE', #5179, #2263, #1596, .T. ) ;
#315 = CYLINDRICAL_SURFACE ( 'NONE', #5287, 5.000000000000004441 ) ;
#316 = ORIENTED_EDGE ( 'NONE', *, *, #6391, .F. ) ;
#317 = DIRECTION ( 'NONE',  ( -0.2591368248975469690, 0.7071067811865598962, -0.6579119287427462881 ) ) ;
#318 = CARTESIAN_POINT ( 'NONE',  ( 0.000000000000000000, 4.500000000000000000, -73.50000000000000000 ) ) ;
#319 = ORIENTED_EDGE ( 'NONE', *, *, #1172, .T. ) ;
#320 = CARTESIAN_POINT ( 'NONE',  ( 52.21999999999999176, 10.00000000000000000, -13.69999999999999929 ) ) ;
#321 = EDGE_CURVE ( 'NONE', #1320, #1682, #6978, .T. ) ;
#322 = CARTESIAN_POINT ( 'NONE',  ( 3.574999999999999289, 2.500000000000000444, -128.5000000000000000 ) ) ;
#323 = VECTOR ( 'NONE', #4158, 1000.000000000000000 ) ;
#324 = ADVANCED_FACE ( 'NONE', ( #5772 ), #4774, .F. ) ;
#325 = CYLINDRICAL_SURFACE ( 'NONE', #4594, 9.999999999999994671 ) ;
#326 = FACE_OUTER_BOUND ( 'NONE', #7000, .T. ) ;
#327 = ORIENTED_EDGE ( 'NONE', *, *, #971, .T. ) ;
#328 = LINE ( 'NONE', #3675, #6983 ) ;
#329 = VERTEX_POINT ( 'NONE', #4135 ) ;
#330 = AXIS2_PLACEMENT_3D ( 'NONE', #3167, #4227, #3626 ) ;
#331 = DIRECTION ( 'NONE',  ( 0.000000000000000000, 0.7071067811865517916, 0.7071067811865432429 ) ) ;
#332 = DIRECTION ( 'NONE',  ( 0.000000000000000000, 0.000000000000000000, -1.000000000000000000 ) ) ;
#333 = ORIENTED_EDGE ( 'NONE', *, *, #2075, .T. ) ;
#334 = FACE_OUTER_BOUND ( 'NONE', #1843, .T. ) ;
#335 = VERTEX_POINT ( 'NONE', #5805 ) ;
#336 = CARTESIAN_POINT ( 'NONE',  ( 15.19575614287105303, 4.500000000000038192, -134.2029171787668815 ) ) ;
#337 = VERTEX_POINT ( 'NONE', #6410 ) ;
#338 = EDGE_CURVE ( 'NONE', #3802, #4733, #4791, .T. ) ;
#339 = LINE ( 'NONE', #3549, #4350 ) ;
#340 = DIRECTION ( 'NONE',  ( 0.000000000000000000, 0.000000000000000000, 1.000000000000000000 ) ) ;
#341 = ORIENTED_EDGE ( 'NONE', *, *, #1585, .F. ) ;
#342 = DIRECTION ( 'NONE',  ( 0.000000000000000000, 0.000000000000000000, 1.000000000000000000 ) ) ;
#343 = EDGE_LOOP ( 'NONE', ( #6860, #2460, #2057, #4840, #626 ) ) ;
#344 = CARTESIAN_POINT ( 'NONE',  ( 17.79077264811490977, 0.5000000000000004441, -27.54723166361653952 ) ) ;
#345 = VERTEX_POINT ( 'NONE', #3073 ) ;
#346 = EDGE_CURVE ( 'NONE', #6911, #1438, #2546, .T. ) ;
#347 = LINE ( 'NONE', #6865, #1109 ) ;
#348 = CIRCLE ( 'NONE', #4566, 5.000000000000004441 ) ;
#349 = ORIENTED_EDGE ( 'NONE', *, *, #682, .T. ) ;
#350 = CARTESIAN_POINT ( 'NONE',  ( -20.85965004500318898, 10.00000000000000000, -94.35965004500309306 ) ) ;
#351 = CARTESIAN_POINT ( 'NONE',  ( 43.14224645948156933, 0.5000000000000004441, -127.7009910891845692 ) ) ;
#352 = ORIENTED_EDGE ( 'NONE', *, *, #1872, .T. ) ;
#353 = DIRECTION ( 'NONE',  ( -0.000000000000000000, 1.000000000000000000, -0.000000000000000000 ) ) ;
#354 = DIRECTION ( 'NONE',  ( -0.000000000000000000, -1.000000000000000000, -0.000000000000000000 ) ) ;
#355 = LINE ( 'NONE', #4241, #2751 ) ;
#356 = CARTESIAN_POINT ( 'NONE',  ( 0.000000000000000000, 0.000000000000000000, -73.50000000000000000 ) ) ;
#357 = FACE_OUTER_BOUND ( 'NONE', #6703, .T. ) ;
#358 = ORIENTED_EDGE ( 'NONE', *, *, #2215, .F. ) ;
#359 = CARTESIAN_POINT ( 'NONE',  ( -52.21999999999999176, 1.549999999999988942, -13.69999999999999929 ) ) ;
#360 = VECTOR ( 'NONE', #2284, 1000.000000000000000 ) ;
#361 = ADVANCED_FACE ( 'NONE', ( #1032 ), #4743, .F. ) ;
#362 = ORIENTED_EDGE ( 'NONE', *, *, #1159, .F. ) ;
#363 = EDGE_CURVE ( 'NONE', #6354, #3823, #355, .T. ) ;
#364 = DIRECTION ( 'NONE',  ( -0.000000000000000000, -1.000000000000000000, -0.000000000000000000 ) ) ;
#365 = LINE ( 'NONE', #5212, #71 ) ;
#366 = EDGE_LOOP ( 'NONE', ( #1220, #3018, #1054, #4796 ) ) ;
#367 = CARTESIAN_POINT ( 'NONE',  ( -47.79714078179279824, 4.500000000000002665, -125.8756256879251794 ) ) ;
#368 = ORIENTED_EDGE ( 'NONE', *, *, #1637, .T. ) ;
#369 = DIRECTION ( 'NONE',  ( 0.000000000000000000, 0.000000000000000000, 1.000000000000000000 ) ) ;
#370 = ORIENTED_EDGE ( 'NONE', *, *, #6251, .T. ) ;
#371 = CIRCLE ( 'NONE', #2114, 5.000000000000004441 ) ;
#372 = DIRECTION ( 'NONE',  ( 0.000000000000000000, 0.000000000000000000, 1.000000000000000000 ) ) ;
#373 = CARTESIAN_POINT ( 'NONE',  ( 38.68139047374457817, 4.499999999999966249, -102.6294009466956538 ) ) ;
#374 = ORIENTED_EDGE ( 'NONE', *, *, #2155, .F. ) ;
#375 = LINE ( 'NONE', #5303, #6832 ) ;
#376 = CONICAL_SURFACE ( 'NONE', #3527, 1.750000000000001554, 0.7853981633974553844 ) ;
#377 = EDGE_LOOP ( 'NONE', ( #10, #3762, #4804, #2877 ) ) ;
#378 = DIRECTION ( 'NONE',  ( -0.000000000000000000, -1.000000000000000000, -0.000000000000000000 ) ) ;
#379 = ORIENTED_EDGE ( 'NONE', *, *, #5435, .T. ) ;
#380 = ADVANCED_FACE ( 'NONE', ( #4201 ), #1519, .T. ) ;
#381 = ADVANCED_FACE ( 'NONE', ( #4668 ), #1452, .F. ) ;
#382 = CARTESIAN_POINT ( 'NONE',  ( 47.57676659720974754, 0.000000000000000000, -30.55541166886927584 ) ) ;
#383 = ADVANCED_FACE ( 'NONE', ( #3876 ), #6477, .F. ) ;
#384 = ORIENTED_EDGE ( 'NONE', *, *, #6558, .F. ) ;
#385 = FACE_OUTER_BOUND ( 'NONE', #688, .T. ) ;
#386 = CARTESIAN_POINT ( 'NONE',  ( 39.81638296937916266, 0.4999999999999751865, -69.61192258427074364 ) ) ;
#387 = ORIENTED_EDGE ( 'NONE', *, *, #1512, .F. ) ;
#388 = DIRECTION ( 'NONE',  ( -2.478176394252569505E-15, 0.000000000000000000, 1.000000000000000000 ) ) ;
#389 = CIRCLE ( 'NONE', #958, 11.92737488156550718 ) ;
#390 = AXIS2_PLACEMENT_3D ( 'NONE', #2352, #1384, #5077 ) ;
#391 = CIRCLE ( 'NONE', #5358, 10.50000000000002309 ) ;
#392 = CARTESIAN_POINT ( 'NONE',  ( -3.575000000000001066, 0.5000000000000004441, -125.0000000000000000 ) ) ;
#393 = CARTESIAN_POINT ( 'NONE',  ( 52.21999999999999176, 5.000000000000000000, -13.69999999999999929 ) ) ;
#394 = DIRECTION ( 'NONE',  ( 0.000000000000000000, 0.000000000000000000, 1.000000000000000000 ) ) ;
#395 = LINE ( 'NONE', #2548, #3359 ) ;
#396 = ORIENTED_EDGE ( 'NONE', *, *, #5103, .F. ) ;
#397 = CARTESIAN_POINT ( 'NONE',  ( 35.25034087383883730, 0.000000000000000000, -43.94643053236772090 ) ) ;
#398 = VECTOR ( 'NONE', #5572, 1000.000000000000000 ) ;
#399 = EDGE_LOOP ( 'NONE', ( #3145, #269, #855, #4236 ) ) ;
#400 = CARTESIAN_POINT ( 'NONE',  ( 36.83221845872051148, 0.000000000000000000, -132.3400645262867670 ) ) ;
#401 = EDGE_CURVE ( 'NONE', #4395, #119, #2192, .T. ) ;
#402 = CARTESIAN_POINT ( 'NONE',  ( 35.25034087383883730, 0.000000000000000000, -43.94643053236772090 ) ) ;
#403 = DIRECTION ( 'NONE',  ( -0.3062001265894719326, 0.7071067811865351382, 0.6373707574690016253 ) ) ;
#404 = AXIS2_PLACEMENT_3D ( 'NONE', #1545, #1965, #1020 ) ;
#405 = ORIENTED_EDGE ( 'NONE', *, *, #3147, .F. ) ;
#406 = LINE ( 'NONE', #3054, #2726 ) ;
#407 = VERTEX_POINT ( 'NONE', #3280 ) ;
#408 = VECTOR ( 'NONE', #6779, 1000.000000000000114 ) ;
#409 = AXIS2_PLACEMENT_3D ( 'NONE', #2354, #2944, #689 ) ;
#410 = CIRCLE ( 'NONE', #6286, 5.500000000000005329 ) ;
#411 = CARTESIAN_POINT ( 'NONE',  ( 20.85965004500319608, 0.000000000000000000, -52.64034995499687852 ) ) ;
#412 = DIRECTION ( 'NONE',  ( 1.239088197126289831E-16, 0.000000000000000000, -1.000000000000000000 ) ) ;
#413 = ORIENTED_EDGE ( 'NONE', *, *, #1296, .T. ) ;
#414 = CARTESIAN_POINT ( 'NONE',  ( 16.85784136489926865, 0.000000000000000000, -116.2996867338522691 ) ) ;
#415 = CIRCLE ( 'NONE', #3339, 41.00000000000000000 ) ;
#416 = ORIENTED_EDGE ( 'NONE', *, *, #2129, .F. ) ;
#417 = DIRECTION ( 'NONE',  ( 0.000000000000000000, 0.000000000000000000, -1.000000000000000000 ) ) ;
#418 = CONICAL_SURFACE ( 'NONE', #2556, 5.500000000000005329, 0.7853981633974335130 ) ;
#419 = ORIENTED_EDGE ( 'NONE', *, *, #6639, .T. ) ;
#420 = CARTESIAN_POINT ( 'NONE',  ( -33.38843222953224910, 5.000000000000000000, -136.6284600779650020 ) ) ;
#421 = VECTOR ( 'NONE', #2552, 1000.000000000000227 ) ;
#422 = EDGE_LOOP ( 'NONE', ( #4233, #2337, #2816, #6259 ) ) ;
#423 = CYLINDRICAL_SURFACE ( 'NONE', #1476, 13.99999999999995737 ) ;
#424 = EDGE_CURVE ( 'NONE', #5302, #1541, #2640, .T. ) ;
#425 = DIRECTION ( 'NONE',  ( -0.3650730802518769025, 0.000000000000000000, -0.9309788644622425391 ) ) ;
#426 = ORIENTED_EDGE ( 'NONE', *, *, #5788, .T. ) ;
#427 = EDGE_CURVE ( 'NONE', #6386, #6916, #2159, .T. ) ;
#428 = VECTOR ( 'NONE', #5068, 1000.000000000000114 ) ;
#429 = AXIS2_PLACEMENT_3D ( 'NONE', #2076, #3103, #2575 ) ;
#430 = CARTESIAN_POINT ( 'NONE',  ( 63.02631157059969524, 0.000000000000000000, -18.74835634682458618 ) ) ;
#431 = PLANE ( 'NONE',  #3570 ) ;
#432 = FACE_BOUND ( 'NONE', #6221, .T. ) ;
#433 = ORIENTED_EDGE ( 'NONE', *, *, #5186, .T. ) ;
#434 = DIRECTION ( 'NONE',  ( 0.000000000000000000, 0.000000000000000000, -1.000000000000000000 ) ) ;
#435 = ORIENTED_EDGE ( 'NONE', *, *, #1494, .F. ) ;
#436 = CARTESIAN_POINT ( 'NONE',  ( 3.574999999999999289, 4.136728735997286854, -126.8102369976720496 ) ) ;
#437 = CARTESIAN_POINT ( 'NONE',  ( -50.99999999999999289, 1.550000000000034017, -145.0000000000000284 ) ) ;
#438 = LINE ( 'NONE', #822, #3803 ) ;
#439 = VERTEX_POINT ( 'NONE', #594 ) ;
#440 = DIRECTION ( 'NONE',  ( 8.659560562355021605E-17, -0.7071067811865402453, 0.7071067811865549002 ) ) ;
#441 = VECTOR ( 'NONE', #2533, 1000.000000000000114 ) ;
#442 = ORIENTED_EDGE ( 'NONE', *, *, #1715, .T. ) ;
#443 = EDGE_CURVE ( 'NONE', #517, #345, #2267, .T. ) ;
#444 = DIRECTION ( 'NONE',  ( 1.776356839400250465E-15, 0.000000000000000000, 1.000000000000000000 ) ) ;
#445 = DIRECTION ( 'NONE',  ( 0.000000000000000000, -1.000000000000000000, 0.000000000000000000 ) ) ;
#446 = EDGE_CURVE ( 'NONE', #6466, #5810, #5528, .T. ) ;
#447 = ORIENTED_EDGE ( 'NONE', *, *, #161, .F. ) ;
#448 = CARTESIAN_POINT ( 'NONE',  ( 13.72712661109178711, 10.00000000000000000, -120.1982281444688425 ) ) ;
#449 = ORIENTED_EDGE ( 'NONE', *, *, #2992, .F. ) ;
#450 = CARTESIAN_POINT ( 'NONE',  ( -36.83221845872049727, 0.000000000000000000, -137.8400645262867954 ) ) ;
#451 = VERTEX_POINT ( 'NONE', #3778 ) ;
#452 = ADVANCED_FACE ( 'NONE', ( #1703 ), #6945, .F. ) ;
#453 = EDGE_CURVE ( 'NONE', #345, #82, #1400, .T. ) ;
#454 = FACE_OUTER_BOUND ( 'NONE', #2153, .T. ) ;
#455 = VERTEX_POINT ( 'NONE', #4345 ) ;
#456 = DIRECTION ( 'NONE',  ( -0.000000000000000000, -1.000000000000000000, -0.000000000000000000 ) ) ;
#457 = SHAPE_DEFINITION_REPRESENTATION ( #138, #1807 ) ;
#458 = VERTEX_POINT ( 'NONE', #5915 ) ;
#459 = CARTESIAN_POINT ( 'NONE',  ( 37.79747233864500089, 4.500000000000000000, -23.48284677995476599 ) ) ;
#460 = ADVANCED_FACE ( 'NONE', ( #3213 ), #3540, .F. ) ;
#461 = LINE ( 'NONE', #1486, #5470 ) ;
#462 = DIRECTION ( 'NONE',  ( 0.000000000000000000, 1.000000000000000000, 0.000000000000000000 ) ) ;
#463 = FACE_BOUND ( 'NONE', #4291, .T. ) ;
#464 = EDGE_LOOP ( 'NONE', ( #5712, #917, #906, #4933 ) ) ;
#465 = CARTESIAN_POINT ( 'NONE',  ( 50.31776790209864458, 0.5000000000000004441, -23.50682018439245624 ) ) ;
#466 = ORIENTED_EDGE ( 'NONE', *, *, #2736, .F. ) ;
#467 = EDGE_CURVE ( 'NONE', #6418, #646, #6833, .T. ) ;
#468 = EDGE_CURVE ( 'NONE', #3616, #4673, #3772, .T. ) ;
#469 = DIRECTION ( 'NONE',  ( 0.000000000000000000, 0.000000000000000000, 1.000000000000000000 ) ) ;
#470 = DIRECTION ( 'NONE',  ( 0.000000000000000000, -0.000000000000000000, 1.000000000000000000 ) ) ;
#471 = VECTOR ( 'NONE', #156, 1000.000000000000114 ) ;
#472 = CARTESIAN_POINT ( 'NONE',  ( -8.934326635256088167, 4.500000000000035527, -132.0000000000000000 ) ) ;
#473 = EDGE_LOOP ( 'NONE', ( #4359, #5932, #3618, #6867, #3925 ) ) ;
#474 = CARTESIAN_POINT ( 'NONE',  ( -40.56058202221508679, 0.5000000000000213163, -135.6716264930534237 ) ) ;
#475 = ORIENTED_EDGE ( 'NONE', *, *, #1740, .F. ) ;
#476 = DIRECTION ( 'NONE',  ( 0.000000000000000000, 0.000000000000000000, 1.000000000000000000 ) ) ;
#477 = CARTESIAN_POINT ( 'NONE',  ( -43.14224645948157644, 5.000000000000000000, -127.7009910891845692 ) ) ;
#478 = ORIENTED_EDGE ( 'NONE', *, *, #3400, .T. ) ;
#479 = LINE ( 'NONE', #3267, #5859 ) ;
#480 = EDGE_CURVE ( 'NONE', #5025, #2948, #2234, .T. ) ;
#481 = ORIENTED_EDGE ( 'NONE', *, *, #3467, .T. ) ;
#482 = CARTESIAN_POINT ( 'NONE',  ( 63.02631157059969524, 0.000000000000000000, -18.74835634682459329 ) ) ;
#483 = EDGE_LOOP ( 'NONE', ( #4208, #571, #5071, #5325 ) ) ;
#484 = AXIS2_PLACEMENT_3D ( 'NONE', #1183, #1716, #2808 ) ;
#485 = CARTESIAN_POINT ( 'NONE',  ( 40.56058202221510101, 0.5000000000000004441, -135.6716264930533953 ) ) ;
#486 = ORIENTED_EDGE ( 'NONE', *, *, #6222, .T. ) ;
#487 = DIRECTION ( 'NONE',  ( -0.000000000000000000, -1.000000000000000000, -0.000000000000000000 ) ) ;
#488 = EDGE_CURVE ( 'NONE', #2182, #1697, #4680, .T. ) ;
#489 = ORIENTED_EDGE ( 'NONE', *, *, #4595, .T. ) ;
#490 = DIRECTION ( 'NONE',  ( -0.000000000000000000, -1.000000000000000000, -0.000000000000000000 ) ) ;
#491 = ADVANCED_FACE ( 'NONE', ( #563 ), #6716, .F. ) ;
#492 = CARTESIAN_POINT ( 'NONE',  ( -34.02649615143338480, 10.00000000000000000, -104.4547663479550295 ) ) ;
#493 = CIRCLE ( 'NONE', #3536, 10.50000000000003020 ) ;
#494 = DIRECTION ( 'NONE',  ( 0.000000000000000000, 1.000000000000000000, 0.000000000000000000 ) ) ;
#495 = CARTESIAN_POINT ( 'NONE',  ( 15.50882761825180189, 0.000000000000000000, -133.8130630377051773 ) ) ;
#496 = VERTEX_POINT ( 'NONE', #6516 ) ;
#497 = DIRECTION ( 'NONE',  ( 0.000000000000000000, 0.000000000000000000, 1.000000000000000000 ) ) ;
#498 = AXIS2_PLACEMENT_3D ( 'NONE', #492, #4707, #3637 ) ;
#499 = DIRECTION ( 'NONE',  ( 0.000000000000000000, 0.000000000000000000, -1.000000000000000000 ) ) ;
#500 = CARTESIAN_POINT ( 'NONE',  ( -52.21999999999999176, 1.549999999999988942, -15.45000000000000107 ) ) ;
#501 = LINE ( 'NONE', #1680, #2680 ) ;
#502 = CIRCLE ( 'NONE', #5820, 5.499999999999980460 ) ;
#503 = ORIENTED_EDGE ( 'NONE', *, *, #1172, .F. ) ;
#504 = DIRECTION ( 'NONE',  ( -0.000000000000000000, -1.000000000000000000, -0.000000000000000000 ) ) ;
#505 = ORIENTED_EDGE ( 'NONE', *, *, #2286, .T. ) ;
#506 = CIRCLE ( 'NONE', #6389, 13.50000000000003908 ) ;
#507 = EDGE_CURVE ( 'NONE', #2418, #2602, #4908, .T. ) ;
#508 = CARTESIAN_POINT ( 'NONE',  ( -47.12376198899117696, 4.500000000000000000, -30.34378268944368173 ) ) ;
#509 = AXIS2_PLACEMENT_3D ( 'NONE', #2103, #3692, #5327 ) ;
#510 = DIRECTION ( 'NONE',  ( 0.000000000000000000, -0.7071067811865622277, -0.7071067811865328068 ) ) ;
#511 = CARTESIAN_POINT ( 'NONE',  ( 3.575000000000014388, -19.49202618875708737, -123.0678098733491623 ) ) ;
#512 = ORIENTED_EDGE ( 'NONE', *, *, #784, .T. ) ;
#513 = FACE_OUTER_BOUND ( 'NONE', #3270, .T. ) ;
#514 = ORIENTED_EDGE ( 'NONE', *, *, #6934, .T. ) ;
#515 = DIRECTION ( 'NONE',  ( -0.7027135113015613443, -0.7027135113015565704, 0.1112988861959880449 ) ) ;
#516 = CONICAL_SURFACE ( 'NONE', #5605, 10.50000000000003730, 0.7853981633974569387 ) ;
#517 = VERTEX_POINT ( 'NONE', #3842 ) ;
#518 = VECTOR ( 'NONE', #1011, 1000.000000000000114 ) ;
#519 = AXIS2_PLACEMENT_3D ( 'NONE', #6062, #5097, #6169 ) ;
#520 = DIRECTION ( 'NONE',  ( -0.000000000000000000, -1.000000000000000000, -0.000000000000000000 ) ) ;
#521 = DIRECTION ( 'NONE',  ( -0.4232579588512069835, 0.000000000000000000, 0.9060092164371783552 ) ) ;
#522 = ORIENTED_EDGE ( 'NONE', *, *, #2230, .F. ) ;
#523 = DIRECTION ( 'NONE',  ( 0.6406452607602347582, 0.7071067811865524577, 0.2992885728948630475 ) ) ;
#524 = CIRCLE ( 'NONE', #1424, 9.999999999999994671 ) ;
#525 =( NAMED_UNIT ( * ) PLANE_ANGLE_UNIT ( ) SI_UNIT ( $, .RADIAN. ) );
#526 = ORIENTED_EDGE ( 'NONE', *, *, #185, .T. ) ;
#527 = FACE_OUTER_BOUND ( 'NONE', #2499, .T. ) ;
#528 = VECTOR ( 'NONE', #6877, 1000.000000000000114 ) ;
#529 = ADVANCED_FACE ( 'NONE', ( #3313 ), #5485, .T. ) ;
#530 = DIRECTION ( 'NONE',  ( 0.000000000000000000, 0.000000000000000000, -1.000000000000000000 ) ) ;
#531 = LINE ( 'NONE', #4852, #3799 ) ;
#532 = EDGE_CURVE ( 'NONE', #1121, #4084, #2369, .T. ) ;
#533 = ORIENTED_EDGE ( 'NONE', *, *, #6204, .T. ) ;
#534 = FACE_BOUND ( 'NONE', #4756, .T. ) ;
#535 = ORIENTED_EDGE ( 'NONE', *, *, #4381, .F. ) ;
#536 = DIRECTION ( 'NONE',  ( 8.659560562354914369E-17, -0.7071067811865489050, 0.7071067811865461294 ) ) ;
#537 = CIRCLE ( 'NONE', #4484, 1.750000000000001554 ) ;
#538 = AXIS2_PLACEMENT_3D ( 'NONE', #2617, #4780, #2164 ) ;
#539 = ADVANCED_FACE ( 'NONE', ( #5090 ), #4451, .F. ) ;
#540 = LINE ( 'NONE', #6525, #2330 ) ;
#541 = DIRECTION ( 'NONE',  ( -0.000000000000000000, -1.000000000000000000, -0.000000000000000000 ) ) ;
#542 =( NAMED_UNIT ( * ) PLANE_ANGLE_UNIT ( ) SI_UNIT ( $, .RADIAN. ) );
#543 = VERTEX_POINT ( 'NONE', #5159 ) ;
#544 = DIRECTION ( 'NONE',  ( 0.000000000000000000, 0.000000000000000000, 1.000000000000000000 ) ) ;
#545 = VERTEX_POINT ( 'NONE', #6764 ) ;
#546 = LINE ( 'NONE', #3193, #142 ) ;
#547 = DIRECTION ( 'NONE',  ( -0.000000000000000000, 1.000000000000000000, -0.000000000000000000 ) ) ;
#548 = CARTESIAN_POINT ( 'NONE',  ( 20.85965004500319608, 3.449999999999969535, -50.89034995499687142 ) ) ;
#549 = AXIS2_PLACEMENT_3D ( 'NONE', #6194, #1905, #4054 ) ;
#550 = ORIENTED_EDGE ( 'NONE', *, *, #6936, .F. ) ;
#551 = CARTESIAN_POINT ( 'NONE',  ( -52.21999999999999176, 5.000000000000000000, -11.94999999999999574 ) ) ;
#552 = EDGE_LOOP ( 'NONE', ( #3124, #2652, #3261, #6609 ) ) ;
#553 = DIRECTION ( 'NONE',  ( 0.000000000000000000, 0.7071067811865425767, 0.7071067811865525687 ) ) ;
#554 = ORIENTED_EDGE ( 'NONE', *, *, #3723, .T. ) ;
#555 = VECTOR ( 'NONE', #1510, 1000.000000000000114 ) ;
#556 = EDGE_CURVE ( 'NONE', #1506, #2559, #2996, .T. ) ;
#557 = LINE ( 'NONE', #124, #3120 ) ;
#558 = FACE_OUTER_BOUND ( 'NONE', #4370, .T. ) ;
#559 = ORIENTED_EDGE ( 'NONE', *, *, #346, .F. ) ;
#560 = DIRECTION ( 'NONE',  ( 0.000000000000000000, -1.000000000000000000, 0.000000000000000000 ) ) ;
#561 = ORIENTED_EDGE ( 'NONE', *, *, #1459, .T. ) ;
#562 = CARTESIAN_POINT ( 'NONE',  ( 52.21999999999999176, 0.000000000000000000, -13.69999999999999929 ) ) ;
#563 = FACE_OUTER_BOUND ( 'NONE', #4173, .T. ) ;
#564 = DIRECTION ( 'NONE',  ( 0.5773502691896288397, -0.5773502691896263972, -0.5773502691896220673 ) ) ;
#565 = ORIENTED_EDGE ( 'NONE', *, *, #6419, .T. ) ;
#566 = LINE ( 'NONE', #5318, #4028 ) ;
#567 = DIRECTION ( 'NONE',  ( 0.000000000000000000, 0.000000000000000000, 1.000000000000000000 ) ) ;
#568 = LINE ( 'NONE', #4354, #6859 ) ;
#569 = SURFACE_STYLE_USAGE ( .BOTH. , #6423 ) ;
#570 = ADVANCED_FACE ( 'NONE', ( #4486 ), #4056, .F. ) ;
#571 = ORIENTED_EDGE ( 'NONE', *, *, #3775, .F. ) ;
#572 = CYLINDRICAL_SURFACE ( 'NONE', #5453, 14.00000000000006750 ) ;
#573 = ADVANCED_FACE ( 'NONE', ( #5123 ), #5023, .F. ) ;
#574 = ORIENTED_EDGE ( 'NONE', *, *, #3846, .T. ) ;
#575 = CARTESIAN_POINT ( 'NONE',  ( 50.99999999999999289, 0.000000000000000000, -145.0000000000000284 ) ) ;
#576 = AXIS2_PLACEMENT_3D ( 'NONE', #5324, #6564, #1607 ) ;
#577 = DIRECTION ( 'NONE',  ( 0.000000000000000000, 0.000000000000000000, 1.000000000000000000 ) ) ;
#578 = DIRECTION ( 'NONE',  ( -0.000000000000000000, -1.000000000000000000, -0.000000000000000000 ) ) ;
#579 = ORIENTED_EDGE ( 'NONE', *, *, #1791, .T. ) ;
#580 = DIRECTION ( 'NONE',  ( -0.000000000000000000, -1.000000000000000000, -0.000000000000000000 ) ) ;
#581 = VERTEX_POINT ( 'NONE', #173 ) ;
#582 = CARTESIAN_POINT ( 'NONE',  ( 45.35554439750277567, 4.500000000000000000, -24.05948337168945628 ) ) ;
#583 = ORIENTED_EDGE ( 'NONE', *, *, #5897, .F. ) ;
#584 = CARTESIAN_POINT ( 'NONE',  ( 45.41685932647374102, 5.000000000000000000, -132.7085989317890267 ) ) ;
#585 = CARTESIAN_POINT ( 'NONE',  ( 42.23399868933903178, 0.5000000000000143219, -155.9159159497264113 ) ) ;
#586 = ORIENTED_EDGE ( 'NONE', *, *, #5202, .F. ) ;
#587 = EDGE_CURVE ( 'NONE', #2867, #1830, #2201, .T. ) ;
#588 = CARTESIAN_POINT ( 'NONE',  ( -63.56821467024035854, 5.000000000000000000, -140.0715134165996290 ) ) ;
#589 = ORIENTED_EDGE ( 'NONE', *, *, #3104, .F. ) ;
#590 = DIRECTION ( 'NONE',  ( 0.7027135113015607892, -0.7027135113015572365, 0.1112988861959882808 ) ) ;
#591 = EDGE_CURVE ( 'NONE', #3278, #6825, #4022, .T. ) ;
#592 = VECTOR ( 'NONE', #1821, 1000.000000000000000 ) ;
#593 = EDGE_CURVE ( 'NONE', #2318, #6279, #3776, .T. ) ;
#594 = CARTESIAN_POINT ( 'NONE',  ( 52.21999999999999176, 0.4999999999999726885, -1.272625118434473457 ) ) ;
#595 = CARTESIAN_POINT ( 'NONE',  ( 64.03370410247146083, 0.5000000000000281997, -139.8889768764736914 ) ) ;
#596 = VERTEX_POINT ( 'NONE', #3495 ) ;
#597 = CIRCLE ( 'NONE', #1953, 14.00000000000006750 ) ;
#598 = ORIENTED_EDGE ( 'NONE', *, *, #1412, .T. ) ;
#599 = AXIS2_PLACEMENT_3D ( 'NONE', #4795, #1546, #2142 ) ;
#600 = CARTESIAN_POINT ( 'NONE',  ( 35.63231047952908170, 10.00000000000000000, -18.97595493259147403 ) ) ;
#601 = CARTESIAN_POINT ( 'NONE',  ( 18.85537536166065209, 0.000000000000000000, -106.2169685139761413 ) ) ;
#602 = DIRECTION ( 'NONE',  ( -0.000000000000000000, -1.000000000000000000, -0.000000000000000000 ) ) ;
#603 = ORIENTED_EDGE ( 'NONE', *, *, #3013, .F. ) ;
#604 = CARTESIAN_POINT ( 'NONE',  ( 50.99999999999999289, 4.500000000000030198, -145.0000000000000284 ) ) ;
#605 = AXIS2_PLACEMENT_3D ( 'NONE', #5956, #4412, #671 ) ;
#606 = ORIENTED_EDGE ( 'NONE', *, *, #669, .F. ) ;
#607 = VECTOR ( 'NONE', #6754, 1000.000000000000114 ) ;
#608 = ADVANCED_FACE ( 'NONE', ( #3423 ), #2432, .F. ) ;
#609 = DIRECTION ( 'NONE',  ( -0.000000000000000000, -1.000000000000000000, -0.000000000000000000 ) ) ;
#610 = VECTOR ( 'NONE', #4001, 1000.000000000000227 ) ;
#611 = VECTOR ( 'NONE', #2268, 1000.000000000000000 ) ;
#612 = DIRECTION ( 'NONE',  ( 0.000000000000000000, 0.000000000000000000, -1.000000000000000000 ) ) ;
#613 = CARTESIAN_POINT ( 'NONE',  ( -31.03562620414070494, 5.000000000000000000, -47.48000949045420072 ) ) ;
#614 = VERTEX_POINT ( 'NONE', #843 ) ;
#615 = CARTESIAN_POINT ( 'NONE',  ( 64.03370410247146083, 4.500000000000038192, -139.8889768764736914 ) ) ;
#616 = EDGE_CURVE ( 'NONE', #6330, #4907, #4591, .T. ) ;
#617 = ORIENTED_EDGE ( 'NONE', *, *, #2286, .F. ) ;
#618 = FACE_BOUND ( 'NONE', #6002, .T. ) ;
#619 = ORIENTED_EDGE ( 'NONE', *, *, #1746, .T. ) ;
#620 = CIRCLE ( 'NONE', #4232, 5.000000000000004441 ) ;
#621 = AXIS2_PLACEMENT_3D ( 'NONE', #5342, #6835, #1983 ) ;
#622 = DIRECTION ( 'NONE',  ( 1.239088197126289831E-16, 0.000000000000000000, -1.000000000000000000 ) ) ;
#623 = DIRECTION ( 'NONE',  ( -0.6406452607602569627, 0.7071067811865279218, -0.2992885728948734281 ) ) ;
#624 = ORIENTED_EDGE ( 'NONE', *, *, #262, .T. ) ;
#625 = DIRECTION ( 'NONE',  ( -0.7797082821233132233, 0.000000000000000000, 0.6261429507614950651 ) ) ;
#626 = ORIENTED_EDGE ( 'NONE', *, *, #3944, .T. ) ;
#627 = DIRECTION ( 'NONE',  ( 0.000000000000000000, 0.000000000000000000, 1.000000000000000000 ) ) ;
#628 = AXIS2_PLACEMENT_3D ( 'NONE', #6538, #4977, #3332 ) ;
#629 = VECTOR ( 'NONE', #5398, 1000.000000000000000 ) ;
#630 = AXIS2_PLACEMENT_3D ( 'NONE', #3287, #5387, #1171 ) ;
#631 = ADVANCED_FACE ( 'NONE', ( #2399 ), #806, .T. ) ;
#632 = DIRECTION ( 'NONE',  ( 1.776356839400250465E-15, 0.000000000000000000, 1.000000000000000000 ) ) ;
#633 = CARTESIAN_POINT ( 'NONE',  ( 4.330323718231824159, 0.5000000000000281997, -22.91966346877709881 ) ) ;
#634 = AXIS2_PLACEMENT_3D ( 'NONE', #3381, #6119, #6156 ) ;
#635 = ORIENTED_EDGE ( 'NONE', *, *, #888, .T. ) ;
#636 = VECTOR ( 'NONE', #3221, 999.9999999999998863 ) ;
#637 = ADVANCED_FACE ( 'NONE', ( #1908 ), #5594, .F. ) ;
#638 = ORIENTED_EDGE ( 'NONE', *, *, #3673, .T. ) ;
#639 = AXIS2_PLACEMENT_3D ( 'NONE', #4169, #354, #1982 ) ;
#640 = CIRCLE ( 'NONE', #5619, 4.999999999999997335 ) ;
#641 = DIRECTION ( 'NONE',  ( -0.7027135113015576806, -0.7027135113015602341, 0.1112988861959885722 ) ) ;
#642 = CARTESIAN_POINT ( 'NONE',  ( 52.21999999999999176, 5.000000000000000000, -15.45000000000000817 ) ) ;
#643 = AXIS2_PLACEMENT_3D ( 'NONE', #3820, #2203, #6989 ) ;
#644 = VECTOR ( 'NONE', #881, 999.9999999999998863 ) ;
#645 = CARTESIAN_POINT ( 'NONE',  ( -40.23339156424332685, 0.000000000000000000, -46.27434930604937335 ) ) ;
#646 = VERTEX_POINT ( 'NONE', #3523 ) ;
#647 = CARTESIAN_POINT ( 'NONE',  ( 31.41878208320419219, 10.00000000000000000, -47.15877503971904616 ) ) ;
#648 = ORIENTED_EDGE ( 'NONE', *, *, #1937, .F. ) ;
#649 = AXIS2_PLACEMENT_3D ( 'NONE', #3695, #833, #5938 ) ;
#650 = VECTOR ( 'NONE', #4558, 1000.000000000000000 ) ;
#651 = AXIS2_PLACEMENT_3D ( 'NONE', #6437, #2711, #3305 ) ;
#652 = DIRECTION ( 'NONE',  ( 0.7797082821233130012, 0.000000000000000000, -0.6261429507614951762 ) ) ;
#653 = CARTESIAN_POINT ( 'NONE',  ( 19.95593450723081475, 0.5000000000000004441, -32.05412351097982793 ) ) ;
#654 = DIRECTION ( 'NONE',  ( 1.110223024625155594E-14, 0.000000000000000000, 1.000000000000000000 ) ) ;
#655 = EDGE_LOOP ( 'NONE', ( #3483, #3845, #3380, #6641 ) ) ;
#656 = LINE ( 'NONE', #4980, #67 ) ;
#657 = VERTEX_POINT ( 'NONE', #5689 ) ;
#658 = FACE_OUTER_BOUND ( 'NONE', #3204, .T. ) ;
#659 = ADVANCED_FACE ( 'NONE', ( #2472 ), #6726, .F. ) ;
#660 = ORIENTED_EDGE ( 'NONE', *, *, #1410, .T. ) ;
#661 = EDGE_CURVE ( 'NONE', #1265, #2145, #5558, .T. ) ;
#662 = CARTESIAN_POINT ( 'NONE',  ( 36.83221845872051148, 10.00000000000000000, -137.3400645262867670 ) ) ;
#663 = CARTESIAN_POINT ( 'NONE',  ( -20.85965004500310727, 5.000000000000000000, -52.64034995499679326 ) ) ;
#664 = ORIENTED_EDGE ( 'NONE', *, *, #4975, .F. ) ;
#665 = DIRECTION ( 'NONE',  ( 0.000000000000000000, 0.000000000000000000, 1.000000000000000000 ) ) ;
#666 = EDGE_LOOP ( 'NONE', ( #976, #5578, #3266, #3633 ) ) ;
#667 = FACE_BOUND ( 'NONE', #2989, .T. ) ;
#668 = DIRECTION ( 'NONE',  ( 0.000000000000000000, -1.000000000000000000, 0.000000000000000000 ) ) ;
#669 = EDGE_CURVE ( 'NONE', #1239, #1587, #4666, .T. ) ;
#670 = EDGE_CURVE ( 'NONE', #6276, #6569, #6687, .T. ) ;
#671 = DIRECTION ( 'NONE',  ( 0.000000000000000000, 0.000000000000000000, -1.000000000000000000 ) ) ;
#672 = DIRECTION ( 'NONE',  ( 0.000000000000000000, 1.000000000000000000, 0.000000000000000000 ) ) ;
#673 = ORIENTED_EDGE ( 'NONE', *, *, #809, .F. ) ;
#674 = VERTEX_POINT ( 'NONE', #2609 ) ;
#675 = CARTESIAN_POINT ( 'NONE',  ( -13.72712661109180843, 10.00000000000000000, -120.1982281444688141 ) ) ;
#676 = CARTESIAN_POINT ( 'NONE',  ( -52.21999999999999176, 5.000000000000000000, -13.69999999999999929 ) ) ;
#677 = CARTESIAN_POINT ( 'NONE',  ( -40.23339156424333396, 5.000000000000000000, -46.27434930604938046 ) ) ;
#678 = EDGE_LOOP ( 'NONE', ( #4338, #4118, #842, #1616 ) ) ;
#679 = DIRECTION ( 'NONE',  ( 0.000000000000000000, 1.000000000000000000, 0.000000000000000000 ) ) ;
#680 = ADVANCED_FACE ( 'NONE', ( #385 ), #2644, .F. ) ;
#681 = ORIENTED_EDGE ( 'NONE', *, *, #2183, .F. ) ;
#682 = EDGE_CURVE ( 'NONE', #5368, #1311, #165, .T. ) ;
#683 = ADVANCED_FACE ( 'NONE', ( #6333 ), #5095, .F. ) ;
#684 = DIRECTION ( 'NONE',  ( 0.000000000000000000, 1.000000000000000000, 0.000000000000000000 ) ) ;
#685 = VECTOR ( 'NONE', #918, 1000.000000000000000 ) ;
#686 = CARTESIAN_POINT ( 'NONE',  ( 50.99999999999999289, 5.000000000000000000, -158.5000000000000284 ) ) ;
#687 = LINE ( 'NONE', #1227, #398 ) ;
#688 = EDGE_LOOP ( 'NONE', ( #2879, #878, #5767, #5593 ) ) ;
#689 = DIRECTION ( 'NONE',  ( 0.000000000000000000, 0.000000000000000000, 1.000000000000000000 ) ) ;
#690 = ORIENTED_EDGE ( 'NONE', *, *, #6677, .F. ) ;
#691 = CARTESIAN_POINT ( 'NONE',  ( 19.95593450723081475, 5.000000000000000000, -32.05412351097982793 ) ) ;
#692 = ORIENTED_EDGE ( 'NONE', *, *, #1080, .T. ) ;
#693 = CARTESIAN_POINT ( 'NONE',  ( 42.54707016471974867, 5.000000000000000000, -155.5260618086647924 ) ) ;
#694 = CARTESIAN_POINT ( 'NONE',  ( 1.355202238605939913, 10.00000000000000000, -0.5314275914286075153 ) ) ;
#695 = ADVANCED_FACE ( 'NONE', ( #4195 ), #5893, .T. ) ;
#696 = ORIENTED_EDGE ( 'NONE', *, *, #2731, .F. ) ;
#697 = LINE ( 'NONE', #4512, #4822 ) ;
#698 = ORIENTED_EDGE ( 'NONE', *, *, #33, .T. ) ;
#699 = DIRECTION ( 'NONE',  ( 0.4232579588512069835, 0.000000000000000000, 0.9060092164371783552 ) ) ;
#700 = DIRECTION ( 'NONE',  ( 0.6406452607602468596, -0.7071067811865391350, 0.2992885728948683766 ) ) ;
#701 = AXIS2_PLACEMENT_3D ( 'NONE', #5577, #6704, #1330 ) ;
#702 = EDGE_CURVE ( 'NONE', #4516, #770, #2503, .T. ) ;
#703 = CARTESIAN_POINT ( 'NONE',  ( 49.99999999999997158, 5.000000000000000000, -131.5000000000000568 ) ) ;
#704 = FACE_OUTER_BOUND ( 'NONE', #6257, .T. ) ;
#705 = ORIENTED_EDGE ( 'NONE', *, *, #4063, .F. ) ;
#706 = EDGE_CURVE ( 'NONE', #3904, #2525, #1255, .T. ) ;
#707 = ORIENTED_EDGE ( 'NONE', *, *, #2373, .F. ) ;
#708 = CARTESIAN_POINT ( 'NONE',  ( -20.85965004500318898, 0.5000000000000073275, -92.60965004500309306 ) ) ;
#709 = DIRECTION ( 'NONE',  ( 0.000000000000000000, 0.000000000000000000, 1.000000000000000000 ) ) ;
#710 = FACE_OUTER_BOUND ( 'NONE', #4549, .T. ) ;
#711 = ORIENTED_EDGE ( 'NONE', *, *, #3598, .F. ) ;
#712 = VECTOR ( 'NONE', #317, 1000.000000000000000 ) ;
#713 = LINE ( 'NONE', #5602, #3641 ) ;
#714 = EDGE_LOOP ( 'NONE', ( #5140, #5840, #3334, #6098 ) ) ;
#715 = AXIS2_PLACEMENT_3D ( 'NONE', #234, #4540, #2923 ) ;
#716 = DIRECTION ( 'NONE',  ( 0.9013783694726589246, 0.000000000000000000, -0.4330323718231822161 ) ) ;
#717 = DIRECTION ( 'NONE',  ( -0.000000000000000000, -1.000000000000000000, -0.000000000000000000 ) ) ;
#718 = DIRECTION ( 'NONE',  ( -0.000000000000000000, -1.000000000000000000, -0.000000000000000000 ) ) ;
#719 = ORIENTED_EDGE ( 'NONE', *, *, #6465, .T. ) ;
#720 = DIRECTION ( 'NONE',  ( -0.5773502691896257311, -0.5773502691896278405, -0.5773502691896236216 ) ) ;
#721 = AXIS2_PLACEMENT_3D ( 'NONE', #4198, #2476, #3039 ) ;
#722 = ORIENTED_EDGE ( 'NONE', *, *, #1271, .F. ) ;
#723 = FACE_OUTER_BOUND ( 'NONE', #2427, .T. ) ;
#724 = ORIENTED_EDGE ( 'NONE', *, *, #6934, .F. ) ;
#725 = EDGE_CURVE ( 'NONE', #6209, #3573, #6122, .T. ) ;
#726 = VECTOR ( 'NONE', #2987, 1000.000000000000000 ) ;
#727 = AXIS2_PLACEMENT_3D ( 'NONE', #4701, #2578, #2016 ) ;
#728 = FACE_OUTER_BOUND ( 'NONE', #6544, .T. ) ;
#729 = DIRECTION ( 'NONE',  ( 0.000000000000000000, 0.000000000000000000, 1.000000000000000000 ) ) ;
#730 = AXIS2_PLACEMENT_3D ( 'NONE', #1207, #5987, #6555 ) ;
#731 = ORIENTED_EDGE ( 'NONE', *, *, #4765, .T. ) ;
#732 = CARTESIAN_POINT ( 'NONE',  ( 41.93536681769559493, 0.5000000000000005551, -20.67609968050981095 ) ) ;
#733 = ORIENTED_EDGE ( 'NONE', *, *, #2349, .F. ) ;
#734 = CARTESIAN_POINT ( 'NONE',  ( -52.21999999999999176, 0.000000000000000000, -13.69999999999999929 ) ) ;
#735 = DIRECTION ( 'NONE',  ( -0.000000000000000000, -1.000000000000000000, -0.000000000000000000 ) ) ;
#736 = CONICAL_SURFACE ( 'NONE', #4230, 5.500000000000005329, 0.7853981633974335130 ) ;
#737 = DIRECTION ( 'NONE',  ( 4.654096293816810711E-15, 0.000000000000000000, 1.000000000000000000 ) ) ;
#738 = CIRCLE ( 'NONE', #1309, 5.500000000000018652 ) ;
#739 = DIRECTION ( 'NONE',  ( -0.5851866491942185888, 0.7071067811865366926, 0.3969339814186458870 ) ) ;
#740 = EDGE_LOOP ( 'NONE', ( #2270, #3067, #5288, #5019 ) ) ;
#741 = EDGE_LOOP ( 'NONE', ( #6658, #772, #212, #4372 ) ) ;
#742 = EDGE_CURVE ( 'NONE', #1697, #6056, #3068, .T. ) ;
#743 = VECTOR ( 'NONE', #6669, 1000.000000000000114 ) ;
#744 = CIRCLE ( 'NONE', #4697, 3.300000000000053113 ) ;
#745 = AXIS2_PLACEMENT_3D ( 'NONE', #3646, #2591, #6277 ) ;
#746 = ADVANCED_FACE ( 'NONE', ( #3631 ), #3733, .F. ) ;
#747 = FACE_OUTER_BOUND ( 'NONE', #740, .T. ) ;
#748 = CIRCLE ( 'NONE', #5278, 3.300000000000026912 ) ;
#749 = DIRECTION ( 'NONE',  ( -4.163336342344333082E-15, 0.000000000000000000, 1.000000000000000000 ) ) ;
#750 = DIRECTION ( 'NONE',  ( -0.3650730802518768470, 0.000000000000000000, -0.9309788644622426501 ) ) ;
#751 = CONICAL_SURFACE ( 'NONE', #4020, 1.750000000000001554, 0.7853981633974553844 ) ;
#752 = ORIENTED_EDGE ( 'NONE', *, *, #2367, .T. ) ;
#753 = CARTESIAN_POINT ( 'NONE',  ( -40.93341837856455356, 0.000000000000000000, -136.0047826897300922 ) ) ;
#754 = EDGE_LOOP ( 'NONE', ( #6776, #3651, #705, #1722 ) ) ;
#755 = ADVANCED_FACE ( 'NONE', ( #4087 ), #423, .T. ) ;
#756 = DIRECTION ( 'NONE',  ( 2.523234146875353335E-15, 0.000000000000000000, 1.000000000000000000 ) ) ;
#757 = VECTOR ( 'NONE', #5749, 1000.000000000000000 ) ;
#758 = CARTESIAN_POINT ( 'NONE',  ( 13.79055616541659290, 0.000000000000000000, -161.9158712853180759 ) ) ;
#759 = DIRECTION ( 'NONE',  ( -0.4232579588512070945, 0.000000000000000000, -0.9060092164371782442 ) ) ;
#760 = DIRECTION ( 'NONE',  ( -0.000000000000000000, 1.000000000000000000, -0.000000000000000000 ) ) ;
#761 = DIRECTION ( 'NONE',  ( -0.000000000000000000, -1.000000000000000000, -0.000000000000000000 ) ) ;
#762 = ORIENTED_EDGE ( 'NONE', *, *, #5745, .T. ) ;
#763 = DIRECTION ( 'NONE',  ( 0.000000000000000000, 0.7071067811865616726, 0.7071067811865334729 ) ) ;
#764 = VERTEX_POINT ( 'NONE', #4738 ) ;
#765 = CONICAL_SURFACE ( 'NONE', #6198, 5.500000000000011546, 0.7853981633974613796 ) ;
#766 = AXIS2_PLACEMENT_3D ( 'NONE', #465, #3253, #2691 ) ;
#767 = ADVANCED_FACE ( 'NONE', ( #6901 ), #6684, .F. ) ;
#768 = CARTESIAN_POINT ( 'NONE',  ( -50.99999999999999289, 0.000000000000000000, -145.0000000000000284 ) ) ;
#769 = DIRECTION ( 'NONE',  ( 0.4232579588512069835, 0.000000000000000000, -0.9060092164371783552 ) ) ;
#770 = VERTEX_POINT ( 'NONE', #1516 ) ;
#771 = DIRECTION ( 'NONE',  ( -0.000000000000000000, -1.000000000000000000, -0.000000000000000000 ) ) ;
#772 = ORIENTED_EDGE ( 'NONE', *, *, #468, .F. ) ;
#773 = DIRECTION ( 'NONE',  ( -0.4427499264755955788, 0.7071067811865648922, -0.5513370136366958496 ) ) ;
#774 = EDGE_CURVE ( 'NONE', #4989, #5213, #6796, .T. ) ;
#775 = ADVANCED_FACE ( 'NONE', ( #4125 ), #6368, .F. ) ;
#776 = ADVANCED_FACE ( 'NONE', ( #1941 ), #4066, .F. ) ;
#777 = ORIENTED_EDGE ( 'NONE', *, *, #5037, .F. ) ;
#778 = DIRECTION ( 'NONE',  ( 0.000000000000000000, 0.000000000000000000, -1.000000000000000000 ) ) ;
#779 = CYLINDRICAL_SURFACE ( 'NONE', #3012, 14.00000000000006750 ) ;
#780 = ORIENTED_EDGE ( 'NONE', *, *, #1740, .T. ) ;
#781 = VECTOR ( 'NONE', #966, 1000.000000000000000 ) ;
#782 = DIRECTION ( 'NONE',  ( -8.223874256482600253E-15, 0.000000000000000000, 1.000000000000000000 ) ) ;
#783 = DIRECTION ( 'NONE',  ( 0.000000000000000000, 0.000000000000000000, 1.000000000000000000 ) ) ;
#784 = EDGE_CURVE ( 'NONE', #2847, #5726, #4768, .T. ) ;
#785 = FACE_OUTER_BOUND ( 'NONE', #1232, .T. ) ;
#786 = ORIENTED_EDGE ( 'NONE', *, *, #2303, .T. ) ;
#787 = DIRECTION ( 'NONE',  ( 0.000000000000000000, 0.000000000000000000, -1.000000000000000000 ) ) ;
#788 = VERTEX_POINT ( 'NONE', #6404 ) ;
#789 = ADVANCED_FACE ( 'NONE', ( #6826 ), #1362, .F. ) ;
#790 = CARTESIAN_POINT ( 'NONE',  ( 83.34946230448218785, 0.000000000000000000, -75.58143937775044208 ) ) ;
#791 = EDGE_CURVE ( 'NONE', #1600, #1910, #5524, .T. ) ;
#792 = CARTESIAN_POINT ( 'NONE',  ( 43.14224645948156933, 0.000000000000000000, -127.7009910891845692 ) ) ;
#793 = CYLINDRICAL_SURFACE ( 'NONE', #3777, 40.99999999999999289 ) ;
#794 = FACE_OUTER_BOUND ( 'NONE', #3800, .T. ) ;
#795 = ORIENTED_EDGE ( 'NONE', *, *, #2781, .F. ) ;
#796 = DIRECTION ( 'NONE',  ( 3.552713678800500929E-15, 0.000000000000000000, 1.000000000000000000 ) ) ;
#797 = ORIENTED_EDGE ( 'NONE', *, *, #189, .T. ) ;
#798 = FACE_OUTER_BOUND ( 'NONE', #91, .T. ) ;
#799 = CARTESIAN_POINT ( 'NONE',  ( 33.38843222953228462, 0.000000000000000000, -136.6284600779650020 ) ) ;
#800 = ORIENTED_EDGE ( 'NONE', *, *, #5027, .F. ) ;
#801 = DIRECTION ( 'NONE',  ( 0.3062001265894623847, 0.7071067811865573427, -0.6373707574689816413 ) ) ;
#802 = EDGE_LOOP ( 'NONE', ( #358, #4423, #1657, #126 ) ) ;
#803 = CARTESIAN_POINT ( 'NONE',  ( 13.72712661109179422, 4.499999999999975131, -120.1982281444688283 ) ) ;
#804 = CONICAL_SURFACE ( 'NONE', #5683, 13.50000000000006750, 0.7853981633974275178 ) ;
#805 = ORIENTED_EDGE ( 'NONE', *, *, #2857, .T. ) ;
#806 = PLANE ( 'NONE',  #2872 ) ;
#807 = CARTESIAN_POINT ( 'NONE',  ( 87.24675365089082391, 5.000000000000000000, -67.46903405249652508 ) ) ;
#808 = VERTEX_POINT ( 'NONE', #7006 ) ;
#809 = EDGE_CURVE ( 'NONE', #3306, #6825, #348, .T. ) ;
#810 = DIRECTION ( 'NONE',  ( -0.3650730802518767915, 0.000000000000000000, 0.9309788644622426501 ) ) ;
#811 = DIRECTION ( 'NONE',  ( -0.000000000000000000, -1.000000000000000000, -0.000000000000000000 ) ) ;
#812 = CYLINDRICAL_SURFACE ( 'NONE', #6761, 1.750000000000001554 ) ;
#813 = ORIENTED_EDGE ( 'NONE', *, *, #1010, .T. ) ;
#814 = LINE ( 'NONE', #4712, #4717 ) ;
#815 = ORIENTED_EDGE ( 'NONE', *, *, #5333, .T. ) ;
#816 = ADVANCED_FACE ( 'NONE', ( #3307 ), #4878, .F. ) ;
#817 = AXIS2_PLACEMENT_3D ( 'NONE', #4865, #6032, #4426 ) ;
#818 = VECTOR ( 'NONE', #4830, 1000.000000000000000 ) ;
#819 = CARTESIAN_POINT ( 'NONE',  ( 42.54707016471979841, 0.000000000000000000, -155.5260618086647355 ) ) ;
#820 = FACE_OUTER_BOUND ( 'NONE', #1380, .T. ) ;
#821 = ORIENTED_EDGE ( 'NONE', *, *, #5420, .F. ) ;
#822 = CARTESIAN_POINT ( 'NONE',  ( -47.05506056541143778, 5.000000000000000000, -2.948922277165313854 ) ) ;
#823 = ORIENTED_EDGE ( 'NONE', *, *, #3684, .T. ) ;
#824 = CARTESIAN_POINT ( 'NONE',  ( 59.56147902922783999, 0.5000000000000281997, -74.16929063582588810 ) ) ;
#825 = AXIS2_PLACEMENT_3D ( 'NONE', #5679, #6325, #5756 ) ;
#826 = VERTEX_POINT ( 'NONE', #3769 ) ;
#827 = ADVANCED_FACE ( 'NONE', ( #1592 ), #4845, .T. ) ;
#828 = AXIS2_PLACEMENT_3D ( 'NONE', #5201, #4703, #4090 ) ;
#829 = DIRECTION ( 'NONE',  ( 0.000000000000000000, 0.000000000000000000, -1.000000000000000000 ) ) ;
#830 = DIRECTION ( 'NONE',  ( 1.000000000000000000, 0.000000000000000000, 1.239088197126289831E-16 ) ) ;
#831 = EDGE_CURVE ( 'NONE', #2786, #5726, #2426, .T. ) ;
#832 = ORIENTED_EDGE ( 'NONE', *, *, #1502, .T. ) ;
#833 = DIRECTION ( 'NONE',  ( -0.000000000000000000, -1.000000000000000000, -0.000000000000000000 ) ) ;
#834 = VERTEX_POINT ( 'NONE', #2787 ) ;
#835 = CARTESIAN_POINT ( 'NONE',  ( -13.41405513571104180, 5.000000000000000000, -120.5880822855304899 ) ) ;
#836 = VECTOR ( 'NONE', #1165, 1000.000000000000000 ) ;
#837 = CIRCLE ( 'NONE', #5682, 1.750000000000001554 ) ;
#838 = VECTOR ( 'NONE', #845, 1000.000000000000000 ) ;
#839 = EDGE_CURVE ( 'NONE', #1579, #657, #848, .T. ) ;
#840 = AXIS2_PLACEMENT_3D ( 'NONE', #5882, #5229, #5765 ) ;
#841 = CARTESIAN_POINT ( 'NONE',  ( 7.954586406016457723, 0.5000000000000091038, 3.119303211090153294 ) ) ;
#842 = ORIENTED_EDGE ( 'NONE', *, *, #2331, .T. ) ;
#843 = CARTESIAN_POINT ( 'NONE',  ( 4.075000000000001954, 0.000000000000000000, -125.5535425770391527 ) ) ;
#844 = AXIS2_PLACEMENT_3D ( 'NONE', #6271, #4428, #654 ) ;
#845 = DIRECTION ( 'NONE',  ( 0.4427499264756208364, -0.7071067811865532349, -0.5513370136366906316 ) ) ;
#846 = ORIENTED_EDGE ( 'NONE', *, *, #1669, .F. ) ;
#847 = CARTESIAN_POINT ( 'NONE',  ( -50.99999999999999289, 4.500000000000000000, -145.0000000000000284 ) ) ;
#848 = CIRCLE ( 'NONE', #2088, 1.750000000000001554 ) ;
#849 = AXIS2_PLACEMENT_3D ( 'NONE', #3670, #924, #2123 ) ;
#850 = VECTOR ( 'NONE', #6153, 1000.000000000000114 ) ;
#851 = DIRECTION ( 'NONE',  ( 0.000000000000000000, 1.000000000000000000, 0.000000000000000000 ) ) ;
#852 = FACE_OUTER_BOUND ( 'NONE', #5464, .T. ) ;
#853 = FACE_OUTER_BOUND ( 'NONE', #5265, .T. ) ;
#854 = CIRCLE ( 'NONE', #1089, 40.49999999999999289 ) ;
#855 = ORIENTED_EDGE ( 'NONE', *, *, #915, .T. ) ;
#856 = FACE_OUTER_BOUND ( 'NONE', #6249, .T. ) ;
#857 = VECTOR ( 'NONE', #3795, 1000.000000000000000 ) ;
#858 = ORIENTED_EDGE ( 'NONE', *, *, #2692, .T. ) ;
#859 = CONICAL_SURFACE ( 'NONE', #1092, 11.92737488156551962, 0.7853981633974621568 ) ;
#860 = CYLINDRICAL_SURFACE ( 'NONE', #1544, 40.99999999999999289 ) ;
#861 = AXIS2_PLACEMENT_3D ( 'NONE', #4069, #3611, #2555 ) ;
#862 = CARTESIAN_POINT ( 'NONE',  ( -1.387778780781445676E-14, 4.499999999999989342, -73.50000000000001421 ) ) ;
#863 = DIRECTION ( 'NONE',  ( 0.000000000000000000, 0.000000000000000000, 1.000000000000000000 ) ) ;
#864 = VERTEX_POINT ( 'NONE', #27 ) ;
#865 = CARTESIAN_POINT ( 'NONE',  ( 52.21999999999999176, 5.000000000000000000, -13.69999999999999929 ) ) ;
#866 = CIRCLE ( 'NONE', #4942, 5.000000000000000888 ) ;
#867 = ORIENTED_EDGE ( 'NONE', *, *, #5451, .F. ) ;
#868 = AXIS2_PLACEMENT_3D ( 'NONE', #1842, #1813, #4994 ) ;
#869 = DIRECTION ( 'NONE',  ( 0.000000000000000000, 0.000000000000000000, 1.000000000000000000 ) ) ;
#870 = FACE_OUTER_BOUND ( 'NONE', #2813, .T. ) ;
#871 = EDGE_LOOP ( 'NONE', ( #995, #6282 ) ) ;
#872 = DIRECTION ( 'NONE',  ( 0.000000000000000000, 0.000000000000000000, 1.000000000000000000 ) ) ;
#873 = EDGE_CURVE ( 'NONE', #2999, #6857, #620, .T. ) ;
#874 = ORIENTED_EDGE ( 'NONE', *, *, #6211, .T. ) ;
#875 = DIRECTION ( 'NONE',  ( 0.000000000000000000, -1.000000000000000000, 0.000000000000000000 ) ) ;
#876 = CIRCLE ( 'NONE', #1325, 5.500000000000018652 ) ;
#877 = AXIS2_PLACEMENT_3D ( 'NONE', #1107, #6484, #3745 ) ;
#878 = ORIENTED_EDGE ( 'NONE', *, *, #6008, .F. ) ;
#879 = EDGE_CURVE ( 'NONE', #3535, #63, #5704, .T. ) ;
#880 = AXIS2_PLACEMENT_3D ( 'NONE', #3702, #3766, #5475 ) ;
#881 = DIRECTION ( 'NONE',  ( -0.4427499264756221131, -0.7071067811865415775, 0.5513370136367045093 ) ) ;
#882 = ORIENTED_EDGE ( 'NONE', *, *, #3042, .T. ) ;
#883 = DIRECTION ( 'NONE',  ( -0.000000000000000000, -1.000000000000000000, -0.000000000000000000 ) ) ;
#884 = ADVANCED_FACE ( 'NONE', ( #3870 ), #2188, .F. ) ;
#885 = DIRECTION ( 'NONE',  ( -0.000000000000000000, -1.000000000000000000, -0.000000000000000000 ) ) ;
#886 = ORIENTED_EDGE ( 'NONE', *, *, #5838, .T. ) ;
#887 = CARTESIAN_POINT ( 'NONE',  ( 3.575000000000014833, -20.09429887916199675, -126.8704099846405313 ) ) ;
#888 = EDGE_CURVE ( 'NONE', #4400, #5997, #506, .T. ) ;
#889 = CARTESIAN_POINT ( 'NONE',  ( 40.56058202221510101, 4.499999999999971578, -135.6716264930533953 ) ) ;
#890 = VECTOR ( 'NONE', #4514, 1000.000000000000000 ) ;
#891 = FACE_OUTER_BOUND ( 'NONE', #7005, .T. ) ;
#892 = DIRECTION ( 'NONE',  ( 1.000000000000000000, -0.000000000000000000, 1.239088197126287859E-16 ) ) ;
#893 = DIRECTION ( 'NONE',  ( 0.3905815308492728288, -0.7071067811865625607, 0.5894455596231233940 ) ) ;
#894 = ORIENTED_EDGE ( 'NONE', *, *, #682, .F. ) ;
#895 = DIRECTION ( 'NONE',  ( 0.000000000000000000, 0.000000000000000000, -1.000000000000000000 ) ) ;
#896 = ORIENTED_EDGE ( 'NONE', *, *, #940, .F. ) ;
#897 = LINE ( 'NONE', #3083, #3905 ) ;
#898 = FACE_OUTER_BOUND ( 'NONE', #4151, .T. ) ;
#899 = ORIENTED_EDGE ( 'NONE', *, *, #159, .F. ) ;
#900 = CARTESIAN_POINT ( 'NONE',  ( 34.02649615143337769, 0.000000000000000000, -104.4547663479550295 ) ) ;
#901 = EDGE_CURVE ( 'NONE', #3993, #6326, #1194, .T. ) ;
#902 = ORIENTED_EDGE ( 'NONE', *, *, #6245, .T. ) ;
#903 = CARTESIAN_POINT ( 'NONE',  ( 50.31776790209864458, 0.5000000000000004441, -23.50682018439245624 ) ) ;
#904 = EDGE_CURVE ( 'NONE', #3573, #6209, #1762, .T. ) ;
#905 = EDGE_CURVE ( 'NONE', #2845, #2661, #6955, .T. ) ;
#906 = ORIENTED_EDGE ( 'NONE', *, *, #5489, .T. ) ;
#907 = ADVANCED_FACE ( 'NONE', ( #5912 ), #62, .T. ) ;
#908 = DIRECTION ( 'NONE',  ( -0.000000000000000000, -1.000000000000000000, -0.000000000000000000 ) ) ;
#909 = CARTESIAN_POINT ( 'NONE',  ( 49.99999999999997158, 0.000000000000000000, -125.5535425770391527 ) ) ;
#910 = ORIENTED_EDGE ( 'NONE', *, *, #2908, .T. ) ;
#911 = DIRECTION ( 'NONE',  ( -0.4427499264756009634, 0.7071067811865512365, 0.5513370136367091723 ) ) ;
#912 = VERTEX_POINT ( 'NONE', #5947 ) ;
#913 = FACE_OUTER_BOUND ( 'NONE', #4315, .T. ) ;
#914 = EDGE_LOOP ( 'NONE', ( #2169, #4861 ) ) ;
#915 = EDGE_CURVE ( 'NONE', #3649, #6129, #1096, .T. ) ;
#916 = FACE_OUTER_BOUND ( 'NONE', #2236, .T. ) ;
#917 = ORIENTED_EDGE ( 'NONE', *, *, #6334, .T. ) ;
#918 = DIRECTION ( 'NONE',  ( 0.000000000000000000, 1.000000000000000000, 0.000000000000000000 ) ) ;
#919 = DIRECTION ( 'NONE',  ( 0.000000000000000000, -1.000000000000000000, 0.000000000000000000 ) ) ;
#920 = VERTEX_POINT ( 'NONE', #588 ) ;
#921 = CARTESIAN_POINT ( 'NONE',  ( -52.21999999999999176, 0.000000000000000000, -10.39999999999997371 ) ) ;
#922 = ADVANCED_FACE ( 'NONE', ( #2225 ), #3906, .T. ) ;
#923 = FACE_OUTER_BOUND ( 'NONE', #1738, .T. ) ;
#924 = DIRECTION ( 'NONE',  ( -0.000000000000000000, 1.000000000000000000, -0.000000000000000000 ) ) ;
#925 = EDGE_CURVE ( 'NONE', #6603, #5191, #6974, .T. ) ;
#926 = DIRECTION ( 'NONE',  ( 0.000000000000000000, -1.000000000000000000, 0.000000000000000000 ) ) ;
#927 = DIRECTION ( 'NONE',  ( -0.4427499264756137309, 0.7071067811865378028, -0.5513370136367160557 ) ) ;
#928 = VERTEX_POINT ( 'NONE', #2325 ) ;
#929 = CARTESIAN_POINT ( 'NONE',  ( 3.075000000000000622, 2.500000000000000444, -127.7500000000000000 ) ) ;
#930 = AXIS2_PLACEMENT_3D ( 'NONE', #1895, #5046, #122 ) ;
#931 = ORIENTED_EDGE ( 'NONE', *, *, #4162, .T. ) ;
#932 = DIRECTION ( 'NONE',  ( -0.000000000000000000, -1.000000000000000000, -0.000000000000000000 ) ) ;
#933 = CARTESIAN_POINT ( 'NONE',  ( 3.574999999999999289, 0.5000000000000004441, -126.1550435320466477 ) ) ;
#934 = ORIENTED_EDGE ( 'NONE', *, *, #5094, .F. ) ;
#935 = DIRECTION ( 'NONE',  ( 0.2924353059680544487, 0.7071067811865582309, -0.6438024478233638215 ) ) ;
#936 = ORIENTED_EDGE ( 'NONE', *, *, #6211, .F. ) ;
#937 = DIRECTION ( 'NONE',  ( 0.000000000000000000, 0.000000000000000000, 1.000000000000000000 ) ) ;
#938 = ORIENTED_EDGE ( 'NONE', *, *, #4904, .T. ) ;
#939 = CIRCLE ( 'NONE', #1278, 5.000000000000004441 ) ;
#940 = EDGE_CURVE ( 'NONE', #2707, #6191, #6068, .T. ) ;
#941 = CARTESIAN_POINT ( 'NONE',  ( 20.85965004500311082, 0.5000000000000073275, -94.35965004500316411 ) ) ;
#942 = CARTESIAN_POINT ( 'NONE',  ( 20.85965004500319608, 3.449999999999969535, -52.64034995499687852 ) ) ;
#943 = VERTEX_POINT ( 'NONE', #6090 ) ;
#944 = CARTESIAN_POINT ( 'NONE',  ( -13.41405513571104002, 0.000000000000000000, -120.5880822855305041 ) ) ;
#945 = CONICAL_SURFACE ( 'NONE', #2962, 3.299999999999997158, 0.7853981633974375098 ) ;
#946 = EDGE_CURVE ( 'NONE', #770, #6930, #4586, .T. ) ;
#947 = ORIENTED_EDGE ( 'NONE', *, *, #6667, .F. ) ;
#948 = CARTESIAN_POINT ( 'NONE',  ( 43.14224645948156933, 0.000000000000000000, -127.7009910891845692 ) ) ;
#949 = ORIENTED_EDGE ( 'NONE', *, *, #3272, .T. ) ;
#950 = AXIS2_PLACEMENT_3D ( 'NONE', #5113, #1335, #2886 ) ;
#951 = CARTESIAN_POINT ( 'NONE',  ( 50.99999999999999289, 4.500000000000030198, -143.2500000000000284 ) ) ;
#952 = ORIENTED_EDGE ( 'NONE', *, *, #2724, .T. ) ;
#953 = CARTESIAN_POINT ( 'NONE',  ( 20.85965004500311082, 5.000000000000000000, -94.35965004500316411 ) ) ;
#954 = CARTESIAN_POINT ( 'NONE',  ( 1.355202238605939913, 0.5000000000000213163, -0.5314275914286075153 ) ) ;
#955 = ORIENTED_EDGE ( 'NONE', *, *, #1117, .T. ) ;
#956 = CARTESIAN_POINT ( 'NONE',  ( -47.12376198899117696, 0.5000000000000003331, -30.34378268944368173 ) ) ;
#957 = AXIS2_PLACEMENT_3D ( 'NONE', #5914, #3246, #3209 ) ;
#958 = AXIS2_PLACEMENT_3D ( 'NONE', #5192, #1437, #3590 ) ;
#959 = CONICAL_SURFACE ( 'NONE', #2760, 1.750000000000001554, 0.7853981633974419507 ) ;
#960 = VECTOR ( 'NONE', #2336, 1000.000000000000114 ) ;
#961 = DIRECTION ( 'NONE',  ( 0.000000000000000000, 0.000000000000000000, -1.000000000000000000 ) ) ;
#962 = CARTESIAN_POINT ( 'NONE',  ( -14.84222989735698306, 5.000000000000000000, -111.1823328852394894 ) ) ;
#963 = DIRECTION ( 'NONE',  ( 0.000000000000000000, 0.000000000000000000, 1.000000000000000000 ) ) ;
#964 = AXIS2_PLACEMENT_3D ( 'NONE', #6126, #2897, #5063 ) ;
#965 = ADVANCED_FACE ( 'NONE', ( #2290 ), #6192, .T. ) ;
#966 = DIRECTION ( 'NONE',  ( 0.3062001265894634949, 0.7071067811865535679, 0.6373707574689853050 ) ) ;
#967 = EDGE_CURVE ( 'NONE', #335, #4442, #3004, .T. ) ;
#968 = EDGE_LOOP ( 'NONE', ( #6908, #6394, #4853, #5409 ) ) ;
#969 = DIRECTION ( 'NONE',  ( 0.000000000000000000, 0.000000000000000000, -1.000000000000000000 ) ) ;
#970 = ORIENTED_EDGE ( 'NONE', *, *, #6372, .T. ) ;
#971 = EDGE_CURVE ( 'NONE', #3196, #455, #697, .T. ) ;
#972 = PLANE ( 'NONE',  #6971 ) ;
#973 = CARTESIAN_POINT ( 'NONE',  ( -39.56668648912854991, 0.5000000000000298650, -77.49523297530161869 ) ) ;
#974 = DIRECTION ( 'NONE',  ( 0.3062001265894642721, -0.7071067811865577868, 0.6373707574689800870 ) ) ;
#975 = AXIS2_PLACEMENT_3D ( 'NONE', #4687, #6356, #3587 ) ;
#976 = ORIENTED_EDGE ( 'NONE', *, *, #2373, .T. ) ;
#977 = DIRECTION ( 'NONE',  ( 0.000000000000000000, 0.000000000000000000, 1.000000000000000000 ) ) ;
#978 = EDGE_CURVE ( 'NONE', #5033, #6569, #2851, .T. ) ;
#979 = ORIENTED_EDGE ( 'NONE', *, *, #5618, .T. ) ;
#980 = AXIS2_PLACEMENT_3D ( 'NONE', #6884, #3682, #332 ) ;
#981 = AXIS2_PLACEMENT_3D ( 'NONE', #3757, #153, #196 ) ;
#982 = CONICAL_SURFACE ( 'NONE', #5842, 13.50000000000012257, 0.7853981633974431720 ) ;
#983 = DIRECTION ( 'NONE',  ( 0.000000000000000000, 0.000000000000000000, 1.000000000000000000 ) ) ;
#984 = DIRECTION ( 'NONE',  ( 0.000000000000000000, 0.000000000000000000, 1.000000000000000000 ) ) ;
#985 = ORIENTED_EDGE ( 'NONE', *, *, #5420, .T. ) ;
#986 = DIRECTION ( 'NONE',  ( 0.000000000000000000, 0.000000000000000000, 1.000000000000000000 ) ) ;
#987 = ORIENTED_EDGE ( 'NONE', *, *, #2138, .F. ) ;
#988 = CARTESIAN_POINT ( 'NONE',  ( -45.21007633856536501, 10.00000000000000000, -132.2533618551885866 ) ) ;
#989 = AXIS2_PLACEMENT_3D ( 'NONE', #6339, #6769, #2507 ) ;
#990 = VERTEX_POINT ( 'NONE', #2888 ) ;
#991 = EDGE_CURVE ( 'NONE', #1469, #439, #2668, .T. ) ;
#992 = AXIS2_PLACEMENT_3D ( 'NONE', #280, #6207, #4600 ) ;
#993 = DIRECTION ( 'NONE',  ( 0.000000000000000000, 0.000000000000000000, 1.000000000000000000 ) ) ;
#994 = AXIS2_PLACEMENT_3D ( 'NONE', #5419, #6415, #3153 ) ;
#995 = ORIENTED_EDGE ( 'NONE', *, *, #940, .T. ) ;
#996 = DIRECTION ( 'NONE',  ( -0.3062001265894655488, -0.7071067811865496822, 0.6373707574689886357 ) ) ;
#997 =( LENGTH_UNIT ( ) NAMED_UNIT ( * ) SI_UNIT ( .MILLI., .METRE. ) );
#998 = VERTEX_POINT ( 'NONE', #6712 ) ;
#999 = FACE_OUTER_BOUND ( 'NONE', #2339, .T. ) ;
#1000 = ADVANCED_FACE ( 'NONE', ( #4441 ), #2441, .F. ) ;
#1001 = EDGE_CURVE ( 'NONE', #5940, #1042, #1272, .T. ) ;
#1002 = AXIS2_PLACEMENT_3D ( 'NONE', #90, #580, #3234 ) ;
#1003 = DIRECTION ( 'NONE',  ( -0.9013783694726588136, 0.000000000000000000, -0.4330323718231822716 ) ) ;
#1004 = FACE_OUTER_BOUND ( 'NONE', #3720, .T. ) ;
#1005 = DIRECTION ( 'NONE',  ( 0.000000000000000000, 0.000000000000000000, -1.000000000000000000 ) ) ;
#1006 = ORIENTED_EDGE ( 'NONE', *, *, #6465, .F. ) ;
#1007 = FACE_OUTER_BOUND ( 'NONE', #3557, .T. ) ;
#1008 = ORIENTED_EDGE ( 'NONE', *, *, #3013, .T. ) ;
#1009 = CONICAL_SURFACE ( 'NONE', #6431, 5.500000000000032863, 0.7853981633974561616 ) ;
#1010 = EDGE_CURVE ( 'NONE', #4361, #4989, #5117, .T. ) ;
#1011 = DIRECTION ( 'NONE',  ( 0.000000000000000000, -0.7071067811865402453, -0.7071067811865549002 ) ) ;
#1012 = DIRECTION ( 'NONE',  ( 0.6583014682025952746, 0.7071067811865514585, 0.2581456506747728530 ) ) ;
#1013 = DIRECTION ( 'NONE',  ( -0.000000000000000000, -1.000000000000000000, -0.000000000000000000 ) ) ;
#1014 = VERTEX_POINT ( 'NONE', #4542 ) ;
#1015 = CARTESIAN_POINT ( 'NONE',  ( -36.83221845872049727, 4.500000000000000000, -137.3400645262867954 ) ) ;
#1016 = VECTOR ( 'NONE', #6049, 1000.000000000000114 ) ;
#1017 = EDGE_LOOP ( 'NONE', ( #4217, #4073, #4264, #1341 ) ) ;
#1018 = ADVANCED_FACE ( 'NONE', ( #2925 ), #5791, .F. ) ;
#1019 = EDGE_CURVE ( 'NONE', #3732, #176, #2397, .T. ) ;
#1020 = DIRECTION ( 'NONE',  ( 0.000000000000000000, 0.000000000000000000, 1.000000000000000000 ) ) ;
#1021 = CARTESIAN_POINT ( 'NONE',  ( 45.35554439750277567, 4.500000000000000000, -24.05948337168945628 ) ) ;
#1022 = ORIENTED_EDGE ( 'NONE', *, *, #1138, .T. ) ;
#1023 = PLANE ( 'NONE',  #311 ) ;
#1024 = ORIENTED_EDGE ( 'NONE', *, *, #74, .F. ) ;
#1025 = CARTESIAN_POINT ( 'NONE',  ( -47.05506056541143778, 0.000000000000000000, -2.948922277165318295 ) ) ;
#1026 = ORIENTED_EDGE ( 'NONE', *, *, #6204, .F. ) ;
#1027 = DIRECTION ( 'NONE',  ( 0.4427499264756125652, -0.7071067811865358044, -0.5513370136367196084 ) ) ;
#1028 = EDGE_LOOP ( 'NONE', ( #4646, #5208, #5089, #3048 ) ) ;
#1029 = DIRECTION ( 'NONE',  ( -1.261617073437676668E-15, 0.000000000000000000, 1.000000000000000000 ) ) ;
#1030 = EDGE_LOOP ( 'NONE', ( #5119, #4905, #6886, #54, #4039, #1853 ) ) ;
#1031 = CARTESIAN_POINT ( 'NONE',  ( -8.673617379884035472E-16, 0.000000000000000000, -13.90587977405051134 ) ) ;
#1032 = FACE_OUTER_BOUND ( 'NONE', #3226, .T. ) ;
#1033 = CARTESIAN_POINT ( 'NONE',  ( 3.574999999999999289, 4.000000000000000000, 0.000000000000000000 ) ) ;
#1034 = FACE_OUTER_BOUND ( 'NONE', #2257, .T. ) ;
#1035 = EDGE_CURVE ( 'NONE', #231, #82, #1806, .T. ) ;
#1036 = ORIENTED_EDGE ( 'NONE', *, *, #6657, .T. ) ;
#1037 = CARTESIAN_POINT ( 'NONE',  ( -13.72712661109180843, 0.5000000000000177636, -120.1982281444688141 ) ) ;
#1038 = CARTESIAN_POINT ( 'NONE',  ( -63.47931617881824451, 4.499999999999973355, -18.95998532625017674 ) ) ;
#1039 = DIRECTION ( 'NONE',  ( 0.000000000000000000, 0.000000000000000000, 1.000000000000000000 ) ) ;
#1040 = AXIS2_PLACEMENT_3D ( 'NONE', #6848, #5254, #977 ) ;
#1041 = CARTESIAN_POINT ( 'NONE',  ( -48.87647513375095798, 0.5000000000000281997, -73.84450217278279638 ) ) ;
#1042 = VERTEX_POINT ( 'NONE', #2394 ) ;
#1043 = FACE_OUTER_BOUND ( 'NONE', #2465, .T. ) ;
#1044 = ORIENTED_EDGE ( 'NONE', *, *, #5459, .F. ) ;
#1045 = EDGE_CURVE ( 'NONE', #2187, #4971, #268, .T. ) ;
#1046 = DIRECTION ( 'NONE',  ( -0.000000000000000000, 1.000000000000000000, -0.000000000000000000 ) ) ;
#1047 = DIRECTION ( 'NONE',  ( 0.000000000000000000, -1.000000000000000000, 0.000000000000000000 ) ) ;
#1048 = DIRECTION ( 'NONE',  ( -4.163336342344336238E-15, 0.000000000000000000, 1.000000000000000000 ) ) ;
#1049 = ORIENTED_EDGE ( 'NONE', *, *, #1139, .F. ) ;
#1050 = DIRECTION ( 'NONE',  ( -0.5272702316951636270, -0.7071067811865531239, -0.4711540117287773000 ) ) ;
#1051 = ORIENTED_EDGE ( 'NONE', *, *, #706, .T. ) ;
#1052 = FACE_BOUND ( 'NONE', #6155, .T. ) ;
#1053 = ADVANCED_FACE ( 'NONE', ( #1903 ), #3318, .F. ) ;
#1054 = ORIENTED_EDGE ( 'NONE', *, *, #6553, .F. ) ;
#1055 = EDGE_CURVE ( 'NONE', #3437, #2796, #5716, .T. ) ;
#1056 = CONICAL_SURFACE ( 'NONE', #5011, 5.500000000000005329, 0.7853981633974569387 ) ;
#1057 = CARTESIAN_POINT ( 'NONE',  ( -52.21999999999999176, 5.000000000000000000, -13.69999999999999929 ) ) ;
#1058 = ORIENTED_EDGE ( 'NONE', *, *, #5597, .T. ) ;
#1059 = CARTESIAN_POINT ( 'NONE',  ( -50.31776790209865169, 4.500000000000000000, -23.50682018439244914 ) ) ;
#1060 = CARTESIAN_POINT ( 'NONE',  ( 16.85784136489926865, 5.000000000000000000, -116.2996867338522691 ) ) ;
#1061 = EDGE_LOOP ( 'NONE', ( #5243, #44, #1707, #1766 ) ) ;
#1062 = CARTESIAN_POINT ( 'NONE',  ( -50.99999999999999289, 4.499999999999989342, -143.2500000000000284 ) ) ;
#1063 = EDGE_CURVE ( 'NONE', #596, #3207, #127, .T. ) ;
#1064 = EDGE_CURVE ( 'NONE', #5393, #4798, #3553, .T. ) ;
#1065 = VECTOR ( 'NONE', #2528, 1000.000000000000227 ) ;
#1066 = DIRECTION ( 'NONE',  ( 0.000000000000000000, 0.000000000000000000, -1.000000000000000000 ) ) ;
#1067 = CONICAL_SURFACE ( 'NONE', #43, 40.49999999999999289, 0.7853981633974552734 ) ;
#1068 = CARTESIAN_POINT ( 'NONE',  ( 36.83221845872051148, 0.000000000000000000, -137.8400645262867670 ) ) ;
#1069 = FACE_BOUND ( 'NONE', #4167, .T. ) ;
#1070 = ORIENTED_EDGE ( 'NONE', *, *, #1267, .F. ) ;
#1071 = DIRECTION ( 'NONE',  ( 0.000000000000000000, 0.000000000000000000, 1.000000000000000000 ) ) ;
#1072 = VECTOR ( 'NONE', #6876, 1000.000000000000000 ) ;
#1073 = CONICAL_SURFACE ( 'NONE', #1180, 5.500000000000005329, 0.7853981633974309595 ) ;
#1074 = FACE_OUTER_BOUND ( 'NONE', #2320, .T. ) ;
#1075 = VECTOR ( 'NONE', #1470, 1000.000000000000114 ) ;
#1076 = CARTESIAN_POINT ( 'NONE',  ( 35.25034087383883730, 0.000000000000000000, -49.44643053236769958 ) ) ;
#1077 = FACE_OUTER_BOUND ( 'NONE', #1442, .T. ) ;
#1078 = EDGE_LOOP ( 'NONE', ( #6436, #2115, #4425, #6675 ) ) ;
#1079 = CARTESIAN_POINT ( 'NONE',  ( 0.000000000000000000, 10.00000000000000000, -73.50000000000000000 ) ) ;
#1080 = EDGE_CURVE ( 'NONE', #4955, #5302, #4156, .T. ) ;
#1081 = ORIENTED_EDGE ( 'NONE', *, *, #1115, .T. ) ;
#1082 = VECTOR ( 'NONE', #1831, 1000.000000000000114 ) ;
#1083 = CARTESIAN_POINT ( 'NONE',  ( 47.79714078179278403, 4.499999999999966249, -125.8756256879251794 ) ) ;
#1084 = CARTESIAN_POINT ( 'NONE',  ( 42.23399868933903178, 4.500000000000017764, -155.9159159497264113 ) ) ;
#1085 = ORIENTED_EDGE ( 'NONE', *, *, #4026, .F. ) ;
#1086 = CARTESIAN_POINT ( 'NONE',  ( -52.21999999999999176, 0.5000000000000004441, -13.69999999999999929 ) ) ;
#1087 = ORIENTED_EDGE ( 'NONE', *, *, #4816, .F. ) ;
#1088 = FACE_OUTER_BOUND ( 'NONE', #6472, .T. ) ;
#1089 = AXIS2_PLACEMENT_3D ( 'NONE', #6246, #1891, #5644 ) ;
#1090 = ORIENTED_EDGE ( 'NONE', *, *, #3492, .T. ) ;
#1091 = AXIS2_PLACEMENT_3D ( 'NONE', #4144, #6383, #4210 ) ;
#1092 = AXIS2_PLACEMENT_3D ( 'NONE', #2696, #4969, #3257 ) ;
#1093 = DIRECTION ( 'NONE',  ( 0.000000000000000000, 0.000000000000000000, 1.000000000000000000 ) ) ;
#1094 = DIRECTION ( 'NONE',  ( 0.7797082821233123351, -0.000000000000000000, 0.6261429507614958423 ) ) ;
#1095 = VERTEX_POINT ( 'NONE', #6858 ) ;
#1096 = LINE ( 'NONE', #3276, #3554 ) ;
#1097 = CONICAL_SURFACE ( 'NONE', #4473, 5.500000000000001776, 0.7853981633974500554 ) ;
#1098 = ORIENTED_EDGE ( 'NONE', *, *, #5421, .F. ) ;
#1099 = DIRECTION ( 'NONE',  ( -0.000000000000000000, -1.000000000000000000, -0.000000000000000000 ) ) ;
#1100 = CIRCLE ( 'NONE', #2231, 5.500000000000005329 ) ;
#1101 = AXIS2_PLACEMENT_3D ( 'NONE', #1235, #3378, #4475 ) ;
#1102 = EDGE_CURVE ( 'NONE', #6664, #1275, #5500, .T. ) ;
#1103 = ADVANCED_FACE ( 'NONE', ( #3624 ), #3767, .F. ) ;
#1104 = CARTESIAN_POINT ( 'NONE',  ( -37.79747233864500089, 5.000000000000000000, -23.48284677995476599 ) ) ;
#1105 = DIRECTION ( 'NONE',  ( 0.000000000000000000, 0.000000000000000000, 1.000000000000000000 ) ) ;
#1106 = ORIENTED_EDGE ( 'NONE', *, *, #5299, .F. ) ;
#1107 = CARTESIAN_POINT ( 'NONE',  ( 0.000000000000000000, 0.000000000000000000, -73.50000000000000000 ) ) ;
#1108 = AXIS2_PLACEMENT_3D ( 'NONE', #6318, #1463, #6218 ) ;
#1109 = VECTOR ( 'NONE', #6899, 1000.000000000000114 ) ;
#1110 = DIRECTION ( 'NONE',  ( 0.000000000000000000, 0.000000000000000000, 1.000000000000000000 ) ) ;
#1111 = FACE_OUTER_BOUND ( 'NONE', #6720, .T. ) ;
#1112 = EDGE_LOOP ( 'NONE', ( #327, #416, #2953, #2637 ) ) ;
#1113 = CARTESIAN_POINT ( 'NONE',  ( 3.574999999999999289, 2.500000000000000444, -127.2500000000000000 ) ) ;
#1114 = ORIENTED_EDGE ( 'NONE', *, *, #424, .F. ) ;
#1115 = EDGE_CURVE ( 'NONE', #2670, #6557, #2759, .T. ) ;
#1116 = DIRECTION ( 'NONE',  ( 0.000000000000000000, 0.000000000000000000, 1.000000000000000000 ) ) ;
#1117 = EDGE_CURVE ( 'NONE', #4516, #1457, #375, .T. ) ;
#1118 = DIRECTION ( 'NONE',  ( 0.000000000000000000, 0.000000000000000000, -1.000000000000000000 ) ) ;
#1119 = CARTESIAN_POINT ( 'NONE',  ( -43.14224645948157644, 0.5000000000000213163, -127.7009910891845692 ) ) ;
#1120 = AXIS2_PLACEMENT_3D ( 'NONE', #6480, #3872, #4745 ) ;
#1121 = VERTEX_POINT ( 'NONE', #3027 ) ;
#1122 = DIRECTION ( 'NONE',  ( -0.000000000000000000, -1.000000000000000000, -0.000000000000000000 ) ) ;
#1123 = ORIENTED_EDGE ( 'NONE', *, *, #2757, .T. ) ;
#1124 = CARTESIAN_POINT ( 'NONE',  ( -8.934326635256088167, 5.000000000000000888, -142.0000000000000284 ) ) ;
#1125 = ORIENTED_EDGE ( 'NONE', *, *, #1139, .T. ) ;
#1126 = EDGE_CURVE ( 'NONE', #4781, #596, #1932, .T. ) ;
#1127 = CARTESIAN_POINT ( 'NONE',  ( 1.355202238605939913, 4.500000000000000000, -0.5314275914286075153 ) ) ;
#1128 = FACE_OUTER_BOUND ( 'NONE', #4946, .T. ) ;
#1129 = ORIENTED_EDGE ( 'NONE', *, *, #5373, .T. ) ;
#1130 = DIRECTION ( 'NONE',  ( 0.000000000000000000, 0.000000000000000000, 1.000000000000000000 ) ) ;
#1131 = FACE_OUTER_BOUND ( 'NONE', #1694, .T. ) ;
#1132 = VERTEX_POINT ( 'NONE', #5720 ) ;
#1133 = CARTESIAN_POINT ( 'NONE',  ( 34.02649615143337769, 4.499999999999971578, -104.4547663479550295 ) ) ;
#1134 = CARTESIAN_POINT ( 'NONE',  ( 8.934326635256089943, 10.00000000000000000, -142.0000000000000284 ) ) ;
#1135 = CARTESIAN_POINT ( 'NONE',  ( 17.56989885962712705, 5.000000000000000000, -37.00960874336267636 ) ) ;
#1136 = EDGE_LOOP ( 'NONE', ( #3546, #1436, #2345, #2773 ) ) ;
#1137 = ORIENTED_EDGE ( 'NONE', *, *, #1271, .T. ) ;
#1138 = EDGE_CURVE ( 'NONE', #1303, #6386, #6893, .T. ) ;
#1139 = EDGE_CURVE ( 'NONE', #2541, #4979, #3134, .T. ) ;
#1140 = CARTESIAN_POINT ( 'NONE',  ( -50.99999999999999289, 5.000000000000000000, -145.0000000000000284 ) ) ;
#1141 = DIRECTION ( 'NONE',  ( 0.000000000000000000, -1.000000000000000000, 0.000000000000000000 ) ) ;
#1142 = LINE ( 'NONE', #4893, #4713 ) ;
#1143 = VERTEX_POINT ( 'NONE', #6291 ) ;
#1144 = DIRECTION ( 'NONE',  ( -0.2924353059680581679, -0.7071067811865333619, -0.6438024478233894676 ) ) ;
#1145 = EDGE_LOOP ( 'NONE', ( #4347, #4194, #3969, #1361 ) ) ;
#1146 = EDGE_CURVE ( 'NONE', #3252, #3357, #1633, .T. ) ;
#1147 = CARTESIAN_POINT ( 'NONE',  ( -1.387778780781445676E-14, 0.000000000000000000, -73.50000000000001421 ) ) ;
#1148 = CONICAL_SURFACE ( 'NONE', #2740, 1.750000000000001554, 0.7853981633974553844 ) ;
#1149 = CARTESIAN_POINT ( 'NONE',  ( -8.940694323019435785, -20.09429887916199675, -126.8704099846405313 ) ) ;
#1150 = CYLINDRICAL_SURFACE ( 'NONE', #154, 1.750000000000001554 ) ;
#1151 = EDGE_LOOP ( 'NONE', ( #617, #3201, #2289, #2926 ) ) ;
#1152 = DIRECTION ( 'NONE',  ( 0.000000000000000000, 1.000000000000000000, 0.000000000000000000 ) ) ;
#1153 = VERTEX_POINT ( 'NONE', #944 ) ;
#1154 = LINE ( 'NONE', #582, #4850 ) ;
#1155 = EDGE_LOOP ( 'NONE', ( #3768, #6091, #6714, #6406, #526, #6706, #805, #1198, #2448, #2568, #979, #4457, #2909, #478, #2179, #1952, #5949, #4181, #1840, #19 ) ) ;
#1156 = EDGE_CURVE ( 'NONE', #3808, #4565, #3094, .T. ) ;
#1157 = DIRECTION ( 'NONE',  ( -0.000000000000000000, -1.000000000000000000, -0.000000000000000000 ) ) ;
#1158 = CARTESIAN_POINT ( 'NONE',  ( -13.72712661109180843, 4.500000000000000000, -120.1982281444688141 ) ) ;
#1159 = EDGE_CURVE ( 'NONE', #3610, #3490, #2531, .T. ) ;
#1160 = ORIENTED_EDGE ( 'NONE', *, *, #3032, .F. ) ;
#1161 = CARTESIAN_POINT ( 'NONE',  ( -16.85784136489928642, 0.5000000000000213163, -116.2996867338522691 ) ) ;
#1162 = ORIENTED_EDGE ( 'NONE', *, *, #2496, .F. ) ;
#1163 = PLANE ( 'NONE',  #6491 ) ;
#1164 = AXIS2_PLACEMENT_3D ( 'NONE', #5002, #5034, #2308 ) ;
#1165 = DIRECTION ( 'NONE',  ( 8.659560562354884787E-17, -0.7071067811865516806, 0.7071067811865434649 ) ) ;
#1166 = DIRECTION ( 'NONE',  ( -0.000000000000000000, -1.000000000000000000, -0.000000000000000000 ) ) ;
#1167 = ORIENTED_EDGE ( 'NONE', *, *, #6659, .T. ) ;
#1168 = AXIS2_PLACEMENT_3D ( 'NONE', #4578, #3622, #6752 ) ;
#1169 = ORIENTED_EDGE ( 'NONE', *, *, #3678, .T. ) ;
#1170 = CIRCLE ( 'NONE', #4788, 5.000000000000004441 ) ;
#1171 = DIRECTION ( 'NONE',  ( 0.000000000000000000, 0.000000000000000000, -1.000000000000000000 ) ) ;
#1172 = EDGE_CURVE ( 'NONE', #3340, #1692, #389, .T. ) ;
#1173 = ADVANCED_FACE ( 'NONE', ( #4651 ), #6818, .T. ) ;
#1174 = CARTESIAN_POINT ( 'NONE',  ( -3.575000000000001066, 2.500000000000000444, -127.2500000000000000 ) ) ;
#1175 = CARTESIAN_POINT ( 'NONE',  ( -35.25034087383883730, 0.000000000000000000, -43.94643053236772801 ) ) ;
#1176 = EDGE_LOOP ( 'NONE', ( #6255, #1359, #5146, #3586, #2961, #128 ) ) ;
#1177 = PLANE ( 'NONE',  #2065 ) ;
#1178 = VECTOR ( 'NONE', #5378, 1000.000000000000114 ) ;
#1179 = AXIS2_PLACEMENT_3D ( 'NONE', #3176, #1099, #5983 ) ;
#1180 = AXIS2_PLACEMENT_3D ( 'NONE', #1060, #3705, #2152 ) ;
#1181 = VERTEX_POINT ( 'NONE', #2601 ) ;
#1182 = EDGE_CURVE ( 'NONE', #788, #1014, #6359, .T. ) ;
#1183 = CARTESIAN_POINT ( 'NONE',  ( 50.99999999999999289, 5.000000000000000000, -145.0000000000000284 ) ) ;
#1184 = VECTOR ( 'NONE', #256, 1000.000000000000227 ) ;
#1185 = EDGE_CURVE ( 'NONE', #1593, #2588, #6160, .T. ) ;
#1186 = CARTESIAN_POINT ( 'NONE',  ( -40.56058202221508679, 4.500000000000000000, -135.6716264930534237 ) ) ;
#1187 = CARTESIAN_POINT ( 'NONE',  ( 34.02649615143337769, 5.000000000000000000, -104.4547663479550295 ) ) ;
#1188 = ORIENTED_EDGE ( 'NONE', *, *, #3899, .F. ) ;
#1189 = ADVANCED_FACE ( 'NONE', ( #4760 ), #4913, .F. ) ;
#1190 = CARTESIAN_POINT ( 'NONE',  ( 37.79747233864500089, 5.000000000000000000, -23.48284677995476599 ) ) ;
#1191 = ORIENTED_EDGE ( 'NONE', *, *, #1350, .F. ) ;
#1192 = DIRECTION ( 'NONE',  ( -0.000000000000000000, -1.000000000000000000, -0.000000000000000000 ) ) ;
#1193 = ORIENTED_EDGE ( 'NONE', *, *, #1156, .F. ) ;
#1194 = CIRCLE ( 'NONE', #6051, 13.99999999999995737 ) ;
#1195 = AXIS2_PLACEMENT_3D ( 'NONE', #1756, #5610, #759 ) ;
#1196 = DIRECTION ( 'NONE',  ( 0.000000000000000000, 0.7071067811865378028, 0.7071067811865573427 ) ) ;
#1197 = CARTESIAN_POINT ( 'NONE',  ( -35.63231047952908170, 10.00000000000000000, -18.97595493259147403 ) ) ;
#1198 = ORIENTED_EDGE ( 'NONE', *, *, #3500, .T. ) ;
#1199 = DIRECTION ( 'NONE',  ( -0.000000000000000000, -1.000000000000000000, -0.000000000000000000 ) ) ;
#1200 = VECTOR ( 'NONE', #2592, 1000.000000000000000 ) ;
#1201 = ORIENTED_EDGE ( 'NONE', *, *, #3081, .F. ) ;
#1202 = PLANE ( 'NONE',  #1120 ) ;
#1203 = FACE_OUTER_BOUND ( 'NONE', #5896, .T. ) ;
#1204 = VECTOR ( 'NONE', #6287, 1000.000000000000000 ) ;
#1205 = CIRCLE ( 'NONE', #1316, 5.500000000000005329 ) ;
#1206 = AXIS2_PLACEMENT_3D ( 'NONE', #2404, #3988, #4420 ) ;
#1207 = CARTESIAN_POINT ( 'NONE',  ( 0.000000000000000000, 0.5000000000000004441, -73.50000000000000000 ) ) ;
#1208 = EDGE_CURVE ( 'NONE', #764, #1265, #45, .T. ) ;
#1209 = CARTESIAN_POINT ( 'NONE',  ( -41.93536681769559493, 4.500000000000000000, -20.67609968050981095 ) ) ;
#1210 = ORIENTED_EDGE ( 'NONE', *, *, #4297, .F. ) ;
#1211 = EDGE_CURVE ( 'NONE', #826, #5228, #1653, .T. ) ;
#1212 = ORIENTED_EDGE ( 'NONE', *, *, #2857, .F. ) ;
#1213 = AXIS2_PLACEMENT_3D ( 'NONE', #3072, #3110, #1450 ) ;
#1214 = LINE ( 'NONE', #1880, #3229 ) ;
#1215 = CARTESIAN_POINT ( 'NONE',  ( 47.12376198899117696, 4.499999999999998224, -30.34378268944368173 ) ) ;
#1216 = CIRCLE ( 'NONE', #4145, 13.50000000000006750 ) ;
#1217 = CIRCLE ( 'NONE', #3807, 1.750000000000001554 ) ;
#1218 = FACE_OUTER_BOUND ( 'NONE', #2830, .T. ) ;
#1219 = ORIENTED_EDGE ( 'NONE', *, *, #1838, .F. ) ;
#1220 = ORIENTED_EDGE ( 'NONE', *, *, #5510, .F. ) ;
#1221 = EDGE_CURVE ( 'NONE', #543, #3544, #4869, .T. ) ;
#1222 = VECTOR ( 'NONE', #1122, 1000.000000000000000 ) ;
#1223 = CIRCLE ( 'NONE', #312, 22.00000000000002132 ) ;
#1224 = VECTOR ( 'NONE', #4304, 1000.000000000000000 ) ;
#1225 = DIRECTION ( 'NONE',  ( 0.3650730802518772355, -0.000000000000000000, 0.9309788644622425391 ) ) ;
#1226 = CARTESIAN_POINT ( 'NONE',  ( -8.934326635256088167, 4.500000000000035527, -142.0000000000000284 ) ) ;
#1227 = CARTESIAN_POINT ( 'NONE',  ( 87.24675365089082391, 5.000000000000000000, -67.46903405249652508 ) ) ;
#1228 = ORIENTED_EDGE ( 'NONE', *, *, #4659, .F. ) ;
#1229 = CARTESIAN_POINT ( 'NONE',  ( -33.70150370491300862, 0.5000000000000213163, -136.2386059369033546 ) ) ;
#1230 = EDGE_LOOP ( 'NONE', ( #5182, #4614, #1515, #5195 ) ) ;
#1231 = CARTESIAN_POINT ( 'NONE',  ( 14.84222989735695819, 0.000000000000000000, -111.1823328852394894 ) ) ;
#1232 = EDGE_LOOP ( 'NONE', ( #3589, #1070, #4099, #6620 ) ) ;
#1233 = EDGE_CURVE ( 'NONE', #82, #6252, #6760, .T. ) ;
#1234 = VECTOR ( 'NONE', #2498, 1000.000000000000114 ) ;
#1235 = CARTESIAN_POINT ( 'NONE',  ( 52.21999999999999176, 0.000000000000000000, -13.69999999999999929 ) ) ;
#1236 = LINE ( 'NONE', #3379, #148 ) ;
#1237 = ORIENTED_EDGE ( 'NONE', *, *, #5451, .T. ) ;
#1238 = DIRECTION ( 'NONE',  ( 0.000000000000000000, 0.000000000000000000, 1.000000000000000000 ) ) ;
#1239 = VERTEX_POINT ( 'NONE', #6499 ) ;
#1240 = FACE_OUTER_BOUND ( 'NONE', #4160, .T. ) ;
#1241 = CARTESIAN_POINT ( 'NONE',  ( -52.21999999999999176, 0.000000000000000000, -13.69999999999999929 ) ) ;
#1242 = CIRCLE ( 'NONE', #330, 1.750000000000010214 ) ;
#1243 = DIRECTION ( 'NONE',  ( 0.000000000000000000, -1.000000000000000000, 0.000000000000000000 ) ) ;
#1244 = CARTESIAN_POINT ( 'NONE',  ( -39.81638296937917687, 0.5000000000000281997, -69.61192258427071522 ) ) ;
#1245 = ORIENTED_EDGE ( 'NONE', *, *, #1432, .F. ) ;
#1246 = EDGE_LOOP ( 'NONE', ( #2633, #5055, #1448, #606, #1931 ) ) ;
#1247 = CARTESIAN_POINT ( 'NONE',  ( -20.85965004500310727, 5.000000000000000000, -49.34034995499673926 ) ) ;
#1248 = CARTESIAN_POINT ( 'NONE',  ( 48.87647513375095798, 4.500000000000038192, -73.84450217278281059 ) ) ;
#1249 = EDGE_CURVE ( 'NONE', #1593, #4565, #5875, .T. ) ;
#1250 = LINE ( 'NONE', #5600, #2564 ) ;
#1251 = ORIENTED_EDGE ( 'NONE', *, *, #5656, .F. ) ;
#1252 = CARTESIAN_POINT ( 'NONE',  ( 53.30004952161289111, 4.500000000000000000, -66.37220781459265595 ) ) ;
#1253 = ORIENTED_EDGE ( 'NONE', *, *, #3341, .T. ) ;
#1254 = CARTESIAN_POINT ( 'NONE',  ( 55.05612653615552432, 0.000000000000000000, -143.0172958171679056 ) ) ;
#1255 = CIRCLE ( 'NONE', #4873, 1.750000000000001554 ) ;
#1256 = CARTESIAN_POINT ( 'NONE',  ( 40.23339156424331264, 0.000000000000000000, -46.27434930604935204 ) ) ;
#1257 = CARTESIAN_POINT ( 'NONE',  ( -45.21007633856536501, 0.5000000000000213163, -132.2533618551885866 ) ) ;
#1258 = CARTESIAN_POINT ( 'NONE',  ( 20.85965004500311082, 0.000000000000000000, -96.60965004500317832 ) ) ;
#1259 = LINE ( 'NONE', #1827, #3453 ) ;
#1260 = VERTEX_POINT ( 'NONE', #615 ) ;
#1261 = CARTESIAN_POINT ( 'NONE',  ( 50.99999999999999289, 5.000000000000000000, -147.2500000000000000 ) ) ;
#1262 = ORIENTED_EDGE ( 'NONE', *, *, #6297, .F. ) ;
#1263 = CARTESIAN_POINT ( 'NONE',  ( -8.673617379884035472E-16, 0.000000000000000000, -13.90587977405051134 ) ) ;
#1264 = DIRECTION ( 'NONE',  ( 0.000000000000000000, -1.000000000000000000, 0.000000000000000000 ) ) ;
#1265 = VERTEX_POINT ( 'NONE', #6541 ) ;
#1266 = CARTESIAN_POINT ( 'NONE',  ( -8.673617379884035472E-16, 0.000000000000000000, -13.90587977405051134 ) ) ;
#1267 = EDGE_CURVE ( 'NONE', #2415, #3616, #3135, .T. ) ;
#1268 = ORIENTED_EDGE ( 'NONE', *, *, #4860, .T. ) ;
#1269 = LINE ( 'NONE', #170, #4734 ) ;
#1270 = FACE_OUTER_BOUND ( 'NONE', #4082, .T. ) ;
#1271 = EDGE_CURVE ( 'NONE', #6942, #6746, #5170, .T. ) ;
#1272 = CIRCLE ( 'NONE', #4536, 5.500000000000005329 ) ;
#1273 = DIRECTION ( 'NONE',  ( 0.000000000000000000, 0.7071067811865402453, 0.7071067811865549002 ) ) ;
#1274 = CARTESIAN_POINT ( 'NONE',  ( -3.575000000000000622, 4.000000000000000000, -126.7885812933448335 ) ) ;
#1275 = VERTEX_POINT ( 'NONE', #1721 ) ;
#1276 = EDGE_CURVE ( 'NONE', #2822, #3142, #4952, .T. ) ;
#1277 = ORIENTED_EDGE ( 'NONE', *, *, #3537, .F. ) ;
#1278 = AXIS2_PLACEMENT_3D ( 'NONE', #3686, #5867, #1429 ) ;
#1279 = DIRECTION ( 'NONE',  ( 0.000000000000000000, 0.000000000000000000, 1.000000000000000000 ) ) ;
#1280 = AXIS2_PLACEMENT_3D ( 'NONE', #6668, #5039, #1225 ) ;
#1281 = LINE ( 'NONE', #5662, #287 ) ;
#1282 = FACE_OUTER_BOUND ( 'NONE', #3191, .T. ) ;
#1283 = ORIENTED_EDGE ( 'NONE', *, *, #2183, .T. ) ;
#1284 = LINE ( 'NONE', #6137, #4191 ) ;
#1285 = ORIENTED_EDGE ( 'NONE', *, *, #4497, .F. ) ;
#1286 = CONICAL_SURFACE ( 'NONE', #3986, 5.500000000000005329, 0.7853981633974457255 ) ;
#1287 = DIRECTION ( 'NONE',  ( 0.3650730802518767359, 0.000000000000000000, -0.9309788644622426501 ) ) ;
#1288 = DIRECTION ( 'NONE',  ( 0.000000000000000000, 0.000000000000000000, -1.000000000000000000 ) ) ;
#1289 = DIRECTION ( 'NONE',  ( 0.000000000000000000, 0.000000000000000000, 1.000000000000000000 ) ) ;
#1290 = DIRECTION ( 'NONE',  ( 0.9060092164371783552, -0.000000000000000000, 0.4232579588512069835 ) ) ;
#1291 = PLANE ( 'NONE',  #3578 ) ;
#1292 = VECTOR ( 'NONE', #6475, 999.9999999999998863 ) ;
#1293 = ADVANCED_FACE ( 'NONE', ( #4265 ), #5520, .F. ) ;
#1294 = ORIENTED_EDGE ( 'NONE', *, *, #1729, .T. ) ;
#1295 = LINE ( 'NONE', #5674, #360 ) ;
#1296 = EDGE_CURVE ( 'NONE', #63, #4046, #479, .T. ) ;
#1297 = ORIENTED_EDGE ( 'NONE', *, *, #6355, .T. ) ;
#1298 = AXIS2_PLACEMENT_3D ( 'NONE', #1396, #5829, #872 ) ;
#1299 = EDGE_CURVE ( 'NONE', #1506, #3649, #4601, .T. ) ;
#1300 = CARTESIAN_POINT ( 'NONE',  ( -1.355202238605933474, 4.499999999999971578, -0.5314275914286046287 ) ) ;
#1301 = CARTESIAN_POINT ( 'NONE',  ( 40.93341837856456067, 0.000000000000000000, -136.0047826897300638 ) ) ;
#1302 = VECTOR ( 'NONE', #1273, 1000.000000000000114 ) ;
#1303 = VERTEX_POINT ( 'NONE', #2706 ) ;
#1304 = DIRECTION ( 'NONE',  ( 0.6406452607602324267, -0.7071067811865555663, -0.2992885728948606605 ) ) ;
#1305 = ORIENTED_EDGE ( 'NONE', *, *, #11, .F. ) ;
#1306 = CYLINDRICAL_SURFACE ( 'NONE', #2807, 1.750000000000001554 ) ;
#1307 = VERTEX_POINT ( 'NONE', #4902 ) ;
#1308 = DIRECTION ( 'NONE',  ( -0.000000000000000000, -1.000000000000000000, -0.000000000000000000 ) ) ;
#1309 = AXIS2_PLACEMENT_3D ( 'NONE', #5826, #5786, #983 ) ;
#1310 = CARTESIAN_POINT ( 'NONE',  ( -39.36337836116062761, 5.000000000000000000, -69.40029360484513177 ) ) ;
#1311 = VERTEX_POINT ( 'NONE', #52 ) ;
#1312 = ADVANCED_FACE ( 'NONE', ( #2212 ), #3358, .F. ) ;
#1313 = AXIS2_PLACEMENT_3D ( 'NONE', #1326, #717, #4465 ) ;
#1314 = EDGE_CURVE ( 'NONE', #2847, #3086, #1586, .T. ) ;
#1315 = FACE_OUTER_BOUND ( 'NONE', #6414, .T. ) ;
#1316 = AXIS2_PLACEMENT_3D ( 'NONE', #1882, #3957, #4523 ) ;
#1317 = LINE ( 'NONE', #1847, #2895 ) ;
#1318 = CARTESIAN_POINT ( 'NONE',  ( 42.59371590680527930, 5.000000000000000000, -28.22749289518764471 ) ) ;
#1319 = CONICAL_SURFACE ( 'NONE', #3008, 10.49999999999995381, 0.7853981633974396193 ) ;
#1320 = VERTEX_POINT ( 'NONE', #4941 ) ;
#1321 = FACE_OUTER_BOUND ( 'NONE', #5990, .T. ) ;
#1322 = ORIENTED_EDGE ( 'NONE', *, *, #1233, .F. ) ;
#1323 = CONICAL_SURFACE ( 'NONE', #5281, 40.50000000000002132, 0.7853981633974275178 ) ;
#1324 = CARTESIAN_POINT ( 'NONE',  ( 35.63231047952908170, 0.5000000000000004441, -18.97595493259147403 ) ) ;
#1325 = AXIS2_PLACEMENT_3D ( 'NONE', #4931, #2803, #3929 ) ;
#1326 = CARTESIAN_POINT ( 'NONE',  ( 20.85965004500319608, 10.00000000000000000, -52.64034995499687852 ) ) ;
#1327 = CARTESIAN_POINT ( 'NONE',  ( 45.21007633856535080, 0.5000000000000004441, -132.2533618551885866 ) ) ;
#1328 = DIRECTION ( 'NONE',  ( 0.000000000000000000, 0.000000000000000000, 1.000000000000000000 ) ) ;
#1329 = VERTEX_POINT ( 'NONE', #6570 ) ;
#1330 = DIRECTION ( 'NONE',  ( 0.000000000000000000, 0.000000000000000000, 1.000000000000000000 ) ) ;
#1331 = ORIENTED_EDGE ( 'NONE', *, *, #5561, .F. ) ;
#1332 = ADVANCED_FACE ( 'NONE', ( #3197 ), #1023, .F. ) ;
#1333 = EDGE_CURVE ( 'NONE', #5726, #5732, #6960, .T. ) ;
#1334 = DIRECTION ( 'NONE',  ( 0.000000000000000000, 0.000000000000000000, 1.000000000000000000 ) ) ;
#1335 = DIRECTION ( 'NONE',  ( -0.000000000000000000, -1.000000000000000000, -0.000000000000000000 ) ) ;
#1336 = EDGE_LOOP ( 'NONE', ( #4271, #6696, #341, #2077 ) ) ;
#1337 = DIRECTION ( 'NONE',  ( 0.000000000000000000, 0.000000000000000000, 1.000000000000000000 ) ) ;
#1338 = ADVANCED_FACE ( 'NONE', ( #513 ), #2120, .T. ) ;
#1339 = ORIENTED_EDGE ( 'NONE', *, *, #321, .T. ) ;
#1340 = CARTESIAN_POINT ( 'NONE',  ( -8.934326635256088167, 5.000000000000000000, -131.5000000000000568 ) ) ;
#1341 = ORIENTED_EDGE ( 'NONE', *, *, #3944, .F. ) ;
#1342 = DIRECTION ( 'NONE',  ( -0.000000000000000000, -1.000000000000000000, -0.000000000000000000 ) ) ;
#1343 = FACE_OUTER_BOUND ( 'NONE', #5801, .T. ) ;
#1344 = ORIENTED_EDGE ( 'NONE', *, *, #4, .T. ) ;
#1345 = AXIS2_PLACEMENT_3D ( 'NONE', #4653, #378, #417 ) ;
#1346 = ADVANCED_FACE ( 'NONE', ( #6997 ), #1613, .F. ) ;
#1347 = DIRECTION ( 'NONE',  ( -0.000000000000000000, -1.000000000000000000, -0.000000000000000000 ) ) ;
#1348 = DIRECTION ( 'NONE',  ( 0.000000000000000000, 1.000000000000000000, 0.000000000000000000 ) ) ;
#1349 = DIRECTION ( 'NONE',  ( 0.7797082821233132233, 0.000000000000000000, -0.6261429507614950651 ) ) ;
#1350 = EDGE_CURVE ( 'NONE', #3080, #2525, #3480, .T. ) ;
#1351 = ORIENTED_EDGE ( 'NONE', *, *, #1666, .T. ) ;
#1352 = DIRECTION ( 'NONE',  ( 0.000000000000000000, -0.7071067811865512365, -0.7071067811865439090 ) ) ;
#1353 = VERTEX_POINT ( 'NONE', #6112 ) ;
#1354 = ADVANCED_FACE ( 'NONE', ( #794 ), #6515, .F. ) ;
#1355 = DIRECTION ( 'NONE',  ( 0.7797082821233132233, 0.000000000000000000, -0.6261429507614950651 ) ) ;
#1356 = LINE ( 'NONE', #5706, #2216 ) ;
#1357 = DIRECTION ( 'NONE',  ( -0.000000000000000000, -1.000000000000000000, -0.000000000000000000 ) ) ;
#1358 = CARTESIAN_POINT ( 'NONE',  ( 50.99999999999999289, 5.000000000000000000, -145.0000000000000284 ) ) ;
#1359 = ORIENTED_EDGE ( 'NONE', *, *, #1702, .F. ) ;
#1360 = DIRECTION ( 'NONE',  ( -0.9060092164371783552, 0.000000000000000000, -0.4232579588512069835 ) ) ;
#1361 = ORIENTED_EDGE ( 'NONE', *, *, #3484, .T. ) ;
#1362 = CONICAL_SURFACE ( 'NONE', #6454, 1.750000000000001554, 0.7853981633974553844 ) ;
#1363 = CARTESIAN_POINT ( 'NONE',  ( -50.99999999999999289, 5.000000000000000000, -145.0000000000000284 ) ) ;
#1364 = CARTESIAN_POINT ( 'NONE',  ( 13.72712661109178711, 4.499999999999975131, -120.1982281444688425 ) ) ;
#1365 = ORIENTED_EDGE ( 'NONE', *, *, #5769, .T. ) ;
#1366 = DIRECTION ( 'NONE',  ( -0.000000000000000000, 1.000000000000000000, -0.000000000000000000 ) ) ;
#1367 = ORIENTED_EDGE ( 'NONE', *, *, #1555, .F. ) ;
#1368 = CARTESIAN_POINT ( 'NONE',  ( 50.99999999999999289, 5.000000000000000000, -145.0000000000000284 ) ) ;
#1369 = CIRCLE ( 'NONE', #4077, 21.50000000000000000 ) ;
#1370 = ORIENTED_EDGE ( 'NONE', *, *, #3185, .T. ) ;
#1371 = CARTESIAN_POINT ( 'NONE',  ( -50.99999999999999289, 0.5000000000000281997, -145.0000000000000284 ) ) ;
#1372 = DIRECTION ( 'NONE',  ( -0.6583014682026125941, 0.7071067811865378028, 0.2581456506747664137 ) ) ;
#1373 = ORIENTED_EDGE ( 'NONE', *, *, #3484, .F. ) ;
#1374 = CARTESIAN_POINT ( 'NONE',  ( -30.32796396106018477, 10.00000000000000000, -101.0901178318729734 ) ) ;
#1375 = CARTESIAN_POINT ( 'NONE',  ( -3.575000000000000622, 0.5000000000000004441, -130.1322264864928684 ) ) ;
#1376 = LINE ( 'NONE', #5740, #528 ) ;
#1377 = CARTESIAN_POINT ( 'NONE',  ( -52.21999999999999176, 0.000000000000000000, -13.69999999999999929 ) ) ;
#1378 = ORIENTED_EDGE ( 'NONE', *, *, #5266, .T. ) ;
#1379 = DIRECTION ( 'NONE',  ( 0.000000000000000000, 0.000000000000000000, 1.000000000000000000 ) ) ;
#1380 = EDGE_LOOP ( 'NONE', ( #3105, #2355, #1732, #6689 ) ) ;
#1381 = EDGE_CURVE ( 'NONE', #5191, #1996, #1259, .T. ) ;
#1382 = CARTESIAN_POINT ( 'NONE',  ( -20.85965004500310727, 0.5000000000000073275, -52.64034995499679326 ) ) ;
#1383 = CARTESIAN_POINT ( 'NONE',  ( -37.79747233864500089, 10.00000000000000000, -23.48284677995476599 ) ) ;
#1384 = DIRECTION ( 'NONE',  ( 0.000000000000000000, 1.000000000000000000, 0.000000000000000000 ) ) ;
#1385 = CARTESIAN_POINT ( 'NONE',  ( -39.10119705689743341, 5.000000000000000000, -77.67776951542751362 ) ) ;
#1386 = EDGE_CURVE ( 'NONE', #5513, #1541, #656, .T. ) ;
#1387 = VERTEX_POINT ( 'NONE', #5044 ) ;
#1388 = CARTESIAN_POINT ( 'NONE',  ( -8.673617379884035472E-16, 10.00000000000000000, -13.90587977405051134 ) ) ;
#1389 = AXIS2_PLACEMENT_3D ( 'NONE', #5260, #4079, #3058 ) ;
#1390 = ORIENTED_EDGE ( 'NONE', *, *, #6553, .T. ) ;
#1391 = EDGE_CURVE ( 'NONE', #5622, #5025, #4014, .T. ) ;
#1392 = EDGE_CURVE ( 'NONE', #1353, #1625, #3786, .T. ) ;
#1393 = DIRECTION ( 'NONE',  ( -0.3650730802518767915, 0.000000000000000000, 0.9309788644622426501 ) ) ;
#1394 = LINE ( 'NONE', #909, #1513 ) ;
#1395 = ORIENTED_EDGE ( 'NONE', *, *, #2301, .F. ) ;
#1396 = CARTESIAN_POINT ( 'NONE',  ( 50.99999999999999289, 0.5000000000000281997, -145.0000000000000284 ) ) ;
#1397 = EDGE_LOOP ( 'NONE', ( #3398, #114, #3140, #6151 ) ) ;
#1398 = DIRECTION ( 'NONE',  ( 0.000000000000000000, -1.000000000000000000, 0.000000000000000000 ) ) ;
#1399 = ORIENTED_EDGE ( 'NONE', *, *, #1233, .T. ) ;
#1400 = CIRCLE ( 'NONE', #2869, 5.499999999999976907 ) ;
#1401 = CIRCLE ( 'NONE', #6495, 5.500000000000005329 ) ;
#1402 = DIRECTION ( 'NONE',  ( -0.000000000000000000, -1.000000000000000000, -0.000000000000000000 ) ) ;
#1403 = EDGE_LOOP ( 'NONE', ( #435, #5584, #3133, #589 ) ) ;
#1404 = DIRECTION ( 'NONE',  ( 0.6583014682025972730, 0.7071067811865465735, 0.2581456506747814017 ) ) ;
#1405 = VECTOR ( 'NONE', #2316, 1000.000000000000000 ) ;
#1406 = CARTESIAN_POINT ( 'NONE',  ( -45.35554439750277567, 0.5000000000000004441, -24.05948337168945628 ) ) ;
#1407 = ORIENTED_EDGE ( 'NONE', *, *, #2635, .T. ) ;
#1408 = CARTESIAN_POINT ( 'NONE',  ( -50.99999999999999289, 10.00000000000000000, -145.0000000000000284 ) ) ;
#1409 = AXIS2_PLACEMENT_3D ( 'NONE', #1149, #3368, #13 ) ;
#1410 = EDGE_CURVE ( 'NONE', #2368, #283, #3372, .T. ) ;
#1411 = DIRECTION ( 'NONE',  ( 0.000000000000000000, 0.000000000000000000, 1.000000000000000000 ) ) ;
#1412 = EDGE_CURVE ( 'NONE', #209, #1428, #1987, .T. ) ;
#1413 = EDGE_CURVE ( 'NONE', #2368, #3030, #6036, .T. ) ;
#1414 = DIRECTION ( 'NONE',  ( 0.000000000000000000, 0.000000000000000000, 1.000000000000000000 ) ) ;
#1415 = DIRECTION ( 'NONE',  ( -0.000000000000000000, 1.000000000000000000, -0.000000000000000000 ) ) ;
#1416 = DIRECTION ( 'NONE',  ( -0.000000000000000000, -1.000000000000000000, -0.000000000000000000 ) ) ;
#1417 = CIRCLE ( 'NONE', #5714, 5.500000000000005329 ) ;
#1418 = ORIENTED_EDGE ( 'NONE', *, *, #6635, .T. ) ;
#1419 = CARTESIAN_POINT ( 'NONE',  ( 4.075000000000001954, 0.000000000000000000, -130.0530342663305703 ) ) ;
#1420 = VECTOR ( 'NONE', #1709, 1000.000000000000114 ) ;
#1421 = VERTEX_POINT ( 'NONE', #4468 ) ;
#1422 = VECTOR ( 'NONE', #470, 1000.000000000000000 ) ;
#1423 = CARTESIAN_POINT ( 'NONE',  ( 20.85965004500319608, 5.000000000000000000, -52.64034995499687852 ) ) ;
#1424 = AXIS2_PLACEMENT_3D ( 'NONE', #2020, #279, #1411 ) ;
#1425 = CARTESIAN_POINT ( 'NONE',  ( 0.000000000000000000, 0.000000000000000000, -73.50000000000000000 ) ) ;
#1426 = ORIENTED_EDGE ( 'NONE', *, *, #5853, .T. ) ;
#1427 = DIRECTION ( 'NONE',  ( 0.000000000000000000, 0.000000000000000000, 1.000000000000000000 ) ) ;
#1428 = VERTEX_POINT ( 'NONE', #120 ) ;
#1429 = DIRECTION ( 'NONE',  ( 0.000000000000000000, 0.000000000000000000, 1.000000000000000000 ) ) ;
#1430 = AXIS2_PLACEMENT_3D ( 'NONE', #6341, #462, #4095 ) ;
#1431 = ORIENTED_EDGE ( 'NONE', *, *, #2129, .T. ) ;
#1432 = EDGE_CURVE ( 'NONE', #3357, #3252, #744, .T. ) ;
#1433 = CIRCLE ( 'NONE', #6400, 0.7500000000000006661 ) ;
#1434 = DIRECTION ( 'NONE',  ( 0.000000000000000000, 0.000000000000000000, -1.000000000000000000 ) ) ;
#1435 = CYLINDRICAL_SURFACE ( 'NONE', #825, 4.999999999999997335 ) ;
#1436 = ORIENTED_EDGE ( 'NONE', *, *, #1115, .F. ) ;
#1437 = DIRECTION ( 'NONE',  ( 0.000000000000000000, 1.000000000000000000, 0.000000000000000000 ) ) ;
#1438 = VERTEX_POINT ( 'NONE', #6740 ) ;
#1439 = DIRECTION ( 'NONE',  ( 8.659560562354884787E-17, -0.7071067811865516806, 0.7071067811865434649 ) ) ;
#1440 = CIRCLE ( 'NONE', #5286, 5.500000000000018652 ) ;
#1441 = EDGE_CURVE ( 'NONE', #6240, #6330, #5606, .T. ) ;
#1442 = EDGE_LOOP ( 'NONE', ( #4502, #952, #3735, #1365 ) ) ;
#1443 = ADVANCED_FACE ( 'NONE', ( #4002 ), #6176, .T. ) ;
#1444 = DIRECTION ( 'NONE',  ( 0.000000000000000000, 1.000000000000000000, 0.000000000000000000 ) ) ;
#1445 = ORIENTED_EDGE ( 'NONE', *, *, #5745, .F. ) ;
#1446 = CARTESIAN_POINT ( 'NONE',  ( -20.85965004500310727, 3.449999999999969535, -52.64034995499679326 ) ) ;
#1447 = DIRECTION ( 'NONE',  ( -0.000000000000000000, -1.000000000000000000, -0.000000000000000000 ) ) ;
#1448 = ORIENTED_EDGE ( 'NONE', *, *, #2019, .F. ) ;
#1449 = FACE_OUTER_BOUND ( 'NONE', #6004, .T. ) ;
#1450 = DIRECTION ( 'NONE',  ( 0.000000000000000000, 0.000000000000000000, 1.000000000000000000 ) ) ;
#1451 = CONICAL_SURFACE ( 'NONE', #1345, 3.299999999999969624, 0.7853981633974463916 ) ;
#1452 = CYLINDRICAL_SURFACE ( 'NONE', #158, 1.750000000000010214 ) ;
#1453 = CARTESIAN_POINT ( 'NONE',  ( 49.99999999999997158, 0.000000000000000000, -125.5535425770391527 ) ) ;
#1454 = CARTESIAN_POINT ( 'NONE',  ( -20.85965004500318898, 3.449999999999969535, -92.60965004500309306 ) ) ;
#1455 = EDGE_LOOP ( 'NONE', ( #2537, #2806, #1188, #2161 ) ) ;
#1456 = CARTESIAN_POINT ( 'NONE',  ( 63.02631157059968103, 5.000000000000000000, -18.74835634682458618 ) ) ;
#1457 = VERTEX_POINT ( 'NONE', #6601 ) ;
#1458 = AXIS2_PLACEMENT_3D ( 'NONE', #6220, #1360, #2947 ) ;
#1459 = EDGE_CURVE ( 'NONE', #2032, #2948, #2890, .T. ) ;
#1460 = CARTESIAN_POINT ( 'NONE',  ( -42.23399868933902468, 4.500000000000032863, -155.9159159497264113 ) ) ;
#1461 = LINE ( 'NONE', #5747, #1200 ) ;
#1462 = ORIENTED_EDGE ( 'NONE', *, *, #4841, .F. ) ;
#1463 = DIRECTION ( 'NONE',  ( 0.000000000000000000, 1.000000000000000000, 0.000000000000000000 ) ) ;
#1464 = ORIENTED_EDGE ( 'NONE', *, *, #725, .T. ) ;
#1465 = DIRECTION ( 'NONE',  ( 0.000000000000000000, 0.7071067811865425767, 0.7071067811865525687 ) ) ;
#1466 = EDGE_LOOP ( 'NONE', ( #3744, #1262, #3298, #5854 ) ) ;
#1467 = CARTESIAN_POINT ( 'NONE',  ( 52.21999999999999176, 1.549999999999981171, -11.94999999999998863 ) ) ;
#1468 = CARTESIAN_POINT ( 'NONE',  ( 34.02649615143337769, 5.000000000000000000, -98.95476634795502946 ) ) ;
#1469 = VERTEX_POINT ( 'NONE', #6672 ) ;
#1470 = DIRECTION ( 'NONE',  ( 0.4232579588512070390, 0.000000000000000000, -0.9060092164371783552 ) ) ;
#1471 = ORIENTED_EDGE ( 'NONE', *, *, #5489, .F. ) ;
#1472 = FACE_OUTER_BOUND ( 'NONE', #108, .T. ) ;
#1473 = ORIENTED_EDGE ( 'NONE', *, *, #4765, .F. ) ;
#1474 = ADVANCED_FACE ( 'NONE', ( #3335 ), #5060, .F. ) ;
#1475 = DIRECTION ( 'NONE',  ( -0.000000000000000000, -1.000000000000000000, -0.000000000000000000 ) ) ;
#1476 = AXIS2_PLACEMENT_3D ( 'NONE', #2577, #2015, #2638 ) ;
#1477 = VERTEX_POINT ( 'NONE', #1229 ) ;
#1478 = DIRECTION ( 'NONE',  ( 0.000000000000000000, 1.000000000000000000, 0.000000000000000000 ) ) ;
#1479 = FACE_OUTER_BOUND ( 'NONE', #4541, .T. ) ;
#1480 = ORIENTED_EDGE ( 'NONE', *, *, #239, .T. ) ;
#1481 = DIRECTION ( 'NONE',  ( 0.000000000000000000, 0.000000000000000000, -1.000000000000000000 ) ) ;
#1482 = EDGE_CURVE ( 'NONE', #920, #1560, #2416, .T. ) ;
#1483 = AXIS2_PLACEMENT_3D ( 'NONE', #1079, #504, #2099 ) ;
#1484 = DIRECTION ( 'NONE',  ( 0.6406452607602329818, 0.7071067811865522357, -0.2992885728948671553 ) ) ;
#1485 = ADVANCED_FACE ( 'NONE', ( #3859 ), #1291, .T. ) ;
#1486 = CARTESIAN_POINT ( 'NONE',  ( 47.57441171636155275, 0.000000000000000000, -148.0204784250530281 ) ) ;
#1487 = CARTESIAN_POINT ( 'NONE',  ( -35.25034087383883730, 0.5000000000000004441, -43.94643053236772801 ) ) ;
#1488 = LINE ( 'NONE', #3572, #6534 ) ;
#1489 = ORIENTED_EDGE ( 'NONE', *, *, #6965, .T. ) ;
#1490 = DIRECTION ( 'NONE',  ( 0.000000000000000000, 0.000000000000000000, 1.000000000000000000 ) ) ;
#1491 = EDGE_LOOP ( 'NONE', ( #3458, #1305, #936, #1887 ) ) ;
#1492 = FACE_OUTER_BOUND ( 'NONE', #6388, .T. ) ;
#1493 = CARTESIAN_POINT ( 'NONE',  ( -42.54707016471977710, 0.000000000000000000, -155.5260618086647639 ) ) ;
#1494 = EDGE_CURVE ( 'NONE', #5025, #5622, #537, .T. ) ;
#1495 = ORIENTED_EDGE ( 'NONE', *, *, #3286, .F. ) ;
#1496 = DIRECTION ( 'NONE',  ( 0.000000000000000000, 0.000000000000000000, 1.000000000000000000 ) ) ;
#1497 = ORIENTED_EDGE ( 'NONE', *, *, #1333, .T. ) ;
#1498 = CARTESIAN_POINT ( 'NONE',  ( -20.85965004500310727, 0.5000000000000073275, -52.64034995499679326 ) ) ;
#1499 = ORIENTED_EDGE ( 'NONE', *, *, #2889, .F. ) ;
#1500 = AXIS2_PLACEMENT_3D ( 'NONE', #2293, #4444, #6123 ) ;
#1501 = CIRCLE ( 'NONE', #5118, 12.42737488156553383 ) ;
#1502 = EDGE_CURVE ( 'NONE', #4416, #6379, #2902, .T. ) ;
#1503 = LINE ( 'NONE', #4794, #6733 ) ;
#1504 = CARTESIAN_POINT ( 'NONE',  ( 8.934326635256089943, 0.000000000000000000, -142.0000000000000284 ) ) ;
#1505 = EDGE_CURVE ( 'NONE', #1864, #4511, #1440, .T. ) ;
#1506 = VERTEX_POINT ( 'NONE', #2593 ) ;
#1507 = DIRECTION ( 'NONE',  ( 0.000000000000000000, 0.000000000000000000, 1.000000000000000000 ) ) ;
#1508 = CONICAL_SURFACE ( 'NONE', #484, 13.50000000000001243, 0.7853981633974431720 ) ;
#1509 = ORIENTED_EDGE ( 'NONE', *, *, #3493, .T. ) ;
#1510 = DIRECTION ( 'NONE',  ( -0.5773502691896245098, 0.5773502691896215122, 0.5773502691896311712 ) ) ;
#1511 = ORIENTED_EDGE ( 'NONE', *, *, #4637, .F. ) ;
#1512 = EDGE_CURVE ( 'NONE', #1904, #5368, #1216, .T. ) ;
#1513 = VECTOR ( 'NONE', #6816, 1000.000000000000000 ) ;
#1514 = CARTESIAN_POINT ( 'NONE',  ( -50.99999999999999289, 0.000000000000000000, -145.0000000000000284 ) ) ;
#1515 = ORIENTED_EDGE ( 'NONE', *, *, #4334, .T. ) ;
#1516 = CARTESIAN_POINT ( 'NONE',  ( -50.99999999999999289, 1.550000000000034017, -146.7500000000000284 ) ) ;
#1517 = CARTESIAN_POINT ( 'NONE',  ( -33.70150370491300862, 0.5000000000000213163, -136.2386059369033546 ) ) ;
#1518 = ORIENTED_EDGE ( 'NONE', *, *, #971, .F. ) ;
#1519 = CONICAL_SURFACE ( 'NONE', #4218, 11.92737488156551784, 0.7853981633974552734 ) ;
#1520 = PLANE ( 'NONE',  #2302 ) ;
#1521 = CIRCLE ( 'NONE', #5126, 5.000000000000000888 ) ;
#1522 = VECTOR ( 'NONE', #3388, 1000.000000000000000 ) ;
#1523 = AXIS2_PLACEMENT_3D ( 'NONE', #1767, #2820, #1238 ) ;
#1524 = EDGE_CURVE ( 'NONE', #337, #2602, #2558, .T. ) ;
#1525 = VECTOR ( 'NONE', #6233, 1000.000000000000114 ) ;
#1526 = CARTESIAN_POINT ( 'NONE',  ( 8.934326635256091720, 0.000000000000000000, -131.4999999999999716 ) ) ;
#1527 = EDGE_CURVE ( 'NONE', #3207, #136, #5671, .T. ) ;
#1528 = CARTESIAN_POINT ( 'NONE',  ( -36.83221845872049727, 0.000000000000000000, -132.3400645262867954 ) ) ;
#1529 = CARTESIAN_POINT ( 'NONE',  ( 33.70150370491303704, 4.499999999999971578, -136.2386059369033546 ) ) ;
#1530 = AXIS2_PLACEMENT_3D ( 'NONE', #3205, #2682, #5477 ) ;
#1531 = ORIENTED_EDGE ( 'NONE', *, *, #4904, .F. ) ;
#1532 = CARTESIAN_POINT ( 'NONE',  ( -14.84222989735698484, 0.000000000000000000, -111.1823328852394894 ) ) ;
#1533 = EDGE_CURVE ( 'NONE', #3488, #5363, #6885, .T. ) ;
#1534 = ORIENTED_EDGE ( 'NONE', *, *, #1494, .T. ) ;
#1535 = ADVANCED_FACE ( 'NONE', ( #334 ), #2487, .T. ) ;
#1536 = DIRECTION ( 'NONE',  ( 8.659560562354897113E-17, 0.7071067811865504593, -0.7071067811865445751 ) ) ;
#1537 = AXIS2_PLACEMENT_3D ( 'NONE', #1226, #3296, #6000 ) ;
#1538 = CARTESIAN_POINT ( 'NONE',  ( 0.000000000000000000, 5.000000000000000000, -73.50000000000000000 ) ) ;
#1539 = DIRECTION ( 'NONE',  ( -0.3905815308492877058, 0.7071067811865360264, 0.5894455596231455985 ) ) ;
#1540 = CONICAL_SURFACE ( 'NONE', #3782, 40.49999999999999289, 0.7853981633974621568 ) ;
#1541 = VERTEX_POINT ( 'NONE', #4643 ) ;
#1542 = CARTESIAN_POINT ( 'NONE',  ( 52.21999999999999176, 0.000000000000000000, -13.69999999999999929 ) ) ;
#1543 = ORIENTED_EDGE ( 'NONE', *, *, #1715, .F. ) ;
#1544 = AXIS2_PLACEMENT_3D ( 'NONE', #1922, #364, #3049 ) ;
#1545 = CARTESIAN_POINT ( 'NONE',  ( 0.000000000000000000, 5.000000000000000000, -73.50000000000000000 ) ) ;
#1546 = DIRECTION ( 'NONE',  ( 0.000000000000000000, 1.000000000000000000, 0.000000000000000000 ) ) ;
#1547 = ORIENTED_EDGE ( 'NONE', *, *, #2240, .T. ) ;
#1548 = DIRECTION ( 'NONE',  ( 0.000000000000000000, 0.000000000000000000, -1.000000000000000000 ) ) ;
#1549 = AXIS2_PLACEMENT_3D ( 'NONE', #4390, #1710, #1039 ) ;
#1550 = EDGE_LOOP ( 'NONE', ( #2860, #5744 ) ) ;
#1551 = CARTESIAN_POINT ( 'NONE',  ( 50.99999999999999289, 4.500000000000038192, -145.0000000000000284 ) ) ;
#1552 = AXIS2_PLACEMENT_3D ( 'NONE', #5030, #5635, #4521 ) ;
#1553 = ORIENTED_EDGE ( 'NONE', *, *, #2331, .F. ) ;
#1554 = DIRECTION ( 'NONE',  ( 0.000000000000000000, 0.7071067811865424657, 0.7071067811865526798 ) ) ;
#1555 = EDGE_CURVE ( 'NONE', #2670, #4800, #4720, .T. ) ;
#1556 = AXIS2_PLACEMENT_3D ( 'NONE', #6147, #5107, #257 ) ;
#1557 = CIRCLE ( 'NONE', #4378, 5.000000000000000888 ) ;
#1558 = ORIENTED_EDGE ( 'NONE', *, *, #467, .F. ) ;
#1559 = DIRECTION ( 'NONE',  ( 1.239088197126289831E-16, 0.000000000000000000, -1.000000000000000000 ) ) ;
#1560 = VERTEX_POINT ( 'NONE', #1385 ) ;
#1561 = DIRECTION ( 'NONE',  ( 0.3650730802518772355, -0.000000000000000000, 0.9309788644622425391 ) ) ;
#1562 = AXIS2_PLACEMENT_3D ( 'NONE', #3299, #4401, #2737 ) ;
#1563 = CIRCLE ( 'NONE', #3700, 3.300000000000053113 ) ;
#1564 = DIRECTION ( 'NONE',  ( 0.000000000000000000, 1.000000000000000000, 0.000000000000000000 ) ) ;
#1565 = DIRECTION ( 'NONE',  ( -0.3067603611951674192, -0.7071067811865381358, 0.6371013112523186139 ) ) ;
#1566 = DIRECTION ( 'NONE',  ( 0.000000000000000000, 1.000000000000000000, 0.000000000000000000 ) ) ;
#1567 = EDGE_CURVE ( 'NONE', #2135, #6489, #438, .T. ) ;
#1568 = EDGE_LOOP ( 'NONE', ( #6571, #5434, #3243, #6666 ) ) ;
#1569 = CARTESIAN_POINT ( 'NONE',  ( 50.99999999999999289, 0.000000000000000000, -141.7000000000000455 ) ) ;
#1570 = ORIENTED_EDGE ( 'NONE', *, *, #6767, .T. ) ;
#1571 = AXIS2_PLACEMENT_3D ( 'NONE', #4244, #1566, #5887 ) ;
#1572 = LINE ( 'NONE', #3718, #5496 ) ;
#1573 = EDGE_CURVE ( 'NONE', #834, #5368, #6350, .T. ) ;
#1574 = CARTESIAN_POINT ( 'NONE',  ( -20.85965004500310727, 0.5000000000000073275, -54.39034995499679326 ) ) ;
#1575 = PRESENTATION_STYLE_ASSIGNMENT (( #569 ) ) ;
#1576 = ORIENTED_EDGE ( 'NONE', *, *, #3943, .F. ) ;
#1577 = DIRECTION ( 'NONE',  ( -0.3650730802518769025, 0.000000000000000000, -0.9309788644622425391 ) ) ;
#1578 = AXIS2_PLACEMENT_3D ( 'NONE', #3301, #2739, #1655 ) ;
#1579 = VERTEX_POINT ( 'NONE', #6810 ) ;
#1580 = EDGE_CURVE ( 'NONE', #3802, #5592, #1997, .T. ) ;
#1581 = DIRECTION ( 'NONE',  ( 1.982541115402055841E-15, 0.000000000000000000, 1.000000000000000000 ) ) ;
#1582 = CARTESIAN_POINT ( 'NONE',  ( 35.25034087383883730, 0.000000000000000000, -49.44643053236769958 ) ) ;
#1583 = CARTESIAN_POINT ( 'NONE',  ( 20.85965004500319608, 3.449999999999969535, -52.64034995499687852 ) ) ;
#1584 = ORIENTED_EDGE ( 'NONE', *, *, #2456, .F. ) ;
#1585 = EDGE_CURVE ( 'NONE', #5033, #2562, #3542, .T. ) ;
#1586 = LINE ( 'NONE', #6003, #83 ) ;
#1587 = VERTEX_POINT ( 'NONE', #5139 ) ;
#1588 = FACE_BOUND ( 'NONE', #871, .T. ) ;
#1589 = EDGE_LOOP ( 'NONE', ( #3593, #3063, #1570, #5625 ) ) ;
#1590 = LINE ( 'NONE', #4376, #85 ) ;
#1591 = ORIENTED_EDGE ( 'NONE', *, *, #5617, .T. ) ;
#1592 = FACE_OUTER_BOUND ( 'NONE', #4434, .T. ) ;
#1593 = VERTEX_POINT ( 'NONE', #4753 ) ;
#1594 = CARTESIAN_POINT ( 'NONE',  ( -3.581155829702413751, 0.4938441702975872594, -126.2332607645668077 ) ) ;
#1595 = AXIS2_PLACEMENT_3D ( 'NONE', #2046, #456, #3035 ) ;
#1596 = LINE ( 'NONE', #430, #4445 ) ;
#1597 = ADVANCED_FACE ( 'NONE', ( #1893 ), #4148, .F. ) ;
#1598 = DIRECTION ( 'NONE',  ( 0.000000000000000000, -1.000000000000000000, 0.000000000000000000 ) ) ;
#1599 = LINE ( 'NONE', #6941, #1016 ) ;
#1600 = VERTEX_POINT ( 'NONE', #367 ) ;
#1601 = CARTESIAN_POINT ( 'NONE',  ( 52.21999999999999176, 0.000000000000000000, -10.39999999999997193 ) ) ;
#1602 = CARTESIAN_POINT ( 'NONE',  ( 52.21999999999999176, 5.000000000000000000, -13.69999999999999929 ) ) ;
#1603 = CYLINDRICAL_SURFACE ( 'NONE', #3903, 10.00000000000000888 ) ;
#1604 = VECTOR ( 'NONE', #763, 1000.000000000000000 ) ;
#1605 = CARTESIAN_POINT ( 'NONE',  ( 3.574999999999999289, 2.500000000000000444, -129.7500000000000000 ) ) ;
#1606 = ORIENTED_EDGE ( 'NONE', *, *, #2047, .F. ) ;
#1607 = DIRECTION ( 'NONE',  ( 0.000000000000000000, 0.000000000000000000, 1.000000000000000000 ) ) ;
#1608 = ORIENTED_EDGE ( 'NONE', *, *, #3375, .F. ) ;
#1609 = CARTESIAN_POINT ( 'NONE',  ( -31.03562620414070494, 5.000000000000000000, -47.48000949045420072 ) ) ;
#1610 = CARTESIAN_POINT ( 'NONE',  ( -8.934326635256088167, 0.5000000000000281997, -132.0000000000000000 ) ) ;
#1611 = DIRECTION ( 'NONE',  ( 0.000000000000000000, 0.000000000000000000, 1.000000000000000000 ) ) ;
#1612 = VERTEX_POINT ( 'NONE', #3019 ) ;
#1613 = PLANE ( 'NONE',  #981 ) ;
#1614 = VERTEX_POINT ( 'NONE', #4681 ) ;
#1615 = DIRECTION ( 'NONE',  ( -0.000000000000000000, 1.000000000000000000, -0.000000000000000000 ) ) ;
#1616 = ORIENTED_EDGE ( 'NONE', *, *, #5788, .F. ) ;
#1617 = EDGE_CURVE ( 'NONE', #990, #5888, #6757, .T. ) ;
#1618 = ADVANCED_FACE ( 'NONE', ( #293 ), #308, .T. ) ;
#1619 = VECTOR ( 'NONE', #1287, 1000.000000000000000 ) ;
#1620 = DIRECTION ( 'NONE',  ( -0.7797082821233130012, 0.000000000000000000, 0.6261429507614951762 ) ) ;
#1621 = DIRECTION ( 'NONE',  ( 0.000000000000000000, 1.000000000000000000, 0.000000000000000000 ) ) ;
#1622 = ORIENTED_EDGE ( 'NONE', *, *, #4884, .F. ) ;
#1623 = CARTESIAN_POINT ( 'NONE',  ( 50.99999999999999289, 0.5000000000000004441, -145.0000000000000284 ) ) ;
#1624 = DIRECTION ( 'NONE',  ( 1.000000000000000000, 0.000000000000000000, 0.000000000000000000 ) ) ;
#1625 = VERTEX_POINT ( 'NONE', #3085 ) ;
#1626 = DIRECTION ( 'NONE',  ( 0.000000000000000000, 0.000000000000000000, -1.000000000000000000 ) ) ;
#1627 = VECTOR ( 'NONE', #3195, 1000.000000000000114 ) ;
#1628 = DIRECTION ( 'NONE',  ( 0.9013783694726589246, 0.000000000000000000, 0.4330323718231822161 ) ) ;
#1629 = CONICAL_SURFACE ( 'NONE', #5931, 11.92737488156552494, 0.7853981633974309595 ) ;
#1630 = DIRECTION ( 'NONE',  ( -0.4232579588512069835, 0.000000000000000000, 0.9060092164371783552 ) ) ;
#1631 = DIRECTION ( 'NONE',  ( -0.000000000000000000, 1.000000000000000000, -0.000000000000000000 ) ) ;
#1632 = VERTEX_POINT ( 'NONE', #4180 ) ;
#1633 = CIRCLE ( 'NONE', #5588, 3.300000000000053113 ) ;
#1634 = CARTESIAN_POINT ( 'NONE',  ( 20.85965004500319608, 5.000000000000000000, -52.64034995499687852 ) ) ;
#1635 = AXIS2_PLACEMENT_3D ( 'NONE', #2296, #3813, #632 ) ;
#1636 = AXIS2_PLACEMENT_3D ( 'NONE', #4531, #1290, #1795 ) ;
#1637 = EDGE_CURVE ( 'NONE', #3037, #1692, #6455, .T. ) ;
#1638 = VECTOR ( 'NONE', #4088, 1000.000000000000000 ) ;
#1639 = EDGE_CURVE ( 'NONE', #5228, #298, #40, .T. ) ;
#1640 = LINE ( 'NONE', #6486, #4248 ) ;
#1641 = VECTOR ( 'NONE', #5658, 1000.000000000000114 ) ;
#1642 = FACE_OUTER_BOUND ( 'NONE', #5176, .T. ) ;
#1643 = ADVANCED_FACE ( 'NONE', ( #2097 ), #6488, .F. ) ;
#1644 = AXIS2_PLACEMENT_3D ( 'NONE', #2351, #4939, #1414 ) ;
#1645 = ORIENTED_EDGE ( 'NONE', *, *, #31, .F. ) ;
#1646 = DIRECTION ( 'NONE',  ( -1.000000000000000000, 0.000000000000000000, 0.000000000000000000 ) ) ;
#1647 = EDGE_LOOP ( 'NONE', ( #561, #286 ) ) ;
#1648 = FACE_OUTER_BOUND ( 'NONE', #197, .T. ) ;
#1649 = CIRCLE ( 'NONE', #5603, 10.00000000000000000 ) ;
#1650 = DIRECTION ( 'NONE',  ( 0.000000000000000000, 0.000000000000000000, -1.000000000000000000 ) ) ;
#1651 = DIRECTION ( 'NONE',  ( -0.3062001265894573887, -0.7071067811865705544, 0.6373707574689693178 ) ) ;
#1652 = VERTEX_POINT ( 'NONE', #4256 ) ;
#1653 = LINE ( 'NONE', #2177, #2798 ) ;
#1654 = VERTEX_POINT ( 'NONE', #1605 ) ;
#1655 = DIRECTION ( 'NONE',  ( -1.239088197126289831E-16, 0.000000000000000000, -1.000000000000000000 ) ) ;
#1656 = CONICAL_SURFACE ( 'NONE', #282, 5.500000000000005329, 0.7853981633974249643 ) ;
#1657 = ORIENTED_EDGE ( 'NONE', *, *, #784, .F. ) ;
#1658 = VECTOR ( 'NONE', #720, 1000.000000000000000 ) ;
#1659 = CONICAL_SURFACE ( 'NONE', #5608, 1.750000000000001554, 0.7853981633974425058 ) ;
#1660 = CIRCLE ( 'NONE', #5615, 5.000000000000004441 ) ;
#1661 = CARTESIAN_POINT ( 'NONE',  ( 48.26263021402390763, 5.000000000000000000, -125.6930891477992560 ) ) ;
#1662 = CARTESIAN_POINT ( 'NONE',  ( 20.85965004500311082, 5.000000000000000000, -91.05965004500319537 ) ) ;
#1663 = ORIENTED_EDGE ( 'NONE', *, *, #2011, .T. ) ;
#1664 = DIRECTION ( 'NONE',  ( 0.000000000000000000, 0.000000000000000000, 1.000000000000000000 ) ) ;
#1665 = AXIS2_PLACEMENT_3D ( 'NONE', #6834, #851, #5661 ) ;
#1666 = EDGE_CURVE ( 'NONE', #1800, #3189, #2621, .T. ) ;
#1667 = ORIENTED_EDGE ( 'NONE', *, *, #239, .F. ) ;
#1668 = DIRECTION ( 'NONE',  ( 0.000000000000000000, 0.000000000000000000, 1.000000000000000000 ) ) ;
#1669 = EDGE_CURVE ( 'NONE', #5513, #5582, #2905, .T. ) ;
#1670 = CIRCLE ( 'NONE', #2107, 10.49999999999995381 ) ;
#1671 = AXIS2_PLACEMENT_3D ( 'NONE', #2306, #111, #3851 ) ;
#1672 = DIRECTION ( 'NONE',  ( 0.000000000000000000, -1.000000000000000000, 0.000000000000000000 ) ) ;
#1673 = LINE ( 'NONE', #1033, #2791 ) ;
#1674 = ORIENTED_EDGE ( 'NONE', *, *, #4773, .T. ) ;
#1675 = EDGE_LOOP ( 'NONE', ( #6360, #5036, #3245, #4638 ) ) ;
#1676 = VECTOR ( 'NONE', #6063, 1000.000000000000114 ) ;
#1677 = VECTOR ( 'NONE', #2, 1000.000000000000114 ) ;
#1678 = DIRECTION ( 'NONE',  ( 0.000000000000000000, -1.000000000000000000, 0.000000000000000000 ) ) ;
#1679 = LINE ( 'NONE', #6025, #4018 ) ;
#1680 = CARTESIAN_POINT ( 'NONE',  ( -3.575000000000000622, 4.000000000000000000, -126.9469657336693729 ) ) ;
#1681 = ADVANCED_FACE ( 'NONE', ( #1077 ), #2133, .F. ) ;
#1682 = VERTEX_POINT ( 'NONE', #3222 ) ;
#1683 = CARTESIAN_POINT ( 'NONE',  ( 45.35554439750277567, 0.5000000000000004441, -24.05948337168945628 ) ) ;
#1684 = VERTEX_POINT ( 'NONE', #4288 ) ;
#1685 = MANIFOLD_SOLID_BREP ( 'Chamfer5', #2874 ) ;
#1686 = EDGE_CURVE ( 'NONE', #3871, #1587, #3188, .T. ) ;
#1687 = FACE_OUTER_BOUND ( 'NONE', #5102, .T. ) ;
#1688 = PLANE ( 'NONE',  #1409 ) ;
#1689 = DIRECTION ( 'NONE',  ( 0.000000000000000000, 1.000000000000000000, 0.000000000000000000 ) ) ;
#1690 = EDGE_LOOP ( 'NONE', ( #6345, #3810, #6838, #362, #1024 ) ) ;
#1691 = CARTESIAN_POINT ( 'NONE',  ( 36.83221845872051148, 5.000000000000000000, -132.3400645262867670 ) ) ;
#1692 = VERTEX_POINT ( 'NONE', #6915 ) ;
#1693 = FACE_BOUND ( 'NONE', #1550, .T. ) ;
#1694 = EDGE_LOOP ( 'NONE', ( #2819, #4965, #2930, #2858 ) ) ;
#1695 = LINE ( 'NONE', #5944, #5730 ) ;
#1696 = CARTESIAN_POINT ( 'NONE',  ( 41.93912515950804476, 5.000000000000000000, -155.0378529641629086 ) ) ;
#1697 = VERTEX_POINT ( 'NONE', #5390 ) ;
#1698 = CARTESIAN_POINT ( 'NONE',  ( -53.30004952161288401, 10.00000000000000000, -66.37220781459282648 ) ) ;
#1699 = ORIENTED_EDGE ( 'NONE', *, *, #5037, .T. ) ;
#1700 = CARTESIAN_POINT ( 'NONE',  ( -52.21999999999999176, 5.000000000000000000, -13.69999999999999929 ) ) ;
#1701 = EDGE_CURVE ( 'NONE', #912, #3904, #1142, .T. ) ;
#1702 = EDGE_CURVE ( 'NONE', #545, #6763, #501, .T. ) ;
#1703 = FACE_OUTER_BOUND ( 'NONE', #5085, .T. ) ;
#1704 = DIRECTION ( 'NONE',  ( -0.5230514384499180824, 0.7071067811865492381, -0.4758331564061810126 ) ) ;
#1705 = ADVANCED_FACE ( 'NONE', ( #4828 ), #3289, .F. ) ;
#1706 = EDGE_LOOP ( 'NONE', ( #178, #5069, #5560, #6096 ) ) ;
#1707 = ORIENTED_EDGE ( 'NONE', *, *, #1102, .T. ) ;
#1708 = EDGE_CURVE ( 'NONE', #1910, #3233, #5166, .T. ) ;
#1709 = DIRECTION ( 'NONE',  ( -0.3650730802518771245, 0.000000000000000000, -0.9309788644622424281 ) ) ;
#1710 = DIRECTION ( 'NONE',  ( 0.000000000000000000, 1.000000000000000000, 0.000000000000000000 ) ) ;
#1711 = CARTESIAN_POINT ( 'NONE',  ( 31.41878208320419219, 4.500000000000000000, -47.15877503971904616 ) ) ;
#1712 = ORIENTED_EDGE ( 'NONE', *, *, #6391, .T. ) ;
#1713 = DIRECTION ( 'NONE',  ( 0.9013783694726589246, 0.000000000000000000, -0.4330323718231822161 ) ) ;
#1714 = VERTEX_POINT ( 'NONE', #472 ) ;
#1715 = EDGE_CURVE ( 'NONE', #4387, #3437, #200, .T. ) ;
#1716 = DIRECTION ( 'NONE',  ( 0.000000000000000000, -1.000000000000000000, 0.000000000000000000 ) ) ;
#1717 = VECTOR ( 'NONE', #1577, 1000.000000000000114 ) ;
#1718 = CARTESIAN_POINT ( 'NONE',  ( -37.79747233864500089, 0.000000000000000000, -23.48284677995476599 ) ) ;
#1719 = DIRECTION ( 'NONE',  ( -0.3062001265894657154, 0.7071067811865444641, -0.6373707574689941868 ) ) ;
#1720 = ORIENTED_EDGE ( 'NONE', *, *, #1185, .T. ) ;
#1721 = CARTESIAN_POINT ( 'NONE',  ( 39.78038695602474206, 0.5000000000000004441, -46.06272032662375437 ) ) ;
#1722 = ORIENTED_EDGE ( 'NONE', *, *, #4504, .F. ) ;
#1723 = CARTESIAN_POINT ( 'NONE',  ( -3.976397751909319211, 0.09860224809068421359, -130.0686513282091994 ) ) ;
#1724 = VERTEX_POINT ( 'NONE', #5495 ) ;
#1725 = ADVANCED_FACE ( 'NONE', ( #1218 ), #3991, .T. ) ;
#1726 = EDGE_CURVE ( 'NONE', #6880, #1600, #1250, .T. ) ;
#1727 = CARTESIAN_POINT ( 'NONE',  ( 15.19575614287104592, 4.500000000000038192, -134.2029171787668815 ) ) ;
#1728 = DIRECTION ( 'NONE',  ( 0.000000000000000000, 0.000000000000000000, 1.000000000000000000 ) ) ;
#1729 = EDGE_CURVE ( 'NONE', #1042, #1910, #6627, .T. ) ;
#1730 = ORIENTED_EDGE ( 'NONE', *, *, #3183, .T. ) ;
#1731 = DIRECTION ( 'NONE',  ( 0.000000000000000000, 0.000000000000000000, 1.000000000000000000 ) ) ;
#1732 = ORIENTED_EDGE ( 'NONE', *, *, #3163, .F. ) ;
#1733 = DIRECTION ( 'NONE',  ( 0.000000000000000000, -1.000000000000000000, 0.000000000000000000 ) ) ;
#1734 = VECTOR ( 'NONE', #6215, 1000.000000000000000 ) ;
#1735 = AXIS2_PLACEMENT_3D ( 'NONE', #1388, #5216, #5711 ) ;
#1736 = CARTESIAN_POINT ( 'NONE',  ( -35.25034087383883730, 0.000000000000000000, -43.94643053236772801 ) ) ;
#1737 = FACE_OUTER_BOUND ( 'NONE', #186, .T. ) ;
#1738 = EDGE_LOOP ( 'NONE', ( #2224, #1933, #4021, #5174 ) ) ;
#1739 = AXIS2_PLACEMENT_3D ( 'NONE', #6679, #5651, #1728 ) ;
#1740 = EDGE_CURVE ( 'NONE', #2017, #4267, #6103, .T. ) ;
#1741 = ORIENTED_EDGE ( 'NONE', *, *, #1919, .T. ) ;
#1742 = VECTOR ( 'NONE', #3726, 1000.000000000000114 ) ;
#1743 = DIRECTION ( 'NONE',  ( -0.000000000000000000, 1.000000000000000000, -0.000000000000000000 ) ) ;
#1744 = DIRECTION ( 'NONE',  ( 0.3062001265894553348, -0.7071067811865752173, 0.6373707574689650990 ) ) ;
#1745 = DIRECTION ( 'NONE',  ( 0.000000000000000000, -1.000000000000000000, -0.000000000000000000 ) ) ;
#1746 = EDGE_CURVE ( 'NONE', #4723, #5700, #144, .T. ) ;
#1747 = EDGE_LOOP ( 'NONE', ( #1495, #2631, #1741, #6892 ) ) ;
#1748 = CARTESIAN_POINT ( 'NONE',  ( -50.99999999999999289, 0.5000000000000281997, -145.0000000000000284 ) ) ;
#1749 = AXIS2_PLACEMENT_3D ( 'NONE', #6938, #1564, #5885 ) ;
#1750 = AXIS2_PLACEMENT_3D ( 'NONE', #4342, #6511, #627 ) ;
#1751 = AXIS2_PLACEMENT_3D ( 'NONE', #3632, #5199, #6902 ) ;
#1752 = ORIENTED_EDGE ( 'NONE', *, *, #3250, .T. ) ;
#1753 = CARTESIAN_POINT ( 'NONE',  ( -35.25034087383883730, 10.00000000000000000, -48.94643053236772801 ) ) ;
#1754 = CIRCLE ( 'NONE', #390, 13.99999999999995737 ) ;
#1755 = LINE ( 'NONE', #6598, #179 ) ;
#1756 = CARTESIAN_POINT ( 'NONE',  ( 50.31776790209864458, 10.00000000000000000, -23.50682018439245624 ) ) ;
#1757 = ORIENTED_EDGE ( 'NONE', *, *, #3537, .T. ) ;
#1758 = DIRECTION ( 'NONE',  ( -0.000000000000000000, -1.000000000000000000, -0.000000000000000000 ) ) ;
#1759 = ORIENTED_EDGE ( 'NONE', *, *, #2388, .F. ) ;
#1760 = PLANE ( 'NONE',  #3066 ) ;
#1761 = ORIENTED_EDGE ( 'NONE', *, *, #4411, .T. ) ;
#1762 = CIRCLE ( 'NONE', #2988, 3.299999999999969624 ) ;
#1763 = AXIS2_PLACEMENT_3D ( 'NONE', #941, #1047, #3725 ) ;
#1764 = DIRECTION ( 'NONE',  ( -0.000000000000000000, -1.000000000000000000, -0.000000000000000000 ) ) ;
#1765 = CARTESIAN_POINT ( 'NONE',  ( -50.99999999999999289, 0.5000000000000213163, -145.0000000000000284 ) ) ;
#1766 = ORIENTED_EDGE ( 'NONE', *, *, #5335, .F. ) ;
#1767 = CARTESIAN_POINT ( 'NONE',  ( -35.25034087383883730, 4.500000000000000000, -43.94643053236772801 ) ) ;
#1768 = CONICAL_SURFACE ( 'NONE', #6850, 40.49999999999999289, 0.7853981633974552734 ) ;
#1769 = ORIENTED_EDGE ( 'NONE', *, *, #5985, .F. ) ;
#1770 = CARTESIAN_POINT ( 'NONE',  ( 52.21999999999999176, 0.000000000000000000, -1.772625118434447922 ) ) ;
#1771 = CARTESIAN_POINT ( 'NONE',  ( 20.85965004500311082, 0.5000000000000073275, -94.35965004500316411 ) ) ;
#1772 = VECTOR ( 'NONE', #3187, 1000.000000000000000 ) ;
#1773 = EDGE_CURVE ( 'NONE', #1692, #496, #876, .T. ) ;
#1774 = VECTOR ( 'NONE', #3186, 1000.000000000000000 ) ;
#1775 = DIRECTION ( 'NONE',  ( -0.000000000000000000, -1.000000000000000000, -0.000000000000000000 ) ) ;
#1776 = DIRECTION ( 'NONE',  ( 0.000000000000000000, 0.000000000000000000, -1.000000000000000000 ) ) ;
#1777 = AXIS2_PLACEMENT_3D ( 'NONE', #2954, #4051, #5018 ) ;
#1778 = EDGE_LOOP ( 'NONE', ( #3749, #6500, #2748, #2379 ) ) ;
#1779 = AXIS2_PLACEMENT_3D ( 'NONE', #3713, #1598, #4346 ) ;
#1780 = EDGE_LOOP ( 'NONE', ( #3009, #4925, #2916, #2590, #5943, #319, #250, #5380, #3216 ) ) ;
#1781 = VECTOR ( 'NONE', #5978, 1000.000000000000227 ) ;
#1782 = CONICAL_SURFACE ( 'NONE', #4106, 1.750000000000001554, 0.7853981633974553844 ) ;
#1783 = DIRECTION ( 'NONE',  ( 0.000000000000000000, 0.000000000000000000, 1.000000000000000000 ) ) ;
#1784 = DIRECTION ( 'NONE',  ( -0.000000000000000000, -1.000000000000000000, -0.000000000000000000 ) ) ;
#1785 = CIRCLE ( 'NONE', #877, 40.49999999999999289 ) ;
#1786 = CARTESIAN_POINT ( 'NONE',  ( -48.26263021402390763, 5.000000000000000000, -125.6930891477992276 ) ) ;
#1787 = VERTEX_POINT ( 'NONE', #645 ) ;
#1788 = CARTESIAN_POINT ( 'NONE',  ( 39.14687990597570888, 5.000000000000000000, -102.4468644065697021 ) ) ;
#1789 = VERTEX_POINT ( 'NONE', #4422 ) ;
#1790 = AXIS2_PLACEMENT_3D ( 'NONE', #5945, #2679, #4336 ) ;
#1791 = EDGE_CURVE ( 'NONE', #3517, #5448, #3394, .T. ) ;
#1792 = DIRECTION ( 'NONE',  ( -4.163336342344333082E-15, 0.000000000000000000, 1.000000000000000000 ) ) ;
#1793 = LINE ( 'NONE', #5137, #2095 ) ;
#1794 = DIRECTION ( 'NONE',  ( -0.000000000000000000, -1.000000000000000000, -0.000000000000000000 ) ) ;
#1795 = DIRECTION ( 'NONE',  ( 0.4232579588512069835, 0.000000000000000000, -0.9060092164371783552 ) ) ;
#1796 = DIRECTION ( 'NONE',  ( 0.000000000000000000, 0.000000000000000000, 1.000000000000000000 ) ) ;
#1797 = ADVANCED_FACE ( 'NONE', ( #4970 ), #5856, .F. ) ;
#1798 = EDGE_LOOP ( 'NONE', ( #3722, #4429, #1087, #4698 ) ) ;
#1799 = DIRECTION ( 'NONE',  ( 0.000000000000000000, -0.9876883405951374373, 0.1564344650402327286 ) ) ;
#1800 = VERTEX_POINT ( 'NONE', #6591 ) ;
#1801 = VECTOR ( 'NONE', #7013, 1000.000000000000114 ) ;
#1802 = ADVANCED_FACE ( 'NONE', ( #1282 ), #765, .F. ) ;
#1803 = PLANE ( 'NONE',  #4121 ) ;
#1804 = DIRECTION ( 'NONE',  ( 0.000000000000000000, 1.000000000000000000, 0.000000000000000000 ) ) ;
#1805 = VERTEX_POINT ( 'NONE', #1711 ) ;
#1806 = LINE ( 'NONE', #732, #6382 ) ;
#1807 = ADVANCED_BREP_SHAPE_REPRESENTATION ( 'pi_top', ( #1685, #2870 ), #4919 ) ;
#1808 = ORIENTED_EDGE ( 'NONE', *, *, #4630, .T. ) ;
#1809 = FACE_OUTER_BOUND ( 'NONE', #4206, .T. ) ;
#1810 = CARTESIAN_POINT ( 'NONE',  ( -42.59371590680527930, 5.000000000000000000, -28.22749289518764471 ) ) ;
#1811 = VECTOR ( 'NONE', #875, 1000.000000000000000 ) ;
#1812 = CARTESIAN_POINT ( 'NONE',  ( 31.03562620414073336, 0.000000000000000000, -47.48000949045417229 ) ) ;
#1813 = DIRECTION ( 'NONE',  ( -0.000000000000000000, -1.000000000000000000, -0.000000000000000000 ) ) ;
#1814 = ORIENTED_EDGE ( 'NONE', *, *, #3170, .F. ) ;
#1815 = ORIENTED_EDGE ( 'NONE', *, *, #4841, .T. ) ;
#1816 = ADVANCED_FACE ( 'NONE', ( #710 ), #4953, .F. ) ;
#1817 = FACE_OUTER_BOUND ( 'NONE', #4831, .T. ) ;
#1818 = LINE ( 'NONE', #2935, #2662 ) ;
#1819 = DIRECTION ( 'NONE',  ( -0.000000000000000000, -1.000000000000000000, -0.000000000000000000 ) ) ;
#1820 = ORIENTED_EDGE ( 'NONE', *, *, #5298, .F. ) ;
#1821 = DIRECTION ( 'NONE',  ( -0.000000000000000000, -1.000000000000000000, -0.000000000000000000 ) ) ;
#1822 = ORIENTED_EDGE ( 'NONE', *, *, #4461, .F. ) ;
#1823 = DIRECTION ( 'NONE',  ( 0.000000000000000000, 1.000000000000000000, 0.000000000000000000 ) ) ;
#1824 = CARTESIAN_POINT ( 'NONE',  ( -20.85965004500318898, 10.00000000000000000, -94.35965004500309306 ) ) ;
#1825 = CARTESIAN_POINT ( 'NONE',  ( 50.99999999999999289, 4.500000000000030198, -145.0000000000000284 ) ) ;
#1826 = DIRECTION ( 'NONE',  ( 0.000000000000000000, 0.000000000000000000, 1.000000000000000000 ) ) ;
#1827 = CARTESIAN_POINT ( 'NONE',  ( 14.84222989735696352, 5.000000000000000000, -111.1823328852395036 ) ) ;
#1828 = ORIENTED_EDGE ( 'NONE', *, *, #177, .T. ) ;
#1829 = DIRECTION ( 'NONE',  ( -0.000000000000000000, 1.000000000000000000, -0.000000000000000000 ) ) ;
#1830 = VERTEX_POINT ( 'NONE', #2376 ) ;
#1831 = DIRECTION ( 'NONE',  ( 0.6583014682025943864, 0.7071067811865566766, -0.2581456506747606960 ) ) ;
#1832 = FACE_OUTER_BOUND ( 'NONE', #464, .T. ) ;
#1833 = EDGE_LOOP ( 'NONE', ( #5750, #2529, #1531, #5430 ) ) ;
#1834 = DIRECTION ( 'NONE',  ( 0.000000000000000000, 1.000000000000000000, 0.000000000000000000 ) ) ;
#1835 = ORIENTED_EDGE ( 'NONE', *, *, #4483, .T. ) ;
#1836 = LINE ( 'NONE', #2396, #6321 ) ;
#1837 = CIRCLE ( 'NONE', #1040, 11.92737488156551784 ) ;
#1838 = EDGE_CURVE ( 'NONE', #6518, #1789, #4492, .T. ) ;
#1839 = EDGE_CURVE ( 'NONE', #496, #3732, #3472, .T. ) ;
#1840 = ORIENTED_EDGE ( 'NONE', *, *, #232, .T. ) ;
#1841 = DIRECTION ( 'NONE',  ( 0.000000000000000000, 0.000000000000000000, 1.000000000000000000 ) ) ;
#1842 = CARTESIAN_POINT ( 'NONE',  ( -52.21999999999999176, 5.000000000000000000, -13.69999999999999929 ) ) ;
#1843 = EDGE_LOOP ( 'NONE', ( #6742, #6449 ) ) ;
#1844 = AXIS2_PLACEMENT_3D ( 'NONE', #4787, #2170, #1713 ) ;
#1845 = CARTESIAN_POINT ( 'NONE',  ( -50.99999999999999289, 0.000000000000000000, -145.0000000000000284 ) ) ;
#1846 = CIRCLE ( 'NONE', #3862, 3.299999999999969624 ) ;
#1847 = CARTESIAN_POINT ( 'NONE',  ( -41.93536681769558783, 0.5000000000000004441, -20.67609968050981450 ) ) ;
#1848 = CARTESIAN_POINT ( 'NONE',  ( -37.79747233864500089, 0.5000000000000004441, -23.48284677995476599 ) ) ;
#1849 = EDGE_CURVE ( 'NONE', #3300, #4084, #1223, .T. ) ;
#1850 = ORIENTED_EDGE ( 'NONE', *, *, #1729, .F. ) ;
#1851 = CARTESIAN_POINT ( 'NONE',  ( 52.21999999999999176, 0.4999999999999726885, -13.69999999999999929 ) ) ;
#1852 = ADVANCED_FACE ( 'NONE', ( #785 ), #1898, .F. ) ;
#1853 = ORIENTED_EDGE ( 'NONE', *, *, #1010, .F. ) ;
#1854 = VECTOR ( 'NONE', #2003, 1000.000000000000000 ) ;
#1855 = EDGE_CURVE ( 'NONE', #808, #5833, #6693, .T. ) ;
#1856 = CARTESIAN_POINT ( 'NONE',  ( 47.05506056541142357, 0.000000000000000000, -2.948922277165287653 ) ) ;
#1857 = DIRECTION ( 'NONE',  ( -1.938360992551176007E-17, -0.9876883405951374373, 0.1564344650402327286 ) ) ;
#1858 = CIRCLE ( 'NONE', #4554, 5.500000000000001776 ) ;
#1859 = ORIENTED_EDGE ( 'NONE', *, *, #1221, .T. ) ;
#1860 = CARTESIAN_POINT ( 'NONE',  ( -20.85965004500318898, 5.000000000000000000, -94.35965004500309306 ) ) ;
#1861 = AXIS2_PLACEMENT_3D ( 'NONE', #2210, #2667, #6497 ) ;
#1862 = ORIENTED_EDGE ( 'NONE', *, *, #6142, .T. ) ;
#1863 = CARTESIAN_POINT ( 'NONE',  ( -1.124479718964764634E-14, 0.5000000000000108802, -52.00000000000001421 ) ) ;
#1864 = VERTEX_POINT ( 'NONE', #6562 ) ;
#1865 = VECTOR ( 'NONE', #3936, 1000.000000000000114 ) ;
#1866 = DIRECTION ( 'NONE',  ( 0.000000000000000000, 1.000000000000000000, 0.000000000000000000 ) ) ;
#1867 = DIRECTION ( 'NONE',  ( 0.000000000000000000, 0.000000000000000000, 1.000000000000000000 ) ) ;
#1868 = ORIENTED_EDGE ( 'NONE', *, *, #4418, .T. ) ;
#1869 = CARTESIAN_POINT ( 'NONE',  ( 39.56668648912854280, 10.00000000000000000, -77.49523297530159027 ) ) ;
#1870 = EDGE_LOOP ( 'NONE', ( #1606, #4067, #3389, #603 ) ) ;
#1871 = DIRECTION ( 'NONE',  ( -0.000000000000000000, -1.000000000000000000, -0.000000000000000000 ) ) ;
#1872 = EDGE_CURVE ( 'NONE', #4971, #1873, #3470, .T. ) ;
#1873 = VERTEX_POINT ( 'NONE', #4172 ) ;
#1874 = DIRECTION ( 'NONE',  ( 0.000000000000000000, -0.7071067811865334729, 0.7071067811865616726 ) ) ;
#1875 = AXIS2_PLACEMENT_3D ( 'NONE', #2626, #3621, #444 ) ;
#1876 = DIRECTION ( 'NONE',  ( 0.000000000000000000, 1.000000000000000000, 0.000000000000000000 ) ) ;
#1877 = VERTEX_POINT ( 'NONE', #5173 ) ;
#1878 = ADVANCED_FACE ( 'NONE', ( #6878 ), #812, .F. ) ;
#1879 = AXIS2_PLACEMENT_3D ( 'NONE', #1190, #5079, #5574 ) ;
#1880 = CARTESIAN_POINT ( 'NONE',  ( 37.79747233864500089, 5.000000000000000000, -17.98284677995476244 ) ) ;
#1881 = CIRCLE ( 'NONE', #3566, 4.999999999999997335 ) ;
#1882 = CARTESIAN_POINT ( 'NONE',  ( -36.83221845872049727, 5.000000000000000000, -132.3400645262867954 ) ) ;
#1883 = DIRECTION ( 'NONE',  ( -0.000000000000000000, 1.000000000000000000, -0.000000000000000000 ) ) ;
#1884 = VECTOR ( 'NONE', #5549, 1000.000000000000000 ) ;
#1885 = ORIENTED_EDGE ( 'NONE', *, *, #6140, .F. ) ;
#1886 = CARTESIAN_POINT ( 'NONE',  ( -52.21999999999999176, 0.5000000000000004441, -13.69999999999999929 ) ) ;
#1887 = ORIENTED_EDGE ( 'NONE', *, *, #1482, .F. ) ;
#1888 = AXIS2_PLACEMENT_3D ( 'NONE', #5808, #5773, #1947 ) ;
#1889 = LINE ( 'NONE', #4040, #3223 ) ;
#1890 = VECTOR ( 'NONE', #935, 1000.000000000000114 ) ;
#1891 = DIRECTION ( 'NONE',  ( -0.000000000000000000, -1.000000000000000000, -0.000000000000000000 ) ) ;
#1892 = CARTESIAN_POINT ( 'NONE',  ( -17.78681119122746423, 10.00000000000000000, -36.55911008587332134 ) ) ;
#1893 = FACE_OUTER_BOUND ( 'NONE', #89, .T. ) ;
#1894 = ORIENTED_EDGE ( 'NONE', *, *, #6813, .T. ) ;
#1895 = CARTESIAN_POINT ( 'NONE',  ( -1.387778780781445676E-14, 10.00000000000000000, -73.50000000000001421 ) ) ;
#1896 = ORIENTED_EDGE ( 'NONE', *, *, #3841, .F. ) ;
#1897 = ADVANCED_FACE ( 'NONE', ( #2024 ), #2936, .F. ) ;
#1898 = CONICAL_SURFACE ( 'NONE', #4034, 5.500000000000005329, 0.7853981633974482790 ) ;
#1899 = VECTOR ( 'NONE', #4766, 999.9999999999998863 ) ;
#1900 = CARTESIAN_POINT ( 'NONE',  ( -3.575000000000000622, 0.000000000000000000, -130.5530342663305419 ) ) ;
#1901 = DIRECTION ( 'NONE',  ( -0.000000000000000000, -1.000000000000000000, -0.000000000000000000 ) ) ;
#1902 = ORIENTED_EDGE ( 'NONE', *, *, #177, .F. ) ;
#1903 = FACE_OUTER_BOUND ( 'NONE', #5488, .T. ) ;
#1904 = VERTEX_POINT ( 'NONE', #2408 ) ;
#1905 = DIRECTION ( 'NONE',  ( -0.000000000000000000, -1.000000000000000000, -0.000000000000000000 ) ) ;
#1906 = AXIS2_PLACEMENT_3D ( 'NONE', #5344, #3151, #6907 ) ;
#1907 = ORIENTED_EDGE ( 'NONE', *, *, #5713, .T. ) ;
#1908 = FACE_OUTER_BOUND ( 'NONE', #6048, .T. ) ;
#1909 = CARTESIAN_POINT ( 'NONE',  ( -52.21999999999999176, 0.5000000000000004441, -1.272625118434464797 ) ) ;
#1910 = VERTEX_POINT ( 'NONE', #3607 ) ;
#1911 = AXIS2_PLACEMENT_3D ( 'NONE', #3902, #4432, #6080 ) ;
#1912 = ADVANCED_FACE ( 'NONE', ( #326 ), #5699, .T. ) ;
#1913 = EDGE_CURVE ( 'NONE', #3055, #1579, #2481, .T. ) ;
#1914 = CARTESIAN_POINT ( 'NONE',  ( 39.36337836116056366, 0.000000000000000000, -69.40029360484511756 ) ) ;
#1915 = DIRECTION ( 'NONE',  ( 0.000000000000000000, 0.000000000000000000, 1.000000000000000000 ) ) ;
#1916 = DIRECTION ( 'NONE',  ( -0.000000000000000000, -1.000000000000000000, -0.000000000000000000 ) ) ;
#1917 = ORIENTED_EDGE ( 'NONE', *, *, #1746, .F. ) ;
#1918 = LINE ( 'NONE', #3078, #5395 ) ;
#1919 = EDGE_CURVE ( 'NONE', #3904, #2986, #6802, .T. ) ;
#1920 = ORIENTED_EDGE ( 'NONE', *, *, #3198, .T. ) ;
#1921 = EDGE_CURVE ( 'NONE', #306, #3252, #6342, .T. ) ;
#1922 = CARTESIAN_POINT ( 'NONE',  ( 0.000000000000000000, 10.00000000000000000, -73.50000000000000000 ) ) ;
#1923 = CYLINDRICAL_SURFACE ( 'NONE', #3220, 1.750000000000001554 ) ;
#1924 = CARTESIAN_POINT ( 'NONE',  ( -50.99999999999999289, 0.000000000000000000, -145.0000000000000284 ) ) ;
#1925 = DIRECTION ( 'NONE',  ( -0.9013783694726589246, 0.000000000000000000, -0.4330323718231822161 ) ) ;
#1926 = EDGE_LOOP ( 'NONE', ( #489, #3717 ) ) ;
#1927 = FACE_OUTER_BOUND ( 'NONE', #2255, .T. ) ;
#1928 = ORIENTED_EDGE ( 'NONE', *, *, #3144, .T. ) ;
#1929 = CARTESIAN_POINT ( 'NONE',  ( -47.05506056541143778, 0.000000000000000000, -2.948922277165319628 ) ) ;
#1930 = DIRECTION ( 'NONE',  ( 0.000000000000000000, 1.000000000000000000, 0.000000000000000000 ) ) ;
#1931 = ORIENTED_EDGE ( 'NONE', *, *, #2587, .F. ) ;
#1932 = LINE ( 'NONE', #4187, #726 ) ;
#1933 = ORIENTED_EDGE ( 'NONE', *, *, #4655, .F. ) ;
#1934 = CARTESIAN_POINT ( 'NONE',  ( 42.23399868933903178, 10.00000000000000000, -155.9159159497264113 ) ) ;
#1935 = ORIENTED_EDGE ( 'NONE', *, *, #5922, .T. ) ;
#1936 = EDGE_CURVE ( 'NONE', #1260, #6594, #4138, .T. ) ;
#1937 = EDGE_CURVE ( 'NONE', #4979, #6629, #1949, .T. ) ;
#1938 = EDGE_CURVE ( 'NONE', #2049, #5823, #395, .T. ) ;
#1939 = DIRECTION ( 'NONE',  ( 0.000000000000000000, 1.000000000000000000, 0.000000000000000000 ) ) ;
#1940 = ORIENTED_EDGE ( 'NONE', *, *, #6747, .T. ) ;
#1941 = FACE_OUTER_BOUND ( 'NONE', #4963, .T. ) ;
#1942 = CARTESIAN_POINT ( 'NONE',  ( -36.83221845872049727, 0.000000000000000000, -132.3400645262867954 ) ) ;
#1943 = ORIENTED_EDGE ( 'NONE', *, *, #3081, .T. ) ;
#1944 = DIRECTION ( 'NONE',  ( 0.000000000000000000, -1.000000000000000000, 0.000000000000000000 ) ) ;
#1945 = CARTESIAN_POINT ( 'NONE',  ( -1.355202238605933474, 0.5000000000000004441, -0.5314275914286046287 ) ) ;
#1946 = CARTESIAN_POINT ( 'NONE',  ( -42.54707016471974157, 5.000000000000000000, -155.5260618086647924 ) ) ;
#1947 = DIRECTION ( 'NONE',  ( 0.000000000000000000, 0.000000000000000000, -1.000000000000000000 ) ) ;
#1948 = ADVANCED_FACE ( 'NONE', ( #4710 ), #2572, .F. ) ;
#1949 = LINE ( 'NONE', #4096, #3806 ) ;
#1950 = ORIENTED_EDGE ( 'NONE', *, *, #5205, .F. ) ;
#1951 = CARTESIAN_POINT ( 'NONE',  ( -8.940694323019435785, 0.4316356320012981751, -130.1213986343292675 ) ) ;
#1952 = ORIENTED_EDGE ( 'NONE', *, *, #6581, .T. ) ;
#1953 = AXIS2_PLACEMENT_3D ( 'NONE', #5427, #3330, #1581 ) ;
#1954 = DIRECTION ( 'NONE',  ( -0.000000000000000000, -1.000000000000000000, -0.000000000000000000 ) ) ;
#1955 = ADVANCED_FACE ( 'NONE', ( #853 ), #249, .T. ) ;
#1956 = CARTESIAN_POINT ( 'NONE',  ( 36.83221845872051148, 0.5000000000000004441, -137.3400645262867670 ) ) ;
#1957 = ORIENTED_EDGE ( 'NONE', *, *, #6725, .F. ) ;
#1958 = DIRECTION ( 'NONE',  ( 0.000000000000000000, 1.000000000000000000, 0.000000000000000000 ) ) ;
#1959 = ORIENTED_EDGE ( 'NONE', *, *, #4599, .T. ) ;
#1960 = DIRECTION ( 'NONE',  ( 0.000000000000000000, 0.000000000000000000, 1.000000000000000000 ) ) ;
#1962 = EDGE_CURVE ( 'NONE', #306, #5025, #2968, .T. ) ;
#1961 = CIRCLE ( 'NONE', #6823, 5.500000000000015099 ) ;
#1963 = ORIENTED_EDGE ( 'NONE', *, *, #967, .F. ) ;
#1964 = CONICAL_SURFACE ( 'NONE', #2863, 13.49999999999992895, 0.7853981633974517207 ) ;
#1965 = DIRECTION ( 'NONE',  ( 0.000000000000000000, 1.000000000000000000, 0.000000000000000000 ) ) ;
#1966 = FACE_OUTER_BOUND ( 'NONE', #5631, .T. ) ;
#1967 = ORIENTED_EDGE ( 'NONE', *, *, #1392, .F. ) ;
#1968 = DIRECTION ( 'NONE',  ( -1.000000000000000000, 0.000000000000000000, -1.239088197126287859E-16 ) ) ;
#1969 = ORIENTED_EDGE ( 'NONE', *, *, #4228, .F. ) ;
#1970 = LINE ( 'NONE', #5723, #1811 ) ;
#1971 = EDGE_LOOP ( 'NONE', ( #6038, #1957, #3022, #4721 ) ) ;
#1972 = AXIS2_PLACEMENT_3D ( 'NONE', #1104, #4851, #4921 ) ;
#1973 = AXIS2_PLACEMENT_3D ( 'NONE', #211, #4551, #1776 ) ;
#1974 = DIRECTION ( 'NONE',  ( -0.000000000000000000, -1.000000000000000000, -0.000000000000000000 ) ) ;
#1975 = ORIENTED_EDGE ( 'NONE', *, *, #4599, .F. ) ;
#1976 = DIRECTION ( 'NONE',  ( 0.000000000000000000, 0.000000000000000000, 1.000000000000000000 ) ) ;
#1977 = CARTESIAN_POINT ( 'NONE',  ( 3.581155829702412419, 0.4938441702975871483, -126.2332607645668077 ) ) ;
#1978 = ORIENTED_EDGE ( 'NONE', *, *, #11, .T. ) ;
#1979 = DIRECTION ( 'NONE',  ( -0.000000000000000000, 1.000000000000000000, -0.000000000000000000 ) ) ;
#1980 = EDGE_CURVE ( 'NONE', #2918, #6252, #1488, .T. ) ;
#1981 = CIRCLE ( 'NONE', #4576, 5.000000000000004441 ) ;
#1982 = DIRECTION ( 'NONE',  ( 0.000000000000000000, 0.000000000000000000, -1.000000000000000000 ) ) ;
#1983 = DIRECTION ( 'NONE',  ( 0.000000000000000000, 0.000000000000000000, 1.000000000000000000 ) ) ;
#1984 = FACE_OUTER_BOUND ( 'NONE', #552, .T. ) ;
#1985 = CARTESIAN_POINT ( 'NONE',  ( 50.99999999999999289, 0.000000000000000000, -148.2999999999999829 ) ) ;
#1986 = VECTOR ( 'NONE', #4569, 1000.000000000000114 ) ;
#1987 = CIRCLE ( 'NONE', #5954, 10.00000000000000888 ) ;
#1988 = ORIENTED_EDGE ( 'NONE', *, *, #6676, .F. ) ;
#1989 = DIRECTION ( 'NONE',  ( 1.387778780781446464E-15, 0.000000000000000000, 1.000000000000000000 ) ) ;
#1990 = CIRCLE ( 'NONE', #3116, 5.500000000000005329 ) ;
#1991 = ORIENTED_EDGE ( 'NONE', *, *, #2388, .T. ) ;
#1992 = CIRCLE ( 'NONE', #5958, 5.000000000000000888 ) ;
#1993 = CARTESIAN_POINT ( 'NONE',  ( 59.56147902922783999, 10.00000000000000000, -74.16929063582588810 ) ) ;
#1994 = AXIS2_PLACEMENT_3D ( 'NONE', #6206, #1347, #2800 ) ;
#1995 = CARTESIAN_POINT ( 'NONE',  ( 41.93536681769559493, 10.00000000000000000, -20.67609968050981095 ) ) ;
#1996 = VERTEX_POINT ( 'NONE', #4062 ) ;
#1997 = LINE ( 'NONE', #3123, #4027 ) ;
#1998 = ORIENTED_EDGE ( 'NONE', *, *, #4026, .T. ) ;
#1999 = DIRECTION ( 'NONE',  ( 0.000000000000000000, -1.000000000000000000, 0.000000000000000000 ) ) ;
#2000 = EDGE_LOOP ( 'NONE', ( #2852, #3154, #3099, #6456 ) ) ;
#2001 = ADVANCED_FACE ( 'NONE', ( #3640 ), #5291, .F. ) ;
#2002 = DIRECTION ( 'NONE',  ( -9.912705577010279204E-16, 0.000000000000000000, 1.000000000000000000 ) ) ;
#2003 = DIRECTION ( 'NONE',  ( 8.659560562354884787E-17, -0.7071067811865516806, 0.7071067811865434649 ) ) ;
#2004 = ADVANCED_FACE ( 'NONE', ( #357 ), #6208, .T. ) ;
#2005 = EDGE_LOOP ( 'NONE', ( #1123, #4624, #4808, #5370 ) ) ;
#2006 = CARTESIAN_POINT ( 'NONE',  ( 39.81638296937916977, 4.500000000000038192, -69.61192258427072943 ) ) ;
#2007 = ORIENTED_EDGE ( 'NONE', *, *, #1064, .F. ) ;
#2008 = FACE_OUTER_BOUND ( 'NONE', #4393, .T. ) ;
#2009 = VECTOR ( 'NONE', #4043, 1000.000000000000227 ) ;
#2010 = ORIENTED_EDGE ( 'NONE', *, *, #288, .T. ) ;
#2011 = EDGE_CURVE ( 'NONE', #5363, #1477, #4672, .T. ) ;
#2012 = ADVANCED_FACE ( 'NONE', ( #1034 ), #3148, .F. ) ;
#2013 = DIRECTION ( 'NONE',  ( 0.000000000000000000, 0.000000000000000000, -1.000000000000000000 ) ) ;
#2014 = ORIENTED_EDGE ( 'NONE', *, *, #2028, .F. ) ;
#2015 = DIRECTION ( 'NONE',  ( -0.000000000000000000, -1.000000000000000000, -0.000000000000000000 ) ) ;
#2016 = DIRECTION ( 'NONE',  ( 0.000000000000000000, 0.000000000000000000, 1.000000000000000000 ) ) ;
#2017 = VERTEX_POINT ( 'NONE', #2162 ) ;
#2018 = DIRECTION ( 'NONE',  ( -1.985891856036717338E-17, -0.9876883405951374373, 0.1564344650402327563 ) ) ;
#2019 = EDGE_CURVE ( 'NONE', #1587, #2835, #3113, .T. ) ;
#2020 = CARTESIAN_POINT ( 'NONE',  ( -48.87647513375095798, 4.500000000000038192, -73.84450217278279638 ) ) ;
#2021 = VECTOR ( 'NONE', #3556, 1000.000000000000000 ) ;
#2022 = CARTESIAN_POINT ( 'NONE',  ( -20.85965004500318898, 3.449999999999969535, -92.60965004500309306 ) ) ;
#2023 = DIRECTION ( 'NONE',  ( 1.387778780781446464E-15, 0.000000000000000000, 1.000000000000000000 ) ) ;
#2024 = FACE_OUTER_BOUND ( 'NONE', #4846, .T. ) ;
#2025 = ORIENTED_EDGE ( 'NONE', *, *, #1637, .F. ) ;
#2026 = LINE ( 'NONE', #4065, #5167 ) ;
#2027 = VERTEX_POINT ( 'NONE', #495 ) ;
#2028 = EDGE_CURVE ( 'NONE', #4673, #1996, #3914, .T. ) ;
#2029 = CARTESIAN_POINT ( 'NONE',  ( -38.68139047374459238, 0.5000000000000213163, -102.6294009466956538 ) ) ;
#2030 = DIRECTION ( 'NONE',  ( -0.000000000000000000, -1.000000000000000000, -0.000000000000000000 ) ) ;
#2031 = DIRECTION ( 'NONE',  ( 1.239088197126289831E-16, 0.000000000000000000, 1.000000000000000000 ) ) ;
#2032 = VERTEX_POINT ( 'NONE', #2054 ) ;
#2033 = LINE ( 'NONE', #4684, #5784 ) ;
#2034 = VERTEX_POINT ( 'NONE', #6980 ) ;
#2035 = DIRECTION ( 'NONE',  ( 0.000000000000000000, 0.000000000000000000, -1.000000000000000000 ) ) ;
#2036 = LINE ( 'NONE', #4185, #6485 ) ;
#2037 = ORIENTED_EDGE ( 'NONE', *, *, #2957, .T. ) ;
#2038 = DIRECTION ( 'NONE',  ( 0.000000000000000000, 1.000000000000000000, 0.000000000000000000 ) ) ;
#2039 = EDGE_CURVE ( 'NONE', #458, #2045, #5531, .T. ) ;
#2040 = ORIENTED_EDGE ( 'NONE', *, *, #4538, .T. ) ;
#2041 = LINE ( 'NONE', #344, #2475 ) ;
#2042 = ORIENTED_EDGE ( 'NONE', *, *, #443, .F. ) ;
#2043 = ADVANCED_FACE ( 'NONE', ( #4282, #5917, #4314, #534, #5315, #4443, #1069, #667, #463, #3742, #3215, #3672, #5283, #432, #2586 ), #1202, .T. ) ;
#2044 = CARTESIAN_POINT ( 'NONE',  ( -33.38843222953224199, 0.000000000000000000, -136.6284600779650020 ) ) ;
#2045 = VERTEX_POINT ( 'NONE', #129 ) ;
#2046 = CARTESIAN_POINT ( 'NONE',  ( -42.59371590680527930, 0.000000000000000000, -28.22749289518764471 ) ) ;
#2047 = EDGE_CURVE ( 'NONE', #4299, #439, #5852, .T. ) ;
#2048 = CARTESIAN_POINT ( 'NONE',  ( 48.26263021402390052, 0.000000000000000000, -125.6930891477992560 ) ) ;
#2049 = VERTEX_POINT ( 'NONE', #6376 ) ;
#2050 = CARTESIAN_POINT ( 'NONE',  ( 34.02649615143337769, 5.000000000000000000, -104.4547663479550295 ) ) ;
#2051 = AXIS2_PLACEMENT_3D ( 'NONE', #4424, #3890, #2346 ) ;
#2052 = DIRECTION ( 'NONE',  ( 1.000000000000000000, -0.000000000000000000, 1.239088197126287859E-16 ) ) ;
#2053 = DIRECTION ( 'NONE',  ( 0.000000000000000000, 1.000000000000000000, 0.000000000000000000 ) ) ;
#2054 = CARTESIAN_POINT ( 'NONE',  ( -20.85965004500318898, 0.000000000000000000, -96.60965004500309306 ) ) ;
#2055 = ORIENTED_EDGE ( 'NONE', *, *, #6632, .T. ) ;
#2056 = DIRECTION ( 'NONE',  ( 0.000000000000000000, 0.000000000000000000, 1.000000000000000000 ) ) ;
#2057 = ORIENTED_EDGE ( 'NONE', *, *, #5771, .T. ) ;
#2058 = DIRECTION ( 'NONE',  ( 0.000000000000000000, 0.000000000000000000, -1.000000000000000000 ) ) ;
#2059 = CARTESIAN_POINT ( 'NONE',  ( -52.21999999999999176, 5.000000000000000000, -13.69999999999999929 ) ) ;
#2060 = SURFACE_STYLE_FILL_AREA ( #7 ) ;
#2061 = EDGE_LOOP ( 'NONE', ( #475, #2713, #3096, #6755 ) ) ;
#2062 = CARTESIAN_POINT ( 'NONE',  ( -52.21999999999999176, 5.000000000000000000, -13.69999999999999929 ) ) ;
#2063 = ORIENTED_EDGE ( 'NONE', *, *, #2157, .F. ) ;
#2064 = AXIS2_PLACEMENT_3D ( 'NONE', #5898, #1046, #5356 ) ;
#2065 = AXIS2_PLACEMENT_3D ( 'NONE', #1252, #6172, #6593 ) ;
#2066 = EDGE_CURVE ( 'NONE', #2318, #6746, #2689, .T. ) ;
#2067 = FACE_OUTER_BOUND ( 'NONE', #6075, .T. ) ;
#2068 = DIRECTION ( 'NONE',  ( 0.000000000000000000, -0.7071067811865474617, 0.7071067811865474617 ) ) ;
#2069 = ORIENTED_EDGE ( 'NONE', *, *, #2392, .F. ) ;
#2070 = CARTESIAN_POINT ( 'NONE',  ( -5.998457155571977673, 0.000000000000000000, -28.43643272821066859 ) ) ;
#2071 = CIRCLE ( 'NONE', #715, 0.5000000000000004441 ) ;
#2072 = ORIENTED_EDGE ( 'NONE', *, *, #5677, .F. ) ;
#2073 = DIRECTION ( 'NONE',  ( -0.3062001265894581659, -0.7071067811865608954, 0.6373707574689796429 ) ) ;
#2074 = ORIENTED_EDGE ( 'NONE', *, *, #1686, .T. ) ;
#2075 = EDGE_CURVE ( 'NONE', #2415, #3864, #2125, .T. ) ;
#2076 = CARTESIAN_POINT ( 'NONE',  ( -52.21999999999999176, 4.499999999999995559, -13.69999999999999929 ) ) ;
#2077 = ORIENTED_EDGE ( 'NONE', *, *, #3255, .F. ) ;
#2078 = DIRECTION ( 'NONE',  ( 0.000000000000000000, 0.000000000000000000, 1.000000000000000000 ) ) ;
#2079 = ORIENTED_EDGE ( 'NONE', *, *, #5114, .T. ) ;
#2080 = VECTOR ( 'NONE', #2686, 1000.000000000000000 ) ;
#2081 = CARTESIAN_POINT ( 'NONE',  ( 0.000000000000000000, 5.000000000000000000, -73.50000000000000000 ) ) ;
#2082 = CIRCLE ( 'NONE', #2978, 5.000000000000004441 ) ;
#2083 = ADVANCED_FACE ( 'NONE', ( #6448 ), #4047, .F. ) ;
#2084 = CARTESIAN_POINT ( 'NONE',  ( 37.79747233864500089, 5.000000000000000000, -23.48284677995476599 ) ) ;
#2085 = FACE_OUTER_BOUND ( 'NONE', #6540, .T. ) ;
#2086 = ADVANCED_FACE ( 'NONE', ( #2615 ), #4776, .F. ) ;
#2087 = FACE_OUTER_BOUND ( 'NONE', #5158, .T. ) ;
#2088 = AXIS2_PLACEMENT_3D ( 'NONE', #2262, #2746, #4408 ) ;
#2089 = EDGE_LOOP ( 'NONE', ( #5684, #1285, #2411, #6508 ) ) ;
#2090 = CARTESIAN_POINT ( 'NONE',  ( -12.45256025281540779, 4.500000000000035527, -132.0000000000000000 ) ) ;
#2091 = AXIS2_PLACEMENT_3D ( 'NONE', #5204, #3111, #1003 ) ;
#2092 = ORIENTED_EDGE ( 'NONE', *, *, #5326, .F. ) ;
#2093 = EDGE_CURVE ( 'NONE', #1477, #3306, #1599, .T. ) ;
#2094 = CARTESIAN_POINT ( 'NONE',  ( 15.19575614287105303, 0.5000000000000281997, -134.2029171787668815 ) ) ;
#2095 = VECTOR ( 'NONE', #2414, 1000.000000000000227 ) ;
#2096 = DIRECTION ( 'NONE',  ( 0.000000000000000000, 0.000000000000000000, 1.000000000000000000 ) ) ;
#2097 = FACE_OUTER_BOUND ( 'NONE', #399, .T. ) ;
#2098 = EDGE_LOOP ( 'NONE', ( #4935, #2037, #2728, #1294, #6510, #4552, #3473, #4719, #533 ) ) ;
#2099 = DIRECTION ( 'NONE',  ( 0.000000000000000000, 0.000000000000000000, -1.000000000000000000 ) ) ;
#2100 = EDGE_LOOP ( 'NONE', ( #5311, #4620, #5507, #2063 ) ) ;
#2101 = AXIS2_PLACEMENT_3D ( 'NONE', #5636, #2833, #4557 ) ;
#2102 = CIRCLE ( 'NONE', #2553, 5.000000000000004441 ) ;
#2103 = CARTESIAN_POINT ( 'NONE',  ( -3.075000000000000622, 2.500000000000000444, -128.5000000000000000 ) ) ;
#2104 = DIRECTION ( 'NONE',  ( 0.000000000000000000, 0.000000000000000000, 1.000000000000000000 ) ) ;
#2105 = ORIENTED_EDGE ( 'NONE', *, *, #742, .F. ) ;
#2106 = CARTESIAN_POINT ( 'NONE',  ( -40.56058202221508679, 4.500000000000000000, -135.6716264930534237 ) ) ;
#2107 = AXIS2_PLACEMENT_3D ( 'NONE', #3316, #4281, #5487 ) ;
#2108 = ORIENTED_EDGE ( 'NONE', *, *, #1936, .T. ) ;
#2109 = LINE ( 'NONE', #4300, #4501 ) ;
#2110 = VECTOR ( 'NONE', #3604, 1000.000000000000114 ) ;
#2111 = ORIENTED_EDGE ( 'NONE', *, *, #3958, .F. ) ;
#2112 = AXIS2_PLACEMENT_3D ( 'NONE', #134, #672, #5559 ) ;
#2113 = CARTESIAN_POINT ( 'NONE',  ( -52.21999999999999176, 0.000000000000000000, -13.69999999999999929 ) ) ;
#2114 = AXIS2_PLACEMENT_3D ( 'NONE', #5701, #6881, #1379 ) ;
#2115 = ORIENTED_EDGE ( 'NONE', *, *, #1702, .T. ) ;
#2116 = CARTESIAN_POINT ( 'NONE',  ( 20.85965004500311082, 5.000000000000000000, -94.35965004500316411 ) ) ;
#2117 = PRODUCT_DEFINITION_CONTEXT ( 'detailed design', #118, 'design' ) ;
#2118 = EDGE_LOOP ( 'NONE', ( #4525, #1322, #2372, #3291 ) ) ;
#2119 = CARTESIAN_POINT ( 'NONE',  ( 50.99999999999999289, 0.000000000000000000, -145.0000000000000284 ) ) ;
#2120 = TOROIDAL_SURFACE ( 'NONE', #4356, 0.7500000000000111022, 0.5000000000000000000 ) ;
#2121 = VECTOR ( 'NONE', #5098, 1000.000000000000000 ) ;
#2122 = AXIS2_PLACEMENT_3D ( 'NONE', #96, #623, #521 ) ;
#2123 = DIRECTION ( 'NONE',  ( 0.000000000000000000, 0.000000000000000000, 1.000000000000000000 ) ) ;
#2124 = DIRECTION ( 'NONE',  ( 0.000000000000000000, 0.000000000000000000, 1.000000000000000000 ) ) ;
#2125 = LINE ( 'NONE', #4203, #102 ) ;
#2126 = ADVANCED_FACE ( 'NONE', ( #2087 ), #4496, .T. ) ;
#2127 = VERTEX_POINT ( 'NONE', #4481 ) ;
#2128 = DIRECTION ( 'NONE',  ( 0.000000000000000000, -1.000000000000000000, 0.000000000000000000 ) ) ;
#2129 = EDGE_CURVE ( 'NONE', #5393, #455, #5626, .T. ) ;
#2130 = VECTOR ( 'NONE', #6092, 1000.000000000000000 ) ;
#2131 = DIRECTION ( 'NONE',  ( 0.000000000000000000, -1.000000000000000000, 0.000000000000000000 ) ) ;
#2132 = CARTESIAN_POINT ( 'NONE',  ( -52.21999999999999176, 0.000000000000000000, -1.772625118434475677 ) ) ;
#2133 = CYLINDRICAL_SURFACE ( 'NONE', #643, 4.999999999999997335 ) ;
#2134 = ADVANCED_FACE ( 'NONE', ( #1240 ), #1306, .F. ) ;
#2135 = VERTEX_POINT ( 'NONE', #2853 ) ;
#2136 = CYLINDRICAL_SURFACE ( 'NONE', #1483, 40.99999999999999289 ) ;
#2137 = VECTOR ( 'NONE', #1439, 1000.000000000000000 ) ;
#2138 = EDGE_CURVE ( 'NONE', #1800, #6629, #3594, .T. ) ;
#2139 = EDGE_LOOP ( 'NONE', ( #985, #2398 ) ) ;
#2140 = DIRECTION ( 'NONE',  ( 0.000000000000000000, 1.000000000000000000, 0.000000000000000000 ) ) ;
#2141 = CARTESIAN_POINT ( 'NONE',  ( -6.646157689490905796, -6.221157689490939724, -129.0676996875098723 ) ) ;
#2142 = DIRECTION ( 'NONE',  ( 0.000000000000000000, 0.000000000000000000, 1.000000000000000000 ) ) ;
#2143 = EDGE_LOOP ( 'NONE', ( #3522, #5894, #4590, #4995 ) ) ;
#2144 = CARTESIAN_POINT ( 'NONE',  ( -3.575000000000000622, 2.500000000000000444, -128.5000000000000000 ) ) ;
#2145 = VERTEX_POINT ( 'NONE', #1340 ) ;
#2146 = CARTESIAN_POINT ( 'NONE',  ( 49.99999999999997158, 0.000000000000000000, -145.0000000000000000 ) ) ;
#2147 = ORIENTED_EDGE ( 'NONE', *, *, #6523, .F. ) ;
#2148 = CARTESIAN_POINT ( 'NONE',  ( 2.905979408420373389, 1.169020591579622570, -130.2381889384557780 ) ) ;
#2149 = CARTESIAN_POINT ( 'NONE',  ( 53.30004952161289111, 0.5000000000000213163, -66.37220781459265595 ) ) ;
#2150 = ORIENTED_EDGE ( 'NONE', *, *, #6586, .T. ) ;
#2151 = DIRECTION ( 'NONE',  ( -0.000000000000000000, -1.000000000000000000, -0.000000000000000000 ) ) ;
#2152 = DIRECTION ( 'NONE',  ( 0.000000000000000000, 0.000000000000000000, 1.000000000000000000 ) ) ;
#2153 = EDGE_LOOP ( 'NONE', ( #1193, #379, #2014, #1418 ) ) ;
#2154 = DIRECTION ( 'NONE',  ( -0.6583014682025805087, -0.7071067811865721087, 0.2581456506747540902 ) ) ;
#2155 = EDGE_CURVE ( 'NONE', #1457, #1307, #5752, .T. ) ;
#2156 = EDGE_CURVE ( 'NONE', #3808, #1614, #3383, .T. ) ;
#2157 = EDGE_CURVE ( 'NONE', #5616, #6089, #6791, .T. ) ;
#2158 = ADVANCED_FACE ( 'NONE', ( #206 ), #5413, .F. ) ;
#2159 = LINE ( 'NONE', #5445, #1178 ) ;
#2160 = CARTESIAN_POINT ( 'NONE',  ( -50.99999999999999289, 4.499999999999989342, -145.0000000000000284 ) ) ;
#2161 = ORIENTED_EDGE ( 'NONE', *, *, #6586, .F. ) ;
#2162 = CARTESIAN_POINT ( 'NONE',  ( 8.934326635256089943, 4.500000000000035527, -132.0000000000000000 ) ) ;
#2163 = ORIENTED_EDGE ( 'NONE', *, *, #4589, .T. ) ;
#2164 = DIRECTION ( 'NONE',  ( 0.000000000000000000, 0.000000000000000000, 1.000000000000000000 ) ) ;
#2165 = EDGE_CURVE ( 'NONE', #6165, #3488, #5555, .T. ) ;
#2166 = CARTESIAN_POINT ( 'NONE',  ( 4.075000000000001954, 0.000000000000000000, -145.0000000000000000 ) ) ;
#2167 = DIRECTION ( 'NONE',  ( -0.000000000000000000, -1.000000000000000000, -0.000000000000000000 ) ) ;
#2168 = AXIS2_PLACEMENT_3D ( 'NONE', #1542, #6812, #937 ) ;
#2169 = ORIENTED_EDGE ( 'NONE', *, *, #5299, .T. ) ;
#2170 = DIRECTION ( 'NONE',  ( 0.4330323718231822716, -0.000000000000000000, 0.9013783694726590356 ) ) ;
#2171 = ORIENTED_EDGE ( 'NONE', *, *, #3064, .T. ) ;
#2172 = ADVANCED_FACE ( 'NONE', ( #4016 ), #1009, .F. ) ;
#2173 = CARTESIAN_POINT ( 'NONE',  ( 50.99999999999999289, 0.000000000000000000, -145.0000000000000284 ) ) ;
#2174 = DIRECTION ( 'NONE',  ( 0.000000000000000000, 1.000000000000000000, 0.000000000000000000 ) ) ;
#2175 = CARTESIAN_POINT ( 'NONE',  ( -42.23399868933900336, 4.500000000000038192, -155.9159159497264397 ) ) ;
#2176 = ORIENTED_EDGE ( 'NONE', *, *, #1413, .T. ) ;
#2177 = CARTESIAN_POINT ( 'NONE',  ( 20.85965004500311082, 10.00000000000000000, -92.60965004500316411 ) ) ;
#2178 = EDGE_CURVE ( 'NONE', #6279, #4955, #5184, .T. ) ;
#2179 = ORIENTED_EDGE ( 'NONE', *, *, #1482, .T. ) ;
#2180 = CARTESIAN_POINT ( 'NONE',  ( -31.41878208320419219, 0.5000000000000004441, -47.15877503971905327 ) ) ;
#2181 = CONICAL_SURFACE ( 'NONE', #3976, 11.92737488156551073, 0.7853981633974639331 ) ;
#2182 = VERTEX_POINT ( 'NONE', #2428 ) ;
#2183 = EDGE_CURVE ( 'NONE', #455, #5052, #3950, .T. ) ;
#2184 = AXIS2_PLACEMENT_3D ( 'NONE', #6597, #6698, #756 ) ;
#2185 = DIRECTION ( 'NONE',  ( -0.3650730802518769025, 0.000000000000000000, -0.9309788644622425391 ) ) ;
#2186 = PLANE ( 'NONE',  #2122 ) ;
#2187 = VERTEX_POINT ( 'NONE', #3455 ) ;
#2188 = CYLINDRICAL_SURFACE ( 'NONE', #6616, 5.000000000000004441 ) ;
#2189 = ORIENTED_EDGE ( 'NONE', *, *, #5909, .T. ) ;
#2190 = CARTESIAN_POINT ( 'NONE',  ( 52.21999999999999176, 0.000000000000000000, -1.772625118434447922 ) ) ;
#2191 = EDGE_CURVE ( 'NONE', #3591, #6056, #2892, .T. ) ;
#2192 = LINE ( 'NONE', #3354, #5934 ) ;
#2193 = CIRCLE ( 'NONE', #721, 10.49999999999995381 ) ;
#2194 = CARTESIAN_POINT ( 'NONE',  ( -4.330323718231824159, 4.500000000000038192, -22.91966346877709881 ) ) ;
#2195 = ADVANCED_FACE ( 'NONE', ( #1809 ), #4584, .F. ) ;
#2196 = ORIENTED_EDGE ( 'NONE', *, *, #507, .T. ) ;
#2197 = VECTOR ( 'NONE', #3060, 999.9999999999998863 ) ;
#2198 = LINE ( 'NONE', #2090, #78 ) ;
#2199 = CIRCLE ( 'NONE', #5482, 5.500000000000005329 ) ;
#2200 = DIRECTION ( 'NONE',  ( 0.000000000000000000, 0.000000000000000000, 1.000000000000000000 ) ) ;
#2201 = CIRCLE ( 'NONE', #56, 14.00000000000006750 ) ;
#2202 = CARTESIAN_POINT ( 'NONE',  ( 63.43493631631572072, 0.000000000000000000, -139.7316380949010011 ) ) ;
#2203 = DIRECTION ( 'NONE',  ( -0.000000000000000000, -1.000000000000000000, -0.000000000000000000 ) ) ;
#2204 = ORIENTED_EDGE ( 'NONE', *, *, #5948, .F. ) ;
#2205 = CARTESIAN_POINT ( 'NONE',  ( -45.21007633856537211, 0.5000000000000210942, -132.2533618551885866 ) ) ;
#2206 = ORIENTED_EDGE ( 'NONE', *, *, #1276, .F. ) ;
#2207 = CARTESIAN_POINT ( 'NONE',  ( 52.21999999999999176, 0.5000000000000004441, -13.69999999999999929 ) ) ;
#2208 = AXIS2_PLACEMENT_3D ( 'NONE', #2359, #1866, #1334 ) ;
#2209 = FACE_OUTER_BOUND ( 'NONE', #1028, .T. ) ;
#2210 = CARTESIAN_POINT ( 'NONE',  ( -37.79747233864500089, 5.000000000000000000, -23.48284677995476599 ) ) ;
#2211 = EDGE_LOOP ( 'NONE', ( #2701, #6352 ) ) ;
#2212 = FACE_OUTER_BOUND ( 'NONE', #1246, .T. ) ;
#2213 = ORIENTED_EDGE ( 'NONE', *, *, #346, .T. ) ;
#2214 = CARTESIAN_POINT ( 'NONE',  ( -29.95811074202286051, 5.000000000000000000, -100.7536529802647607 ) ) ;
#2215 = EDGE_CURVE ( 'NONE', #2786, #928, #1836, .T. ) ;
#2216 = VECTOR ( 'NONE', #1857, 1000.000000000000000 ) ;
#2217 = ORIENTED_EDGE ( 'NONE', *, *, #4538, .F. ) ;
#2218 = AXIS2_PLACEMENT_3D ( 'NONE', #4503, #6181, #1328 ) ;
#2219 = VECTOR ( 'NONE', #716, 1000.000000000000114 ) ;
#2220 = EDGE_CURVE ( 'NONE', #5274, #4296, #1269, .T. ) ;
#2221 = AXIS2_PLACEMENT_3D ( 'NONE', #110, #4858, #5423 ) ;
#2222 = DIRECTION ( 'NONE',  ( 0.000000000000000000, -1.000000000000000000, 0.000000000000000000 ) ) ;
#2223 = CARTESIAN_POINT ( 'NONE',  ( 17.57425646220330862, 5.000000000000000000, -27.09654247888019540 ) ) ;
#2224 = ORIENTED_EDGE ( 'NONE', *, *, #427, .T. ) ;
#2225 = FACE_OUTER_BOUND ( 'NONE', #5680, .T. ) ;
#2226 = VECTOR ( 'NONE', #5738, 1000.000000000000000 ) ;
#2227 = CARTESIAN_POINT ( 'NONE',  ( 29.95811074202286051, 0.000000000000000000, -100.7536529802647607 ) ) ;
#2228 = ORIENTED_EDGE ( 'NONE', *, *, #6956, .F. ) ;
#2229 = DIRECTION ( 'NONE',  ( 0.9013783694726589246, 0.000000000000000000, 0.4330323718231822161 ) ) ;
#2230 = EDGE_CURVE ( 'NONE', #3993, #3490, #5120, .T. ) ;
#2231 = AXIS2_PLACEMENT_3D ( 'NONE', #1528, #3571, #5282 ) ;
#2232 = AXIS2_PLACEMENT_3D ( 'NONE', #5214, #403, #1925 ) ;
#2233 = AXIS2_PLACEMENT_3D ( 'NONE', #397, #4174, #895 ) ;
#2234 = LINE ( 'NONE', #4311, #836 ) ;
#2235 = DIRECTION ( 'NONE',  ( 0.3062001265894727098, 0.7071067811865379138, 0.6373707574689981836 ) ) ;
#2236 = EDGE_LOOP ( 'NONE', ( #858, #5703, #1769, #4011 ) ) ;
#2237 = ORIENTED_EDGE ( 'NONE', *, *, #446, .T. ) ;
#2238 = AXIS2_PLACEMENT_3D ( 'NONE', #5207, #5132, #5809 ) ;
#2239 = VECTOR ( 'NONE', #1554, 999.9999999999998863 ) ;
#2240 = EDGE_CURVE ( 'NONE', #3037, #2127, #4613, .T. ) ;
#2241 = PLANE ( 'NONE',  #5715 ) ;
#2242 = DIRECTION ( 'NONE',  ( 0.7797082821233127792, 0.000000000000000000, 0.6261429507614952872 ) ) ;
#2243 = DIRECTION ( 'NONE',  ( -0.000000000000000000, -1.000000000000000000, -0.000000000000000000 ) ) ;
#2244 = ORIENTED_EDGE ( 'NONE', *, *, #6052, .F. ) ;
#2245 = DIRECTION ( 'NONE',  ( 0.000000000000000000, 0.000000000000000000, -1.000000000000000000 ) ) ;
#2246 = EDGE_CURVE ( 'NONE', #920, #1684, #270, .T. ) ;
#2247 = ORIENTED_EDGE ( 'NONE', *, *, #314, .F. ) ;
#2248 = ADVANCED_FACE ( 'NONE', ( #5793 ), #1451, .F. ) ;
#2249 = PLANE ( 'NONE',  #2402 ) ;
#2250 = CARTESIAN_POINT ( 'NONE',  ( -39.78038695602474206, 4.500000000000000000, -46.06272032662376859 ) ) ;
#2251 = CARTESIAN_POINT ( 'NONE',  ( 63.56821467024037275, 5.000000000000000000, -140.0715134165996290 ) ) ;
#2252 = AXIS2_PLACEMENT_3D ( 'NONE', #281, #2510, #4603 ) ;
#2253 = ORIENTED_EDGE ( 'NONE', *, *, #1913, .F. ) ;
#2254 = DIRECTION ( 'NONE',  ( 0.000000000000000000, 0.000000000000000000, 1.000000000000000000 ) ) ;
#2255 = EDGE_LOOP ( 'NONE', ( #5045, #3792, #1959, #21 ) ) ;
#2256 = DIRECTION ( 'NONE',  ( 0.000000000000000000, -1.000000000000000000, 0.000000000000000000 ) ) ;
#2257 = EDGE_LOOP ( 'NONE', ( #6290, #5263, #1558, #5304 ) ) ;
#2258 = DIRECTION ( 'NONE',  ( 0.000000000000000000, 0.000000000000000000, -1.000000000000000000 ) ) ;
#2259 = CARTESIAN_POINT ( 'NONE',  ( 17.78681119122746423, 0.5000000000000004441, -36.55911008587332134 ) ) ;
#2260 = ADVANCED_FACE ( 'NONE', ( #1472 ), #213, .T. ) ;
#2261 = VERTEX_POINT ( 'NONE', #2603 ) ;
#2262 = CARTESIAN_POINT ( 'NONE',  ( 20.85965004500319608, 0.5000000000000073275, -52.64034995499687852 ) ) ;
#2263 = VERTEX_POINT ( 'NONE', #482 ) ;
#2264 = FACE_OUTER_BOUND ( 'NONE', #6293, .T. ) ;
#2265 = EDGE_CURVE ( 'NONE', #3649, #1095, #6258, .T. ) ;
#2266 = ADVANCED_FACE ( 'NONE', ( #913 ), #2358, .F. ) ;
#2267 = LINE ( 'NONE', #3740, #5357 ) ;
#2268 = DIRECTION ( 'NONE',  ( 0.6406452607602484139, -0.7071067811865475727, 0.2992885728948455060 ) ) ;
#2269 = ORIENTED_EDGE ( 'NONE', *, *, #4704, .T. ) ;
#2270 = ORIENTED_EDGE ( 'NONE', *, *, #264, .F. ) ;
#2271 = DIRECTION ( 'NONE',  ( 0.000000000000000000, 0.000000000000000000, 1.000000000000000000 ) ) ;
#2272 = CARTESIAN_POINT ( 'NONE',  ( -37.79747233864500089, 5.000000000000000000, -23.48284677995476599 ) ) ;
#2273 = DIRECTION ( 'NONE',  ( 0.000000000000000000, 0.000000000000000000, -1.000000000000000000 ) ) ;
#2274 = ORIENTED_EDGE ( 'NONE', *, *, #3547, .T. ) ;
#2275 = DIRECTION ( 'NONE',  ( 0.000000000000000000, 1.000000000000000000, 0.000000000000000000 ) ) ;
#2276 = ORIENTED_EDGE ( 'NONE', *, *, #6142, .F. ) ;
#2277 = DIRECTION ( 'NONE',  ( 0.000000000000000000, 0.000000000000000000, -1.000000000000000000 ) ) ;
#2278 = VECTOR ( 'NONE', #440, 1000.000000000000114 ) ;
#2279 = CARTESIAN_POINT ( 'NONE',  ( 8.934326635256089943, 0.000000000000000000, -142.0000000000000284 ) ) ;
#2280 = DIRECTION ( 'NONE',  ( 0.000000000000000000, 0.000000000000000000, 1.000000000000000000 ) ) ;
#2281 = ORIENTED_EDGE ( 'NONE', *, *, #1221, .F. ) ;
#2282 = CARTESIAN_POINT ( 'NONE',  ( -19.95593450723081475, 5.000000000000000000, -32.05412351097982793 ) ) ;
#2283 = ORIENTED_EDGE ( 'NONE', *, *, #314, .T. ) ;
#2284 = DIRECTION ( 'NONE',  ( -0.000000000000000000, -1.000000000000000000, -0.000000000000000000 ) ) ;
#2285 = EDGE_LOOP ( 'NONE', ( #368, #503, #6961, #3454 ) ) ;
#2286 = EDGE_CURVE ( 'NONE', #928, #2758, #3029, .T. ) ;
#2287 = DIRECTION ( 'NONE',  ( 0.000000000000000000, 0.000000000000000000, 1.000000000000000000 ) ) ;
#2288 = CARTESIAN_POINT ( 'NONE',  ( 36.83221845872051148, 10.00000000000000000, -132.3400645262867670 ) ) ;
#2289 = ORIENTED_EDGE ( 'NONE', *, *, #1314, .T. ) ;
#2290 = FACE_OUTER_BOUND ( 'NONE', #2005, .T. ) ;
#2291 = ORIENTED_EDGE ( 'NONE', *, *, #5771, .F. ) ;
#2292 = DIRECTION ( 'NONE',  ( 0.000000000000000000, -1.000000000000000000, 0.000000000000000000 ) ) ;
#2293 = CARTESIAN_POINT ( 'NONE',  ( -3.575000000000001066, 15.00612312536679305, -125.0000000000000000 ) ) ;
#2294 = EDGE_CURVE ( 'NONE', #3327, #1132, #6329, .T. ) ;
#2295 = CIRCLE ( 'NONE', #2064, 5.000000000000000888 ) ;
#2296 = CARTESIAN_POINT ( 'NONE',  ( -8.673617379884035472E-16, 5.000000000000000000, -13.90587977405051134 ) ) ;
#2297 = DIRECTION ( 'NONE',  ( 0.000000000000000000, 0.000000000000000000, 1.000000000000000000 ) ) ;
#2298 = ORIENTED_EDGE ( 'NONE', *, *, #5536, .T. ) ;
#2299 = TOROIDAL_SURFACE ( 'NONE', #6152, 0.7500000000000111022, 0.5000000000000000000 ) ;
#2300 = EDGE_LOOP ( 'NONE', ( #2618, #1114, #2943, #846 ) ) ;
#2301 = EDGE_CURVE ( 'NONE', #6326, #1260, #6097, .T. ) ;
#2302 = AXIS2_PLACEMENT_3D ( 'NONE', #2749, #3738, #2716 ) ;
#2303 = EDGE_CURVE ( 'NONE', #1421, #220, #4732, .T. ) ;
#2304 = LINE ( 'NONE', #6624, #6409 ) ;
#2305 = CARTESIAN_POINT ( 'NONE',  ( -41.72829114369621095, 0.000000000000000000, -109.0297636473053586 ) ) ;
#2306 = CARTESIAN_POINT ( 'NONE',  ( 12.27825675560704966, 0.000000000000000000, -127.3776317500208108 ) ) ;
#2307 = EDGE_LOOP ( 'NONE', ( #6882, #1808, #5959, #4382, #5753, #4128, #4226, #1407, #6136 ) ) ;
#2308 = DIRECTION ( 'NONE',  ( 0.000000000000000000, 0.000000000000000000, 1.000000000000000000 ) ) ;
#2309 = CIRCLE ( 'NONE', #3774, 40.49999999999998579 ) ;
#2310 = ORIENTED_EDGE ( 'NONE', *, *, #446, .F. ) ;
#2311 = ADVANCED_FACE ( 'NONE', ( #6924 ), #3137, .T. ) ;
#2312 = AXIS2_PLACEMENT_3D ( 'NONE', #5589, #6652, #6232 ) ;
#2313 = CARTESIAN_POINT ( 'NONE',  ( 20.85965004500311082, 10.00000000000000000, -96.10965004500317832 ) ) ;
#2314 = CYLINDRICAL_SURFACE ( 'NONE', #1313, 1.750000000000001554 ) ;
#2315 = DIRECTION ( 'NONE',  ( -0.000000000000000000, 1.000000000000000000, -0.000000000000000000 ) ) ;
#2316 = DIRECTION ( 'NONE',  ( 0.000000000000000000, 1.000000000000000000, 0.000000000000000000 ) ) ;
#2317 = DIRECTION ( 'NONE',  ( -0.3062001265894768176, 0.7071067811865241470, 0.6373707574690115063 ) ) ;
#2318 = VERTEX_POINT ( 'NONE', #1025 ) ;
#2319 = DIRECTION ( 'NONE',  ( 0.000000000000000000, 1.000000000000000000, 0.000000000000000000 ) ) ;
#2320 = EDGE_LOOP ( 'NONE', ( #3345, #4533, #4480, #6579 ) ) ;
#2321 = VECTOR ( 'NONE', #5650, 1000.000000000000000 ) ;
#2322 = DIRECTION ( 'NONE',  ( 0.000000000000000000, 0.000000000000000000, -1.000000000000000000 ) ) ;
#2323 = FACE_OUTER_BOUND ( 'NONE', #5538, .T. ) ;
#2324 = ORIENTED_EDGE ( 'NONE', *, *, #1913, .T. ) ;
#2325 = CARTESIAN_POINT ( 'NONE',  ( -36.83221845872049727, 0.5000000000000213163, -137.3400645262867954 ) ) ;
#2326 = AXIS2_PLACEMENT_3D ( 'NONE', #2771, #2174, #4325 ) ;
#2327 = EDGE_LOOP ( 'NONE', ( #3860, #3317, #6655, #5544 ) ) ;
#2328 = DIRECTION ( 'NONE',  ( 0.000000000000000000, 0.000000000000000000, 1.000000000000000000 ) ) ;
#2329 = DIRECTION ( 'NONE',  ( 0.000000000000000000, 0.000000000000000000, -1.000000000000000000 ) ) ;
#2330 = VECTOR ( 'NONE', #5449, 1000.000000000000000 ) ;
#2331 = EDGE_CURVE ( 'NONE', #5700, #517, #2041, .T. ) ;
#2332 = VECTOR ( 'NONE', #2656, 1000.000000000000114 ) ;
#2333 = VECTOR ( 'NONE', #4375, 1000.000000000000000 ) ;
#2334 = PRODUCT_RELATED_PRODUCT_CATEGORY ( 'part', '', ( #5115 ) ) ;
#2335 = CARTESIAN_POINT ( 'NONE',  ( 49.99999999999997158, 0.000000000000000000, -131.4999999999999716 ) ) ;
#2336 = DIRECTION ( 'NONE',  ( 0.9013783694726589246, 0.000000000000000000, 0.4330323718231822161 ) ) ;
#2337 = ORIENTED_EDGE ( 'NONE', *, *, #338, .T. ) ;
#2338 = AXIS2_PLACEMENT_3D ( 'NONE', #1248, #1415, #394 ) ;
#2339 = EDGE_LOOP ( 'NONE', ( #6792, #2969, #3337, #3519 ) ) ;
#2340 = CIRCLE ( 'NONE', #1101, 11.92737488156555159 ) ;
#2341 = CARTESIAN_POINT ( 'NONE',  ( 63.47931617881824451, 0.4999999999999744094, -18.95998532625017674 ) ) ;
#2342 = CARTESIAN_POINT ( 'NONE',  ( 39.14687990597570888, 0.000000000000000000, -102.4468644065697021 ) ) ;
#2343 = AXIS2_PLACEMENT_3D ( 'NONE', #359, #5134, #1490 ) ;
#2344 = DIRECTION ( 'NONE',  ( -0.000000000000000000, 1.000000000000000000, -0.000000000000000000 ) ) ;
#2345 = ORIENTED_EDGE ( 'NONE', *, *, #3865, .T. ) ;
#2346 = DIRECTION ( 'NONE',  ( 0.000000000000000000, 0.000000000000000000, -1.000000000000000000 ) ) ;
#2347 = EDGE_LOOP ( 'NONE', ( #2420, #6894 ) ) ;
#2348 = DIRECTION ( 'NONE',  ( 0.9013783694726588136, 0.000000000000000000, -0.4330323718231822716 ) ) ;
#2349 = EDGE_CURVE ( 'NONE', #4689, #5592, #1242, .T. ) ;
#2350 = LINE ( 'NONE', #758, #743 ) ;
#2351 = CARTESIAN_POINT ( 'NONE',  ( 42.59371590680527930, 4.500000000000000000, -28.22749289518764471 ) ) ;
#2352 = CARTESIAN_POINT ( 'NONE',  ( 50.99999999999999289, 0.5000000000000281997, -145.0000000000000284 ) ) ;
#2353 = ADVANCED_FACE ( 'NONE', ( #2008 ), #5879, .F. ) ;
#2354 = CARTESIAN_POINT ( 'NONE',  ( 35.25034087383883730, 0.000000000000000000, -43.94643053236772090 ) ) ;
#2355 = ORIENTED_EDGE ( 'NONE', *, *, #507, .F. ) ;
#2356 = CARTESIAN_POINT ( 'NONE',  ( -39.56668648912852859, 10.00000000000000000, -77.49523297530157606 ) ) ;
#2357 = ORIENTED_EDGE ( 'NONE', *, *, #1921, .F. ) ;
#2358 = CONICAL_SURFACE ( 'NONE', #4278, 5.500000000000005329, 0.7853981633974560506 ) ;
#2359 = CARTESIAN_POINT ( 'NONE',  ( -1.387778780781445676E-14, 4.499999999999989342, -73.50000000000001421 ) ) ;
#2360 = CYLINDRICAL_SURFACE ( 'NONE', #4782, 5.000000000000004441 ) ;
#2361 = ORIENTED_EDGE ( 'NONE', *, *, #2781, .T. ) ;
#2362 = DIRECTION ( 'NONE',  ( -0.000000000000000000, -1.000000000000000000, -0.000000000000000000 ) ) ;
#2363 = ORIENTED_EDGE ( 'NONE', *, *, #6375, .F. ) ;
#2364 = DIRECTION ( 'NONE',  ( -0.000000000000000000, -1.000000000000000000, -0.000000000000000000 ) ) ;
#2365 = CARTESIAN_POINT ( 'NONE',  ( -17.78681119122746423, 4.500000000000000000, -36.55911008587332134 ) ) ;
#2366 = AXIS2_PLACEMENT_3D ( 'NONE', #2880, #2981, #4506 ) ;
#2367 = EDGE_CURVE ( 'NONE', #6897, #5995, #5305, .T. ) ;
#2368 = VERTEX_POINT ( 'NONE', #3698 ) ;
#2369 = LINE ( 'NONE', #210, #1302 ) ;
#2370 = EDGE_CURVE ( 'NONE', #1724, #6518, #2811, .T. ) ;
#2371 = DIRECTION ( 'NONE',  ( 0.000000000000000000, 0.000000000000000000, 1.000000000000000000 ) ) ;
#2372 = ORIENTED_EDGE ( 'NONE', *, *, #1035, .F. ) ;
#2373 = EDGE_CURVE ( 'NONE', #4560, #6354, #2632, .T. ) ;
#2374 = DIRECTION ( 'NONE',  ( -0.000000000000000000, -1.000000000000000000, -0.000000000000000000 ) ) ;
#2375 = DIRECTION ( 'NONE',  ( 0.000000000000000000, 0.000000000000000000, 1.000000000000000000 ) ) ;
#2376 = CARTESIAN_POINT ( 'NONE',  ( -50.99999999999999289, 0.5000000000000281997, -159.0000000000000853 ) ) ;
#2377 = ORIENTED_EDGE ( 'NONE', *, *, #4960, .F. ) ;
#2378 = CARTESIAN_POINT ( 'NONE',  ( 50.99999999999999289, 10.00000000000000000, -145.0000000000000284 ) ) ;
#2379 = ORIENTED_EDGE ( 'NONE', *, *, #1701, .F. ) ;
#2380 = CARTESIAN_POINT ( 'NONE',  ( -20.85965004500310727, 10.00000000000000000, -52.64034995499679326 ) ) ;
#2381 = CARTESIAN_POINT ( 'NONE',  ( 0.000000000000000000, 0.000000000000000000, -73.50000000000000000 ) ) ;
#2382 = LINE ( 'NONE', #6700, #4562 ) ;
#2383 = ORIENTED_EDGE ( 'NONE', *, *, #6443, .F. ) ;
#2384 = CARTESIAN_POINT ( 'NONE',  ( -20.85965004500318898, 0.5000000000000073275, -94.35965004500309306 ) ) ;
#2385 = VERTEX_POINT ( 'NONE', #4799 ) ;
#2386 = CARTESIAN_POINT ( 'NONE',  ( 47.05506056541142357, 0.000000000000000000, -2.948922277165287653 ) ) ;
#2387 = ORIENTED_EDGE ( 'NONE', *, *, #2066, .F. ) ;
#2388 = EDGE_CURVE ( 'NONE', #1181, #1800, #1970, .T. ) ;
#2389 = AXIS2_PLACEMENT_3D ( 'NONE', #4561, #5100, #2836 ) ;
#2390 = FACE_OUTER_BOUND ( 'NONE', #2911, .T. ) ;
#2391 = DIRECTION ( 'NONE',  ( -0.000000000000000000, 1.000000000000000000, -0.000000000000000000 ) ) ;
#2392 = EDGE_CURVE ( 'NONE', #2559, #6191, #6821, .T. ) ;
#2393 = EDGE_LOOP ( 'NONE', ( #4837, #6969, #5735, #6479 ) ) ;
#2394 = CARTESIAN_POINT ( 'NONE',  ( -39.14687990597571599, 5.000000000000000000, -102.4468644065697021 ) ) ;
#2395 = EDGE_LOOP ( 'NONE', ( #1943, #4545, #1591, #1228 ) ) ;
#2396 = CARTESIAN_POINT ( 'NONE',  ( -36.83221845872049727, 10.00000000000000000, -137.3400645262867954 ) ) ;
#2397 = CIRCLE ( 'NONE', #3294, 5.500000000000011546 ) ;
#2398 = ORIENTED_EDGE ( 'NONE', *, *, #2581, .T. ) ;
#2399 = FACE_OUTER_BOUND ( 'NONE', #5297, .T. ) ;
#2400 = CARTESIAN_POINT ( 'NONE',  ( -20.85965004500318898, 10.00000000000000000, -96.10965004500309306 ) ) ;
#2401 = ORIENTED_EDGE ( 'NONE', *, *, #978, .F. ) ;
#2402 = AXIS2_PLACEMENT_3D ( 'NONE', #4976, #4293, #4898 ) ;
#2403 = AXIS2_PLACEMENT_3D ( 'NONE', #604, #6457, #4934 ) ;
#2404 = CARTESIAN_POINT ( 'NONE',  ( 52.21999999999999176, 4.500000000000000000, -13.69999999999999929 ) ) ;
#2405 = CONICAL_SURFACE ( 'NONE', #1861, 5.500000000000015099, 0.7853981633974613796 ) ;
#2406 = DIRECTION ( 'NONE',  ( 0.000000000000000000, 1.000000000000000000, 0.000000000000000000 ) ) ;
#2407 = EDGE_CURVE ( 'NONE', #5213, #788, #5225, .T. ) ;
#2408 = CARTESIAN_POINT ( 'NONE',  ( 40.93341837856456777, 5.000000000000000000, -136.0047826897300638 ) ) ;
#2409 = ORIENTED_EDGE ( 'NONE', *, *, #5923, .F. ) ;
#2410 = DIRECTION ( 'NONE',  ( 0.000000000000000000, 1.000000000000000000, 0.000000000000000000 ) ) ;
#2411 = ORIENTED_EDGE ( 'NONE', *, *, #1296, .F. ) ;
#2412 = CIRCLE ( 'NONE', #4216, 13.50000000000006750 ) ;
#2413 = DIRECTION ( 'NONE',  ( -0.3062001265894639390, 0.7071067811865464625, 0.6373707574689928546 ) ) ;
#2414 = DIRECTION ( 'NONE',  ( 0.5418642406745436402, -0.7071067811865450192, 0.4542941169310953931 ) ) ;
#2415 = VERTEX_POINT ( 'NONE', #3861 ) ;
#2416 = LINE ( 'NONE', #5545, #4832 ) ;
#2417 = CIRCLE ( 'NONE', #3543, 41.00000000000000000 ) ;
#2418 = VERTEX_POINT ( 'NONE', #2180 ) ;
#2419 = DIRECTION ( 'NONE',  ( 0.000000000000000000, 0.000000000000000000, 1.000000000000000000 ) ) ;
#2420 = ORIENTED_EDGE ( 'NONE', *, *, #2940, .T. ) ;
#2421 = CARTESIAN_POINT ( 'NONE',  ( 3.075000000000000622, 2.500000000000000444, -128.5000000000000000 ) ) ;
#2422 = CARTESIAN_POINT ( 'NONE',  ( 3.574999999999999289, 2.500000000000000444, -128.5000000000000000 ) ) ;
#2423 = ORIENTED_EDGE ( 'NONE', *, *, #4497, .T. ) ;
#2424 = DIRECTION ( 'NONE',  ( -0.000000000000000000, -1.000000000000000000, -0.000000000000000000 ) ) ;
#2425 = ADVANCED_FACE ( 'NONE', ( #3801 ), #5533, .F. ) ;
#2426 = CIRCLE ( 'NONE', #1530, 5.000000000000004441 ) ;
#2427 = EDGE_LOOP ( 'NONE', ( #2720, #1268, #5125, #3408, #3136, #5003, #813, #5345 ) ) ;
#2428 = CARTESIAN_POINT ( 'NONE',  ( -4.546839904143417321, 5.000000000000000000, -23.37035265351343227 ) ) ;
#2429 = EDGE_CURVE ( 'NONE', #1724, #1329, #2675, .T. ) ;
#2430 = VECTOR ( 'NONE', #3754, 1000.000000000000000 ) ;
#2431 = ORIENTED_EDGE ( 'NONE', *, *, #3128, .T. ) ;
#2432 = CYLINDRICAL_SURFACE ( 'NONE', #5698, 5.000000000000004441 ) ;
#2433 = CIRCLE ( 'NONE', #2882, 10.50000000000003020 ) ;
#2434 = EDGE_CURVE ( 'NONE', #5833, #407, #3260, .T. ) ;
#2435 = DIRECTION ( 'NONE',  ( 0.000000000000000000, 1.000000000000000000, 0.000000000000000000 ) ) ;
#2436 = ORIENTED_EDGE ( 'NONE', *, *, #3032, .T. ) ;
#2437 = EDGE_CURVE ( 'NONE', #1506, #5080, #5976, .T. ) ;
#2438 = CIRCLE ( 'NONE', #6401, 3.300000000000053113 ) ;
#2439 = CIRCLE ( 'NONE', #4585, 21.50000000000000000 ) ;
#2441 = CONICAL_SURFACE ( 'NONE', #6133, 5.500000000000018652, 0.7853981633974431720 ) ;
#2440 = CARTESIAN_POINT ( 'NONE',  ( -47.12376198899117696, 0.5000000000000004441, -30.34378268944368173 ) ) ;
#2442 = AXIS2_PLACEMENT_3D ( 'NONE', #862, #5864, #2096 ) ;
#2443 = CARTESIAN_POINT ( 'NONE',  ( -1.124479718964764634E-14, 10.00000000000000000, -52.00000000000001421 ) ) ;
#2444 = DIRECTION ( 'NONE',  ( -0.3062001265894591095, 0.7071067811865661135, 0.6373707574689734257 ) ) ;
#2445 = AXIS2_PLACEMENT_3D ( 'NONE', #322, #4667, #5168 ) ;
#2446 = VERTEX_POINT ( 'NONE', #6501 ) ;
#2447 = CARTESIAN_POINT ( 'NONE',  ( -45.41685932647374813, 5.000000000000000000, -132.7085989317890267 ) ) ;
#2448 = ORIENTED_EDGE ( 'NONE', *, *, #1208, .T. ) ;
#2449 = AXIS2_PLACEMENT_3D ( 'NONE', #2160, #4815, #1105 ) ;
#2450 = FACE_OUTER_BOUND ( 'NONE', #483, .T. ) ;
#2451 = VECTOR ( 'NONE', #5928, 1000.000000000000000 ) ;
#2452 = CIRCLE ( 'NONE', #5515, 4.999999999999997335 ) ;
#2453 = LINE ( 'NONE', #1256, #3329 ) ;
#2454 = CARTESIAN_POINT ( 'NONE',  ( -36.83221845872049727, 0.000000000000000000, -132.3400645262867954 ) ) ;
#2455 = DIRECTION ( 'NONE',  ( 1.000000000000000000, 0.000000000000000000, 1.239088197126289831E-16 ) ) ;
#2456 = EDGE_CURVE ( 'NONE', #3940, #407, #1154, .T. ) ;
#2457 = VERTEX_POINT ( 'NONE', #4944 ) ;
#2458 = DIRECTION ( 'NONE',  ( 0.000000000000000000, 0.000000000000000000, -1.000000000000000000 ) ) ;
#2459 = ADVANCED_FACE ( 'NONE', ( #2708 ), #4268, .T. ) ;
#2460 = ORIENTED_EDGE ( 'NONE', *, *, #4112, .T. ) ;
#2461 = VECTOR ( 'NONE', #17, 1000.000000000000114 ) ;
#2462 = CIRCLE ( 'NONE', #950, 1.750000000000003331 ) ;
#2463 = DIRECTION ( 'NONE',  ( 0.4427499264756066255, -0.7071067811865170416, 0.5513370136367484742 ) ) ;
#2464 = FACE_OUTER_BOUND ( 'NONE', #1403, .T. ) ;
#2465 = EDGE_LOOP ( 'NONE', ( #155, #442, #1907, #2196 ) ) ;
#2466 = DIRECTION ( 'NONE',  ( 0.000000000000000000, 0.000000000000000000, 1.000000000000000000 ) ) ;
#2467 = ORIENTED_EDGE ( 'NONE', *, *, #4811, .F. ) ;
#2468 = DIRECTION ( 'NONE',  ( 0.000000000000000000, 0.000000000000000000, -1.000000000000000000 ) ) ;
#2469 = ORIENTED_EDGE ( 'NONE', *, *, #6937, .F. ) ;
#2470 = CARTESIAN_POINT ( 'NONE',  ( 35.25034087383883730, 10.00000000000000000, -43.94643053236772090 ) ) ;
#2471 = EDGE_LOOP ( 'NONE', ( #6925, #6081, #2237, #2937, #2622, #6959, #6577, #5748 ) ) ;
#2472 = FACE_OUTER_BOUND ( 'NONE', #2698, .T. ) ;
#2473 = CARTESIAN_POINT ( 'NONE',  ( -52.21999999999999176, 4.499999999999971578, -13.69999999999999929 ) ) ;
#2474 = ORIENTED_EDGE ( 'NONE', *, *, #791, .T. ) ;
#2475 = VECTOR ( 'NONE', #2073, 1000.000000000000114 ) ;
#2476 = DIRECTION ( 'NONE',  ( -0.000000000000000000, -1.000000000000000000, -0.000000000000000000 ) ) ;
#2477 = EDGE_CURVE ( 'NONE', #6763, #1652, #6435, .T. ) ;
#2478 = DIRECTION ( 'NONE',  ( 0.000000000000000000, 0.000000000000000000, -1.000000000000000000 ) ) ;
#2479 = EDGE_CURVE ( 'NONE', #1789, #2187, #55, .T. ) ;
#2480 = CARTESIAN_POINT ( 'NONE',  ( -48.87647513375095798, 10.00000000000000000, -73.84450217278279638 ) ) ;
#2481 = LINE ( 'NONE', #6311, #650 ) ;
#2482 = EDGE_LOOP ( 'NONE', ( #5200, #4120, #2467, #1210 ) ) ;
#2483 = LINE ( 'NONE', #5242, #6476 ) ;
#2484 = ORIENTED_EDGE ( 'NONE', *, *, #3211, .T. ) ;
#2485 = CARTESIAN_POINT ( 'NONE',  ( 9.758150331071458794, 0.4999999999999744094, -20.31207412382973487 ) ) ;
#2486 = DIRECTION ( 'NONE',  ( -0.000000000000000000, -1.000000000000000000, -0.000000000000000000 ) ) ;
#2487 = PLANE ( 'NONE',  #6866 ) ;
#2488 = ORIENTED_EDGE ( 'NONE', *, *, #3507, .T. ) ;
#2489 = DIRECTION ( 'NONE',  ( 0.000000000000000000, 1.000000000000000000, 0.000000000000000000 ) ) ;
#2490 = ORIENTED_EDGE ( 'NONE', *, *, #5785, .T. ) ;
#2491 = VECTOR ( 'NONE', #4306, 1000.000000000000114 ) ;
#2492 = DIRECTION ( 'NONE',  ( 0.4232579588512069835, 0.000000000000000000, -0.9060092164371783552 ) ) ;
#2493 = LINE ( 'NONE', #3132, #1065 ) ;
#2494 = ORIENTED_EDGE ( 'NONE', *, *, #3992, .F. ) ;
#2495 = CARTESIAN_POINT ( 'NONE',  ( -20.85965004500318898, 5.000000000000000000, -94.35965004500309306 ) ) ;
#2496 = EDGE_CURVE ( 'NONE', #674, #4341, #5512, .T. ) ;
#2497 = ORIENTED_EDGE ( 'NONE', *, *, #5421, .T. ) ;
#2498 = DIRECTION ( 'NONE',  ( 0.000000000000000000, -0.7071067811865578978, -0.7071067811865370256 ) ) ;
#2499 = EDGE_LOOP ( 'NONE', ( #886, #664, #5295, #2605 ) ) ;
#2500 = FACE_OUTER_BOUND ( 'NONE', #235, .T. ) ;
#2501 = CIRCLE ( 'NONE', #3177, 1.750000000000001554 ) ;
#2502 = ORIENTED_EDGE ( 'NONE', *, *, #6214, .F. ) ;
#2503 = LINE ( 'NONE', #3562, #4302 ) ;
#2504 = DIRECTION ( 'NONE',  ( 0.000000000000000000, 0.000000000000000000, 1.000000000000000000 ) ) ;
#2505 = VERTEX_POINT ( 'NONE', #5404 ) ;
#2506 = DIRECTION ( 'NONE',  ( 0.000000000000000000, 1.000000000000000000, 0.000000000000000000 ) ) ;
#2507 = DIRECTION ( 'NONE',  ( -0.7797082821233123351, 0.000000000000000000, -0.6261429507614958423 ) ) ;
#2508 = CARTESIAN_POINT ( 'NONE',  ( 20.85965004500311082, 0.000000000000000000, -92.10965004500316411 ) ) ;
#2509 = DIRECTION ( 'NONE',  ( 0.000000000000000000, 0.000000000000000000, 1.000000000000000000 ) ) ;
#2510 = DIRECTION ( 'NONE',  ( -0.000000000000000000, -1.000000000000000000, -0.000000000000000000 ) ) ;
#2511 = ADVANCED_FACE ( 'NONE', ( #658, #20, #3338, #5941, #4371, #1693, #4839, #1588, #3731, #1052, #3831, #5468, #6005, #618, #92 ), #3200, .F. ) ;
#2512 = ORIENTED_EDGE ( 'NONE', *, *, #1938, .F. ) ;
#2513 = DIRECTION ( 'NONE',  ( 0.000000000000000000, 1.000000000000000000, 0.000000000000000000 ) ) ;
#2514 = ORIENTED_EDGE ( 'NONE', *, *, #5341, .F. ) ;
#2515 = EDGE_CURVE ( 'NONE', #1428, #2867, #4403, .T. ) ;
#2516 = VECTOR ( 'NONE', #5607, 1000.000000000000000 ) ;
#2517 = DIRECTION ( 'NONE',  ( 0.000000000000000000, 0.000000000000000000, -1.000000000000000000 ) ) ;
#2518 = CARTESIAN_POINT ( 'NONE',  ( -64.03370410247146083, 10.00000000000000000, -139.8889768764736914 ) ) ;
#2519 = CARTESIAN_POINT ( 'NONE',  ( -33.70150370491302994, 4.500000000000000000, -136.2386059369033546 ) ) ;
#2520 = ORIENTED_EDGE ( 'NONE', *, *, #1639, .F. ) ;
#2521 = DIRECTION ( 'NONE',  ( 0.3067603611951648657, -0.7071067811865435759, 0.6371013112523137290 ) ) ;
#2522 = EDGE_CURVE ( 'NONE', #1132, #2368, #2109, .T. ) ;
#2523 = ADVANCED_FACE ( 'NONE', ( #1088 ), #3236, .F. ) ;
#2524 = AXIS2_PLACEMENT_3D ( 'NONE', #1119, #578, #4223 ) ;
#2525 = VERTEX_POINT ( 'NONE', #6149 ) ;
#2526 = VECTOR ( 'NONE', #2018, 1000.000000000000114 ) ;
#2527 = CARTESIAN_POINT ( 'NONE',  ( -8.673617379884035472E-16, 4.500000000000038192, -13.90587977405051134 ) ) ;
#2528 = DIRECTION ( 'NONE',  ( -0.6583014682025963848, 0.7071067811865516806, 0.2581456506747690782 ) ) ;
#2529 = ORIENTED_EDGE ( 'NONE', *, *, #661, .F. ) ;
#2530 = CARTESIAN_POINT ( 'NONE',  ( 5.636473217481986708, 0.000000000000000000, -165.7251929149789191 ) ) ;
#2531 = CIRCLE ( 'NONE', #1298, 13.99999999999995737 ) ;
#2532 = ORIENTED_EDGE ( 'NONE', *, *, #3247, .F. ) ;
#2533 = DIRECTION ( 'NONE',  ( -0.6583014682026009368, -0.7071067811865484609, 0.2581456506747665802 ) ) ;
#2534 = ORIENTED_EDGE ( 'NONE', *, *, #1102, .F. ) ;
#2535 = CIRCLE ( 'NONE', #3996, 41.00000000000000000 ) ;
#2536 = FACE_OUTER_BOUND ( 'NONE', #4197, .T. ) ;
#2537 = ORIENTED_EDGE ( 'NONE', *, *, #2370, .F. ) ;
#2538 = CARTESIAN_POINT ( 'NONE',  ( 0.000000000000000000, 0.000000000000000000, -73.50000000000000000 ) ) ;
#2539 = CONICAL_SURFACE ( 'NONE', #6390, 1.750000000000003331, 0.7853981633974422838 ) ;
#2540 = DIRECTION ( 'NONE',  ( 0.000000000000000000, -1.000000000000000000, 0.000000000000000000 ) ) ;
#2541 = VERTEX_POINT ( 'NONE', #2386 ) ;
#2542 = FACE_OUTER_BOUND ( 'NONE', #4759, .T. ) ;
#2543 = ADVANCED_FACE ( 'NONE', ( #3482 ), #3445, .F. ) ;
#2544 = VECTOR ( 'NONE', #6223, 1000.000000000000000 ) ;
#2545 = LINE ( 'NONE', #1914, #3567 ) ;
#2546 = LINE ( 'NONE', #962, #3208 ) ;
#2547 = DIRECTION ( 'NONE',  ( 0.000000000000000000, 1.000000000000000000, 0.000000000000000000 ) ) ;
#2548 = CARTESIAN_POINT ( 'NONE',  ( -39.78038695602474206, 10.00000000000000000, -46.06272032662376859 ) ) ;
#2549 = AXIS2_PLACEMENT_3D ( 'NONE', #3478, #2975, #6636 ) ;
#2550 = AXIS2_PLACEMENT_3D ( 'NONE', #5612, #4571, #1796 ) ;
#2551 = ORIENTED_EDGE ( 'NONE', *, *, #725, .F. ) ;
#2552 = DIRECTION ( 'NONE',  ( -0.5418642406745366458, 0.7071067811865487940, 0.4542941169310977800 ) ) ;
#2553 = AXIS2_PLACEMENT_3D ( 'NONE', #2762, #4317, #1110 ) ;
#2554 = ORIENTED_EDGE ( 'NONE', *, *, #3271, .T. ) ;
#2555 = DIRECTION ( 'NONE',  ( 0.000000000000000000, 0.000000000000000000, 1.000000000000000000 ) ) ;
#2556 = AXIS2_PLACEMENT_3D ( 'NONE', #3003, #520, #961 ) ;
#2557 = DIRECTION ( 'NONE',  ( 0.000000000000000000, 1.000000000000000000, 0.000000000000000000 ) ) ;
#2558 = LINE ( 'NONE', #4072, #757 ) ;
#2559 = VERTEX_POINT ( 'NONE', #6604 ) ;
#2560 = CYLINDRICAL_SURFACE ( 'NONE', #4647, 5.000000000000004441 ) ;
#2561 = AXIS2_PLACEMENT_3D ( 'NONE', #5379, #4243, #2687 ) ;
#2562 = VERTEX_POINT ( 'NONE', #4534 ) ;
#2563 = EDGE_CURVE ( 'NONE', #5513, #1877, #6743, .T. ) ;
#2564 = VECTOR ( 'NONE', #6026, 1000.000000000000000 ) ;
#2565 = EDGE_CURVE ( 'NONE', #4296, #1800, #6323, .T. ) ;
#2566 = DIRECTION ( 'NONE',  ( 1.000000000000000000, 3.793822962067481359E-35, 1.239088197126287612E-16 ) ) ;
#2567 = CARTESIAN_POINT ( 'NONE',  ( 50.99999999999999289, 4.500000000000030198, -145.0000000000000284 ) ) ;
#2568 = ORIENTED_EDGE ( 'NONE', *, *, #661, .T. ) ;
#2569 = DIRECTION ( 'NONE',  ( -0.6406452607602307614, 0.7071067811865541231, 0.2992885728948680990 ) ) ;
#2570 = VERTEX_POINT ( 'NONE', #1863 ) ;
#2571 = CARTESIAN_POINT ( 'NONE',  ( -50.99999999999999289, 5.000000000000000000, -145.0000000000000284 ) ) ;
#2572 = CONICAL_SURFACE ( 'NONE', #4377, 3.300000000000023359, 0.7853981633974590482 ) ;
#2573 = AXIS2_PLACEMENT_3D ( 'NONE', #4085, #1444, #4696 ) ;
#2574 = ORIENTED_EDGE ( 'NONE', *, *, #3652, .T. ) ;
#2575 = DIRECTION ( 'NONE',  ( 0.000000000000000000, 0.000000000000000000, 1.000000000000000000 ) ) ;
#2576 = ORIENTED_EDGE ( 'NONE', *, *, #2736, .T. ) ;
#2577 = CARTESIAN_POINT ( 'NONE',  ( 50.99999999999999289, 10.00000000000000000, -145.0000000000000284 ) ) ;
#2578 = DIRECTION ( 'NONE',  ( -0.000000000000000000, -1.000000000000000000, -0.000000000000000000 ) ) ;
#2579 = ORIENTED_EDGE ( 'NONE', *, *, #5103, .T. ) ;
#2580 = FACE_OUTER_BOUND ( 'NONE', #5012, .T. ) ;
#2581 = EDGE_CURVE ( 'NONE', #6403, #3142, #3711, .T. ) ;
#2582 = EDGE_CURVE ( 'NONE', #3517, #6682, #4615, .T. ) ;
#2583 = AXIS2_PLACEMENT_3D ( 'NONE', #3714, #6412, #4854 ) ;
#2584 = DIRECTION ( 'NONE',  ( 0.4232579588512070390, 0.000000000000000000, 0.9060092164371783552 ) ) ;
#2585 = FACE_OUTER_BOUND ( 'NONE', #3656, .T. ) ;
#2586 = FACE_BOUND ( 'NONE', #6118, .T. ) ;
#2587 = EDGE_CURVE ( 'NONE', #1143, #1239, #4417, .T. ) ;
#2588 = VERTEX_POINT ( 'NONE', #1231 ) ;
#2589 = CARTESIAN_POINT ( 'NONE',  ( -50.99999999999999289, 4.499999999999989342, -145.0000000000000284 ) ) ;
#2590 = ORIENTED_EDGE ( 'NONE', *, *, #3899, .T. ) ;
#2591 = DIRECTION ( 'NONE',  ( 0.6583014682026010478, 0.7071067811865501263, 0.2581456506747621393 ) ) ;
#2592 = DIRECTION ( 'NONE',  ( 0.000000000000000000, 1.000000000000000000, 0.000000000000000000 ) ) ;
#2593 = CARTESIAN_POINT ( 'NONE',  ( -20.85965004500310727, 3.449999999999969535, -50.89034995499679326 ) ) ;
#2594 = ORIENTED_EDGE ( 'NONE', *, *, #5438, .T. ) ;
#2595 = CARTESIAN_POINT ( 'NONE',  ( 8.934326635256089943, 0.5000000000000281997, -142.0000000000000284 ) ) ;
#2596 = EDGE_LOOP ( 'NONE', ( #6020, #4037, #1584, #2924 ) ) ;
#2597 = EDGE_CURVE ( 'NONE', #3055, #4053, #2501, .T. ) ;
#2598 = CARTESIAN_POINT ( 'NONE',  ( -39.81638296937917687, 0.5000000000000281997, -69.61192258427071522 ) ) ;
#2599 = CARTESIAN_POINT ( 'NONE',  ( -50.99999999999999289, 5.000000000000000000, -145.0000000000000284 ) ) ;
#2600 = ORIENTED_EDGE ( 'NONE', *, *, #4986, .F. ) ;
#2601 = CARTESIAN_POINT ( 'NONE',  ( -8.673617379884035472E-16, 4.500000000000038192, -23.90587977405050779 ) ) ;
#2602 = VERTEX_POINT ( 'NONE', #4470 ) ;
#2603 = CARTESIAN_POINT ( 'NONE',  ( 37.79747233864500089, 4.500000000000000000, -18.48284677995476599 ) ) ;
#2604 = EDGE_CURVE ( 'NONE', #4781, #2867, #1295, .T. ) ;
#2605 = ORIENTED_EDGE ( 'NONE', *, *, #6124, .F. ) ;
#2606 = EDGE_CURVE ( 'NONE', #1714, #2145, #259, .T. ) ;
#2607 = DIRECTION ( 'NONE',  ( 0.000000000000000000, 0.000000000000000000, -1.000000000000000000 ) ) ;
#2608 = VERTEX_POINT ( 'NONE', #5010 ) ;
#2609 = CARTESIAN_POINT ( 'NONE',  ( -29.95811074202286051, 5.000000000000000000, -100.7536529802647607 ) ) ;
#2610 = EDGE_LOOP ( 'NONE', ( #2150, #3737, #2217, #1219 ) ) ;
#2611 = CARTESIAN_POINT ( 'NONE',  ( -53.30004952161288401, 4.499999999999971578, -66.37220781459282648 ) ) ;
#2612 = AXIS2_PLACEMENT_3D ( 'NONE', #4098, #5285, #5175 ) ;
#2613 = PLANE ( 'NONE',  #2091 ) ;
#2614 = CARTESIAN_POINT ( 'NONE',  ( -8.673617379884035472E-16, 5.000000000000000000, -13.90587977405051134 ) ) ;
#2615 = FACE_OUTER_BOUND ( 'NONE', #1112, .T. ) ;
#2616 = ORIENTED_EDGE ( 'NONE', *, *, #1617, .T. ) ;
#2617 = CARTESIAN_POINT ( 'NONE',  ( 0.000000000000000000, 0.5000000000000004441, -73.50000000000000000 ) ) ;
#2618 = ORIENTED_EDGE ( 'NONE', *, *, #1386, .T. ) ;
#2619 = DIRECTION ( 'NONE',  ( -0.000000000000000000, -1.000000000000000000, -0.000000000000000000 ) ) ;
#2620 = DIRECTION ( 'NONE',  ( 8.881784197001252323E-16, 0.000000000000000000, 1.000000000000000000 ) ) ;
#2621 = LINE ( 'NONE', #6950, #3690 ) ;
#2622 = ORIENTED_EDGE ( 'NONE', *, *, #5874, .T. ) ;
#2623 = DIRECTION ( 'NONE',  ( -0.000000000000000000, -1.000000000000000000, -0.000000000000000000 ) ) ;
#2624 = ORIENTED_EDGE ( 'NONE', *, *, #1410, .F. ) ;
#2625 = VECTOR ( 'NONE', #679, 1000.000000000000000 ) ;
#2626 = CARTESIAN_POINT ( 'NONE',  ( 0.000000000000000000, 4.500000000000000000, -73.50000000000000000 ) ) ;
#2627 = CARTESIAN_POINT ( 'NONE',  ( 37.79747233864500089, 0.5000000000000004441, -23.48284677995476599 ) ) ;
#2628 = EDGE_LOOP ( 'NONE', ( #823, #3759, #821, #2206 ) ) ;
#2629 = DIRECTION ( 'NONE',  ( -0.000000000000000000, 1.000000000000000000, -0.000000000000000000 ) ) ;
#2630 = CIRCLE ( 'NONE', #6935, 1.250000000000001110 ) ;
#2631 = ORIENTED_EDGE ( 'NONE', *, *, #706, .F. ) ;
#2632 = LINE ( 'NONE', #5760, #3038 ) ;
#2633 = ORIENTED_EDGE ( 'NONE', *, *, #5202, .T. ) ;
#2634 = AXIS2_PLACEMENT_3D ( 'NONE', #1408, #4772, #3565 ) ;
#2635 = EDGE_CURVE ( 'NONE', #1625, #3517, #5547, .T. ) ;
#2636 = DIRECTION ( 'NONE',  ( 0.000000000000000000, 0.000000000000000000, -1.000000000000000000 ) ) ;
#2637 = ORIENTED_EDGE ( 'NONE', *, *, #6338, .F. ) ;
#2638 = DIRECTION ( 'NONE',  ( 0.000000000000000000, 0.000000000000000000, -1.000000000000000000 ) ) ;
#2639 = EDGE_LOOP ( 'NONE', ( #5798, #3949, #1462, #6377 ) ) ;
#2640 = CIRCLE ( 'NONE', #6606, 10.50000000000002309 ) ;
#2641 = CARTESIAN_POINT ( 'NONE',  ( -35.41579429361748765, 5.000000000000000000, -18.52526574785513347 ) ) ;
#2642 = CONICAL_SURFACE ( 'NONE', #1973, 10.50000000000003730, 0.7853981633974500554 ) ;
#2643 = EDGE_CURVE ( 'NONE', #6301, #4583, #3739, .T. ) ;
#2644 = CONICAL_SURFACE ( 'NONE', #840, 10.50000000000002309, 0.7853981633974447263 ) ;
#2645 = VECTOR ( 'NONE', #5006, 1000.000000000000114 ) ;
#2646 = ADVANCED_FACE ( 'NONE', ( #723 ), #1760, .F. ) ;
#2647 = EDGE_CURVE ( 'NONE', #1121, #4762, #1369, .T. ) ;
#2648 = DIRECTION ( 'NONE',  ( -0.2591368248975546296, -0.7071067811865446862, -0.6579119287427596108 ) ) ;
#2649 = LINE ( 'NONE', #2755, #297 ) ;
#2650 = CARTESIAN_POINT ( 'NONE',  ( 15.02546730349718018, 10.00000000000000000, -111.6475468714770471 ) ) ;
#2651 = AXIS2_PLACEMENT_3D ( 'NONE', #1059, #523, #6473 ) ;
#2652 = ORIENTED_EDGE ( 'NONE', *, *, #3328, .F. ) ;
#2653 = CARTESIAN_POINT ( 'NONE',  ( -4.330323718231825048, 0.5000000000000105471, -22.91966346877709881 ) ) ;
#2654 = AXIS2_PLACEMENT_3D ( 'NONE', #5050, #6890, #2035 ) ;
#2655 = LINE ( 'NONE', #38, #6737 ) ;
#2656 = DIRECTION ( 'NONE',  ( -0.3650730802518771245, 0.000000000000000000, 0.9309788644622424281 ) ) ;
#2657 = DIRECTION ( 'NONE',  ( -1.239088197126289831E-16, -0.000000000000000000, 1.000000000000000000 ) ) ;
#2658 = VECTOR ( 'NONE', #2695, 1000.000000000000000 ) ;
#2659 = ORIENTED_EDGE ( 'NONE', *, *, #6245, .F. ) ;
#2660 = DIRECTION ( 'NONE',  ( -0.6261429507614951762, 0.000000000000000000, -0.7797082821233130012 ) ) ;
#2661 = VERTEX_POINT ( 'NONE', #1261 ) ;
#2662 = VECTOR ( 'NONE', #3393, 1000.000000000000114 ) ;
#2663 = AXIS2_PLACEMENT_3D ( 'NONE', #181, #3927, #2271 ) ;
#2664 = CARTESIAN_POINT ( 'NONE',  ( 20.85965004500311082, 3.450000000000053024, -94.35965004500316411 ) ) ;
#2665 = ADVANCED_FACE ( 'NONE', ( #3409 ), #4573, .F. ) ;
#2666 = CARTESIAN_POINT ( 'NONE',  ( 35.63231047952908170, 4.500000000000000000, -18.97595493259147403 ) ) ;
#2667 = DIRECTION ( 'NONE',  ( -0.000000000000000000, 1.000000000000000000, -0.000000000000000000 ) ) ;
#2668 = CIRCLE ( 'NONE', #5727, 12.42737488156552494 ) ;
#2669 = ADVANCED_FACE ( 'NONE', ( #4045 ), #3512, .F. ) ;
#2670 = VERTEX_POINT ( 'NONE', #4109 ) ;
#2671 = EDGE_CURVE ( 'NONE', #6565, #6301, #1837, .T. ) ;
#2672 = DIRECTION ( 'NONE',  ( 0.000000000000000000, 0.000000000000000000, -1.000000000000000000 ) ) ;
#2673 = VECTOR ( 'NONE', #1565, 1000.000000000000000 ) ;
#2674 = ORIENTED_EDGE ( 'NONE', *, *, #5986, .F. ) ;
#2675 = LINE ( 'NONE', #4331, #3937 ) ;
#2676 = VECTOR ( 'NONE', #1157, 1000.000000000000000 ) ;
#2677 = ORIENTED_EDGE ( 'NONE', *, *, #3619, .T. ) ;
#2678 = LINE ( 'NONE', #5279, #2226 ) ;
#2679 = DIRECTION ( 'NONE',  ( -0.000000000000000000, -1.000000000000000000, -0.000000000000000000 ) ) ;
#2680 = VECTOR ( 'NONE', #2657, 1000.000000000000000 ) ;
#2681 = ORIENTED_EDGE ( 'NONE', *, *, #4966, .T. ) ;
#2682 = DIRECTION ( 'NONE',  ( -0.000000000000000000, 1.000000000000000000, -0.000000000000000000 ) ) ;
#2683 = ORIENTED_EDGE ( 'NONE', *, *, #2643, .T. ) ;
#2684 = FACE_OUTER_BOUND ( 'NONE', #5456, .T. ) ;
#2685 = EDGE_CURVE ( 'NONE', #2559, #6129, #5218, .T. ) ;
#2686 = DIRECTION ( 'NONE',  ( -1.000000000000000000, -3.793822962067481359E-35, -1.239088197126287612E-16 ) ) ;
#2687 = DIRECTION ( 'NONE',  ( 0.000000000000000000, 0.000000000000000000, 1.000000000000000000 ) ) ;
#2688 = VERTEX_POINT ( 'NONE', #4150 ) ;
#2689 = LINE ( 'NONE', #4990, #781 ) ;
#2690 = VERTEX_POINT ( 'NONE', #5782 ) ;
#2691 = DIRECTION ( 'NONE',  ( 0.4232579588512070945, -0.000000000000000000, 0.9060092164371782442 ) ) ;
#2692 = EDGE_CURVE ( 'NONE', #6682, #5688, #406, .T. ) ;
#2693 = VECTOR ( 'NONE', #773, 1000.000000000000000 ) ;
#2694 = ADVANCED_FACE ( 'NONE', ( #1927 ), #2560, .F. ) ;
#2695 = DIRECTION ( 'NONE',  ( 0.000000000000000000, -1.000000000000000000, 0.000000000000000000 ) ) ;
#2696 = CARTESIAN_POINT ( 'NONE',  ( -52.21999999999999176, 0.000000000000000000, -13.69999999999999929 ) ) ;
#2697 = DIRECTION ( 'NONE',  ( -0.000000000000000000, -1.000000000000000000, -0.000000000000000000 ) ) ;
#2698 = EDGE_LOOP ( 'NONE', ( #2520, #3642, #3319, #5082 ) ) ;
#2699 = FACE_OUTER_BOUND ( 'NONE', #6782, .T. ) ;
#2700 = VECTOR ( 'NONE', #3760, 1000.000000000000114 ) ;
#2701 = ORIENTED_EDGE ( 'NONE', *, *, #4249, .T. ) ;
#2702 = CARTESIAN_POINT ( 'NONE',  ( 47.12376198899117696, 0.5000000000000004441, -30.34378268944368173 ) ) ;
#2703 = CARTESIAN_POINT ( 'NONE',  ( 39.81638296937916977, 0.5000000000000281997, -69.61192258427072943 ) ) ;
#2704 = DIRECTION ( 'NONE',  ( -0.000000000000000000, -1.000000000000000000, -0.000000000000000000 ) ) ;
#2705 = ORIENTED_EDGE ( 'NONE', *, *, #1126, .F. ) ;
#2706 = CARTESIAN_POINT ( 'NONE',  ( 47.79714078179278403, 4.499999999999971578, -125.8756256879251794 ) ) ;
#2707 = VERTEX_POINT ( 'NONE', #6353 ) ;
#2708 = FACE_OUTER_BOUND ( 'NONE', #2139, .T. ) ;
#2709 = ORIENTED_EDGE ( 'NONE', *, *, #3040, .T. ) ;
#2710 = DIRECTION ( 'NONE',  ( 0.000000000000000000, -1.000000000000000000, 0.000000000000000000 ) ) ;
#2711 = DIRECTION ( 'NONE',  ( -0.000000000000000000, -1.000000000000000000, -0.000000000000000000 ) ) ;
#2712 = EDGE_CURVE ( 'NONE', #2263, #4299, #3403, .T. ) ;
#2713 = ORIENTED_EDGE ( 'NONE', *, *, #4639, .T. ) ;
#2714 = CARTESIAN_POINT ( 'NONE',  ( 36.83221845872051148, 10.00000000000000000, -132.3400645262867670 ) ) ;
#2715 = ORIENTED_EDGE ( 'NONE', *, *, #162, .F. ) ;
#2716 = DIRECTION ( 'NONE',  ( 0.3650730802518767915, 0.000000000000000000, -0.9309788644622426501 ) ) ;
#2717 = AXIS2_PLACEMENT_3D ( 'NONE', #6931, #3174, #1976 ) ;
#2718 = CARTESIAN_POINT ( 'NONE',  ( -16.85784136489928642, 0.000000000000000000, -116.2996867338522691 ) ) ;
#2719 = LINE ( 'NONE', #6517, #5850 ) ;
#2720 = ORIENTED_EDGE ( 'NONE', *, *, #2477, .T. ) ;
#2721 = ORIENTED_EDGE ( 'NONE', *, *, #3336, .F. ) ;
#2722 = DIRECTION ( 'NONE',  ( 0.5851866491942143700, 0.7071067811865434649, 0.3969339814186400028 ) ) ;
#2723 = DIRECTION ( 'NONE',  ( -0.000000000000000000, -1.000000000000000000, -0.000000000000000000 ) ) ;
#2724 = EDGE_CURVE ( 'NONE', #5688, #5448, #4997, .T. ) ;
#2725 = CARTESIAN_POINT ( 'NONE',  ( -8.934326635256088167, -26.83775376964305437, -142.0000000000000284 ) ) ;
#2726 = VECTOR ( 'NONE', #2521, 1000.000000000000000 ) ;
#2727 = DIRECTION ( 'NONE',  ( -0.000000000000000000, 1.000000000000000000, -0.000000000000000000 ) ) ;
#2728 = ORIENTED_EDGE ( 'NONE', *, *, #1001, .T. ) ;
#2729 = LINE ( 'NONE', #6426, #1717 ) ;
#2730 = ORIENTED_EDGE ( 'NONE', *, *, #5596, .T. ) ;
#2731 = EDGE_CURVE ( 'NONE', #1275, #4560, #3125, .T. ) ;
#2732 = FACE_OUTER_BOUND ( 'NONE', #4731, .T. ) ;
#2733 = DIRECTION ( 'NONE',  ( -0.000000000000000000, -1.000000000000000000, -0.000000000000000000 ) ) ;
#2734 = LINE ( 'NONE', #5936, #5236 ) ;
#2735 = ORIENTED_EDGE ( 'NONE', *, *, #363, .F. ) ;
#2736 = EDGE_CURVE ( 'NONE', #2570, #4442, #5296, .T. ) ;
#2737 = DIRECTION ( 'NONE',  ( 0.000000000000000000, 0.000000000000000000, 1.000000000000000000 ) ) ;
#2738 = ORIENTED_EDGE ( 'NONE', *, *, #4724, .F. ) ;
#2739 = DIRECTION ( 'NONE',  ( -1.000000000000000000, 0.000000000000000000, 1.239088197126289831E-16 ) ) ;
#2740 = AXIS2_PLACEMENT_3D ( 'NONE', #6490, #5425, #5996 ) ;
#2741 = VERTEX_POINT ( 'NONE', #3021 ) ;
#2742 = CONICAL_SURFACE ( 'NONE', #3980, 1.750000000000001554, 0.7853981633974553844 ) ;
#2743 = LINE ( 'NONE', #4911, #6295 ) ;
#2744 = CARTESIAN_POINT ( 'NONE',  ( 20.85965004500311082, 3.450000000000053024, -92.60965004500316411 ) ) ;
#2745 = ORIENTED_EDGE ( 'NONE', *, *, #2178, .T. ) ;
#2746 = DIRECTION ( 'NONE',  ( 0.000000000000000000, -1.000000000000000000, 0.000000000000000000 ) ) ;
#2747 = EDGE_CURVE ( 'NONE', #4053, #1612, #2033, .T. ) ;
#2748 = ORIENTED_EDGE ( 'NONE', *, *, #6910, .T. ) ;
#2749 = CARTESIAN_POINT ( 'NONE',  ( -1.355202238605933474, 10.00000000000000000, -0.5314275914286046287 ) ) ;
#2750 = CIRCLE ( 'NONE', #5014, 1.750000000000001554 ) ;
#2751 = VECTOR ( 'NONE', #4280, 1000.000000000000114 ) ;
#2752 = DIRECTION ( 'NONE',  ( 0.000000000000000000, 0.000000000000000000, 1.000000000000000000 ) ) ;
#2753 = VECTOR ( 'NONE', #3109, 1000.000000000000114 ) ;
#2754 = ADVANCED_FACE ( 'NONE', ( #3617 ), #6242, .F. ) ;
#2755 = CARTESIAN_POINT ( 'NONE',  ( -35.63231047952908170, 4.500000000000000000, -18.97595493259147403 ) ) ;
#2756 = VERTEX_POINT ( 'NONE', #336 ) ;
#2757 = EDGE_CURVE ( 'NONE', #1625, #5647, #6283, .T. ) ;
#2758 = VERTEX_POINT ( 'NONE', #6250 ) ;
#2759 = CIRCLE ( 'NONE', #4337, 5.000000000000004441 ) ;
#2760 = AXIS2_PLACEMENT_3D ( 'NONE', #1825, #225, #3369 ) ;
#2761 = CIRCLE ( 'NONE', #727, 1.750000000000001554 ) ;
#2762 = CARTESIAN_POINT ( 'NONE',  ( 43.14224645948156933, 4.499999999999971578, -127.7009910891845692 ) ) ;
#2763 = DIRECTION ( 'NONE',  ( -0.6583014682026110398, -0.7071067811865332509, 0.2581456506747825674 ) ) ;
#2764 = DIRECTION ( 'NONE',  ( 0.000000000000000000, 0.000000000000000000, 1.000000000000000000 ) ) ;
#2765 = ORIENTED_EDGE ( 'NONE', *, *, #2829, .T. ) ;
#2766 = CARTESIAN_POINT ( 'NONE',  ( -42.23399868933902468, 0.5000000000000316414, -155.9159159497264113 ) ) ;
#2767 = ORIENTED_EDGE ( 'NONE', *, *, #2844, .T. ) ;
#2768 = EDGE_CURVE ( 'NONE', #4981, #4267, #2839, .T. ) ;
#2769 = CARTESIAN_POINT ( 'NONE',  ( -29.95811074202285695, 0.000000000000000000, -100.7536529802647465 ) ) ;
#2770 = CIRCLE ( 'NONE', #5709, 2.250000000000001776 ) ;
#2771 = CARTESIAN_POINT ( 'NONE',  ( 19.95593450723081475, 0.000000000000000000, -32.05412351097982793 ) ) ;
#2772 = PLANE ( 'NONE',  #5366 ) ;
#2773 = ORIENTED_EDGE ( 'NONE', *, *, #1001, .F. ) ;
#2774 = DIRECTION ( 'NONE',  ( 0.000000000000000000, -1.000000000000000000, 0.000000000000000000 ) ) ;
#2775 = ADVANCED_FACE ( 'NONE', ( #3545 ), #2181, .T. ) ;
#2776 = ORIENTED_EDGE ( 'NONE', *, *, #4384, .T. ) ;
#2777 = DIRECTION ( 'NONE',  ( 0.000000000000000000, 1.000000000000000000, 0.000000000000000000 ) ) ;
#2778 = VECTOR ( 'NONE', #1012, 1000.000000000000000 ) ;
#2779 = ORIENTED_EDGE ( 'NONE', *, *, #6078, .F. ) ;
#2780 = VECTOR ( 'NONE', #331, 1000.000000000000000 ) ;
#2781 = EDGE_CURVE ( 'NONE', #6557, #4341, #939, .T. ) ;
#2782 = AXIS2_PLACEMENT_3D ( 'NONE', #4380, #6549, #3837 ) ;
#2783 = CIRCLE ( 'NONE', #4818, 2.249999999999974243 ) ;
#2784 = CARTESIAN_POINT ( 'NONE',  ( -37.79747233864500089, 4.500000000000000000, -23.48284677995476599 ) ) ;
#2785 = DIRECTION ( 'NONE',  ( -1.000000000000000000, -3.793822962067481359E-35, -1.239088197126287612E-16 ) ) ;
#2786 = VERTEX_POINT ( 'NONE', #1015 ) ;
#2787 = CARTESIAN_POINT ( 'NONE',  ( 45.21007633856535080, 4.499999999999971578, -132.2533618551885866 ) ) ;
#2788 = CIRCLE ( 'NONE', #4705, 13.50000000000006750 ) ;
#2789 = ORIENTED_EDGE ( 'NONE', *, *, #873, .T. ) ;
#2790 = DIRECTION ( 'NONE',  ( -0.000000000000000000, -1.000000000000000000, -0.000000000000000000 ) ) ;
#2791 = VECTOR ( 'NONE', #5988, 1000.000000000000000 ) ;
#2792 = VECTOR ( 'NONE', #6781, 1000.000000000000114 ) ;
#2793 = CIRCLE ( 'NONE', #6417, 3.300000000000053113 ) ;
#2794 = CARTESIAN_POINT ( 'NONE',  ( -4.575000000000002842, 5.000000000000000000, -145.0000000000000000 ) ) ;
#2795 = CARTESIAN_POINT ( 'NONE',  ( -46.83854437949984373, 10.00000000000000000, -2.498233092428983504 ) ) ;
#2796 = VERTEX_POINT ( 'NONE', #5141 ) ;
#2797 = ORIENTED_EDGE ( 'NONE', *, *, #1182, .T. ) ;
#2798 = VECTOR ( 'NONE', #4368, 1000.000000000000000 ) ;
#2799 = AXIS2_PLACEMENT_3D ( 'NONE', #3274, #1264, #6709 ) ;
#2800 = DIRECTION ( 'NONE',  ( 0.000000000000000000, 0.000000000000000000, -1.000000000000000000 ) ) ;
#2801 = DIRECTION ( 'NONE',  ( 0.000000000000000000, 0.000000000000000000, 1.000000000000000000 ) ) ;
#2802 = ADVANCED_FACE ( 'NONE', ( #296 ), #4612, .F. ) ;
#2803 = DIRECTION ( 'NONE',  ( -0.000000000000000000, -1.000000000000000000, -0.000000000000000000 ) ) ;
#2804 = ORIENTED_EDGE ( 'NONE', *, *, #3710, .F. ) ;
#2805 = DIRECTION ( 'NONE',  ( 0.000000000000000000, 0.000000000000000000, 1.000000000000000000 ) ) ;
#2806 = ORIENTED_EDGE ( 'NONE', *, *, #2429, .T. ) ;
#2807 = AXIS2_PLACEMENT_3D ( 'NONE', #1368, #1871, #6756 ) ;
#2808 = DIRECTION ( 'NONE',  ( 0.000000000000000000, 0.000000000000000000, -1.000000000000000000 ) ) ;
#2809 = LINE ( 'NONE', #686, #857 ) ;
#2810 = CARTESIAN_POINT ( 'NONE',  ( 59.56147902922783999, 4.500000000000038192, -74.16929063582588810 ) ) ;
#2811 = CIRCLE ( 'NONE', #214, 5.000000000000000888 ) ;
#2812 = DIRECTION ( 'NONE',  ( 0.2591368248975497446, -0.7071067811865640040, -0.6579119287427409590 ) ) ;
#2813 = EDGE_LOOP ( 'NONE', ( #6107, #261, #80, #6784 ) ) ;
#2814 = DIRECTION ( 'NONE',  ( 0.000000000000000000, -0.000000000000000000, 1.000000000000000000 ) ) ;
#2815 = EDGE_CURVE ( 'NONE', #2034, #3196, #6928, .T. ) ;
#2816 = ORIENTED_EDGE ( 'NONE', *, *, #6268, .T. ) ;
#2817 = CARTESIAN_POINT ( 'NONE',  ( 39.81638296937916977, 4.500000000000038192, -69.61192258427072943 ) ) ;
#2818 = DIRECTION ( 'NONE',  ( -0.000000000000000000, -1.000000000000000000, -0.000000000000000000 ) ) ;
#2819 = ORIENTED_EDGE ( 'NONE', *, *, #1381, .T. ) ;
#2820 = DIRECTION ( 'NONE',  ( -0.000000000000000000, 1.000000000000000000, -0.000000000000000000 ) ) ;
#2821 = EDGE_CURVE ( 'NONE', #2796, #5823, #6365, .T. ) ;
#2822 = VERTEX_POINT ( 'NONE', #1113 ) ;
#2823 = DIRECTION ( 'NONE',  ( 0.000000000000000000, 0.7071067811865463515, 0.7071067811865487940 ) ) ;
#2824 = DIRECTION ( 'NONE',  ( 8.659560562354881089E-17, 0.7071067811865517916, -0.7071067811865432429 ) ) ;
#2825 = ADVANCED_FACE ( 'NONE', ( #2699 ), #3822, .T. ) ;
#2826 = CARTESIAN_POINT ( 'NONE',  ( -8.940694323019435785, 4.506155829702450433, -130.7667392354331639 ) ) ;
#2827 = CARTESIAN_POINT ( 'NONE',  ( 20.85965004500311082, 3.450000000000053024, -94.35965004500316411 ) ) ;
#2828 = EDGE_LOOP ( 'NONE', ( #3644, #1085, #6766, #3552 ) ) ;
#2829 = EDGE_CURVE ( 'NONE', #6930, #990, #3790, .T. ) ;
#2830 = EDGE_LOOP ( 'NONE', ( #433, #4415, #5973, #2247 ) ) ;
#2831 = AXIS2_PLACEMENT_3D ( 'NONE', #4661, #5841, #3143 ) ;
#2832 = DIRECTION ( 'NONE',  ( -0.2924353059680626088, 0.7071067811865386910, -0.6438024478233816961 ) ) ;
#2833 = DIRECTION ( 'NONE',  ( 0.3062001265894645496, -0.7071067811865524577, 0.6373707574689859712 ) ) ;
#2834 = CARTESIAN_POINT ( 'NONE',  ( 47.57676659720976886, 5.000000000000000000, -30.55541166886927584 ) ) ;
#2835 = VERTEX_POINT ( 'NONE', #6953 ) ;
#2836 = DIRECTION ( 'NONE',  ( 0.000000000000000000, 0.000000000000000000, 1.000000000000000000 ) ) ;
#2837 = ORIENTED_EDGE ( 'NONE', *, *, #2604, .F. ) ;
#2838 = CARTESIAN_POINT ( 'NONE',  ( -9.758150331071458794, 10.00000000000000000, -20.31207412382973487 ) ) ;
#2839 = CIRCLE ( 'NONE', #3964, 10.00000000000000888 ) ;
#2840 = LINE ( 'NONE', #4499, #1986 ) ;
#2841 = LINE ( 'NONE', #4094, #47 ) ;
#2842 = ORIENTED_EDGE ( 'NONE', *, *, #3328, .T. ) ;
#2843 = DIRECTION ( 'NONE',  ( -0.000000000000000000, 1.000000000000000000, -0.000000000000000000 ) ) ;
#2844 = EDGE_CURVE ( 'NONE', #220, #4024, #42, .T. ) ;
#2845 = VERTEX_POINT ( 'NONE', #4862 ) ;
#2846 = DIRECTION ( 'NONE',  ( 0.000000000000000000, 0.000000000000000000, 1.000000000000000000 ) ) ;
#2847 = VERTEX_POINT ( 'NONE', #474 ) ;
#2848 = DIRECTION ( 'NONE',  ( -0.000000000000000000, 1.000000000000000000, -0.000000000000000000 ) ) ;
#2849 = DIRECTION ( 'NONE',  ( -0.9309788644622425391, 0.000000000000000000, 0.3650730802518769025 ) ) ;
#2850 = ORIENTED_EDGE ( 'NONE', *, *, #2522, .F. ) ;
#2851 = LINE ( 'NONE', #1869, #6408 ) ;
#2852 = ORIENTED_EDGE ( 'NONE', *, *, #4192, .F. ) ;
#2853 = CARTESIAN_POINT ( 'NONE',  ( -47.05506056541143778, 5.000000000000000000, -2.948922277165313854 ) ) ;
#2854 = DIRECTION ( 'NONE',  ( 0.000000000000000000, 0.000000000000000000, 1.000000000000000000 ) ) ;
#2855 = DIRECTION ( 'NONE',  ( -1.000000000000000000, 0.000000000000000000, 0.000000000000000000 ) ) ;
#2856 = FACE_OUTER_BOUND ( 'NONE', #6498, .T. ) ;
#2857 = EDGE_CURVE ( 'NONE', #5675, #5383, #6141, .T. ) ;
#2858 = ORIENTED_EDGE ( 'NONE', *, *, #6718, .F. ) ;
#2859 = AXIS2_PLACEMENT_3D ( 'NONE', #5621, #2818, #125 ) ;
#2860 = ORIENTED_EDGE ( 'NONE', *, *, #3160, .T. ) ;
#2861 = ADVANCED_FACE ( 'NONE', ( #3259 ), #5352, .F. ) ;
#2862 = ADVANCED_FACE ( 'NONE', ( #1043 ), #2136, .T. ) ;
#2863 = AXIS2_PLACEMENT_3D ( 'NONE', #3146, #6235, #6337 ) ;
#2864 = CARTESIAN_POINT ( 'NONE',  ( -45.21007633856536501, 4.500000000000000000, -132.2533618551885866 ) ) ;
#2865 = CARTESIAN_POINT ( 'NONE',  ( 47.79714078179278403, 0.4999999999999987232, -125.8756256879251794 ) ) ;
#2866 = DIRECTION ( 'NONE',  ( 0.9013783694726589246, 0.000000000000000000, -0.4330323718231822161 ) ) ;
#2867 = VERTEX_POINT ( 'NONE', #2766 ) ;
#2868 = DIRECTION ( 'NONE',  ( 0.000000000000000000, 1.000000000000000000, 0.000000000000000000 ) ) ;
#2869 = AXIS2_PLACEMENT_3D ( 'NONE', #6582, #4993, #2752 ) ;
#2870 = AXIS2_PLACEMENT_3D ( 'NONE', #7007, #3277, #1624 ) ;
#2871 = ORIENTED_EDGE ( 'NONE', *, *, #1938, .T. ) ;
#2872 = AXIS2_PLACEMENT_3D ( 'NONE', #2335, #5632, #2959 ) ;
#2873 = DIRECTION ( 'NONE',  ( 0.000000000000000000, 1.000000000000000000, 0.000000000000000000 ) ) ;
#2874 = CLOSED_SHELL ( 'NONE', ( #5255, #6019, #6363, #1189, #3056, #5245, #2012, #3791, #5376, #6186, #6027, #2126, #6574, #2260, #4113, #3559, #6710, #4563, #746, #168, #6744, #4003, #5074, #3812, #1618, #1338, #3728, #3311, #3399, #884, #2694, #4031, #1474, #6730, #5078, #5921, #5406, #4059, #4657, #6713, #755, #6554, #2083, #2158, #4436, #2543, #1878, #3414, #6692, #2928, #4435, #2043, #2511, #3576, #5517, #2134, #381, #107, #1948, #637, #2248, #3422, #2884, #4749, #2883, #1955, #4199, #271, #4671, #4508, #5377, #53, #2311, #4140, #3761, #4750, #5240, #1643, #3528, #5901, #3098, #816, #99, #4212, #2825, #2861, #2862, #2523, #2004, #228, #5676, #4312, #775, #2912, #4581, #789, #4629, #4790, #573, #608, #324, #1705, #3427, #3687, #5795, #4742, #6424, #4882, #1681, #4238, #3848, #5111, #5968, #2665, #1912, #1535, #3833, #2459, #4091, #2646, #5762, #383, #6161, #2802, #5557, #6459, #361, #6513, #5277, #4877, #3171, #247, #965, #4897, #3764, #1816, #3385, #827, #539, #4414, #907, #2775, #1802, #460, #4177, #3101, #1354, #1103, #2945, #3615, #2266, #3975, #5502, #5354, #4769, #2929, #245, #683, #5952, #6060, #5989, #5478, #2950, #1053, #1312, #6595, #4107, #7004, #4910, #4678, #208, #776, #2425, #3581, #570, #4286, #5127, #6807, #5223, #6547, #4522, #1485, #4801, #922, #1293, #2086, #4132, #5812, #2195, #5807, #680, #631, #1725, #6789, #1443, #2669, #6531, #5486, #1018, #4292, #6413, #5238, #4392, #3892, #2754, #4883, #5728, #1332, #380, #2001, #767, #5927, #6071, #1797, #452, #659, #4823, #4537, #1897, #3658, #4419, #2353, #6512, #5256, #1852, #5029, #3290, #4273, #3184, #4547, #6451, #1597, #6445, #2172, #6879, #3377, #1000, #103, #695, #3603, #491, #1346, #1173, #529 ) ) ;
#2875 = FACE_OUTER_BOUND ( 'NONE', #188, .T. ) ;
#2876 = PLANE ( 'NONE',  #1195 ) ;
#2877 = ORIENTED_EDGE ( 'NONE', *, *, #6759, .T. ) ;
#2878 = DIRECTION ( 'NONE',  ( 0.3650730802518771245, 0.000000000000000000, 0.9309788644622424281 ) ) ;
#2879 = ORIENTED_EDGE ( 'NONE', *, *, #670, .T. ) ;
#2880 = CARTESIAN_POINT ( 'NONE',  ( 52.21999999999999176, 5.000000000000000000, -13.69999999999999929 ) ) ;
#2881 = ORIENTED_EDGE ( 'NONE', *, *, #1063, .F. ) ;
#2882 = AXIS2_PLACEMENT_3D ( 'NONE', #1263, #4539, #233 ) ;
#2883 = ADVANCED_FACE ( 'NONE', ( #4321 ), #5457, .T. ) ;
#2884 = ADVANCED_FACE ( 'NONE', ( #4258 ), #572, .T. ) ;
#2885 = DIRECTION ( 'NONE',  ( 0.000000000000000000, 1.000000000000000000, 0.000000000000000000 ) ) ;
#2886 = DIRECTION ( 'NONE',  ( 0.000000000000000000, 0.000000000000000000, 1.000000000000000000 ) ) ;
#2887 = ORIENTED_EDGE ( 'NONE', *, *, #6100, .F. ) ;
#2888 = CARTESIAN_POINT ( 'NONE',  ( -50.99999999999999289, 0.000000000000000000, -141.7000000000000171 ) ) ;
#2889 = EDGE_CURVE ( 'NONE', #4800, #6880, #2729, .T. ) ;
#2890 = CIRCLE ( 'NONE', #2218, 2.250000000000001776 ) ;
#2891 = ORIENTED_EDGE ( 'NONE', *, *, #1045, .F. ) ;
#2892 = LINE ( 'NONE', #6715, #6770 ) ;
#2893 = DIRECTION ( 'NONE',  ( 0.000000000000000000, 0.000000000000000000, -1.000000000000000000 ) ) ;
#2894 = AXIS2_PLACEMENT_3D ( 'NONE', #2941, #2873, #4568 ) ;
#2895 = VECTOR ( 'NONE', #4491, 1000.000000000000114 ) ;
#2896 = ORIENTED_EDGE ( 'NONE', *, *, #1019, .F. ) ;
#2897 = DIRECTION ( 'NONE',  ( -0.000000000000000000, 1.000000000000000000, -0.000000000000000000 ) ) ;
#2898 = LINE ( 'NONE', #1310, #48 ) ;
#2899 = ORIENTED_EDGE ( 'NONE', *, *, #925, .F. ) ;
#2900 = CIRCLE ( 'NONE', #1430, 13.50000000000012257 ) ;
#2901 = ORIENTED_EDGE ( 'NONE', *, *, #1686, .F. ) ;
#2902 = CIRCLE ( 'NONE', #4947, 5.500000000000005329 ) ;
#2903 = DIRECTION ( 'NONE',  ( 0.5067318539713830949, 0.5067318539713848713, -0.6974565623330586384 ) ) ;
#2904 = LINE ( 'NONE', #3928, #5382 ) ;
#2905 = CIRCLE ( 'NONE', #3129, 9.999999999999994671 ) ;
#2906 = AXIS2_PLACEMENT_3D ( 'NONE', #4605, #6241, #2056 ) ;
#2907 = DIRECTION ( 'NONE',  ( -0.000000000000000000, 1.000000000000000000, -0.000000000000000000 ) ) ;
#2908 = EDGE_CURVE ( 'NONE', #6056, #6629, #3721, .T. ) ;
#2909 = ORIENTED_EDGE ( 'NONE', *, *, #6533, .T. ) ;
#2910 = FACE_OUTER_BOUND ( 'NONE', #4693, .T. ) ;
#2911 = EDGE_LOOP ( 'NONE', ( #3461, #5424, #3625, #449, #6964 ) ) ;
#2912 = ADVANCED_FACE ( 'NONE', ( #6991 ), #1148, .F. ) ;
#2913 = CARTESIAN_POINT ( 'NONE',  ( -36.83221845872049727, 0.5000000000000213163, -132.3400645262867954 ) ) ;
#2914 = DIRECTION ( 'NONE',  ( -0.000000000000000000, -1.000000000000000000, -0.000000000000000000 ) ) ;
#2915 = CARTESIAN_POINT ( 'NONE',  ( -52.21999999999999176, 4.499999999999995559, -13.69999999999999929 ) ) ;
#2916 = ORIENTED_EDGE ( 'NONE', *, *, #6536, .T. ) ;
#2917 = DIRECTION ( 'NONE',  ( 0.000000000000000000, 0.000000000000000000, 1.000000000000000000 ) ) ;
#2918 = VERTEX_POINT ( 'NONE', #1683 ) ;
#2919 = DIRECTION ( 'NONE',  ( -0.000000000000000000, 1.000000000000000000, -0.000000000000000000 ) ) ;
#2920 = ORIENTED_EDGE ( 'NONE', *, *, #4006, .F. ) ;
#2921 = AXIS2_PLACEMENT_3D ( 'NONE', #5194, #5264, #6895 ) ;
#2922 = FACE_OUTER_BOUND ( 'NONE', #4754, .T. ) ;
#2923 = DIRECTION ( 'NONE',  ( 0.000000000000000000, 0.000000000000000000, 1.000000000000000000 ) ) ;
#2924 = ORIENTED_EDGE ( 'NONE', *, *, #4384, .F. ) ;
#2925 = FACE_OUTER_BOUND ( 'NONE', #2393, .T. ) ;
#2926 = ORIENTED_EDGE ( 'NONE', *, *, #6503, .F. ) ;
#2927 = DIRECTION ( 'NONE',  ( -0.9013783694726588136, 0.000000000000000000, -0.4330323718231822716 ) ) ;
#2928 = ADVANCED_FACE ( 'NONE', ( #3225, #4290 ), #5392, .T. ) ;
#2929 = ADVANCED_FACE ( 'NONE', ( #6530 ), #5444, .F. ) ;
#2930 = ORIENTED_EDGE ( 'NONE', *, *, #2156, .T. ) ;
#2931 = DIRECTION ( 'NONE',  ( -1.000000000000000000, 0.000000000000000000, 0.000000000000000000 ) ) ;
#2932 = LINE ( 'NONE', #5659, #960 ) ;
#2933 = ORIENTED_EDGE ( 'NONE', *, *, #2844, .F. ) ;
#2934 = FACE_OUTER_BOUND ( 'NONE', #5116, .T. ) ;
#2935 = CARTESIAN_POINT ( 'NONE',  ( 12.27825675560704433, 5.000000000000000000, -127.3776317500207824 ) ) ;
#2936 = PLANE ( 'NONE',  #3699 ) ;
#2937 = ORIENTED_EDGE ( 'NONE', *, *, #132, .T. ) ;
#2938 = DIRECTION ( 'NONE',  ( -0.000000000000000000, -1.000000000000000000, -0.000000000000000000 ) ) ;
#2939 = ORIENTED_EDGE ( 'NONE', *, *, #2671, .F. ) ;
#2940 = EDGE_CURVE ( 'NONE', #1307, #1457, #3285, .T. ) ;
#2941 = CARTESIAN_POINT ( 'NONE',  ( 20.85965004500311082, 0.000000000000000000, -94.35965004500316411 ) ) ;
#2942 = LINE ( 'NONE', #3965, #3893 ) ;
#2943 = ORIENTED_EDGE ( 'NONE', *, *, #6768, .F. ) ;
#2944 = DIRECTION ( 'NONE',  ( 0.000000000000000000, 1.000000000000000000, 0.000000000000000000 ) ) ;
#2945 = ADVANCED_FACE ( 'NONE', ( #1321 ), #1177, .T. ) ;
#2946 = EDGE_LOOP ( 'NONE', ( #466, #2377, #1674, #3513 ) ) ;
#2947 = DIRECTION ( 'NONE',  ( -0.4232579588512069835, 0.000000000000000000, 0.9060092164371783552 ) ) ;
#2948 = VERTEX_POINT ( 'NONE', #5568 ) ;
#2949 = AXIS2_PLACEMENT_3D ( 'NONE', #6106, #187, #3435 ) ;
#2950 = ADVANCED_FACE ( 'NONE', ( #3474 ), #804, .T. ) ;
#2951 = LINE ( 'NONE', #6189, #5144 ) ;
#2952 = FACE_OUTER_BOUND ( 'NONE', #2089, .T. ) ;
#2953 = ORIENTED_EDGE ( 'NONE', *, *, #1064, .T. ) ;
#2954 = CARTESIAN_POINT ( 'NONE',  ( -50.99999999999999289, 1.550000000000034017, -145.0000000000000284 ) ) ;
#2955 = ORIENTED_EDGE ( 'NONE', *, *, #3992, .T. ) ;
#2956 = CARTESIAN_POINT ( 'NONE',  ( -43.14224645948157644, 0.000000000000000000, -127.7009910891845692 ) ) ;
#2957 = EDGE_CURVE ( 'NONE', #674, #5940, #3863, .T. ) ;
#2958 = ORIENTED_EDGE ( 'NONE', *, *, #5289, .F. ) ;
#2959 = DIRECTION ( 'NONE',  ( -1.000000000000000000, 0.000000000000000000, 0.000000000000000000 ) ) ;
#2960 = DIRECTION ( 'NONE',  ( -1.776356839400250465E-15, 0.000000000000000000, 1.000000000000000000 ) ) ;
#2961 = ORIENTED_EDGE ( 'NONE', *, *, #5536, .F. ) ;
#2962 = AXIS2_PLACEMENT_3D ( 'NONE', #5586, #735, #2893 ) ;
#2963 = VECTOR ( 'NONE', #1144, 1000.000000000000114 ) ;
#2964 = EDGE_CURVE ( 'NONE', #5688, #3582, #713, .T. ) ;
#2965 = CARTESIAN_POINT ( 'NONE',  ( 35.63231047952908170, 0.5000000000000004441, -18.97595493259147403 ) ) ;
#2966 = AXIS2_PLACEMENT_3D ( 'NONE', #6646, #1804, #4985 ) ;
#2967 = CARTESIAN_POINT ( 'NONE',  ( 3.075000000000000622, 2.500000000000000444, -129.2500000000000000 ) ) ;
#2968 = LINE ( 'NONE', #6773, #5521 ) ;
#2969 = ORIENTED_EDGE ( 'NONE', *, *, #4728, .F. ) ;
#2970 = EDGE_CURVE ( 'NONE', #4762, #2741, #6630, .T. ) ;
#2971 = DIRECTION ( 'NONE',  ( -0.000000000000000000, -1.000000000000000000, -0.000000000000000000 ) ) ;
#2972 = ORIENTED_EDGE ( 'NONE', *, *, #839, .T. ) ;
#2973 = AXIS2_PLACEMENT_3D ( 'NONE', #3796, #6001, #1611 ) ;
#2974 = CARTESIAN_POINT ( 'NONE',  ( -3.575000000000001066, -19.49202618875708737, -123.0678098733491623 ) ) ;
#2975 = DIRECTION ( 'NONE',  ( 0.000000000000000000, 1.000000000000000000, 0.000000000000000000 ) ) ;
#2976 = ORIENTED_EDGE ( 'NONE', *, *, #5316, .F. ) ;
#2977 = CARTESIAN_POINT ( 'NONE',  ( 39.56668648912853570, 4.500000000000039968, -77.49523297530159027 ) ) ;
#2978 = AXIS2_PLACEMENT_3D ( 'NONE', #1133, #3279, #5443 ) ;
#2979 = VECTOR ( 'NONE', #105, 1000.000000000000000 ) ;
#2980 = ORIENTED_EDGE ( 'NONE', *, *, #6084, .T. ) ;
#2981 = DIRECTION ( 'NONE',  ( -0.000000000000000000, -1.000000000000000000, -0.000000000000000000 ) ) ;
#2982 = ORIENTED_EDGE ( 'NONE', *, *, #873, .F. ) ;
#2983 = EDGE_CURVE ( 'NONE', #5562, #5675, #4778, .T. ) ;
#2984 = CARTESIAN_POINT ( 'NONE',  ( -4.575000000000004619, 5.000000000000000000, -131.4464574229608047 ) ) ;
#2985 = CARTESIAN_POINT ( 'NONE',  ( 39.78038695602474206, 4.499999999999998224, -46.06272032662375437 ) ) ;
#2986 = VERTEX_POINT ( 'NONE', #251 ) ;
#2987 = DIRECTION ( 'NONE',  ( 0.7797082821233128902, 0.000000000000000000, 0.6261429507614952872 ) ) ;
#2988 = AXIS2_PLACEMENT_3D ( 'NONE', #2116, #4275, #3809 ) ;
#2989 = EDGE_LOOP ( 'NONE', ( #1390, #5576 ) ) ;
#2990 = DIRECTION ( 'NONE',  ( 0.000000000000000000, 0.000000000000000000, 1.000000000000000000 ) ) ;
#2991 = CIRCLE ( 'NONE', #6167, 2.250000000000001776 ) ;
#2992 = EDGE_CURVE ( 'NONE', #1830, #5418, #5101, .T. ) ;
#2993 = CIRCLE ( 'NONE', #1537, 10.00000000000000888 ) ;
#2994 = CARTESIAN_POINT ( 'NONE',  ( 50.99999999999999289, 10.00000000000000000, -145.0000000000000284 ) ) ;
#2995 = ORIENTED_EDGE ( 'NONE', *, *, #1980, .F. ) ;
#2996 = LINE ( 'NONE', #276, #5824 ) ;
#2997 = AXIS2_PLACEMENT_3D ( 'NONE', #3412, #5678, #3486 ) ;
#2998 = DIRECTION ( 'NONE',  ( 0.000000000000000000, -0.7071067811865444641, -0.7071067811865505703 ) ) ;
#2999 = VERTEX_POINT ( 'NONE', #3994 ) ;
#3000 = FACE_OUTER_BOUND ( 'NONE', #4188, .T. ) ;
#3001 = AXIS2_PLACEMENT_3D ( 'NONE', #437, #6317, #6809 ) ;
#3002 = AXIS2_PLACEMENT_3D ( 'NONE', #3014, #3680, #5860 ) ;
#3004 = CIRCLE ( 'NONE', #4251, 22.00000000000002132 ) ;
#3003 = CARTESIAN_POINT ( 'NONE',  ( -36.83221845872049727, 0.000000000000000000, -132.3400645262867954 ) ) ;
#3005 = CIRCLE ( 'NONE', #4824, 3.299999999999997158 ) ;
#3006 = CARTESIAN_POINT ( 'NONE',  ( 9.758150331071458794, 0.4999999999999726885, -20.31207412382973487 ) ) ;
#3007 = CARTESIAN_POINT ( 'NONE',  ( -53.30004952161288401, 0.5000000000000004441, -66.37220781459282648 ) ) ;
#3008 = AXIS2_PLACEMENT_3D ( 'NONE', #5066, #215, #1783 ) ;
#3009 = ORIENTED_EDGE ( 'NONE', *, *, #5638, .T. ) ;
#3010 = DIRECTION ( 'NONE',  ( 0.000000000000000000, 0.000000000000000000, 1.000000000000000000 ) ) ;
#3011 = EDGE_LOOP ( 'NONE', ( #1445, #4327, #3235, #1395 ) ) ;
#3012 = AXIS2_PLACEMENT_3D ( 'NONE', #6688, #3460, #6654 ) ;
#3013 = EDGE_CURVE ( 'NONE', #439, #5052, #4544, .T. ) ;
#3014 = CARTESIAN_POINT ( 'NONE',  ( 42.59371590680527930, 10.00000000000000000, -28.22749289518764471 ) ) ;
#3015 = AXIS2_PLACEMENT_3D ( 'NONE', #5455, #602, #2764 ) ;
#3016 = AXIS2_PLACEMENT_3D ( 'NONE', #4674, #3115, #3010 ) ;
#3017 = LINE ( 'NONE', #2518, #6519 ) ;
#3018 = ORIENTED_EDGE ( 'NONE', *, *, #6587, .T. ) ;
#3019 = CARTESIAN_POINT ( 'NONE',  ( 20.85965004500319608, 5.000000000000000000, -49.34034995499682452 ) ) ;
#3020 = ORIENTED_EDGE ( 'NONE', *, *, #5948, .T. ) ;
#3021 = CARTESIAN_POINT ( 'NONE',  ( -1.387778780781445676E-14, 0.5000000000000108802, -95.00000000000000000 ) ) ;
#3022 = ORIENTED_EDGE ( 'NONE', *, *, #4761, .T. ) ;
#3023 = AXIS2_PLACEMENT_3D ( 'NONE', #5402, #5974, #5431 ) ;
#3024 = CYLINDRICAL_SURFACE ( 'NONE', #5035, 1.750000000000001554 ) ;
#3025 = CARTESIAN_POINT ( 'NONE',  ( -50.99999999999999289, 5.000000000000000000, -143.2500000000000284 ) ) ;
#3026 = VERTEX_POINT ( 'NONE', #4972 ) ;
#3027 = CARTESIAN_POINT ( 'NONE',  ( -1.124479718964764634E-14, 4.499999999999989342, -52.00000000000001421 ) ) ;
#3028 = ORIENTED_EDGE ( 'NONE', *, *, #3924, .F. ) ;
#3029 = LINE ( 'NONE', #450, #1234 ) ;
#3030 = VERTEX_POINT ( 'NONE', #113 ) ;
#3031 = AXIS2_PLACEMENT_3D ( 'NONE', #3520, #6650, #5685 ) ;
#3032 = EDGE_CURVE ( 'NONE', #5775, #5393, #1284, .T. ) ;
#3033 = DIRECTION ( 'NONE',  ( -0.6406452607602275418, 0.7071067811865612285, 0.2992885728948580515 ) ) ;
#3034 = ORIENTED_EDGE ( 'NONE', *, *, #5148, .F. ) ;
#3035 = DIRECTION ( 'NONE',  ( 0.000000000000000000, 0.000000000000000000, -1.000000000000000000 ) ) ;
#3036 = PLANE ( 'NONE',  #4447 ) ;
#3037 = VERTEX_POINT ( 'NONE', #146 ) ;
#3038 = VECTOR ( 'NONE', #4119, 1000.000000000000000 ) ;
#3039 = DIRECTION ( 'NONE',  ( 6.608470384673579620E-16, 0.000000000000000000, 1.000000000000000000 ) ) ;
#3040 = EDGE_CURVE ( 'NONE', #5476, #6942, #1501, .T. ) ;
#3041 = DIRECTION ( 'NONE',  ( 0.5272702316951527468, 0.7071067811865616726, -0.4711540117287763563 ) ) ;
#3042 = EDGE_CURVE ( 'NONE', #4907, #1805, #4038, .T. ) ;
#3043 = CARTESIAN_POINT ( 'NONE',  ( -4.575000000000005507, 5.000000000000000000, -125.9469657336693444 ) ) ;
#3044 = CARTESIAN_POINT ( 'NONE',  ( -42.59371590680527930, 0.5000000000000004441, -28.22749289518764471 ) ) ;
#3045 = CARTESIAN_POINT ( 'NONE',  ( 64.03370410247146083, 10.00000000000000000, -139.8889768764736914 ) ) ;
#3046 = ORIENTED_EDGE ( 'NONE', *, *, #4134, .F. ) ;
#3047 = CARTESIAN_POINT ( 'NONE',  ( -31.03562620414072271, 0.000000000000000000, -47.48000949045419361 ) ) ;
#3048 = ORIENTED_EDGE ( 'NONE', *, *, #2643, .F. ) ;
#3049 = DIRECTION ( 'NONE',  ( 0.000000000000000000, 0.000000000000000000, -1.000000000000000000 ) ) ;
#3050 = DIRECTION ( 'NONE',  ( 0.3650730802518771245, 0.000000000000000000, 0.9309788644622424281 ) ) ;
#3051 = ORIENTED_EDGE ( 'NONE', *, *, #2563, .T. ) ;
#3052 = DIRECTION ( 'NONE',  ( 1.239088197126289831E-16, 0.000000000000000000, -1.000000000000000000 ) ) ;
#3053 = ORIENTED_EDGE ( 'NONE', *, *, #5596, .F. ) ;
#3054 = CARTESIAN_POINT ( 'NONE',  ( 17.56989885962712705, 5.000000000000000000, -37.00960874336267636 ) ) ;
#3055 = VERTEX_POINT ( 'NONE', #5498 ) ;
#3056 = ADVANCED_FACE ( 'NONE', ( #4526 ), #4205, .F. ) ;
#3057 = DIRECTION ( 'NONE',  ( -0.000000000000000000, -1.000000000000000000, -0.000000000000000000 ) ) ;
#3058 = DIRECTION ( 'NONE',  ( 0.000000000000000000, 0.000000000000000000, -1.000000000000000000 ) ) ;
#3059 = ORIENTED_EDGE ( 'NONE', *, *, #2712, .T. ) ;
#3060 = DIRECTION ( 'NONE',  ( -0.5773502691896250649, -0.5773502691896211791, -0.5773502691896310601 ) ) ;
#3061 = EDGE_LOOP ( 'NONE', ( #579, #3127, #6343, #5523 ) ) ;
#3062 = DIRECTION ( 'NONE',  ( 0.000000000000000000, 0.000000000000000000, 1.000000000000000000 ) ) ;
#3063 = ORIENTED_EDGE ( 'NONE', *, *, #5397, .F. ) ;
#3064 = EDGE_CURVE ( 'NONE', #3596, #4800, #3417, .T. ) ;
#3065 = CARTESIAN_POINT ( 'NONE',  ( 3.575000000000000622, 2.500000000000000444, -129.2500000000000000 ) ) ;
#3066 = AXIS2_PLACEMENT_3D ( 'NONE', #6642, #5648, #1799 ) ;
#3067 = ORIENTED_EDGE ( 'NONE', *, *, #4567, .T. ) ;
#3068 = LINE ( 'NONE', #6868, #3391 ) ;
#3069 = CARTESIAN_POINT ( 'NONE',  ( 34.02649615143337769, 4.499999999999971578, -99.45476634795502946 ) ) ;
#3070 = ORIENTED_EDGE ( 'NONE', *, *, #2479, .F. ) ;
#3071 = DIRECTION ( 'NONE',  ( 8.659560562355025303E-17, -0.7071067811865398012, 0.7071067811865551223 ) ) ;
#3072 = CARTESIAN_POINT ( 'NONE',  ( -8.673617379884035472E-16, 4.500000000000038192, -13.90587977405051134 ) ) ;
#3073 = CARTESIAN_POINT ( 'NONE',  ( 35.41579429361750186, 0.000000000000000000, -18.52526574785516189 ) ) ;
#3074 = DIRECTION ( 'NONE',  ( 0.4427499264756003527, 0.7071067811865593411, 0.5513370136366991803 ) ) ;
#3075 = DIRECTION ( 'NONE',  ( 0.000000000000000000, -0.7071067811865489050, -0.7071067811865461294 ) ) ;
#3076 = AXIS2_PLACEMENT_3D ( 'NONE', #1748, #2410, #2805 ) ;
#3077 = EDGE_LOOP ( 'NONE', ( #6428, #2502, #2431, #6863 ) ) ;
#3078 = CARTESIAN_POINT ( 'NONE',  ( -47.12376198899117696, 4.500000000000000000, -30.34378268944368529 ) ) ;
#3079 = EDGE_CURVE ( 'NONE', #1311, #5783, #4458, .T. ) ;
#3080 = VERTEX_POINT ( 'NONE', #3961 ) ;
#3081 = EDGE_CURVE ( 'NONE', #4983, #826, #6015, .T. ) ;
#3082 = AXIS2_PLACEMENT_3D ( 'NONE', #2207, #2140, #86 ) ;
#3083 = CARTESIAN_POINT ( 'NONE',  ( 52.21999999999999176, 4.499999999999975131, -15.45000000000000817 ) ) ;
#3084 = DIRECTION ( 'NONE',  ( -0.000000000000000000, -1.000000000000000000, -0.000000000000000000 ) ) ;
#3085 = CARTESIAN_POINT ( 'NONE',  ( 35.41579429361749476, 5.000000000000000000, -18.52526574785514057 ) ) ;
#3086 = VERTEX_POINT ( 'NONE', #753 ) ;
#3087 = DIRECTION ( 'NONE',  ( 0.000000000000000000, -1.000000000000000000, 0.000000000000000000 ) ) ;
#3088 = CIRCLE ( 'NONE', #1739, 1.250000000000001110 ) ;
#3089 = EDGE_LOOP ( 'NONE', ( #4460, #574, #4507, #396 ) ) ;
#3090 = AXIS2_PLACEMENT_3D ( 'NONE', #847, #1944, #388 ) ;
#3091 = DIRECTION ( 'NONE',  ( -0.000000000000000000, 1.000000000000000000, -0.000000000000000000 ) ) ;
#3092 = DIRECTION ( 'NONE',  ( 0.000000000000000000, 0.000000000000000000, -1.000000000000000000 ) ) ;
#3093 = EDGE_LOOP ( 'NONE', ( #5442, #6425, #3434, #3869 ) ) ;
#3094 = LINE ( 'NONE', #448, #3432 ) ;
#3095 = AXIS2_PLACEMENT_3D ( 'NONE', #414, #2038, #986 ) ;
#3096 = ORIENTED_EDGE ( 'NONE', *, *, #93, .F. ) ;
#3097 = CARTESIAN_POINT ( 'NONE',  ( -37.79747233864500089, 4.500000000000000000, -23.48284677995476599 ) ) ;
#3098 = ADVANCED_FACE ( 'NONE', ( #2910 ), #5070, .T. ) ;
#3099 = ORIENTED_EDGE ( 'NONE', *, *, #3321, .T. ) ;
#3100 = CIRCLE ( 'NONE', #3436, 5.000000000000000888 ) ;
#3101 = ADVANCED_FACE ( 'NONE', ( #3503 ), #5743, .T. ) ;
#3102 = AXIS2_PLACEMENT_3D ( 'NONE', #3919, #1874, #2931 ) ;
#3103 = DIRECTION ( 'NONE',  ( 0.000000000000000000, 1.000000000000000000, 0.000000000000000000 ) ) ;
#3104 = EDGE_CURVE ( 'NONE', #5622, #2032, #2483, .T. ) ;
#3105 = ORIENTED_EDGE ( 'NONE', *, *, #1524, .T. ) ;
#3106 = CARTESIAN_POINT ( 'NONE',  ( -52.21999999999999176, 4.499999999999995559, -13.69999999999999929 ) ) ;
#3107 = CARTESIAN_POINT ( 'NONE',  ( -47.79714078179279824, 0.5000000000000177636, -125.8756256879251794 ) ) ;
#3108 = ORIENTED_EDGE ( 'NONE', *, *, #2685, .F. ) ;
#3109 = DIRECTION ( 'NONE',  ( 0.5272702316951746182, -0.7071067811865383579, -0.4711540117287869589 ) ) ;
#3110 = DIRECTION ( 'NONE',  ( -0.000000000000000000, 1.000000000000000000, -0.000000000000000000 ) ) ;
#3111 = DIRECTION ( 'NONE',  ( 0.4330323718231823271, 0.000000000000000000, -0.9013783694726589246 ) ) ;
#3112 = CARTESIAN_POINT ( 'NONE',  ( 42.23399868933902468, 4.500000000000017764, -155.9159159497264113 ) ) ;
#3113 = LINE ( 'NONE', #1529, #1801 ) ;
#3114 = EDGE_LOOP ( 'NONE', ( #4379, #1344, #419, #5306 ) ) ;
#3115 = DIRECTION ( 'NONE',  ( -0.000000000000000000, -1.000000000000000000, -0.000000000000000000 ) ) ;
#3116 = AXIS2_PLACEMENT_3D ( 'NONE', #400, #3119, #469 ) ;
#3117 = EDGE_LOOP ( 'NONE', ( #3366, #3600, #4283, #6900 ) ) ;
#3118 = CIRCLE ( 'NONE', #6745, 12.42737488156552494 ) ;
#3119 = DIRECTION ( 'NONE',  ( 0.000000000000000000, 1.000000000000000000, 0.000000000000000000 ) ) ;
#3120 = VECTOR ( 'NONE', #1196, 1000.000000000000000 ) ;
#3121 = EDGE_CURVE ( 'NONE', #2847, #928, #371, .T. ) ;
#3122 = PLANE ( 'NONE',  #6184 ) ;
#3123 = CARTESIAN_POINT ( 'NONE',  ( 52.21999999999999176, 5.000000000000000000, -11.94999999999998863 ) ) ;
#3124 = ORIENTED_EDGE ( 'NONE', *, *, #616, .T. ) ;
#3125 = LINE ( 'NONE', #903, #22 ) ;
#3126 = AXIS2_PLACEMENT_3D ( 'NONE', #4313, #69, #3814 ) ;
#3127 = ORIENTED_EDGE ( 'NONE', *, *, #2724, .F. ) ;
#3128 = EDGE_CURVE ( 'NONE', #2049, #1787, #2026, .T. ) ;
#3129 = AXIS2_PLACEMENT_3D ( 'NONE', #1041, #5964, #3748 ) ;
#3130 = CIRCLE ( 'NONE', #3016, 2.250000000000031530 ) ;
#3131 = CARTESIAN_POINT ( 'NONE',  ( -52.21999999999999176, 5.000000000000000000, -15.45000000000000107 ) ) ;
#3132 = CARTESIAN_POINT ( 'NONE',  ( -38.68139047374459949, 4.500000000000002665, -102.6294009466956538 ) ) ;
#3133 = ORIENTED_EDGE ( 'NONE', *, *, #1459, .F. ) ;
#3134 = LINE ( 'NONE', #2070, #3990 ) ;
#3135 = CIRCLE ( 'NONE', #3023, 5.000000000000004441 ) ;
#3136 = ORIENTED_EDGE ( 'NONE', *, *, #4228, .T. ) ;
#3137 = PLANE ( 'NONE',  #2921 ) ;
#3138 = AXIS2_PLACEMENT_3D ( 'NONE', #1848, #2243, #4391 ) ;
#3139 = AXIS2_PLACEMENT_3D ( 'NONE', #5437, #6546, #3734 ) ;
#3140 = ORIENTED_EDGE ( 'NONE', *, *, #5316, .T. ) ;
#3141 = DIRECTION ( 'NONE',  ( -0.000000000000000000, -1.000000000000000000, -0.000000000000000000 ) ) ;
#3142 = VERTEX_POINT ( 'NONE', #929 ) ;
#3143 = DIRECTION ( 'NONE',  ( 0.000000000000000000, 0.000000000000000000, 1.000000000000000000 ) ) ;
#3144 = EDGE_CURVE ( 'NONE', #4907, #6664, #2452, .T. ) ;
#3145 = ORIENTED_EDGE ( 'NONE', *, *, #556, .F. ) ;
#3146 = CARTESIAN_POINT ( 'NONE',  ( 50.99999999999999289, 0.000000000000000000, -145.0000000000000284 ) ) ;
#3147 = EDGE_CURVE ( 'NONE', #4516, #4229, #1217, .T. ) ;
#3148 = CONICAL_SURFACE ( 'NONE', #1906, 5.500000000000005329, 0.7853981633974526089 ) ;
#3149 = DIRECTION ( 'NONE',  ( 0.000000000000000000, -1.000000000000000000, 0.000000000000000000 ) ) ;
#3150 = CARTESIAN_POINT ( 'NONE',  ( 46.83854437949984373, 10.00000000000000000, -2.498233092428983504 ) ) ;
#3151 = DIRECTION ( 'NONE',  ( -0.000000000000000000, -1.000000000000000000, -0.000000000000000000 ) ) ;
#3152 = EDGE_LOOP ( 'NONE', ( #5153, #229, #6079, #619 ) ) ;
#3153 = DIRECTION ( 'NONE',  ( 0.000000000000000000, 0.000000000000000000, -1.000000000000000000 ) ) ;
#3154 = ORIENTED_EDGE ( 'NONE', *, *, #3198, .F. ) ;
#3155 = CYLINDRICAL_SURFACE ( 'NONE', #4464, 5.000000000000004441 ) ;
#3156 = DIRECTION ( 'NONE',  ( -0.6406452607602437510, 0.7071067811865425767, -0.2992885728948672663 ) ) ;
#3157 = ORIENTED_EDGE ( 'NONE', *, *, #467, .T. ) ;
#3158 = CARTESIAN_POINT ( 'NONE',  ( 3.574999999999999289, 15.00612312536679305, 0.000000000000000000 ) ) ;
#3159 = ORIENTED_EDGE ( 'NONE', *, *, #4945, .F. ) ;
#3160 = EDGE_CURVE ( 'NONE', #6304, #4535, #3353, .T. ) ;
#3161 = LINE ( 'NONE', #1582, #4240 ) ;
#3162 = LINE ( 'NONE', #6430, #1627 ) ;
#3163 = EDGE_CURVE ( 'NONE', #6418, #2418, #6805, .T. ) ;
#3164 = ORIENTED_EDGE ( 'NONE', *, *, #4960, .T. ) ;
#3165 = CARTESIAN_POINT ( 'NONE',  ( -14.08847404930327940, 0.5000000000000004441, -29.32585781855631879 ) ) ;
#3166 = ORIENTED_EDGE ( 'NONE', *, *, #4200, .F. ) ;
#3167 = CARTESIAN_POINT ( 'NONE',  ( 52.21999999999999176, 1.549999999999981171, -13.69999999999999929 ) ) ;
#3168 = ORIENTED_EDGE ( 'NONE', *, *, #3884, .F. ) ;
#3169 = VECTOR ( 'NONE', #1559, 1000.000000000000000 ) ;
#3170 = EDGE_CURVE ( 'NONE', #614, #6897, #6775, .T. ) ;
#3171 = ADVANCED_FACE ( 'NONE', ( #4747 ), #5665, .T. ) ;
#3172 = CARTESIAN_POINT ( 'NONE',  ( 39.78038695602474206, 4.499999999999998224, -46.06272032662375437 ) ) ;
#3173 = ORIENTED_EDGE ( 'NONE', *, *, #5998, .T. ) ;
#3174 = DIRECTION ( 'NONE',  ( 0.000000000000000000, 1.000000000000000000, 0.000000000000000000 ) ) ;
#3175 = ORIENTED_EDGE ( 'NONE', *, *, #6008, .T. ) ;
#3176 = CARTESIAN_POINT ( 'NONE',  ( 52.21999999999999176, 1.549999999999981171, -13.69999999999999929 ) ) ;
#3177 = AXIS2_PLACEMENT_3D ( 'NONE', #6674, #2319, #3970 ) ;
#3178 = DIRECTION ( 'NONE',  ( 7.283177685604969266E-17, -0.8090169943749496717, -0.5877852522924700285 ) ) ;
#3179 = DIRECTION ( 'NONE',  ( 1.000000000000000000, -0.000000000000000000, 1.239088197126289831E-16 ) ) ;
#3180 = DIRECTION ( 'NONE',  ( -0.000000000000000000, -1.000000000000000000, -0.000000000000000000 ) ) ;
#3181 = ORIENTED_EDGE ( 'NONE', *, *, #453, .T. ) ;
#3182 = CYLINDRICAL_SURFACE ( 'NONE', #994, 4.999999999999997335 ) ;
#3183 = EDGE_CURVE ( 'NONE', #2446, #3026, #814, .T. ) ;
#3184 = ADVANCED_FACE ( 'NONE', ( #856 ), #4485, .F. ) ;
#3185 = EDGE_CURVE ( 'NONE', #3327, #5810, #6210, .T. ) ;
#3186 = DIRECTION ( 'NONE',  ( 0.7797082821233130012, 0.000000000000000000, -0.6261429507614951762 ) ) ;
#3187 = DIRECTION ( 'NONE',  ( 0.000000000000000000, 1.000000000000000000, 0.000000000000000000 ) ) ;
#3188 = LINE ( 'NONE', #5350, #4261 ) ;
#3189 = VERTEX_POINT ( 'NONE', #5209 ) ;
#3190 = CARTESIAN_POINT ( 'NONE',  ( 4.330323718231824159, 10.00000000000000000, -22.91966346877709881 ) ) ;
#3191 = EDGE_LOOP ( 'NONE', ( #3771, #4108, #3303, #4880, #2896 ) ) ;
#3192 = AXIS2_PLACEMENT_3D ( 'NONE', #1241, #5556, #6613 ) ;
#3193 = CARTESIAN_POINT ( 'NONE',  ( 42.54707016471979841, 0.000000000000000000, -155.5260618086647355 ) ) ;
#3194 = DIRECTION ( 'NONE',  ( 0.000000000000000000, 1.000000000000000000, 0.000000000000000000 ) ) ;
#3195 = DIRECTION ( 'NONE',  ( 0.7797082821233123351, 0.000000000000000000, 0.6261429507614958423 ) ) ;
#3196 = VERTEX_POINT ( 'NONE', #1456 ) ;
#3197 = FACE_OUTER_BOUND ( 'NONE', #3293, .T. ) ;
#3198 = EDGE_CURVE ( 'NONE', #6174, #3544, #6083, .T. ) ;
#3199 = EDGE_LOOP ( 'NONE', ( #2069, #3727, #3494, #5844 ) ) ;
#3200 = PLANE ( 'NONE',  #6660 ) ;
#3201 = ORIENTED_EDGE ( 'NONE', *, *, #3121, .F. ) ;
#3202 = CIRCLE ( 'NONE', #4909, 2.250000000000003553 ) ;
#3203 = FACE_OUTER_BOUND ( 'NONE', #2100, .T. ) ;
#3204 = EDGE_LOOP ( 'NONE', ( #6200, #5868, #2745, #692, #3627, #3502, #635, #4642, #1998, #1339, #5323, #6585, #4740, #6600, #1940, #2283, #3059, #6731, #1125, #1237, #166 ) ) ;
#3205 = CARTESIAN_POINT ( 'NONE',  ( -36.83221845872049727, 4.500000000000000000, -132.3400645262867954 ) ) ;
#3206 = EDGE_CURVE ( 'NONE', #5017, #5937, #3130, .T. ) ;
#3207 = VERTEX_POINT ( 'NONE', #3609 ) ;
#3208 = VECTOR ( 'NONE', #2648, 1000.000000000000114 ) ;
#3209 = DIRECTION ( 'NONE',  ( 0.000000000000000000, 0.000000000000000000, -1.000000000000000000 ) ) ;
#3210 = VECTOR ( 'NONE', #4307, 1000.000000000000114 ) ;
#3211 = EDGE_CURVE ( 'NONE', #5823, #4574, #1918, .T. ) ;
#3212 = VECTOR ( 'NONE', #1404, 1000.000000000000000 ) ;
#3213 = FACE_OUTER_BOUND ( 'NONE', #1589, .T. ) ;
#3214 = DIRECTION ( 'NONE',  ( 0.000000000000000000, -0.7071067811865414665, -0.7071067811865536790 ) ) ;
#3215 = FACE_BOUND ( 'NONE', #3689, .T. ) ;
#3216 = ORIENTED_EDGE ( 'NONE', *, *, #1019, .T. ) ;
#3217 = CARTESIAN_POINT ( 'NONE',  ( 39.56668648912854280, 4.500000000000039968, -77.49523297530159027 ) ) ;
#3218 = AXIS2_PLACEMENT_3D ( 'NONE', #768, #2885, #6751 ) ;
#3219 = CARTESIAN_POINT ( 'NONE',  ( -59.56147902922783288, 4.500000000000017764, -74.16929063582591652 ) ) ;
#3220 = AXIS2_PLACEMENT_3D ( 'NONE', #1824, #2914, #5041 ) ;
#3221 = DIRECTION ( 'NONE',  ( 0.7797082821233132233, 0.000000000000000000, -0.6261429507614950651 ) ) ;
#3222 = CARTESIAN_POINT ( 'NONE',  ( 8.934326635256089943, 0.000000000000000000, -131.4999999999999716 ) ) ;
#3223 = VECTOR ( 'NONE', #1355, 999.9999999999998863 ) ;
#3224 = EDGE_LOOP ( 'NONE', ( #550, #4488, #2324, #2972 ) ) ;
#3225 = FACE_OUTER_BOUND ( 'NONE', #6055, .T. ) ;
#3226 = EDGE_LOOP ( 'NONE', ( #5641, #1370, #2310, #2079 ) ) ;
#3227 = CIRCLE ( 'NONE', #4936, 1.750000000000001554 ) ;
#3228 = EDGE_CURVE ( 'NONE', #63, #834, #5811, .T. ) ;
#3229 = VECTOR ( 'NONE', #4556, 1000.000000000000000 ) ;
#3230 = CARTESIAN_POINT ( 'NONE',  ( -50.99999999999999289, 4.499999999999989342, -146.7500000000000284 ) ) ;
#3231 = DIRECTION ( 'NONE',  ( 0.3067603611951572606, 0.7071067811865601183, 0.6371013112522990740 ) ) ;
#3232 = LINE ( 'NONE', #50, #4553 ) ;
#3233 = VERTEX_POINT ( 'NONE', #2447 ) ;
#3234 = DIRECTION ( 'NONE',  ( 0.000000000000000000, 0.000000000000000000, 1.000000000000000000 ) ) ;
#3235 = ORIENTED_EDGE ( 'NONE', *, *, #6315, .F. ) ;
#3236 = PLANE ( 'NONE',  #1458 ) ;
#3237 = AXIS2_PLACEMENT_3D ( 'NONE', #23, #2222, #2258 ) ;
#3238 = ORIENTED_EDGE ( 'NONE', *, *, #2047, .T. ) ;
#3239 = DIRECTION ( 'NONE',  ( -0.4232579588512069835, 0.000000000000000000, -0.9060092164371783552 ) ) ;
#3240 = LINE ( 'NONE', #1696, #1224 ) ;
#3241 = MECHANICAL_DESIGN_GEOMETRIC_PRESENTATION_REPRESENTATION (  '', ( #5514 ), #6306 ) ;
#3242 = CONICAL_SURFACE ( 'NONE', #4597, 13.50000000000006750, 0.7853981633974361776 ) ;
#3243 = ORIENTED_EDGE ( 'NONE', *, *, #2479, .T. ) ;
#3244 = CARTESIAN_POINT ( 'NONE',  ( 50.31776790209864458, 4.500000000000000000, -23.50682018439245624 ) ) ;
#3245 = ORIENTED_EDGE ( 'NONE', *, *, #2437, .T. ) ;
#3246 = DIRECTION ( 'NONE',  ( -0.000000000000000000, -1.000000000000000000, -0.000000000000000000 ) ) ;
#3247 = EDGE_CURVE ( 'NONE', #451, #1387, #328, .T. ) ;
#3248 = DIRECTION ( 'NONE',  ( -0.000000000000000000, -1.000000000000000000, -0.000000000000000000 ) ) ;
#3249 = CARTESIAN_POINT ( 'NONE',  ( -45.35554439750277567, 0.5000000000000004441, -24.05948337168945628 ) ) ;
#3250 = EDGE_CURVE ( 'NONE', #834, #1143, #3691, .T. ) ;
#3251 = VERTEX_POINT ( 'NONE', #5960 ) ;
#3252 = VERTEX_POINT ( 'NONE', #5889 ) ;
#3253 = DIRECTION ( 'NONE',  ( 0.6406452607602527438, 0.7071067811865328068, -0.2992885728948715407 ) ) ;
#3254 = AXIS2_PLACEMENT_3D ( 'NONE', #3349, #3180, #1005 ) ;
#3255 = EDGE_CURVE ( 'NONE', #1260, #5033, #4284, .T. ) ;
#3256 = DIRECTION ( 'NONE',  ( 0.000000000000000000, -1.000000000000000000, 0.000000000000000000 ) ) ;
#3257 = DIRECTION ( 'NONE',  ( 0.000000000000000000, 0.000000000000000000, 1.000000000000000000 ) ) ;
#3258 = VERTEX_POINT ( 'NONE', #6378 ) ;
#3259 = FACE_OUTER_BOUND ( 'NONE', #1568, .T. ) ;
#3260 = CIRCLE ( 'NONE', #6777, 5.500000000000005329 ) ;
#3261 = ORIENTED_EDGE ( 'NONE', *, *, #5832, .F. ) ;
#3262 = EDGE_CURVE ( 'NONE', #6139, #1612, #2793, .T. ) ;
#3263 = CARTESIAN_POINT ( 'NONE',  ( 14.84222989735695819, 0.000000000000000000, -111.1823328852394894 ) ) ;
#3264 = FACE_OUTER_BOUND ( 'NONE', #2471, .T. ) ;
#3265 = CARTESIAN_POINT ( 'NONE',  ( -8.934326635256088167, 0.000000000000000000, -142.0000000000000284 ) ) ;
#3266 = ORIENTED_EDGE ( 'NONE', *, *, #5335, .T. ) ;
#3267 = CARTESIAN_POINT ( 'NONE',  ( 45.21007633856535080, 0.5000000000000005551, -132.2533618551885866 ) ) ;
#3268 = EDGE_LOOP ( 'NONE', ( #1367, #1081, #2361, #6996, #2171 ) ) ;
#3269 = DIRECTION ( 'NONE',  ( 0.000000000000000000, 0.000000000000000000, 1.000000000000000000 ) ) ;
#3270 = EDGE_LOOP ( 'NONE', ( #5777, #554, #2072, #4007 ) ) ;
#3271 = EDGE_CURVE ( 'NONE', #5592, #2385, #5384, .T. ) ;
#3272 = EDGE_CURVE ( 'NONE', #1014, #2457, #566, .T. ) ;
#3273 = CARTESIAN_POINT ( 'NONE',  ( 20.85965004500311082, 0.000000000000000000, -94.35965004500316411 ) ) ;
#3274 = CARTESIAN_POINT ( 'NONE',  ( -50.99999999999999289, 5.000000000000000000, -145.0000000000000284 ) ) ;
#3275 = EDGE_LOOP ( 'NONE', ( #2474, #1850, #6550, #2494 ) ) ;
#3276 = CARTESIAN_POINT ( 'NONE',  ( -20.85965004500310727, 10.00000000000000000, -54.39034995499679326 ) ) ;
#3277 = DIRECTION ( 'NONE',  ( 0.000000000000000000, 0.000000000000000000, 1.000000000000000000 ) ) ;
#3278 = VERTEX_POINT ( 'NONE', #1532 ) ;
#3279 = DIRECTION ( 'NONE',  ( -0.000000000000000000, 1.000000000000000000, -0.000000000000000000 ) ) ;
#3280 = CARTESIAN_POINT ( 'NONE',  ( 45.63172724657253099, 5.000000000000000000, -23.64268241933963921 ) ) ;
#3281 = FACE_OUTER_BOUND ( 'NONE', #3584, .T. ) ;
#3282 = ORIENTED_EDGE ( 'NONE', *, *, #2165, .F. ) ;
#3283 = EDGE_CURVE ( 'NONE', #337, #6418, #1785, .T. ) ;
#3284 = ORIENTED_EDGE ( 'NONE', *, *, #3500, .F. ) ;
#3285 = CIRCLE ( 'NONE', #6697, 2.250000000000001776 ) ;
#3286 = EDGE_CURVE ( 'NONE', #2525, #6804, #4207, .T. ) ;
#3287 = CARTESIAN_POINT ( 'NONE',  ( -3.075000000000000622, 2.500000000000000444, -128.5000000000000000 ) ) ;
#3288 = DIRECTION ( 'NONE',  ( -0.000000000000000000, -1.000000000000000000, -0.000000000000000000 ) ) ;
#3289 = CYLINDRICAL_SURFACE ( 'NONE', #5627, 5.000000000000004441 ) ;
#3290 = ADVANCED_FACE ( 'NONE', ( #1007 ), #3716, .F. ) ;
#3291 = ORIENTED_EDGE ( 'NONE', *, *, #4483, .F. ) ;
#3292 = CARTESIAN_POINT ( 'NONE',  ( -50.99999999999999289, 0.000000000000000000, -141.7000000000000171 ) ) ;
#3293 = EDGE_LOOP ( 'NONE', ( #4888, #2891, #35, #3613 ) ) ;
#3294 = AXIS2_PLACEMENT_3D ( 'NONE', #5681, #2362, #6681 ) ;
#3295 = DIRECTION ( 'NONE',  ( -0.5418642406745515228, -0.7071067811865362485, 0.4542941169310995564 ) ) ;
#3296 = DIRECTION ( 'NONE',  ( -0.000000000000000000, 1.000000000000000000, -0.000000000000000000 ) ) ;
#3297 = CARTESIAN_POINT ( 'NONE',  ( 20.85965004500311082, 10.00000000000000000, -94.35965004500316411 ) ) ;
#3298 = ORIENTED_EDGE ( 'NONE', *, *, #591, .F. ) ;
#3299 = CARTESIAN_POINT ( 'NONE',  ( -20.85965004500310727, 3.449999999999969535, -52.64034995499679326 ) ) ;
#3300 = VERTEX_POINT ( 'NONE', #6450 ) ;
#3301 = CARTESIAN_POINT ( 'NONE',  ( 3.075000000000000622, 2.500000000000000444, -128.5000000000000000 ) ) ;
#3302 = AXIS2_PLACEMENT_3D ( 'NONE', #6566, #115, #3753 ) ;
#3303 = ORIENTED_EDGE ( 'NONE', *, *, #1055, .F. ) ;
#3304 = FACE_OUTER_BOUND ( 'NONE', #3275, .T. ) ;
#3305 = DIRECTION ( 'NONE',  ( 0.000000000000000000, 0.000000000000000000, -1.000000000000000000 ) ) ;
#3306 = VERTEX_POINT ( 'NONE', #1037 ) ;
#3307 = FACE_OUTER_BOUND ( 'NONE', #4627, .T. ) ;
#3308 = ORIENTED_EDGE ( 'NONE', *, *, #3895, .F. ) ;
#3309 = LINE ( 'NONE', #4809, #6042 ) ;
#3310 = AXIS2_PLACEMENT_3D ( 'NONE', #562, #7009, #6407 ) ;
#3311 = ADVANCED_FACE ( 'NONE', ( #36 ), #3182, .F. ) ;
#3312 = AXIS2_PLACEMENT_3D ( 'NONE', #1134, #1672, #530 ) ;
#3313 = FACE_OUTER_BOUND ( 'NONE', #1176, .T. ) ;
#3314 = VECTOR ( 'NONE', #3071, 1000.000000000000114 ) ;
#3315 = CIRCLE ( 'NONE', #5252, 12.42737488156553383 ) ;
#3316 = CARTESIAN_POINT ( 'NONE',  ( -48.87647513375095798, 5.000000000000000000, -73.84450217278279638 ) ) ;
#3317 = ORIENTED_EDGE ( 'NONE', *, *, #58, .T. ) ;
#3318 = CONICAL_SURFACE ( 'NONE', #5473, 5.500000000000005329, 0.7853981633974230769 ) ;
#3319 = ORIENTED_EDGE ( 'NONE', *, *, #401, .T. ) ;
#3320 = DIRECTION ( 'NONE',  ( -0.000000000000000000, -1.000000000000000000, -0.000000000000000000 ) ) ;
#3321 = EDGE_CURVE ( 'NONE', #6174, #2505, #5920, .T. ) ;
#3322 = LINE ( 'NONE', #6453, #6625 ) ;
#3323 = AXIS2_PLACEMENT_3D ( 'NONE', #3244, #6509, #4956 ) ;
#3324 = CARTESIAN_POINT ( 'NONE',  ( 14.08847404930327940, 0.5000000000000004441, -29.32585781855631879 ) ) ;
#3325 = ORIENTED_EDGE ( 'NONE', *, *, #2581, .F. ) ;
#3326 = DIRECTION ( 'NONE',  ( 3.784851220313030003E-15, 0.000000000000000000, 1.000000000000000000 ) ) ;
#3327 = VERTEX_POINT ( 'NONE', #6521 ) ;
#3328 = EDGE_CURVE ( 'NONE', #3582, #4907, #6644, .T. ) ;
#3329 = VECTOR ( 'NONE', #6216, 999.9999999999998863 ) ;
#3330 = DIRECTION ( 'NONE',  ( 0.000000000000000000, -1.000000000000000000, 0.000000000000000000 ) ) ;
#3331 = AXIS2_PLACEMENT_3D ( 'NONE', #6392, #3057, #476 ) ;
#3332 = DIRECTION ( 'NONE',  ( 0.000000000000000000, 0.000000000000000000, 1.000000000000000000 ) ) ;
#3333 = DIRECTION ( 'NONE',  ( -0.7797082821233128902, 0.000000000000000000, -0.6261429507614952872 ) ) ;
#3334 = ORIENTED_EDGE ( 'NONE', *, *, #4297, .T. ) ;
#3335 = FACE_OUTER_BOUND ( 'NONE', #6605, .T. ) ;
#3336 = EDGE_CURVE ( 'NONE', #6746, #4296, #5346, .T. ) ;
#3337 = ORIENTED_EDGE ( 'NONE', *, *, #2156, .F. ) ;
#3338 = FACE_BOUND ( 'NONE', #5224, .T. ) ;
#3339 = AXIS2_PLACEMENT_3D ( 'NONE', #6772, #1348, #2375 ) ;
#3340 = VERTEX_POINT ( 'NONE', #4316 ) ;
#3341 = EDGE_CURVE ( 'NONE', #1714, #2017, #2198, .T. ) ;
#3342 = CONICAL_SURFACE ( 'NONE', #5509, 10.49999999999995914, 0.7853981633974447263 ) ;
#3343 = LINE ( 'NONE', #662, #2676 ) ;
#3344 = DIRECTION ( 'NONE',  ( -0.000000000000000000, 1.000000000000000000, -0.000000000000000000 ) ) ;
#3345 = ORIENTED_EDGE ( 'NONE', *, *, #480, .F. ) ;
#3346 = CARTESIAN_POINT ( 'NONE',  ( -50.99999999999999289, 0.000000000000000000, -145.0000000000000284 ) ) ;
#3347 = CONICAL_SURFACE ( 'NONE', #639, 10.50000000000002309, 0.7853981633974447263 ) ;
#3348 = EDGE_LOOP ( 'NONE', ( #2767, #4683, #4104, #5142 ) ) ;
#3349 = CARTESIAN_POINT ( 'NONE',  ( 52.21999999999999176, 0.000000000000000000, -13.69999999999999929 ) ) ;
#3350 = DIRECTION ( 'NONE',  ( 0.000000000000000000, 0.000000000000000000, 1.000000000000000000 ) ) ;
#3351 = AXIS2_PLACEMENT_3D ( 'NONE', #5206, #4061, #6272 ) ;
#3352 = PRESENTATION_LAYER_ASSIGNMENT (  '', '', ( #5514 ) ) ;
#3353 = CIRCLE ( 'NONE', #2906, 2.250000000000001776 ) ;
#3354 = CARTESIAN_POINT ( 'NONE',  ( 20.85965004500311082, 0.5000000000000073275, -96.10965004500317832 ) ) ;
#3355 = DIRECTION ( 'NONE',  ( 0.000000000000000000, 0.000000000000000000, 1.000000000000000000 ) ) ;
#3356 = ORIENTED_EDGE ( 'NONE', *, *, #5656, .T. ) ;
#3357 = VERTEX_POINT ( 'NONE', #5731 ) ;
#3358 = CONICAL_SURFACE ( 'NONE', #6197, 5.500000000000005329, 0.7853981633974291832 ) ;
#3359 = VECTOR ( 'NONE', #1883, 1000.000000000000000 ) ;
#3360 = AXIS2_PLACEMENT_3D ( 'NONE', #1057, #4951, #2636 ) ;
#3361 = LINE ( 'NONE', #675, #4131 ) ;
#3362 = DIRECTION ( 'NONE',  ( 0.000000000000000000, 1.000000000000000000, 0.000000000000000000 ) ) ;
#3363 = DIRECTION ( 'NONE',  ( -0.000000000000000000, -1.000000000000000000, -0.000000000000000000 ) ) ;
#3364 = ORIENTED_EDGE ( 'NONE', *, *, #3401, .F. ) ;
#3365 = DIRECTION ( 'NONE',  ( -0.000000000000000000, -1.000000000000000000, -0.000000000000000000 ) ) ;
#3366 = ORIENTED_EDGE ( 'NONE', *, *, #3476, .F. ) ;
#3367 = LINE ( 'NONE', #1753, #4092 ) ;
#3368 = DIRECTION ( 'NONE',  ( -1.223832965270683388E-16, 0.1564344650402327286, 0.9876883405951374373 ) ) ;
#3369 = DIRECTION ( 'NONE',  ( 0.000000000000000000, 0.000000000000000000, 1.000000000000000000 ) ) ;
#3370 = VECTOR ( 'NONE', #553, 1000.000000000000000 ) ;
#3371 = ORIENTED_EDGE ( 'NONE', *, *, #3464, .F. ) ;
#3372 = LINE ( 'NONE', #227, #5839 ) ;
#3373 = ORIENTED_EDGE ( 'NONE', *, *, #288, .F. ) ;
#3374 = DIRECTION ( 'NONE',  ( -0.4427499264756109554, 0.7071067811865425767, 0.5513370136367121699 ) ) ;
#3375 = EDGE_CURVE ( 'NONE', #2688, #4560, #5196, .T. ) ;
#3376 = EDGE_LOOP ( 'NONE', ( #6841, #1868, #4289, #5108 ) ) ;
#3377 = ADVANCED_FACE ( 'NONE', ( #4736 ), #3242, .T. ) ;
#3378 = DIRECTION ( 'NONE',  ( -0.000000000000000000, -1.000000000000000000, -0.000000000000000000 ) ) ;
#3379 = CARTESIAN_POINT ( 'NONE',  ( -39.81638296937916977, 4.499999999999973355, -69.61192258427071522 ) ) ;
#3380 = ORIENTED_EDGE ( 'NONE', *, *, #6976, .T. ) ;
#3381 = CARTESIAN_POINT ( 'NONE',  ( -20.85965004500310727, 0.000000000000000000, -52.64034995499679326 ) ) ;
#3382 = ORIENTED_EDGE ( 'NONE', *, *, #1937, .T. ) ;
#3383 = LINE ( 'NONE', #803, #2693 ) ;
#3384 = DIRECTION ( 'NONE',  ( -0.000000000000000000, 1.000000000000000000, -0.000000000000000000 ) ) ;
#3385 = ADVANCED_FACE ( 'NONE', ( #916 ), #201, .T. ) ;
#3386 = EDGE_CURVE ( 'NONE', #2415, #6379, #347, .T. ) ;
#3387 = DIRECTION ( 'NONE',  ( -0.000000000000000000, -1.000000000000000000, -0.000000000000000000 ) ) ;
#3388 = DIRECTION ( 'NONE',  ( -0.000000000000000000, -1.000000000000000000, -0.000000000000000000 ) ) ;
#3389 = ORIENTED_EDGE ( 'NONE', *, *, #4949, .T. ) ;
#3390 = VERTEX_POINT ( 'NONE', #2044 ) ;
#3391 = VECTOR ( 'NONE', #996, 1000.000000000000114 ) ;
#3392 = CARTESIAN_POINT ( 'NONE',  ( -63.47931617881824451, 10.00000000000000000, -18.95998532625017674 ) ) ;
#3393 = DIRECTION ( 'NONE',  ( -0.4232579588512070390, 0.000000000000000000, -0.9060092164371783552 ) ) ;
#3394 = LINE ( 'NONE', #5637, #6195 ) ;
#3395 = EDGE_LOOP ( 'NONE', ( #5904, #2789, #5761, #3668, #6332 ) ) ;
#3396 = DIRECTION ( 'NONE',  ( 0.000000000000000000, -1.000000000000000000, 0.000000000000000000 ) ) ;
#3397 = EDGE_CURVE ( 'NONE', #1654, #6403, #5970, .T. ) ;
#3398 = ORIENTED_EDGE ( 'NONE', *, *, #6768, .T. ) ;
#3399 = ADVANCED_FACE ( 'NONE', ( #5763 ), #6331, .F. ) ;
#3400 = EDGE_CURVE ( 'NONE', #2446, #920, #5630, .T. ) ;
#3401 = EDGE_CURVE ( 'NONE', #1438, #6825, #4123, .T. ) ;
#3402 = CARTESIAN_POINT ( 'NONE',  ( -39.81638296937917687, 4.500000000000038192, -69.61192258427071522 ) ) ;
#3403 = CIRCLE ( 'NONE', #2168, 11.92737488156555159 ) ;
#3404 = CARTESIAN_POINT ( 'NONE',  ( -50.99999999999999289, 0.000000000000000000, -148.3000000000000114 ) ) ;
#3405 = FACE_OUTER_BOUND ( 'NONE', #666, .T. ) ;
#3406 = LINE ( 'NONE', #1892, #1405 ) ;
#3407 = DIRECTION ( 'NONE',  ( -1.000000000000000000, 0.000000000000000000, -1.239088197126287859E-16 ) ) ;
#3408 = ORIENTED_EDGE ( 'NONE', *, *, #3958, .T. ) ;
#3409 = FACE_OUTER_BOUND ( 'NONE', #51, .T. ) ;
#3410 = ORIENTED_EDGE ( 'NONE', *, *, #2671, .T. ) ;
#3411 = AXIS2_PLACEMENT_3D ( 'NONE', #1266, #167, #5623 ) ;
#3412 = CARTESIAN_POINT ( 'NONE',  ( -1.387778780781445676E-14, 0.5000000000000108802, -73.50000000000001421 ) ) ;
#3413 = DIRECTION ( 'NONE',  ( -0.000000000000000000, 1.000000000000000000, -0.000000000000000000 ) ) ;
#3414 = ADVANCED_FACE ( 'NONE', ( #2500 ), #5797, .F. ) ;
#3415 = ORIENTED_EDGE ( 'NONE', *, *, #6205, .F. ) ;
#3416 = DIRECTION ( 'NONE',  ( 0.000000000000000000, 1.000000000000000000, 0.000000000000000000 ) ) ;
#3417 = CIRCLE ( 'NONE', #1164, 5.000000000000004441 ) ;
#3418 = ORIENTED_EDGE ( 'NONE', *, *, #5326, .T. ) ;
#3419 = DIRECTION ( 'NONE',  ( 0.000000000000000000, -1.000000000000000000, 0.000000000000000000 ) ) ;
#3420 = CARTESIAN_POINT ( 'NONE',  ( -47.57676659720977597, 5.000000000000000000, -30.55541166886929005 ) ) ;
#3421 = AXIS2_PLACEMENT_3D ( 'NONE', #2380, #5643, #3439 ) ;
#3422 = ADVANCED_FACE ( 'NONE', ( #2536 ), #4163, .T. ) ;
#3423 = FACE_OUTER_BOUND ( 'NONE', #26, .T. ) ;
#3424 = DIRECTION ( 'NONE',  ( 0.000000000000000000, 0.000000000000000000, 1.000000000000000000 ) ) ;
#3425 = ORIENTED_EDGE ( 'NONE', *, *, #1138, .F. ) ;
#3427 = ADVANCED_FACE ( 'NONE', ( #454 ), #315, .F. ) ;
#3426 = AXIS2_PLACEMENT_3D ( 'NONE', #2627, #5328, #1048 ) ;
#3428 = ORIENTED_EDGE ( 'NONE', *, *, #2437, .F. ) ;
#3429 = AXIS2_PLACEMENT_3D ( 'NONE', #3265, #1689, #5871 ) ;
#3430 = DIRECTION ( 'NONE',  ( 0.000000000000000000, -0.7071067811865516806, -0.7071067811865434649 ) ) ;
#3431 = DIRECTION ( 'NONE',  ( 8.659560562354877391E-17, 0.7071067811865520136, -0.7071067811865431318 ) ) ;
#3432 = VECTOR ( 'NONE', #4117, 1000.000000000000000 ) ;
#3433 = DIRECTION ( 'NONE',  ( 0.000000000000000000, 0.000000000000000000, 1.000000000000000000 ) ) ;
#3434 = ORIENTED_EDGE ( 'NONE', *, *, #2563, .F. ) ;
#3435 = DIRECTION ( 'NONE',  ( 0.000000000000000000, 0.000000000000000000, 1.000000000000000000 ) ) ;
#3436 = AXIS2_PLACEMENT_3D ( 'NONE', #6180, #4071, #1826 ) ;
#3437 = VERTEX_POINT ( 'NONE', #3629 ) ;
#3438 = AXIS2_PLACEMENT_3D ( 'NONE', #6721, #6201, #1841 ) ;
#3439 = DIRECTION ( 'NONE',  ( 0.000000000000000000, 0.000000000000000000, -1.000000000000000000 ) ) ;
#3440 = FACE_OUTER_BOUND ( 'NONE', #3224, .T. ) ;
#3441 = LINE ( 'NONE', #5506, #4918 ) ;
#3442 = CARTESIAN_POINT ( 'NONE',  ( -43.14224645948157644, 4.500000000000000000, -127.7009910891845692 ) ) ;
#3443 = CARTESIAN_POINT ( 'NONE',  ( -20.85965004500318898, 0.5000000000000073275, -94.35965004500309306 ) ) ;
#3444 = EDGE_LOOP ( 'NONE', ( #4916, #4870, #275, #6694 ) ) ;
#3445 = CYLINDRICAL_SURFACE ( 'NONE', #2366, 1.750000000000010214 ) ;
#3446 = ORIENTED_EDGE ( 'NONE', *, *, #3250, .F. ) ;
#3447 = EDGE_CURVE ( 'NONE', #5634, #5363, #4658, .T. ) ;
#3448 = CIRCLE ( 'NONE', #404, 40.49999999999999289 ) ;
#3449 = LINE ( 'NONE', #4009, #850 ) ;
#3450 = DIRECTION ( 'NONE',  ( 0.000000000000000000, 0.000000000000000000, 1.000000000000000000 ) ) ;
#3451 = ORIENTED_EDGE ( 'NONE', *, *, #6910, .F. ) ;
#3452 = DIRECTION ( 'NONE',  ( 0.7027135113015613443, 0.7027135113015565704, -0.1112988861959880449 ) ) ;
#3453 = VECTOR ( 'NONE', #2812, 1000.000000000000114 ) ;
#3454 = ORIENTED_EDGE ( 'NONE', *, *, #2240, .F. ) ;
#3455 = CARTESIAN_POINT ( 'NONE',  ( -17.79077264811490977, 0.5000000000000022204, -27.54723166361653952 ) ) ;
#3456 = VECTOR ( 'NONE', #5349, 1000.000000000000000 ) ;
#3457 = VECTOR ( 'NONE', #5534, 1000.000000000000114 ) ;
#3458 = ORIENTED_EDGE ( 'NONE', *, *, #2246, .T. ) ;
#3459 = DIRECTION ( 'NONE',  ( 0.000000000000000000, 0.000000000000000000, -1.000000000000000000 ) ) ;
#3460 = DIRECTION ( 'NONE',  ( -0.000000000000000000, -1.000000000000000000, -0.000000000000000000 ) ) ;
#3461 = ORIENTED_EDGE ( 'NONE', *, *, #135, .T. ) ;
#3462 = VECTOR ( 'NONE', #3074, 1000.000000000000114 ) ;
#3463 = EDGE_CURVE ( 'NONE', #4560, #2918, #1557, .T. ) ;
#3464 = EDGE_CURVE ( 'NONE', #3080, #2845, #3595, .T. ) ;
#3465 = VECTOR ( 'NONE', #5708, 1000.000000000000114 ) ;
#3466 = AXIS2_PLACEMENT_3D ( 'NONE', #5308, #5227, #5269 ) ;
#3467 = EDGE_CURVE ( 'NONE', #5657, #543, #3926, .T. ) ;
#3468 = DIRECTION ( 'NONE',  ( -0.000000000000000000, -1.000000000000000000, -0.000000000000000000 ) ) ;
#3469 = FACE_OUTER_BOUND ( 'NONE', #6274, .T. ) ;
#3470 = CIRCLE ( 'NONE', #3138, 5.000000000000000888 ) ;
#3471 = CIRCLE ( 'NONE', #5522, 4.999999999999997335 ) ;
#3472 = LINE ( 'NONE', #677, #428 ) ;
#3473 = ORIENTED_EDGE ( 'NONE', *, *, #6351, .T. ) ;
#3474 = FACE_OUTER_BOUND ( 'NONE', #5337, .T. ) ;
#3475 = EDGE_LOOP ( 'NONE', ( #1471, #2576, #1963, #3913 ) ) ;
#3476 = EDGE_CURVE ( 'NONE', #3026, #1830, #4231, .T. ) ;
#3477 = CARTESIAN_POINT ( 'NONE',  ( -42.59371590680527930, 0.000000000000000000, -28.22749289518764471 ) ) ;
#3478 = CARTESIAN_POINT ( 'NONE',  ( 52.21999999999999176, 4.499999999999975131, -13.69999999999999929 ) ) ;
#3479 = DIRECTION ( 'NONE',  ( 0.000000000000000000, 0.000000000000000000, 1.000000000000000000 ) ) ;
#3480 = LINE ( 'NONE', #5646, #6851 ) ;
#3481 = ORIENTED_EDGE ( 'NONE', *, *, #5298, .T. ) ;
#3482 = FACE_OUTER_BOUND ( 'NONE', #1230, .T. ) ;
#3483 = ORIENTED_EDGE ( 'NONE', *, *, #2028, .T. ) ;
#3484 = EDGE_CURVE ( 'NONE', #6569, #6594, #5687, .T. ) ;
#3485 = AXIS2_PLACEMENT_3D ( 'NONE', #3978, #3419, #2328 ) ;
#3486 = DIRECTION ( 'NONE',  ( 0.000000000000000000, 0.000000000000000000, 1.000000000000000000 ) ) ;
#3487 = DIRECTION ( 'NONE',  ( -1.000000000000000000, 0.000000000000000000, 0.000000000000000000 ) ) ;
#3488 = VERTEX_POINT ( 'NONE', #1158 ) ;
#3489 = DIRECTION ( 'NONE',  ( 0.000000000000000000, 1.000000000000000000, 0.000000000000000000 ) ) ;
#3490 = VERTEX_POINT ( 'NONE', #585 ) ;
#3491 = CARTESIAN_POINT ( 'NONE',  ( -63.02631157059965261, 5.000000000000000000, -18.74835634682457552 ) ) ;
#3492 = EDGE_CURVE ( 'NONE', #5215, #2505, #4270, .T. ) ;
#3493 = EDGE_CURVE ( 'NONE', #2505, #5215, #4035, .T. ) ;
#3494 = ORIENTED_EDGE ( 'NONE', *, *, #6984, .T. ) ;
#3495 = CARTESIAN_POINT ( 'NONE',  ( -15.19575614287105303, 4.500000000000035527, -134.2029171787668815 ) ) ;
#3496 = PLANE ( 'NONE',  #273 ) ;
#3497 = ORIENTED_EDGE ( 'NONE', *, *, #5713, .F. ) ;
#3498 = DIRECTION ( 'NONE',  ( 0.000000000000000000, 0.000000000000000000, 1.000000000000000000 ) ) ;
#3499 = LINE ( 'NONE', #5031, #4245 ) ;
#3500 = EDGE_CURVE ( 'NONE', #5383, #764, #3240, .T. ) ;
#3501 = DIRECTION ( 'NONE',  ( 0.000000000000000000, 0.000000000000000000, -1.000000000000000000 ) ) ;
#3502 = ORIENTED_EDGE ( 'NONE', *, *, #4975, .T. ) ;
#3503 = FACE_OUTER_BOUND ( 'NONE', #2610, .T. ) ;
#3504 = ORIENTED_EDGE ( 'NONE', *, *, #427, .F. ) ;
#3505 = EDGE_CURVE ( 'NONE', #3258, #1805, #6421, .T. ) ;
#3506 = CARTESIAN_POINT ( 'NONE',  ( 52.21999999999999176, 1.549999999999981171, -15.45000000000000817 ) ) ;
#3507 = EDGE_CURVE ( 'NONE', #3823, #808, #3835, .T. ) ;
#3508 = CYLINDRICAL_SURFACE ( 'NONE', #5836, 5.000000000000000888 ) ;
#3509 = LINE ( 'NONE', #5611, #610 ) ;
#3510 = DIRECTION ( 'NONE',  ( 0.000000000000000000, -1.000000000000000000, 0.000000000000000000 ) ) ;
#3511 = ORIENTED_EDGE ( 'NONE', *, *, #591, .T. ) ;
#3512 = PLANE ( 'NONE',  #4885 ) ;
#3513 = ORIENTED_EDGE ( 'NONE', *, *, #4589, .F. ) ;
#3514 = AXIS2_PLACEMENT_3D ( 'NONE', #3853, #2660, #4360 ) ;
#3515 = DIRECTION ( 'NONE',  ( -0.000000000000000000, -1.000000000000000000, -0.000000000000000000 ) ) ;
#3516 = DIRECTION ( 'NONE',  ( 0.000000000000000000, 0.7071067811865653363, 0.7071067811865296981 ) ) ;
#3517 = VERTEX_POINT ( 'NONE', #2223 ) ;
#3518 = DIRECTION ( 'NONE',  ( 0.000000000000000000, 0.000000000000000000, 1.000000000000000000 ) ) ;
#3519 = ORIENTED_EDGE ( 'NONE', *, *, #6135, .F. ) ;
#3520 = CARTESIAN_POINT ( 'NONE',  ( -52.21999999999999176, 0.000000000000000000, -13.69999999999999929 ) ) ;
#3521 = DIRECTION ( 'NONE',  ( -0.000000000000000000, -1.000000000000000000, -0.000000000000000000 ) ) ;
#3522 = ORIENTED_EDGE ( 'NONE', *, *, #4159, .T. ) ;
#3523 = CARTESIAN_POINT ( 'NONE',  ( -35.25034087383883730, 0.000000000000000000, -49.44643053236773511 ) ) ;
#3524 = LINE ( 'NONE', #1517, #838 ) ;
#3525 = ORIENTED_EDGE ( 'NONE', *, *, #669, .T. ) ;
#3526 = LINE ( 'NONE', #887, #2526 ) ;
#3527 = AXIS2_PLACEMENT_3D ( 'NONE', #6143, #684, #3999 ) ;
#3528 = ADVANCED_FACE ( 'NONE', ( #6507 ), #5336, .F. ) ;
#3529 = DIRECTION ( 'NONE',  ( 0.4427499264756155073, -0.7071067811865352493, 0.5513370136367179430 ) ) ;
#3530 = AXIS2_PLACEMENT_3D ( 'NONE', #5084, #2391, #4010 ) ;
#3531 = PLANE ( 'NONE',  #6975 ) ;
#3532 = CARTESIAN_POINT ( 'NONE',  ( -52.21999999999999176, 10.00000000000000000, -13.69999999999999929 ) ) ;
#3533 = EDGE_LOOP ( 'NONE', ( #2401, #4764, #1160, #3175 ) ) ;
#3534 = CARTESIAN_POINT ( 'NONE',  ( -9.365139870758074636, 9.790139870758052254, -138.0395193376003533 ) ) ;
#3535 = VERTEX_POINT ( 'NONE', #485 ) ;
#3536 = AXIS2_PLACEMENT_3D ( 'NONE', #1031, #5371, #1668 ) ;
#3537 = EDGE_CURVE ( 'NONE', #826, #3573, #4875, .T. ) ;
#3538 = DIRECTION ( 'NONE',  ( 0.000000000000000000, 0.000000000000000000, 1.000000000000000000 ) ) ;
#3539 = DIRECTION ( 'NONE',  ( 0.000000000000000000, 0.000000000000000000, 1.000000000000000000 ) ) ;
#3540 = CONICAL_SURFACE ( 'NONE', #1972, 5.500000000000015099, 0.7853981633974613796 ) ;
#3541 = DIRECTION ( 'NONE',  ( -0.000000000000000000, -1.000000000000000000, -0.000000000000000000 ) ) ;
#3542 = LINE ( 'NONE', #2977, #2792 ) ;
#3543 = AXIS2_PLACEMENT_3D ( 'NONE', #318, #5843, #2960 ) ;
#3544 = VERTEX_POINT ( 'NONE', #5979 ) ;
#3545 = FACE_OUTER_BOUND ( 'NONE', #2285, .T. ) ;
#3546 = ORIENTED_EDGE ( 'NONE', *, *, #4029, .F. ) ;
#3547 = EDGE_CURVE ( 'NONE', #3306, #1153, #6968, .T. ) ;
#3548 = AXIS2_PLACEMENT_3D ( 'NONE', #3442, #760, #5007 ) ;
#3549 = CARTESIAN_POINT ( 'NONE',  ( -50.31776790209865169, 0.5000000000000004441, -23.50682018439244914 ) ) ;
#3550 = LINE ( 'NONE', #3655, #5460 ) ;
#3551 = EDGE_CURVE ( 'NONE', #6921, #4361, #1590, .T. ) ;
#3552 = ORIENTED_EDGE ( 'NONE', *, *, #1412, .F. ) ;
#3553 = LINE ( 'NONE', #2006, #6623 ) ;
#3554 = VECTOR ( 'NONE', #5440, 1000.000000000000000 ) ;
#3555 = VERTEX_POINT ( 'NONE', #5367 ) ;
#3556 = DIRECTION ( 'NONE',  ( 1.000000000000000000, 0.000000000000000000, 1.239088197126287859E-16 ) ) ;
#3557 = EDGE_LOOP ( 'NONE', ( #4943, #696, #6820, #3706 ) ) ;
#3558 = AXIS2_PLACEMENT_3D ( 'NONE', #4222, #4262, #1434 ) ;
#3559 = ADVANCED_FACE ( 'NONE', ( #5910 ), #6987, .F. ) ;
#3560 = CARTESIAN_POINT ( 'NONE',  ( 42.59371590680527930, 0.5000000000000004441, -28.22749289518764471 ) ) ;
#3561 = ORIENTED_EDGE ( 'NONE', *, *, #5465, .T. ) ;
#3562 = CARTESIAN_POINT ( 'NONE',  ( -50.99999999999999289, 5.000000000000000000, -146.7500000000000284 ) ) ;
#3563 = CARTESIAN_POINT ( 'NONE',  ( 0.000000000000000000, 4.499999999999971578, -73.50000000000000000 ) ) ;
#3564 = ORIENTED_EDGE ( 'NONE', *, *, #1573, .T. ) ;
#3565 = DIRECTION ( 'NONE',  ( 0.000000000000000000, 0.000000000000000000, -1.000000000000000000 ) ) ;
#3566 = AXIS2_PLACEMENT_3D ( 'NONE', #3819, #5993, #5892 ) ;
#3567 = VECTOR ( 'NONE', #1484, 1000.000000000000114 ) ;
#3568 = DIRECTION ( 'NONE',  ( -0.7027135113015607892, 0.7027135113015572365, -0.1112988861959882808 ) ) ;
#3569 = DIRECTION ( 'NONE',  ( 0.000000000000000000, 0.000000000000000000, 1.000000000000000000 ) ) ;
#3570 = AXIS2_PLACEMENT_3D ( 'NONE', #3006, #4137, #6801 ) ;
#3571 = DIRECTION ( 'NONE',  ( 0.000000000000000000, 1.000000000000000000, 0.000000000000000000 ) ) ;
#3572 = CARTESIAN_POINT ( 'NONE',  ( 45.35554439750277567, 0.5000000000000005551, -24.05948337168945628 ) ) ;
#3573 = VERTEX_POINT ( 'NONE', #1662 ) ;
#3574 = DIRECTION ( 'NONE',  ( -1.000000000000000000, 0.000000000000000000, -1.239088197126287859E-16 ) ) ;
#3575 = EDGE_LOOP ( 'NONE', ( #4076, #147, #2189, #1036 ) ) ;
#3576 = ADVANCED_FACE ( 'NONE', ( #1128 ), #7003, .F. ) ;
#3577 = FACE_OUTER_BOUND ( 'NONE', #4055, .T. ) ;
#3578 = AXIS2_PLACEMENT_3D ( 'NONE', #5008, #2317, #3939 ) ;
#3579 = VECTOR ( 'NONE', #4820, 1000.000000000000227 ) ;
#3580 = LINE ( 'NONE', #6348, #66 ) ;
#3581 = ADVANCED_FACE ( 'NONE', ( #3203 ), #2186, .T. ) ;
#3582 = VERTEX_POINT ( 'NONE', #2259 ) ;
#3583 = DIRECTION ( 'NONE',  ( 0.000000000000000000, 0.000000000000000000, 1.000000000000000000 ) ) ;
#3584 = EDGE_LOOP ( 'NONE', ( #481, #1859, #2574, #4864 ) ) ;
#3585 = DIRECTION ( 'NONE',  ( 0.000000000000000000, -1.000000000000000000, 0.000000000000000000 ) ) ;
#3586 = ORIENTED_EDGE ( 'NONE', *, *, #3185, .F. ) ;
#3587 = DIRECTION ( 'NONE',  ( 0.000000000000000000, 0.000000000000000000, 1.000000000000000000 ) ) ;
#3588 = LINE ( 'NONE', #6288, #1854 ) ;
#3589 = ORIENTED_EDGE ( 'NONE', *, *, #6985, .T. ) ;
#3590 = DIRECTION ( 'NONE',  ( 0.000000000000000000, 0.000000000000000000, 1.000000000000000000 ) ) ;
#3591 = VERTEX_POINT ( 'NONE', #5880 ) ;
#3592 = CARTESIAN_POINT ( 'NONE',  ( -0.5513218623406577201, 4.626321862340637026, -125.9267124039898391 ) ) ;
#3593 = ORIENTED_EDGE ( 'NONE', *, *, #2429, .F. ) ;
#3594 = CIRCLE ( 'NONE', #549, 10.00000000000000000 ) ;
#3595 = LINE ( 'NONE', #951, #1899 ) ;
#3596 = VERTEX_POINT ( 'NONE', #5408 ) ;
#3597 = DIRECTION ( 'NONE',  ( 0.000000000000000000, 1.000000000000000000, 0.000000000000000000 ) ) ;
#3598 = EDGE_CURVE ( 'NONE', #6981, #4250, #4954, .T. ) ;
#3599 = CARTESIAN_POINT ( 'NONE',  ( -17.56989885962712350, 5.000000000000000000, -37.00960874336268347 ) ) ;
#3600 = ORIENTED_EDGE ( 'NONE', *, *, #4504, .T. ) ;
#3601 = VECTOR ( 'NONE', #4982, 1000.000000000000000 ) ;
#3602 = CARTESIAN_POINT ( 'NONE',  ( -36.83221845872049727, 4.500000000000000000, -132.3400645262867954 ) ) ;
#3603 = ADVANCED_FACE ( 'NONE', ( #4802 ), #4843, .F. ) ;
#3604 = DIRECTION ( 'NONE',  ( -0.3062001265894644941, -0.7071067811865643371, 0.6373707574689728705 ) ) ;
#3605 = LINE ( 'NONE', #5849, #5484 ) ;
#3606 = FACE_OUTER_BOUND ( 'NONE', #5511, .T. ) ;
#3607 = CARTESIAN_POINT ( 'NONE',  ( -48.26263021402391473, 5.000000000000000000, -125.6930891477992560 ) ) ;
#3608 = EDGE_LOOP ( 'NONE', ( #2681, #4322, #1098, #137 ) ) ;
#3609 = CARTESIAN_POINT ( 'NONE',  ( -15.50882761825177703, 5.000000000000000000, -133.8130630377052626 ) ) ;
#3610 = VERTEX_POINT ( 'NONE', #3805 ) ;
#3611 = DIRECTION ( 'NONE',  ( -0.000000000000000000, -1.000000000000000000, -0.000000000000000000 ) ) ;
#3612 = CARTESIAN_POINT ( 'NONE',  ( 48.87647513375095798, 0.5000000000000281997, -73.84450217278281059 ) ) ;
#3613 = ORIENTED_EDGE ( 'NONE', *, *, #4704, .F. ) ;
#3614 = CARTESIAN_POINT ( 'NONE',  ( 3.575000000000000622, 2.500000000000000444, -128.5000000000000000 ) ) ;
#3615 = ADVANCED_FACE ( 'NONE', ( #558 ), #5862, .T. ) ;
#3616 = VERTEX_POINT ( 'NONE', #266 ) ;
#3617 = FACE_OUTER_BOUND ( 'NONE', #2946, .T. ) ;
#3618 = ORIENTED_EDGE ( 'NONE', *, *, #4175, .F. ) ;
#3619 = EDGE_CURVE ( 'NONE', #3830, #3871, #4439, .T. ) ;
#3620 = AXIS2_PLACEMENT_3D ( 'NONE', #350, #3665, #3704 ) ;
#3621 = DIRECTION ( 'NONE',  ( 0.000000000000000000, -1.000000000000000000, 0.000000000000000000 ) ) ;
#3622 = DIRECTION ( 'NONE',  ( 0.6406452607602303173, 0.7071067811865574537, 0.2992885728948609936 ) ) ;
#3623 = ORIENTED_EDGE ( 'NONE', *, *, #6444, .T. ) ;
#3624 = FACE_OUTER_BOUND ( 'NONE', #473, .T. ) ;
#3625 = ORIENTED_EDGE ( 'NONE', *, *, #5838, .F. ) ;
#3626 = DIRECTION ( 'NONE',  ( 0.000000000000000000, 0.000000000000000000, 1.000000000000000000 ) ) ;
#3627 = ORIENTED_EDGE ( 'NONE', *, *, #424, .T. ) ;
#3628 = VECTOR ( 'NONE', #6665, 1000.000000000000000 ) ;
#3629 = CARTESIAN_POINT ( 'NONE',  ( -31.41878208320419219, 4.500000000000000000, -47.15877503971905327 ) ) ;
#3630 = ORIENTED_EDGE ( 'NONE', *, *, #443, .T. ) ;
#3631 = FACE_OUTER_BOUND ( 'NONE', #3376, .T. ) ;
#3632 = CARTESIAN_POINT ( 'NONE',  ( -20.85965004500310727, 0.5000000000000073275, -52.64034995499679326 ) ) ;
#3633 = ORIENTED_EDGE ( 'NONE', *, *, #2731, .T. ) ;
#3634 = DIRECTION ( 'NONE',  ( 0.000000000000000000, -1.000000000000000000, 0.000000000000000000 ) ) ;
#3635 = EDGE_CURVE ( 'NONE', #5080, #1095, #1563, .T. ) ;
#3636 = PLANE ( 'NONE',  #989 ) ;
#3637 = DIRECTION ( 'NONE',  ( 0.000000000000000000, 0.000000000000000000, -1.000000000000000000 ) ) ;
#3638 = DIRECTION ( 'NONE',  ( -0.000000000000000000, 1.000000000000000000, -0.000000000000000000 ) ) ;
#3639 = EDGE_CURVE ( 'NONE', #3823, #3258, #3471, .T. ) ;
#3640 = FACE_OUTER_BOUND ( 'NONE', #3832, .T. ) ;
#3641 = VECTOR ( 'NONE', #3365, 1000.000000000000000 ) ;
#3642 = ORIENTED_EDGE ( 'NONE', *, *, #4396, .F. ) ;
#3643 = DIRECTION ( 'NONE',  ( 0.000000000000000000, 1.000000000000000000, 0.000000000000000000 ) ) ;
#3644 = ORIENTED_EDGE ( 'NONE', *, *, #6505, .T. ) ;
#3645 = VECTOR ( 'NONE', #700, 1000.000000000000114 ) ;
#3646 = CARTESIAN_POINT ( 'NONE',  ( 7.954586406016457723, 4.500000000000038192, 3.119303211090153294 ) ) ;
#3647 = FACE_OUTER_BOUND ( 'NONE', #41, .T. ) ;
#3648 = DIRECTION ( 'NONE',  ( 0.000000000000000000, 1.000000000000000000, 0.000000000000000000 ) ) ;
#3649 = VERTEX_POINT ( 'NONE', #6608 ) ;
#3650 = CARTESIAN_POINT ( 'NONE',  ( -36.83221845872049727, 10.00000000000000000, -132.3400645262867954 ) ) ;
#3651 = ORIENTED_EDGE ( 'NONE', *, *, #6533, .F. ) ;
#3652 = EDGE_CURVE ( 'NONE', #3544, #6174, #2462, .T. ) ;
#3653 = AXIS2_PLACEMENT_3D ( 'NONE', #2718, #4886, #30 ) ;
#3654 = LINE ( 'NONE', #3131, #6618 ) ;
#3655 = CARTESIAN_POINT ( 'NONE',  ( -40.23339156424333396, 5.000000000000000000, -46.27434930604937335 ) ) ;
#3656 = EDGE_LOOP ( 'NONE', ( #1044, #6844, #3839, #5062 ) ) ;
#3657 = DIRECTION ( 'NONE',  ( -0.9013783694726589246, 0.000000000000000000, -0.4330323718231822716 ) ) ;
#3658 = ADVANCED_FACE ( 'NONE', ( #2952 ), #5924, .T. ) ;
#3659 = ORIENTED_EDGE ( 'NONE', *, *, #3464, .T. ) ;
#3660 = DIRECTION ( 'NONE',  ( -0.000000000000000000, 1.000000000000000000, -0.000000000000000000 ) ) ;
#3661 = ORIENTED_EDGE ( 'NONE', *, *, #2165, .T. ) ;
#3662 = CIRCLE ( 'NONE', #3995, 5.000000000000004441 ) ;
#3663 = DIRECTION ( 'NONE',  ( 0.000000000000000000, 0.000000000000000000, -1.000000000000000000 ) ) ;
#3664 = EDGE_LOOP ( 'NONE', ( #8, #3891, #638, #374 ) ) ;
#3665 = DIRECTION ( 'NONE',  ( -0.000000000000000000, -1.000000000000000000, -0.000000000000000000 ) ) ;
#3666 = VECTOR ( 'NONE', #4500, 1000.000000000000114 ) ;
#3667 = LINE ( 'NONE', #277, #4793 ) ;
#3668 = ORIENTED_EDGE ( 'NONE', *, *, #2075, .F. ) ;
#3669 = CIRCLE ( 'NONE', #628, 11.92737488156552139 ) ;
#3670 = CARTESIAN_POINT ( 'NONE',  ( 37.79747233864500089, 5.000000000000000000, -23.48284677995476599 ) ) ;
#3671 = FACE_OUTER_BOUND ( 'NONE', #678, .T. ) ;
#3672 = FACE_BOUND ( 'NONE', #3955, .T. ) ;
#3673 = EDGE_CURVE ( 'NONE', #4229, #1307, #5581, .T. ) ;
#3674 = ORIENTED_EDGE ( 'NONE', *, *, #4152, .F. ) ;
#3675 = CARTESIAN_POINT ( 'NONE',  ( 41.93536681769558783, 4.500000000000000000, -20.67609968050981450 ) ) ;
#3676 = CIRCLE ( 'NONE', #630, 0.7500000000000006661 ) ;
#3677 = ORIENTED_EDGE ( 'NONE', *, *, #2908, .F. ) ;
#3678 = EDGE_CURVE ( 'NONE', #220, #2847, #3758, .T. ) ;
#3679 = VECTOR ( 'NONE', #2242, 1000.000000000000227 ) ;
#3680 = DIRECTION ( 'NONE',  ( -0.000000000000000000, -1.000000000000000000, -0.000000000000000000 ) ) ;
#3681 = CIRCLE ( 'NONE', #1665, 1.750000000000001554 ) ;
#3682 = DIRECTION ( 'NONE',  ( -0.000000000000000000, -1.000000000000000000, -0.000000000000000000 ) ) ;
#3683 = CARTESIAN_POINT ( 'NONE',  ( 34.02649615143337769, 10.00000000000000000, -104.4547663479550295 ) ) ;
#3684 = EDGE_CURVE ( 'NONE', #2822, #1654, #2630, .T. ) ;
#3685 = ORIENTED_EDGE ( 'NONE', *, *, #5459, .T. ) ;
#3686 = CARTESIAN_POINT ( 'NONE',  ( -34.02649615143338480, 4.500000000000000000, -104.4547663479550295 ) ) ;
#3687 = ADVANCED_FACE ( 'NONE', ( #3909 ), #2360, .F. ) ;
#3688 = VECTOR ( 'NONE', #3214, 1000.000000000000000 ) ;
#3689 = EDGE_LOOP ( 'NONE', ( #2298, #5467, #4186, #660 ) ) ;
#3690 = VECTOR ( 'NONE', #5994, 1000.000000000000000 ) ;
#3691 = CIRCLE ( 'NONE', #3918, 14.00000000000006750 ) ;
#3692 = DIRECTION ( 'NONE',  ( 1.000000000000000000, 0.000000000000000000, 1.239088197126289831E-16 ) ) ;
#3693 = LINE ( 'NONE', #6920, #6267 ) ;
#3694 = ORIENTED_EDGE ( 'NONE', *, *, #2970, .T. ) ;
#3695 = CARTESIAN_POINT ( 'NONE',  ( 8.934326635256089943, 5.000000000000000000, -142.0000000000000284 ) ) ;
#3696 = AXIS2_PLACEMENT_3D ( 'NONE', #4328, #2774, #2672 ) ;
#3697 = VERTEX_POINT ( 'NONE', #1301 ) ;
#3698 = CARTESIAN_POINT ( 'NONE',  ( 4.574999999999995737, 5.000000000000000000, -125.9469657336693444 ) ) ;
#3699 = AXIS2_PLACEMENT_3D ( 'NONE', #3007, #927, #1349 ) ;
#3700 = AXIS2_PLACEMENT_3D ( 'NONE', #663, #6154, #729 ) ;
#3701 = ORIENTED_EDGE ( 'NONE', *, *, #6831, .T. ) ;
#3702 = CARTESIAN_POINT ( 'NONE',  ( -1.387778780781445676E-14, 4.499999999999989342, -73.50000000000001421 ) ) ;
#3703 = ORIENTED_EDGE ( 'NONE', *, *, #5835, .F. ) ;
#3704 = DIRECTION ( 'NONE',  ( 0.000000000000000000, 0.000000000000000000, -1.000000000000000000 ) ) ;
#3705 = DIRECTION ( 'NONE',  ( -0.000000000000000000, 1.000000000000000000, -0.000000000000000000 ) ) ;
#3706 = ORIENTED_EDGE ( 'NONE', *, *, #5450, .F. ) ;
#3707 = CARTESIAN_POINT ( 'NONE',  ( -4.330323718231824159, 0.5000000000000281997, -22.91966346877709881 ) ) ;
#3708 = EDGE_CURVE ( 'NONE', #458, #6203, #3088, .T. ) ;
#3709 = AXIS2_PLACEMENT_3D ( 'NONE', #5020, #5088, #6121 ) ;
#3710 = EDGE_CURVE ( 'NONE', #4971, #6518, #6045, .T. ) ;
#3711 = CIRCLE ( 'NONE', #1911, 0.7500000000000006661 ) ;
#3712 = DIRECTION ( 'NONE',  ( 0.000000000000000000, 0.000000000000000000, 1.000000000000000000 ) ) ;
#3713 = CARTESIAN_POINT ( 'NONE',  ( 0.000000000000000000, 5.000000000000000000, -73.50000000000000000 ) ) ;
#3714 = CARTESIAN_POINT ( 'NONE',  ( 12.27825675560704433, 5.000000000000000000, -127.3776317500207824 ) ) ;
#3715 = ORIENTED_EDGE ( 'NONE', *, *, #162, .T. ) ;
#3716 = PLANE ( 'NONE',  #766 ) ;
#3717 = ORIENTED_EDGE ( 'NONE', *, *, #6749, .T. ) ;
#3718 = CARTESIAN_POINT ( 'NONE',  ( 50.99999999999999289, 10.00000000000000000, -158.9999999999999716 ) ) ;
#3719 = CARTESIAN_POINT ( 'NONE',  ( -50.31776790209865169, 0.5000000000000004441, -23.50682018439244914 ) ) ;
#3720 = EDGE_LOOP ( 'NONE', ( #4124, #3981, #5913, #2105, #5253 ) ) ;
#3721 = LINE ( 'NONE', #3190, #818 ) ;
#3722 = ORIENTED_EDGE ( 'NONE', *, *, #6419, .F. ) ;
#3723 = EDGE_CURVE ( 'NONE', #6203, #5548, #2071, .T. ) ;
#3724 = LINE ( 'NONE', #5933, #4543 ) ;
#3725 = DIRECTION ( 'NONE',  ( 0.000000000000000000, 0.000000000000000000, 1.000000000000000000 ) ) ;
#3726 = DIRECTION ( 'NONE',  ( -0.4427499264756011854, 0.7071067811865482389, 0.5513370136367126140 ) ) ;
#3727 = ORIENTED_EDGE ( 'NONE', *, *, #6898, .F. ) ;
#3728 = ADVANCED_FACE ( 'NONE', ( #1832 ), #5519, .F. ) ;
#3729 = CARTESIAN_POINT ( 'NONE',  ( 13.41405513571106134, 0.000000000000000000, -120.5880822855304757 ) ) ;
#3730 = ORIENTED_EDGE ( 'NONE', *, *, #3206, .T. ) ;
#3731 = FACE_BOUND ( 'NONE', #5317, .T. ) ;
#3732 = VERTEX_POINT ( 'NONE', #6086 ) ;
#3733 = CONICAL_SURFACE ( 'NONE', #6, 1.750000000000003331, 0.7853981633974422838 ) ;
#3734 = DIRECTION ( 'NONE',  ( 0.000000000000000000, 0.000000000000000000, 1.000000000000000000 ) ) ;
#3735 = ORIENTED_EDGE ( 'NONE', *, *, #4735, .F. ) ;
#3736 = DIRECTION ( 'NONE',  ( -0.000000000000000000, -1.000000000000000000, -0.000000000000000000 ) ) ;
#3737 = ORIENTED_EDGE ( 'NONE', *, *, #6536, .F. ) ;
#3738 = DIRECTION ( 'NONE',  ( 0.9309788644622426501, -0.000000000000000000, 0.3650730802518767915 ) ) ;
#3739 = CIRCLE ( 'NONE', #701, 5.500000000000005329 ) ;
#3740 = CARTESIAN_POINT ( 'NONE',  ( -2.101165809163294096, 0.000000000000000000, -36.54883805346466374 ) ) ;
#3741 = DIRECTION ( 'NONE',  ( 0.000000000000000000, 0.000000000000000000, 1.000000000000000000 ) ) ;
#3742 = FACE_OUTER_BOUND ( 'NONE', #1155, .T. ) ;
#3743 = EDGE_CURVE ( 'NONE', #4987, #4675, #1236, .T. ) ;
#3744 = ORIENTED_EDGE ( 'NONE', *, *, #6615, .T. ) ;
#3745 = DIRECTION ( 'NONE',  ( 0.000000000000000000, 0.000000000000000000, 1.000000000000000000 ) ) ;
#3746 = DIRECTION ( 'NONE',  ( 0.000000000000000000, -1.000000000000000000, 0.000000000000000000 ) ) ;
#3747 = DIRECTION ( 'NONE',  ( -0.000000000000000000, -1.000000000000000000, -0.000000000000000000 ) ) ;
#3748 = DIRECTION ( 'NONE',  ( 6.938893903907232322E-16, 0.000000000000000000, 1.000000000000000000 ) ) ;
#3749 = ORIENTED_EDGE ( 'NONE', *, *, #3895, .T. ) ;
#3750 = CARTESIAN_POINT ( 'NONE',  ( -50.99999999999999289, 10.00000000000000000, -145.0000000000000284 ) ) ;
#3751 = ORIENTED_EDGE ( 'NONE', *, *, #5672, .T. ) ;
#3752 = AXIS2_PLACEMENT_3D ( 'NONE', #192, #5104, #6108 ) ;
#3753 = DIRECTION ( 'NONE',  ( 0.000000000000000000, 0.000000000000000000, -1.000000000000000000 ) ) ;
#3754 = DIRECTION ( 'NONE',  ( -1.000000000000000000, 0.000000000000000000, 0.000000000000000000 ) ) ;
#3755 = DIRECTION ( 'NONE',  ( -0.000000000000000000, 1.000000000000000000, -0.000000000000000000 ) ) ;
#3756 = ORIENTED_EDGE ( 'NONE', *, *, #6427, .T. ) ;
#3757 = CARTESIAN_POINT ( 'NONE',  ( 3.574999999999999289, 4.000000000000000000, 0.000000000000000000 ) ) ;
#3758 = CIRCLE ( 'NONE', #5347, 14.00000000000006750 ) ;
#3759 = ORIENTED_EDGE ( 'NONE', *, *, #3397, .T. ) ;
#3760 = DIRECTION ( 'NONE',  ( -0.5230514384499300728, -0.7071067811865430208, -0.4758331564061769048 ) ) ;
#3761 = ADVANCED_FACE ( 'NONE', ( #2323 ), #5550, .F. ) ;
#3762 = ORIENTED_EDGE ( 'NONE', *, *, #4945, .T. ) ;
#3763 = AXIS2_PLACEMENT_3D ( 'NONE', #2611, #5692, #6829 ) ;
#3764 = ADVANCED_FACE ( 'NONE', ( #4476 ), #6596, .F. ) ;
#3765 = LINE ( 'NONE', #1661, #6070 ) ;
#3766 = DIRECTION ( 'NONE',  ( 0.000000000000000000, 1.000000000000000000, 0.000000000000000000 ) ) ;
#3767 = CONICAL_SURFACE ( 'NONE', #6493, 5.500000000000005329, 0.7853981633974500554 ) ;
#3768 = ORIENTED_EDGE ( 'NONE', *, *, #274, .T. ) ;
#3769 = CARTESIAN_POINT ( 'NONE',  ( 20.85965004500311082, 3.450000000000053024, -92.60965004500316411 ) ) ;
#3770 = PRODUCT_CONTEXT ( 'NONE', #5058, 'mechanical' ) ;
#3771 = ORIENTED_EDGE ( 'NONE', *, *, #3923, .T. ) ;
#3772 = CIRCLE ( 'NONE', #3875, 41.00000000000000000 ) ;
#3773 = CARTESIAN_POINT ( 'NONE',  ( 20.85965004500311082, 3.450000000000053024, -96.10965004500317832 ) ) ;
#3774 = AXIS2_PLACEMENT_3D ( 'NONE', #5734, #885, #2504 ) ;
#3775 = EDGE_CURVE ( 'NONE', #4053, #3055, #260, .T. ) ;
#3776 = CIRCLE ( 'NONE', #5258, 11.92737488156552317 ) ;
#3777 = AXIS2_PLACEMENT_3D ( 'NONE', #6739, #5707, #4570 ) ;
#3778 = CARTESIAN_POINT ( 'NONE',  ( 41.93536681769559493, 4.500000000000000000, -20.67609968050981095 ) ) ;
#3779 = CARTESIAN_POINT ( 'NONE',  ( 29.95811074202285695, 5.000000000000000000, -100.7536529802647607 ) ) ;
#3780 = ORIENTED_EDGE ( 'NONE', *, *, #2138, .T. ) ;
#3781 = DIRECTION ( 'NONE',  ( 8.659560562355030233E-17, -0.7071067811865394681, 0.7071067811865555663 ) ) ;
#3782 = AXIS2_PLACEMENT_3D ( 'NONE', #5112, #5580, #5083 ) ;
#3783 = CARTESIAN_POINT ( 'NONE',  ( 36.83221845872051148, 5.000000000000000000, -132.3400645262867670 ) ) ;
#3784 = AXIS2_PLACEMENT_3D ( 'NONE', #1425, #2030, #2620 ) ;
#3785 = DIRECTION ( 'NONE',  ( 0.000000000000000000, 1.000000000000000000, 0.000000000000000000 ) ) ;
#3786 = CIRCLE ( 'NONE', #1879, 5.500000000000001776 ) ;
#3787 = CARTESIAN_POINT ( 'NONE',  ( 20.85965004500311082, 0.5000000000000073275, -92.60965004500316411 ) ) ;
#3788 = AXIS2_PLACEMENT_3D ( 'NONE', #4857, #2619, #499 ) ;
#3789 = ORIENTED_EDGE ( 'NONE', *, *, #4655, .T. ) ;
#3790 = LINE ( 'NONE', #3292, #240 ) ;
#3791 = ADVANCED_FACE ( 'NONE', ( #2464 ), #4669, .F. ) ;
#3792 = ORIENTED_EDGE ( 'NONE', *, *, #2215, .T. ) ;
#3793 = AXIS2_PLACEMENT_3D ( 'NONE', #676, #2406, #216 ) ;
#3794 = DIRECTION ( 'NONE',  ( 0.000000000000000000, 1.000000000000000000, 0.000000000000000000 ) ) ;
#3795 = DIRECTION ( 'NONE',  ( 0.000000000000000000, -0.7071067811865512365, -0.7071067811865439090 ) ) ;
#3796 = CARTESIAN_POINT ( 'NONE',  ( -43.14224645948157644, 0.000000000000000000, -127.7009910891845692 ) ) ;
#3797 = ORIENTED_EDGE ( 'NONE', *, *, #4052, .T. ) ;
#3798 = DIRECTION ( 'NONE',  ( 0.000000000000000000, 0.000000000000000000, 1.000000000000000000 ) ) ;
#3799 = VECTOR ( 'NONE', #1704, 1000.000000000000114 ) ;
#3800 = EDGE_LOOP ( 'NONE', ( #1167, #5150, #2040, #711 ) ) ;
#3801 = FACE_OUTER_BOUND ( 'NONE', #1706, .T. ) ;
#3802 = VERTEX_POINT ( 'NONE', #4649 ) ;
#3803 = VECTOR ( 'NONE', #974, 1000.000000000000114 ) ;
#3804 = LINE ( 'NONE', #5436, #2333 ) ;
#3805 = CARTESIAN_POINT ( 'NONE',  ( 50.99999999999999289, 0.5000000000000281997, -158.9999999999999716 ) ) ;
#3806 = VECTOR ( 'NONE', #2444, 1000.000000000000114 ) ;
#3807 = AXIS2_PLACEMENT_3D ( 'NONE', #2589, #2513, #6275 ) ;
#3808 = VERTEX_POINT ( 'NONE', #1364 ) ;
#3809 = DIRECTION ( 'NONE',  ( 0.000000000000000000, 0.000000000000000000, 1.000000000000000000 ) ) ;
#3810 = ORIENTED_EDGE ( 'NONE', *, *, #4220, .F. ) ;
#3811 = CARTESIAN_POINT ( 'NONE',  ( -52.21999999999999176, 5.000000000000000000, -13.69999999999999929 ) ) ;
#3812 = ADVANCED_FACE ( 'NONE', ( #5827 ), #5190, .F. ) ;
#3813 = DIRECTION ( 'NONE',  ( -0.000000000000000000, -1.000000000000000000, -0.000000000000000000 ) ) ;
#3814 = DIRECTION ( 'NONE',  ( 0.000000000000000000, 0.000000000000000000, -1.000000000000000000 ) ) ;
#3815 = ORIENTED_EDGE ( 'NONE', *, *, #6251, .F. ) ;
#3816 = ORIENTED_EDGE ( 'NONE', *, *, #4724, .T. ) ;
#3817 = VECTOR ( 'NONE', #5655, 1000.000000000000114 ) ;
#3818 = CARTESIAN_POINT ( 'NONE',  ( -63.02631157059965261, 0.000000000000000000, -18.74835634682456487 ) ) ;
#3819 = CARTESIAN_POINT ( 'NONE',  ( -35.25034087383883730, 0.5000000000000004441, -43.94643053236772801 ) ) ;
#3820 = CARTESIAN_POINT ( 'NONE',  ( 19.95593450723081475, 10.00000000000000000, -32.05412351097982793 ) ) ;
#3821 = ORIENTED_EDGE ( 'NONE', *, *, #77, .F. ) ;
#3822 = CYLINDRICAL_SURFACE ( 'NONE', #5796, 12.42737488156552494 ) ;
#3823 = VERTEX_POINT ( 'NONE', #2985 ) ;
#3824 = DIRECTION ( 'NONE',  ( 0.2591368248975546296, 0.7071067811865446862, -0.6579119287427596108 ) ) ;
#3825 = EDGE_CURVE ( 'NONE', #2457, #614, #1394, .T. ) ;
#3826 = PLANE ( 'NONE',  #5038 ) ;
#3827 = CARTESIAN_POINT ( 'NONE',  ( -34.02649615143338480, 5.000000000000000000, -98.95476634795502946 ) ) ;
#3828 = ORIENTED_EDGE ( 'NONE', *, *, #3505, .F. ) ;
#3829 = DIRECTION ( 'NONE',  ( 0.000000000000000000, 0.000000000000000000, 1.000000000000000000 ) ) ;
#3830 = VERTEX_POINT ( 'NONE', #4115 ) ;
#3831 = FACE_BOUND ( 'NONE', #6128, .T. ) ;
#3832 = EDGE_LOOP ( 'NONE', ( #5197, #5919, #5093, #3815 ) ) ;
#3833 = ADVANCED_FACE ( 'NONE', ( #870 ), #2299, .T. ) ;
#3834 = CARTESIAN_POINT ( 'NONE',  ( -39.36337836116055655, 0.000000000000000000, -69.40029360484511756 ) ) ;
#3835 = LINE ( 'NONE', #3172, #6762 ) ;
#3836 = EDGE_LOOP ( 'NONE', ( #1761, #3954, #4844, #5447 ) ) ;
#3837 = DIRECTION ( 'NONE',  ( 0.000000000000000000, 0.000000000000000000, -1.000000000000000000 ) ) ;
#3838 = DIRECTION ( 'NONE',  ( 0.000000000000000000, -0.7071067811865516806, -0.7071067811865434649 ) ) ;
#3839 = ORIENTED_EDGE ( 'NONE', *, *, #5869, .F. ) ;
#3840 = DIRECTION ( 'NONE',  ( 0.000000000000000000, 0.000000000000000000, 1.000000000000000000 ) ) ;
#3841 = EDGE_CURVE ( 'NONE', #1682, #2027, #4437, .T. ) ;
#3842 = CARTESIAN_POINT ( 'NONE',  ( 17.57425646220332638, 0.000000000000000000, -27.09654247888022383 ) ) ;
#3843 = DIRECTION ( 'NONE',  ( 8.659560562355021605E-17, 0.7071067811865402453, -0.7071067811865549002 ) ) ;
#3844 = ORIENTED_EDGE ( 'NONE', *, *, #5694, .T. ) ;
#3845 = ORIENTED_EDGE ( 'NONE', *, *, #6874, .T. ) ;
#3846 = EDGE_CURVE ( 'NONE', #657, #4535, #3588, .T. ) ;
#3847 = AXIS2_PLACEMENT_3D ( 'NONE', #2378, #2971, #434 ) ;
#3848 = ADVANCED_FACE ( 'NONE', ( #1966 ), #1435, .F. ) ;
#3849 = FACE_OUTER_BOUND ( 'NONE', #754, .T. ) ;
#3850 = LINE ( 'NONE', #2202, #2332 ) ;
#3851 = DIRECTION ( 'NONE',  ( -0.4232579588512069835, 0.000000000000000000, -0.9060092164371783552 ) ) ;
#3852 = VERTEX_POINT ( 'NONE', #5220 ) ;
#3853 = CARTESIAN_POINT ( 'NONE',  ( -59.56147902922783288, 10.00000000000000000, -74.16929063582591652 ) ) ;
#3854 = ORIENTED_EDGE ( 'NONE', *, *, #6105, .T. ) ;
#3855 = DIRECTION ( 'NONE',  ( 0.3062001265894682134, 0.7071067811865390240, 0.6373707574689990718 ) ) ;
#3856 = CARTESIAN_POINT ( 'NONE',  ( -4.081155829702461268, 4.506155829702450433, -130.7667392354331639 ) ) ;
#3857 = DIRECTION ( 'NONE',  ( 0.000000000000000000, 1.000000000000000000, 0.000000000000000000 ) ) ;
#3858 = EDGE_LOOP ( 'NONE', ( #4404, #5719, #5339, #4737 ) ) ;
#3859 = FACE_OUTER_BOUND ( 'NONE', #5426, .T. ) ;
#3860 = ORIENTED_EDGE ( 'NONE', *, *, #2303, .F. ) ;
#3861 = CARTESIAN_POINT ( 'NONE',  ( 38.68139047374457817, 0.4999999999999987232, -102.6294009466956538 ) ) ;
#3862 = AXIS2_PLACEMENT_3D ( 'NONE', #575, #3963, #5073 ) ;
#3863 = CIRCLE ( 'NONE', #6685, 5.500000000000005329 ) ;
#3864 = VERTEX_POINT ( 'NONE', #373 ) ;
#3865 = EDGE_CURVE ( 'NONE', #2670, #1042, #2493, .T. ) ;
#3866 = AXIS2_PLACEMENT_3D ( 'NONE', #694, #2849, #164 ) ;
#3867 = PLANE ( 'NONE',  #5385 ) ;
#3868 = DIRECTION ( 'NONE',  ( 0.000000000000000000, 1.000000000000000000, 0.000000000000000000 ) ) ;
#3869 = ORIENTED_EDGE ( 'NONE', *, *, #1669, .T. ) ;
#3870 = FACE_OUTER_BOUND ( 'NONE', #5400, .T. ) ;
#3871 = VERTEX_POINT ( 'NONE', #4688 ) ;
#3872 = DIRECTION ( 'NONE',  ( 0.000000000000000000, 1.000000000000000000, 0.000000000000000000 ) ) ;
#3873 = FACE_OUTER_BOUND ( 'NONE', #1078, .T. ) ;
#3874 = TOROIDAL_SURFACE ( 'NONE', #828, 0.7500000000000111022, 0.5000000000000000000 ) ;
#3875 = AXIS2_PLACEMENT_3D ( 'NONE', #5416, #68, #133 ) ;
#3876 = FACE_OUTER_BOUND ( 'NONE', #2061, .T. ) ;
#3877 = VECTOR ( 'NONE', #2998, 1000.000000000000000 ) ;
#3878 = CARTESIAN_POINT ( 'NONE',  ( 15.19575614287105481, 0.5000000000000144329, -134.2029171787668815 ) ) ;
#3879 = ORIENTED_EDGE ( 'NONE', *, *, #4630, .F. ) ;
#3880 = ORIENTED_EDGE ( 'NONE', *, *, #4063, .T. ) ;
#3881 = AXIS2_PLACEMENT_3D ( 'NONE', #5799, #883, #1029 ) ;
#3882 = CIRCLE ( 'NONE', #844, 5.000000000000004441 ) ;
#3883 = DIRECTION ( 'NONE',  ( 0.000000000000000000, 0.000000000000000000, 1.000000000000000000 ) ) ;
#3884 = EDGE_CURVE ( 'NONE', #6857, #5411, #4617, .T. ) ;
#3885 = FACE_OUTER_BOUND ( 'NONE', #1798, .T. ) ;
#3886 = AXIS2_PLACEMENT_3D ( 'NONE', #6439, #4915, #1130 ) ;
#3887 = CARTESIAN_POINT ( 'NONE',  ( -35.25034087383883730, 5.000000000000000000, -43.94643053236772801 ) ) ;
#3888 = VECTOR ( 'NONE', #5313, 1000.000000000000000 ) ;
#3889 = EDGE_LOOP ( 'NONE', ( #5530, #3157, #797, #4652, #3816, #3410, #2683, #2269, #370 ) ) ;
#3890 = DIRECTION ( 'NONE',  ( 0.000000000000000000, -1.000000000000000000, 0.000000000000000000 ) ) ;
#3891 = ORIENTED_EDGE ( 'NONE', *, *, #6653, .F. ) ;
#3892 = ADVANCED_FACE ( 'NONE', ( #6357 ), #6786, .F. ) ;
#3893 = VECTOR ( 'NONE', #224, 1000.000000000000000 ) ;
#3894 = FACE_OUTER_BOUND ( 'NONE', #3114, .T. ) ;
#3895 = EDGE_CURVE ( 'NONE', #912, #3080, #2750, .T. ) ;
#3896 = DIRECTION ( 'NONE',  ( 0.6583014682026064879, -0.7071067811865421326, -0.2581456506747695223 ) ) ;
#3897 = CARTESIAN_POINT ( 'NONE',  ( 41.93536681769559493, 0.5000000000000004441, -20.67609968050981095 ) ) ;
#3898 = ORIENTED_EDGE ( 'NONE', *, *, #5986, .T. ) ;
#3899 = EDGE_CURVE ( 'NONE', #4276, #1329, #1961, .T. ) ;
#3900 = CARTESIAN_POINT ( 'NONE',  ( -0.5057456170082849090, -0.08074561700829960276, -131.0277113506776061 ) ) ;
#3901 = ORIENTED_EDGE ( 'NONE', *, *, #3639, .F. ) ;
#3902 = CARTESIAN_POINT ( 'NONE',  ( 3.075000000000000622, 2.500000000000000444, -128.5000000000000000 ) ) ;
#3903 = AXIS2_PLACEMENT_3D ( 'NONE', #2725, #3785, #2801 ) ;
#3904 = VERTEX_POINT ( 'NONE', #6891 ) ;
#3905 = VECTOR ( 'NONE', #1536, 1000.000000000000000 ) ;
#3906 = CONICAL_SURFACE ( 'NONE', #2782, 11.92737488156553916, 0.7853981633974346233 ) ;
#3907 = VECTOR ( 'NONE', #3843, 1000.000000000000114 ) ;
#3908 = FACE_OUTER_BOUND ( 'NONE', #6584, .T. ) ;
#3909 = FACE_OUTER_BOUND ( 'NONE', #4495, .T. ) ;
#3910 = EDGE_LOOP ( 'NONE', ( #5878, #6795, #5551, #1967 ) ) ;
#3911 = DIRECTION ( 'NONE',  ( 0.000000000000000000, -1.000000000000000000, 0.000000000000000000 ) ) ;
#3912 = AXIS2_PLACEMENT_3D ( 'NONE', #1945, #6308, #810 ) ;
#3913 = ORIENTED_EDGE ( 'NONE', *, *, #4773, .F. ) ;
#3914 = LINE ( 'NONE', #2650, #4161 ) ;
#3915 = CARTESIAN_POINT ( 'NONE',  ( 20.85965004500311082, 0.5000000000000073275, -96.10965004500317832 ) ) ;
#3916 = CIRCLE ( 'NONE', #2112, 1.750000000000003331 ) ;
#3917 = VECTOR ( 'NONE', #750, 999.9999999999998863 ) ;
#3918 = AXIS2_PLACEMENT_3D ( 'NONE', #4349, #2128, #497 ) ;
#3919 = CARTESIAN_POINT ( 'NONE',  ( 49.99999999999997158, 5.000000000000000000, -131.5000000000000568 ) ) ;
#3920 = EDGE_CURVE ( 'NONE', #3055, #6139, #2036, .T. ) ;
#3921 = CARTESIAN_POINT ( 'NONE',  ( -34.02649615143338480, 5.000000000000000000, -104.4547663479550295 ) ) ;
#3922 = EDGE_LOOP ( 'NONE', ( #3070, #698, #6011, #970 ) ) ;
#3923 = EDGE_CURVE ( 'NONE', #3732, #5823, #3550, .T. ) ;
#3924 = EDGE_CURVE ( 'NONE', #4229, #6930, #4049, .T. ) ;
#3925 = ORIENTED_EDGE ( 'NONE', *, *, #6351, .F. ) ;
#3926 = CIRCLE ( 'NONE', #429, 1.750000000000003331 ) ;
#3927 = DIRECTION ( 'NONE',  ( 0.000000000000000000, 1.000000000000000000, 0.000000000000000000 ) ) ;
#3928 = CARTESIAN_POINT ( 'NONE',  ( 64.03370410247133293, 4.500000000000038192, -139.8889768764737482 ) ) ;
#3929 = DIRECTION ( 'NONE',  ( 0.000000000000000000, 0.000000000000000000, 1.000000000000000000 ) ) ;
#3930 = ORIENTED_EDGE ( 'NONE', *, *, #2066, .T. ) ;
#3931 = DIRECTION ( 'NONE',  ( -0.000000000000000000, -1.000000000000000000, -0.000000000000000000 ) ) ;
#3932 = ORIENTED_EDGE ( 'NONE', *, *, #6937, .T. ) ;
#3933 = EDGE_CURVE ( 'NONE', #6880, #220, #5806, .T. ) ;
#3934 = LINE ( 'NONE', #790, #2219 ) ;
#3935 = CARTESIAN_POINT ( 'NONE',  ( 43.14224645948156933, 5.000000000000000000, -127.7009910891845692 ) ) ;
#3936 = DIRECTION ( 'NONE',  ( 0.7027135113015603451, -0.7027135113015574586, 0.1112988861959883363 ) ) ;
#3937 = VECTOR ( 'NONE', #6039, 1000.000000000000000 ) ;
#3938 = DIRECTION ( 'NONE',  ( 0.000000000000000000, 0.000000000000000000, -1.000000000000000000 ) ) ;
#3939 = DIRECTION ( 'NONE',  ( 0.9013783694726588136, -0.000000000000000000, 0.4330323718231822716 ) ) ;
#3940 = VERTEX_POINT ( 'NONE', #1021 ) ;
#3941 = CARTESIAN_POINT ( 'NONE',  ( -1.387778780781445676E-14, 4.499999999999989342, -73.50000000000001421 ) ) ;
#3942 = ORIENTED_EDGE ( 'NONE', *, *, #1567, .F. ) ;
#3943 = EDGE_CURVE ( 'NONE', #5634, #6165, #3162, .T. ) ;
#3944 = EDGE_CURVE ( 'NONE', #231, #4723, #5579, .T. ) ;
#3945 = CYLINDRICAL_SURFACE ( 'NONE', #2654, 9.999999999999994671 ) ;
#3946 = CARTESIAN_POINT ( 'NONE',  ( 35.25034087383883730, 4.500000000000000000, -43.94643053236772090 ) ) ;
#3947 = ORIENTED_EDGE ( 'NONE', *, *, #6007, .T. ) ;
#3948 = CARTESIAN_POINT ( 'NONE',  ( -16.34445167521878517, -12.26945167521869884, -124.2117532953782160 ) ) ;
#3949 = ORIENTED_EDGE ( 'NONE', *, *, #3920, .T. ) ;
#3950 = LINE ( 'NONE', #307, #5872 ) ;
#3951 = CARTESIAN_POINT ( 'NONE',  ( 52.21999999999999176, 4.500000000000000000, -13.69999999999999929 ) ) ;
#3952 = CARTESIAN_POINT ( 'NONE',  ( 52.21999999999999176, 0.000000000000000000, -13.69999999999999929 ) ) ;
#3953 = CARTESIAN_POINT ( 'NONE',  ( 16.85784136489926865, 5.000000000000000000, -116.2996867338522691 ) ) ;
#3954 = ORIENTED_EDGE ( 'NONE', *, *, #3211, .F. ) ;
#3955 = EDGE_LOOP ( 'NONE', ( #5666, #3977 ) ) ;
#3956 = DIRECTION ( 'NONE',  ( -0.000000000000000000, 1.000000000000000000, -0.000000000000000000 ) ) ;
#3957 = DIRECTION ( 'NONE',  ( -0.000000000000000000, -1.000000000000000000, -0.000000000000000000 ) ) ;
#3958 = EDGE_CURVE ( 'NONE', #581, #998, #4900, .T. ) ;
#3959 = CARTESIAN_POINT ( 'NONE',  ( 34.02649615143337769, 0.000000000000000000, -104.4547663479550295 ) ) ;
#3960 = ORIENTED_EDGE ( 'NONE', *, *, #5131, .T. ) ;
#3961 = CARTESIAN_POINT ( 'NONE',  ( 50.99999999999999289, 4.500000000000030198, -143.2500000000000284 ) ) ;
#3962 = ORIENTED_EDGE ( 'NONE', *, *, #6229, .F. ) ;
#3963 = DIRECTION ( 'NONE',  ( 0.000000000000000000, 1.000000000000000000, 0.000000000000000000 ) ) ;
#3964 = AXIS2_PLACEMENT_3D ( 'NONE', #2595, #5751, #4755 ) ;
#3965 = CARTESIAN_POINT ( 'NONE',  ( -39.81638296937917687, 10.00000000000000000, -69.61192258427071522 ) ) ;
#3966 = DIRECTION ( 'NONE',  ( 0.4427499264756124542, 0.7071067811865401342, -0.5513370136367140573 ) ) ;
#3967 = LINE ( 'NONE', #195, #6840 ) ;
#3968 = DIRECTION ( 'NONE',  ( 0.000000000000000000, 0.000000000000000000, 1.000000000000000000 ) ) ;
#3969 = ORIENTED_EDGE ( 'NONE', *, *, #978, .T. ) ;
#3970 = DIRECTION ( 'NONE',  ( 0.000000000000000000, 0.000000000000000000, 1.000000000000000000 ) ) ;
#3971 = ORIENTED_EDGE ( 'NONE', *, *, #4152, .T. ) ;
#3972 = DIRECTION ( 'NONE',  ( -1.000000000000000000, 0.000000000000000000, -1.239088197126287859E-16 ) ) ;
#3973 = ORIENTED_EDGE ( 'NONE', *, *, #1919, .F. ) ;
#3974 = CARTESIAN_POINT ( 'NONE',  ( 14.08847404930327940, 4.500000000000000000, -29.32585781855631879 ) ) ;
#3975 = ADVANCED_FACE ( 'NONE', ( #6393 ), #1286, .F. ) ;
#3976 = AXIS2_PLACEMENT_3D ( 'NONE', #2062, #3585, #2458 ) ;
#3977 = ORIENTED_EDGE ( 'NONE', *, *, #1432, .T. ) ;
#3978 = CARTESIAN_POINT ( 'NONE',  ( -52.21999999999999176, 4.500000000000000000, -13.69999999999999929 ) ) ;
#3979 = EDGE_CURVE ( 'NONE', #4267, #1682, #2734, .T. ) ;
#3980 = AXIS2_PLACEMENT_3D ( 'NONE', #2664, #6993, #6494 ) ;
#3981 = ORIENTED_EDGE ( 'NONE', *, *, #5266, .F. ) ;
#3982 = DIRECTION ( 'NONE',  ( 0.000000000000000000, 0.000000000000000000, -1.000000000000000000 ) ) ;
#3983 = DIRECTION ( 'NONE',  ( -0.000000000000000000, -1.000000000000000000, -0.000000000000000000 ) ) ;
#3984 = ORIENTED_EDGE ( 'NONE', *, *, #3635, .T. ) ;
#3985 = EDGE_CURVE ( 'NONE', #6191, #2707, #6707, .T. ) ;
#3986 = AXIS2_PLACEMENT_3D ( 'NONE', #477, #3755, #4366 ) ;
#3987 = AXIS2_PLACEMENT_3D ( 'NONE', #320, #5232, #1481 ) ;
#3988 = DIRECTION ( 'NONE',  ( 0.000000000000000000, -1.000000000000000000, 0.000000000000000000 ) ) ;
#3989 = PLANE ( 'NONE',  #2101 ) ;
#3990 = VECTOR ( 'NONE', #3657, 1000.000000000000000 ) ;
#3991 = PLANE ( 'NONE',  #1671 ) ;
#3992 = EDGE_CURVE ( 'NONE', #1600, #2670, #3232, .T. ) ;
#3993 = VERTEX_POINT ( 'NONE', #1084 ) ;
#3994 = CARTESIAN_POINT ( 'NONE',  ( 30.32796396106018477, 4.499999999999971578, -101.0901178318729734 ) ) ;
#3995 = AXIS2_PLACEMENT_3D ( 'NONE', #4042, #226, #3479 ) ;
#3996 = AXIS2_PLACEMENT_3D ( 'NONE', #3563, #2540, #4739 ) ;
#3997 = EDGE_LOOP ( 'NONE', ( #4155, #2738, #3166, #2147 ) ) ;
#3998 = AXIS2_PLACEMENT_3D ( 'NONE', #3952, #3387, #778 ) ;
#3999 = DIRECTION ( 'NONE',  ( 0.000000000000000000, 0.000000000000000000, 1.000000000000000000 ) ) ;
#4000 = DIRECTION ( 'NONE',  ( 0.000000000000000000, 0.000000000000000000, 1.000000000000000000 ) ) ;
#4001 = DIRECTION ( 'NONE',  ( -0.9013783694726588136, 0.000000000000000000, 0.4330323718231822716 ) ) ;
#4002 = FACE_OUTER_BOUND ( 'NONE', #1870, .T. ) ;
#4003 = ADVANCED_FACE ( 'NONE', ( #6539 ), #2405, .F. ) ;
#4004 = ORIENTED_EDGE ( 'NONE', *, *, #3708, .F. ) ;
#4005 = CARTESIAN_POINT ( 'NONE',  ( 36.83221845872051148, 4.499999999999971578, -132.3400645262867670 ) ) ;
#4006 = EDGE_CURVE ( 'NONE', #3233, #5732, #2412, .T. ) ;
#4007 = ORIENTED_EDGE ( 'NONE', *, *, #2039, .F. ) ;
#4008 = CIRCLE ( 'NONE', #975, 1.750000000000001554 ) ;
#4009 = CARTESIAN_POINT ( 'NONE',  ( 4.124173807672382175, 0.000000000000000000, -123.5683101203598966 ) ) ;
#4010 = DIRECTION ( 'NONE',  ( 0.000000000000000000, 0.000000000000000000, 1.000000000000000000 ) ) ;
#4011 = ORIENTED_EDGE ( 'NONE', *, *, #6021, .F. ) ;
#4012 = CARTESIAN_POINT ( 'NONE',  ( -34.02649615143338480, 0.000000000000000000, -104.4547663479550295 ) ) ;
#4013 = CONICAL_SURFACE ( 'NONE', #980, 10.50000000000003020, 0.7853981633974500554 ) ;
#4014 = CIRCLE ( 'NONE', #5270, 1.750000000000001554 ) ;
#4015 = ORIENTED_EDGE ( 'NONE', *, *, #232, .F. ) ;
#4016 = FACE_OUTER_BOUND ( 'NONE', #6065, .T. ) ;
#4017 = VECTOR ( 'NONE', #3320, 1000.000000000000000 ) ;
#4018 = VECTOR ( 'NONE', #1744, 999.9999999999998863 ) ;
#4019 = EDGE_CURVE ( 'NONE', #2034, #3591, #3693, .T. ) ;
#4020 = AXIS2_PLACEMENT_3D ( 'NONE', #109, #6588, #3883 ) ;
#4021 = ORIENTED_EDGE ( 'NONE', *, *, #3386, .F. ) ;
#4022 = LINE ( 'NONE', #6094, #712 ) ;
#4023 = CARTESIAN_POINT ( 'NONE',  ( 3.575000000000015277, 4.000000000000003553, -130.6865720276287561 ) ) ;
#4024 = VERTEX_POINT ( 'NONE', #6958 ) ;
#4025 = VECTOR ( 'NONE', #1630, 1000.000000000000000 ) ;
#4026 = EDGE_CURVE ( 'NONE', #943, #1320, #5814, .T. ) ;
#4027 = VECTOR ( 'NONE', #5294, 1000.000000000000000 ) ;
#4028 = VECTOR ( 'NONE', #5855, 1000.000000000000000 ) ;
#4029 = EDGE_CURVE ( 'NONE', #6557, #5940, #5900, .T. ) ;
#4030 = CARTESIAN_POINT ( 'NONE',  ( 20.85965004500319608, 0.5000000000000073275, -54.39034995499687852 ) ) ;
#4031 = ADVANCED_FACE ( 'NONE', ( #6462 ), #4555, .F. ) ;
#4032 = DIRECTION ( 'NONE',  ( 0.000000000000000000, 0.000000000000000000, 1.000000000000000000 ) ) ;
#4033 = AXIS2_PLACEMENT_3D ( 'NONE', #1086, #1152, #3798 ) ;
#4034 = AXIS2_PLACEMENT_3D ( 'NONE', #3959, #4524, #79 ) ;
#4035 = CIRCLE ( 'NONE', #4602, 3.300000000000026912 ) ;
#4036 = DIRECTION ( 'NONE',  ( 0.000000000000000000, 0.000000000000000000, -1.000000000000000000 ) ) ;
#4037 = ORIENTED_EDGE ( 'NONE', *, *, #5725, .F. ) ;
#4038 = LINE ( 'NONE', #647, #2625 ) ;
#4039 = ORIENTED_EDGE ( 'NONE', *, *, #774, .F. ) ;
#4040 = CARTESIAN_POINT ( 'NONE',  ( 33.38843222953229883, 5.000000000000000000, -136.6284600779650020 ) ) ;
#4041 = CARTESIAN_POINT ( 'NONE',  ( -20.85965004500318898, 3.449999999999969535, -94.35965004500309306 ) ) ;
#4042 = CARTESIAN_POINT ( 'NONE',  ( -16.85784136489928642, 4.500000000000000000, -116.2996867338522691 ) ) ;
#4043 = DIRECTION ( 'NONE',  ( -0.7797082821233127792, 0.000000000000000000, -0.6261429507614952872 ) ) ;
#4044 = ORIENTED_EDGE ( 'NONE', *, *, #262, .F. ) ;
#4045 = FACE_OUTER_BOUND ( 'NONE', #5781, .T. ) ;
#4046 = VERTEX_POINT ( 'NONE', #5399 ) ;
#4047 = CONICAL_SURFACE ( 'NONE', #3254, 3.300000000000026912, 0.7853981633974596033 ) ;
#4048 = LINE ( 'NONE', #1929, #2544 ) ;
#4049 = LINE ( 'NONE', #3025, #5121 ) ;
#4050 = ORIENTED_EDGE ( 'NONE', *, *, #6803, .F. ) ;
#4051 = DIRECTION ( 'NONE',  ( -0.000000000000000000, -1.000000000000000000, -0.000000000000000000 ) ) ;
#4052 = EDGE_CURVE ( 'NONE', #4024, #864, #5244, .T. ) ;
#4053 = VERTEX_POINT ( 'NONE', #548 ) ;
#4054 = DIRECTION ( 'NONE',  ( 0.000000000000000000, 0.000000000000000000, 1.000000000000000000 ) ) ;
#4055 = EDGE_LOOP ( 'NONE', ( #5673, #1828, #707, #6468 ) ) ;
#4056 = PLANE ( 'NONE',  #3102 ) ;
#4057 = LINE ( 'NONE', #1406, #1525 ) ;
#4058 = ORIENTED_EDGE ( 'NONE', *, *, #5694, .F. ) ;
#4059 = ADVANCED_FACE ( 'NONE', ( #14 ), #1150, .F. ) ;
#4060 = CARTESIAN_POINT ( 'NONE',  ( 41.93912515950805187, 5.000000000000000000, -155.0378529641629086 ) ) ;
#4061 = DIRECTION ( 'NONE',  ( -0.000000000000000000, -1.000000000000000000, -0.000000000000000000 ) ) ;
#4062 = CARTESIAN_POINT ( 'NONE',  ( 15.02546730349718018, 4.499999999999971578, -111.6475468714770471 ) ) ;
#4063 = EDGE_CURVE ( 'NONE', #4781, #136, #4263, .T. ) ;
#4064 = ORIENTED_EDGE ( 'NONE', *, *, #6396, .T. ) ;
#4065 = CARTESIAN_POINT ( 'NONE',  ( -39.78038695602474206, 0.5000000000000004441, -46.06272032662376859 ) ) ;
#4066 = CONICAL_SURFACE ( 'NONE', #2831, 10.49999999999995381, 0.7853981633974412846 ) ;
#4067 = ORIENTED_EDGE ( 'NONE', *, *, #2712, .F. ) ;
#4068 = EDGE_CURVE ( 'NONE', #3535, #3697, #4326, .T. ) ;
#4069 = CARTESIAN_POINT ( 'NONE',  ( 52.21999999999999176, 5.000000000000000000, -13.69999999999999929 ) ) ;
#4070 = CARTESIAN_POINT ( 'NONE',  ( 9.810225566669162234, 13.88522556666906738, -144.6649160086654717 ) ) ;
#4071 = DIRECTION ( 'NONE',  ( -0.000000000000000000, 1.000000000000000000, -0.000000000000000000 ) ) ;
#4072 = CARTESIAN_POINT ( 'NONE',  ( -17.56989885962712705, 0.000000000000000000, -37.00960874336267636 ) ) ;
#4073 = ORIENTED_EDGE ( 'NONE', *, *, #453, .F. ) ;
#4074 = CARTESIAN_POINT ( 'NONE',  ( -1.387778780781445676E-14, 0.5000000000000108802, -73.50000000000001421 ) ) ;
#4075 = EDGE_CURVE ( 'NONE', #4798, #2562, #2193, .T. ) ;
#4076 = ORIENTED_EDGE ( 'NONE', *, *, #5131, .F. ) ;
#4077 = AXIS2_PLACEMENT_3D ( 'NONE', #3941, #6114, #2419 ) ;
#4078 = LINE ( 'NONE', #2984, #6173 ) ;
#4079 = DIRECTION ( 'NONE',  ( 0.000000000000000000, -1.000000000000000000, 0.000000000000000000 ) ) ;
#4080 = ORIENTED_EDGE ( 'NONE', *, *, #3144, .F. ) ;
#4081 = DIRECTION ( 'NONE',  ( -0.000000000000000000, 1.000000000000000000, -0.000000000000000000 ) ) ;
#4082 = EDGE_LOOP ( 'NONE', ( #4164, #2765, #5742, #6972 ) ) ;
#4083 = DIRECTION ( 'NONE',  ( 0.000000000000000000, 0.000000000000000000, -1.000000000000000000 ) ) ;
#4084 = VERTEX_POINT ( 'NONE', #5736 ) ;
#4085 = CARTESIAN_POINT ( 'NONE',  ( -50.99999999999999289, 5.000000000000000000, -145.0000000000000284 ) ) ;
#4086 = ORIENTED_EDGE ( 'NONE', *, *, #3447, .T. ) ;
#4087 = FACE_OUTER_BOUND ( 'NONE', #5652, .T. ) ;
#4088 = DIRECTION ( 'NONE',  ( -0.000000000000000000, -1.000000000000000000, -0.000000000000000000 ) ) ;
#4089 = EDGE_LOOP ( 'NONE', ( #947, #5226, #5497, #2850, #5540, #3703 ) ) ;
#4090 = DIRECTION ( 'NONE',  ( 1.239088197126289831E-16, 0.000000000000000000, 1.000000000000000000 ) ) ;
#4091 = ADVANCED_FACE ( 'NONE', ( #2542 ), #3874, .T. ) ;
#4092 = VECTOR ( 'NONE', #6177, 1000.000000000000000 ) ;
#4093 = FACE_OUTER_BOUND ( 'NONE', #3089, .T. ) ;
#4094 = CARTESIAN_POINT ( 'NONE',  ( -4.330323718231824159, 10.00000000000000000, -22.91966346877709881 ) ) ;
#4095 = DIRECTION ( 'NONE',  ( 0.000000000000000000, 0.000000000000000000, 1.000000000000000000 ) ) ;
#4096 = CARTESIAN_POINT ( 'NONE',  ( 4.546839904143394229, 0.000000000000000000, -23.37035265351338253 ) ) ;
#4097 = EDGE_LOOP ( 'NONE', ( #5881, #5469, #2007, #2383 ) ) ;
#4098 = CARTESIAN_POINT ( 'NONE',  ( -14.08847404930327940, 4.500000000000000000, -29.32585781855631879 ) ) ;
#4099 = ORIENTED_EDGE ( 'NONE', *, *, #3386, .T. ) ;
#4100 = VECTOR ( 'NONE', #2506, 1000.000000000000000 ) ;
#4101 = FACE_OUTER_BOUND ( 'NONE', #2327, .T. ) ;
#4102 = LINE ( 'NONE', #973, #6967 ) ;
#4103 = AXIS2_PLACEMENT_3D ( 'NONE', #1736, #6053, #7010 ) ;
#4104 = ORIENTED_EDGE ( 'NONE', *, *, #1314, .F. ) ;
#4105 = DIRECTION ( 'NONE',  ( 0.000000000000000000, 0.000000000000000000, 1.000000000000000000 ) ) ;
#4106 = AXIS2_PLACEMENT_3D ( 'NONE', #2827, #1876, #3424 ) ;
#4107 = ADVANCED_FACE ( 'NONE', ( #999 ), #4628, .T. ) ;
#4108 = ORIENTED_EDGE ( 'NONE', *, *, #2821, .F. ) ;
#4109 = CARTESIAN_POINT ( 'NONE',  ( -38.68139047374459238, 4.500000000000002665, -102.6294009466956538 ) ) ;
#4110 = EDGE_LOOP ( 'NONE', ( #2276, #4650, #4489, #1245 ) ) ;
#4111 = CIRCLE ( 'NONE', #3548, 5.000000000000004441 ) ;
#4112 = EDGE_CURVE ( 'NONE', #5647, #2261, #1521, .T. ) ;
#4113 = ADVANCED_FACE ( 'NONE', ( #4741 ), #6159, .F. ) ;
#4114 = CARTESIAN_POINT ( 'NONE',  ( -31.41878208320419219, 10.00000000000000000, -47.15877503971905327 ) ) ;
#4115 = CARTESIAN_POINT ( 'NONE',  ( 33.38843222953228462, 0.000000000000000000, -136.6284600779650020 ) ) ;
#4116 = ORIENTED_EDGE ( 'NONE', *, *, #5181, .F. ) ;
#4117 = DIRECTION ( 'NONE',  ( 0.000000000000000000, -1.000000000000000000, 0.000000000000000000 ) ) ;
#4118 = ORIENTED_EDGE ( 'NONE', *, *, #5769, .F. ) ;
#4119 = DIRECTION ( 'NONE',  ( -0.000000000000000000, 1.000000000000000000, -0.000000000000000000 ) ) ;
#4120 = ORIENTED_EDGE ( 'NONE', *, *, #4863, .T. ) ;
#4121 = AXIS2_PLACEMENT_3D ( 'NONE', #1300, #301, #1393 ) ;
#4122 = CIRCLE ( 'NONE', #6963, 1.750000000000001554 ) ;
#4123 = LINE ( 'NONE', #6366, #6758 ) ;
#4124 = ORIENTED_EDGE ( 'NONE', *, *, #6140, .T. ) ;
#4125 = FACE_OUTER_BOUND ( 'NONE', #3858, .T. ) ;
#4126 = CIRCLE ( 'NONE', #5955, 3.300000000000053113 ) ;
#4127 = DIRECTION ( 'NONE',  ( 8.326672684688666165E-15, 0.000000000000000000, 1.000000000000000000 ) ) ;
#4128 = ORIENTED_EDGE ( 'NONE', *, *, #305, .T. ) ;
#4129 = DIRECTION ( 'NONE',  ( 0.000000000000000000, 0.000000000000000000, 1.000000000000000000 ) ) ;
#4130 = CIRCLE ( 'NONE', #3001, 1.750000000000001554 ) ;
#4131 = VECTOR ( 'NONE', #1743, 1000.000000000000000 ) ;
#4132 = ADVANCED_FACE ( 'NONE', ( #6266 ), #1964, .T. ) ;
#4133 = PLANE ( 'NONE',  #3912 ) ;
#4134 = EDGE_CURVE ( 'NONE', #5726, #1421, #5693, .T. ) ;
#4135 = CARTESIAN_POINT ( 'NONE',  ( 40.23339156424331264, 0.000000000000000000, -46.27434930604935204 ) ) ;
#4136 = CONICAL_SURFACE ( 'NONE', #1888, 5.499999999999984013, 0.7853981633974309595 ) ;
#4137 = DIRECTION ( 'NONE',  ( 0.3062001265894738755, 0.7071067811865309194, -0.6373707574690054001 ) ) ;
#4138 = LINE ( 'NONE', #3045, #6872 ) ;
#4139 = CONICAL_SURFACE ( 'NONE', #3237, 21.49999999999999289, 0.7853981633974587151 ) ;
#4140 = ADVANCED_FACE ( 'NONE', ( #6371 ), #5312, .T. ) ;
#4141 = ORIENTED_EDGE ( 'NONE', *, *, #4520, .T. ) ;
#4142 = DIRECTION ( 'NONE',  ( -8.761676666762043374E-17, -0.7071067811865535679, 0.7071067811865415775 ) ) ;
#4143 = EDGE_LOOP ( 'NONE', ( #4064, #2939, #2228, #2887 ) ) ;
#4144 = CARTESIAN_POINT ( 'NONE',  ( -34.02649615143338480, 5.000000000000000000, -104.4547663479550295 ) ) ;
#4145 = AXIS2_PLACEMENT_3D ( 'NONE', #1358, #6845, #3583 ) ;
#4146 = AXIS2_PLACEMENT_3D ( 'NONE', #6402, #4193, #3663 ) ;
#4147 = DIRECTION ( 'NONE',  ( 0.000000000000000000, 0.000000000000000000, 1.000000000000000000 ) ) ;
#4148 = PLANE ( 'NONE',  #2232 ) ;
#4149 = ORIENTED_EDGE ( 'NONE', *, *, #6285, .T. ) ;
#4150 = CARTESIAN_POINT ( 'NONE',  ( 47.57676659720974754, 0.000000000000000000, -30.55541166886927584 ) ) ;
#4151 = EDGE_LOOP ( 'NONE', ( #987, #1351, #867, #3382 ) ) ;
#4152 = EDGE_CURVE ( 'NONE', #2127, #1873, #4168, .T. ) ;
#4153 = CARTESIAN_POINT ( 'NONE',  ( -39.36337836116062761, 5.000000000000000000, -69.40029360484513177 ) ) ;
#4154 = CARTESIAN_POINT ( 'NONE',  ( -3.575000000000000622, 2.500000000000000444, -128.5000000000000000 ) ) ;
#4155 = ORIENTED_EDGE ( 'NONE', *, *, #6956, .T. ) ;
#4156 = LINE ( 'NONE', #2530, #1075 ) ;
#4157 = ORIENTED_EDGE ( 'NONE', *, *, #3476, .T. ) ;
#4158 = DIRECTION ( 'NONE',  ( 8.659560562354994488E-17, 0.7071067811865425767, -0.7071067811865525687 ) ) ;
#4159 = EDGE_CURVE ( 'NONE', #3596, #4341, #5845, .T. ) ;
#4160 = EDGE_LOOP ( 'NONE', ( #1191, #294, #5604, #1051 ) ) ;
#4161 = VECTOR ( 'NONE', #4817, 1000.000000000000000 ) ;
#4162 = EDGE_CURVE ( 'NONE', #6701, #5569, #3526, .T. ) ;
#4163 = CYLINDRICAL_SURFACE ( 'NONE', #4374, 13.99999999999995737 ) ;
#4164 = ORIENTED_EDGE ( 'NONE', *, *, #6105, .F. ) ;
#4165 = CARTESIAN_POINT ( 'NONE',  ( 39.10119705689740499, 0.000000000000000000, -77.67776951542754205 ) ) ;
#4166 = CARTESIAN_POINT ( 'NONE',  ( -50.99999999999999289, 1.550000000000034017, -143.2500000000000284 ) ) ;
#4167 = EDGE_LOOP ( 'NONE', ( #5660, #3730 ) ) ;
#4168 = LINE ( 'NONE', #6871, #5471 ) ;
#4169 = CARTESIAN_POINT ( 'NONE',  ( -48.87647513375095798, 0.000000000000000000, -73.84450217278279638 ) ) ;
#4170 = DIRECTION ( 'NONE',  ( 0.000000000000000000, 0.000000000000000000, 1.000000000000000000 ) ) ;
#4171 = CARTESIAN_POINT ( 'NONE',  ( -46.83854437949984373, 4.499999999999971578, -2.498233092428983504 ) ) ;
#4172 = CARTESIAN_POINT ( 'NONE',  ( -41.93536681769559493, 0.5000000000000004441, -20.67609968050981095 ) ) ;
#4173 = EDGE_LOOP ( 'NONE', ( #3511, #673, #2274, #94 ) ) ;
#4174 = DIRECTION ( 'NONE',  ( -0.000000000000000000, -1.000000000000000000, -0.000000000000000000 ) ) ;
#4175 = EDGE_CURVE ( 'NONE', #5363, #2786, #1170, .T. ) ;
#4176 = ORIENTED_EDGE ( 'NONE', *, *, #2191, .T. ) ;
#4177 = ADVANCED_FACE ( 'NONE', ( #1449 ), #1067, .T. ) ;
#4178 = CYLINDRICAL_SURFACE ( 'NONE', #3002, 4.999999999999997335 ) ;
#4179 = DIRECTION ( 'NONE',  ( 0.000000000000000000, 0.000000000000000000, 1.000000000000000000 ) ) ;
#4180 = CARTESIAN_POINT ( 'NONE',  ( -35.25034087383883730, 0.5000000000000004441, -48.94643053236772801 ) ) ;
#4181 = ORIENTED_EDGE ( 'NONE', *, *, #6347, .T. ) ;
#4182 = DIRECTION ( 'NONE',  ( 0.3062001265894666591, -0.7071067811865466846, -0.6373707574689913002 ) ) ;
#4183 = ORIENTED_EDGE ( 'NONE', *, *, #6238, .F. ) ;
#4184 = CARTESIAN_POINT ( 'NONE',  ( -52.21999999999999176, 4.499999999999995559, -15.45000000000000107 ) ) ;
#4185 = CARTESIAN_POINT ( 'NONE',  ( 20.85965004500319608, 3.449999999999969535, -54.39034995499687852 ) ) ;
#4186 = ORIENTED_EDGE ( 'NONE', *, *, #2522, .T. ) ;
#4187 = CARTESIAN_POINT ( 'NONE',  ( -15.19575614287106369, 4.500000000000032863, -134.2029171787668815 ) ) ;
#4188 = EDGE_LOOP ( 'NONE', ( #681, #4593, #719, #4691, #1008 ) ) ;
#4189 = CARTESIAN_POINT ( 'NONE',  ( -16.85784136489928642, 5.000000000000000000, -116.2996867338522691 ) ) ;
#4190 = ORIENTED_EDGE ( 'NONE', *, *, #1512, .T. ) ;
#4191 = VECTOR ( 'NONE', #6732, 1000.000000000000000 ) ;
#4192 = EDGE_CURVE ( 'NONE', #3544, #5215, #5768, .T. ) ;
#4193 = DIRECTION ( 'NONE',  ( 0.000000000000000000, -1.000000000000000000, 0.000000000000000000 ) ) ;
#4194 = ORIENTED_EDGE ( 'NONE', *, *, #3255, .T. ) ;
#4195 = FACE_OUTER_BOUND ( 'NONE', #1466, .T. ) ;
#4196 = LINE ( 'NONE', #386, #6947 ) ;
#4197 = EDGE_LOOP ( 'NONE', ( #2600, #6434, #2108, #5479 ) ) ;
#4198 = CARTESIAN_POINT ( 'NONE',  ( 48.87647513375095798, 5.000000000000000000, -73.84450217278281059 ) ) ;
#4199 = ADVANCED_FACE ( 'NONE', ( #3000 ), #5163, .T. ) ;
#4200 = EDGE_CURVE ( 'NONE', #5210, #5911, #5802, .T. ) ;
#4201 = FACE_OUTER_BOUND ( 'NONE', #4143, .T. ) ;
#4202 = DIRECTION ( 'NONE',  ( 0.000000000000000000, 0.000000000000000000, 1.000000000000000000 ) ) ;
#4203 = CARTESIAN_POINT ( 'NONE',  ( 38.68139047374457817, 10.00000000000000000, -102.6294009466956538 ) ) ;
#4204 = CONICAL_SURFACE ( 'NONE', #817, 1.750000000000001554, 0.7853981633974425058 ) ;
#4205 = CONICAL_SURFACE ( 'NONE', #2051, 1.750000000000001554, 0.7853981633974425058 ) ;
#4206 = EDGE_LOOP ( 'NONE', ( #6067, #1373, #57, #3415 ) ) ;
#4207 = LINE ( 'NONE', #1569, #5737 ) ;
#4208 = ORIENTED_EDGE ( 'NONE', *, *, #3920, .F. ) ;
#4209 = AXIS2_PLACEMENT_3D ( 'NONE', #942, #6224, #340 ) ;
#4210 = DIRECTION ( 'NONE',  ( 0.000000000000000000, 0.000000000000000000, 1.000000000000000000 ) ) ;
#4211 = LINE ( 'NONE', #1995, #3456 ) ;
#4212 = ADVANCED_FACE ( 'NONE', ( #2580 ), #1520, .F. ) ;
#4213 =( LENGTH_UNIT ( ) NAMED_UNIT ( * ) SI_UNIT ( .MILLI., .METRE. ) );
#4214 = ORIENTED_EDGE ( 'NONE', *, *, #4, .F. ) ;
#4215 = DIRECTION ( 'NONE',  ( 0.000000000000000000, 0.000000000000000000, -1.000000000000000000 ) ) ;
#4216 = AXIS2_PLACEMENT_3D ( 'NONE', #2599, #5360, #4758 ) ;
#4217 = ORIENTED_EDGE ( 'NONE', *, *, #1035, .T. ) ;
#4218 = AXIS2_PLACEMENT_3D ( 'NONE', #6373, #6446, #6309 ) ;
#4219 = CONICAL_SURFACE ( 'NONE', #3192, 11.92737488156551962, 0.7853981633974621568 ) ;
#4220 = EDGE_CURVE ( 'NONE', #4604, #2690, #6380, .T. ) ;
#4221 = VECTOR ( 'NONE', #3838, 1000.000000000000000 ) ;
#4222 = CARTESIAN_POINT ( 'NONE',  ( 0.000000000000000000, 10.00000000000000000, -73.50000000000000000 ) ) ;
#4223 = DIRECTION ( 'NONE',  ( 1.387778780781444492E-15, 0.000000000000000000, 1.000000000000000000 ) ) ;
#4224 = ORIENTED_EDGE ( 'NONE', *, *, #4029, .T. ) ;
#4225 = CARTESIAN_POINT ( 'NONE',  ( -20.85965004500310727, 0.5000000000000073275, -52.64034995499679326 ) ) ;
#4226 = ORIENTED_EDGE ( 'NONE', *, *, #1392, .T. ) ;
#4228 = EDGE_CURVE ( 'NONE', #998, #6921, #101, .T. ) ;
#4227 = DIRECTION ( 'NONE',  ( -0.000000000000000000, -1.000000000000000000, -0.000000000000000000 ) ) ;
#4229 = VERTEX_POINT ( 'NONE', #1062 ) ;
#4230 = AXIS2_PLACEMENT_3D ( 'NONE', #2454, #1357, #3938 ) ;
#4231 = LINE ( 'NONE', #4623, #5292 ) ;
#4232 = AXIS2_PLACEMENT_3D ( 'NONE', #6578, #5981, #1731 ) ;
#4233 = ORIENTED_EDGE ( 'NONE', *, *, #1580, .F. ) ;
#4234 = DIRECTION ( 'NONE',  ( 0.000000000000000000, 0.000000000000000000, 1.000000000000000000 ) ) ;
#4235 = CIRCLE ( 'NONE', #621, 5.500000000000005329 ) ;
#4236 = ORIENTED_EDGE ( 'NONE', *, *, #6898, .T. ) ;
#4237 = FACE_OUTER_BOUND ( 'NONE', #3922, .T. ) ;
#4238 = ADVANCED_FACE ( 'NONE', ( #4237 ), #4383, .F. ) ;
#4239 = CIRCLE ( 'NONE', #3784, 40.50000000000002132 ) ;
#4240 = VECTOR ( 'NONE', #510, 1000.000000000000000 ) ;
#4241 = CARTESIAN_POINT ( 'NONE',  ( 39.78038695602474917, 4.499999999999998224, -46.06272032662374016 ) ) ;
#4242 = EDGE_CURVE ( 'NONE', #3189, #5274, #493, .T. ) ;
#4243 = DIRECTION ( 'NONE',  ( -0.000000000000000000, -1.000000000000000000, -0.000000000000000000 ) ) ;
#4244 = CARTESIAN_POINT ( 'NONE',  ( 52.21999999999999176, 0.000000000000000000, -13.69999999999999929 ) ) ;
#4245 = VECTOR ( 'NONE', #3431, 999.9999999999998863 ) ;
#4246 = ORIENTED_EDGE ( 'NONE', *, *, #5923, .T. ) ;
#4247 = DIRECTION ( 'NONE',  ( 1.000000000000000000, 0.000000000000000000, 0.000000000000000000 ) ) ;
#4248 = VECTOR ( 'NONE', #4890, 1000.000000000000000 ) ;
#4249 = EDGE_CURVE ( 'NONE', #3852, #5818, #3202, .T. ) ;
#4250 = VERTEX_POINT ( 'NONE', #4848 ) ;
#4251 = AXIS2_PLACEMENT_3D ( 'NONE', #4478, #3489, #5053 ) ;
#4252 = CIRCLE ( 'NONE', #6750, 1.250000000000001110 ) ;
#4253 = DIRECTION ( 'NONE',  ( 0.000000000000000000, -0.000000000000000000, 1.000000000000000000 ) ) ;
#4254 = CONICAL_SURFACE ( 'NONE', #6522, 1.750000000000001554, 0.7853981633974425058 ) ;
#4255 = CARTESIAN_POINT ( 'NONE',  ( -63.02631157059965261, 5.000000000000000000, -18.74835634682457197 ) ) ;
#4256 = CARTESIAN_POINT ( 'NONE',  ( -3.711728735997287920, 4.136728735997286854, -126.8102369976720496 ) ) ;
#4257 = ORIENTED_EDGE ( 'NONE', *, *, #1249, .F. ) ;
#4258 = FACE_OUTER_BOUND ( 'NONE', #3117, .T. ) ;
#4259 = CIRCLE ( 'NONE', #6077, 5.500000000000005329 ) ;
#4260 = ORIENTED_EDGE ( 'NONE', *, *, #4334, .F. ) ;
#4261 = VECTOR ( 'NONE', #2727, 1000.000000000000000 ) ;
#4262 = DIRECTION ( 'NONE',  ( -0.000000000000000000, -1.000000000000000000, -0.000000000000000000 ) ) ;
#4263 = LINE ( 'NONE', #2175, #1742 ) ;
#4264 = ORIENTED_EDGE ( 'NONE', *, *, #5276, .F. ) ;
#4265 = FACE_OUTER_BOUND ( 'NONE', #4097, .T. ) ;
#4266 = VECTOR ( 'NONE', #5362, 1000.000000000000114 ) ;
#4267 = VERTEX_POINT ( 'NONE', #5412 ) ;
#4268 = PLANE ( 'NONE',  #1578 ) ;
#4269 = AXIS2_PLACEMENT_3D ( 'NONE', #5741, #3501, #6729 ) ;
#4270 = CIRCLE ( 'NONE', #3139, 3.300000000000026912 ) ;
#4271 = ORIENTED_EDGE ( 'NONE', *, *, #6315, .T. ) ;
#4272 = DIRECTION ( 'NONE',  ( 0.000000000000000000, 0.000000000000000000, 1.000000000000000000 ) ) ;
#4273 = ADVANCED_FACE ( 'NONE', ( #5480 ), #6830, .T. ) ;
#4274 = EDGE_LOOP ( 'NONE', ( #61, #4116 ) ) ;
#4275 = DIRECTION ( 'NONE',  ( -0.000000000000000000, -1.000000000000000000, -0.000000000000000000 ) ) ;
#4276 = VERTEX_POINT ( 'NONE', #2641 ) ;
#4277 = DIRECTION ( 'NONE',  ( 0.000000000000000000, -0.7071067811865552333, -0.7071067811865398012 ) ) ;
#4278 = AXIS2_PLACEMENT_3D ( 'NONE', #4189, #5877, #3062 ) ;
#4279 = VECTOR ( 'NONE', #4906, 1000.000000000000114 ) ;
#4280 = DIRECTION ( 'NONE',  ( -0.4232579588512070945, 0.000000000000000000, -0.9060092164371782442 ) ) ;
#4281 = DIRECTION ( 'NONE',  ( -0.000000000000000000, -1.000000000000000000, -0.000000000000000000 ) ) ;
#4282 = FACE_BOUND ( 'NONE', #2307, .T. ) ;
#4283 = ORIENTED_EDGE ( 'NONE', *, *, #2604, .T. ) ;
#4284 = LINE ( 'NONE', #3217, #3579 ) ;
#4285 = FACE_OUTER_BOUND ( 'NONE', #2596, .T. ) ;
#4286 = ADVANCED_FACE ( 'NONE', ( #2684 ), #1629, .T. ) ;
#4287 = CARTESIAN_POINT ( 'NONE',  ( -53.30004952161288401, 0.4999999999999848455, -66.37220781459282648 ) ) ;
#4288 = CARTESIAN_POINT ( 'NONE',  ( -64.03370410247146083, 4.500000000000038192, -139.8889768764736914 ) ) ;
#4289 = ORIENTED_EDGE ( 'NONE', *, *, #4249, .F. ) ;
#4290 = FACE_BOUND ( 'NONE', #4274, .T. ) ;
#4291 = EDGE_LOOP ( 'NONE', ( #6647, #5009, #6231, #6559, #4190, #349, #4729, #5361, #624 ) ) ;
#4292 = ADVANCED_FACE ( 'NONE', ( #527 ), #4958, .T. ) ;
#4293 = DIRECTION ( 'NONE',  ( -0.9309788644622425391, 0.000000000000000000, -0.3650730802518772355 ) ) ;
#4294 = LINE ( 'NONE', #1610, #2430 ) ;
#4295 = DIRECTION ( 'NONE',  ( 0.000000000000000000, 0.7071067811865456854, 0.7071067811865493491 ) ) ;
#4296 = VERTEX_POINT ( 'NONE', #3707 ) ;
#4297 = EDGE_CURVE ( 'NONE', #3802, #5937, #4881, .T. ) ;
#4298 = DIRECTION ( 'NONE',  ( 1.000000000000000000, 0.000000000000000000, 1.239088197126289831E-16 ) ) ;
#4299 = VERTEX_POINT ( 'NONE', #2190 ) ;
#4300 = CARTESIAN_POINT ( 'NONE',  ( 4.574999999999995737, 5.000000000000000000, -145.0000000000000000 ) ) ;
#4301 = ORIENTED_EDGE ( 'NONE', *, *, #305, .F. ) ;
#4302 = VECTOR ( 'NONE', #5338, 1000.000000000000000 ) ;
#4303 = PLANE ( 'NONE',  #4363 ) ;
#4304 = DIRECTION ( 'NONE',  ( -0.7797082821233130012, 0.000000000000000000, 0.6261429507614951762 ) ) ;
#4305 = EDGE_LOOP ( 'NONE', ( #1820, #6358, #3930, #722 ) ) ;
#4306 = DIRECTION ( 'NONE',  ( -0.6583014682026091524, 0.7071067811865480168, 0.2581456506747468183 ) ) ;
#4307 = DIRECTION ( 'NONE',  ( 0.5230514384499265201, 0.7071067811865450192, -0.4758331564061780705 ) ) ;
#4308 = ORIENTED_EDGE ( 'NONE', *, *, #5185, .T. ) ;
#4309 = DIRECTION ( 'NONE',  ( -0.4330323718231822716, 0.000000000000000000, 0.9013783694726590356 ) ) ;
#4310 = AXIS2_PLACEMENT_3D ( 'NONE', #4005, #1829, #5614 ) ;
#4311 = CARTESIAN_POINT ( 'NONE',  ( -20.85965004500318898, 0.5000000000000073275, -92.60965004500309306 ) ) ;
#4312 = ADVANCED_FACE ( 'NONE', ( #5950 ), #1163, .F. ) ;
#4313 = CARTESIAN_POINT ( 'NONE',  ( 50.99999999999999289, 5.000000000000000000, -145.0000000000000284 ) ) ;
#4314 = FACE_BOUND ( 'NONE', #2098, .T. ) ;
#4315 = EDGE_LOOP ( 'NONE', ( #3661, #3821, #559, #1026 ) ) ;
#4316 = CARTESIAN_POINT ( 'NONE',  ( -42.34915626560065505, 5.000000000000000000, -20.39542497056531190 ) ) ;
#4317 = DIRECTION ( 'NONE',  ( -0.000000000000000000, 1.000000000000000000, -0.000000000000000000 ) ) ;
#4318 = AXIS2_PLACEMENT_3D ( 'NONE', #3158, #1646, #5966 ) ;
#4319 = CARTESIAN_POINT ( 'NONE',  ( -45.35554439750277567, 10.00000000000000000, -24.05948337168945628 ) ) ;
#4320 = ORIENTED_EDGE ( 'NONE', *, *, #6355, .F. ) ;
#4321 = FACE_OUTER_BOUND ( 'NONE', #377, .T. ) ;
#4322 = ORIENTED_EDGE ( 'NONE', *, *, #4559, .F. ) ;
#4323 = AXIS2_PLACEMENT_3D ( 'NONE', #2838, #6072, #2348 ) ;
#4324 = LINE ( 'NONE', #1609, #6364 ) ;
#4325 = DIRECTION ( 'NONE',  ( 0.000000000000000000, 0.000000000000000000, 1.000000000000000000 ) ) ;
#4326 = LINE ( 'NONE', #5972, #2753 ) ;
#4327 = ORIENTED_EDGE ( 'NONE', *, *, #2983, .F. ) ;
#4328 = CARTESIAN_POINT ( 'NONE',  ( 3.575000000000000622, 2.500000000000000444, -127.7500000000000000 ) ) ;
#4329 = VECTOR ( 'NONE', #6995, 1000.000000000000114 ) ;
#4330 = ORIENTED_EDGE ( 'NONE', *, *, #4461, .T. ) ;
#4331 = CARTESIAN_POINT ( 'NONE',  ( -37.79747233864500089, 5.000000000000000000, -17.98284677995475178 ) ) ;
#4332 = ORIENTED_EDGE ( 'NONE', *, *, #3228, .T. ) ;
#4333 = EDGE_CURVE ( 'NONE', #4983, #6209, #6014, .T. ) ;
#4334 = EDGE_CURVE ( 'NONE', #5592, #4689, #5128, .T. ) ;
#4335 = DIRECTION ( 'NONE',  ( -0.7071067811865451302, 0.7071067811865499042, -8.761676666762101306E-17 ) ) ;
#4336 = DIRECTION ( 'NONE',  ( 0.000000000000000000, 0.000000000000000000, 1.000000000000000000 ) ) ;
#4337 = AXIS2_PLACEMENT_3D ( 'NONE', #6256, #4081, #2466 ) ;
#4338 = ORIENTED_EDGE ( 'NONE', *, *, #5832, .T. ) ;
#4339 = DIRECTION ( 'NONE',  ( 0.000000000000000000, 0.000000000000000000, -1.000000000000000000 ) ) ;
#4340 = APPLICATION_PROTOCOL_DEFINITION ( 'draft international standard', 'automotive_design', 1998, #118 ) ;
#4341 = VERTEX_POINT ( 'NONE', #5340 ) ;
#4342 = CARTESIAN_POINT ( 'NONE',  ( 52.21999999999999176, 4.499999999999975131, -13.69999999999999929 ) ) ;
#4343 = CONICAL_SURFACE ( 'NONE', #5028, 3.299999999999997158, 0.7853981633974375098 ) ;
#4344 = CIRCLE ( 'NONE', #6381, 3.299999999999969624 ) ;
#4345 = CARTESIAN_POINT ( 'NONE',  ( 63.47931617881824451, 4.500000000000000000, -18.95998532625017674 ) ) ;
#4346 = DIRECTION ( 'NONE',  ( 0.000000000000000000, 0.000000000000000000, -1.000000000000000000 ) ) ;
#4347 = ORIENTED_EDGE ( 'NONE', *, *, #1936, .F. ) ;
#4348 = ORIENTED_EDGE ( 'NONE', *, *, #6912, .T. ) ;
#4349 = CARTESIAN_POINT ( 'NONE',  ( 50.99999999999999289, 4.499999999999971578, -145.0000000000000284 ) ) ;
#4350 = VECTOR ( 'NONE', #2492, 1000.000000000000000 ) ;
#4351 = EDGE_CURVE ( 'NONE', #770, #5888, #3309, .T. ) ;
#4352 = DIRECTION ( 'NONE',  ( 0.6406452607602292071, 0.7071067811865596742, -0.2992885728948578294 ) ) ;
#4353 = CIRCLE ( 'NONE', #6175, 40.50000000000000000 ) ;
#4354 = CARTESIAN_POINT ( 'NONE',  ( -39.10119705689743341, 5.000000000000000000, -77.67776951542751362 ) ) ;
#4355 = EDGE_CURVE ( 'NONE', #4733, #3802, #4792, .T. ) ;
#4356 = AXIS2_PLACEMENT_3D ( 'NONE', #2144, #4298, #6464 ) ;
#4357 = CARTESIAN_POINT ( 'NONE',  ( -45.35554439750277567, 4.500000000000000000, -24.05948337168945628 ) ) ;
#4358 = CIRCLE ( 'NONE', #2894, 2.250000000000001776 ) ;
#4359 = ORIENTED_EDGE ( 'NONE', *, *, #1333, .F. ) ;
#4360 = DIRECTION ( 'NONE',  ( -0.7797082821233130012, 0.000000000000000000, 0.6261429507614951762 ) ) ;
#4361 = VERTEX_POINT ( 'NONE', #1594 ) ;
#4362 = CONICAL_SURFACE ( 'NONE', #2442, 21.50000000000000000, 0.7853981633974587151 ) ;
#4363 = AXIS2_PLACEMENT_3D ( 'NONE', #392, #4335, #622 ) ;
#4364 = FACE_OUTER_BOUND ( 'NONE', #1145, .T. ) ;
#4365 = DIRECTION ( 'NONE',  ( -0.4427499264756016295, -0.7071067811865573427, -0.5513370136367007346 ) ) ;
#4366 = DIRECTION ( 'NONE',  ( 0.000000000000000000, 0.000000000000000000, 1.000000000000000000 ) ) ;
#4367 = EDGE_LOOP ( 'NONE', ( #4260, #2554, #2363, #4320 ) ) ;
#4368 = DIRECTION ( 'NONE',  ( -0.000000000000000000, -1.000000000000000000, -0.000000000000000000 ) ) ;
#4369 = CIRCLE ( 'NONE', #2561, 5.000000000000004441 ) ;
#4370 = EDGE_LOOP ( 'NONE', ( #1497, #2920, #934, #3046 ) ) ;
#4371 = FACE_BOUND ( 'NONE', #3889, .T. ) ;
#4372 = ORIENTED_EDGE ( 'NONE', *, *, #5939, .F. ) ;
#4373 = VECTOR ( 'NONE', #6134, 1000.000000000000114 ) ;
#4374 = AXIS2_PLACEMENT_3D ( 'NONE', #2994, #1475, #2013 ) ;
#4375 = DIRECTION ( 'NONE',  ( -0.6583014682025835063, -0.7071067811865684449, -0.2581456506747563662 ) ) ;
#4376 = CARTESIAN_POINT ( 'NONE',  ( -8.940694323019437562, 0.4938441702975818193, -126.2332607645668077 ) ) ;
#4377 = AXIS2_PLACEMENT_3D ( 'NONE', #1377, #1916, #4036 ) ;
#4378 = AXIS2_PLACEMENT_3D ( 'NONE', #3560, #1974, #6929 ) ;
#4379 = ORIENTED_EDGE ( 'NONE', *, *, #161, .T. ) ;
#4380 = CARTESIAN_POINT ( 'NONE',  ( 52.21999999999999176, 5.000000000000000000, -13.69999999999999929 ) ) ;
#4381 = EDGE_CURVE ( 'NONE', #6857, #3864, #2082, .T. ) ;
#4382 = ORIENTED_EDGE ( 'NONE', *, *, #2434, .T. ) ;
#4383 = CYLINDRICAL_SURFACE ( 'NONE', #957, 4.999999999999997335 ) ;
#4384 = EDGE_CURVE ( 'NONE', #451, #3940, #272, .T. ) ;
#4385 = CARTESIAN_POINT ( 'NONE',  ( -48.87647513375095798, 0.000000000000000000, -73.84450217278279638 ) ) ;
#4386 = LINE ( 'NONE', #6556, #3907 ) ;
#4387 = VERTEX_POINT ( 'NONE', #2365 ) ;
#4388 = EDGE_LOOP ( 'NONE', ( #2797, #5902, #752, #1331 ) ) ;
#4389 = LINE ( 'NONE', #3219, #1774 ) ;
#4390 = CARTESIAN_POINT ( 'NONE',  ( -19.95593450723081475, 0.000000000000000000, -32.05412351097982793 ) ) ;
#4391 = DIRECTION ( 'NONE',  ( -4.163336342344336238E-15, 0.000000000000000000, 1.000000000000000000 ) ) ;
#4392 = ADVANCED_FACE ( 'NONE', ( #5527 ), #4219, .T. ) ;
#4393 = EDGE_LOOP ( 'NONE', ( #413, #2409, #3504, #4876 ) ) ;
#4394 = CARTESIAN_POINT ( 'NONE',  ( -35.25034087383883730, 4.500000000000000000, -43.94643053236772801 ) ) ;
#4395 = VERTEX_POINT ( 'NONE', #3915 ) ;
#4396 = EDGE_CURVE ( 'NONE', #4395, #5228, #837, .T. ) ;
#4397 = FACE_OUTER_BOUND ( 'NONE', #3011, .T. ) ;
#4398 = LINE ( 'NONE', #6567, #4928 ) ;
#4399 = DIRECTION ( 'NONE',  ( -0.4427499264755923036, -0.7071067811865702213, 0.5513370136366918528 ) ) ;
#4400 = VERTEX_POINT ( 'NONE', #4515 ) ;
#4401 = DIRECTION ( 'NONE',  ( 0.000000000000000000, 1.000000000000000000, 0.000000000000000000 ) ) ;
#4402 = ORIENTED_EDGE ( 'NONE', *, *, #6854, .T. ) ;
#4403 = LINE ( 'NONE', #6572, #3601 ) ;
#4404 = ORIENTED_EDGE ( 'NONE', *, *, #1962, .F. ) ;
#4405 = DIRECTION ( 'NONE',  ( 0.000000000000000000, 1.000000000000000000, 0.000000000000000000 ) ) ;
#4406 = CARTESIAN_POINT ( 'NONE',  ( 35.25034087383883730, 4.500000000000000000, -43.94643053236772090 ) ) ;
#4407 = EDGE_LOOP ( 'NONE', ( #1212, #762, #5876, #5122 ) ) ;
#4408 = DIRECTION ( 'NONE',  ( 0.000000000000000000, 0.000000000000000000, 1.000000000000000000 ) ) ;
#4409 = EDGE_LOOP ( 'NONE', ( #512, #5231, #786, #1169 ) ) ;
#4410 = LINE ( 'NONE', #3263, #34 ) ;
#4411 = EDGE_CURVE ( 'NONE', #496, #4574, #6050, .T. ) ;
#4412 = DIRECTION ( 'NONE',  ( 0.000000000000000000, -1.000000000000000000, 0.000000000000000000 ) ) ;
#4413 = CARTESIAN_POINT ( 'NONE',  ( 48.87647513375095798, 0.000000000000000000, -73.84450217278281059 ) ) ;
#4414 = ADVANCED_FACE ( 'NONE', ( #2264 ), #5452, .F. ) ;
#4415 = ORIENTED_EDGE ( 'NONE', *, *, #6853, .F. ) ;
#4416 = VERTEX_POINT ( 'NONE', #6580 ) ;
#4417 = CIRCLE ( 'NONE', #4310, 5.000000000000004441 ) ;
#4418 = EDGE_CURVE ( 'NONE', #5657, #5818, #171, .T. ) ;
#4419 = ADVANCED_FACE ( 'NONE', ( #1203 ), #1056, .F. ) ;
#4420 = DIRECTION ( 'NONE',  ( 0.000000000000000000, 0.000000000000000000, 1.000000000000000000 ) ) ;
#4421 = DIRECTION ( 'NONE',  ( 0.000000000000000000, 0.000000000000000000, 1.000000000000000000 ) ) ;
#4422 = CARTESIAN_POINT ( 'NONE',  ( -17.79077264811490977, 4.500000000000000000, -27.54723166361653952 ) ) ;
#4423 = ORIENTED_EDGE ( 'NONE', *, *, #831, .T. ) ;
#4424 = CARTESIAN_POINT ( 'NONE',  ( 20.85965004500311082, 0.5000000000000073275, -94.35965004500316411 ) ) ;
#4425 = ORIENTED_EDGE ( 'NONE', *, *, #4656, .T. ) ;
#4426 = DIRECTION ( 'NONE',  ( 0.000000000000000000, 0.000000000000000000, 1.000000000000000000 ) ) ;
#4427 = DIRECTION ( 'NONE',  ( -0.000000000000000000, -1.000000000000000000, -0.000000000000000000 ) ) ;
#4428 = DIRECTION ( 'NONE',  ( -0.000000000000000000, -1.000000000000000000, -0.000000000000000000 ) ) ;
#4429 = ORIENTED_EDGE ( 'NONE', *, *, #6677, .T. ) ;
#4430 = DIRECTION ( 'NONE',  ( -0.000000000000000000, -1.000000000000000000, -0.000000000000000000 ) ) ;
#4431 = ORIENTED_EDGE ( 'NONE', *, *, #4986, .T. ) ;
#4432 = DIRECTION ( 'NONE',  ( -1.000000000000000000, 0.000000000000000000, 1.239088197126289831E-16 ) ) ;
#4433 = VECTOR ( 'NONE', #6460, 1000.000000000000000 ) ;
#4434 = EDGE_LOOP ( 'NONE', ( #4330, #6035, #5026, #2735 ) ) ;
#4435 = ADVANCED_FACE ( 'NONE', ( #4482, #3873 ), #6651, .F. ) ;
#4436 = ADVANCED_FACE ( 'NONE', ( #1270 ), #945, .F. ) ;
#4437 = CIRCLE ( 'NONE', #6031, 10.50000000000003730 ) ;
#4438 = FACE_OUTER_BOUND ( 'NONE', #6438, .T. ) ;
#4439 = LINE ( 'NONE', #799, #6535 ) ;
#4440 = VERTEX_POINT ( 'NONE', #5057 ) ;
#4441 = FACE_OUTER_BOUND ( 'NONE', #6336, .T. ) ;
#4442 = VERTEX_POINT ( 'NONE', #207 ) ;
#4443 = FACE_BOUND ( 'NONE', #2347, .T. ) ;
#4444 = DIRECTION ( 'NONE',  ( -1.000000000000000000, 0.000000000000000000, -1.239088197126289831E-16 ) ) ;
#4445 = VECTOR ( 'NONE', #2584, 1000.000000000000114 ) ;
#4446 = DIRECTION ( 'NONE',  ( 0.000000000000000000, -0.7071067811865516806, -0.7071067811865434649 ) ) ;
#4447 = AXIS2_PLACEMENT_3D ( 'NONE', #954, #1372, #425 ) ;
#4448 = DIRECTION ( 'NONE',  ( 0.000000000000000000, 0.000000000000000000, 1.000000000000000000 ) ) ;
#4449 = EDGE_LOOP ( 'NONE', ( #1975, #505, #2469, #6441 ) ) ;
#4450 = ORIENTED_EDGE ( 'NONE', *, *, #1146, .F. ) ;
#4451 = CONICAL_SURFACE ( 'NONE', #3438, 5.500000000000005329, 0.7853981633974526089 ) ;
#4452 = CIRCLE ( 'NONE', #5595, 5.500000000000005329 ) ;
#4453 = LINE ( 'NONE', #5598, #3457 ) ;
#4454 = LINE ( 'NONE', #2443, #5721 ) ;
#4455 = CARTESIAN_POINT ( 'NONE',  ( -17.79077264811492398, 4.500000000000000000, -27.54723166361653242 ) ) ;
#4456 = EDGE_CURVE ( 'NONE', #2588, #4673, #4410, .T. ) ;
#4457 = ORIENTED_EDGE ( 'NONE', *, *, #1527, .T. ) ;
#4458 = LINE ( 'NONE', #1788, #3628 ) ;
#4459 = AXIS2_PLACEMENT_3D ( 'NONE', #1718, #5542, #612 ) ;
#4460 = ORIENTED_EDGE ( 'NONE', *, *, #6222, .F. ) ;
#4461 = EDGE_CURVE ( 'NONE', #6354, #5833, #5396, .T. ) ;
#4462 = VECTOR ( 'NONE', #6033, 1000.000000000000114 ) ;
#4463 = LINE ( 'NONE', #2974, #1734 ) ;
#4464 = AXIS2_PLACEMENT_3D ( 'NONE', #5320, #1954, #2517 ) ;
#4465 = DIRECTION ( 'NONE',  ( 0.000000000000000000, 0.000000000000000000, -1.000000000000000000 ) ) ;
#4466 = CARTESIAN_POINT ( 'NONE',  ( -8.934326635256088167, 0.5000000000000281997, -132.0000000000000000 ) ) ;
#4467 = FACE_OUTER_BOUND ( 'NONE', #655, .T. ) ;
#4468 = CARTESIAN_POINT ( 'NONE',  ( -45.21007633856536501, 4.500000000000000000, -132.2533618551885866 ) ) ;
#4469 = ORIENTED_EDGE ( 'NONE', *, *, #5642, .F. ) ;
#4470 = CARTESIAN_POINT ( 'NONE',  ( -17.78681119122746423, 0.5000000000000004441, -36.55911008587332134 ) ) ;
#4471 = CIRCLE ( 'NONE', #6061, 5.500000000000015099 ) ;
#4472 = ORIENTED_EDGE ( 'NONE', *, *, #5638, .F. ) ;
#4473 = AXIS2_PLACEMENT_3D ( 'NONE', #6101, #3956, #1279 ) ;
#4474 = VECTOR ( 'NONE', #5237, 1000.000000000000000 ) ;
#4475 = DIRECTION ( 'NONE',  ( 0.000000000000000000, 0.000000000000000000, 1.000000000000000000 ) ) ;
#4476 = FACE_OUTER_BOUND ( 'NONE', #3061, .T. ) ;
#4477 = EDGE_LOOP ( 'NONE', ( #535, #5794, #899, #3418 ) ) ;
#4478 = CARTESIAN_POINT ( 'NONE',  ( -1.387778780781445676E-14, 0.000000000000000000, -73.50000000000001421 ) ) ;
#4479 = AXIS2_PLACEMENT_3D ( 'NONE', #5015, #5474, #3239 ) ;
#4480 = ORIENTED_EDGE ( 'NONE', *, *, #3104, .T. ) ;
#4481 = CARTESIAN_POINT ( 'NONE',  ( -41.93536681769559493, 4.500000000000000000, -20.67609968050981095 ) ) ;
#4482 = FACE_BOUND ( 'NONE', #6990, .T. ) ;
#4483 = EDGE_CURVE ( 'NONE', #2918, #231, #5918, .T. ) ;
#4484 = AXIS2_PLACEMENT_3D ( 'NONE', #3443, #3510, #1427 ) ;
#4485 = CONICAL_SURFACE ( 'NONE', #2233, 5.499999999999976907, 0.7853981633974275178 ) ;
#4486 = FACE_OUTER_BOUND ( 'NONE', #1833, .T. ) ;
#4487 = DIRECTION ( 'NONE',  ( -0.000000000000000000, 1.000000000000000000, -0.000000000000000000 ) ) ;
#4488 = ORIENTED_EDGE ( 'NONE', *, *, #3775, .T. ) ;
#4489 = ORIENTED_EDGE ( 'NONE', *, *, #1921, .T. ) ;
#4490 = LINE ( 'NONE', #6661, #299 ) ;
#4491 = DIRECTION ( 'NONE',  ( -0.5851866491942143700, -0.7071067811865434649, 0.3969339814186400028 ) ) ;
#4492 = LINE ( 'NONE', #4455, #5861 ) ;
#4493 = EDGE_LOOP ( 'NONE', ( #6944, #5813, #4896, #72 ) ) ;
#4494 = CARTESIAN_POINT ( 'NONE',  ( -34.02649615143338480, 5.000000000000000000, -104.4547663479550295 ) ) ;
#4495 = EDGE_LOOP ( 'NONE', ( #2514, #3525, #2901, #3715 ) ) ;
#4496 = CONICAL_SURFACE ( 'NONE', #1571, 11.92737488156555159, 0.7853981633974500554 ) ;
#4497 = EDGE_CURVE ( 'NONE', #4046, #3697, #4548, .T. ) ;
#4498 = CARTESIAN_POINT ( 'NONE',  ( 15.02546730349718018, 0.5000000000000004441, -111.6475468714770471 ) ) ;
#4499 = CARTESIAN_POINT ( 'NONE',  ( 13.22008880480717075, 0.000000000000000000, -99.19959397486636021 ) ) ;
#4500 = DIRECTION ( 'NONE',  ( 0.5230514384499155289, -0.7071067811865626718, -0.4758331564061636931 ) ) ;
#4501 = VECTOR ( 'NONE', #6467, 1000.000000000000000 ) ;
#4502 = ORIENTED_EDGE ( 'NONE', *, *, #2964, .F. ) ;
#4503 = CARTESIAN_POINT ( 'NONE',  ( -20.85965004500318898, 0.000000000000000000, -94.35965004500309306 ) ) ;
#4504 = EDGE_CURVE ( 'NONE', #3026, #4781, #597, .T. ) ;
#4505 = ORIENTED_EDGE ( 'NONE', *, *, #2515, .F. ) ;
#4506 = DIRECTION ( 'NONE',  ( 0.000000000000000000, 0.000000000000000000, -1.000000000000000000 ) ) ;
#4507 = ORIENTED_EDGE ( 'NONE', *, *, #3160, .F. ) ;
#4508 = ADVANCED_FACE ( 'NONE', ( #4364 ), #2249, .F. ) ;
#4509 = CARTESIAN_POINT ( 'NONE',  ( -39.14687990597573020, 0.000000000000000000, -102.4468644065697021 ) ) ;
#4510 = DIRECTION ( 'NONE',  ( -0.000000000000000000, -1.000000000000000000, -0.000000000000000000 ) ) ;
#4511 = VERTEX_POINT ( 'NONE', #2769 ) ;
#4512 = CARTESIAN_POINT ( 'NONE',  ( 63.02631157059966682, 5.000000000000000000, -18.74835634682457908 ) ) ;
#4513 = ORIENTED_EDGE ( 'NONE', *, *, #3673, .F. ) ;
#4514 = DIRECTION ( 'NONE',  ( -0.4427499264756232233, -0.7071067811865315855, 0.5513370136367162777 ) ) ;
#4515 = CARTESIAN_POINT ( 'NONE',  ( -63.56821467024029459, 0.000000000000000000, -140.0715134165996574 ) ) ;
#4516 = VERTEX_POINT ( 'NONE', #3230 ) ;
#4517 = DIRECTION ( 'NONE',  ( 0.000000000000000000, 1.000000000000000000, 0.000000000000000000 ) ) ;
#4518 = LINE ( 'NONE', #1244, #611 ) ;
#4519 = ORIENTED_EDGE ( 'NONE', *, *, #2565, .T. ) ;
#4520 = EDGE_CURVE ( 'NONE', #176, #3437, #4324, .T. ) ;
#4521 = DIRECTION ( 'NONE',  ( 0.000000000000000000, 0.000000000000000000, -1.000000000000000000 ) ) ;
#4522 = ADVANCED_FACE ( 'NONE', ( #4397 ), #1508, .T. ) ;
#4523 = DIRECTION ( 'NONE',  ( -3.784851220313030003E-15, 0.000000000000000000, 1.000000000000000000 ) ) ;
#4524 = DIRECTION ( 'NONE',  ( -0.000000000000000000, -1.000000000000000000, -0.000000000000000000 ) ) ;
#4525 = ORIENTED_EDGE ( 'NONE', *, *, #1980, .T. ) ;
#4526 = FACE_OUTER_BOUND ( 'NONE', #5789, .T. ) ;
#4527 = ORIENTED_EDGE ( 'NONE', *, *, #1441, .T. ) ;
#4528 = PLANE ( 'NONE',  #1280 ) ;
#4529 = CARTESIAN_POINT ( 'NONE',  ( 52.21999999999999176, 5.000000000000000000, -11.44999999999996732 ) ) ;
#4530 = DIRECTION ( 'NONE',  ( -5.046468293750706671E-15, 0.000000000000000000, 1.000000000000000000 ) ) ;
#4531 = CARTESIAN_POINT ( 'NONE',  ( -59.37786006647043990, 10.00000000000000000, -27.73939977290451964 ) ) ;
#4532 = CARTESIAN_POINT ( 'NONE',  ( -8.934326635256088167, 0.5000000000000281997, -142.0000000000000284 ) ) ;
#4533 = ORIENTED_EDGE ( 'NONE', *, *, #1391, .F. ) ;
#4534 = CARTESIAN_POINT ( 'NONE',  ( 39.10119705689745473, 5.000000000000000000, -77.67776951542751362 ) ) ;
#4535 = VERTEX_POINT ( 'NONE', #5504 ) ;
#4536 = AXIS2_PLACEMENT_3D ( 'NONE', #6648, #771, #5552 ) ;
#4537 = ADVANCED_FACE ( 'NONE', ( #2732 ), #5233, .F. ) ;
#4538 = EDGE_CURVE ( 'NONE', #1789, #4250, #3724, .T. ) ;
#4539 = DIRECTION ( 'NONE',  ( 0.000000000000000000, 1.000000000000000000, 0.000000000000000000 ) ) ;
#4540 = DIRECTION ( 'NONE',  ( 1.517445394471975464E-32, 1.000000000000000000, -1.224646799147353207E-16 ) ) ;
#4541 = EDGE_LOOP ( 'NONE', ( #1699, #1499, #218, #5601 ) ) ;
#4542 = CARTESIAN_POINT ( 'NONE',  ( -4.075000000000003730, 0.000000000000000000, -130.5530342663305419 ) ) ;
#4543 = VECTOR ( 'NONE', #3855, 1000.000000000000000 ) ;
#4544 = CIRCLE ( 'NONE', #6349, 12.42737488156552494 ) ;
#4545 = ORIENTED_EDGE ( 'NONE', *, *, #1211, .T. ) ;
#4546 = DIRECTION ( 'NONE',  ( 0.3062001265894681579, 0.7071067811865467956, 0.6373707574689904121 ) ) ;
#4547 = ADVANCED_FACE ( 'NONE', ( #6537 ), #6927, .F. ) ;
#4548 = CIRCLE ( 'NONE', #6705, 13.50000000000006750 ) ;
#4549 = EDGE_LOOP ( 'NONE', ( #6225, #15, #1822, #1902 ) ) ;
#4550 = DIRECTION ( 'NONE',  ( 0.000000000000000000, 0.000000000000000000, 1.000000000000000000 ) ) ;
#4551 = DIRECTION ( 'NONE',  ( -0.000000000000000000, -1.000000000000000000, -0.000000000000000000 ) ) ;
#4552 = ORIENTED_EDGE ( 'NONE', *, *, #4006, .T. ) ;
#4553 = VECTOR ( 'NONE', #5463, 1000.000000000000114 ) ;
#4554 = AXIS2_PLACEMENT_3D ( 'NONE', #2084, #6905, #3712 ) ;
#4555 = CONICAL_SURFACE ( 'NONE', #5022, 1.750000000000001554, 0.7853981633974553844 ) ;
#4556 = DIRECTION ( 'NONE',  ( 0.000000000000000000, 0.7071067811865463515, 0.7071067811865487940 ) ) ;
#4557 = DIRECTION ( 'NONE',  ( 0.9013783694726588136, 0.000000000000000000, -0.4330323718231822716 ) ) ;
#4558 = DIRECTION ( 'NONE',  ( -0.000000000000000000, -1.000000000000000000, -0.000000000000000000 ) ) ;
#4559 = EDGE_CURVE ( 'NONE', #2027, #4604, #546, .T. ) ;
#4560 = VERTEX_POINT ( 'NONE', #2702 ) ;
#4561 = CARTESIAN_POINT ( 'NONE',  ( 50.99999999999999289, 5.000000000000000000, -145.0000000000000284 ) ) ;
#4562 = VECTOR ( 'NONE', #4399, 1000.000000000000000 ) ;
#4563 = ADVANCED_FACE ( 'NONE', ( #1687 ), #4204, .F. ) ;
#4564 = AXIS2_PLACEMENT_3D ( 'NONE', #351, #5161, #4127 ) ;
#4565 = VERTEX_POINT ( 'NONE', #46 ) ;
#4566 = AXIS2_PLACEMENT_3D ( 'NONE', #1161, #1199, #5369 ) ;
#4567 = EDGE_CURVE ( 'NONE', #4574, #3037, #2295, .T. ) ;
#4568 = DIRECTION ( 'NONE',  ( 0.000000000000000000, 0.000000000000000000, 1.000000000000000000 ) ) ;
#4569 = DIRECTION ( 'NONE',  ( -0.7797082821233123351, 0.000000000000000000, -0.6261429507614958423 ) ) ;
#4570 = DIRECTION ( 'NONE',  ( 0.000000000000000000, 0.000000000000000000, -1.000000000000000000 ) ) ;
#4571 = DIRECTION ( 'NONE',  ( 0.000000000000000000, 1.000000000000000000, 0.000000000000000000 ) ) ;
#4572 = EDGE_LOOP ( 'NONE', ( #3051, #1978, #5866, #6182 ) ) ;
#4573 = CYLINDRICAL_SURFACE ( 'NONE', #930, 21.49999999999999289 ) ;
#4574 = VERTEX_POINT ( 'NONE', #508 ) ;
#4575 = CONICAL_SURFACE ( 'NONE', #5268, 5.499999999999976907, 0.7853981633974275178 ) ;
#4576 = AXIS2_PLACEMENT_3D ( 'NONE', #265, #6678, #6116 ) ;
#4577 = LINE ( 'NONE', #1900, #5951 ) ;
#4578 = CARTESIAN_POINT ( 'NONE',  ( -59.37786006647043990, 0.5000000000000004441, -27.73939977290451964 ) ) ;
#4579 = ORIENTED_EDGE ( 'NONE', *, *, #3079, .F. ) ;
#4581 = ADVANCED_FACE ( 'NONE', ( #1648 ), #2742, .F. ) ;
#4580 = CARTESIAN_POINT ( 'NONE',  ( -14.08847404930327940, 0.5000000000000022204, -29.32585781855631879 ) ) ;
#4582 = CIRCLE ( 'NONE', #2326, 5.499999999999984013 ) ;
#4583 = VERTEX_POINT ( 'NONE', #5999 ) ;
#4584 = PLANE ( 'NONE',  #3709 ) ;
#4585 = AXIS2_PLACEMENT_3D ( 'NONE', #5962, #1678, #567 ) ;
#4586 = CIRCLE ( 'NONE', #1777, 1.750000000000001554 ) ;
#4587 = CIRCLE ( 'NONE', #1549, 5.500000000000005329 ) ;
#4588 = CONICAL_SURFACE ( 'NONE', #1552, 5.499999999999984013, 0.7853981633974291832 ) ;
#4589 = EDGE_CURVE ( 'NONE', #4442, #335, #4665, .T. ) ;
#4590 = ORIENTED_EDGE ( 'NONE', *, *, #3401, .T. ) ;
#4591 = LINE ( 'NONE', #1812, #1641 ) ;
#4592 = LINE ( 'NONE', #6765, #1638 ) ;
#4593 = ORIENTED_EDGE ( 'NONE', *, *, #4992, .T. ) ;
#4594 = AXIS2_PLACEMENT_3D ( 'NONE', #2480, #926, #4670 ) ;
#4595 = EDGE_CURVE ( 'NONE', #2986, #6804, #1846, .T. ) ;
#4596 = VECTOR ( 'NONE', #5819, 1000.000000000000000 ) ;
#4597 = AXIS2_PLACEMENT_3D ( 'NONE', #1514, #1939, #993 ) ;
#4598 = CARTESIAN_POINT ( 'NONE',  ( -52.21999999999999176, 0.000000000000000000, -10.39999999999997371 ) ) ;
#4599 = EDGE_CURVE ( 'NONE', #928, #1477, #4777, .T. ) ;
#4600 = DIRECTION ( 'NONE',  ( 0.000000000000000000, 0.000000000000000000, -1.000000000000000000 ) ) ;
#4601 = CIRCLE ( 'NONE', #1562, 1.750000000000001554 ) ;
#4602 = AXIS2_PLACEMENT_3D ( 'NONE', #2113, #1621, #4272 ) ;
#4603 = DIRECTION ( 'NONE',  ( 0.000000000000000000, 0.000000000000000000, -1.000000000000000000 ) ) ;
#4604 = VERTEX_POINT ( 'NONE', #819 ) ;
#4605 = CARTESIAN_POINT ( 'NONE',  ( 20.85965004500319608, 0.000000000000000000, -52.64034995499687852 ) ) ;
#4606 = EDGE_LOOP ( 'NONE', ( #3674, #6148, #5106, #2804, #352 ) ) ;
#4607 = LINE ( 'NONE', #2485, #4932 ) ;
#4608 = CARTESIAN_POINT ( 'NONE',  ( -34.02649615143338480, 5.000000000000000000, -98.95476634795502946 ) ) ;
#4609 = PLANE ( 'NONE',  #1636 ) ;
#4610 = CARTESIAN_POINT ( 'NONE',  ( 45.21007633856535790, 4.499999999999971578, -132.2533618551885866 ) ) ;
#4611 = ORIENTED_EDGE ( 'NONE', *, *, #6375, .T. ) ;
#4612 = CYLINDRICAL_SURFACE ( 'NONE', #1735, 9.999999999999998224 ) ;
#4613 = CIRCLE ( 'NONE', #3485, 12.42737488156552494 ) ;
#4614 = ORIENTED_EDGE ( 'NONE', *, *, #1580, .T. ) ;
#4615 = CIRCLE ( 'NONE', #5563, 5.500000000000005329 ) ;
#4616 = DIRECTION ( 'NONE',  ( -1.000000000000000000, 0.000000000000000000, 1.239088197126289831E-16 ) ) ;
#4617 = LINE ( 'NONE', #1468, #6260 ) ;
#4618 = ORIENTED_EDGE ( 'NONE', *, *, #4333, .T. ) ;
#4619 = DIRECTION ( 'NONE',  ( -0.000000000000000000, 1.000000000000000000, -0.000000000000000000 ) ) ;
#4620 = ORIENTED_EDGE ( 'NONE', *, *, #3743, .F. ) ;
#4621 = DIRECTION ( 'NONE',  ( -0.000000000000000000, -1.000000000000000000, -0.000000000000000000 ) ) ;
#4622 = ORIENTED_EDGE ( 'NONE', *, *, #879, .T. ) ;
#4623 = CARTESIAN_POINT ( 'NONE',  ( -50.99999999999999289, 10.00000000000000000, -159.0000000000000853 ) ) ;
#4624 = ORIENTED_EDGE ( 'NONE', *, *, #6741, .F. ) ;
#4625 = CARTESIAN_POINT ( 'NONE',  ( 20.85965004500311082, 0.5000000000000073275, -94.35965004500316411 ) ) ;
#4626 = DIRECTION ( 'NONE',  ( 0.000000000000000000, 0.000000000000000000, 1.000000000000000000 ) ) ;
#4627 = EDGE_LOOP ( 'NONE', ( #2074, #241, #4923, #902 ) ) ;
#4628 = PLANE ( 'NONE',  #3763 ) ;
#4629 = ADVANCED_FACE ( 'NONE', ( #2450 ), #376, .F. ) ;
#4630 = EDGE_CURVE ( 'NONE', #2608, #808, #5803, .T. ) ;
#4631 = FACE_OUTER_BOUND ( 'NONE', #267, .T. ) ;
#4632 = DIRECTION ( 'NONE',  ( -7.283177685605287276E-17, 0.8090169943749310200, 0.5877852522924956746 ) ) ;
#4633 = CARTESIAN_POINT ( 'NONE',  ( 50.99999999999999289, 5.000000000000000000, -145.0000000000000284 ) ) ;
#4634 = ORIENTED_EDGE ( 'NONE', *, *, #3979, .T. ) ;
#4635 = CARTESIAN_POINT ( 'NONE',  ( 35.25034087383883730, 0.5000000000000004441, -43.94643053236772090 ) ) ;
#4636 = AXIS2_PLACEMENT_3D ( 'NONE', #953, #5310, #5733 ) ;
#4637 = EDGE_CURVE ( 'NONE', #2796, #1632, #3367, .T. ) ;
#4638 = ORIENTED_EDGE ( 'NONE', *, *, #6289, .F. ) ;
#4639 = EDGE_CURVE ( 'NONE', #2017, #2756, #6150, .T. ) ;
#4640 = FACE_OUTER_BOUND ( 'NONE', #1136, .T. ) ;
#4641 = DIRECTION ( 'NONE',  ( -0.000000000000000000, -1.000000000000000000, -0.000000000000000000 ) ) ;
#4642 = ORIENTED_EDGE ( 'NONE', *, *, #6238, .T. ) ;
#4643 = CARTESIAN_POINT ( 'NONE',  ( -39.10119705689736236, 0.000000000000000000, -77.67776951542754205 ) ) ;
#4644 = ORIENTED_EDGE ( 'NONE', *, *, #6926, .F. ) ;
#4645 = DIRECTION ( 'NONE',  ( -0.000000000000000000, -1.000000000000000000, -0.000000000000000000 ) ) ;
#4646 = ORIENTED_EDGE ( 'NONE', *, *, #6396, .F. ) ;
#4647 = AXIS2_PLACEMENT_3D ( 'NONE', #3650, #4645, #4215 ) ;
#4648 = FACE_OUTER_BOUND ( 'NONE', #3533, .T. ) ;
#4649 = CARTESIAN_POINT ( 'NONE',  ( 52.21999999999999176, 4.499999999999975131, -11.94999999999998863 ) ) ;
#4650 = ORIENTED_EDGE ( 'NONE', *, *, #5667, .F. ) ;
#4651 = FACE_OUTER_BOUND ( 'NONE', #5830, .T. ) ;
#4652 = ORIENTED_EDGE ( 'NONE', *, *, #5908, .T. ) ;
#4653 = CARTESIAN_POINT ( 'NONE',  ( 50.99999999999999289, 0.000000000000000000, -145.0000000000000284 ) ) ;
#4654 = EDGE_LOOP ( 'NONE', ( #3701, #2204, #4855, #5319 ) ) ;
#4655 = EDGE_CURVE ( 'NONE', #6379, #6916, #6634, .T. ) ;
#4656 = EDGE_CURVE ( 'NONE', #6763, #4989, #4463, .T. ) ;
#4657 = ADVANCED_FACE ( 'NONE', ( #223 ), #254, .F. ) ;
#4658 = LINE ( 'NONE', #420, #644 ) ;
#4659 = EDGE_CURVE ( 'NONE', #4983, #4395, #5570, .T. ) ;
#4660 = EDGE_LOOP ( 'NONE', ( #6798, #4872, #3623, #3497 ) ) ;
#4661 = CARTESIAN_POINT ( 'NONE',  ( -48.87647513375095798, 5.000000000000000000, -73.84450217278279638 ) ) ;
#4662 = LINE ( 'NONE', #6303, #6269 ) ;
#4663 = ORIENTED_EDGE ( 'NONE', *, *, #5148, .T. ) ;
#4664 = DIRECTION ( 'NONE',  ( 0.000000000000000000, 0.000000000000000000, 1.000000000000000000 ) ) ;
#4665 = CIRCLE ( 'NONE', #6819, 22.00000000000002132 ) ;
#4666 = CIRCLE ( 'NONE', #964, 5.000000000000004441 ) ;
#4667 = DIRECTION ( 'NONE',  ( -1.000000000000000000, 0.000000000000000000, 0.000000000000000000 ) ) ;
#4668 = FACE_OUTER_BOUND ( 'NONE', #422, .T. ) ;
#4669 = CONICAL_SURFACE ( 'NONE', #4903, 1.750000000000001554, 0.7853981633974425058 ) ;
#4670 = DIRECTION ( 'NONE',  ( 0.000000000000000000, 0.000000000000000000, -1.000000000000000000 ) ) ;
#4671 = ADVANCED_FACE ( 'NONE', ( #3894 ), #5004, .T. ) ;
#4672 = LINE ( 'NONE', #6837, #6213 ) ;
#4673 = VERTEX_POINT ( 'NONE', #4498 ) ;
#4674 = CARTESIAN_POINT ( 'NONE',  ( 52.21999999999999176, 5.000000000000000000, -13.69999999999999929 ) ) ;
#4675 = VERTEX_POINT ( 'NONE', #3402 ) ;
#4676 = VECTOR ( 'NONE', #6327, 1000.000000000000000 ) ;
#4677 = DIRECTION ( 'NONE',  ( -0.000000000000000000, 1.000000000000000000, -0.000000000000000000 ) ) ;
#4678 = ADVANCED_FACE ( 'NONE', ( #149 ), #4528, .F. ) ;
#4679 = CARTESIAN_POINT ( 'NONE',  ( 63.56821467024019512, 0.000000000000000000, -140.0715134165997142 ) ) ;
#4680 = CIRCLE ( 'NONE', #1635, 10.49999999999995914 ) ;
#4681 = CARTESIAN_POINT ( 'NONE',  ( 13.41405513571104713, 5.000000000000000000, -120.5880822855304899 ) ) ;
#4682 = PRODUCT_DEFINITION_FORMATION_WITH_SPECIFIED_SOURCE ( 'ANY', '', #5115, .NOT_KNOWN. ) ;
#4683 = ORIENTED_EDGE ( 'NONE', *, *, #5154, .F. ) ;
#4684 = CARTESIAN_POINT ( 'NONE',  ( 20.85965004500319608, 3.449999999999969535, -50.89034995499687142 ) ) ;
#4685 = EDGE_CURVE ( 'NONE', #2541, #1469, #6736, .T. ) ;
#4686 = ORIENTED_EDGE ( 'NONE', *, *, #6503, .T. ) ;
#4687 = CARTESIAN_POINT ( 'NONE',  ( -20.85965004500318898, 3.449999999999969535, -94.35965004500309306 ) ) ;
#4688 = CARTESIAN_POINT ( 'NONE',  ( 33.70150370491302994, 0.5000000000000004441, -136.2386059369033546 ) ) ;
#4689 = VERTEX_POINT ( 'NONE', #3506 ) ;
#4690 = DIRECTION ( 'NONE',  ( 1.387778780781446464E-15, 0.000000000000000000, 1.000000000000000000 ) ) ;
#4691 = ORIENTED_EDGE ( 'NONE', *, *, #991, .T. ) ;
#4692 = CARTESIAN_POINT ( 'NONE',  ( -20.85965004500310727, 3.449999999999969535, -54.39034995499679326 ) ) ;
#4693 = EDGE_LOOP ( 'NONE', ( #4332, #1752, #5099, #4622 ) ) ;
#4694 = CIRCLE ( 'NONE', #3331, 10.49999999999995381 ) ;
#4695 = CIRCLE ( 'NONE', #5953, 1.750000000000001554 ) ;
#4696 = DIRECTION ( 'NONE',  ( 0.000000000000000000, 0.000000000000000000, 1.000000000000000000 ) ) ;
#4697 = AXIS2_PLACEMENT_3D ( 'NONE', #1860, #4430, #6640 ) ;
#4698 = ORIENTED_EDGE ( 'NONE', *, *, #4068, .F. ) ;
#4699 = CARTESIAN_POINT ( 'NONE',  ( 50.99999999999999289, 1.549999999999965405, -145.0000000000000284 ) ) ;
#4700 = CIRCLE ( 'NONE', #861, 2.250000000000031530 ) ;
#4701 = CARTESIAN_POINT ( 'NONE',  ( 50.99999999999999289, 1.549999999999965405, -145.0000000000000284 ) ) ;
#4702 = ORIENTED_EDGE ( 'NONE', *, *, #3493, .F. ) ;
#4703 = DIRECTION ( 'NONE',  ( -1.000000000000000000, 0.000000000000000000, 1.239088197126289831E-16 ) ) ;
#4704 = EDGE_CURVE ( 'NONE', #4583, #5087, #3934, .T. ) ;
#4705 = AXIS2_PLACEMENT_3D ( 'NONE', #1845, #3468, #782 ) ;
#4706 = LINE ( 'NONE', #889, #6633 ) ;
#4707 = DIRECTION ( 'NONE',  ( -0.000000000000000000, -1.000000000000000000, -0.000000000000000000 ) ) ;
#4708 = CONICAL_SURFACE ( 'NONE', #5961, 40.49999999999999289, 0.7853981633974552734 ) ;
#4709 = CARTESIAN_POINT ( 'NONE',  ( 4.081155829702455939, 4.506155829702450433, -130.7667392354331639 ) ) ;
#4710 = FACE_OUTER_BOUND ( 'NONE', #2000, .T. ) ;
#4711 = ORIENTED_EDGE ( 'NONE', *, *, #4019, .T. ) ;
#4712 = CARTESIAN_POINT ( 'NONE',  ( -50.99999999999999289, 5.000000000000000000, -158.5000000000001421 ) ) ;
#4713 = VECTOR ( 'NONE', #6528, 1000.000000000000000 ) ;
#4714 = ORIENTED_EDGE ( 'NONE', *, *, #3042, .F. ) ;
#4715 = FACE_OUTER_BOUND ( 'NONE', #3199, .T. ) ;
#4716 = AXIS2_PLACEMENT_3D ( 'NONE', #3532, #6239, #5663 ) ;
#4717 = VECTOR ( 'NONE', #1352, 1000.000000000000000 ) ;
#4718 = CARTESIAN_POINT ( 'NONE',  ( 3.643364367998694675, 0.4316356320013056691, -130.1213986343292675 ) ) ;
#4719 = ORIENTED_EDGE ( 'NONE', *, *, #3943, .T. ) ;
#4720 = LINE ( 'NONE', #6248, #4596 ) ;
#4721 = ORIENTED_EDGE ( 'NONE', *, *, #6125, .F. ) ;
#4722 = CARTESIAN_POINT ( 'NONE',  ( -1.124479718964764634E-14, 0.5000000000000108802, -52.00000000000001421 ) ) ;
#4723 = VERTEX_POINT ( 'NONE', #1324 ) ;
#4724 = EDGE_CURVE ( 'NONE', #5911, #6565, #410, .T. ) ;
#4725 = EDGE_CURVE ( 'NONE', #298, #119, #4358, .T. ) ;
#4726 = DIRECTION ( 'NONE',  ( 0.000000000000000000, -1.000000000000000000, 0.000000000000000000 ) ) ;
#4727 = DIRECTION ( 'NONE',  ( 1.261617073437674498E-15, 0.000000000000000000, 1.000000000000000000 ) ) ;
#4728 = EDGE_CURVE ( 'NONE', #1614, #2835, #1889, .T. ) ;
#4729 = ORIENTED_EDGE ( 'NONE', *, *, #3079, .T. ) ;
#4730 = DIRECTION ( 'NONE',  ( -0.000000000000000000, -1.000000000000000000, -0.000000000000000000 ) ) ;
#4731 = EDGE_LOOP ( 'NONE', ( #690, #2715, #6774, #724 ) ) ;
#4732 = LINE ( 'NONE', #988, #5984 ) ;
#4733 = VERTEX_POINT ( 'NONE', #289 ) ;
#4734 = VECTOR ( 'NONE', #4546, 1000.000000000000114 ) ;
#4735 = EDGE_CURVE ( 'NONE', #5700, #5448, #5668, .T. ) ;
#4736 = FACE_OUTER_BOUND ( 'NONE', #3348, .T. ) ;
#4737 = ORIENTED_EDGE ( 'NONE', *, *, #1391, .T. ) ;
#4738 = CARTESIAN_POINT ( 'NONE',  ( 15.50882761825176104, 5.000000000000000000, -133.8130630377052626 ) ) ;
#4739 = DIRECTION ( 'NONE',  ( 0.000000000000000000, 0.000000000000000000, 1.000000000000000000 ) ) ;
#4740 = ORIENTED_EDGE ( 'NONE', *, *, #4220, .T. ) ;
#4741 = FACE_OUTER_BOUND ( 'NONE', #4477, .T. ) ;
#4742 = ADVANCED_FACE ( 'NONE', ( #3577 ), #4178, .F. ) ;
#4743 = PLANE ( 'NONE',  #6041 ) ;
#4744 = DIRECTION ( 'NONE',  ( -0.000000000000000000, -1.000000000000000000, -0.000000000000000000 ) ) ;
#4745 = DIRECTION ( 'NONE',  ( 0.000000000000000000, -0.000000000000000000, 1.000000000000000000 ) ) ;
#4746 = ORIENTED_EDGE ( 'NONE', *, *, #4595, .F. ) ;
#4747 = FACE_OUTER_BOUND ( 'NONE', #4388, .T. ) ;
#4748 = ORIENTED_EDGE ( 'NONE', *, *, #5414, .F. ) ;
#4749 = ADVANCED_FACE ( 'NONE', ( #6316 ), #972, .F. ) ;
#4750 = ADVANCED_FACE ( 'NONE', ( #6842 ), #860, .T. ) ;
#4751 = CARTESIAN_POINT ( 'NONE',  ( 17.79077264811490977, 10.00000000000000000, -27.54723166361653952 ) ) ;
#4752 = DIRECTION ( 'NONE',  ( 0.4232579588512069835, 0.000000000000000000, -0.9060092164371783552 ) ) ;
#4753 = CARTESIAN_POINT ( 'NONE',  ( 13.41405513571106134, 0.000000000000000000, -120.5880822855304757 ) ) ;
#4754 = EDGE_LOOP ( 'NONE', ( #2213, #4644, #1162, #5792 ) ) ;
#4755 = DIRECTION ( 'NONE',  ( -8.847089727481708293E-15, 0.000000000000000000, 1.000000000000000000 ) ) ;
#4756 = EDGE_LOOP ( 'NONE', ( #5217, #203 ) ) ;
#4757 = CARTESIAN_POINT ( 'NONE',  ( -50.99999999999999289, 4.500000000000038192, -145.0000000000000284 ) ) ;
#4758 = DIRECTION ( 'NONE',  ( 0.000000000000000000, 0.000000000000000000, 1.000000000000000000 ) ) ;
#4759 = EDGE_LOOP ( 'NONE', ( #4838, #6397, #5162, #3325 ) ) ;
#4760 = FACE_OUTER_BOUND ( 'NONE', #6432, .T. ) ;
#4761 = EDGE_CURVE ( 'NONE', #543, #3852, #5177, .T. ) ;
#4762 = VERTEX_POINT ( 'NONE', #5247 ) ;
#4763 = CARTESIAN_POINT ( 'NONE',  ( 49.99999999999997158, 5.000000000000000000, -131.4464574229608047 ) ) ;
#4764 = ORIENTED_EDGE ( 'NONE', *, *, #6443, .T. ) ;
#4765 = EDGE_CURVE ( 'NONE', #6629, #1469, #4607, .T. ) ;
#4766 = DIRECTION ( 'NONE',  ( 0.000000000000000000, 0.7071067811865520136, 0.7071067811865431318 ) ) ;
#4767 = ORIENTED_EDGE ( 'NONE', *, *, #321, .F. ) ;
#4768 = LINE ( 'NONE', #6263, #685 ) ;
#4769 = ADVANCED_FACE ( 'NONE', ( #4640 ), #6405, .F. ) ;
#4770 = LINE ( 'NONE', #2227, #3210 ) ;
#4771 = EDGE_LOOP ( 'NONE', ( #2534, #3844, #3053, #1935 ) ) ;
#4772 = DIRECTION ( 'NONE',  ( -0.000000000000000000, -1.000000000000000000, -0.000000000000000000 ) ) ;
#4773 = EDGE_CURVE ( 'NONE', #2741, #335, #6808, .T. ) ;
#4774 = CYLINDRICAL_SURFACE ( 'NONE', #498, 5.000000000000004441 ) ;
#4775 = FACE_OUTER_BOUND ( 'NONE', #741, .T. ) ;
#4776 = PLANE ( 'NONE',  #2583 ) ;
#4777 = CIRCLE ( 'NONE', #6589, 5.000000000000004441 ) ;
#4778 = CIRCLE ( 'NONE', #2389, 13.49999999999998401 ) ;
#4779 = ORIENTED_EDGE ( 'NONE', *, *, #702, .F. ) ;
#4780 = DIRECTION ( 'NONE',  ( 0.000000000000000000, 1.000000000000000000, 0.000000000000000000 ) ) ;
#4781 = VERTEX_POINT ( 'NONE', #1460 ) ;
#4782 = AXIS2_PLACEMENT_3D ( 'NONE', #2288, #4510, #6576 ) ;
#4783 = CARTESIAN_POINT ( 'NONE',  ( -35.63231047952908170, 0.5000000000000004441, -18.97595493259147403 ) ) ;
#4784 = FACE_OUTER_BOUND ( 'NONE', #968, .T. ) ;
#4785 = DIRECTION ( 'NONE',  ( 0.000000000000000000, 0.000000000000000000, -1.000000000000000000 ) ) ;
#4786 = ORIENTED_EDGE ( 'NONE', *, *, #264, .T. ) ;
#4787 = CARTESIAN_POINT ( 'NONE',  ( -14.08847404930327940, 10.00000000000000000, -29.32585781855631879 ) ) ;
#4788 = AXIS2_PLACEMENT_3D ( 'NONE', #3602, #353, #4664 ) ;
#4789 = ORIENTED_EDGE ( 'NONE', *, *, #5985, .T. ) ;
#4790 = ADVANCED_FACE ( 'NONE', ( #4101 ), #3155, .F. ) ;
#4791 = CIRCLE ( 'NONE', #1749, 1.750000000000010214 ) ;
#4792 = CIRCLE ( 'NONE', #1750, 1.750000000000010214 ) ;
#4793 = VECTOR ( 'NONE', #6869, 1000.000000000000114 ) ;
#4794 = CARTESIAN_POINT ( 'NONE',  ( 3.575000000000015277, 0.4316356320013056691, -130.1213986343292675 ) ) ;
#4795 = CARTESIAN_POINT ( 'NONE',  ( -20.85965004500310727, 0.000000000000000000, -52.64034995499679326 ) ) ;
#4796 = ORIENTED_EDGE ( 'NONE', *, *, #532, .F. ) ;
#4797 = DIRECTION ( 'NONE',  ( -0.9013783694726589246, 0.000000000000000000, 0.4330323718231822161 ) ) ;
#4798 = VERTEX_POINT ( 'NONE', #6883 ) ;
#4799 = CARTESIAN_POINT ( 'NONE',  ( 52.21999999999999176, 0.000000000000000000, -10.39999999999997193 ) ) ;
#4800 = VERTEX_POINT ( 'NONE', #2029 ) ;
#4801 = ADVANCED_FACE ( 'NONE', ( #6913 ), #6244, .T. ) ;
#4802 = FACE_OUTER_BOUND ( 'NONE', #4654, .T. ) ;
#4803 = AXIS2_PLACEMENT_3D ( 'NONE', #1623, #5410, #1664 ) ;
#4804 = ORIENTED_EDGE ( 'NONE', *, *, #2230, .T. ) ;
#4805 = CARTESIAN_POINT ( 'NONE',  ( 50.99999999999999289, 4.500000000000038192, -145.0000000000000284 ) ) ;
#4806 = UNCERTAINTY_MEASURE_WITH_UNIT (LENGTH_MEASURE( 1.000000000000000082E-05 ), #4213, 'distance_accuracy_value', 'NONE');
#4807 = APPLICATION_PROTOCOL_DEFINITION ( 'draft international standard', 'automotive_design', 1998, #5058 ) ;
#4808 = ORIENTED_EDGE ( 'NONE', *, *, #1791, .F. ) ;
#4809 = CARTESIAN_POINT ( 'NONE',  ( -50.99999999999999289, 0.000000000000000000, -148.3000000000000114 ) ) ;
#4810 = CIRCLE ( 'NONE', #1875, 41.00000000000000000 ) ;
#4811 = EDGE_CURVE ( 'NONE', #5937, #5017, #4700, .T. ) ;
#4812 = AXIS2_PLACEMENT_3D ( 'NONE', #6461, #2733, #1650 ) ;
#4813 = CONICAL_SURFACE ( 'NONE', #4459, 5.500000000000001776, 0.7853981633974509435 ) ;
#4814 = CARTESIAN_POINT ( 'NONE',  ( 49.99999999999997158, 5.000000000000000000, -131.4464574229608047 ) ) ;
#4815 = DIRECTION ( 'NONE',  ( 0.000000000000000000, 1.000000000000000000, 0.000000000000000000 ) ) ;
#4816 = EDGE_CURVE ( 'NONE', #3697, #3555, #1990, .T. ) ;
#4817 = DIRECTION ( 'NONE',  ( 0.000000000000000000, 1.000000000000000000, 0.000000000000000000 ) ) ;
#4818 = AXIS2_PLACEMENT_3D ( 'NONE', #4827, #3288, #76 ) ;
#4819 = EDGE_LOOP ( 'NONE', ( #100, #6328, #4714, #1928 ) ) ;
#4820 = DIRECTION ( 'NONE',  ( -0.3650730802518771245, -0.000000000000000000, 0.9309788644622424281 ) ) ;
#4821 = AXIS2_PLACEMENT_3D ( 'NONE', #1602, #3256, #5992 ) ;
#4822 = VECTOR ( 'NONE', #1304, 1000.000000000000114 ) ;
#4823 = ADVANCED_FACE ( 'NONE', ( #4715 ), #5152, .F. ) ;
#4824 = AXIS2_PLACEMENT_3D ( 'NONE', #6478, #494, #3741 ) ;
#4825 = LINE ( 'NONE', #5348, #4017 ) ;
#4826 = AXIS2_PLACEMENT_3D ( 'NONE', #3273, #4405, #2287 ) ;
#4827 = CARTESIAN_POINT ( 'NONE',  ( 50.99999999999999289, 5.000000000000000000, -145.0000000000000284 ) ) ;
#4828 = FACE_OUTER_BOUND ( 'NONE', #3395, .T. ) ;
#4829 = ORIENTED_EDGE ( 'NONE', *, *, #4884, .T. ) ;
#4830 = DIRECTION ( 'NONE',  ( 0.000000000000000000, -1.000000000000000000, 0.000000000000000000 ) ) ;
#4831 = EDGE_LOOP ( 'NONE', ( #2291, #5873, #4301, #2532 ) ) ;
#4832 = VECTOR ( 'NONE', #2878, 1000.000000000000114 ) ;
#4833 = VECTOR ( 'NONE', #6344, 1000.000000000000000 ) ;
#4834 = DIRECTION ( 'NONE',  ( 0.000000000000000000, 0.000000000000000000, 1.000000000000000000 ) ) ;
#4835 = LINE ( 'NONE', #2141, #4462 ) ;
#4836 = DIRECTION ( 'NONE',  ( 0.000000000000000000, 1.000000000000000000, 0.000000000000000000 ) ) ;
#4837 = ORIENTED_EDGE ( 'NONE', *, *, #1666, .F. ) ;
#4838 = ORIENTED_EDGE ( 'NONE', *, *, #3397, .F. ) ;
#4839 = FACE_BOUND ( 'NONE', #914, .T. ) ;
#4840 = ORIENTED_EDGE ( 'NONE', *, *, #6138, .F. ) ;
#4841 = EDGE_CURVE ( 'NONE', #1612, #6139, #4126, .T. ) ;
#4842 = CARTESIAN_POINT ( 'NONE',  ( -4.546839904143429756, 0.000000000000000000, -23.37035265351345714 ) ) ;
#4843 = PLANE ( 'NONE',  #6088 ) ;
#4844 = ORIENTED_EDGE ( 'NONE', *, *, #3923, .F. ) ;
#4845 = PLANE ( 'NONE',  #3323 ) ;
#4846 = EDGE_LOOP ( 'NONE', ( #2677, #2659, #4257, #3373 ) ) ;
#4847 = PRODUCT_DEFINITION ( 'UNKNOWN', '', #4682, #2117 ) ;
#4848 = CARTESIAN_POINT ( 'NONE',  ( -17.57425646220331217, 5.000000000000000000, -27.09654247888019540 ) ) ;
#4849 = AXIS2_PLACEMENT_3D ( 'NONE', #1551, #1398, #6861 ) ;
#4850 = VECTOR ( 'NONE', #5364, 1000.000000000000114 ) ;
#4851 = DIRECTION ( 'NONE',  ( -0.000000000000000000, 1.000000000000000000, -0.000000000000000000 ) ) ;
#4852 = CARTESIAN_POINT ( 'NONE',  ( -29.95811074202285695, 0.000000000000000000, -100.7536529802647465 ) ) ;
#4853 = ORIENTED_EDGE ( 'NONE', *, *, #532, .T. ) ;
#4854 = DIRECTION ( 'NONE',  ( -0.4232579588512069835, 0.000000000000000000, -0.9060092164371783552 ) ) ;
#4855 = ORIENTED_EDGE ( 'NONE', *, *, #3547, .F. ) ;
#4856 = CARTESIAN_POINT ( 'NONE',  ( -52.21999999999999176, 0.000000000000000000, -17.00000000000002132 ) ) ;
#4857 = CARTESIAN_POINT ( 'NONE',  ( 35.25034087383883730, 10.00000000000000000, -43.94643053236772090 ) ) ;
#4858 = DIRECTION ( 'NONE',  ( -0.000000000000000000, -1.000000000000000000, -0.000000000000000000 ) ) ;
#4859 = FILL_AREA_STYLE_COLOUR ( '', #6082 ) ;
#4860 = EDGE_CURVE ( 'NONE', #1652, #3030, #5290, .T. ) ;
#4861 = ORIENTED_EDGE ( 'NONE', *, *, #4725, .T. ) ;
#4862 = CARTESIAN_POINT ( 'NONE',  ( 50.99999999999999289, 5.000000000000000000, -142.7500000000000568 ) ) ;
#4863 = EDGE_CURVE ( 'NONE', #4733, #5017, #897, .T. ) ;
#4864 = ORIENTED_EDGE ( 'NONE', *, *, #5672, .F. ) ;
#4865 = CARTESIAN_POINT ( 'NONE',  ( -50.99999999999999289, 4.499999999999989342, -145.0000000000000284 ) ) ;
#4866 = CARTESIAN_POINT ( 'NONE',  ( 37.79747233864500089, 4.500000000000000000, -23.48284677995476599 ) ) ;
#4867 = DIRECTION ( 'NONE',  ( 0.000000000000000000, 0.000000000000000000, -1.000000000000000000 ) ) ;
#4868 = ORIENTED_EDGE ( 'NONE', *, *, #139, .F. ) ;
#4869 = LINE ( 'NONE', #551, #1222 ) ;
#4870 = ORIENTED_EDGE ( 'NONE', *, *, #5205, .T. ) ;
#4871 = CARTESIAN_POINT ( 'NONE',  ( -17.79077264811490977, 10.00000000000000000, -27.54723166361653952 ) ) ;
#4872 = ORIENTED_EDGE ( 'NONE', *, *, #4637, .T. ) ;
#4873 = AXIS2_PLACEMENT_3D ( 'NONE', #4699, #487, #4234 ) ;
#4874 = LINE ( 'NONE', #95, #5388 ) ;
#4875 = LINE ( 'NONE', #2744, #2239 ) ;
#4876 = ORIENTED_EDGE ( 'NONE', *, *, #6912, .F. ) ;
#4877 = ADVANCED_FACE ( 'NONE', ( #1492 ), #2241, .T. ) ;
#4878 = PLANE ( 'NONE',  #5483 ) ;
#4879 = CARTESIAN_POINT ( 'NONE',  ( -20.85965004500310727, 0.5000000000000073275, -54.39034995499679326 ) ) ;
#4880 = ORIENTED_EDGE ( 'NONE', *, *, #4520, .F. ) ;
#4881 = LINE ( 'NONE', #29, #5353 ) ;
#4882 = ADVANCED_FACE ( 'NONE', ( #3 ), #5492, .F. ) ;
#4883 = ADVANCED_FACE ( 'NONE', ( #1074 ), #1659, .F. ) ;
#4884 = EDGE_CURVE ( 'NONE', #1303, #834, #2102, .T. ) ;
#4885 = AXIS2_PLACEMENT_3D ( 'NONE', #824, #3374, #6387 ) ;
#4886 = DIRECTION ( 'NONE',  ( -0.000000000000000000, -1.000000000000000000, -0.000000000000000000 ) ) ;
#4887 = CARTESIAN_POINT ( 'NONE',  ( -3.575000000000000622, 2.500000000000000444, -128.5000000000000000 ) ) ;
#4888 = ORIENTED_EDGE ( 'NONE', *, *, #140, .T. ) ;
#4889 = DIRECTION ( 'NONE',  ( 0.9013783694726588136, 0.000000000000000000, -0.4330323718231822716 ) ) ;
#4890 = DIRECTION ( 'NONE',  ( 0.000000000000000000, 0.7071067811865616726, 0.7071067811865334729 ) ) ;
#4891 = AXIS2_PLACEMENT_3D ( 'NONE', #4394, #4895, #544 ) ;
#4892 = DIRECTION ( 'NONE',  ( 8.659560562354994488E-17, 0.7071067811865425767, -0.7071067811865525687 ) ) ;
#4893 = CARTESIAN_POINT ( 'NONE',  ( 50.99999999999999289, 5.000000000000000000, -146.7500000000000284 ) ) ;
#4894 = ORIENTED_EDGE ( 'NONE', *, *, #2191, .F. ) ;
#4895 = DIRECTION ( 'NONE',  ( -0.000000000000000000, 1.000000000000000000, -0.000000000000000000 ) ) ;
#4896 = ORIENTED_EDGE ( 'NONE', *, *, #791, .F. ) ;
#4897 = ADVANCED_FACE ( 'NONE', ( #4285 ), #6178, .T. ) ;
#4898 = DIRECTION ( 'NONE',  ( -0.3650730802518772355, 0.000000000000000000, 0.9309788644622425391 ) ) ;
#4899 = FACE_OUTER_BOUND ( 'NONE', #199, .T. ) ;
#4900 = LINE ( 'NONE', #511, #4329 ) ;
#4901 = ORIENTED_EDGE ( 'NONE', *, *, #2815, .F. ) ;
#4902 = CARTESIAN_POINT ( 'NONE',  ( -50.99999999999999289, 5.000000000000000000, -142.7500000000000284 ) ) ;
#4903 = AXIS2_PLACEMENT_3D ( 'NONE', #6856, #445, #3092 ) ;
#4904 = EDGE_CURVE ( 'NONE', #2017, #1265, #1640, .T. ) ;
#4905 = ORIENTED_EDGE ( 'NONE', *, *, #3272, .F. ) ;
#4906 = DIRECTION ( 'NONE',  ( -0.7027135113015603451, 0.7027135113015574586, -0.1112988861959883363 ) ) ;
#4907 = VERTEX_POINT ( 'NONE', #6986 ) ;
#4908 = CIRCLE ( 'NONE', #730, 41.00000000000000000 ) ;
#4909 = AXIS2_PLACEMENT_3D ( 'NONE', #3811, #490, #4917 ) ;
#4910 = ADVANCED_FACE ( 'NONE', ( #3849 ), #982, .T. ) ;
#4911 = CARTESIAN_POINT ( 'NONE',  ( 45.35554439750277567, 10.00000000000000000, -24.05948337168945628 ) ) ;
#4912 = DIRECTION ( 'NONE',  ( 0.000000000000000000, 0.000000000000000000, 1.000000000000000000 ) ) ;
#4913 = CONICAL_SURFACE ( 'NONE', #5815, 1.750000000000001554, 0.7853981633974425058 ) ;
#4914 = ORIENTED_EDGE ( 'NONE', *, *, #6771, .F. ) ;
#4915 = DIRECTION ( 'NONE',  ( -0.000000000000000000, -1.000000000000000000, -0.000000000000000000 ) ) ;
#4916 = ORIENTED_EDGE ( 'NONE', *, *, #1211, .F. ) ;
#4917 = DIRECTION ( 'NONE',  ( 0.000000000000000000, 0.000000000000000000, 1.000000000000000000 ) ) ;
#4918 = VECTOR ( 'NONE', #718, 1000.000000000000000 ) ;
#4919 =( GEOMETRIC_REPRESENTATION_CONTEXT ( 3 ) GLOBAL_UNCERTAINTY_ASSIGNED_CONTEXT ( ( #6440 ) ) GLOBAL_UNIT_ASSIGNED_CONTEXT ( ( #997, #525, #5441 ) ) REPRESENTATION_CONTEXT ( 'NONE', 'WORKASPACE' ) );
#4920 = EDGE_CURVE ( 'NONE', #3258, #6664, #4825, .T. ) ;
#4921 = DIRECTION ( 'NONE',  ( 0.000000000000000000, 0.000000000000000000, 1.000000000000000000 ) ) ;
#4922 = CARTESIAN_POINT ( 'NONE',  ( -34.02649615143338480, 4.500000000000000000, -99.45476634795502946 ) ) ;
#4923 = ORIENTED_EDGE ( 'NONE', *, *, #1156, .T. ) ;
#4924 = EDGE_CURVE ( 'NONE', #2835, #1904, #6622, .T. ) ;
#4925 = ORIENTED_EDGE ( 'NONE', *, *, #3598, .T. ) ;
#4926 = CIRCLE ( 'NONE', #509, 0.7500000000000006661 ) ;
#4927 = LINE ( 'NONE', #600, #2658 ) ;
#4928 = VECTOR ( 'NONE', #3231, 1000.000000000000114 ) ;
#4929 = CARTESIAN_POINT ( 'NONE',  ( 20.85965004500319608, 0.5000000000000073275, -52.64034995499687852 ) ) ;
#4930 = AXIS2_PLACEMENT_3D ( 'NONE', #2282, #2843, #2917 ) ;
#4931 = CARTESIAN_POINT ( 'NONE',  ( -42.59371590680527930, 5.000000000000000000, -28.22749289518764471 ) ) ;
#4932 = VECTOR ( 'NONE', #5778, 1000.000000000000227 ) ;
#4933 = ORIENTED_EDGE ( 'NONE', *, *, #2970, .F. ) ;
#4934 = DIRECTION ( 'NONE',  ( 0.000000000000000000, 0.000000000000000000, 1.000000000000000000 ) ) ;
#4935 = ORIENTED_EDGE ( 'NONE', *, *, #5013, .T. ) ;
#4936 = AXIS2_PLACEMENT_3D ( 'NONE', #4929, #1141, #5926 ) ;
#4937 = CARTESIAN_POINT ( 'NONE',  ( 47.12376198899117696, 4.500000000000000000, -30.34378268944368173 ) ) ;
#4938 = FACE_OUTER_BOUND ( 'NONE', #3608, .T. ) ;
#4939 = DIRECTION ( 'NONE',  ( -0.000000000000000000, 1.000000000000000000, -0.000000000000000000 ) ) ;
#4940 = ORIENTED_EDGE ( 'NONE', *, *, #5450, .T. ) ;
#4941 = CARTESIAN_POINT ( 'NONE',  ( -8.934326635256088167, 0.000000000000000000, -131.4999999999999716 ) ) ;
#4942 = AXIS2_PLACEMENT_3D ( 'NONE', #3044, #4744, #2509 ) ;
#4943 = ORIENTED_EDGE ( 'NONE', *, *, #3375, .T. ) ;
#4944 = CARTESIAN_POINT ( 'NONE',  ( -4.075000000000004619, 0.000000000000000000, -125.5535425770391527 ) ) ;
#4945 = EDGE_CURVE ( 'NONE', #2756, #3993, #4389, .T. ) ;
#4946 = EDGE_LOOP ( 'NONE', ( #2281, #6458, #3751, #1920 ) ) ;
#4947 = AXIS2_PLACEMENT_3D ( 'NONE', #900, #1958, #4105 ) ;
#4948 = VECTOR ( 'NONE', #3033, 1000.000000000000000 ) ;
#4949 = EDGE_CURVE ( 'NONE', #2263, #5052, #2655, .T. ) ;
#4950 = DIRECTION ( 'NONE',  ( -0.6583014682025964959, -0.7071067811865632269, -0.2581456506747379365 ) ) ;
#4951 = DIRECTION ( 'NONE',  ( -0.000000000000000000, -1.000000000000000000, -0.000000000000000000 ) ) ;
#4952 = CIRCLE ( 'NONE', #3696, 0.5000000000000004441 ) ;
#4953 = CONICAL_SURFACE ( 'NONE', #5171, 5.500000000000005329, 0.7853981633974509435 ) ;
#4954 = CIRCLE ( 'NONE', #1790, 5.500000000000015099 ) ;
#4955 = VERTEX_POINT ( 'NONE', #3818 ) ;
#4956 = DIRECTION ( 'NONE',  ( 0.4232579588512070945, -0.000000000000000000, 0.9060092164371782442 ) ) ;
#4957 = ORIENTED_EDGE ( 'NONE', *, *, #2515, .T. ) ;
#4958 = PLANE ( 'NONE',  #5587 ) ;
#4959 = EDGE_CURVE ( 'NONE', #5548, #2045, #3676, .T. ) ;
#4960 = EDGE_CURVE ( 'NONE', #2741, #2570, #2439, .T. ) ;
#4961 = DIRECTION ( 'NONE',  ( 0.7071067811865461294, 0.7071067811865489050, 8.761676666762113632E-17 ) ) ;
#4962 = DIRECTION ( 'NONE',  ( -0.3062001265894752078, -0.7071067811865279218, -0.6373707574690081756 ) ) ;
#4963 = EDGE_LOOP ( 'NONE', ( #874, #5975, #4914, #6399 ) ) ;
#4964 = AXIS2_PLACEMENT_3D ( 'NONE', #734, #2364, #6683 ) ;
#4965 = ORIENTED_EDGE ( 'NONE', *, *, #5435, .F. ) ;
#4966 = EDGE_CURVE ( 'NONE', #3490, #4604, #540, .T. ) ;
#4967 = AXIS2_PLACEMENT_3D ( 'NONE', #230, #5109, #796 ) ;
#4968 = LINE ( 'NONE', #3392, #5848 ) ;
#4969 = DIRECTION ( 'NONE',  ( 0.000000000000000000, 1.000000000000000000, 0.000000000000000000 ) ) ;
#4970 = FACE_OUTER_BOUND ( 'NONE', #3077, .T. ) ;
#4971 = VERTEX_POINT ( 'NONE', #4783 ) ;
#4972 = CARTESIAN_POINT ( 'NONE',  ( -50.99999999999999289, 4.500000000000038192, -159.0000000000000853 ) ) ;
#4973 = EDGE_CURVE ( 'NONE', #5647, #4723, #4927, .T. ) ;
#4974 = ORIENTED_EDGE ( 'NONE', *, *, #5617, .F. ) ;
#4975 = EDGE_CURVE ( 'NONE', #1541, #4400, #75, .T. ) ;
#4976 = CARTESIAN_POINT ( 'NONE',  ( 7.954586406016457723, 10.00000000000000000, 3.119303211090153294 ) ) ;
#4977 = DIRECTION ( 'NONE',  ( 0.000000000000000000, 1.000000000000000000, 0.000000000000000000 ) ) ;
#4978 = CARTESIAN_POINT ( 'NONE',  ( -20.85965004500318898, 0.000000000000000000, -94.35965004500309306 ) ) ;
#4979 = VERTEX_POINT ( 'NONE', #6948 ) ;
#4980 = CARTESIAN_POINT ( 'NONE',  ( -39.56668648912853570, 0.5000000000000298650, -77.49523297530157606 ) ) ;
#4981 = VERTEX_POINT ( 'NONE', #2094 ) ;
#4982 = DIRECTION ( 'NONE',  ( -0.7797082821233128902, 0.000000000000000000, -0.6261429507614952872 ) ) ;
#4983 = VERTEX_POINT ( 'NONE', #6420 ) ;
#4984 = DIRECTION ( 'NONE',  ( -0.4427499264756021291, -0.7071067811865451302, 0.5513370136367158336 ) ) ;
#4985 = DIRECTION ( 'NONE',  ( 0.000000000000000000, 0.000000000000000000, 1.000000000000000000 ) ) ;
#4986 = EDGE_CURVE ( 'NONE', #6326, #3610, #1572, .T. ) ;
#4987 = VERTEX_POINT ( 'NONE', #1038 ) ;
#4988 = CARTESIAN_POINT ( 'NONE',  ( 52.21999999999999176, 0.4999999999999726885, -13.69999999999999929 ) ) ;
#4989 = VERTEX_POINT ( 'NONE', #5096 ) ;
#4990 = CARTESIAN_POINT ( 'NONE',  ( -47.05506056541143778, 0.000000000000000000, -2.948922277165318295 ) ) ;
#4991 = CARTESIAN_POINT ( 'NONE',  ( 16.85784136489926865, 0.000000000000000000, -116.2996867338522691 ) ) ;
#4992 = EDGE_CURVE ( 'NONE', #455, #3591, #290, .T. ) ;
#4993 = DIRECTION ( 'NONE',  ( 0.000000000000000000, 1.000000000000000000, 0.000000000000000000 ) ) ;
#4994 = DIRECTION ( 'NONE',  ( 0.000000000000000000, 0.000000000000000000, -1.000000000000000000 ) ) ;
#4995 = ORIENTED_EDGE ( 'NONE', *, *, #6297, .T. ) ;
#4996 = EDGE_LOOP ( 'NONE', ( #3308, #1712, #6492, #3371 ) ) ;
#4997 = CIRCLE ( 'NONE', #6130, 5.000000000000000888 ) ;
#4998 = LINE ( 'NONE', #4030, #5048 ) ;
#4999 = CYLINDRICAL_SURFACE ( 'NONE', #992, 5.000000000000000888 ) ;
#5000 = CARTESIAN_POINT ( 'NONE',  ( 8.934326635256089943, 3.469446951953614189E-15, -132.0000000000000000 ) ) ;
#5001 = ORIENTED_EDGE ( 'NONE', *, *, #5341, .T. ) ;
#5002 = CARTESIAN_POINT ( 'NONE',  ( -34.02649615143338480, 0.5000000000000213163, -104.4547663479550295 ) ) ;
#5003 = ORIENTED_EDGE ( 'NONE', *, *, #3551, .T. ) ;
#5004 = PLANE ( 'NONE',  #4323 ) ;
#5005 = FACE_OUTER_BOUND ( 'NONE', #6262, .T. ) ;
#5006 = DIRECTION ( 'NONE',  ( 0.3650730802518771245, 0.000000000000000000, -0.9309788644622424281 ) ) ;
#5007 = DIRECTION ( 'NONE',  ( 0.000000000000000000, 0.000000000000000000, 1.000000000000000000 ) ) ;
#5008 = CARTESIAN_POINT ( 'NONE',  ( 9.758150331071458794, 4.500000000000000000, -20.31207412382973487 ) ) ;
#5009 = ORIENTED_EDGE ( 'NONE', *, *, #6718, .T. ) ;
#5010 = CARTESIAN_POINT ( 'NONE',  ( 31.03562620414071560, 5.000000000000000000, -47.48000949045418650 ) ) ;
#5011 = AXIS2_PLACEMENT_3D ( 'NONE', #4991, #5021, #2329 ) ;
#5012 = EDGE_LOOP ( 'NONE', ( #333, #5828, #1022, #4308 ) ) ;
#5013 = EDGE_CURVE ( 'NONE', #6911, #674, #5375, .T. ) ;
#5014 = AXIS2_PLACEMENT_3D ( 'NONE', #2567, #1930, #5787 ) ;
#5015 = CARTESIAN_POINT ( 'NONE',  ( 59.37786006647043990, 10.00000000000000000, -27.73939977290451964 ) ) ;
#5016 = DIRECTION ( 'NONE',  ( 0.000000000000000000, 0.7071067811865516806, 0.7071067811865434649 ) ) ;
#5017 = VERTEX_POINT ( 'NONE', #6059 ) ;
#5018 = DIRECTION ( 'NONE',  ( 0.000000000000000000, 0.000000000000000000, 1.000000000000000000 ) ) ;
#5019 = ORIENTED_EDGE ( 'NONE', *, *, #6523, .T. ) ;
#5020 = CARTESIAN_POINT ( 'NONE',  ( 7.954586406016457723, 0.5000000000000281997, 3.119303211090153294 ) ) ;
#5021 = DIRECTION ( 'NONE',  ( -0.000000000000000000, -1.000000000000000000, -0.000000000000000000 ) ) ;
#5022 = AXIS2_PLACEMENT_3D ( 'NONE', #1583, #4836, #2104 ) ;
#5023 = CYLINDRICAL_SURFACE ( 'NONE', #2312, 5.000000000000004441 ) ;
#5024 = CYLINDRICAL_SURFACE ( 'NONE', #868, 1.750000000000003331 ) ;
#5025 = VERTEX_POINT ( 'NONE', #708 ) ;
#5026 = ORIENTED_EDGE ( 'NONE', *, *, #3507, .F. ) ;
#5027 = EDGE_CURVE ( 'NONE', #3306, #3488, #3361, .T. ) ;
#5028 = AXIS2_PLACEMENT_3D ( 'NONE', #1924, #3541, #6111 ) ;
#5029 = ADVANCED_FACE ( 'NONE', ( #2934 ), #4588, .F. ) ;
#5030 = CARTESIAN_POINT ( 'NONE',  ( 42.59371590680527930, 0.000000000000000000, -28.22749289518764471 ) ) ;
#5031 = CARTESIAN_POINT ( 'NONE',  ( 50.99999999999999289, 4.500000000000030198, -146.7500000000000284 ) ) ;
#5032 = CARTESIAN_POINT ( 'NONE',  ( -1.387778780781445676E-14, 5.000000000000000000, -73.50000000000001421 ) ) ;
#5033 = VERTEX_POINT ( 'NONE', #246 ) ;
#5034 = DIRECTION ( 'NONE',  ( -0.000000000000000000, -1.000000000000000000, -0.000000000000000000 ) ) ;
#5035 = AXIS2_PLACEMENT_3D ( 'NONE', #1363, #3515, #829 ) ;
#5036 = ORIENTED_EDGE ( 'NONE', *, *, #1299, .F. ) ;
#5037 = EDGE_CURVE ( 'NONE', #864, #6880, #4453, .T. ) ;
#5038 = AXIS2_PLACEMENT_3D ( 'NONE', #49, #4365, #5462 ) ;
#5039 = DIRECTION ( 'NONE',  ( 0.6583014682025919440, -0.7071067811865598962, -0.2581456506747585866 ) ) ;
#5040 = VECTOR ( 'NONE', #2413, 1000.000000000000114 ) ;
#5041 = DIRECTION ( 'NONE',  ( 0.000000000000000000, 0.000000000000000000, -1.000000000000000000 ) ) ;
#5042 = LINE ( 'NONE', #194, #3666 ) ;
#5043 = CARTESIAN_POINT ( 'NONE',  ( -7.954586406016457723, 4.500000000000040856, 3.119303211090153294 ) ) ;
#5044 = CARTESIAN_POINT ( 'NONE',  ( 42.34915626560065505, 5.000000000000000000, -20.39542497056531545 ) ) ;
#5045 = ORIENTED_EDGE ( 'NONE', *, *, #4175, .T. ) ;
#5046 = DIRECTION ( 'NONE',  ( -0.000000000000000000, -1.000000000000000000, -0.000000000000000000 ) ) ;
#5047 = ORIENTED_EDGE ( 'NONE', *, *, #5027, .T. ) ;
#5048 = VECTOR ( 'NONE', #3430, 1000.000000000000000 ) ;
#5049 = AXIS2_PLACEMENT_3D ( 'NONE', #5417, #1166, #5916 ) ;
#5050 = CARTESIAN_POINT ( 'NONE',  ( 48.87647513375095798, 10.00000000000000000, -73.84450217278281059 ) ) ;
#5051 = CARTESIAN_POINT ( 'NONE',  ( -50.99999999999999289, 4.499999999999989342, -143.2500000000000284 ) ) ;
#5052 = VERTEX_POINT ( 'NONE', #2341 ) ;
#5053 = DIRECTION ( 'NONE',  ( 0.000000000000000000, 0.000000000000000000, 1.000000000000000000 ) ) ;
#5054 = CIRCLE ( 'NONE', #6299, 5.000000000000000888 ) ;
#5055 = ORIENTED_EDGE ( 'NONE', *, *, #4924, .F. ) ;
#5056 = CARTESIAN_POINT ( 'NONE',  ( -63.56821467024035854, 5.000000000000000000, -140.0715134165996290 ) ) ;
#5057 = CARTESIAN_POINT ( 'NONE',  ( 52.21999999999999176, 0.000000000000000000, -17.00000000000002487 ) ) ;
#5058 = APPLICATION_CONTEXT ( 'automotive_design' ) ;
#5059 = EDGE_CURVE ( 'NONE', #3030, #581, #4490, .T. ) ;
#5060 = CONICAL_SURFACE ( 'NONE', #1556, 1.750000000000001554, 0.7853981633974553844 ) ;
#5061 = VECTOR ( 'NONE', #3781, 1000.000000000000114 ) ;
#5062 = ORIENTED_EDGE ( 'NONE', *, *, #3551, .F. ) ;
#5063 = DIRECTION ( 'NONE',  ( 0.000000000000000000, 0.000000000000000000, 1.000000000000000000 ) ) ;
#5064 = DIRECTION ( 'NONE',  ( -0.6406452607602365346, -0.7071067811865495711, -0.2992885728948661561 ) ) ;
#5065 = ORIENTED_EDGE ( 'NONE', *, *, #915, .F. ) ;
#5066 = CARTESIAN_POINT ( 'NONE',  ( 8.934326635256089943, 5.000000000000000000, -142.0000000000000284 ) ) ;
#5067 = DIRECTION ( 'NONE',  ( -0.6583014682025897235, 0.7071067811865575647, -0.2581456506747699109 ) ) ;
#5068 = DIRECTION ( 'NONE',  ( 0.4232579588512070390, 0.000000000000000000, -0.9060092164371783552 ) ) ;
#5069 = ORIENTED_EDGE ( 'NONE', *, *, #5618, .F. ) ;
#5070 = CYLINDRICAL_SURFACE ( 'NONE', #3847, 14.00000000000006750 ) ;
#5071 = ORIENTED_EDGE ( 'NONE', *, *, #2747, .T. ) ;
#5072 = AXIS2_PLACEMENT_3D ( 'NONE', #2571, #6398, #4083 ) ;
#5073 = DIRECTION ( 'NONE',  ( 0.000000000000000000, 0.000000000000000000, 1.000000000000000000 ) ) ;
#5074 = ADVANCED_FACE ( 'NONE', ( #1817 ), #1097, .F. ) ;
#5075 = DIRECTION ( 'NONE',  ( 0.000000000000000000, 1.000000000000000000, 0.000000000000000000 ) ) ;
#5076 = DIRECTION ( 'NONE',  ( 0.000000000000000000, 1.000000000000000000, 0.000000000000000000 ) ) ;
#5077 = DIRECTION ( 'NONE',  ( 0.000000000000000000, 0.000000000000000000, 1.000000000000000000 ) ) ;
#5078 = ADVANCED_FACE ( 'NONE', ( #6690 ), #751, .F. ) ;
#5079 = DIRECTION ( 'NONE',  ( -0.000000000000000000, -1.000000000000000000, -0.000000000000000000 ) ) ;
#5080 = VERTEX_POINT ( 'NONE', #1247 ) ;
#5081 = CARTESIAN_POINT ( 'NONE',  ( 17.57425646220331217, 5.000000000000000000, -27.09654247888019540 ) ) ;
#5082 = ORIENTED_EDGE ( 'NONE', *, *, #4725, .F. ) ;
#5083 = DIRECTION ( 'NONE',  ( 0.000000000000000000, 0.000000000000000000, -1.000000000000000000 ) ) ;
#5084 = CARTESIAN_POINT ( 'NONE',  ( 19.95593450723081475, 5.000000000000000000, -32.05412351097982793 ) ) ;
#5085 = EDGE_LOOP ( 'NONE', ( #5649, #5365, #2579, #4469 ) ) ;
#5086 = DIRECTION ( 'NONE',  ( -0.9013783694726589246, 0.000000000000000000, -0.4330323718231822161 ) ) ;
#5087 = VERTEX_POINT ( 'NONE', #6131 ) ;
#5088 = DIRECTION ( 'NONE',  ( -0.6583014682026079312, 0.7071067811865426878, -0.2581456506747648039 ) ) ;
#5089 = ORIENTED_EDGE ( 'NONE', *, *, #140, .F. ) ;
#5090 = FACE_OUTER_BOUND ( 'NONE', #6734, .T. ) ;
#5091 = EDGE_CURVE ( 'NONE', #2261, #1353, #1214, .T. ) ;
#5092 = CARTESIAN_POINT ( 'NONE',  ( -46.83854437949984373, 0.5000000000000108802, -2.498233092428983504 ) ) ;
#5093 = ORIENTED_EDGE ( 'NONE', *, *, #1524, .F. ) ;
#5094 = EDGE_CURVE ( 'NONE', #1421, #3233, #6727, .T. ) ;
#5095 = CONICAL_SURFACE ( 'NONE', #2717, 1.750000000000001554, 0.7853981633974425058 ) ;
#5096 = CARTESIAN_POINT ( 'NONE',  ( -3.575000000000000622, 0.5000000000000038858, -126.2342357522089600 ) ) ;
#5097 = DIRECTION ( 'NONE',  ( -0.000000000000000000, -1.000000000000000000, -0.000000000000000000 ) ) ;
#5098 = DIRECTION ( 'NONE',  ( 0.000000000000000000, 0.7071067811865425767, 0.7071067811865525687 ) ) ;
#5099 = ORIENTED_EDGE ( 'NONE', *, *, #6052, .T. ) ;
#5100 = DIRECTION ( 'NONE',  ( 0.000000000000000000, 1.000000000000000000, 0.000000000000000000 ) ) ;
#5101 = CIRCLE ( 'NONE', #3076, 14.00000000000006750 ) ;
#5102 = EDGE_LOOP ( 'NONE', ( #405, #955, #6787, #4513 ) ) ;
#5103 = EDGE_CURVE ( 'NONE', #1579, #6304, #4998, .T. ) ;
#5104 = DIRECTION ( 'NONE',  ( -0.000000000000000000, 1.000000000000000000, -0.000000000000000000 ) ) ;
#5105 = FACE_OUTER_BOUND ( 'NONE', #4606, .T. ) ;
#5106 = ORIENTED_EDGE ( 'NONE', *, *, #2370, .T. ) ;
#5107 = DIRECTION ( 'NONE',  ( 0.000000000000000000, 1.000000000000000000, 0.000000000000000000 ) ) ;
#5108 = ORIENTED_EDGE ( 'NONE', *, *, #4761, .F. ) ;
#5109 = DIRECTION ( 'NONE',  ( -0.000000000000000000, -1.000000000000000000, -0.000000000000000000 ) ) ;
#5110 = ORIENTED_EDGE ( 'NONE', *, *, #2367, .F. ) ;
#5111 = ADVANCED_FACE ( 'NONE', ( #747 ), #141, .F. ) ;
#5112 = CARTESIAN_POINT ( 'NONE',  ( 0.000000000000000000, 5.000000000000000000, -73.50000000000000000 ) ) ;
#5113 = CARTESIAN_POINT ( 'NONE',  ( -52.21999999999999176, 1.549999999999988942, -13.69999999999999929 ) ) ;
#5114 = EDGE_CURVE ( 'NONE', #6466, #1132, #2304, .T. ) ;
#5115 = PRODUCT ( 'pi_top', 'pi_top', '', ( #3770 ) ) ;
#5116 = EDGE_LOOP ( 'NONE', ( #2995, #5351, #1608, #4868 ) ) ;
#5117 = LINE ( 'NONE', #3948, #25 ) ;
#5118 = AXIS2_PLACEMENT_3D ( 'NONE', #1886, #2275, #219 ) ;
#5119 = ORIENTED_EDGE ( 'NONE', *, *, #5869, .T. ) ;
#5120 = LINE ( 'NONE', #1934, #2130 ) ;
#5121 = VECTOR ( 'NONE', #5429, 1000.000000000000000 ) ;
#5122 = ORIENTED_EDGE ( 'NONE', *, *, #6482, .T. ) ;
#5123 = FACE_OUTER_BOUND ( 'NONE', #802, .T. ) ;
#5124 = CARTESIAN_POINT ( 'NONE',  ( -14.84222989735698306, 5.000000000000000000, -111.1823328852394894 ) ) ;
#5125 = ORIENTED_EDGE ( 'NONE', *, *, #5059, .T. ) ;
#5126 = AXIS2_PLACEMENT_3D ( 'NONE', #459, #6799, #4129 ) ;
#5127 = ADVANCED_FACE ( 'NONE', ( #1315 ), #1319, .F. ) ;
#5128 = CIRCLE ( 'NONE', #1179, 1.750000000000010214 ) ;
#5129 = CARTESIAN_POINT ( 'NONE',  ( 39.36337836116056366, 0.000000000000000000, -69.40029360484511756 ) ) ;
#5130 = DIRECTION ( 'NONE',  ( 0.000000000000000000, -0.7071067811865394681, -0.7071067811865555663 ) ) ;
#5131 = EDGE_CURVE ( 'NONE', #4987, #5476, #4968, .T. ) ;
#5132 = DIRECTION ( 'NONE',  ( -0.000000000000000000, -1.000000000000000000, -0.000000000000000000 ) ) ;
#5133 = EDGE_LOOP ( 'NONE', ( #3425, #4829, #6790, #4348 ) ) ;
#5134 = DIRECTION ( 'NONE',  ( -0.000000000000000000, -1.000000000000000000, -0.000000000000000000 ) ) ;
#5135 = ORIENTED_EDGE ( 'NONE', *, *, #6289, .T. ) ;
#5136 = DIRECTION ( 'NONE',  ( -0.000000000000000000, -1.000000000000000000, -0.000000000000000000 ) ) ;
#5137 = CARTESIAN_POINT ( 'NONE',  ( 31.03562620414071560, 5.000000000000000000, -47.48000949045418650 ) ) ;
#5138 = LINE ( 'NONE', #5043, #1184 ) ;
#5139 = CARTESIAN_POINT ( 'NONE',  ( 33.70150370491302994, 4.499999999999971578, -136.2386059369033546 ) ) ;
#5140 = ORIENTED_EDGE ( 'NONE', *, *, #4863, .F. ) ;
#5141 = CARTESIAN_POINT ( 'NONE',  ( -35.25034087383883730, 4.500000000000000000, -48.94643053236772801 ) ) ;
#5142 = ORIENTED_EDGE ( 'NONE', *, *, #3678, .F. ) ;
#5143 = AXIS2_PLACEMENT_3D ( 'NONE', #3612, #4641, #6384 ) ;
#5144 = VECTOR ( 'NONE', #2463, 1000.000000000000000 ) ;
#5145 = DIRECTION ( 'NONE',  ( 1.239088197126289831E-16, 0.000000000000000000, -1.000000000000000000 ) ) ;
#5146 = ORIENTED_EDGE ( 'NONE', *, *, #132, .F. ) ;
#5147 = CARTESIAN_POINT ( 'NONE',  ( 35.25034087383883730, 0.5000000000000004441, -43.94643053236772090 ) ) ;
#5148 = EDGE_CURVE ( 'NONE', #2385, #4440, #6628, .T. ) ;
#5149 = CONICAL_SURFACE ( 'NONE', #519, 5.500000000000005329, 0.7853981633974569387 ) ;
#5150 = ORIENTED_EDGE ( 'NONE', *, *, #33, .F. ) ;
#5151 = DIRECTION ( 'NONE',  ( -0.000000000000000000, -1.000000000000000000, -0.000000000000000000 ) ) ;
#5152 = CONICAL_SURFACE ( 'NONE', #180, 1.750000000000001554, 0.7853981633974425058 ) ;
#5153 = ORIENTED_EDGE ( 'NONE', *, *, #4735, .T. ) ;
#5154 = EDGE_CURVE ( 'NONE', #3086, #4024, #2788, .T. ) ;
#5155 = CIRCLE ( 'NONE', #3351, 22.00000000000002132 ) ;
#5156 = CIRCLE ( 'NONE', #2445, 1.250000000000001110 ) ;
#5157 = DIRECTION ( 'NONE',  ( 0.000000000000000000, 0.000000000000000000, 1.000000000000000000 ) ) ;
#5158 = EDGE_LOOP ( 'NONE', ( #4748, #3238, #6265, #112 ) ) ;
#5159 = CARTESIAN_POINT ( 'NONE',  ( -52.21999999999999176, 4.499999999999995559, -11.94999999999999574 ) ) ;
#5160 = EDGE_CURVE ( 'NONE', #4675, #1877, #524, .T. ) ;
#5161 = DIRECTION ( 'NONE',  ( -0.000000000000000000, -1.000000000000000000, -0.000000000000000000 ) ) ;
#5162 = ORIENTED_EDGE ( 'NONE', *, *, #1276, .T. ) ;
#5163 = CYLINDRICAL_SURFACE ( 'NONE', #3987, 12.42737488156552494 ) ;
#5164 = EDGE_CURVE ( 'NONE', #5995, #5569, #6470, .T. ) ;
#5165 = AXIS2_PLACEMENT_3D ( 'NONE', #5633, #175, #6723 ) ;
#5166 = CIRCLE ( 'NONE', #3015, 5.500000000000005329 ) ;
#5167 = VECTOR ( 'NONE', #6313, 1000.000000000000000 ) ;
#5168 = DIRECTION ( 'NONE',  ( 0.000000000000000000, 0.000000000000000000, 1.000000000000000000 ) ) ;
#5169 = DIRECTION ( 'NONE',  ( -0.9013783694726589246, 0.000000000000000000, 0.4330323718231822161 ) ) ;
#5170 = CIRCLE ( 'NONE', #4033, 12.42737488156553383 ) ;
#5171 = AXIS2_PLACEMENT_3D ( 'NONE', #1318, #2344, #3433 ) ;
#5172 = AXIS2_PLACEMENT_3D ( 'NONE', #4406, #60, #4912 ) ;
#5173 = CARTESIAN_POINT ( 'NONE',  ( -39.56668648912852859, 4.500000000000040856, -77.49523297530157606 ) ) ;
#5174 = ORIENTED_EDGE ( 'NONE', *, *, #5185, .F. ) ;
#5175 = DIRECTION ( 'NONE',  ( -0.9013783694726589246, 0.000000000000000000, 0.4330323718231822161 ) ) ;
#5176 = EDGE_LOOP ( 'NONE', ( #6162, #2490, #6115, #598 ) ) ;
#5177 = LINE ( 'NONE', #5705, #2780 ) ;
#5178 = FACE_OUTER_BOUND ( 'NONE', #4771, .T. ) ;
#5179 = VERTEX_POINT ( 'NONE', #5129 ) ;
#5180 = CARTESIAN_POINT ( 'NONE',  ( -3.075000000000000622, 2.500000000000000444, -128.5000000000000000 ) ) ;
#5181 = EDGE_CURVE ( 'NONE', #1654, #2822, #5156, .T. ) ;
#5182 = ORIENTED_EDGE ( 'NONE', *, *, #4355, .T. ) ;
#5183 = DIRECTION ( 'NONE',  ( 0.000000000000000000, 0.000000000000000000, -1.000000000000000000 ) ) ;
#5184 = CIRCLE ( 'NONE', #4964, 11.92737488156552317 ) ;
#5185 = EDGE_CURVE ( 'NONE', #6386, #2415, #2678, .T. ) ;
#5186 = EDGE_CURVE ( 'NONE', #5179, #5775, #2545, .T. ) ;
#5187 = ORIENTED_EDGE ( 'NONE', *, *, #4685, .T. ) ;
#5188 = VECTOR ( 'NONE', #515, 999.9999999999998863 ) ;
#5189 = CARTESIAN_POINT ( 'NONE',  ( 17.79077264811490977, 4.500000000000000000, -27.54723166361653952 ) ) ;
#5190 = CYLINDRICAL_SURFACE ( 'NONE', #1389, 9.999999999999998224 ) ;
#5191 = VERTEX_POINT ( 'NONE', #5696 ) ;
#5192 = CARTESIAN_POINT ( 'NONE',  ( -52.21999999999999176, 5.000000000000000000, -13.69999999999999929 ) ) ;
#5193 = EDGE_LOOP ( 'NONE', ( #815, #3284, #6006, #3159 ) ) ;
#5194 = CARTESIAN_POINT ( 'NONE',  ( -7.954586406016457723, 10.00000000000000000, 3.119303211090153294 ) ) ;
#5195 = ORIENTED_EDGE ( 'NONE', *, *, #6268, .F. ) ;
#5196 = LINE ( 'NONE', #382, #4948 ) ;
#5197 = ORIENTED_EDGE ( 'NONE', *, *, #16, .T. ) ;
#5198 = CARTESIAN_POINT ( 'NONE',  ( -3.575000000000001066, 0.5000000000000004441, -125.0000000000000000 ) ) ;
#5199 = DIRECTION ( 'NONE',  ( 0.000000000000000000, -1.000000000000000000, 0.000000000000000000 ) ) ;
#5200 = ORIENTED_EDGE ( 'NONE', *, *, #4355, .F. ) ;
#5201 = CARTESIAN_POINT ( 'NONE',  ( 3.575000000000000622, 2.500000000000000444, -128.5000000000000000 ) ) ;
#5202 = EDGE_CURVE ( 'NONE', #1143, #1904, #4706, .T. ) ;
#5203 = PLANE ( 'NONE',  #6977 ) ;
#5204 = CARTESIAN_POINT ( 'NONE',  ( 9.758150331071458794, 10.00000000000000000, -20.31207412382973487 ) ) ;
#5205 = EDGE_CURVE ( 'NONE', #826, #4983, #3681, .T. ) ;
#5206 = CARTESIAN_POINT ( 'NONE',  ( -1.387778780781445676E-14, 5.000000000000000000, -73.50000000000001421 ) ) ;
#5207 = CARTESIAN_POINT ( 'NONE',  ( -19.95593450723081475, 0.000000000000000000, -32.05412351097982793 ) ) ;
#5208 = ORIENTED_EDGE ( 'NONE', *, *, #1872, .F. ) ;
#5209 = CARTESIAN_POINT ( 'NONE',  ( -8.673617379884035472E-16, 0.000000000000000000, -24.40587977405053977 ) ) ;
#5210 = VERTEX_POINT ( 'NONE', #2440 ) ;
#5211 = CARTESIAN_POINT ( 'NONE',  ( -1.387778780781445676E-14, 0.5000000000000108802, -95.00000000000000000 ) ) ;
#5212 = CARTESIAN_POINT ( 'NONE',  ( 13.72712661109179066, 4.499999999999975131, -120.1982281444688425 ) ) ;
#5213 = VERTEX_POINT ( 'NONE', #1375 ) ;
#5214 = CARTESIAN_POINT ( 'NONE',  ( 14.08847404930327940, 0.5000000000000004441, -29.32585781855631879 ) ) ;
#5215 = VERTEX_POINT ( 'NONE', #4598 ) ;
#5216 = DIRECTION ( 'NONE',  ( 0.000000000000000000, -1.000000000000000000, 0.000000000000000000 ) ) ;
#5217 = ORIENTED_EDGE ( 'NONE', *, *, #905, .T. ) ;
#5218 = CIRCLE ( 'NONE', #6469, 1.750000000000001554 ) ;
#5219 = DIRECTION ( 'NONE',  ( 0.000000000000000000, 1.000000000000000000, 0.000000000000000000 ) ) ;
#5220 = CARTESIAN_POINT ( 'NONE',  ( -52.21999999999999176, 5.000000000000000000, -11.44999999999999751 ) ) ;
#5221 = ORIENTED_EDGE ( 'NONE', *, *, #1505, .F. ) ;
#5222 = CARTESIAN_POINT ( 'NONE',  ( 47.79714078179278403, 10.00000000000000000, -125.8756256879251794 ) ) ;
#5223 = ADVANCED_FACE ( 'NONE', ( #5770 ), #5203, .F. ) ;
#5224 = EDGE_LOOP ( 'NONE', ( #5654, #2163 ) ) ;
#5225 = LINE ( 'NONE', #1723, #5188 ) ;
#5226 = ORIENTED_EDGE ( 'NONE', *, *, #5059, .F. ) ;
#5227 = DIRECTION ( 'NONE',  ( -0.000000000000000000, -1.000000000000000000, -0.000000000000000000 ) ) ;
#5228 = VERTEX_POINT ( 'NONE', #6875 ) ;
#5229 = DIRECTION ( 'NONE',  ( -0.000000000000000000, -1.000000000000000000, -0.000000000000000000 ) ) ;
#5230 = LINE ( 'NONE', #6797, #3877 ) ;
#5231 = ORIENTED_EDGE ( 'NONE', *, *, #4134, .T. ) ;
#5232 = DIRECTION ( 'NONE',  ( -0.000000000000000000, -1.000000000000000000, -0.000000000000000000 ) ) ;
#5233 = CONICAL_SURFACE ( 'NONE', #3302, 5.500000000000005329, 0.7853981633974569387 ) ;
#5234 = FACE_OUTER_BOUND ( 'NONE', #1030, .T. ) ;
#5235 = CARTESIAN_POINT ( 'NONE',  ( 47.05506056541142357, 5.000000000000000000, -2.948922277165281436 ) ) ;
#5236 = VECTOR ( 'NONE', #2068, 1000.000000000000114 ) ;
#5237 = DIRECTION ( 'NONE',  ( -0.000000000000000000, -1.000000000000000000, -0.000000000000000000 ) ) ;
#5238 = ADVANCED_FACE ( 'NONE', ( #6800 ), #3347, .F. ) ;
#5239 = DIRECTION ( 'NONE',  ( 0.000000000000000000, 0.000000000000000000, -1.000000000000000000 ) ) ;
#5240 = ADVANCED_FACE ( 'NONE', ( #4631 ), #3636, .F. ) ;
#5241 = ORIENTED_EDGE ( 'NONE', *, *, #904, .F. ) ;
#5242 = CARTESIAN_POINT ( 'NONE',  ( -20.85965004500318898, 0.5000000000000073275, -96.10965004500309306 ) ) ;
#5243 = ORIENTED_EDGE ( 'NONE', *, *, #3639, .T. ) ;
#5244 = CIRCLE ( 'NONE', #2973, 5.500000000000032863 ) ;
#5245 = ADVANCED_FACE ( 'NONE', ( #4093 ), #4254, .F. ) ;
#5246 = AXIS2_PLACEMENT_3D ( 'NONE', #6922, #5262, #1968 ) ;
#5247 = CARTESIAN_POINT ( 'NONE',  ( -1.387778780781445676E-14, 4.499999999999989342, -95.00000000000000000 ) ) ;
#5248 = LINE ( 'NONE', #4679, #2778 ) ;
#5249 = ORIENTED_EDGE ( 'NONE', *, *, #401, .F. ) ;
#5250 = CARTESIAN_POINT ( 'NONE',  ( -42.54707016471973446, 5.000000000000000000, -155.5260618086647924 ) ) ;
#5251 = VECTOR ( 'NONE', #1719, 1000.000000000000114 ) ;
#5252 = AXIS2_PLACEMENT_3D ( 'NONE', #2473, #919, #5690 ) ;
#5253 = ORIENTED_EDGE ( 'NONE', *, *, #488, .F. ) ;
#5254 = DIRECTION ( 'NONE',  ( -0.000000000000000000, -1.000000000000000000, -0.000000000000000000 ) ) ;
#5255 = ADVANCED_FACE ( 'NONE', ( #6236 ), #418, .F. ) ;
#5256 = ADVANCED_FACE ( 'NONE', ( #923 ), #4133, .F. ) ;
#5257 = ORIENTED_EDGE ( 'NONE', *, *, #3128, .F. ) ;
#5258 = AXIS2_PLACEMENT_3D ( 'NONE', #6163, #1342, #737 ) ;
#5259 = CARTESIAN_POINT ( 'NONE',  ( -20.85965004500318898, 0.5000000000000073275, -96.10965004500309306 ) ) ;
#5260 = CARTESIAN_POINT ( 'NONE',  ( -8.673617379884035472E-16, 10.00000000000000000, -13.90587977405051134 ) ) ;
#5261 = ORIENTED_EDGE ( 'NONE', *, *, #6138, .T. ) ;
#5262 = DIRECTION ( 'NONE',  ( 8.761676666762149378E-17, 0.7071067811865449082, -0.7071067811865501263 ) ) ;
#5263 = ORIENTED_EDGE ( 'NONE', *, *, #6896, .T. ) ;
#5264 = DIRECTION ( 'NONE',  ( -0.9309788644622425391, 0.000000000000000000, 0.3650730802518772355 ) ) ;
#5265 = EDGE_LOOP ( 'NONE', ( #5432, #1894, #3960, #2709, #1137 ) ) ;
#5266 = EDGE_CURVE ( 'NONE', #1181, #6686, #6187, .T. ) ;
#5267 = CIRCLE ( 'NONE', #65, 14.00000000000006750 ) ;
#5268 = AXIS2_PLACEMENT_3D ( 'NONE', #402, #5779, #6949 ) ;
#5269 = DIRECTION ( 'NONE',  ( 0.000000000000000000, 0.000000000000000000, -1.000000000000000000 ) ) ;
#5270 = AXIS2_PLACEMENT_3D ( 'NONE', #2384, #6702, #5508 ) ;
#5271 = ORIENTED_EDGE ( 'NONE', *, *, #6214, .T. ) ;
#5272 = DIRECTION ( 'NONE',  ( 0.000000000000000000, 0.000000000000000000, 1.000000000000000000 ) ) ;
#5273 = CARTESIAN_POINT ( 'NONE',  ( 4.075000000000001954, 0.000000000000000000, -130.5530342663305419 ) ) ;
#5274 = VERTEX_POINT ( 'NONE', #4842 ) ;
#5275 = DIRECTION ( 'NONE',  ( -0.6406452607602421967, -0.7071067811865445751, -0.2992885728948658786 ) ) ;
#5276 = EDGE_CURVE ( 'NONE', #4723, #345, #7002, .T. ) ;
#5277 = ADVANCED_FACE ( 'NONE', ( #5234 ), #4303, .F. ) ;
#5278 = AXIS2_PLACEMENT_3D ( 'NONE', #6662, #3362, #4032 ) ;
#5279 = CARTESIAN_POINT ( 'NONE',  ( -1.355202238605933474, 0.4999999999999987232, -0.5314275914286046287 ) ) ;
#5280 = DIRECTION ( 'NONE',  ( -0.7797082821233132233, 0.000000000000000000, 0.6261429507614950651 ) ) ;
#5281 = AXIS2_PLACEMENT_3D ( 'NONE', #6310, #2053, #963 ) ;
#5282 = DIRECTION ( 'NONE',  ( 0.000000000000000000, 0.000000000000000000, 1.000000000000000000 ) ) ;
#5283 = FACE_BOUND ( 'NONE', #6227, .T. ) ;
#5284 = ORIENTED_EDGE ( 'NONE', *, *, #2392, .T. ) ;
#5285 = DIRECTION ( 'NONE',  ( -0.3062001265894623847, 0.7071067811865573427, -0.6373707574689816413 ) ) ;
#5286 = AXIS2_PLACEMENT_3D ( 'NONE', #6280, #3648, #1496 ) ;
#5287 = AXIS2_PLACEMENT_3D ( 'NONE', #6300, #1402, #2607 ) ;
#5288 = ORIENTED_EDGE ( 'NONE', *, *, #6285, .F. ) ;
#5289 = EDGE_CURVE ( 'NONE', #1311, #1303, #3765, .T. ) ;
#5290 = LINE ( 'NONE', #436, #6852 ) ;
#5291 = CONICAL_SURFACE ( 'NONE', #2238, 5.500000000000005329, 0.7853981633974517207 ) ;
#5292 = VECTOR ( 'NONE', #3521, 1000.000000000000000 ) ;
#5293 = CARTESIAN_POINT ( 'NONE',  ( 4.330323718231824159, 4.500000000000038192, -22.91966346877709881 ) ) ;
#5294 = DIRECTION ( 'NONE',  ( -0.000000000000000000, -1.000000000000000000, -0.000000000000000000 ) ) ;
#5295 = ORIENTED_EDGE ( 'NONE', *, *, #1386, .F. ) ;
#5296 = LINE ( 'NONE', #4722, #2278 ) ;
#5297 = EDGE_LOOP ( 'NONE', ( #4634, #4767, #6370, #169 ) ) ;
#5298 = EDGE_CURVE ( 'NONE', #6279, #6942, #557, .T. ) ;
#5299 = EDGE_CURVE ( 'NONE', #119, #298, #73, .T. ) ;
#5300 = CARTESIAN_POINT ( 'NONE',  ( 63.56821467024026617, 5.000000000000000000, -140.0715134165996858 ) ) ;
#5301 = DIRECTION ( 'NONE',  ( 8.659560562354994488E-17, 0.7071067811865425767, -0.7071067811865525687 ) ) ;
#5302 = VERTEX_POINT ( 'NONE', #3834 ) ;
#5303 = CARTESIAN_POINT ( 'NONE',  ( -50.99999999999999289, 4.499999999999989342, -146.7500000000000284 ) ) ;
#5304 = ORIENTED_EDGE ( 'NONE', *, *, #3163, .T. ) ;
#5305 = LINE ( 'NONE', #3592, #555 ) ;
#5306 = ORIENTED_EDGE ( 'NONE', *, *, #3336, .T. ) ;
#5307 = VECTOR ( 'NONE', #2823, 1000.000000000000000 ) ;
#5308 = CARTESIAN_POINT ( 'NONE',  ( -50.99999999999999289, 5.000000000000000000, -145.0000000000000284 ) ) ;
#5309 = ORIENTED_EDGE ( 'NONE', *, *, #5575, .T. ) ;
#5310 = DIRECTION ( 'NONE',  ( -0.000000000000000000, -1.000000000000000000, -0.000000000000000000 ) ) ;
#5311 = ORIENTED_EDGE ( 'NONE', *, *, #6771, .T. ) ;
#5312 = CYLINDRICAL_SURFACE ( 'NONE', #2634, 14.00000000000006750 ) ;
#5313 = DIRECTION ( 'NONE',  ( 0.9013783694726589246, 0.000000000000000000, 0.4330323718231822716 ) ) ;
#5314 = LINE ( 'NONE', #3112, #3462 ) ;
#5315 = FACE_BOUND ( 'NONE', #2211, .T. ) ;
#5316 = EDGE_CURVE ( 'NONE', #4955, #5476, #6506, .T. ) ;
#5317 = EDGE_LOOP ( 'NONE', ( #6643, #832, #3789, #4246, #2423, #5759, #514, #2010, #1720 ) ) ;
#5318 = CARTESIAN_POINT ( 'NONE',  ( -4.075000000000001954, 0.000000000000000000, -145.0000000000000000 ) ) ;
#5319 = ORIENTED_EDGE ( 'NONE', *, *, #2093, .F. ) ;
#5320 = CARTESIAN_POINT ( 'NONE',  ( -43.14224645948157644, 10.00000000000000000, -127.7009910891845692 ) ) ;
#5321 = LINE ( 'NONE', #933, #1422 ) ;
#5322 = CARTESIAN_POINT ( 'NONE',  ( -20.85965004500310727, 10.00000000000000000, -52.64034995499679326 ) ) ;
#5323 = ORIENTED_EDGE ( 'NONE', *, *, #3841, .T. ) ;
#5324 = CARTESIAN_POINT ( 'NONE',  ( 50.99999999999999289, 5.000000000000000000, -145.0000000000000284 ) ) ;
#5325 = ORIENTED_EDGE ( 'NONE', *, *, #3262, .F. ) ;
#5326 = EDGE_CURVE ( 'NONE', #5783, #3864, #3804, .T. ) ;
#5327 = DIRECTION ( 'NONE',  ( 0.000000000000000000, 0.000000000000000000, -1.000000000000000000 ) ) ;
#5328 = DIRECTION ( 'NONE',  ( -0.000000000000000000, -1.000000000000000000, -0.000000000000000000 ) ) ;
#5329 = ORIENTED_EDGE ( 'NONE', *, *, #5276, .T. ) ;
#5330 = DIRECTION ( 'NONE',  ( 0.3062001265894666591, 0.7071067811865475727, 0.6373707574689905231 ) ) ;
#5331 = ORIENTED_EDGE ( 'NONE', *, *, #3321, .F. ) ;
#5332 = DIRECTION ( 'NONE',  ( -0.000000000000000000, -1.000000000000000000, -0.000000000000000000 ) ) ;
#5333 = EDGE_CURVE ( 'NONE', #2756, #764, #5407, .T. ) ;
#5334 = ORIENTED_EDGE ( 'NONE', *, *, #3400, .F. ) ;
#5335 = EDGE_CURVE ( 'NONE', #3823, #1275, #1695, .T. ) ;
#5336 = CYLINDRICAL_SURFACE ( 'NONE', #651, 1.750000000000001554 ) ;
#5337 = EDGE_LOOP ( 'NONE', ( #3564, #387, #586, #3446 ) ) ;
#5338 = DIRECTION ( 'NONE',  ( -0.000000000000000000, -1.000000000000000000, -0.000000000000000000 ) ) ;
#5339 = ORIENTED_EDGE ( 'NONE', *, *, #6803, .T. ) ;
#5340 = CARTESIAN_POINT ( 'NONE',  ( -30.32796396106018477, 4.500000000000000000, -101.0901178318729734 ) ) ;
#5341 = EDGE_CURVE ( 'NONE', #1239, #6018, #3343, .T. ) ;
#5342 = CARTESIAN_POINT ( 'NONE',  ( 34.02649615143337769, 5.000000000000000000, -104.4547663479550295 ) ) ;
#5343 = DIRECTION ( 'NONE',  ( -0.000000000000000000, -1.000000000000000000, -0.000000000000000000 ) ) ;
#5344 = CARTESIAN_POINT ( 'NONE',  ( -35.25034087383883730, 0.000000000000000000, -43.94643053236772801 ) ) ;
#5345 = ORIENTED_EDGE ( 'NONE', *, *, #4656, .F. ) ;
#5346 = LINE ( 'NONE', #2653, #6307 ) ;
#5347 = AXIS2_PLACEMENT_3D ( 'NONE', #1765, #3868, #3450 ) ;
#5348 = CARTESIAN_POINT ( 'NONE',  ( 35.25034087383883730, 10.00000000000000000, -48.94643053236772090 ) ) ;
#5349 = DIRECTION ( 'NONE',  ( 0.000000000000000000, 1.000000000000000000, 0.000000000000000000 ) ) ;
#5350 = CARTESIAN_POINT ( 'NONE',  ( 33.70150370491302994, 10.00000000000000000, -136.2386059369033546 ) ) ;
#5351 = ORIENTED_EDGE ( 'NONE', *, *, #3463, .F. ) ;
#5352 = PLANE ( 'NONE',  #1844 ) ;
#5353 = VECTOR ( 'NONE', #6973, 1000.000000000000000 ) ;
#5354 = ADVANCED_FACE ( 'NONE', ( #3304 ), #3867, .T. ) ;
#5355 = ORIENTED_EDGE ( 'NONE', *, *, #6874, .F. ) ;
#5356 = DIRECTION ( 'NONE',  ( 0.000000000000000000, 0.000000000000000000, 1.000000000000000000 ) ) ;
#5357 = VECTOR ( 'NONE', #1628, 1000.000000000000114 ) ;
#5358 = AXIS2_PLACEMENT_3D ( 'NONE', #4413, #6164, #4448 ) ;
#5359 = DIRECTION ( 'NONE',  ( 0.000000000000000000, 0.000000000000000000, 1.000000000000000000 ) ) ;
#5360 = DIRECTION ( 'NONE',  ( 0.000000000000000000, 1.000000000000000000, 0.000000000000000000 ) ) ;
#5361 = ORIENTED_EDGE ( 'NONE', *, *, #159, .T. ) ;
#5362 = DIRECTION ( 'NONE',  ( -0.5272702316951746182, 0.7071067811865382469, -0.4711540117287870144 ) ) ;
#5363 = VERTEX_POINT ( 'NONE', #6575 ) ;
#5364 = DIRECTION ( 'NONE',  ( 0.3905815308492828208, 0.7071067811865449082, 0.5894455596231381600 ) ) ;
#5365 = ORIENTED_EDGE ( 'NONE', *, *, #839, .F. ) ;
#5366 = AXIS2_PLACEMENT_3D ( 'NONE', #2810, #3966, #3333 ) ;
#5367 = CARTESIAN_POINT ( 'NONE',  ( 36.83221845872051148, 0.000000000000000000, -137.8400645262867670 ) ) ;
#5368 = VERTEX_POINT ( 'NONE', #584 ) ;
#5369 = DIRECTION ( 'NONE',  ( -3.469446951953611033E-15, 0.000000000000000000, 1.000000000000000000 ) ) ;
#5370 = ORIENTED_EDGE ( 'NONE', *, *, #2635, .F. ) ;
#5371 = DIRECTION ( 'NONE',  ( 0.000000000000000000, 1.000000000000000000, 0.000000000000000000 ) ) ;
#5372 = CIRCLE ( 'NONE', #5491, 5.000000000000000888 ) ;
#5373 = EDGE_CURVE ( 'NONE', #3940, #2918, #2743, .T. ) ;
#5374 = CIRCLE ( 'NONE', #6057, 5.000000000000000888 ) ;
#5375 = CIRCLE ( 'NONE', #2663, 40.49999999999999289 ) ;
#5376 = ADVANCED_FACE ( 'NONE', ( #6545 ), #4139, .F. ) ;
#5377 = ADVANCED_FACE ( 'NONE', ( #3908 ), #6044, .T. ) ;
#5378 = DIRECTION ( 'NONE',  ( 0.6583014682026091524, -0.7071067811865480168, 0.2581456506747468183 ) ) ;
#5379 = CARTESIAN_POINT ( 'NONE',  ( 16.85784136489926865, 0.5000000000000004441, -116.2996867338522691 ) ) ;
#5380 = ORIENTED_EDGE ( 'NONE', *, *, #1839, .T. ) ;
#5381 = DIRECTION ( 'NONE',  ( 0.000000000000000000, 0.000000000000000000, -1.000000000000000000 ) ) ;
#5382 = VECTOR ( 'NONE', #5067, 1000.000000000000114 ) ;
#5383 = VERTEX_POINT ( 'NONE', #693 ) ;
#5384 = LINE ( 'NONE', #1601, #5061 ) ;
#5385 = AXIS2_PLACEMENT_3D ( 'NONE', #1127, #5518, #2185 ) ;
#5386 = VECTOR ( 'NONE', #5169, 1000.000000000000114 ) ;
#5387 = DIRECTION ( 'NONE',  ( 1.000000000000000000, 0.000000000000000000, 1.239088197126289831E-16 ) ) ;
#5388 = VECTOR ( 'NONE', #4984, 1000.000000000000114 ) ;
#5389 = CARTESIAN_POINT ( 'NONE',  ( -20.85965004500310727, 5.000000000000000000, -52.64034995499679326 ) ) ;
#5390 = CARTESIAN_POINT ( 'NONE',  ( 4.546839904143397781, 5.000000000000000000, -23.37035265351339319 ) ) ;
#5391 = ORIENTED_EDGE ( 'NONE', *, *, #3979, .F. ) ;
#5392 = PLANE ( 'NONE',  #4318 ) ;
#5393 = VERTEX_POINT ( 'NONE', #2817 ) ;
#5394 = AXIS2_PLACEMENT_3D ( 'NONE', #3614, #5780, #2031 ) ;
#5395 = VECTOR ( 'NONE', #284, 1000.000000000000000 ) ;
#5396 = LINE ( 'NONE', #4937, #4433 ) ;
#5397 = EDGE_CURVE ( 'NONE', #2127, #1724, #5054, .T. ) ;
#5398 = DIRECTION ( 'NONE',  ( 0.3650730802518767915, 0.000000000000000000, -0.9309788644622426501 ) ) ;
#5399 = CARTESIAN_POINT ( 'NONE',  ( 45.41685932647373392, 0.000000000000000000, -132.7085989317890267 ) ) ;
#5400 = EDGE_LOOP ( 'NONE', ( #6120, #5001, #565, #2244 ) ) ;
#5401 = EDGE_CURVE ( 'NONE', #1428, #943, #4874, .T. ) ;
#5402 = CARTESIAN_POINT ( 'NONE',  ( 34.02649615143337769, 0.5000000000000004441, -104.4547663479550295 ) ) ;
#5403 = ORIENTED_EDGE ( 'NONE', *, *, #4567, .F. ) ;
#5404 = CARTESIAN_POINT ( 'NONE',  ( -52.21999999999999176, 0.000000000000000000, -17.00000000000002132 ) ) ;
#5405 = ORIENTED_EDGE ( 'NONE', *, *, #1639, .T. ) ;
#5406 = ADVANCED_FACE ( 'NONE', ( #4438 ), #6607, .F. ) ;
#5407 = LINE ( 'NONE', #1727, #1781 ) ;
#5408 = CARTESIAN_POINT ( 'NONE',  ( -30.32796396106018477, 0.5000000000000213163, -101.0901178318729734 ) ) ;
#5409 = ORIENTED_EDGE ( 'NONE', *, *, #1849, .F. ) ;
#5410 = DIRECTION ( 'NONE',  ( 0.000000000000000000, 1.000000000000000000, 0.000000000000000000 ) ) ;
#5411 = VERTEX_POINT ( 'NONE', #6085 ) ;
#5412 = CARTESIAN_POINT ( 'NONE',  ( 8.934326635256089943, 0.5000000000000281997, -132.0000000000000000 ) ) ;
#5413 = CONICAL_SURFACE ( 'NONE', #3031, 3.300000000000023359, 0.7853981633974590482 ) ;
#5414 = EDGE_CURVE ( 'NONE', #4299, #2541, #2340, .T. ) ;
#5415 = VECTOR ( 'NONE', #2919, 1000.000000000000000 ) ;
#5416 = CARTESIAN_POINT ( 'NONE',  ( 0.000000000000000000, 0.5000000000000004441, -73.50000000000000000 ) ) ;
#5417 = CARTESIAN_POINT ( 'NONE',  ( 50.99999999999999289, 0.000000000000000000, -145.0000000000000284 ) ) ;
#5418 = VERTEX_POINT ( 'NONE', #6645 ) ;
#5419 = CARTESIAN_POINT ( 'NONE',  ( -35.25034087383883730, 10.00000000000000000, -43.94643053236772801 ) ) ;
#5420 = EDGE_CURVE ( 'NONE', #3142, #6403, #1433, .T. ) ;
#5421 = EDGE_CURVE ( 'NONE', #4981, #2027, #2951, .T. ) ;
#5422 = DIRECTION ( 'NONE',  ( 0.000000000000000000, 0.000000000000000000, -1.000000000000000000 ) ) ;
#5423 = DIRECTION ( 'NONE',  ( 0.000000000000000000, 0.000000000000000000, 1.000000000000000000 ) ) ;
#5424 = ORIENTED_EDGE ( 'NONE', *, *, #888, .F. ) ;
#5425 = DIRECTION ( 'NONE',  ( 0.000000000000000000, 1.000000000000000000, 0.000000000000000000 ) ) ;
#5426 = EDGE_LOOP ( 'NONE', ( #205, #4894, #310, #6811 ) ) ;
#5427 = CARTESIAN_POINT ( 'NONE',  ( -50.99999999999999289, 4.500000000000038192, -145.0000000000000284 ) ) ;
#5428 = DIRECTION ( 'NONE',  ( -0.000000000000000000, -1.000000000000000000, -0.000000000000000000 ) ) ;
#5429 = DIRECTION ( 'NONE',  ( -0.000000000000000000, -1.000000000000000000, -0.000000000000000000 ) ) ;
#5430 = ORIENTED_EDGE ( 'NONE', *, *, #3341, .F. ) ;
#5431 = DIRECTION ( 'NONE',  ( -5.551115123125777969E-15, 0.000000000000000000, 1.000000000000000000 ) ) ;
#5432 = ORIENTED_EDGE ( 'NONE', *, *, #6639, .F. ) ;
#5433 = CARTESIAN_POINT ( 'NONE',  ( -20.85965004500310727, 3.449999999999969535, -50.89034995499679326 ) ) ;
#5434 = ORIENTED_EDGE ( 'NONE', *, *, #1838, .T. ) ;
#5435 = EDGE_CURVE ( 'NONE', #3808, #1996, #1981, .T. ) ;
#5436 = CARTESIAN_POINT ( 'NONE',  ( 39.14687990597570888, 5.000000000000000000, -102.4468644065697021 ) ) ;
#5437 = CARTESIAN_POINT ( 'NONE',  ( -52.21999999999999176, 0.000000000000000000, -13.69999999999999929 ) ) ;
#5438 = EDGE_CURVE ( 'NONE', #1864, #4800, #6708, .T. ) ;
#5439 = ORIENTED_EDGE ( 'NONE', *, *, #5516, .F. ) ;
#5440 = DIRECTION ( 'NONE',  ( -0.000000000000000000, -1.000000000000000000, -0.000000000000000000 ) ) ;
#5441 =( NAMED_UNIT ( * ) SI_UNIT ( $, .STERADIAN. ) SOLID_ANGLE_UNIT ( ) );
#5442 = ORIENTED_EDGE ( 'NONE', *, *, #5909, .F. ) ;
#5443 = DIRECTION ( 'NONE',  ( 0.000000000000000000, 0.000000000000000000, 1.000000000000000000 ) ) ;
#5444 = CONICAL_SURFACE ( 'NONE', #2403, 1.750000000000001554, 0.7853981633974419507 ) ;
#5445 = CARTESIAN_POINT ( 'NONE',  ( 47.79714078179277692, 0.5000000000000004441, -125.8756256879251794 ) ) ;
#5446 = CARTESIAN_POINT ( 'NONE',  ( 39.56668648912854280, 0.5000000000000091038, -77.49523297530159027 ) ) ;
#5447 = ORIENTED_EDGE ( 'NONE', *, *, #1839, .F. ) ;
#5448 = VERTEX_POINT ( 'NONE', #5189 ) ;
#5449 = DIRECTION ( 'NONE',  ( 0.4427499264756080688, -0.7071067811865429098, 0.5513370136367140573 ) ) ;
#5450 = EDGE_CURVE ( 'NONE', #2688, #329, #3449, .T. ) ;
#5451 = EDGE_CURVE ( 'NONE', #4979, #3189, #2433, .T. ) ;
#5452 = CONICAL_SURFACE ( 'NONE', #6481, 5.500000000000011546, 0.7853981633974613796 ) ;
#5453 = AXIS2_PLACEMENT_3D ( 'NONE', #3750, #2623, #5930 ) ;
#5454 = LINE ( 'NONE', #601, #3679 ) ;
#5455 = CARTESIAN_POINT ( 'NONE',  ( -43.14224645948157644, 5.000000000000000000, -127.7009910891845692 ) ) ;
#5456 = EDGE_LOOP ( 'NONE', ( #4402, #121, #3942, #6504 ) ) ;
#5457 = PLANE ( 'NONE',  #3514 ) ;
#5458 = ORIENTED_EDGE ( 'NONE', *, *, #2821, .T. ) ;
#5459 = EDGE_CURVE ( 'NONE', #614, #6921, #202, .T. ) ;
#5460 = VECTOR ( 'NONE', #5718, 1000.000000000000114 ) ;
#5461 = DIRECTION ( 'NONE',  ( -0.000000000000000000, -1.000000000000000000, -0.000000000000000000 ) ) ;
#5462 = DIRECTION ( 'NONE',  ( -0.7797082821233130012, 0.000000000000000000, 0.6261429507614951762 ) ) ;
#5463 = DIRECTION ( 'NONE',  ( 0.3650730802518769025, 0.000000000000000000, 0.9309788644622425391 ) ) ;
#5464 = EDGE_LOOP ( 'NONE', ( #5187, #1473, #648, #1049 ) ) ;
#5465 = EDGE_CURVE ( 'NONE', #6897, #1014, #4577, .T. ) ;
#5466 = DIRECTION ( 'NONE',  ( -0.000000000000000000, 1.000000000000000000, -0.000000000000000000 ) ) ;
#5467 = ORIENTED_EDGE ( 'NONE', *, *, #2294, .T. ) ;
#5468 = FACE_BOUND ( 'NONE', #1926, .T. ) ;
#5469 = ORIENTED_EDGE ( 'NONE', *, *, #4075, .F. ) ;
#5470 = VECTOR ( 'NONE', #5280, 999.9999999999998863 ) ;
#5471 = VECTOR ( 'NONE', #6305, 1000.000000000000000 ) ;
#5472 = CIRCLE ( 'NONE', #1751, 1.750000000000001554 ) ;
#5473 = AXIS2_PLACEMENT_3D ( 'NONE', #6226, #1366, #3518 ) ;
#5474 = DIRECTION ( 'NONE',  ( 0.9060092164371783552, 0.000000000000000000, -0.4232579588512069835 ) ) ;
#5475 = DIRECTION ( 'NONE',  ( 0.000000000000000000, 0.000000000000000000, 1.000000000000000000 ) ) ;
#5476 = VERTEX_POINT ( 'NONE', #5620 ) ;
#5477 = DIRECTION ( 'NONE',  ( 0.000000000000000000, 0.000000000000000000, 1.000000000000000000 ) ) ;
#5478 = ADVANCED_FACE ( 'NONE', ( #798 ), #1803, .T. ) ;
#5479 = ORIENTED_EDGE ( 'NONE', *, *, #74, .T. ) ;
#5480 = FACE_OUTER_BOUND ( 'NONE', #2118, .T. ) ;
#5481 = CIRCLE ( 'NONE', #6951, 5.500000000000005329 ) ;
#5482 = AXIS2_PLACEMENT_3D ( 'NONE', #1942, #6827, #6335 ) ;
#5483 = AXIS2_PLACEMENT_3D ( 'NONE', #1698, #6012, #625 ) ;
#5484 = VECTOR ( 'NONE', #3149, 1000.000000000000000 ) ;
#5485 = PLANE ( 'NONE',  #5942 ) ;
#5486 = ADVANCED_FACE ( 'NONE', ( #2390 ), #6281, .T. ) ;
#5487 = DIRECTION ( 'NONE',  ( 0.000000000000000000, 0.000000000000000000, 1.000000000000000000 ) ) ;
#5488 = EDGE_LOOP ( 'NONE', ( #3168, #2982, #1667, #4044 ) ) ;
#5489 = EDGE_CURVE ( 'NONE', #2570, #2741, #174, .T. ) ;
#5490 = ORIENTED_EDGE ( 'NONE', *, *, #2178, .F. ) ;
#5491 = AXIS2_PLACEMENT_3D ( 'NONE', #653, #5428, #6073 ) ;
#5492 = CYLINDRICAL_SURFACE ( 'NONE', #3788, 4.999999999999997335 ) ;
#5493 = AXIS2_PLACEMENT_3D ( 'NONE', #2059, #3084, #6278 ) ;
#5494 = LINE ( 'NONE', #642, #5501 ) ;
#5495 = CARTESIAN_POINT ( 'NONE',  ( -37.79747233864500089, 4.500000000000000000, -18.48284677995476599 ) ) ;
#5496 = VECTOR ( 'NONE', #5891, 1000.000000000000000 ) ;
#5497 = ORIENTED_EDGE ( 'NONE', *, *, #1413, .F. ) ;
#5498 = CARTESIAN_POINT ( 'NONE',  ( 20.85965004500319608, 3.449999999999969535, -54.39034995499687852 ) ) ;
#5499 = ORIENTED_EDGE ( 'NONE', *, *, #5863, .F. ) ;
#5500 = CIRCLE ( 'NONE', #6719, 4.999999999999997335 ) ;
#5501 = VECTOR ( 'NONE', #2167, 1000.000000000000000 ) ;
#5502 = ADVANCED_FACE ( 'NONE', ( #2922 ), #1540, .T. ) ;
#5503 = VECTOR ( 'NONE', #2832, 1000.000000000000000 ) ;
#5504 = CARTESIAN_POINT ( 'NONE',  ( 20.85965004500319608, 0.000000000000000000, -50.39034995499687142 ) ) ;
#5505 = CARTESIAN_POINT ( 'NONE',  ( -40.93341837856454646, 5.000000000000000000, -136.0047826897300922 ) ) ;
#5506 = CARTESIAN_POINT ( 'NONE',  ( -15.19575614287105303, 10.00000000000000000, -134.2029171787668815 ) ) ;
#5507 = ORIENTED_EDGE ( 'NONE', *, *, #6854, .F. ) ;
#5508 = DIRECTION ( 'NONE',  ( 0.000000000000000000, 0.000000000000000000, 1.000000000000000000 ) ) ;
#5509 = AXIS2_PLACEMENT_3D ( 'NONE', #2614, #3638, #1915 ) ;
#5510 = EDGE_CURVE ( 'NONE', #4762, #1121, #6846, .T. ) ;
#5511 = EDGE_LOOP ( 'NONE', ( #3451, #6362, #4746, #3973 ) ) ;
#5512 = LINE ( 'NONE', #2214, #2700 ) ;
#5513 = VERTEX_POINT ( 'NONE', #6785 ) ;
#5514 = STYLED_ITEM ( 'NONE', ( #1575 ), #1685 ) ;
#5515 = AXIS2_PLACEMENT_3D ( 'NONE', #4635, #5776, #1989 ) ;
#5516 = EDGE_CURVE ( 'NONE', #5274, #2318, #4048, .T. ) ;
#5517 = ADVANCED_FACE ( 'NONE', ( #728 ), #3024, .F. ) ;
#5518 = DIRECTION ( 'NONE',  ( 0.6583014682026080422, 0.7071067811865425767, -0.2581456506747646373 ) ) ;
#5519 = CYLINDRICAL_SURFACE ( 'NONE', #2859, 21.49999999999999289 ) ;
#5520 = CONICAL_SURFACE ( 'NONE', #6087, 10.49999999999995381, 0.7853981633974431720 ) ;
#5521 = VECTOR ( 'NONE', #1416, 1000.000000000000000 ) ;
#5522 = AXIS2_PLACEMENT_3D ( 'NONE', #3946, #3413, #6117 ) ;
#5523 = ORIENTED_EDGE ( 'NONE', *, *, #2582, .F. ) ;
#5524 = LINE ( 'NONE', #6047, #2491 ) ;
#5525 = ORIENTED_EDGE ( 'NONE', *, *, #4860, .F. ) ;
#5526 = CARTESIAN_POINT ( 'NONE',  ( -3.575000000000000622, 2.500000000000000444, -129.2500000000000000 ) ) ;
#5527 = FACE_OUTER_BOUND ( 'NONE', #4305, .T. ) ;
#5528 = LINE ( 'NONE', #2826, #2080 ) ;
#5529 = DIRECTION ( 'NONE',  ( 0.9013783694726588136, 0.000000000000000000, -0.4330323718231822716 ) ) ;
#5530 = ORIENTED_EDGE ( 'NONE', *, *, #3283, .T. ) ;
#5531 = CIRCLE ( 'NONE', #6656, 0.5000000000000004441 ) ;
#5532 = EDGE_LOOP ( 'NONE', ( #6312, #6753, #6013, #5065 ) ) ;
#5533 = CONICAL_SURFACE ( 'NONE', #7001, 10.49999999999995381, 0.7853981633974447263 ) ;
#5534 = DIRECTION ( 'NONE',  ( 0.6583014682026057107, 0.7071067811865416886, -0.2581456506747731305 ) ) ;
#5535 = CARTESIAN_POINT ( 'NONE',  ( 20.85965004500319608, 0.000000000000000000, -54.89034995499687852 ) ) ;
#5536 = EDGE_CURVE ( 'NONE', #283, #3327, #4078, .T. ) ;
#5537 = CARTESIAN_POINT ( 'NONE',  ( 0.000000000000000000, 4.500000000000000000, -73.50000000000000000 ) ) ;
#5538 = EDGE_LOOP ( 'NONE', ( #6954, #2955, #6520, #28 ) ) ;
#5539 = DIRECTION ( 'NONE',  ( 0.000000000000000000, 0.000000000000000000, 1.000000000000000000 ) ) ;
#5540 = ORIENTED_EDGE ( 'NONE', *, *, #5114, .F. ) ;
#5541 = DIRECTION ( 'NONE',  ( 0.000000000000000000, 0.000000000000000000, 1.000000000000000000 ) ) ;
#5542 = DIRECTION ( 'NONE',  ( -0.000000000000000000, -1.000000000000000000, -0.000000000000000000 ) ) ;
#5543 = LINE ( 'NONE', #2251, #2645 ) ;
#5544 = ORIENTED_EDGE ( 'NONE', *, *, #3933, .T. ) ;
#5545 = CARTESIAN_POINT ( 'NONE',  ( -50.10710092385639314, 5.000000000000000000, -105.7441059250384399 ) ) ;
#5546 = ORIENTED_EDGE ( 'NONE', *, *, #3825, .T. ) ;
#5547 = LINE ( 'NONE', #5081, #471 ) ;
#5548 = VERTEX_POINT ( 'NONE', #6253 ) ;
#5549 = DIRECTION ( 'NONE',  ( -0.6406452607602517446, 0.7071067811865338060, -0.2992885728948709856 ) ) ;
#5550 = PLANE ( 'NONE',  #3866 ) ;
#5551 = ORIENTED_EDGE ( 'NONE', *, *, #2757, .F. ) ;
#5552 = DIRECTION ( 'NONE',  ( 0.000000000000000000, 0.000000000000000000, 1.000000000000000000 ) ) ;
#5553 = EDGE_CURVE ( 'NONE', #5210, #2049, #339, .T. ) ;
#5554 = ORIENTED_EDGE ( 'NONE', *, *, #139, .T. ) ;
#5555 = LINE ( 'NONE', #835, #890 ) ;
#5556 = DIRECTION ( 'NONE',  ( 0.000000000000000000, 1.000000000000000000, 0.000000000000000000 ) ) ;
#5557 = ADVANCED_FACE ( 'NONE', ( #4648 ), #3945, .F. ) ;
#5558 = LINE ( 'NONE', #703, #6502 ) ;
#5559 = DIRECTION ( 'NONE',  ( 0.000000000000000000, 0.000000000000000000, 1.000000000000000000 ) ) ;
#5560 = ORIENTED_EDGE ( 'NONE', *, *, #2606, .F. ) ;
#5561 = EDGE_CURVE ( 'NONE', #788, #5995, #1503, .T. ) ;
#5562 = VERTEX_POINT ( 'NONE', #5300 ) ;
#5563 = AXIS2_PLACEMENT_3D ( 'NONE', #691, #198, #2846 ) ;
#5564 = CARTESIAN_POINT ( 'NONE',  ( 52.21999999999999176, 0.000000000000000000, -13.69999999999999929 ) ) ;
#5565 = CARTESIAN_POINT ( 'NONE',  ( 50.99999999999999289, 4.500000000000038192, -158.9999999999999716 ) ) ;
#5566 = DIRECTION ( 'NONE',  ( 0.000000000000000000, 0.000000000000000000, 1.000000000000000000 ) ) ;
#5567 = ORIENTED_EDGE ( 'NONE', *, *, #1381, .F. ) ;
#5568 = CARTESIAN_POINT ( 'NONE',  ( -20.85965004500318898, 0.000000000000000000, -92.10965004500307884 ) ) ;
#5569 = VERTEX_POINT ( 'NONE', #6324 ) ;
#5570 = LINE ( 'NONE', #2313, #2516 ) ;
#5571 = DIRECTION ( 'NONE',  ( 0.000000000000000000, 0.000000000000000000, 1.000000000000000000 ) ) ;
#5572 = DIRECTION ( 'NONE',  ( 0.9013783694726589246, 0.000000000000000000, -0.4330323718231822716 ) ) ;
#5573 = DIRECTION ( 'NONE',  ( -0.3062001265894662705, 0.7071067811865474617, -0.6373707574689905231 ) ) ;
#5574 = DIRECTION ( 'NONE',  ( 0.000000000000000000, 0.000000000000000000, 1.000000000000000000 ) ) ;
#5575 = EDGE_CURVE ( 'NONE', #1805, #5688, #4810, .T. ) ;
#5576 = ORIENTED_EDGE ( 'NONE', *, *, #1849, .T. ) ;
#5577 = CARTESIAN_POINT ( 'NONE',  ( -37.79747233864500089, 0.000000000000000000, -23.48284677995476599 ) ) ;
#5578 = ORIENTED_EDGE ( 'NONE', *, *, #363, .T. ) ;
#5579 = CIRCLE ( 'NONE', #3426, 5.000000000000000888 ) ;
#5580 = DIRECTION ( 'NONE',  ( 0.000000000000000000, -1.000000000000000000, 0.000000000000000000 ) ) ;
#5581 = LINE ( 'NONE', #5051, #5686 ) ;
#5582 = VERTEX_POINT ( 'NONE', #2598 ) ;
#5583 = DIRECTION ( 'NONE',  ( 0.000000000000000000, 0.000000000000000000, -1.000000000000000000 ) ) ;
#5584 = ORIENTED_EDGE ( 'NONE', *, *, #480, .T. ) ;
#5585 = CARTESIAN_POINT ( 'NONE',  ( -50.99999999999999289, 5.000000000000000000, -145.0000000000000284 ) ) ;
#5586 = CARTESIAN_POINT ( 'NONE',  ( -50.99999999999999289, 0.000000000000000000, -145.0000000000000284 ) ) ;
#5587 = AXIS2_PLACEMENT_3D ( 'NONE', #6442, #2154, #1561 ) ;
#5588 = AXIS2_PLACEMENT_3D ( 'NONE', #2495, #5790, #342 ) ;
#5589 = CARTESIAN_POINT ( 'NONE',  ( -36.83221845872049727, 10.00000000000000000, -132.3400645262867954 ) ) ;
#5590 = VECTOR ( 'NONE', #5670, 1000.000000000000000 ) ;
#5591 = LINE ( 'NONE', #3878, #2979 ) ;
#5592 = VERTEX_POINT ( 'NONE', #1467 ) ;
#5593 = ORIENTED_EDGE ( 'NONE', *, *, #6747, .F. ) ;
#5594 = CONICAL_SURFACE ( 'NONE', #3998, 3.300000000000026912, 0.7853981633974596033 ) ;
#5595 = AXIS2_PLACEMENT_3D ( 'NONE', #6034, #3857, #3569 ) ;
#5596 = EDGE_CURVE ( 'NONE', #329, #6240, #6058, .T. ) ;
#5597 = EDGE_CURVE ( 'NONE', #3278, #1153, #738, .T. ) ;
#5598 = CARTESIAN_POINT ( 'NONE',  ( -48.26263021402393605, 0.000000000000000000, -125.6930891477992276 ) ) ;
#5599 = CARTESIAN_POINT ( 'NONE',  ( 36.83221845872051148, 0.5000000000000004441, -132.3400645262867670 ) ) ;
#5600 = CARTESIAN_POINT ( 'NONE',  ( -47.79714078179279824, 10.00000000000000000, -125.8756256879251794 ) ) ;
#5601 = ORIENTED_EDGE ( 'NONE', *, *, #6427, .F. ) ;
#5602 = CARTESIAN_POINT ( 'NONE',  ( 17.78681119122746423, 10.00000000000000000, -36.55911008587332134 ) ) ;
#5603 = AXIS2_PLACEMENT_3D ( 'NONE', #2527, #3091, #5899 ) ;
#5604 = ORIENTED_EDGE ( 'NONE', *, *, #1701, .T. ) ;
#5605 = AXIS2_PLACEMENT_3D ( 'NONE', #2279, #4427, #1118 ) ;
#5606 = CIRCLE ( 'NONE', #409, 5.499999999999976907 ) ;
#5607 = DIRECTION ( 'NONE',  ( -0.000000000000000000, -1.000000000000000000, -0.000000000000000000 ) ) ;
#5608 = AXIS2_PLACEMENT_3D ( 'NONE', #6022, #2131, #6452 ) ;
#5609 = DIRECTION ( 'NONE',  ( 0.000000000000000000, 0.000000000000000000, 1.000000000000000000 ) ) ;
#5610 = DIRECTION ( 'NONE',  ( 0.9060092164371783552, 0.000000000000000000, -0.4232579588512071500 ) ) ;
#5611 = CARTESIAN_POINT ( 'NONE',  ( -9.758150331071458794, 4.499999999999959144, -20.31207412382973487 ) ) ;
#5612 = CARTESIAN_POINT ( 'NONE',  ( 52.21999999999999176, 0.000000000000000000, -13.69999999999999929 ) ) ;
#5613 = ORIENTED_EDGE ( 'NONE', *, *, #5624, .T. ) ;
#5614 = DIRECTION ( 'NONE',  ( 0.000000000000000000, 0.000000000000000000, 1.000000000000000000 ) ) ;
#5615 = AXIS2_PLACEMENT_3D ( 'NONE', #5599, #1784, #749 ) ;
#5616 = VERTEX_POINT ( 'NONE', #4153 ) ;
#5617 = EDGE_CURVE ( 'NONE', #5228, #4395, #5834, .T. ) ;
#5618 = EDGE_CURVE ( 'NONE', #2145, #3207, #4694, .T. ) ;
#5619 = AXIS2_PLACEMENT_3D ( 'NONE', #1487, #6906, #2023 ) ;
#5620 = CARTESIAN_POINT ( 'NONE',  ( -63.47931617881824451, 0.5000000000000004441, -18.95998532625017674 ) ) ;
#5621 = CARTESIAN_POINT ( 'NONE',  ( -1.387778780781445676E-14, 10.00000000000000000, -73.50000000000001421 ) ) ;
#5622 = VERTEX_POINT ( 'NONE', #5259 ) ;
#5623 = DIRECTION ( 'NONE',  ( 0.000000000000000000, 0.000000000000000000, -1.000000000000000000 ) ) ;
#5624 = EDGE_CURVE ( 'NONE', #6056, #1181, #1649, .T. ) ;
#5625 = ORIENTED_EDGE ( 'NONE', *, *, #6230, .F. ) ;
#5626 = LINE ( 'NONE', #6158, #6552 ) ;
#5627 = AXIS2_PLACEMENT_3D ( 'NONE', #3683, #1013, #6385 ) ;
#5628 = AXIS2_PLACEMENT_3D ( 'NONE', #3065, #6824, #5157 ) ;
#5629 = VECTOR ( 'NONE', #3075, 1000.000000000000114 ) ;
#5630 = CIRCLE ( 'NONE', #2573, 13.50000000000012257 ) ;
#5631 = EDGE_LOOP ( 'NONE', ( #1511, #5458, #2512, #5271 ) ) ;
#5632 = DIRECTION ( 'NONE',  ( -0.000000000000000000, -0.7071067811865475727, -0.7071067811865475727 ) ) ;
#5633 = CARTESIAN_POINT ( 'NONE',  ( 52.21999999999999176, 4.499999999999975131, -13.69999999999999929 ) ) ;
#5634 = VERTEX_POINT ( 'NONE', #6855 ) ;
#5635 = DIRECTION ( 'NONE',  ( -0.000000000000000000, -1.000000000000000000, -0.000000000000000000 ) ) ;
#5636 = CARTESIAN_POINT ( 'NONE',  ( 87.24675365089082391, 0.000000000000000000, -67.46903405249653929 ) ) ;
#5637 = CARTESIAN_POINT ( 'NONE',  ( 17.57425646220330862, 5.000000000000000000, -27.09654247888019540 ) ) ;
#5638 = EDGE_CURVE ( 'NONE', #176, #6981, #3448, .T. ) ;
#5639 = ORIENTED_EDGE ( 'NONE', *, *, #2647, .T. ) ;
#5640 = CARTESIAN_POINT ( 'NONE',  ( 50.99999999999999289, 5.000000000000000000, -145.0000000000000284 ) ) ;
#5641 = ORIENTED_EDGE ( 'NONE', *, *, #2294, .F. ) ;
#5642 = EDGE_CURVE ( 'NONE', #4535, #6304, #2770, .T. ) ;
#5643 = DIRECTION ( 'NONE',  ( -0.000000000000000000, -1.000000000000000000, -0.000000000000000000 ) ) ;
#5644 = DIRECTION ( 'NONE',  ( 0.000000000000000000, 0.000000000000000000, 1.000000000000000000 ) ) ;
#5645 = FACE_OUTER_BOUND ( 'NONE', #3575, .T. ) ;
#5646 = CARTESIAN_POINT ( 'NONE',  ( 50.99999999999999289, 5.000000000000000000, -143.2500000000000284 ) ) ;
#5647 = VERTEX_POINT ( 'NONE', #2666 ) ;
#5648 = DIRECTION ( 'NONE',  ( -1.223832965270683388E-16, 0.1564344650402327286, 0.9876883405951374373 ) ) ;
#5649 = ORIENTED_EDGE ( 'NONE', *, *, #3846, .F. ) ;
#5650 = DIRECTION ( 'NONE',  ( -0.5067318539714027459, 0.5067318539714003034, -0.6974565623330333253 ) ) ;
#5651 = DIRECTION ( 'NONE',  ( 1.000000000000000000, -0.000000000000000000, 1.239088197126289831E-16 ) ) ;
#5652 = EDGE_LOOP ( 'NONE', ( #6529, #4431, #6314, #522 ) ) ;
#5653 = CARTESIAN_POINT ( 'NONE',  ( 0.000000000000000000, 5.000000000000000000, -73.50000000000000000 ) ) ;
#5654 = ORIENTED_EDGE ( 'NONE', *, *, #967, .T. ) ;
#5655 = DIRECTION ( 'NONE',  ( -0.4232579588512070390, 0.000000000000000000, 0.9060092164371783552 ) ) ;
#5656 = EDGE_CURVE ( 'NONE', #1684, #3026, #5267, .T. ) ;
#5657 = VERTEX_POINT ( 'NONE', #4184 ) ;
#5658 = DIRECTION ( 'NONE',  ( 0.5418642406745310947, 0.7071067811865606734, 0.4542941169310859006 ) ) ;
#5659 = CARTESIAN_POINT ( 'NONE',  ( 35.63231047952910302, 4.500000000000000000, -18.97595493259146693 ) ) ;
#5660 = ORIENTED_EDGE ( 'NONE', *, *, #4811, .T. ) ;
#5661 = DIRECTION ( 'NONE',  ( 0.000000000000000000, 0.000000000000000000, 1.000000000000000000 ) ) ;
#5662 = CARTESIAN_POINT ( 'NONE',  ( 52.21999999999999176, 0.000000000000000000, -17.00000000000002487 ) ) ;
#5663 = DIRECTION ( 'NONE',  ( 0.000000000000000000, 0.000000000000000000, -1.000000000000000000 ) ) ;
#5664 = ORIENTED_EDGE ( 'NONE', *, *, #1617, .F. ) ;
#5665 = PLANE ( 'NONE',  #5857 ) ;
#5666 = ORIENTED_EDGE ( 'NONE', *, *, #1146, .T. ) ;
#5667 = EDGE_CURVE ( 'NONE', #306, #3251, #4008, .T. ) ;
#5668 = LINE ( 'NONE', #4751, #6064 ) ;
#5669 = CARTESIAN_POINT ( 'NONE',  ( -20.85965004500310727, 3.449999999999969535, -52.64034995499679326 ) ) ;
#5670 = DIRECTION ( 'NONE',  ( 0.000000000000000000, 1.000000000000000000, 0.000000000000000000 ) ) ;
#5671 = LINE ( 'NONE', #5250, #2009 ) ;
#5672 = EDGE_CURVE ( 'NONE', #5657, #6174, #3654, .T. ) ;
#5673 = ORIENTED_EDGE ( 'NONE', *, *, #5373, .F. ) ;
#5674 = CARTESIAN_POINT ( 'NONE',  ( -42.23399868933902468, 10.00000000000000000, -155.9159159497264113 ) ) ;
#5675 = VERTEX_POINT ( 'NONE', #6919 ) ;
#5676 = ADVANCED_FACE ( 'NONE', ( #2067 ), #6957, .T. ) ;
#5677 = EDGE_CURVE ( 'NONE', #2045, #5548, #4926, .T. ) ;
#5678 = DIRECTION ( 'NONE',  ( 0.000000000000000000, -1.000000000000000000, 0.000000000000000000 ) ) ;
#5679 = CARTESIAN_POINT ( 'NONE',  ( -35.25034087383883730, 10.00000000000000000, -43.94643053236772801 ) ) ;
#5680 = EDGE_LOOP ( 'NONE', ( #4711, #6573, #1518, #4901 ) ) ;
#5681 = CARTESIAN_POINT ( 'NONE',  ( -35.25034087383883730, 5.000000000000000000, -43.94643053236772801 ) ) ;
#5682 = AXIS2_PLACEMENT_3D ( 'NONE', #1771, #668, #3350 ) ;
#5683 = AXIS2_PLACEMENT_3D ( 'NONE', #5640, #3396, #787 ) ;
#5684 = ORIENTED_EDGE ( 'NONE', *, *, #4068, .T. ) ;
#5685 = DIRECTION ( 'NONE',  ( 0.000000000000000000, 0.000000000000000000, -1.000000000000000000 ) ) ;
#5686 = VECTOR ( 'NONE', #5016, 1000.000000000000000 ) ;
#5687 = LINE ( 'NONE', #841, #313 ) ;
#5688 = VERTEX_POINT ( 'NONE', #5870 ) ;
#5689 = CARTESIAN_POINT ( 'NONE',  ( 20.85965004500319608, 0.5000000000000073275, -50.89034995499687142 ) ) ;
#5690 = DIRECTION ( 'NONE',  ( 0.000000000000000000, 0.000000000000000000, 1.000000000000000000 ) ) ;
#5691 = ORIENTED_EDGE ( 'NONE', *, *, #2246, .F. ) ;
#5692 = DIRECTION ( 'NONE',  ( 0.4427499264756261099, 0.7071067811865180408, 0.5513370136367314878 ) ) ;
#5693 = CIRCLE ( 'NONE', #3090, 14.00000000000006750 ) ;
#5694 = EDGE_CURVE ( 'NONE', #6664, #6240, #3161, .T. ) ;
#5695 = VECTOR ( 'NONE', #739, 1000.000000000000114 ) ;
#5696 = CARTESIAN_POINT ( 'NONE',  ( 14.84222989735696352, 5.000000000000000000, -111.1823328852395036 ) ) ;
#5697 = LINE ( 'NONE', #3150, #4474 ) ;
#5698 = AXIS2_PLACEMENT_3D ( 'NONE', #242, #1308, #3459 ) ;
#5699 = PLANE ( 'NONE',  #4269 ) ;
#5700 = VERTEX_POINT ( 'NONE', #5755 ) ;
#5701 = CARTESIAN_POINT ( 'NONE',  ( -36.83221845872049727, 0.5000000000000213163, -132.3400645262867954 ) ) ;
#5702 = CIRCLE ( 'NONE', #1644, 5.000000000000000888 ) ;
#5703 = ORIENTED_EDGE ( 'NONE', *, *, #5575, .F. ) ;
#5704 = CIRCLE ( 'NONE', #4803, 14.00000000000006750 ) ;
#5705 = CARTESIAN_POINT ( 'NONE',  ( -52.21999999999999176, 4.499999999999995559, -11.94999999999999574 ) ) ;
#5706 = CARTESIAN_POINT ( 'NONE',  ( -3.575000000000001066, -20.09429887916199675, -126.8704099846405313 ) ) ;
#5707 = DIRECTION ( 'NONE',  ( -0.000000000000000000, -1.000000000000000000, -0.000000000000000000 ) ) ;
#5708 = DIRECTION ( 'NONE',  ( -0.7797082821233123351, 0.000000000000000000, -0.6261429507614958423 ) ) ;
#5709 = AXIS2_PLACEMENT_3D ( 'NONE', #411, #3194, #5359 ) ;
#5710 = ORIENTED_EDGE ( 'NONE', *, *, #4333, .F. ) ;
#5711 = DIRECTION ( 'NONE',  ( 0.000000000000000000, 0.000000000000000000, -1.000000000000000000 ) ) ;
#5712 = ORIENTED_EDGE ( 'NONE', *, *, #5510, .T. ) ;
#5713 = EDGE_CURVE ( 'NONE', #3437, #2418, #6815, .T. ) ;
#5714 = AXIS2_PLACEMENT_3D ( 'NONE', #792, #5075, #193 ) ;
#5715 = AXIS2_PLACEMENT_3D ( 'NONE', #2166, #5925, #4253 ) ;
#5716 = CIRCLE ( 'NONE', #1523, 4.999999999999997335 ) ;
#5717 = CARTESIAN_POINT ( 'NONE',  ( 15.86749161626037363, -11.79249161626031039, -109.3225703191115343 ) ) ;
#5718 = DIRECTION ( 'NONE',  ( 0.6406452607602430849, -0.7071067811865456854, 0.2992885728948613266 ) ) ;
#5719 = ORIENTED_EDGE ( 'NONE', *, *, #5667, .T. ) ;
#5720 = CARTESIAN_POINT ( 'NONE',  ( 4.574999999999995737, 5.000000000000000000, -131.4464574229608047 ) ) ;
#5721 = VECTOR ( 'NONE', #6626, 1000.000000000000000 ) ;
#5722 = ORIENTED_EDGE ( 'NONE', *, *, #6635, .F. ) ;
#5723 = CARTESIAN_POINT ( 'NONE',  ( -8.673617379884035472E-16, 10.00000000000000000, -23.90587977405050779 ) ) ;
#5724 = AXIS2_PLACEMENT_3D ( 'NONE', #3783, #2723, #2200 ) ;
#5725 = EDGE_CURVE ( 'NONE', #407, #1387, #3669, .T. ) ;
#5726 = VERTEX_POINT ( 'NONE', #1186 ) ;
#5727 = AXIS2_PLACEMENT_3D ( 'NONE', #4988, #1834, #204 ) ;
#5728 = ADVANCED_FACE ( 'NONE', ( #2209 ), #4813, .F. ) ;
#5729 = CIRCLE ( 'NONE', #2449, 1.750000000000001554 ) ;
#5730 = VECTOR ( 'NONE', #2710, 1000.000000000000000 ) ;
#5731 = CARTESIAN_POINT ( 'NONE',  ( -20.85965004500318898, 5.000000000000000000, -97.65965004500314706 ) ) ;
#5732 = VERTEX_POINT ( 'NONE', #5505 ) ;
#5733 = DIRECTION ( 'NONE',  ( 0.000000000000000000, 0.000000000000000000, 1.000000000000000000 ) ) ;
#5734 = CARTESIAN_POINT ( 'NONE',  ( 0.000000000000000000, 0.000000000000000000, -73.50000000000000000 ) ) ;
#5735 = ORIENTED_EDGE ( 'NONE', *, *, #2220, .F. ) ;
#5736 = CARTESIAN_POINT ( 'NONE',  ( -1.387778780781445676E-14, 5.000000000000000000, -51.49999999999999289 ) ) ;
#5737 = VECTOR ( 'NONE', #536, 1000.000000000000114 ) ;
#5738 = DIRECTION ( 'NONE',  ( -0.3650730802518767915, 0.000000000000000000, 0.9309788644622426501 ) ) ;
#5739 = LINE ( 'NONE', #5235, #3888 ) ;
#5740 = CARTESIAN_POINT ( 'NONE',  ( -8.934326635256088167, 0.5000000000000281997, -132.0000000000000000 ) ) ;
#5741 = CARTESIAN_POINT ( 'NONE',  ( -12.45256025281540779, -26.83775376964305437, -132.0000000000000000 ) ) ;
#5742 = ORIENTED_EDGE ( 'NONE', *, *, #6632, .F. ) ;
#5743 = PLANE ( 'NONE',  #2612 ) ;
#5744 = ORIENTED_EDGE ( 'NONE', *, *, #5642, .T. ) ;
#5745 = EDGE_CURVE ( 'NONE', #5675, #6326, #2809, .T. ) ;
#5746 = DIRECTION ( 'NONE',  ( 1.000000000000000000, 3.793822962067481359E-35, 1.239088197126287612E-16 ) ) ;
#5747 = CARTESIAN_POINT ( 'NONE',  ( -8.934326635256088167, -26.83775376964305437, -132.0000000000000000 ) ) ;
#5748 = ORIENTED_EDGE ( 'NONE', *, *, #5164, .T. ) ;
#5749 = DIRECTION ( 'NONE',  ( -0.3067603611951648102, 0.7071067811865436870, 0.6371013112523136179 ) ) ;
#5750 = ORIENTED_EDGE ( 'NONE', *, *, #2606, .T. ) ;
#5751 = DIRECTION ( 'NONE',  ( -0.000000000000000000, -1.000000000000000000, -0.000000000000000000 ) ) ;
#5752 = CIRCLE ( 'NONE', #6888, 2.250000000000001776 ) ;
#5753 = ORIENTED_EDGE ( 'NONE', *, *, #5725, .T. ) ;
#5754 = VECTOR ( 'NONE', #2256, 1000.000000000000000 ) ;
#5755 = CARTESIAN_POINT ( 'NONE',  ( 17.79077264811490977, 0.5000000000000004441, -27.54723166361653952 ) ) ;
#5756 = DIRECTION ( 'NONE',  ( 0.000000000000000000, 0.000000000000000000, -1.000000000000000000 ) ) ;
#5757 = ORIENTED_EDGE ( 'NONE', *, *, #6615, .F. ) ;
#5758 = CARTESIAN_POINT ( 'NONE',  ( -5.409141019672277118, -1.334141019672263395, -131.8871752860028437 ) ) ;
#5759 = ORIENTED_EDGE ( 'NONE', *, *, #4816, .T. ) ;
#5760 = CARTESIAN_POINT ( 'NONE',  ( 47.12376198899117696, 10.00000000000000000, -30.34378268944368173 ) ) ;
#5761 = ORIENTED_EDGE ( 'NONE', *, *, #4381, .T. ) ;
#5762 = ADVANCED_FACE ( 'NONE', ( #3264 ), #1688, .T. ) ;
#5763 = FACE_OUTER_BOUND ( 'NONE', #1061, .T. ) ;
#5764 = EDGE_LOOP ( 'NONE', ( #278, #5858, #4702, #5331 ) ) ;
#5765 = DIRECTION ( 'NONE',  ( 0.000000000000000000, 0.000000000000000000, -1.000000000000000000 ) ) ;
#5766 = LINE ( 'NONE', #4879, #4221 ) ;
#5767 = ORIENTED_EDGE ( 'NONE', *, *, #5186, .F. ) ;
#5768 = LINE ( 'NONE', #921, #3314 ) ;
#5769 = EDGE_CURVE ( 'NONE', #5700, #3582, #5372, .T. ) ;
#5770 = FACE_OUTER_BOUND ( 'NONE', #5193, .T. ) ;
#5771 = EDGE_CURVE ( 'NONE', #2261, #451, #5374, .T. ) ;
#5772 = FACE_OUTER_BOUND ( 'NONE', #3268, .T. ) ;
#5773 = DIRECTION ( 'NONE',  ( -0.000000000000000000, -1.000000000000000000, -0.000000000000000000 ) ) ;
#5774 = DIRECTION ( 'NONE',  ( -0.000000000000000000, -1.000000000000000000, -0.000000000000000000 ) ) ;
#5775 = VERTEX_POINT ( 'NONE', #2703 ) ;
#5776 = DIRECTION ( 'NONE',  ( -0.000000000000000000, -1.000000000000000000, -0.000000000000000000 ) ) ;
#5777 = ORIENTED_EDGE ( 'NONE', *, *, #3708, .T. ) ;
#5778 = DIRECTION ( 'NONE',  ( 0.9013783694726588136, 0.000000000000000000, 0.4330323718231822716 ) ) ;
#5779 = DIRECTION ( 'NONE',  ( -0.000000000000000000, -1.000000000000000000, -0.000000000000000000 ) ) ;
#5780 = DIRECTION ( 'NONE',  ( -1.000000000000000000, 0.000000000000000000, 1.239088197126289831E-16 ) ) ;
#5781 = EDGE_LOOP ( 'NONE', ( #6563, #4183, #6849, #4505 ) ) ;
#5782 = CARTESIAN_POINT ( 'NONE',  ( 63.56821467024019512, 0.000000000000000000, -140.0715134165997142 ) ) ;
#5783 = VERTEX_POINT ( 'NONE', #5971 ) ;
#5784 = VECTOR ( 'NONE', #1465, 1000.000000000000000 ) ;
#5785 = EDGE_CURVE ( 'NONE', #596, #1714, #2993, .T. ) ;
#5786 = DIRECTION ( 'NONE',  ( 0.000000000000000000, 1.000000000000000000, 0.000000000000000000 ) ) ;
#5787 = DIRECTION ( 'NONE',  ( 0.000000000000000000, 0.000000000000000000, 1.000000000000000000 ) ) ;
#5788 = EDGE_CURVE ( 'NONE', #1, #517, #4582, .T. ) ;
#5789 = EDGE_LOOP ( 'NONE', ( #4974, #5405, #1106, #5249 ) ) ;
#5790 = DIRECTION ( 'NONE',  ( -0.000000000000000000, -1.000000000000000000, -0.000000000000000000 ) ) ;
#5791 = CONICAL_SURFACE ( 'NONE', #3411, 10.50000000000003020, 0.7853981633974500554 ) ;
#5792 = ORIENTED_EDGE ( 'NONE', *, *, #5013, .F. ) ;
#5793 = FACE_OUTER_BOUND ( 'NONE', #1747, .T. ) ;
#5794 = ORIENTED_EDGE ( 'NONE', *, *, #3884, .T. ) ;
#5795 = ADVANCED_FACE ( 'NONE', ( #6496 ), #116, .F. ) ;
#5796 = AXIS2_PLACEMENT_3D ( 'NONE', #5895, #9, #2245 ) ;
#5797 = CYLINDRICAL_SURFACE ( 'NONE', #3466, 1.750000000000001554 ) ;
#5798 = ORIENTED_EDGE ( 'NONE', *, *, #2597, .F. ) ;
#5799 = CARTESIAN_POINT ( 'NONE',  ( 43.14224645948156933, 5.000000000000000000, -127.7009910891845692 ) ) ;
#5800 = DIRECTION ( 'NONE',  ( -0.4232579588512069835, 0.000000000000000000, -0.9060092164371783552 ) ) ;
#5801 = EDGE_LOOP ( 'NONE', ( #5883, #4214, #1885, #4015 ) ) ;
#5802 = LINE ( 'NONE', #956, #6602 ) ;
#5803 = CIRCLE ( 'NONE', #2184, 5.500000000000005329 ) ;
#5804 = DIRECTION ( 'NONE',  ( 0.000000000000000000, -1.000000000000000000, 0.000000000000000000 ) ) ;
#5805 = CARTESIAN_POINT ( 'NONE',  ( -1.387778780781445676E-14, 0.000000000000000000, -95.50000000000002842 ) ) ;
#5806 = CIRCLE ( 'NONE', #2524, 5.000000000000004441 ) ;
#5807 = ADVANCED_FACE ( 'NONE', ( #4899 ), #516, .F. ) ;
#5808 = CARTESIAN_POINT ( 'NONE',  ( 19.95593450723081475, 0.000000000000000000, -32.05412351097982793 ) ) ;
#5809 = DIRECTION ( 'NONE',  ( 0.000000000000000000, 0.000000000000000000, -1.000000000000000000 ) ) ;
#5810 = VERTEX_POINT ( 'NONE', #3856 ) ;
#5811 = LINE ( 'NONE', #6909, #6196 ) ;
#5812 = ADVANCED_FACE ( 'NONE', ( #4938 ), #3826, .T. ) ;
#5813 = ORIENTED_EDGE ( 'NONE', *, *, #1708, .F. ) ;
#5814 = CIRCLE ( 'NONE', #3429, 10.50000000000003730 ) ;
#5815 = AXIS2_PLACEMENT_3D ( 'NONE', #4225, #6395, #1548 ) ;
#5816 = DIRECTION ( 'NONE',  ( 0.000000000000000000, -1.000000000000000000, 0.000000000000000000 ) ) ;
#5817 = DIRECTION ( 'NONE',  ( 0.000000000000000000, 1.000000000000000000, 0.000000000000000000 ) ) ;
#5818 = VERTEX_POINT ( 'NONE', #87 ) ;
#5819 = DIRECTION ( 'NONE',  ( 0.000000000000000000, -1.000000000000000000, 0.000000000000000000 ) ) ;
#5820 = AXIS2_PLACEMENT_3D ( 'NONE', #6110, #6637, #1289 ) ;
#5821 = ORIENTED_EDGE ( 'NONE', *, *, #4200, .T. ) ;
#5822 = DIRECTION ( 'NONE',  ( 0.4232579588512070945, 0.000000000000000000, 0.9060092164371782442 ) ) ;
#5823 = VERTEX_POINT ( 'NONE', #2250 ) ;
#5824 = VECTOR ( 'NONE', #1775, 1000.000000000000000 ) ;
#5825 = CONICAL_SURFACE ( 'NONE', #849, 5.500000000000001776, 0.7853981633974500554 ) ;
#5826 = CARTESIAN_POINT ( 'NONE',  ( -16.85784136489928642, 0.000000000000000000, -116.2996867338522691 ) ) ;
#5827 = FACE_OUTER_BOUND ( 'NONE', #6367, .T. ) ;
#5828 = ORIENTED_EDGE ( 'NONE', *, *, #5863, .T. ) ;
#5829 = DIRECTION ( 'NONE',  ( 0.000000000000000000, 1.000000000000000000, 0.000000000000000000 ) ) ;
#5830 = EDGE_LOOP ( 'NONE', ( #5525, #384, #2624, #2176 ) ) ;
#5831 = DIRECTION ( 'NONE',  ( 0.000000000000000000, 0.000000000000000000, 1.000000000000000000 ) ) ;
#5832 = EDGE_CURVE ( 'NONE', #1, #3582, #4398, .T. ) ;
#5833 = VERTEX_POINT ( 'NONE', #6994 ) ;
#5834 = CIRCLE ( 'NONE', #1763, 1.750000000000001554 ) ;
#5835 = EDGE_CURVE ( 'NONE', #6701, #6466, #4835, .T. ) ;
#5836 = AXIS2_PLACEMENT_3D ( 'NONE', #1383, #255, #1288 ) ;
#5837 = DIRECTION ( 'NONE',  ( -0.000000000000000000, -1.000000000000000000, -0.000000000000000000 ) ) ;
#5838 = EDGE_CURVE ( 'NONE', #5418, #4400, #1755, .T. ) ;
#5839 = VECTOR ( 'NONE', #3407, 1000.000000000000000 ) ;
#5840 = ORIENTED_EDGE ( 'NONE', *, *, #338, .F. ) ;
#5841 = DIRECTION ( 'NONE',  ( -0.000000000000000000, 1.000000000000000000, -0.000000000000000000 ) ) ;
#5842 = AXIS2_PLACEMENT_3D ( 'NONE', #1140, #3746, #5422 ) ;
#5843 = DIRECTION ( 'NONE',  ( 0.000000000000000000, -1.000000000000000000, 0.000000000000000000 ) ) ;
#5844 = ORIENTED_EDGE ( 'NONE', *, *, #3985, .F. ) ;
#5845 = LINE ( 'NONE', #1374, #4100 ) ;
#5846 = AXIS2_PLACEMENT_3D ( 'NONE', #5653, #3416, #1337 ) ;
#5847 = CIRCLE ( 'NONE', #5493, 2.250000000000003553 ) ;
#5848 = VECTOR ( 'NONE', #2374, 1000.000000000000000 ) ;
#5849 = CARTESIAN_POINT ( 'NONE',  ( -47.12376198899117696, 10.00000000000000000, -30.34378268944368173 ) ) ;
#5850 = VECTOR ( 'NONE', #564, 1000.000000000000000 ) ;
#5851 = CARTESIAN_POINT ( 'NONE',  ( -35.41579429361751608, 5.000000000000000000, -18.52526574785511926 ) ) ;
#5852 = LINE ( 'NONE', #1770, #5307 ) ;
#5853 = EDGE_CURVE ( 'NONE', #4267, #209, #4294, .T. ) ;
#5854 = ORIENTED_EDGE ( 'NONE', *, *, #6965, .F. ) ;
#5855 = DIRECTION ( 'NONE',  ( -1.239088197126289831E-16, 0.000000000000000000, 1.000000000000000000 ) ) ;
#5856 = CONICAL_SURFACE ( 'NONE', #84, 5.500000000000005329, 0.7853981633974526089 ) ;
#5857 = AXIS2_PLACEMENT_3D ( 'NONE', #1951, #4142, #3574 ) ;
#5858 = ORIENTED_EDGE ( 'NONE', *, *, #4192, .T. ) ;
#5859 = VECTOR ( 'NONE', #5903, 1000.000000000000000 ) ;
#5860 = DIRECTION ( 'NONE',  ( 0.000000000000000000, 0.000000000000000000, -1.000000000000000000 ) ) ;
#5861 = VECTOR ( 'NONE', #2866, 1000.000000000000114 ) ;
#5862 = CONICAL_SURFACE ( 'NONE', #2799, 13.50000000000006750, 0.7853981633974536081 ) ;
#5863 = EDGE_CURVE ( 'NONE', #3864, #1303, #5935, .T. ) ;
#5864 = DIRECTION ( 'NONE',  ( 0.000000000000000000, 1.000000000000000000, 0.000000000000000000 ) ) ;
#5865 =( NAMED_UNIT ( * ) SI_UNIT ( $, .STERADIAN. ) SOLID_ANGLE_UNIT ( ) );
#5866 = ORIENTED_EDGE ( 'NONE', *, *, #6078, .T. ) ;
#5867 = DIRECTION ( 'NONE',  ( -0.000000000000000000, 1.000000000000000000, -0.000000000000000000 ) ) ;
#5868 = ORIENTED_EDGE ( 'NONE', *, *, #593, .T. ) ;
#5869 = EDGE_CURVE ( 'NONE', #4361, #2457, #6699, .T. ) ;
#5870 = CARTESIAN_POINT ( 'NONE',  ( 17.78681119122746423, 4.500000000000000000, -36.55911008587332134 ) ) ;
#5871 = DIRECTION ( 'NONE',  ( 0.000000000000000000, 0.000000000000000000, 1.000000000000000000 ) ) ;
#5872 = VECTOR ( 'NONE', #5151, 1000.000000000000000 ) ;
#5873 = ORIENTED_EDGE ( 'NONE', *, *, #5091, .T. ) ;
#5874 = EDGE_CURVE ( 'NONE', #545, #5213, #1356, .T. ) ;
#5875 = LINE ( 'NONE', #3729, #2461 ) ;
#5876 = ORIENTED_EDGE ( 'NONE', *, *, #901, .F. ) ;
#5877 = DIRECTION ( 'NONE',  ( -0.000000000000000000, 1.000000000000000000, -0.000000000000000000 ) ) ;
#5878 = ORIENTED_EDGE ( 'NONE', *, *, #5091, .F. ) ;
#5879 = CONICAL_SURFACE ( 'NONE', #6099, 5.500000000000005329, 0.7853981633974526089 ) ;
#5880 = CARTESIAN_POINT ( 'NONE',  ( 46.83854437949984373, 4.500000000000000000, -2.498233092428983504 ) ) ;
#5881 = ORIENTED_EDGE ( 'NONE', *, *, #1585, .T. ) ;
#5882 = CARTESIAN_POINT ( 'NONE',  ( 48.87647513375095798, 0.000000000000000000, -73.84450217278281059 ) ) ;
#5883 = ORIENTED_EDGE ( 'NONE', *, *, #1567, .T. ) ;
#5884 = CARTESIAN_POINT ( 'NONE',  ( 14.08847404930327940, 10.00000000000000000, -29.32585781855631879 ) ) ;
#5885 = DIRECTION ( 'NONE',  ( 0.000000000000000000, 0.000000000000000000, 1.000000000000000000 ) ) ;
#5886 = CARTESIAN_POINT ( 'NONE',  ( 35.25034087383883730, 0.5000000000000004441, -48.94643053236772090 ) ) ;
#5887 = DIRECTION ( 'NONE',  ( 0.000000000000000000, 0.000000000000000000, 1.000000000000000000 ) ) ;
#5888 = VERTEX_POINT ( 'NONE', #3404 ) ;
#5889 = CARTESIAN_POINT ( 'NONE',  ( -20.85965004500318898, 5.000000000000000000, -91.05965004500303905 ) ) ;
#5890 = ORIENTED_EDGE ( 'NONE', *, *, #221, .T. ) ;
#5891 = DIRECTION ( 'NONE',  ( -0.000000000000000000, -1.000000000000000000, -0.000000000000000000 ) ) ;
#5892 = DIRECTION ( 'NONE',  ( -1.387778780781446464E-15, 0.000000000000000000, 1.000000000000000000 ) ) ;
#5893 = CONICAL_SURFACE ( 'NONE', #6794, 40.49999999999998579, 0.7853981633974415066 ) ;
#5894 = ORIENTED_EDGE ( 'NONE', *, *, #6926, .T. ) ;
#5895 = CARTESIAN_POINT ( 'NONE',  ( -52.21999999999999176, 10.00000000000000000, -13.69999999999999929 ) ) ;
#5896 = EDGE_LOOP ( 'NONE', ( #6483, #5722, #123, #6932 ) ) ;
#5897 = EDGE_CURVE ( 'NONE', #3649, #1506, #4122, .T. ) ;
#5898 = CARTESIAN_POINT ( 'NONE',  ( -42.59371590680527930, 4.500000000000000000, -28.22749289518764471 ) ) ;
#5899 = DIRECTION ( 'NONE',  ( 0.000000000000000000, 0.000000000000000000, 1.000000000000000000 ) ) ;
#5900 = LINE ( 'NONE', #3827, #6939 ) ;
#5901 = ADVANCED_FACE ( 'NONE', ( #3440 ), #2314, .F. ) ;
#5902 = ORIENTED_EDGE ( 'NONE', *, *, #5465, .F. ) ;
#5903 = DIRECTION ( 'NONE',  ( 0.2924353059680625533, -0.7071067811865388020, -0.6438024478233815850 ) ) ;
#5904 = ORIENTED_EDGE ( 'NONE', *, *, #6976, .F. ) ;
#5905 = DIRECTION ( 'NONE',  ( 1.261617073437676668E-15, 0.000000000000000000, 1.000000000000000000 ) ) ;
#5906 = ORIENTED_EDGE ( 'NONE', *, *, #6334, .F. ) ;
#5907 = VECTOR ( 'NONE', #4182, 1000.000000000000000 ) ;
#5908 = EDGE_CURVE ( 'NONE', #1787, #5911, #2350, .T. ) ;
#5909 = EDGE_CURVE ( 'NONE', #4675, #5582, #2942, .T. ) ;
#5910 = FACE_OUTER_BOUND ( 'NONE', #366, .T. ) ;
#5911 = VERTEX_POINT ( 'NONE', #6179 ) ;
#5912 = FACE_OUTER_BOUND ( 'NONE', #3836, .T. ) ;
#5913 = ORIENTED_EDGE ( 'NONE', *, *, #5624, .F. ) ;
#5914 = CARTESIAN_POINT ( 'NONE',  ( -19.95593450723081475, 10.00000000000000000, -32.05412351097982793 ) ) ;
#5915 = CARTESIAN_POINT ( 'NONE',  ( -3.575000000000000622, 2.500000000000000444, -129.7500000000000000 ) ) ;
#5916 = DIRECTION ( 'NONE',  ( 0.000000000000000000, 0.000000000000000000, -1.000000000000000000 ) ) ;
#5917 = FACE_BOUND ( 'NONE', #1780, .T. ) ;
#5918 = CIRCLE ( 'NONE', #3082, 12.42737488156552494 ) ;
#5919 = ORIENTED_EDGE ( 'NONE', *, *, #6372, .F. ) ;
#5920 = LINE ( 'NONE', #4856, #1677 ) ;
#5921 = ADVANCED_FACE ( 'NONE', ( #2875 ), #1923, .F. ) ;
#5922 = EDGE_CURVE ( 'NONE', #329, #1275, #2453, .T. ) ;
#5923 = EDGE_CURVE ( 'NONE', #6916, #4046, #1417, .T. ) ;
#5924 = CONICAL_SURFACE ( 'NONE', #2966, 13.50000000000006750, 0.7853981633974552734 ) ;
#5925 = DIRECTION ( 'NONE',  ( -0.7071067811865456854, -0.7071067811865493491, 0.000000000000000000 ) ) ;
#5926 = DIRECTION ( 'NONE',  ( 0.000000000000000000, 0.000000000000000000, 1.000000000000000000 ) ) ;
#5927 = ADVANCED_FACE ( 'NONE', ( #820 ), #1768, .T. ) ;
#5928 = DIRECTION ( 'NONE',  ( 8.659560562354884787E-17, -0.7071067811865516806, 0.7071067811865434649 ) ) ;
#5929 = ORIENTED_EDGE ( 'NONE', *, *, #809, .T. ) ;
#5930 = DIRECTION ( 'NONE',  ( 0.000000000000000000, 0.000000000000000000, -1.000000000000000000 ) ) ;
#5931 = AXIS2_PLACEMENT_3D ( 'NONE', #1700, #6551, #1626 ) ;
#5932 = ORIENTED_EDGE ( 'NONE', *, *, #831, .F. ) ;
#5933 = CARTESIAN_POINT ( 'NONE',  ( -17.79077264811490977, 4.500000000000000000, -27.54723166361653952 ) ) ;
#5934 = VECTOR ( 'NONE', #4446, 1000.000000000000000 ) ;
#5935 = LINE ( 'NONE', #1083, #629 ) ;
#5936 = CARTESIAN_POINT ( 'NONE',  ( 8.934326635256089943, 0.5000000000000281997, -132.0000000000000000 ) ) ;
#5937 = VERTEX_POINT ( 'NONE', #4529 ) ;
#5938 = DIRECTION ( 'NONE',  ( 2.643388153869431848E-15, 0.000000000000000000, 1.000000000000000000 ) ) ;
#5939 = EDGE_CURVE ( 'NONE', #2588, #4416, #854, .T. ) ;
#5940 = VERTEX_POINT ( 'NONE', #4608 ) ;
#5941 = FACE_BOUND ( 'NONE', #1647, .T. ) ;
#5942 = AXIS2_PLACEMENT_3D ( 'NONE', #2794, #4961, #104 ) ;
#5943 = ORIENTED_EDGE ( 'NONE', *, *, #6230, .T. ) ;
#5944 = CARTESIAN_POINT ( 'NONE',  ( 39.78038695602474206, 10.00000000000000000, -46.06272032662375437 ) ) ;
#5945 = CARTESIAN_POINT ( 'NONE',  ( -19.95593450723081475, 5.000000000000000000, -32.05412351097982793 ) ) ;
#5946 = EDGE_LOOP ( 'NONE', ( #316, #1645, #3659, #3962 ) ) ;
#5947 = CARTESIAN_POINT ( 'NONE',  ( 50.99999999999999289, 4.500000000000030198, -146.7500000000000284 ) ) ;
#5948 = EDGE_CURVE ( 'NONE', #1153, #3390, #2840, .T. ) ;
#5949 = ORIENTED_EDGE ( 'NONE', *, *, #2157, .T. ) ;
#5950 = FACE_OUTER_BOUND ( 'NONE', #3152, .T. ) ;
#5951 = VECTOR ( 'NONE', #3972, 1000.000000000000000 ) ;
#5952 = ADVANCED_FACE ( 'NONE', ( #6144 ), #6735, .F. ) ;
#5953 = AXIS2_PLACEMENT_3D ( 'NONE', #4041, #291, #3539 ) ;
#5954 = AXIS2_PLACEMENT_3D ( 'NONE', #4532, #1758, #3968 ) ;
#5955 = AXIS2_PLACEMENT_3D ( 'NONE', #1423, #932, #3538 ) ;
#5956 = CARTESIAN_POINT ( 'NONE',  ( 20.85965004500319608, 0.5000000000000073275, -52.64034995499687852 ) ) ;
#5957 = CARTESIAN_POINT ( 'NONE',  ( -17.56989885962712350, 5.000000000000000000, -37.00960874336268347 ) ) ;
#5958 = AXIS2_PLACEMENT_3D ( 'NONE', #6691, #811, #709 ) ;
#5959 = ORIENTED_EDGE ( 'NONE', *, *, #1855, .T. ) ;
#5960 = CARTESIAN_POINT ( 'NONE',  ( -20.85965004500318898, 3.449999999999969535, -96.10965004500309306 ) ) ;
#5961 = AXIS2_PLACEMENT_3D ( 'NONE', #356, #2547, #4202 ) ;
#5962 = CARTESIAN_POINT ( 'NONE',  ( -1.387778780781445676E-14, 0.5000000000000108802, -73.50000000000001421 ) ) ;
#5963 = CARTESIAN_POINT ( 'NONE',  ( -13.41405513571104180, 5.000000000000000000, -120.5880822855304899 ) ) ;
#5964 = DIRECTION ( 'NONE',  ( -0.000000000000000000, -1.000000000000000000, -0.000000000000000000 ) ) ;
#5965 = ORIENTED_EDGE ( 'NONE', *, *, #3040, .F. ) ;
#5966 = DIRECTION ( 'NONE',  ( 0.000000000000000000, 0.000000000000000000, 1.000000000000000000 ) ) ;
#5967 = ORIENTED_EDGE ( 'NONE', *, *, #3635, .F. ) ;
#5968 = ADVANCED_FACE ( 'NONE', ( #5105 ), #3508, .F. ) ;
#5969 = VECTOR ( 'NONE', #1539, 1000.000000000000114 ) ;
#5970 = CIRCLE ( 'NONE', #5628, 0.5000000000000004441 ) ;
#5971 = CARTESIAN_POINT ( 'NONE',  ( 39.14687990597570888, 5.000000000000000000, -102.4468644065697021 ) ) ;
#5972 = CARTESIAN_POINT ( 'NONE',  ( 40.56058202221510101, 0.5000000000000005551, -135.6716264930533953 ) ) ;
#5973 = ORIENTED_EDGE ( 'NONE', *, *, #4949, .F. ) ;
#5974 = DIRECTION ( 'NONE',  ( -0.000000000000000000, -1.000000000000000000, -0.000000000000000000 ) ) ;
#5975 = ORIENTED_EDGE ( 'NONE', *, *, #5160, .F. ) ;
#5976 = LINE ( 'NONE', #5433, #3370 ) ;
#5977 = ORIENTED_EDGE ( 'NONE', *, *, #946, .T. ) ;
#5978 = DIRECTION ( 'NONE',  ( 0.4427499264755972441, 0.7071067811865497932, 0.5513370136367137242 ) ) ;
#5979 = CARTESIAN_POINT ( 'NONE',  ( -52.21999999999999176, 1.549999999999988942, -11.94999999999999574 ) ) ;
#5980 = ORIENTED_EDGE ( 'NONE', *, *, #5908, .F. ) ;
#5981 = DIRECTION ( 'NONE',  ( -0.000000000000000000, 1.000000000000000000, -0.000000000000000000 ) ) ;
#5982 = ORIENTED_EDGE ( 'NONE', *, *, #3933, .F. ) ;
#5983 = DIRECTION ( 'NONE',  ( 0.000000000000000000, 0.000000000000000000, 1.000000000000000000 ) ) ;
#5984 = VECTOR ( 'NONE', #6962, 1000.000000000000000 ) ;
#5985 = EDGE_CURVE ( 'NONE', #2608, #1805, #1793, .T. ) ;
#5986 = EDGE_CURVE ( 'NONE', #3251, #306, #4695, .T. ) ;
#5987 = DIRECTION ( 'NONE',  ( 0.000000000000000000, 1.000000000000000000, 0.000000000000000000 ) ) ;
#5988 = DIRECTION ( 'NONE',  ( 0.000000000000000000, 0.000000000000000000, -1.000000000000000000 ) ) ;
#5989 = ADVANCED_FACE ( 'NONE', ( #5005 ), #1656, .F. ) ;
#5990 = EDGE_LOOP ( 'NONE', ( #4086, #6474, #3282, #1576 ) ) ;
#5991 = EDGE_CURVE ( 'NONE', #2690, #6594, #5248, .T. ) ;
#5992 = DIRECTION ( 'NONE',  ( 0.000000000000000000, 0.000000000000000000, -1.000000000000000000 ) ) ;
#5993 = DIRECTION ( 'NONE',  ( -0.000000000000000000, -1.000000000000000000, -0.000000000000000000 ) ) ;
#5994 = DIRECTION ( 'NONE',  ( 0.000000000000000000, -0.7071067811865463515, -0.7071067811865487940 ) ) ;
#5995 = VERTEX_POINT ( 'NONE', #4718 ) ;
#5996 = DIRECTION ( 'NONE',  ( 0.000000000000000000, 0.000000000000000000, 1.000000000000000000 ) ) ;
#5997 = VERTEX_POINT ( 'NONE', #1493 ) ;
#5998 = EDGE_CURVE ( 'NONE', #6330, #1, #4239, .T. ) ;
#5999 = CARTESIAN_POINT ( 'NONE',  ( -35.41579429361749476, 0.000000000000000000, -18.52526574785513702 ) ) ;
#6000 = DIRECTION ( 'NONE',  ( 0.000000000000000000, 0.000000000000000000, 1.000000000000000000 ) ) ;
#6001 = DIRECTION ( 'NONE',  ( 0.000000000000000000, 1.000000000000000000, 0.000000000000000000 ) ) ;
#6002 = EDGE_LOOP ( 'NONE', ( #1509, #1090 ) ) ;
#6003 = CARTESIAN_POINT ( 'NONE',  ( -40.56058202221508679, 0.5000000000000213163, -135.6716264930534237 ) ) ;
#6004 = EDGE_LOOP ( 'NONE', ( #4141, #1543, #6296, #4472 ) ) ;
#6005 = FACE_BOUND ( 'NONE', #6621, .T. ) ;
#6006 = ORIENTED_EDGE ( 'NONE', *, *, #6482, .F. ) ;
#6007 = EDGE_CURVE ( 'NONE', #209, #1714, #1461, .T. ) ;
#6008 = EDGE_CURVE ( 'NONE', #5775, #6569, #6514, .T. ) ;
#6009 = CARTESIAN_POINT ( 'NONE',  ( -63.02631157059965261, 0.000000000000000000, -18.74835634682456842 ) ) ;
#6010 = DIRECTION ( 'NONE',  ( 0.6406452607602419747, 0.7071067811865469066, -0.2992885728948608270 ) ) ;
#6011 = ORIENTED_EDGE ( 'NONE', *, *, #18, .F. ) ;
#6012 = DIRECTION ( 'NONE',  ( -0.6261429507614950651, 0.000000000000000000, -0.7797082821233132233 ) ) ;
#6013 = ORIENTED_EDGE ( 'NONE', *, *, #2685, .T. ) ;
#6014 = LINE ( 'NONE', #3773, #1292 ) ;
#6015 = CIRCLE ( 'NONE', #2949, 1.750000000000001554 ) ;
#6016 = DIRECTION ( 'NONE',  ( 0.000000000000000000, 1.000000000000000000, 0.000000000000000000 ) ) ;
#6017 = LINE ( 'NONE', #2795, #6524 ) ;
#6018 = VERTEX_POINT ( 'NONE', #1956 ) ;
#6019 = ADVANCED_FACE ( 'NONE', ( #5178 ), #4575, .F. ) ;
#6020 = ORIENTED_EDGE ( 'NONE', *, *, #3247, .T. ) ;
#6021 = EDGE_CURVE ( 'NONE', #6682, #2608, #4353, .T. ) ;
#6022 = CARTESIAN_POINT ( 'NONE',  ( -20.85965004500318898, 0.5000000000000073275, -94.35965004500309306 ) ) ;
#6023 = VECTOR ( 'NONE', #2824, 1000.000000000000000 ) ;
#6024 = AXIS2_PLACEMENT_3D ( 'NONE', #865, #2489, #369 ) ;
#6025 = CARTESIAN_POINT ( 'NONE',  ( -4.546839904143417321, 5.000000000000000000, -23.37035265351343227 ) ) ;
#6026 = DIRECTION ( 'NONE',  ( -0.000000000000000000, 1.000000000000000000, -0.000000000000000000 ) ) ;
#6027 = ADVANCED_FACE ( 'NONE', ( #898 ), #4013, .F. ) ;
#6028 = ORIENTED_EDGE ( 'NONE', *, *, #3271, .F. ) ;
#6029 = DIRECTION ( 'NONE',  ( 8.659560562354837948E-17, -0.7071067811865552333, 0.7071067811865398012 ) ) ;
#6030 = EDGE_LOOP ( 'NONE', ( #106, #6592, #6680, #5664 ) ) ;
#6031 = AXIS2_PLACEMENT_3D ( 'NONE', #1504, #302, #984 ) ;
#6032 = DIRECTION ( 'NONE',  ( 0.000000000000000000, 1.000000000000000000, 0.000000000000000000 ) ) ;
#6033 = DIRECTION ( 'NONE',  ( 0.7027135113015576806, 0.7027135113015602341, -0.1112988861959885722 ) ) ;
#6034 = CARTESIAN_POINT ( 'NONE',  ( -35.25034087383883730, 0.000000000000000000, -43.94643053236772801 ) ) ;
#6035 = ORIENTED_EDGE ( 'NONE', *, *, #1855, .F. ) ;
#6036 = LINE ( 'NONE', #3900, #1658 ) ;
#6037 = VECTOR ( 'NONE', #590, 999.9999999999998863 ) ;
#6038 = ORIENTED_EDGE ( 'NONE', *, *, #4418, .F. ) ;
#6039 = DIRECTION ( 'NONE',  ( 0.000000000000000000, 0.7071067811865383579, 0.7071067811865567876 ) ) ;
#6040 = ORIENTED_EDGE ( 'NONE', *, *, #4411, .F. ) ;
#6041 = AXIS2_PLACEMENT_3D ( 'NONE', #4814, #3178, #2052 ) ;
#6042 = VECTOR ( 'NONE', #4277, 1000.000000000000114 ) ;
#6043 = CIRCLE ( 'NONE', #4564, 5.000000000000004441 ) ;
#6044 = PLANE ( 'NONE',  #4479 ) ;
#6045 = LINE ( 'NONE', #1197, #37 ) ;
#6046 = ORIENTED_EDGE ( 'NONE', *, *, #6984, .F. ) ;
#6047 = CARTESIAN_POINT ( 'NONE',  ( -47.79714078179279113, 4.500000000000000000, -125.8756256879251794 ) ) ;
#6048 = EDGE_LOOP ( 'NONE', ( #6028, #733, #1297, #3034 ) ) ;
#6049 = DIRECTION ( 'NONE',  ( 0.7797082821233123351, 0.000000000000000000, 0.6261429507614958423 ) ) ;
#6050 = LINE ( 'NONE', #3420, #3645 ) ;
#6051 = AXIS2_PLACEMENT_3D ( 'NONE', #4805, #560, #6970 ) ;
#6052 = EDGE_CURVE ( 'NONE', #1143, #3535, #3580, .T. ) ;
#6053 = DIRECTION ( 'NONE',  ( 0.000000000000000000, 1.000000000000000000, 0.000000000000000000 ) ) ;
#6054 = DIRECTION ( 'NONE',  ( 0.000000000000000000, 1.000000000000000000, 0.000000000000000000 ) ) ;
#6055 = EDGE_LOOP ( 'NONE', ( #2111, #6611, #931, #2980 ) ) ;
#6056 = VERTEX_POINT ( 'NONE', #5293 ) ;
#6057 = AXIS2_PLACEMENT_3D ( 'NONE', #4866, #547, #577 ) ;
#6058 = CIRCLE ( 'NONE', #285, 5.499999999999976907 ) ;
#6059 = CARTESIAN_POINT ( 'NONE',  ( 52.21999999999999176, 5.000000000000000000, -15.95000000000002949 ) ) ;
#6060 = ADVANCED_FACE ( 'NONE', ( #4784 ), #4362, .F. ) ;
#6061 = AXIS2_PLACEMENT_3D ( 'NONE', #2272, #3747, #4421 ) ;
#6062 = CARTESIAN_POINT ( 'NONE',  ( 36.83221845872051148, 0.000000000000000000, -132.3400645262867670 ) ) ;
#6063 = DIRECTION ( 'NONE',  ( 0.4232579588512072055, 0.000000000000000000, 0.9060092164371783552 ) ) ;
#6064 = VECTOR ( 'NONE', #4677, 1000.000000000000000 ) ;
#6065 = EDGE_LOOP ( 'NONE', ( #2933, #5982, #777, #244 ) ) ;
#6066 = DIRECTION ( 'NONE',  ( 0.000000000000000000, 0.000000000000000000, 1.000000000000000000 ) ) ;
#6067 = ORIENTED_EDGE ( 'NONE', *, *, #5991, .T. ) ;
#6068 = CIRCLE ( 'NONE', #634, 2.250000000000001776 ) ;
#6069 = CONICAL_SURFACE ( 'NONE', #5049, 3.299999999999969624, 0.7853981633974463916 ) ;
#6070 = VECTOR ( 'NONE', #4950, 999.9999999999998863 ) ;
#6071 = ADVANCED_FACE ( 'NONE', ( #3647 ), #3122, .F. ) ;
#6072 = DIRECTION ( 'NONE',  ( 0.4330323718231823271, -0.000000000000000000, 0.9013783694726589246 ) ) ;
#6073 = DIRECTION ( 'NONE',  ( 0.000000000000000000, 0.000000000000000000, 1.000000000000000000 ) ) ;
#6074 = LINE ( 'NONE', #6145, #1865 ) ;
#6075 = EDGE_LOOP ( 'NONE', ( #882, #5309, #237, #2842 ) ) ;
#6076 = DIRECTION ( 'NONE',  ( 0.6583014682026187003, -0.7071067811865261454, -0.2581456506747825119 ) ) ;
#6077 = AXIS2_PLACEMENT_3D ( 'NONE', #3953, #3983, #3355 ) ;
#6078 = EDGE_CURVE ( 'NONE', #1684, #5418, #3017, .T. ) ;
#6079 = ORIENTED_EDGE ( 'NONE', *, *, #4973, .T. ) ;
#6080 = DIRECTION ( 'NONE',  ( 0.000000000000000000, 0.000000000000000000, 1.000000000000000000 ) ) ;
#6081 = ORIENTED_EDGE ( 'NONE', *, *, #5835, .T. ) ;
#6082 = COLOUR_RGB ( '',0.7921568627450980005, 0.8196078431372548767, 0.9333333333333333481 ) ;
#6083 = CIRCLE ( 'NONE', #2343, 1.750000000000003331 ) ;
#6084 = EDGE_CURVE ( 'NONE', #5569, #998, #5321, .T. ) ;
#6085 = CARTESIAN_POINT ( 'NONE',  ( 34.02649615143337769, 5.000000000000000000, -98.95476634795502946 ) ) ;
#6086 = CARTESIAN_POINT ( 'NONE',  ( -40.23339156424333396, 5.000000000000000000, -46.27434930604937335 ) ) ;
#6087 = AXIS2_PLACEMENT_3D ( 'NONE', #6433, #2629, #2254 ) ;
#6088 = AXIS2_PLACEMENT_3D ( 'NONE', #2149, #6471, #1094 ) ;
#6089 = VERTEX_POINT ( 'NONE', #4255 ) ;
#6090 = CARTESIAN_POINT ( 'NONE',  ( -15.50882761825181611, 0.000000000000000000, -133.8130630377052057 ) ) ;
#6091 = ORIENTED_EDGE ( 'NONE', *, *, #2815, .T. ) ;
#6092 = DIRECTION ( 'NONE',  ( -0.000000000000000000, -1.000000000000000000, -0.000000000000000000 ) ) ;
#6093 = DIRECTION ( 'NONE',  ( 0.000000000000000000, 0.000000000000000000, 1.000000000000000000 ) ) ;
#6094 = CARTESIAN_POINT ( 'NONE',  ( -14.84222989735698484, 0.000000000000000000, -111.1823328852394894 ) ) ;
#6095 = LINE ( 'NONE', #2400, #1522 ) ;
#6096 = ORIENTED_EDGE ( 'NONE', *, *, #5785, .F. ) ;
#6097 = CIRCLE ( 'NONE', #4849, 13.99999999999995737 ) ;
#6098 = ORIENTED_EDGE ( 'NONE', *, *, #3206, .F. ) ;
#6099 = AXIS2_PLACEMENT_3D ( 'NONE', #948, #5332, #6361 ) ;
#6100 = EDGE_CURVE ( 'NONE', #1873, #6649, #3118, .T. ) ;
#6101 = CARTESIAN_POINT ( 'NONE',  ( 37.79747233864500089, 5.000000000000000000, -23.48284677995476599 ) ) ;
#6102 = DIRECTION ( 'NONE',  ( 0.3650730802518768470, 0.000000000000000000, 0.9309788644622426501 ) ) ;
#6103 = LINE ( 'NONE', #5000, #6527 ) ;
#6104 = ORIENTED_EDGE ( 'NONE', *, *, #2496, .T. ) ;
#6105 = EDGE_CURVE ( 'NONE', #6930, #770, #4130, .T. ) ;
#6106 = CARTESIAN_POINT ( 'NONE',  ( 20.85965004500311082, 3.450000000000053024, -94.35965004500316411 ) ) ;
#6107 = ORIENTED_EDGE ( 'NONE', *, *, #3723, .F. ) ;
#6108 = DIRECTION ( 'NONE',  ( 0.000000000000000000, 0.000000000000000000, 1.000000000000000000 ) ) ;
#6109 = DIRECTION ( 'NONE',  ( -0.000000000000000000, 1.000000000000000000, -0.000000000000000000 ) ) ;
#6110 = CARTESIAN_POINT ( 'NONE',  ( 42.59371590680527930, 0.000000000000000000, -28.22749289518764471 ) ) ;
#6111 = DIRECTION ( 'NONE',  ( 0.000000000000000000, 0.000000000000000000, -1.000000000000000000 ) ) ;
#6112 = CARTESIAN_POINT ( 'NONE',  ( 37.79747233864500089, 5.000000000000000000, -17.98284677995476244 ) ) ;
#6113 = ORIENTED_EDGE ( 'NONE', *, *, #6653, .T. ) ;
#6114 = DIRECTION ( 'NONE',  ( 0.000000000000000000, 1.000000000000000000, 0.000000000000000000 ) ) ;
#6115 = ORIENTED_EDGE ( 'NONE', *, *, #6007, .F. ) ;
#6116 = DIRECTION ( 'NONE',  ( 0.000000000000000000, 0.000000000000000000, 1.000000000000000000 ) ) ;
#6117 = DIRECTION ( 'NONE',  ( 0.000000000000000000, 0.000000000000000000, 1.000000000000000000 ) ) ;
#6118 = EDGE_LOOP ( 'NONE', ( #1815, #6889 ) ) ;
#6119 = DIRECTION ( 'NONE',  ( 0.000000000000000000, 1.000000000000000000, 0.000000000000000000 ) ) ;
#6120 = ORIENTED_EDGE ( 'NONE', *, *, #2587, .T. ) ;
#6121 = DIRECTION ( 'NONE',  ( 0.3650730802518772355, 0.000000000000000000, -0.9309788644622425391 ) ) ;
#6122 = CIRCLE ( 'NONE', #4636, 3.299999999999969624 ) ;
#6123 = DIRECTION ( 'NONE',  ( -1.239088197126289831E-16, 0.000000000000000000, 1.000000000000000000 ) ) ;
#6124 = EDGE_CURVE ( 'NONE', #5418, #5513, #4102, .T. ) ;
#6125 = EDGE_CURVE ( 'NONE', #5818, #3852, #5847, .T. ) ;
#6126 = CARTESIAN_POINT ( 'NONE',  ( 36.83221845872051148, 4.499999999999971578, -132.3400645262867670 ) ) ;
#6127 = CARTESIAN_POINT ( 'NONE',  ( 50.99999999999999289, 0.000000000000000000, -145.0000000000000284 ) ) ;
#6128 = EDGE_LOOP ( 'NONE', ( #1489, #1058, #3020, #3932, #4686, #303, #3797, #3756, #6234 ) ) ;
#6129 = VERTEX_POINT ( 'NONE', #1574 ) ;
#6130 = AXIS2_PLACEMENT_3D ( 'NONE', #6320, #6917, #1960 ) ;
#6131 = CARTESIAN_POINT ( 'NONE',  ( -17.57425646220331572, 0.000000000000000000, -27.09654247888020606 ) ) ;
#6132 = CARTESIAN_POINT ( 'NONE',  ( -42.34915626560065505, 0.000000000000000000, -20.39542497056531545 ) ) ;
#6133 = AXIS2_PLACEMENT_3D ( 'NONE', #4012, #2424, #5583 ) ;
#6134 = DIRECTION ( 'NONE',  ( -0.9013783694726589246, 0.000000000000000000, -0.4330323718231822161 ) ) ;
#6135 = EDGE_CURVE ( 'NONE', #1587, #3808, #365, .T. ) ;
#6136 = ORIENTED_EDGE ( 'NONE', *, *, #2582, .T. ) ;
#6137 = CARTESIAN_POINT ( 'NONE',  ( 39.81638296937916977, 10.00000000000000000, -69.61192258427072943 ) ) ;
#6138 = EDGE_CURVE ( 'NONE', #231, #451, #4211, .T. ) ;
#6139 = VERTEX_POINT ( 'NONE', #6526 ) ;
#6140 = EDGE_CURVE ( 'NONE', #2182, #6686, #1679, .T. ) ;
#6141 = CIRCLE ( 'NONE', #576, 13.49999999999998401 ) ;
#6142 = EDGE_CURVE ( 'NONE', #3251, #3357, #3322, .T. ) ;
#6143 = CARTESIAN_POINT ( 'NONE',  ( 20.85965004500319608, 3.449999999999969535, -52.64034995499687852 ) ) ;
#6144 = FACE_OUTER_BOUND ( 'NONE', #714, .T. ) ;
#6145 = CARTESIAN_POINT ( 'NONE',  ( -5.682083381237294617, 6.107083381237285558, -131.0203012496831434 ) ) ;
#6146 = DIRECTION ( 'NONE',  ( 0.000000000000000000, 1.000000000000000000, 0.000000000000000000 ) ) ;
#6147 = CARTESIAN_POINT ( 'NONE',  ( -20.85965004500310727, 3.449999999999969535, -52.64034995499679326 ) ) ;
#6148 = ORIENTED_EDGE ( 'NONE', *, *, #5397, .T. ) ;
#6149 = CARTESIAN_POINT ( 'NONE',  ( 50.99999999999999289, 1.549999999999965405, -143.2500000000000284 ) ) ;
#6150 = CIRCLE ( 'NONE', #3752, 10.00000000000000888 ) ;
#6151 = ORIENTED_EDGE ( 'NONE', *, *, #6657, .F. ) ;
#6152 = AXIS2_PLACEMENT_3D ( 'NONE', #4154, #830, #412 ) ;
#6153 = DIRECTION ( 'NONE',  ( -0.4232579588512072055, 0.000000000000000000, -0.9060092164371783552 ) ) ;
#6154 = DIRECTION ( 'NONE',  ( -0.000000000000000000, -1.000000000000000000, -0.000000000000000000 ) ) ;
#6155 = EDGE_LOOP ( 'NONE', ( #3173, #426, #3630, #3181, #1399, #5554, #4940, #2730, #4527 ) ) ;
#6156 = DIRECTION ( 'NONE',  ( 0.000000000000000000, 0.000000000000000000, 1.000000000000000000 ) ) ;
#6157 = EDGE_LOOP ( 'NONE', ( #3880, #6952, #2881, #2705 ) ) ;
#6158 = CARTESIAN_POINT ( 'NONE',  ( 59.37786006647043990, 4.500000000000003553, -27.73939977290451964 ) ) ;
#6159 = CONICAL_SURFACE ( 'NONE', #263, 5.500000000000005329, 0.7853981633974230769 ) ;
#6160 = CIRCLE ( 'NONE', #3095, 5.500000000000005329 ) ;
#6161 = ADVANCED_FACE ( 'NONE', ( #1642 ), #1603, .F. ) ;
#6162 = ORIENTED_EDGE ( 'NONE', *, *, #221, .F. ) ;
#6163 = CARTESIAN_POINT ( 'NONE',  ( -52.21999999999999176, 0.000000000000000000, -13.69999999999999929 ) ) ;
#6164 = DIRECTION ( 'NONE',  ( 0.000000000000000000, 1.000000000000000000, 0.000000000000000000 ) ) ;
#6165 = VERTEX_POINT ( 'NONE', #5963 ) ;
#6166 = AXIS2_PLACEMENT_3D ( 'NONE', #4625, #1243, #3982 ) ;
#6167 = AXIS2_PLACEMENT_3D ( 'NONE', #4978, #117, #2280 ) ;
#6168 = DIRECTION ( 'NONE',  ( 0.000000000000000000, 1.000000000000000000, 0.000000000000000000 ) ) ;
#6169 = DIRECTION ( 'NONE',  ( 0.000000000000000000, 0.000000000000000000, -1.000000000000000000 ) ) ;
#6170 = DIRECTION ( 'NONE',  ( 0.000000000000000000, -1.000000000000000000, 0.000000000000000000 ) ) ;
#6171 = ORIENTED_EDGE ( 'NONE', *, *, #6100, .T. ) ;
#6172 = DIRECTION ( 'NONE',  ( -0.4427499264756036834, 0.7071067811865549002, 0.5513370136367021779 ) ) ;
#6173 = VECTOR ( 'NONE', #5145, 1000.000000000000000 ) ;
#6174 = VERTEX_POINT ( 'NONE', #500 ) ;
#6175 = AXIS2_PLACEMENT_3D ( 'NONE', #1538, #2557, #4179 ) ;
#6176 = CONICAL_SURFACE ( 'NONE', #2550, 11.92737488156555159, 0.7853981633974500554 ) ;
#6177 = DIRECTION ( 'NONE',  ( -0.000000000000000000, -1.000000000000000000, -0.000000000000000000 ) ) ;
#6178 = CONICAL_SURFACE ( 'NONE', #4821, 11.92737488156552139, 0.7853981633974517207 ) ;
#6179 = CARTESIAN_POINT ( 'NONE',  ( -47.57676659720976176, 0.000000000000000000, -30.55541166886928295 ) ) ;
#6180 = CARTESIAN_POINT ( 'NONE',  ( -19.95593450723081475, 4.500000000000000000, -32.05412351097982793 ) ) ;
#6181 = DIRECTION ( 'NONE',  ( 0.000000000000000000, 1.000000000000000000, 0.000000000000000000 ) ) ;
#6182 = ORIENTED_EDGE ( 'NONE', *, *, #6124, .T. ) ;
#6183 = CARTESIAN_POINT ( 'NONE',  ( -8.934326635256088167, 4.500000000000035527, -132.0000000000000000 ) ) ;
#6184 = AXIS2_PLACEMENT_3D ( 'NONE', #3719, #3156, #4752 ) ;
#6185 = ORIENTED_EDGE ( 'NONE', *, *, #3064, .F. ) ;
#6186 = ADVANCED_FACE ( 'NONE', ( #1111 ), #859, .T. ) ;
#6187 = CIRCLE ( 'NONE', #1213, 10.00000000000000000 ) ;
#6188 = CONICAL_SURFACE ( 'NONE', #3126, 13.50000000000001243, 0.7853981633974431720 ) ;
#6189 = CARTESIAN_POINT ( 'NONE',  ( 15.19575614287103882, 0.5000000000000144329, -134.2029171787668815 ) ) ;
#6190 = DIRECTION ( 'NONE',  ( 0.4427499264756220576, 0.7071067811865415775, 0.5513370136367043983 ) ) ;
#6191 = VERTEX_POINT ( 'NONE', #39 ) ;
#6192 = PLANE ( 'NONE',  #295 ) ;
#6193 = ORIENTED_EDGE ( 'NONE', *, *, #2093, .T. ) ;
#6194 = CARTESIAN_POINT ( 'NONE',  ( -8.673617379884035472E-16, 0.5000000000000281997, -13.90587977405051134 ) ) ;
#6195 = VECTOR ( 'NONE', #184, 1000.000000000000000 ) ;
#6196 = VECTOR ( 'NONE', #3643, 1000.000000000000000 ) ;
#6197 = AXIS2_PLACEMENT_3D ( 'NONE', #1691, #5466, #3829 ) ;
#6198 = AXIS2_PLACEMENT_3D ( 'NONE', #3887, #2907, #5566 ) ;
#6199 = VECTOR ( 'NONE', #1027, 1000.000000000000114 ) ;
#6200 = ORIENTED_EDGE ( 'NONE', *, *, #5516, .T. ) ;
#6201 = DIRECTION ( 'NONE',  ( -0.000000000000000000, 1.000000000000000000, -0.000000000000000000 ) ) ;
#6202 = CARTESIAN_POINT ( 'NONE',  ( 50.99999999999999289, 0.000000000000000000, -141.7000000000000455 ) ) ;
#6203 = VERTEX_POINT ( 'NONE', #1174 ) ;
#6204 = EDGE_CURVE ( 'NONE', #6165, #6911, #6292, .T. ) ;
#6205 = EDGE_CURVE ( 'NONE', #2690, #6276, #3850, .T. ) ;
#6206 = CARTESIAN_POINT ( 'NONE',  ( -42.59371590680527930, 10.00000000000000000, -28.22749289518764471 ) ) ;
#6207 = DIRECTION ( 'NONE',  ( -0.000000000000000000, -1.000000000000000000, -0.000000000000000000 ) ) ;
#6208 = CYLINDRICAL_SURFACE ( 'NONE', #2252, 12.42737488156552494 ) ;
#6209 = VERTEX_POINT ( 'NONE', #6561 ) ;
#6210 = LINE ( 'NONE', #3534, #4833 ) ;
#6211 = EDGE_CURVE ( 'NONE', #1560, #1877, #568, .T. ) ;
#6212 = ORIENTED_EDGE ( 'NONE', *, *, #1773, .F. ) ;
#6213 = VECTOR ( 'NONE', #2292, 1000.000000000000000 ) ;
#6214 = EDGE_CURVE ( 'NONE', #2049, #1632, #1881, .T. ) ;
#6215 = DIRECTION ( 'NONE',  ( -1.938360992551176007E-17, -0.9876883405951374373, 0.1564344650402327286 ) ) ;
#6216 = DIRECTION ( 'NONE',  ( -0.6406452607602277638, 0.7071067811865610064, 0.2992885728948581625 ) ) ;
#6217 = FACE_OUTER_BOUND ( 'NONE', #1151, .T. ) ;
#6218 = DIRECTION ( 'NONE',  ( 0.000000000000000000, 0.000000000000000000, 1.000000000000000000 ) ) ;
#6219 = ORIENTED_EDGE ( 'NONE', *, *, #1962, .T. ) ;
#6220 = CARTESIAN_POINT ( 'NONE',  ( -50.31776790209865169, 10.00000000000000000, -23.50682018439244914 ) ) ;
#6221 = EDGE_LOOP ( 'NONE', ( #3984, #5135 ) ) ;
#6222 = EDGE_CURVE ( 'NONE', #657, #1579, #3227, .T. ) ;
#6223 = DIRECTION ( 'NONE',  ( -0.9013783694726589246, 0.000000000000000000, 0.4330323718231822716 ) ) ;
#6224 = DIRECTION ( 'NONE',  ( 0.000000000000000000, 1.000000000000000000, 0.000000000000000000 ) ) ;
#6225 = ORIENTED_EDGE ( 'NONE', *, *, #2456, .T. ) ;
#6226 = CARTESIAN_POINT ( 'NONE',  ( 34.02649615143337769, 5.000000000000000000, -104.4547663479550295 ) ) ;
#6227 = EDGE_LOOP ( 'NONE', ( #6822, #1464 ) ) ;
#6228 = DIRECTION ( 'NONE',  ( -0.000000000000000000, -1.000000000000000000, -0.000000000000000000 ) ) ;
#6229 = EDGE_CURVE ( 'NONE', #2661, #2845, #2783, .T. ) ;
#6230 = EDGE_CURVE ( 'NONE', #1329, #3340, #4471, .T. ) ;
#6231 = ORIENTED_EDGE ( 'NONE', *, *, #4728, .T. ) ;
#6232 = DIRECTION ( 'NONE',  ( 0.000000000000000000, 0.000000000000000000, -1.000000000000000000 ) ) ;
#6233 = DIRECTION ( 'NONE',  ( -0.3905815308492828208, -0.7071067811865449082, 0.5894455596231381600 ) ) ;
#6234 = ORIENTED_EDGE ( 'NONE', *, *, #1505, .T. ) ;
#6235 = DIRECTION ( 'NONE',  ( 0.000000000000000000, 1.000000000000000000, 0.000000000000000000 ) ) ;
#6236 = FACE_OUTER_BOUND ( 'NONE', #4449, .T. ) ;
#6237 = FACE_OUTER_BOUND ( 'NONE', #3093, .T. ) ;
#6238 = EDGE_CURVE ( 'NONE', #5997, #943, #5454, .T. ) ;
#6239 = DIRECTION ( 'NONE',  ( -0.000000000000000000, -1.000000000000000000, -0.000000000000000000 ) ) ;
#6240 = VERTEX_POINT ( 'NONE', #1076 ) ;
#6241 = DIRECTION ( 'NONE',  ( 0.000000000000000000, 1.000000000000000000, 0.000000000000000000 ) ) ;
#6242 = CONICAL_SURFACE ( 'NONE', #131, 21.49999999999999289, 0.7853981633974587151 ) ;
#6243 = EDGE_LOOP ( 'NONE', ( #2674, #1862, #4450, #2357 ) ) ;
#6244 = PLANE ( 'NONE',  #745 ) ;
#6245 = EDGE_CURVE ( 'NONE', #4565, #3871, #6988, .T. ) ;
#6246 = CARTESIAN_POINT ( 'NONE',  ( 0.000000000000000000, 0.000000000000000000, -73.50000000000000000 ) ) ;
#6247 = LINE ( 'NONE', #292, #5590 ) ;
#6248 = CARTESIAN_POINT ( 'NONE',  ( -38.68139047374459238, 10.00000000000000000, -102.6294009466956538 ) ) ;
#6249 = EDGE_LOOP ( 'NONE', ( #4058, #4080, #6284, #252 ) ) ;
#6250 = CARTESIAN_POINT ( 'NONE',  ( -36.83221845872049727, 0.000000000000000000, -137.8400645262867954 ) ) ;
#6251 = EDGE_CURVE ( 'NONE', #5087, #337, #4587, .T. ) ;
#6252 = VERTEX_POINT ( 'NONE', #5 ) ;
#6253 = CARTESIAN_POINT ( 'NONE',  ( -3.075000000000000622, 2.500000000000000444, -127.7500000000000000 ) ) ;
#6254 = CARTESIAN_POINT ( 'NONE',  ( -37.79747233864500089, 5.000000000000000000, -23.48284677995476599 ) ) ;
#6255 = ORIENTED_EDGE ( 'NONE', *, *, #2477, .F. ) ;
#6256 = CARTESIAN_POINT ( 'NONE',  ( -34.02649615143338480, 4.500000000000000000, -104.4547663479550295 ) ) ;
#6257 = EDGE_LOOP ( 'NONE', ( #795, #4224, #6817, #6104 ) ) ;
#6258 = LINE ( 'NONE', #4692, #323 ) ;
#6259 = ORIENTED_EDGE ( 'NONE', *, *, #2349, .T. ) ;
#6260 = VECTOR ( 'NONE', #3516, 1000.000000000000000 ) ;
#6261 = DIRECTION ( 'NONE',  ( 0.000000000000000000, 0.000000000000000000, -1.000000000000000000 ) ) ;
#6262 = EDGE_LOOP ( 'NONE', ( #6923, #1622, #2958, #894 ) ) ;
#6263 = CARTESIAN_POINT ( 'NONE',  ( -40.56058202221508679, 10.00000000000000000, -135.6716264930534237 ) ) ;
#6264 = CARTESIAN_POINT ( 'NONE',  ( 36.83221845872051148, 0.000000000000000000, -132.3400645262867670 ) ) ;
#6265 = ORIENTED_EDGE ( 'NONE', *, *, #991, .F. ) ;
#6266 = FACE_OUTER_BOUND ( 'NONE', #1690, .T. ) ;
#6267 = VECTOR ( 'NONE', #1651, 1000.000000000000000 ) ;
#6268 = EDGE_CURVE ( 'NONE', #4733, #4689, #5494, .T. ) ;
#6269 = VECTOR ( 'NONE', #1447, 1000.000000000000000 ) ;
#6270 = CARTESIAN_POINT ( 'NONE',  ( 20.85965004500319608, 0.5000000000000073275, -52.64034995499687852 ) ) ;
#6271 = CARTESIAN_POINT ( 'NONE',  ( 36.83221845872051148, 0.5000000000000004441, -132.3400645262867670 ) ) ;
#6272 = DIRECTION ( 'NONE',  ( 0.000000000000000000, 0.000000000000000000, 1.000000000000000000 ) ) ;
#6273 = DIRECTION ( 'NONE',  ( -0.000000000000000000, -1.000000000000000000, -0.000000000000000000 ) ) ;
#6274 = EDGE_LOOP ( 'NONE', ( #6998, #2721, #2387, #5439 ) ) ;
#6275 = DIRECTION ( 'NONE',  ( 0.000000000000000000, 0.000000000000000000, 1.000000000000000000 ) ) ;
#6276 = VERTEX_POINT ( 'NONE', #6487 ) ;
#6277 = DIRECTION ( 'NONE',  ( 0.3650730802518772355, 0.000000000000000000, -0.9309788644622425391 ) ) ;
#6278 = DIRECTION ( 'NONE',  ( 0.000000000000000000, 0.000000000000000000, 1.000000000000000000 ) ) ;
#6279 = VERTEX_POINT ( 'NONE', #2132 ) ;
#6280 = CARTESIAN_POINT ( 'NONE',  ( -34.02649615143338480, 0.000000000000000000, -104.4547663479550295 ) ) ;
#6281 = CONICAL_SURFACE ( 'NONE', #3218, 13.50000000000003908, 0.7853981633974500554 ) ;
#6282 = ORIENTED_EDGE ( 'NONE', *, *, #3985, .T. ) ;
#6283 = LINE ( 'NONE', #6887, #5907 ) ;
#6284 = ORIENTED_EDGE ( 'NONE', *, *, #616, .F. ) ;
#6285 = EDGE_CURVE ( 'NONE', #6649, #3037, #6590, .T. ) ;
#6286 = AXIS2_PLACEMENT_3D ( 'NONE', #3477, #1823, #5541 ) ;
#6287 = DIRECTION ( 'NONE',  ( -0.000000000000000000, -1.000000000000000000, -0.000000000000000000 ) ) ;
#6288 = CARTESIAN_POINT ( 'NONE',  ( 20.85965004500319608, 0.5000000000000073275, -50.89034995499687142 ) ) ;
#6289 = EDGE_CURVE ( 'NONE', #1095, #5080, #2438, .T. ) ;
#6290 = ORIENTED_EDGE ( 'NONE', *, *, #6444, .F. ) ;
#6291 = CARTESIAN_POINT ( 'NONE',  ( 40.56058202221510101, 4.499999999999971578, -135.6716264930533953 ) ) ;
#6292 = CIRCLE ( 'NONE', #2221, 5.500000000000005329 ) ;
#6293 = EDGE_LOOP ( 'NONE', ( #2025, #5403, #6040, #6212 ) ) ;
#6294 = CARTESIAN_POINT ( 'NONE',  ( -20.85965004500310727, 0.5000000000000073275, -50.89034995499679326 ) ) ;
#6295 = VECTOR ( 'NONE', #59, 1000.000000000000000 ) ;
#6296 = ORIENTED_EDGE ( 'NONE', *, *, #6659, .F. ) ;
#6297 = EDGE_CURVE ( 'NONE', #6825, #3596, #415, .T. ) ;
#6298 = CIRCLE ( 'NONE', #2338, 9.999999999999994671 ) ;
#6299 = AXIS2_PLACEMENT_3D ( 'NONE', #2784, #2848, #1093 ) ;
#6300 = CARTESIAN_POINT ( 'NONE',  ( 16.85784136489926865, 10.00000000000000000, -116.2996867338522691 ) ) ;
#6301 = VERTEX_POINT ( 'NONE', #6132 ) ;
#6302 = DIRECTION ( 'NONE',  ( 0.000000000000000000, 1.000000000000000000, 0.000000000000000000 ) ) ;
#6303 = CARTESIAN_POINT ( 'NONE',  ( 30.32796396106018477, 10.00000000000000000, -101.0901178318729734 ) ) ;
#6304 = VERTEX_POINT ( 'NONE', #5535 ) ;
#6305 = DIRECTION ( 'NONE',  ( -0.000000000000000000, -1.000000000000000000, -0.000000000000000000 ) ) ;
#6306 =( GEOMETRIC_REPRESENTATION_CONTEXT ( 3 ) GLOBAL_UNCERTAINTY_ASSIGNED_CONTEXT ( ( #4806 ) ) GLOBAL_UNIT_ASSIGNED_CONTEXT ( ( #4213, #542, #5865 ) ) REPRESENTATION_CONTEXT ( 'NONE', 'WORKASPACE' ) );
#6307 = VECTOR ( 'NONE', #4889, 1000.000000000000227 ) ;
#6308 = DIRECTION ( 'NONE',  ( 0.6583014682026080422, 0.7071067811865427988, 0.2581456506747645263 ) ) ;
#6309 = DIRECTION ( 'NONE',  ( 0.000000000000000000, 0.000000000000000000, 1.000000000000000000 ) ) ;
#6310 = CARTESIAN_POINT ( 'NONE',  ( 0.000000000000000000, 0.000000000000000000, -73.50000000000000000 ) ) ;
#6311 = CARTESIAN_POINT ( 'NONE',  ( 20.85965004500319608, 10.00000000000000000, -54.39034995499687852 ) ) ;
#6312 = ORIENTED_EDGE ( 'NONE', *, *, #5897, .T. ) ;
#6313 = DIRECTION ( 'NONE',  ( -0.6406452607602373117, -0.7071067811865501263, -0.2992885728948632140 ) ) ;
#6314 = ORIENTED_EDGE ( 'NONE', *, *, #1159, .T. ) ;
#6315 = EDGE_CURVE ( 'NONE', #1260, #5562, #2904, .T. ) ;
#6316 = FACE_OUTER_BOUND ( 'NONE', #6532, .T. ) ;
#6317 = DIRECTION ( 'NONE',  ( -0.000000000000000000, -1.000000000000000000, -0.000000000000000000 ) ) ;
#6318 = CARTESIAN_POINT ( 'NONE',  ( -50.99999999999999289, 0.000000000000000000, -145.0000000000000284 ) ) ;
#6319 = EDGE_LOOP ( 'NONE', ( #1759, #1378, #447, #4519 ) ) ;
#6320 = CARTESIAN_POINT ( 'NONE',  ( 19.95593450723081475, 4.500000000000000000, -32.05412351097982793 ) ) ;
#6321 = VECTOR ( 'NONE', #4621, 1000.000000000000000 ) ;
#6322 = ORIENTED_EDGE ( 'NONE', *, *, #2265, .T. ) ;
#6323 = CIRCLE ( 'NONE', #4967, 10.00000000000000000 ) ;
#6324 = CARTESIAN_POINT ( 'NONE',  ( 3.575000000000015277, 0.5000000000000038858, -130.1322264864928684 ) ) ;
#6325 = DIRECTION ( 'NONE',  ( -0.000000000000000000, -1.000000000000000000, -0.000000000000000000 ) ) ;
#6326 = VERTEX_POINT ( 'NONE', #5565 ) ;
#6327 = DIRECTION ( 'NONE',  ( 0.000000000000000000, -1.000000000000000000, 0.000000000000000000 ) ) ;
#6328 = ORIENTED_EDGE ( 'NONE', *, *, #3505, .T. ) ;
#6329 = LINE ( 'NONE', #4763, #2021 ) ;
#6330 = VERTEX_POINT ( 'NONE', #183 ) ;
#6331 = CYLINDRICAL_SURFACE ( 'NONE', #6873, 4.999999999999997335 ) ;
#6332 = ORIENTED_EDGE ( 'NONE', *, *, #1267, .T. ) ;
#6333 = FACE_OUTER_BOUND ( 'NONE', #3664, .T. ) ;
#6334 = EDGE_CURVE ( 'NONE', #1121, #2570, #4454, .T. ) ;
#6335 = DIRECTION ( 'NONE',  ( 0.000000000000000000, 0.000000000000000000, 1.000000000000000000 ) ) ;
#6336 = EDGE_LOOP ( 'NONE', ( #2594, #6185, #5757, #5221 ) ) ;
#6337 = DIRECTION ( 'NONE',  ( 0.000000000000000000, 0.000000000000000000, 1.000000000000000000 ) ) ;
#6338 = EDGE_CURVE ( 'NONE', #3196, #4798, #1818, .T. ) ;
#6339 = CARTESIAN_POINT ( 'NONE',  ( 53.30004952161289111, 10.00000000000000000, -66.37220781459265595 ) ) ;
#6340 = FACE_OUTER_BOUND ( 'NONE', #3910, .T. ) ;
#6341 = CARTESIAN_POINT ( 'NONE',  ( -50.99999999999999289, 5.000000000000000000, -145.0000000000000284 ) ) ;
#6342 = LINE ( 'NONE', #1454, #2121 ) ;
#6343 = ORIENTED_EDGE ( 'NONE', *, *, #2692, .F. ) ;
#6344 = DIRECTION ( 'NONE',  ( 0.5067318539713859815, -0.5067318539713839831, 0.6974565623330574171 ) ) ;
#6345 = ORIENTED_EDGE ( 'NONE', *, *, #5991, .F. ) ;
#6346 = DIRECTION ( 'NONE',  ( -0.6261429507614952872, 0.000000000000000000, 0.7797082821233128902 ) ) ;
#6347 = EDGE_CURVE ( 'NONE', #6089, #2135, #182, .T. ) ;
#6348 = CARTESIAN_POINT ( 'NONE',  ( 40.56058202221510101, 10.00000000000000000, -135.6716264930533953 ) ) ;
#6349 = AXIS2_PLACEMENT_3D ( 'NONE', #1851, #2868, #5539 ) ;
#6350 = LINE ( 'NONE', #4610, #1890 ) ;
#6351 = EDGE_CURVE ( 'NONE', #5732, #5634, #1205, .T. ) ;
#6352 = ORIENTED_EDGE ( 'NONE', *, *, #6125, .T. ) ;
#6353 = CARTESIAN_POINT ( 'NONE',  ( -20.85965004500310727, 0.000000000000000000, -54.89034995499679326 ) ) ;
#6354 = VERTEX_POINT ( 'NONE', #1215 ) ;
#6355 = EDGE_CURVE ( 'NONE', #4689, #4440, #1281, .T. ) ;
#6356 = DIRECTION ( 'NONE',  ( 0.000000000000000000, 1.000000000000000000, 0.000000000000000000 ) ) ;
#6357 = FACE_OUTER_BOUND ( 'NONE', #1397, .T. ) ;
#6358 = ORIENTED_EDGE ( 'NONE', *, *, #593, .F. ) ;
#6359 = LINE ( 'NONE', #5758, #2197 ) ;
#6360 = ORIENTED_EDGE ( 'NONE', *, *, #2265, .F. ) ;
#6361 = DIRECTION ( 'NONE',  ( 0.000000000000000000, 0.000000000000000000, -1.000000000000000000 ) ) ;
#6362 = ORIENTED_EDGE ( 'NONE', *, *, #3286, .T. ) ;
#6363 = ADVANCED_FACE ( 'NONE', ( #3885 ), #5149, .F. ) ;
#6364 = VECTOR ( 'NONE', #3295, 1000.000000000000114 ) ;
#6365 = CIRCLE ( 'NONE', #4891, 4.999999999999997335 ) ;
#6366 = CARTESIAN_POINT ( 'NONE',  ( -15.02546730349719795, 10.00000000000000000, -111.6475468714770329 ) ) ;
#6367 = EDGE_LOOP ( 'NONE', ( #5613, #1991, #3780, #3677 ) ) ;
#6368 = CYLINDRICAL_SURFACE ( 'NONE', #3620, 1.750000000000001554 ) ;
#6369 = CARTESIAN_POINT ( 'NONE',  ( -15.02546730349719795, 0.5000000000000213163, -111.6475468714770329 ) ) ;
#6370 = ORIENTED_EDGE ( 'NONE', *, *, #6505, .F. ) ;
#6371 = FACE_OUTER_BOUND ( 'NONE', #4409, .T. ) ;
#6372 = EDGE_CURVE ( 'NONE', #2602, #2187, #1992, .T. ) ;
#6373 = CARTESIAN_POINT ( 'NONE',  ( -52.21999999999999176, 0.000000000000000000, -13.69999999999999929 ) ) ;
#6374 = LINE ( 'NONE', #5851, #5386 ) ;
#6375 = EDGE_CURVE ( 'NONE', #4440, #2385, #748, .T. ) ;
#6376 = CARTESIAN_POINT ( 'NONE',  ( -39.78038695602474206, 0.5000000000000004441, -46.06272032662376859 ) ) ;
#6377 = ORIENTED_EDGE ( 'NONE', *, *, #2747, .F. ) ;
#6378 = CARTESIAN_POINT ( 'NONE',  ( 35.25034087383883730, 4.500000000000000000, -48.94643053236772090 ) ) ;
#6379 = VERTEX_POINT ( 'NONE', #2342 ) ;
#6380 = CIRCLE ( 'NONE', #6717, 13.49999999999992895 ) ;
#6381 = AXIS2_PLACEMENT_3D ( 'NONE', #6127, #6054, #2371 ) ;
#6382 = VECTOR ( 'NONE', #236, 1000.000000000000227 ) ;
#6383 = DIRECTION ( 'NONE',  ( -0.000000000000000000, 1.000000000000000000, -0.000000000000000000 ) ) ;
#6384 = DIRECTION ( 'NONE',  ( -6.938893903907232322E-16, 0.000000000000000000, 1.000000000000000000 ) ) ;
#6385 = DIRECTION ( 'NONE',  ( 0.000000000000000000, 0.000000000000000000, -1.000000000000000000 ) ) ;
#6386 = VERTEX_POINT ( 'NONE', #2865 ) ;
#6387 = DIRECTION ( 'NONE',  ( -0.7797082821233128902, 0.000000000000000000, -0.6261429507614952872 ) ) ;
#6388 = EDGE_LOOP ( 'NONE', ( #7012, #6847, #5110, #1814, #3685, #1969 ) ) ;
#6389 = AXIS2_PLACEMENT_3D ( 'NONE', #3346, #2151, #665 ) ;
#6390 = AXIS2_PLACEMENT_3D ( 'NONE', #2915, #5076, #4170 ) ;
#6391 = EDGE_CURVE ( 'NONE', #912, #2661, #3499, .T. ) ;
#6392 = CARTESIAN_POINT ( 'NONE',  ( -8.934326635256088167, 5.000000000000000000, -142.0000000000000284 ) ) ;
#6393 = FACE_OUTER_BOUND ( 'NONE', #4493, .T. ) ;
#6394 = ORIENTED_EDGE ( 'NONE', *, *, #2647, .F. ) ;
#6395 = DIRECTION ( 'NONE',  ( 0.000000000000000000, -1.000000000000000000, 0.000000000000000000 ) ) ;
#6396 = EDGE_CURVE ( 'NONE', #1873, #6301, #1317, .T. ) ;
#6397 = ORIENTED_EDGE ( 'NONE', *, *, #5181, .T. ) ;
#6398 = DIRECTION ( 'NONE',  ( 0.000000000000000000, -1.000000000000000000, 0.000000000000000000 ) ) ;
#6399 = ORIENTED_EDGE ( 'NONE', *, *, #6581, .F. ) ;
#6400 = AXIS2_PLACEMENT_3D ( 'NONE', #2421, #4616, #869 ) ;
#6401 = AXIS2_PLACEMENT_3D ( 'NONE', #5389, #541, #783 ) ;
#6402 = CARTESIAN_POINT ( 'NONE',  ( 0.000000000000000000, 5.000000000000000000, -73.50000000000000000 ) ) ;
#6403 = VERTEX_POINT ( 'NONE', #2967 ) ;
#6404 = CARTESIAN_POINT ( 'NONE',  ( -3.643364367998695563, 0.4316356320013056136, -130.1213986343292675 ) ) ;
#6405 = CONICAL_SURFACE ( 'NONE', #1091, 5.500000000000005329, 0.7853981633974509435 ) ;
#6406 = ORIENTED_EDGE ( 'NONE', *, *, #4075, .T. ) ;
#6407 = DIRECTION ( 'NONE',  ( 0.000000000000000000, 0.000000000000000000, 1.000000000000000000 ) ) ;
#6408 = VECTOR ( 'NONE', #3911, 1000.000000000000000 ) ;
#6409 = VECTOR ( 'NONE', #2903, 1000.000000000000114 ) ;
#6410 = CARTESIAN_POINT ( 'NONE',  ( -17.56989885962712705, 0.000000000000000000, -37.00960874336267636 ) ) ;
#6411 = CARTESIAN_POINT ( 'NONE',  ( -59.37786006647043990, 0.5000000000000004441, -27.73939977290451964 ) ) ;
#6412 = DIRECTION ( 'NONE',  ( -0.6406452607602527438, -0.7071067811865328068, 0.2992885728948714852 ) ) ;
#6413 = ADVANCED_FACE ( 'NONE', ( #3469 ), #3989, .T. ) ;
#6414 = EDGE_LOOP ( 'NONE', ( #938, #6806, #6903, #97 ) ) ;
#6415 = DIRECTION ( 'NONE',  ( -0.000000000000000000, -1.000000000000000000, -0.000000000000000000 ) ) ;
#6416 = AXIS2_PLACEMENT_3D ( 'NONE', #5322, #2697, #4785 ) ;
#6417 = AXIS2_PLACEMENT_3D ( 'NONE', #1634, #6943, #1071 ) ;
#6418 = VERTEX_POINT ( 'NONE', #248 ) ;
#6419 = EDGE_CURVE ( 'NONE', #6018, #3535, #1660, .T. ) ;
#6420 = CARTESIAN_POINT ( 'NONE',  ( 20.85965004500311082, 3.450000000000053024, -96.10965004500317832 ) ) ;
#6421 = CIRCLE ( 'NONE', #5172, 4.999999999999997335 ) ;
#6422 = CARTESIAN_POINT ( 'NONE',  ( -52.21999999999999176, 0.5000000000000004441, -13.69999999999999929 ) ) ;
#6423 = SURFACE_SIDE_STYLE ('',( #2060 ) ) ;
#6424 = ADVANCED_FACE ( 'NONE', ( #6728 ), #4999, .F. ) ;
#6425 = ORIENTED_EDGE ( 'NONE', *, *, #5160, .T. ) ;
#6426 = CARTESIAN_POINT ( 'NONE',  ( 1.355202238605939913, 0.5000000000000177636, -0.5314275914286075153 ) ) ;
#6427 = EDGE_CURVE ( 'NONE', #864, #1864, #143, .T. ) ;
#6428 = ORIENTED_EDGE ( 'NONE', *, *, #6896, .F. ) ;
#6429 = CARTESIAN_POINT ( 'NONE',  ( 35.25034087383883730, 0.000000000000000000, -43.94643053236772090 ) ) ;
#6430 = CARTESIAN_POINT ( 'NONE',  ( -13.41405513571105779, 5.000000000000000000, -120.5880822855305041 ) ) ;
#6431 = AXIS2_PLACEMENT_3D ( 'NONE', #2956, #238, #2468 ) ;
#6432 = EDGE_LOOP ( 'NONE', ( #3108, #5284, #896, #6046 ) ) ;
#6433 = CARTESIAN_POINT ( 'NONE',  ( 48.87647513375095798, 5.000000000000000000, -73.84450217278281059 ) ) ;
#6434 = ORIENTED_EDGE ( 'NONE', *, *, #2301, .T. ) ;
#6435 = LINE ( 'NONE', #6999, #4279 ) ;
#6436 = ORIENTED_EDGE ( 'NONE', *, *, #5874, .F. ) ;
#6437 = CARTESIAN_POINT ( 'NONE',  ( 20.85965004500311082, 10.00000000000000000, -94.35965004500316411 ) ) ;
#6438 = EDGE_LOOP ( 'NONE', ( #6631, #157, #486, #2253 ) ) ;
#6439 = CARTESIAN_POINT ( 'NONE',  ( 50.99999999999999289, 5.000000000000000000, -145.0000000000000284 ) ) ;
#6440 = UNCERTAINTY_MEASURE_WITH_UNIT (LENGTH_MEASURE( 1.000000000000000082E-05 ), #997, 'distance_accuracy_value', 'NONE');
#6441 = ORIENTED_EDGE ( 'NONE', *, *, #6831, .F. ) ;
#6442 = CARTESIAN_POINT ( 'NONE',  ( -50.10710092385632919, 0.000000000000000000, -105.7441059250384541 ) ) ;
#6443 = EDGE_CURVE ( 'NONE', #5033, #5393, #6298, .T. ) ;
#6444 = EDGE_CURVE ( 'NONE', #1632, #2418, #640, .T. ) ;
#6445 = ADVANCED_FACE ( 'NONE', ( #3671 ), #4136, .F. ) ;
#6446 = DIRECTION ( 'NONE',  ( 0.000000000000000000, 1.000000000000000000, 0.000000000000000000 ) ) ;
#6447 = CARTESIAN_POINT ( 'NONE',  ( -45.63172724657253099, 0.000000000000000000, -23.64268241933963566 ) ) ;
#6448 = FACE_OUTER_BOUND ( 'NONE', #4367, .T. ) ;
#6449 = ORIENTED_EDGE ( 'NONE', *, *, #4959, .T. ) ;
#6450 = CARTESIAN_POINT ( 'NONE',  ( -1.118356484969027719E-14, 5.000000000000000000, -95.50000000000002842 ) ) ;
#6451 = ADVANCED_FACE ( 'NONE', ( #1984 ), #1323, .T. ) ;
#6452 = DIRECTION ( 'NONE',  ( 0.000000000000000000, 0.000000000000000000, -1.000000000000000000 ) ) ;
#6453 = CARTESIAN_POINT ( 'NONE',  ( -20.85965004500318898, 3.449999999999969535, -96.10965004500309306 ) ) ;
#6454 = AXIS2_PLACEMENT_3D ( 'NONE', #1446, #3597, #98 ) ;
#6455 = LINE ( 'NONE', #4357, #5969 ) ;
#6456 = ORIENTED_EDGE ( 'NONE', *, *, #3492, .F. ) ;
#6457 = DIRECTION ( 'NONE',  ( 0.000000000000000000, 1.000000000000000000, 0.000000000000000000 ) ) ;
#6458 = ORIENTED_EDGE ( 'NONE', *, *, #6725, .T. ) ;
#6459 = ADVANCED_FACE ( 'NONE', ( #6237 ), #325, .F. ) ;
#6460 = DIRECTION ( 'NONE',  ( 0.6406452607602420857, 0.7071067811865446862, -0.2992885728948658230 ) ) ;
#6461 = CARTESIAN_POINT ( 'NONE',  ( 43.14224645948156933, 10.00000000000000000, -127.7009910891845692 ) ) ;
#6462 = FACE_OUTER_BOUND ( 'NONE', #2639, .T. ) ;
#6463 = ORIENTED_EDGE ( 'NONE', *, *, #3924, .T. ) ;
#6464 = DIRECTION ( 'NONE',  ( 1.239088197126289831E-16, 0.000000000000000000, -1.000000000000000000 ) ) ;
#6465 = EDGE_CURVE ( 'NONE', #3591, #1469, #5697, .T. ) ;
#6466 = VERTEX_POINT ( 'NONE', #4709 ) ;
#6467 = DIRECTION ( 'NONE',  ( 0.000000000000000000, 0.000000000000000000, 1.000000000000000000 ) ) ;
#6468 = ORIENTED_EDGE ( 'NONE', *, *, #3463, .T. ) ;
#6469 = AXIS2_PLACEMENT_3D ( 'NONE', #1498, #1999, #6783 ) ;
#6470 = LINE ( 'NONE', #2148, #6748 ) ;
#6471 = DIRECTION ( 'NONE',  ( 0.4427499264756066810, 0.7071067811865499042, -0.5513370136367060637 ) ) ;
#6472 = EDGE_LOOP ( 'NONE', ( #2871, #2484, #4786, #70 ) ) ;
#6473 = DIRECTION ( 'NONE',  ( 0.4232579588512069835, 0.000000000000000000, -0.9060092164371783552 ) ) ;
#6474 = ORIENTED_EDGE ( 'NONE', *, *, #1533, .F. ) ;
#6475 = DIRECTION ( 'NONE',  ( 8.659560562354995721E-17, 0.7071067811865424657, -0.7071067811865526798 ) ) ;
#6476 = VECTOR ( 'NONE', #6839, 1000.000000000000000 ) ;
#6477 = CYLINDRICAL_SURFACE ( 'NONE', #3312, 10.00000000000000888 ) ;
#6478 = CARTESIAN_POINT ( 'NONE',  ( -50.99999999999999289, 0.000000000000000000, -145.0000000000000284 ) ) ;
#6479 = ORIENTED_EDGE ( 'NONE', *, *, #4242, .F. ) ;
#6480 = CARTESIAN_POINT ( 'NONE',  ( 49.99999999999997158, 5.000000000000000000, -145.0000000000000000 ) ) ;
#6481 = AXIS2_PLACEMENT_3D ( 'NONE', #1810, #3384, #2854 ) ;
#6482 = EDGE_CURVE ( 'NONE', #3993, #5383, #5314, .T. ) ;
#6483 = ORIENTED_EDGE ( 'NONE', *, *, #1249, .T. ) ;
#6484 = DIRECTION ( 'NONE',  ( -0.000000000000000000, -1.000000000000000000, -0.000000000000000000 ) ) ;
#6485 = VECTOR ( 'NONE', #5301, 1000.000000000000000 ) ;
#6486 = CARTESIAN_POINT ( 'NONE',  ( 8.934326635256089943, 4.500000000000035527, -132.0000000000000000 ) ) ;
#6487 = CARTESIAN_POINT ( 'NONE',  ( 39.10119705689740499, 0.000000000000000000, -77.67776951542754205 ) ) ;
#6488 = CYLINDRICAL_SURFACE ( 'NONE', #6416, 1.750000000000001554 ) ;
#6489 = VERTEX_POINT ( 'NONE', #4171 ) ;
#6490 = CARTESIAN_POINT ( 'NONE',  ( -20.85965004500318898, 3.449999999999969535, -94.35965004500309306 ) ) ;
#6491 = AXIS2_PLACEMENT_3D ( 'NONE', #5884, #4309, #2229 ) ;
#6492 = ORIENTED_EDGE ( 'NONE', *, *, #905, .F. ) ;
#6493 = AXIS2_PLACEMENT_3D ( 'NONE', #304, #4619, #1507 ) ;
#6494 = DIRECTION ( 'NONE',  ( 0.000000000000000000, 0.000000000000000000, 1.000000000000000000 ) ) ;
#6495 = AXIS2_PLACEMENT_3D ( 'NONE', #6264, #2435, #4626 ) ;
#6496 = FACE_OUTER_BOUND ( 'NONE', #5133, .T. ) ;
#6497 = DIRECTION ( 'NONE',  ( 0.000000000000000000, 0.000000000000000000, 1.000000000000000000 ) ) ;
#6498 = EDGE_LOOP ( 'NONE', ( #1201, #4618, #5241, #1277 ) ) ;
#6499 = CARTESIAN_POINT ( 'NONE',  ( 36.83221845872051148, 4.499999999999971578, -137.3400645262867670 ) ) ;
#6500 = ORIENTED_EDGE ( 'NONE', *, *, #1350, .T. ) ;
#6501 = CARTESIAN_POINT ( 'NONE',  ( -50.99999999999999289, 5.000000000000000000, -158.5000000000001421 ) ) ;
#6502 = VECTOR ( 'NONE', #2855, 1000.000000000000000 ) ;
#6503 = EDGE_CURVE ( 'NONE', #2758, #3086, #1100, .T. ) ;
#6504 = ORIENTED_EDGE ( 'NONE', *, *, #6347, .F. ) ;
#6505 = EDGE_CURVE ( 'NONE', #209, #1320, #1376, .T. ) ;
#6506 = LINE ( 'NONE', #6009, #1884 ) ;
#6507 = FACE_OUTER_BOUND ( 'NONE', #3444, .T. ) ;
#6508 = ORIENTED_EDGE ( 'NONE', *, *, #879, .F. ) ;
#6509 = DIRECTION ( 'NONE',  ( -0.6406452607602393101, 0.7071067811865475727, 0.2992885728948653234 ) ) ;
#6510 = ORIENTED_EDGE ( 'NONE', *, *, #1708, .T. ) ;
#6511 = DIRECTION ( 'NONE',  ( 0.000000000000000000, 1.000000000000000000, 0.000000000000000000 ) ) ;
#6512 = ADVANCED_FACE ( 'NONE', ( #4775 ), #4708, .T. ) ;
#6513 = ADVANCED_FACE ( 'NONE', ( #2585 ), #3531, .F. ) ;
#6514 = CIRCLE ( 'NONE', #5143, 9.999999999999994671 ) ;
#6515 = CONICAL_SURFACE ( 'NONE', #4930, 5.500000000000015099, 0.7853981633974621568 ) ;
#6516 = CARTESIAN_POINT ( 'NONE',  ( -47.57676659720977597, 5.000000000000000000, -30.55541166886929005 ) ) ;
#6517 = CARTESIAN_POINT ( 'NONE',  ( 1.776011422110203686, -1.351011422110181881, -132.2979771557794777 ) ) ;
#6518 = VERTEX_POINT ( 'NONE', #6836 ) ;
#6519 = VECTOR ( 'NONE', #2486, 1000.000000000000000 ) ;
#6520 = ORIENTED_EDGE ( 'NONE', *, *, #1555, .T. ) ;
#6521 = CARTESIAN_POINT ( 'NONE',  ( -4.575000000000004619, 5.000000000000000000, -131.4464574229608047 ) ) ;
#6522 = AXIS2_PLACEMENT_3D ( 'NONE', #6270, #5804, #2478 ) ;
#6523 = EDGE_CURVE ( 'NONE', #6649, #5210, #866, .T. ) ;
#6524 = VECTOR ( 'NONE', #5343, 1000.000000000000000 ) ;
#6525 = CARTESIAN_POINT ( 'NONE',  ( 42.23399868933908152, 0.5000000000000283107, -155.9159159497263829 ) ) ;
#6526 = CARTESIAN_POINT ( 'NONE',  ( 20.85965004500319608, 5.000000000000000000, -55.94034995499693252 ) ) ;
#6527 = VECTOR ( 'NONE', #1745, 1000.000000000000000 ) ;
#6528 = DIRECTION ( 'NONE',  ( -0.000000000000000000, -1.000000000000000000, -0.000000000000000000 ) ) ;
#6529 = ORIENTED_EDGE ( 'NONE', *, *, #901, .T. ) ;
#6530 = FACE_OUTER_BOUND ( 'NONE', #5946, .T. ) ;
#6531 = ADVANCED_FACE ( 'NONE', ( #852 ), #431, .F. ) ;
#6532 = EDGE_LOOP ( 'NONE', ( #2837, #6814, #5890, #4957 ) ) ;
#6533 = EDGE_CURVE ( 'NONE', #136, #2446, #2900, .T. ) ;
#6534 = VECTOR ( 'NONE', #893, 1000.000000000000114 ) ;
#6535 = VECTOR ( 'NONE', #6190, 1000.000000000000114 ) ;
#6536 = EDGE_CURVE ( 'NONE', #4250, #4276, #6374, .T. ) ;
#6537 = FACE_OUTER_BOUND ( 'NONE', #1017, .T. ) ;
#6538 = CARTESIAN_POINT ( 'NONE',  ( 52.21999999999999176, 5.000000000000000000, -13.69999999999999929 ) ) ;
#6539 = FACE_OUTER_BOUND ( 'NONE', #1455, .T. ) ;
#6540 = EDGE_LOOP ( 'NONE', ( #1480, #5355, #5567, #2899 ) ) ;
#6541 = CARTESIAN_POINT ( 'NONE',  ( 8.934326635256089943, 5.000000000000000000, -131.5000000000000568 ) ) ;
#6542 = ORIENTED_EDGE ( 'NONE', *, *, #5553, .F. ) ;
#6543 = CARTESIAN_POINT ( 'NONE',  ( 42.59371590680527930, 5.000000000000000000, -28.22749289518764471 ) ) ;
#6544 = EDGE_LOOP ( 'NONE', ( #3028, #6113, #6711, #5977 ) ) ;
#6545 = FACE_OUTER_BOUND ( 'NONE', #3475, .T. ) ;
#6546 = DIRECTION ( 'NONE',  ( 0.000000000000000000, 1.000000000000000000, 0.000000000000000000 ) ) ;
#6547 = ADVANCED_FACE ( 'NONE', ( #1004 ), #3342, .F. ) ;
#6548 = ORIENTED_EDGE ( 'NONE', *, *, #3170, .T. ) ;
#6549 = DIRECTION ( 'NONE',  ( 0.000000000000000000, -1.000000000000000000, 0.000000000000000000 ) ) ;
#6550 = ORIENTED_EDGE ( 'NONE', *, *, #3865, .F. ) ;
#6551 = DIRECTION ( 'NONE',  ( 0.000000000000000000, -1.000000000000000000, 0.000000000000000000 ) ) ;
#6552 = VECTOR ( 'NONE', #699, 1000.000000000000000 ) ;
#6553 = EDGE_CURVE ( 'NONE', #4084, #3300, #5155, .T. ) ;
#6554 = ADVANCED_FACE ( 'NONE', ( #3606 ), #6069, .F. ) ;
#6555 = DIRECTION ( 'NONE',  ( 0.000000000000000000, 0.000000000000000000, 1.000000000000000000 ) ) ;
#6556 = CARTESIAN_POINT ( 'NONE',  ( -1.124479718964764634E-14, 4.499999999999989342, -95.00000000000000000 ) ) ;
#6557 = VERTEX_POINT ( 'NONE', #4922 ) ;
#6558 = EDGE_CURVE ( 'NONE', #283, #1652, #2719, .T. ) ;
#6559 = ORIENTED_EDGE ( 'NONE', *, *, #4924, .T. ) ;
#6560 = CARTESIAN_POINT ( 'NONE',  ( -63.56821467024028038, 0.000000000000000000, -140.0715134165996574 ) ) ;
#6561 = CARTESIAN_POINT ( 'NONE',  ( 20.85965004500311082, 5.000000000000000000, -97.65965004500314706 ) ) ;
#6562 = CARTESIAN_POINT ( 'NONE',  ( -39.14687990597573730, 0.000000000000000000, -102.4468644065697021 ) ) ;
#6563 = ORIENTED_EDGE ( 'NONE', *, *, #5401, .T. ) ;
#6564 = DIRECTION ( 'NONE',  ( 0.000000000000000000, 1.000000000000000000, 0.000000000000000000 ) ) ;
#6565 = VERTEX_POINT ( 'NONE', #6447 ) ;
#6566 = CARTESIAN_POINT ( 'NONE',  ( 36.83221845872051148, 0.000000000000000000, -132.3400645262867670 ) ) ;
#6567 = CARTESIAN_POINT ( 'NONE',  ( 17.56989885962713771, 0.000000000000000000, -37.00960874336265505 ) ) ;
#6568 = LINE ( 'NONE', #6599, #5251 ) ;
#6569 = VERTEX_POINT ( 'NONE', #5446 ) ;
#6570 = CARTESIAN_POINT ( 'NONE',  ( -37.79747233864500089, 5.000000000000000000, -17.98284677995475178 ) ) ;
#6571 = ORIENTED_EDGE ( 'NONE', *, *, #3710, .T. ) ;
#6572 = CARTESIAN_POINT ( 'NONE',  ( 59.56147902922783999, 0.5000000000000316414, -74.16929063582588810 ) ) ;
#6573 = ORIENTED_EDGE ( 'NONE', *, *, #4992, .F. ) ;
#6574 = ADVANCED_FACE ( 'NONE', ( #7011 ), #6188, .T. ) ;
#6575 = CARTESIAN_POINT ( 'NONE',  ( -33.70150370491300862, 4.500000000000000000, -136.2386059369033546 ) ) ;
#6576 = DIRECTION ( 'NONE',  ( 0.000000000000000000, 0.000000000000000000, -1.000000000000000000 ) ) ;
#6577 = ORIENTED_EDGE ( 'NONE', *, *, #5561, .T. ) ;
#6578 = CARTESIAN_POINT ( 'NONE',  ( 34.02649615143337769, 4.499999999999971578, -104.4547663479550295 ) ) ;
#6579 = ORIENTED_EDGE ( 'NONE', *, *, #222, .F. ) ;
#6580 = CARTESIAN_POINT ( 'NONE',  ( 29.95811074202286051, 0.000000000000000000, -100.7536529802647607 ) ) ;
#6581 = EDGE_CURVE ( 'NONE', #1560, #5616, #1670, .T. ) ;
#6582 = CARTESIAN_POINT ( 'NONE',  ( 37.79747233864500089, 0.000000000000000000, -23.48284677995476599 ) ) ;
#6583 = FACE_OUTER_BOUND ( 'NONE', #2482, .T. ) ;
#6584 = EDGE_LOOP ( 'NONE', ( #2436, #1431, #1283, #258 ) ) ;
#6585 = ORIENTED_EDGE ( 'NONE', *, *, #4559, .T. ) ;
#6586 = EDGE_CURVE ( 'NONE', #6518, #4276, #2649, .T. ) ;
#6587 = EDGE_CURVE ( 'NONE', #4762, #3300, #4386, .T. ) ;
#6588 = DIRECTION ( 'NONE',  ( 0.000000000000000000, 1.000000000000000000, 0.000000000000000000 ) ) ;
#6589 = AXIS2_PLACEMENT_3D ( 'NONE', #2913, #5136, #1792 ) ;
#6590 = LINE ( 'NONE', #4319, #1772 ) ;
#6591 = CARTESIAN_POINT ( 'NONE',  ( -8.673617379884035472E-16, 0.5000000000000281997, -23.90587977405050779 ) ) ;
#6592 = ORIENTED_EDGE ( 'NONE', *, *, #946, .F. ) ;
#6593 = DIRECTION ( 'NONE',  ( 0.7797082821233123351, -0.000000000000000000, 0.6261429507614958423 ) ) ;
#6594 = VERTEX_POINT ( 'NONE', #595 ) ;
#6595 = ADVANCED_FACE ( 'NONE', ( #2085 ), #6864, .T. ) ;
#6596 = CONICAL_SURFACE ( 'NONE', #3530, 5.500000000000005329, 0.7853981633974543852 ) ;
#6597 = CARTESIAN_POINT ( 'NONE',  ( 35.25034087383883730, 5.000000000000000000, -43.94643053236772090 ) ) ;
#6598 = CARTESIAN_POINT ( 'NONE',  ( -64.03370410247144662, 0.5000000000000281997, -139.8889768764736914 ) ) ;
#6599 = CARTESIAN_POINT ( 'NONE',  ( -35.41579429361749476, 0.000000000000000000, -18.52526574785513702 ) ) ;
#6600 = ORIENTED_EDGE ( 'NONE', *, *, #6205, .T. ) ;
#6601 = CARTESIAN_POINT ( 'NONE',  ( -50.99999999999999289, 5.000000000000000000, -147.2500000000000284 ) ) ;
#6602 = VECTOR ( 'NONE', #5275, 1000.000000000000000 ) ;
#6603 = VERTEX_POINT ( 'NONE', #3779 ) ;
#6604 = CARTESIAN_POINT ( 'NONE',  ( -20.85965004500310727, 0.5000000000000073275, -50.89034995499679326 ) ) ;
#6605 = EDGE_LOOP ( 'NONE', ( #583, #6322, #5967, #3428 ) ) ;
#6606 = AXIS2_PLACEMENT_3D ( 'NONE', #4385, #6016, #6617 ) ;
#6607 = CYLINDRICAL_SURFACE ( 'NONE', #191, 1.750000000000001554 ) ;
#6608 = CARTESIAN_POINT ( 'NONE',  ( -20.85965004500310727, 3.449999999999969535, -54.39034995499679326 ) ) ;
#6609 = ORIENTED_EDGE ( 'NONE', *, *, #5998, .F. ) ;
#6610 = CARTESIAN_POINT ( 'NONE',  ( -15.19575614287105836, 4.500000000000032863, -134.2029171787668815 ) ) ;
#6611 = ORIENTED_EDGE ( 'NONE', *, *, #6667, .T. ) ;
#6612 = DIRECTION ( 'NONE',  ( 0.000000000000000000, -1.000000000000000000, 0.000000000000000000 ) ) ;
#6613 = DIRECTION ( 'NONE',  ( 0.000000000000000000, 0.000000000000000000, 1.000000000000000000 ) ) ;
#6614 = AXIS2_PLACEMENT_3D ( 'NONE', #6671, #6146, #863 ) ;
#6615 = EDGE_CURVE ( 'NONE', #4511, #3596, #531, .T. ) ;
#6616 = AXIS2_PLACEMENT_3D ( 'NONE', #2714, #3736, #4339 ) ;
#6617 = DIRECTION ( 'NONE',  ( 0.000000000000000000, 0.000000000000000000, 1.000000000000000000 ) ) ;
#6618 = VECTOR ( 'NONE', #908, 1000.000000000000000 ) ;
#6619 = LINE ( 'NONE', #1209, #5695 ) ;
#6620 = ORIENTED_EDGE ( 'NONE', *, *, #1502, .F. ) ;
#6621 = EDGE_LOOP ( 'NONE', ( #4611, #4663 ) ) ;
#6622 = CIRCLE ( 'NONE', #5724, 5.500000000000005329 ) ;
#6623 = VECTOR ( 'NONE', #2569, 999.9999999999998863 ) ;
#6624 = CARTESIAN_POINT ( 'NONE',  ( -42.39481572275356314, -41.96981572275372230, -66.79805225429936399 ) ) ;
#6625 = VECTOR ( 'NONE', #4892, 1000.000000000000000 ) ;
#6626 = DIRECTION ( 'NONE',  ( -0.000000000000000000, -1.000000000000000000, -0.000000000000000000 ) ) ;
#6627 = LINE ( 'NONE', #1786, #3917 ) ;
#6628 = CIRCLE ( 'NONE', #6862, 3.300000000000026912 ) ;
#6629 = VERTEX_POINT ( 'NONE', #633 ) ;
#6630 = LINE ( 'NONE', #6695, #592 ) ;
#6631 = ORIENTED_EDGE ( 'NONE', *, *, #2597, .T. ) ;
#6632 = EDGE_CURVE ( 'NONE', #5888, #990, #3005, .T. ) ;
#6633 = VECTOR ( 'NONE', #3041, 1000.000000000000000 ) ;
#6634 = LINE ( 'NONE', #1254, #1619 ) ;
#6635 = EDGE_CURVE ( 'NONE', #4673, #4565, #4369, .T. ) ;
#6636 = DIRECTION ( 'NONE',  ( 0.000000000000000000, 0.000000000000000000, 1.000000000000000000 ) ) ;
#6637 = DIRECTION ( 'NONE',  ( 0.000000000000000000, 1.000000000000000000, 0.000000000000000000 ) ) ;
#6638 = CARTESIAN_POINT ( 'NONE',  ( 17.56989885962713771, 0.000000000000000000, -37.00960874336265505 ) ) ;
#6639 = EDGE_CURVE ( 'NONE', #6489, #6746, #6017, .T. ) ;
#6640 = DIRECTION ( 'NONE',  ( 0.000000000000000000, 0.000000000000000000, 1.000000000000000000 ) ) ;
#6641 = ORIENTED_EDGE ( 'NONE', *, *, #468, .T. ) ;
#6642 = CARTESIAN_POINT ( 'NONE',  ( -8.940694323019437562, -19.49202618875708737, -123.0678098733491623 ) ) ;
#6643 = ORIENTED_EDGE ( 'NONE', *, *, #5939, .T. ) ;
#6644 = CIRCLE ( 'NONE', #538, 41.00000000000000000 ) ;
#6645 = CARTESIAN_POINT ( 'NONE',  ( -64.03370410247146083, 0.5000000000000281997, -139.8889768764736914 ) ) ;
#6646 = CARTESIAN_POINT ( 'NONE',  ( 50.99999999999999289, 0.000000000000000000, -145.0000000000000284 ) ) ;
#6647 = ORIENTED_EDGE ( 'NONE', *, *, #925, .T. ) ;
#6648 = CARTESIAN_POINT ( 'NONE',  ( -34.02649615143338480, 5.000000000000000000, -104.4547663479550295 ) ) ;
#6649 = VERTEX_POINT ( 'NONE', #3249 ) ;
#6650 = DIRECTION ( 'NONE',  ( -0.000000000000000000, -1.000000000000000000, -0.000000000000000000 ) ) ;
#6651 = PLANE ( 'NONE',  #1500 ) ;
#6652 = DIRECTION ( 'NONE',  ( -0.000000000000000000, -1.000000000000000000, -0.000000000000000000 ) ) ;
#6653 = EDGE_CURVE ( 'NONE', #4229, #4516, #5729, .T. ) ;
#6654 = DIRECTION ( 'NONE',  ( 0.000000000000000000, 0.000000000000000000, -1.000000000000000000 ) ) ;
#6655 = ORIENTED_EDGE ( 'NONE', *, *, #1726, .F. ) ;
#6656 = AXIS2_PLACEMENT_3D ( 'NONE', #5526, #6612, #5381 ) ;
#6657 = EDGE_CURVE ( 'NONE', #5582, #5476, #6940, .T. ) ;
#6658 = ORIENTED_EDGE ( 'NONE', *, *, #4456, .T. ) ;
#6659 = EDGE_CURVE ( 'NONE', #6981, #4387, #6979, .T. ) ;
#6660 = AXIS2_PLACEMENT_3D ( 'NONE', #2146, #2777, #2814 ) ;
#6661 = CARTESIAN_POINT ( 'NONE',  ( -14.49684459344379128, -14.07184459344385452, -123.9262823017802049 ) ) ;
#6662 = CARTESIAN_POINT ( 'NONE',  ( 52.21999999999999176, 0.000000000000000000, -13.69999999999999929 ) ) ;
#6663 = DIRECTION ( 'NONE',  ( 0.000000000000000000, 0.000000000000000000, 1.000000000000000000 ) ) ;
#6664 = VERTEX_POINT ( 'NONE', #5886 ) ;
#6665 = DIRECTION ( 'NONE',  ( -0.3650730802518767359, 0.000000000000000000, 0.9309788644622426501 ) ) ;
#6666 = ORIENTED_EDGE ( 'NONE', *, *, #1045, .T. ) ;
#6667 = EDGE_CURVE ( 'NONE', #581, #6701, #1673, .T. ) ;
#6668 = CARTESIAN_POINT ( 'NONE',  ( -50.10710092385640735, 5.000000000000000000, -105.7441059250384257 ) ) ;
#6669 = DIRECTION ( 'NONE',  ( -0.4232579588512070390, 0.000000000000000000, 0.9060092164371783552 ) ) ;
#6670 = FACE_OUTER_BOUND ( 'NONE', #1971, .T. ) ;
#6671 = CARTESIAN_POINT ( 'NONE',  ( 50.99999999999999289, 4.500000000000030198, -145.0000000000000284 ) ) ;
#6672 = CARTESIAN_POINT ( 'NONE',  ( 46.83854437949984373, 0.4999999999999726885, -2.498233092428983504 ) ) ;
#6673 = ORIENTED_EDGE ( 'NONE', *, *, #2768, .F. ) ;
#6674 = CARTESIAN_POINT ( 'NONE',  ( 20.85965004500319608, 3.449999999999969535, -52.64034995499687852 ) ) ;
#6675 = ORIENTED_EDGE ( 'NONE', *, *, #774, .T. ) ;
#6676 = EDGE_CURVE ( 'NONE', #6203, #458, #4252, .T. ) ;
#6677 = EDGE_CURVE ( 'NONE', #6018, #3555, #32, .T. ) ;
#6678 = DIRECTION ( 'NONE',  ( -0.000000000000000000, 1.000000000000000000, -0.000000000000000000 ) ) ;
#6679 = CARTESIAN_POINT ( 'NONE',  ( -3.575000000000000622, 2.500000000000000444, -128.5000000000000000 ) ) ;
#6680 = ORIENTED_EDGE ( 'NONE', *, *, #4351, .T. ) ;
#6681 = DIRECTION ( 'NONE',  ( 0.000000000000000000, 0.000000000000000000, 1.000000000000000000 ) ) ;
#6682 = VERTEX_POINT ( 'NONE', #1135 ) ;
#6683 = DIRECTION ( 'NONE',  ( 0.000000000000000000, 0.000000000000000000, 1.000000000000000000 ) ) ;
#6684 = CONICAL_SURFACE ( 'NONE', #1595, 5.500000000000005329, 0.7853981633974536081 ) ;
#6685 = AXIS2_PLACEMENT_3D ( 'NONE', #4494, #2938, #3326 ) ;
#6686 = VERTEX_POINT ( 'NONE', #2194 ) ;
#6687 = LINE ( 'NONE', #4165, #3212 ) ;
#6688 = CARTESIAN_POINT ( 'NONE',  ( -50.99999999999999289, 10.00000000000000000, -145.0000000000000284 ) ) ;
#6689 = ORIENTED_EDGE ( 'NONE', *, *, #3283, .F. ) ;
#6690 = FACE_OUTER_BOUND ( 'NONE', #6243, .T. ) ;
#6691 = CARTESIAN_POINT ( 'NONE',  ( -19.95593450723081475, 0.5000000000000004441, -32.05412351097982793 ) ) ;
#6692 = ADVANCED_FACE ( 'NONE', ( #3281 ), #5024, .F. ) ;
#6693 = LINE ( 'NONE', #2834, #1676 ) ;
#6694 = ORIENTED_EDGE ( 'NONE', *, *, #4396, .T. ) ;
#6695 = CARTESIAN_POINT ( 'NONE',  ( -1.387778780781445676E-14, 10.00000000000000000, -95.00000000000000000 ) ) ;
#6696 = ORIENTED_EDGE ( 'NONE', *, *, #185, .F. ) ;
#6697 = AXIS2_PLACEMENT_3D ( 'NONE', #81, #3931, #6066 ) ;
#6698 = DIRECTION ( 'NONE',  ( -0.000000000000000000, -1.000000000000000000, -0.000000000000000000 ) ) ;
#6699 = LINE ( 'NONE', #4070, #408 ) ;
#6700 = CARTESIAN_POINT ( 'NONE',  ( -42.23399868933903178, 0.5000000000000321965, -155.9159159497264113 ) ) ;
#6701 = VERTEX_POINT ( 'NONE', #4023 ) ;
#6702 = DIRECTION ( 'NONE',  ( 0.000000000000000000, -1.000000000000000000, 0.000000000000000000 ) ) ;
#6703 = EDGE_LOOP ( 'NONE', ( #5261, #2776, #1129, #1835 ) ) ;
#6704 = DIRECTION ( 'NONE',  ( 0.000000000000000000, 1.000000000000000000, 0.000000000000000000 ) ) ;
#6705 = AXIS2_PLACEMENT_3D ( 'NONE', #2173, #609, #1116 ) ;
#6706 = ORIENTED_EDGE ( 'NONE', *, *, #2983, .T. ) ;
#6707 = CIRCLE ( 'NONE', #599, 2.250000000000001776 ) ;
#6708 = LINE ( 'NONE', #4509, #1082 ) ;
#6709 = DIRECTION ( 'NONE',  ( 0.000000000000000000, 0.000000000000000000, -1.000000000000000000 ) ) ;
#6710 = ADVANCED_FACE ( 'NONE', ( #6583 ), #300, .F. ) ;
#6711 = ORIENTED_EDGE ( 'NONE', *, *, #702, .T. ) ;
#6712 = CARTESIAN_POINT ( 'NONE',  ( 3.575000000000014833, 0.5000000000000038858, -126.2342357522089600 ) ) ;
#6713 = ADVANCED_FACE ( 'NONE', ( #1737 ), #779, .T. ) ;
#6714 = ORIENTED_EDGE ( 'NONE', *, *, #6338, .T. ) ;
#6715 = CARTESIAN_POINT ( 'NONE',  ( 4.330323718231826824, 4.500000000000000000, -22.91966346877709881 ) ) ;
#6716 = CONICAL_SURFACE ( 'NONE', #3653, 5.500000000000018652, 0.7853981633974500554 ) ;
#6717 = AXIS2_PLACEMENT_3D ( 'NONE', #2119, #2790, #3840 ) ;
#6718 = EDGE_CURVE ( 'NONE', #5191, #1614, #4259, .T. ) ;
#6719 = AXIS2_PLACEMENT_3D ( 'NONE', #5147, #4730, #4690 ) ;
#6720 = EDGE_LOOP ( 'NONE', ( #5490, #3481, #5965, #2976 ) ) ;
#6721 = CARTESIAN_POINT ( 'NONE',  ( 35.25034087383883730, 5.000000000000000000, -43.94643053236772090 ) ) ;
#6722 = CONICAL_SURFACE ( 'NONE', #160, 5.500000000000005329, 0.7853981633974509435 ) ;
#6723 = DIRECTION ( 'NONE',  ( 0.000000000000000000, 0.000000000000000000, 1.000000000000000000 ) ) ;
#6724 = ORIENTED_EDGE ( 'NONE', *, *, #5289, .T. ) ;
#6725 = EDGE_CURVE ( 'NONE', #543, #5657, #3916, .T. ) ;
#6726 = CONICAL_SURFACE ( 'NONE', #6166, 1.750000000000001554, 0.7853981633974425058 ) ;
#6727 = LINE ( 'NONE', #2864, #5503 ) ;
#6728 = FACE_OUTER_BOUND ( 'NONE', #343, .T. ) ;
#6729 = DIRECTION ( 'NONE',  ( -1.000000000000000000, 0.000000000000000000, -0.000000000000000000 ) ) ;
#6730 = ADVANCED_FACE ( 'NONE', ( #2856 ), #1782, .F. ) ;
#6731 = ORIENTED_EDGE ( 'NONE', *, *, #5414, .T. ) ;
#6732 = DIRECTION ( 'NONE',  ( -0.000000000000000000, 1.000000000000000000, -0.000000000000000000 ) ) ;
#6733 = VECTOR ( 'NONE', #2566, 1000.000000000000000 ) ;
#6734 = EDGE_LOOP ( 'NONE', ( #4789, #3828, #3901, #2488, #3879 ) ) ;
#6735 = CONICAL_SURFACE ( 'NONE', #2549, 1.750000000000010214, 0.7853981633974441712 ) ;
#6736 = LINE ( 'NONE', #1856, #5040 ) ;
#6737 = VECTOR ( 'NONE', #4352, 1000.000000000000227 ) ;
#6738 = DIRECTION ( 'NONE',  ( 0.000000000000000000, 1.000000000000000000, 0.000000000000000000 ) ) ;
#6739 = CARTESIAN_POINT ( 'NONE',  ( 0.000000000000000000, 10.00000000000000000, -73.50000000000000000 ) ) ;
#6740 = CARTESIAN_POINT ( 'NONE',  ( -15.02546730349719795, 4.500000000000000000, -111.6475468714770329 ) ) ;
#6741 = EDGE_CURVE ( 'NONE', #5448, #5647, #2932, .T. ) ;
#6742 = ORIENTED_EDGE ( 'NONE', *, *, #5677, .T. ) ;
#6743 = LINE ( 'NONE', #2356, #5415 ) ;
#6744 = ADVANCED_FACE ( 'NONE', ( #704 ), #6722, .F. ) ;
#6745 = AXIS2_PLACEMENT_3D ( 'NONE', #6422, #5817, #4147 ) ;
#6746 = VERTEX_POINT ( 'NONE', #5092 ) ;
#6747 = EDGE_CURVE ( 'NONE', #6276, #5179, #391, .T. ) ;
#6748 = VECTOR ( 'NONE', #3568, 999.9999999999998863 ) ;
#6749 = EDGE_CURVE ( 'NONE', #6804, #2986, #4344, .T. ) ;
#6750 = AXIS2_PLACEMENT_3D ( 'NONE', #4887, #3179, #2124 ) ;
#6751 = DIRECTION ( 'NONE',  ( 0.000000000000000000, 0.000000000000000000, 1.000000000000000000 ) ) ;
#6752 = DIRECTION ( 'NONE',  ( -0.4232579588512069835, 0.000000000000000000, 0.9060092164371783552 ) ) ;
#6753 = ORIENTED_EDGE ( 'NONE', *, *, #556, .T. ) ;
#6754 = DIRECTION ( 'NONE',  ( -0.9013783694726589246, 0.000000000000000000, 0.4330323718231822161 ) ) ;
#6755 = ORIENTED_EDGE ( 'NONE', *, *, #2768, .T. ) ;
#6756 = DIRECTION ( 'NONE',  ( 0.000000000000000000, 0.000000000000000000, -1.000000000000000000 ) ) ;
#6757 = CIRCLE ( 'NONE', #1108, 3.299999999999997158 ) ;
#6758 = VECTOR ( 'NONE', #3141, 1000.000000000000000 ) ;
#6759 = EDGE_CURVE ( 'NONE', #3490, #4981, #5591, .T. ) ;
#6760 = CIRCLE ( 'NONE', #1002, 11.92737488156554448 ) ;
#6761 = AXIS2_PLACEMENT_3D ( 'NONE', #4633, #6273, #5239 ) ;
#6762 = VECTOR ( 'NONE', #6010, 1000.000000000000000 ) ;
#6763 = VERTEX_POINT ( 'NONE', #1274 ) ;
#6764 = CARTESIAN_POINT ( 'NONE',  ( -3.575000000000000622, 3.999999999999996447, -130.6865720276287277 ) ) ;
#6765 = CARTESIAN_POINT ( 'NONE',  ( 20.85965004500319608, 10.00000000000000000, -50.89034995499687142 ) ) ;
#6766 = ORIENTED_EDGE ( 'NONE', *, *, #5401, .F. ) ;
#6767 = EDGE_CURVE ( 'NONE', #2127, #3340, #6619, .T. ) ;
#6768 = EDGE_CURVE ( 'NONE', #5582, #5302, #4518, .T. ) ;
#6769 = DIRECTION ( 'NONE',  ( 0.6261429507614959533, 0.000000000000000000, -0.7797082821233124461 ) ) ;
#6770 = VECTOR ( 'NONE', #2927, 1000.000000000000227 ) ;
#6771 = EDGE_CURVE ( 'NONE', #5616, #4675, #2898, .T. ) ;
#6772 = CARTESIAN_POINT ( 'NONE',  ( 0.000000000000000000, 0.5000000000000213163, -73.50000000000000000 ) ) ;
#6773 = CARTESIAN_POINT ( 'NONE',  ( -20.85965004500318898, 10.00000000000000000, -92.60965004500309306 ) ) ;
#6774 = ORIENTED_EDGE ( 'NONE', *, *, #3619, .F. ) ;
#6775 = LINE ( 'NONE', #1419, #309 ) ;
#6776 = ORIENTED_EDGE ( 'NONE', *, *, #3183, .F. ) ;
#6777 = AXIS2_PLACEMENT_3D ( 'NONE', #6543, #1192, #5905 ) ;
#6778 = DIRECTION ( 'NONE',  ( 0.7797082821233128902, 0.000000000000000000, 0.6261429507614952872 ) ) ;
#6779 = DIRECTION ( 'NONE',  ( -0.5067318539714034120, -0.5067318539714000813, 0.6974565623330329922 ) ) ;
#6780 = FACE_OUTER_BOUND ( 'NONE', #6030, .T. ) ;
#6781 = DIRECTION ( 'NONE',  ( -0.6583014682025966069, 0.7071067811865517916, -0.2581456506747687452 ) ) ;
#6782 = EDGE_LOOP ( 'NONE', ( #4149, #1547, #3971, #6171 ) ) ;
#6783 = DIRECTION ( 'NONE',  ( 0.000000000000000000, 0.000000000000000000, 1.000000000000000000 ) ) ;
#6784 = ORIENTED_EDGE ( 'NONE', *, *, #4959, .F. ) ;
#6785 = CARTESIAN_POINT ( 'NONE',  ( -39.56668648912852859, 0.5000000000000299760, -77.49523297530157606 ) ) ;
#6786 = PLANE ( 'NONE',  #1168 ) ;
#6787 = ORIENTED_EDGE ( 'NONE', *, *, #2940, .F. ) ;
#6788 = DIRECTION ( 'NONE',  ( 8.659560562354884787E-17, 0.7071067811865516806, -0.7071067811865434649 ) ) ;
#6789 = ADVANCED_FACE ( 'NONE', ( #243 ), #2642, .F. ) ;
#6790 = ORIENTED_EDGE ( 'NONE', *, *, #3228, .F. ) ;
#6791 = LINE ( 'NONE', #3491, #3817 ) ;
#6792 = ORIENTED_EDGE ( 'NONE', *, *, #2019, .T. ) ;
#6793 = DIRECTION ( 'NONE',  ( 0.3650730802518771245, 0.000000000000000000, -0.9309788644622424281 ) ) ;
#6794 = AXIS2_PLACEMENT_3D ( 'NONE', #2538, #1478, #2078 ) ;
#6795 = ORIENTED_EDGE ( 'NONE', *, *, #4112, .F. ) ;
#6796 = LINE ( 'NONE', #5198, #3169 ) ;
#6797 = CARTESIAN_POINT ( 'NONE',  ( -35.25034087383883730, 0.000000000000000000, -49.44643053236773511 ) ) ;
#6798 = ORIENTED_EDGE ( 'NONE', *, *, #1055, .T. ) ;
#6799 = DIRECTION ( 'NONE',  ( -0.000000000000000000, 1.000000000000000000, -0.000000000000000000 ) ) ;
#6800 = FACE_OUTER_BOUND ( 'NONE', #2300, .T. ) ;
#6801 = DIRECTION ( 'NONE',  ( 0.9013783694726588136, -0.000000000000000000, 0.4330323718231822716 ) ) ;
#6802 = LINE ( 'NONE', #1985, #5629 ) ;
#6803 = EDGE_CURVE ( 'NONE', #3251, #5622, #6095, .T. ) ;
#6804 = VERTEX_POINT ( 'NONE', #6202 ) ;
#6805 = LINE ( 'NONE', #3047, #421 ) ;
#6806 = ORIENTED_EDGE ( 'NONE', *, *, #1208, .F. ) ;
#6807 = ADVANCED_FACE ( 'NONE', ( #1343 ), #3496, .F. ) ;
#6808 = LINE ( 'NONE', #5211, #518 ) ;
#6809 = DIRECTION ( 'NONE',  ( 0.000000000000000000, 0.000000000000000000, 1.000000000000000000 ) ) ;
#6810 = CARTESIAN_POINT ( 'NONE',  ( 20.85965004500319608, 0.5000000000000073275, -54.39034995499687852 ) ) ;
#6811 = ORIENTED_EDGE ( 'NONE', *, *, #274, .F. ) ;
#6812 = DIRECTION ( 'NONE',  ( -0.000000000000000000, -1.000000000000000000, -0.000000000000000000 ) ) ;
#6813 = EDGE_CURVE ( 'NONE', #6489, #4987, #3315, .T. ) ;
#6814 = ORIENTED_EDGE ( 'NONE', *, *, #1126, .T. ) ;
#6815 = LINE ( 'NONE', #4114, #1204 ) ;
#6816 = DIRECTION ( 'NONE',  ( 1.000000000000000000, 0.000000000000000000, 1.239088197126287859E-16 ) ) ;
#6817 = ORIENTED_EDGE ( 'NONE', *, *, #2957, .F. ) ;
#6818 = PLANE ( 'NONE',  #5246 ) ;
#6819 = AXIS2_PLACEMENT_3D ( 'NONE', #1147, #3794, #4834 ) ;
#6820 = ORIENTED_EDGE ( 'NONE', *, *, #5922, .F. ) ;
#6821 = LINE ( 'NONE', #6294, #2137 ) ;
#6822 = ORIENTED_EDGE ( 'NONE', *, *, #904, .T. ) ;
#6823 = AXIS2_PLACEMENT_3D ( 'NONE', #6254, #1901, #4727 ) ;
#6824 = DIRECTION ( 'NONE',  ( 1.517445394471975464E-32, 1.000000000000000000, 1.224646799147353207E-16 ) ) ;
#6825 = VERTEX_POINT ( 'NONE', #6369 ) ;
#6826 = FACE_OUTER_BOUND ( 'NONE', #1675, .T. ) ;
#6827 = DIRECTION ( 'NONE',  ( 0.000000000000000000, 1.000000000000000000, 0.000000000000000000 ) ) ;
#6828 = EDGE_LOOP ( 'NONE', ( #2055, #2616 ) ) ;
#6829 = DIRECTION ( 'NONE',  ( 0.7797082821233132233, 0.000000000000000000, -0.6261429507614950651 ) ) ;
#6830 = CONICAL_SURFACE ( 'NONE', #3310, 11.92737488156554448, 0.7853981633974291832 ) ;
#6831 = EDGE_CURVE ( 'NONE', #1477, #3390, #3524, .T. ) ;
#6832 = VECTOR ( 'NONE', #6788, 1000.000000000000000 ) ;
#6833 = CIRCLE ( 'NONE', #4103, 5.500000000000005329 ) ;
#6834 = CARTESIAN_POINT ( 'NONE',  ( 20.85965004500311082, 3.450000000000053024, -94.35965004500316411 ) ) ;
#6835 = DIRECTION ( 'NONE',  ( -0.000000000000000000, -1.000000000000000000, -0.000000000000000000 ) ) ;
#6836 = CARTESIAN_POINT ( 'NONE',  ( -35.63231047952908170, 4.500000000000000000, -18.97595493259147403 ) ) ;
#6837 = CARTESIAN_POINT ( 'NONE',  ( -33.70150370491300862, 10.00000000000000000, -136.2386059369033546 ) ) ;
#6838 = ORIENTED_EDGE ( 'NONE', *, *, #4966, .F. ) ;
#6839 = DIRECTION ( 'NONE',  ( 0.000000000000000000, -0.7071067811865516806, -0.7071067811865434649 ) ) ;
#6840 = VECTOR ( 'NONE', #5573, 1000.000000000000114 ) ;
#6841 = ORIENTED_EDGE ( 'NONE', *, *, #3467, .F. ) ;
#6842 = FACE_OUTER_BOUND ( 'NONE', #2143, .T. ) ;
#6843 = DIRECTION ( 'NONE',  ( -0.7797082821233132233, -0.000000000000000000, 0.6261429507614950651 ) ) ;
#6844 = ORIENTED_EDGE ( 'NONE', *, *, #3825, .F. ) ;
#6845 = DIRECTION ( 'NONE',  ( 0.000000000000000000, 1.000000000000000000, 0.000000000000000000 ) ) ;
#6846 = CIRCLE ( 'NONE', #2208, 21.50000000000000000 ) ;
#6847 = ORIENTED_EDGE ( 'NONE', *, *, #5164, .F. ) ;
#6848 = CARTESIAN_POINT ( 'NONE',  ( -52.21999999999999176, 0.000000000000000000, -13.69999999999999929 ) ) ;
#6849 = ORIENTED_EDGE ( 'NONE', *, *, #135, .F. ) ;
#6850 = AXIS2_PLACEMENT_3D ( 'NONE', #2381, #6738, #4000 ) ;
#6851 = VECTOR ( 'NONE', #761, 1000.000000000000000 ) ;
#6852 = VECTOR ( 'NONE', #5746, 1000.000000000000000 ) ;
#6853 = EDGE_CURVE ( 'NONE', #5052, #5775, #4196, .T. ) ;
#6854 = EDGE_CURVE ( 'NONE', #6089, #4987, #3667, .T. ) ;
#6855 = CARTESIAN_POINT ( 'NONE',  ( -33.38843222953224910, 5.000000000000000000, -136.6284600779650020 ) ) ;
#6856 = CARTESIAN_POINT ( 'NONE',  ( -20.85965004500318898, 0.5000000000000073275, -94.35965004500309306 ) ) ;
#6857 = VERTEX_POINT ( 'NONE', #3069 ) ;
#6858 = CARTESIAN_POINT ( 'NONE',  ( -20.85965004500310727, 5.000000000000000000, -55.94034995499684726 ) ) ;
#6859 = VECTOR ( 'NONE', #2763, 1000.000000000000114 ) ;
#6860 = ORIENTED_EDGE ( 'NONE', *, *, #4973, .F. ) ;
#6861 = DIRECTION ( 'NONE',  ( 0.000000000000000000, 0.000000000000000000, 1.000000000000000000 ) ) ;
#6862 = AXIS2_PLACEMENT_3D ( 'NONE', #5564, #6168, #3498 ) ;
#6863 = ORIENTED_EDGE ( 'NONE', *, *, #189, .F. ) ;
#6864 = CONICAL_SURFACE ( 'NONE', #1779, 40.49999999999999289, 0.7853981633974275178 ) ;
#6865 = CARTESIAN_POINT ( 'NONE',  ( 38.68139047374457817, 0.4999999999999982792, -102.6294009466956538 ) ) ;
#6866 = AXIS2_PLACEMENT_3D ( 'NONE', #5180, #2455, #3052 ) ;
#6867 = ORIENTED_EDGE ( 'NONE', *, *, #3447, .F. ) ;
#6868 = CARTESIAN_POINT ( 'NONE',  ( 4.546839904143397781, 5.000000000000000000, -23.37035265351339319 ) ) ;
#6869 = DIRECTION ( 'NONE',  ( -0.6406452607602255434, -0.7071067811865630048, -0.2992885728948581070 ) ) ;
#6870 = EDGE_LOOP ( 'NONE', ( #3561, #949, #5546, #6548 ) ) ;
#6871 = CARTESIAN_POINT ( 'NONE',  ( -41.93536681769559493, 10.00000000000000000, -20.67609968050981095 ) ) ;
#6872 = VECTOR ( 'NONE', #5774, 1000.000000000000000 ) ;
#6873 = AXIS2_PLACEMENT_3D ( 'NONE', #2470, #5837, #6261 ) ;
#6874 = EDGE_CURVE ( 'NONE', #1996, #2999, #2535, .T. ) ;
#6875 = CARTESIAN_POINT ( 'NONE',  ( 20.85965004500311082, 0.5000000000000073275, -92.60965004500316411 ) ) ;
#6876 = DIRECTION ( 'NONE',  ( 1.000000000000000000, 0.000000000000000000, 0.000000000000000000 ) ) ;
#6877 = DIRECTION ( 'NONE',  ( 0.000000000000000000, -0.7071067811865474617, 0.7071067811865474617 ) ) ;
#6878 = FACE_OUTER_BOUND ( 'NONE', #1778, .T. ) ;
#6879 = ADVANCED_FACE ( 'NONE', ( #1479 ), #3036, .F. ) ;
#6880 = VERTEX_POINT ( 'NONE', #3107 ) ;
#6881 = DIRECTION ( 'NONE',  ( -0.000000000000000000, -1.000000000000000000, -0.000000000000000000 ) ) ;
#6882 = ORIENTED_EDGE ( 'NONE', *, *, #6021, .T. ) ;
#6883 = CARTESIAN_POINT ( 'NONE',  ( 39.36337836116062761, 5.000000000000000000, -69.40029360484514598 ) ) ;
#6884 = CARTESIAN_POINT ( 'NONE',  ( -8.673617379884035472E-16, 0.000000000000000000, -13.90587977405051134 ) ) ;
#6885 = LINE ( 'NONE', #2519, #3465 ) ;
#6886 = ORIENTED_EDGE ( 'NONE', *, *, #1182, .F. ) ;
#6887 = CARTESIAN_POINT ( 'NONE',  ( 35.41579429361749476, 5.000000000000000000, -18.52526574785514057 ) ) ;
#6888 = AXIS2_PLACEMENT_3D ( 'NONE', #5585, #6228, #2990 ) ;
#6889 = ORIENTED_EDGE ( 'NONE', *, *, #3262, .T. ) ;
#6890 = DIRECTION ( 'NONE',  ( 0.000000000000000000, -1.000000000000000000, 0.000000000000000000 ) ) ;
#6891 = CARTESIAN_POINT ( 'NONE',  ( 50.99999999999999289, 1.549999999999965405, -146.7500000000000284 ) ) ;
#6892 = ORIENTED_EDGE ( 'NONE', *, *, #6749, .F. ) ;
#6893 = LINE ( 'NONE', #5222, #4676 ) ;
#6894 = ORIENTED_EDGE ( 'NONE', *, *, #2155, .T. ) ;
#6895 = DIRECTION ( 'NONE',  ( 0.3650730802518772355, 0.000000000000000000, 0.9309788644622425391 ) ) ;
#6896 = EDGE_CURVE ( 'NONE', #1632, #646, #5230, .T. ) ;
#6897 = VERTEX_POINT ( 'NONE', #5273 ) ;
#6898 = EDGE_CURVE ( 'NONE', #6129, #2559, #5472, .T. ) ;
#6899 = DIRECTION ( 'NONE',  ( 0.6583014682026072650, -0.7071067811865429098, 0.2581456506747656920 ) ) ;
#6900 = ORIENTED_EDGE ( 'NONE', *, *, #587, .T. ) ;
#6901 = FACE_OUTER_BOUND ( 'NONE', #3997, .T. ) ;
#6902 = DIRECTION ( 'NONE',  ( 0.000000000000000000, 0.000000000000000000, 1.000000000000000000 ) ) ;
#6903 = ORIENTED_EDGE ( 'NONE', *, *, #5333, .F. ) ;
#6904 = DIRECTION ( 'NONE',  ( 0.000000000000000000, 0.000000000000000000, 1.000000000000000000 ) ) ;
#6905 = DIRECTION ( 'NONE',  ( -0.000000000000000000, -1.000000000000000000, -0.000000000000000000 ) ) ;
#6906 = DIRECTION ( 'NONE',  ( -0.000000000000000000, -1.000000000000000000, -0.000000000000000000 ) ) ;
#6907 = DIRECTION ( 'NONE',  ( 0.000000000000000000, 0.000000000000000000, -1.000000000000000000 ) ) ;
#6908 = ORIENTED_EDGE ( 'NONE', *, *, #6587, .F. ) ;
#6909 = CARTESIAN_POINT ( 'NONE',  ( 45.21007633856535080, 10.00000000000000000, -132.2533618551885866 ) ) ;
#6910 = EDGE_CURVE ( 'NONE', #2525, #3904, #2761, .T. ) ;
#6911 = VERTEX_POINT ( 'NONE', #5124 ) ;
#6912 = EDGE_CURVE ( 'NONE', #63, #6386, #6043, .T. ) ;
#6913 = FACE_OUTER_BOUND ( 'NONE', #1336, .T. ) ;
#6914 = DIRECTION ( 'NONE',  ( -0.000000000000000000, -1.000000000000000000, -0.000000000000000000 ) ) ;
#6915 = CARTESIAN_POINT ( 'NONE',  ( -45.63172724657253809, 5.000000000000000000, -23.64268241933962500 ) ) ;
#6916 = VERTEX_POINT ( 'NONE', #2048 ) ;
#6917 = DIRECTION ( 'NONE',  ( -0.000000000000000000, 1.000000000000000000, -0.000000000000000000 ) ) ;
#6918 = ORIENTED_EDGE ( 'NONE', *, *, #1533, .T. ) ;
#6919 = CARTESIAN_POINT ( 'NONE',  ( 50.99999999999999289, 5.000000000000000000, -158.5000000000000000 ) ) ;
#6920 = CARTESIAN_POINT ( 'NONE',  ( 47.05506056541142357, 5.000000000000000000, -2.948922277165282324 ) ) ;
#6921 = VERTEX_POINT ( 'NONE', #1977 ) ;
#6922 = CARTESIAN_POINT ( 'NONE',  ( -8.940694323019437562, 4.136728735997293960, -126.8102369976720496 ) ) ;
#6923 = ORIENTED_EDGE ( 'NONE', *, *, #1573, .F. ) ;
#6924 = FACE_OUTER_BOUND ( 'NONE', #4572, .T. ) ;
#6925 = ORIENTED_EDGE ( 'NONE', *, *, #4162, .F. ) ;
#6926 = EDGE_CURVE ( 'NONE', #4341, #1438, #2417, .T. ) ;
#6927 = CONICAL_SURFACE ( 'NONE', #253, 5.499999999999980460, 0.7853981633974284060 ) ;
#6928 = CIRCLE ( 'NONE', #6024, 11.92737488156553738 ) ;
#6929 = DIRECTION ( 'NONE',  ( 0.000000000000000000, 0.000000000000000000, 1.000000000000000000 ) ) ;
#6930 = VERTEX_POINT ( 'NONE', #4166 ) ;
#6931 = CARTESIAN_POINT ( 'NONE',  ( -50.99999999999999289, 4.499999999999989342, -145.0000000000000284 ) ) ;
#6932 = ORIENTED_EDGE ( 'NONE', *, *, #1185, .F. ) ;
#6933 = DIRECTION ( 'NONE',  ( 0.000000000000000000, 0.000000000000000000, -1.000000000000000000 ) ) ;
#6934 = EDGE_CURVE ( 'NONE', #3555, #3830, #1401, .T. ) ;
#6935 = AXIS2_PLACEMENT_3D ( 'NONE', #2422, #3487, #1867 ) ;
#6936 = EDGE_CURVE ( 'NONE', #4053, #657, #4592, .T. ) ;
#6937 = EDGE_CURVE ( 'NONE', #3390, #2758, #2199, .T. ) ;
#6938 = CARTESIAN_POINT ( 'NONE',  ( 52.21999999999999176, 4.499999999999975131, -13.69999999999999929 ) ) ;
#6939 = VECTOR ( 'NONE', #4295, 1000.000000000000000 ) ;
#6940 = LINE ( 'NONE', #6411, #4025 ) ;
#6941 = CARTESIAN_POINT ( 'NONE',  ( 53.30004952161289111, 0.5000000000000177636, -66.37220781459265595 ) ) ;
#6942 = VERTEX_POINT ( 'NONE', #1909 ) ;
#6943 = DIRECTION ( 'NONE',  ( -0.000000000000000000, -1.000000000000000000, -0.000000000000000000 ) ) ;
#6944 = ORIENTED_EDGE ( 'NONE', *, *, #5094, .T. ) ;
#6945 = CONICAL_SURFACE ( 'NONE', #605, 1.750000000000001554, 0.7853981633974425058 ) ;
#6946 = AXIS2_PLACEMENT_3D ( 'NONE', #3951, #1733, #6093 ) ;
#6947 = VECTOR ( 'NONE', #5800, 1000.000000000000000 ) ;
#6948 = CARTESIAN_POINT ( 'NONE',  ( 4.546839904143394229, 0.000000000000000000, -23.37035265351338253 ) ) ;
#6949 = DIRECTION ( 'NONE',  ( 0.000000000000000000, 0.000000000000000000, -1.000000000000000000 ) ) ;
#6950 = CARTESIAN_POINT ( 'NONE',  ( -8.673617379884035472E-16, 0.000000000000000000, -24.40587977405053977 ) ) ;
#6951 = AXIS2_PLACEMENT_3D ( 'NONE', #1187, #1794, #4530 ) ;
#6952 = ORIENTED_EDGE ( 'NONE', *, *, #1527, .F. ) ;
#6953 = CARTESIAN_POINT ( 'NONE',  ( 33.38843222953229173, 5.000000000000000000, -136.6284600779650020 ) ) ;
#6954 = ORIENTED_EDGE ( 'NONE', *, *, #1726, .T. ) ;
#6955 = CIRCLE ( 'NONE', #3886, 2.249999999999974243 ) ;
#6956 = EDGE_CURVE ( 'NONE', #6649, #6565, #4057, .T. ) ;
#6957 = CYLINDRICAL_SURFACE ( 'NONE', #3558, 40.99999999999999289 ) ;
#6958 = CARTESIAN_POINT ( 'NONE',  ( -45.41685932647376234, 0.000000000000000000, -132.7085989317890551 ) ) ;
#6959 = ORIENTED_EDGE ( 'NONE', *, *, #2407, .T. ) ;
#6960 = LINE ( 'NONE', #2106, #4266 ) ;
#6961 = ORIENTED_EDGE ( 'NONE', *, *, #6767, .F. ) ;
#6962 = DIRECTION ( 'NONE',  ( -0.000000000000000000, -1.000000000000000000, -0.000000000000000000 ) ) ;
#6963 = AXIS2_PLACEMENT_3D ( 'NONE', #5669, #150, #5609 ) ;
#6964 = ORIENTED_EDGE ( 'NONE', *, *, #587, .F. ) ;
#6965 = EDGE_CURVE ( 'NONE', #4511, #3278, #2309, .T. ) ;
#6966 = VECTOR ( 'NONE', #911, 999.9999999999998863 ) ;
#6967 = VECTOR ( 'NONE', #3050, 1000.000000000000227 ) ;
#6968 = LINE ( 'NONE', #24, #6199 ) ;
#6969 = ORIENTED_EDGE ( 'NONE', *, *, #2565, .F. ) ;
#6970 = DIRECTION ( 'NONE',  ( 1.982541115402071224E-15, 0.000000000000000000, 1.000000000000000000 ) ) ;
#6971 = AXIS2_PLACEMENT_3D ( 'NONE', #1993, #6346, #6778 ) ;
#6972 = ORIENTED_EDGE ( 'NONE', *, *, #4351, .F. ) ;
#6973 = DIRECTION ( 'NONE',  ( 0.000000000000000000, 0.7071067811865504593, 0.7071067811865445751 ) ) ;
#6974 = CIRCLE ( 'NONE', #5846, 40.49999999999999289 ) ;
#6975 = AXIS2_PLACEMENT_3D ( 'NONE', #1453, #4632, #892 ) ;
#6976 = EDGE_CURVE ( 'NONE', #2999, #3616, #4662, .T. ) ;
#6977 = AXIS2_PLACEMENT_3D ( 'NONE', #4060, #3529, #1620 ) ;
#6978 = LINE ( 'NONE', #1526, #1072 ) ;
#6979 = LINE ( 'NONE', #5957, #2673 ) ;
#6980 = CARTESIAN_POINT ( 'NONE',  ( 47.05506056541142357, 5.000000000000000000, -2.948922277165282324 ) ) ;
#6981 = VERTEX_POINT ( 'NONE', #3599 ) ;
#6982 = AXIS2_PLACEMENT_3D ( 'NONE', #5537, #6170, #6663 ) ;
#6983 = VECTOR ( 'NONE', #2722, 1000.000000000000114 ) ;
#6984 = EDGE_CURVE ( 'NONE', #6129, #2707, #5766, .T. ) ;
#6985 = EDGE_CURVE ( 'NONE', #4416, #3616, #4770, .T. ) ;
#6986 = CARTESIAN_POINT ( 'NONE',  ( 31.41878208320419219, 0.5000000000000004441, -47.15877503971904616 ) ) ;
#6987 = CONICAL_SURFACE ( 'NONE', #880, 21.50000000000000000, 0.7853981633974587151 ) ;
#6988 = LINE ( 'NONE', #4287, #636 ) ;
#6989 = DIRECTION ( 'NONE',  ( 0.000000000000000000, 0.000000000000000000, -1.000000000000000000 ) ) ;
#6990 = EDGE_LOOP ( 'NONE', ( #4004, #1988 ) ) ;
#6991 = FACE_OUTER_BOUND ( 'NONE', #4110, .T. ) ;
#6992 = ORIENTED_EDGE ( 'NONE', *, *, #77, .T. ) ;
#6993 = DIRECTION ( 'NONE',  ( 0.000000000000000000, 1.000000000000000000, 0.000000000000000000 ) ) ;
#6994 = CARTESIAN_POINT ( 'NONE',  ( 47.57676659720976176, 5.000000000000000000, -30.55541166886928295 ) ) ;
#6995 = DIRECTION ( 'NONE',  ( -1.985891856036717338E-17, -0.9876883405951374373, 0.1564344650402327563 ) ) ;
#6996 = ORIENTED_EDGE ( 'NONE', *, *, #4159, .F. ) ;
#6997 = FACE_OUTER_BOUND ( 'NONE', #4089, .T. ) ;
#6998 = ORIENTED_EDGE ( 'NONE', *, *, #2220, .T. ) ;
#6999 = CARTESIAN_POINT ( 'NONE',  ( 5.666902603402645511, -5.241902603402608385, -125.3248077219710268 ) ) ;
#7000 = EDGE_LOOP ( 'NONE', ( #3947, #1253, #780, #1426 ) ) ;
#7001 = AXIS2_PLACEMENT_3D ( 'NONE', #1124, #1615, #3269 ) ;
#7002 = LINE ( 'NONE', #2965, #2110 ) ;
#7003 = CYLINDRICAL_SURFACE ( 'NONE', #3360, 1.750000000000003331 ) ;
#7004 = ADVANCED_FACE ( 'NONE', ( #1131 ), #1073, .F. ) ;
#7005 = EDGE_LOOP ( 'NONE', ( #1006, #4176, #910, #731 ) ) ;
#7006 = CARTESIAN_POINT ( 'NONE',  ( 40.23339156424333396, 5.000000000000000000, -46.27434930604935914 ) ) ;
#7007 = CARTESIAN_POINT ( 'NONE',  ( 0.000000000000000000, 0.000000000000000000, 0.000000000000000000 ) ) ;
#7008 = ORIENTED_EDGE ( 'NONE', *, *, #2992, .T. ) ;
#7009 = DIRECTION ( 'NONE',  ( 0.000000000000000000, 1.000000000000000000, 0.000000000000000000 ) ) ;
#7010 = DIRECTION ( 'NONE',  ( 0.000000000000000000, 0.000000000000000000, 1.000000000000000000 ) ) ;
#7011 = FACE_OUTER_BOUND ( 'NONE', #4407, .T. ) ;
#7012 = ORIENTED_EDGE ( 'NONE', *, *, #6084, .F. ) ;
#7013 = DIRECTION ( 'NONE',  ( -0.4427499264756019071, 0.7071067811865643371, -0.5513370136366915197 ) ) ;
ENDSEC;
END-ISO-10303-21;
