ISO-10303-21;
HEADER;
FILE_DESCRIPTION (( 'STEP AP214' ),
    '1' );
FILE_NAME ('battery_cap_hole_moved.STEP',
    '2026-01-11T18:02:12',
    ( '' ),
    ( '' ),
    'SwSTEP 2.0',
    'SolidWorks 2025',
    '' );
FILE_SCHEMA (( 'AUTOMOTIVE_DESIGN' ));
ENDSEC;

DATA;
#1 = ADVANCED_FACE ( 'NONE', ( #747 ), #1369, .F. ) ;
#2 = CARTESIAN_POINT ( 'NONE',  ( 31.52000000000000668, 0.000000000000000000, -28.20000000000000639 ) ) ;
#3 = FACE_OUTER_BOUND ( 'NONE', #1932, .T. ) ;
#4 = ORIENTED_EDGE ( 'NONE', *, *, #2455, .F. ) ;
#5 = CARTESIAN_POINT ( 'NONE',  ( 26.42000000000000171, -2.500000000000000000, -21.00000000000000355 ) ) ;
#6 = AXIS2_PLACEMENT_3D ( 'NONE', #1790, #471, #2701 ) ;
#7 = DIRECTION ( 'NONE',  ( 0.000000000000000000, 1.000000000000000000, -0.000000000000000000 ) ) ;
#8 = DIRECTION ( 'NONE',  ( 1.000000000000000000, 0.000000000000000000, -0.000000000000000000 ) ) ;
#9 = ADVANCED_FACE ( 'NONE', ( #551 ), #2282, .F. ) ;
#10 = EDGE_LOOP ( 'NONE', ( #1880, #814 ) ) ;
#11 = DIRECTION ( 'NONE',  ( 0.000000000000000000, 0.000000000000000000, 1.000000000000000000 ) ) ;
#12 = LINE ( 'NONE', #2446, #2682 ) ;
#13 = ORIENTED_EDGE ( 'NONE', *, *, #730, .T. ) ;
#14 = VERTEX_POINT ( 'NONE', #2531 ) ;
#15 = CARTESIAN_POINT ( 'NONE',  ( 10.01999999999999780, -2.000000000000000000, -17.69999999999999929 ) ) ;
#16 = DIRECTION ( 'NONE',  ( -1.000000000000000000, 0.000000000000000000, 1.165808787618822015E-17 ) ) ;
#17 = ORIENTED_EDGE ( 'NONE', *, *, #906, .F. ) ;
#18 = FACE_OUTER_BOUND ( 'NONE', #1667, .T. ) ;
#19 = CONICAL_SURFACE ( 'NONE', #1973, 1.700000000000000178, 0.7853981633974543852 ) ;
#20 = FACE_OUTER_BOUND ( 'NONE', #981, .T. ) ;
#21 = DIRECTION ( 'NONE',  ( 8.260587980841933849E-16, -0.000000000000000000, 1.000000000000000000 ) ) ;
#22 = DIRECTION ( 'NONE',  ( -0.000000000000000000, 1.000000000000000000, 0.000000000000000000 ) ) ;
#23 = ORIENTED_EDGE ( 'NONE', *, *, #377, .F. ) ;
#24 = ORIENTED_EDGE ( 'NONE', *, *, #1036, .F. ) ;
#25 = EDGE_CURVE ( 'NONE', #39, #2836, #231, .T. ) ;
#26 = DIRECTION ( 'NONE',  ( 0.000000000000000000, 1.000000000000000000, 0.000000000000000000 ) ) ;
#27 = LINE ( 'NONE', #59, #112 ) ;
#28 = ORIENTED_EDGE ( 'NONE', *, *, #1640, .F. ) ;
#29 = ORIENTED_EDGE ( 'NONE', *, *, #1722, .F. ) ;
#30 = AXIS2_PLACEMENT_3D ( 'NONE', #544, #1173, #1421 ) ;
#31 = LINE ( 'NONE', #1321, #1835 ) ;
#32 = CARTESIAN_POINT ( 'NONE',  ( 10.51999999999999780, -7.500000000000000000, -18.19999999999999929 ) ) ;
#33 = ORIENTED_EDGE ( 'NONE', *, *, #1196, .T. ) ;
#34 = CARTESIAN_POINT ( 'NONE',  ( 38.56000000000000227, -2.000000000000000000, -17.70000000000000284 ) ) ;
#35 = VECTOR ( 'NONE', #1549, 1000.000000000000000 ) ;
#36 =( NAMED_UNIT ( * ) PLANE_ANGLE_UNIT ( ) SI_UNIT ( $, .RADIAN. ) );
#37 = DIRECTION ( 'NONE',  ( 0.000000000000000000, 0.000000000000000000, -1.000000000000000000 ) ) ;
#38 = LINE ( 'NONE', #1342, #2347 ) ;
#39 = VERTEX_POINT ( 'NONE', #2725 ) ;
#40 = EDGE_CURVE ( 'NONE', #2595, #2272, #1605, .T. ) ;
#41 = AXIS2_PLACEMENT_3D ( 'NONE', #2468, #1775, #2688 ) ;
#42 = LINE ( 'NONE', #326, #2150 ) ;
#43 = PLANE ( 'NONE',  #2799 ) ;
#44 = VECTOR ( 'NONE', #1120, 1000.000000000000000 ) ;
#45 = LINE ( 'NONE', #463, #1353 ) ;
#46 = ORIENTED_EDGE ( 'NONE', *, *, #809, .F. ) ;
#47 = VERTEX_POINT ( 'NONE', #2058 ) ;
#48 = EDGE_CURVE ( 'NONE', #186, #1926, #2088, .T. ) ;
#49 = DIRECTION ( 'NONE',  ( -0.000000000000000000, -0.000000000000000000, 1.000000000000000000 ) ) ;
#50 = DIRECTION ( 'NONE',  ( -1.000000000000000000, -0.000000000000000000, -0.000000000000000000 ) ) ;
#51 = ORIENTED_EDGE ( 'NONE', *, *, #1115, .T. ) ;
#52 = AXIS2_PLACEMENT_3D ( 'NONE', #1090, #2850, #2232 ) ;
#53 = PRESENTATION_STYLE_ASSIGNMENT (( #608 ) ) ;
#54 = LINE ( 'NONE', #504, #222 ) ;
#55 = CARTESIAN_POINT ( 'NONE',  ( 23.64000000000000057, -4.299999999999999822, -10.40000000000000036 ) ) ;
#56 = ORIENTED_EDGE ( 'NONE', *, *, #176, .F. ) ;
#57 = EDGE_CURVE ( 'NONE', #1631, #613, #42, .T. ) ;
#58 = DIRECTION ( 'NONE',  ( -0.000000000000000000, -1.000000000000000000, -0.000000000000000000 ) ) ;
#59 = CARTESIAN_POINT ( 'NONE',  ( 47.28000000000000114, -4.299999999999999822, -10.40000000000000036 ) ) ;
#60 = AXIS2_PLACEMENT_3D ( 'NONE', #2090, #1141, #1156 ) ;
#61 = VERTEX_POINT ( 'NONE', #299 ) ;
#62 = EDGE_CURVE ( 'NONE', #2671, #2881, #2327, .T. ) ;
#63 = CARTESIAN_POINT ( 'NONE',  ( 0.7199999999999999734, -2.000000000000000000, -9.099999999999997868 ) ) ;
#64 = CARTESIAN_POINT ( 'NONE',  ( 0.000000000000000000, -2.000000000000000000, -9.000000000000000000 ) ) ;
#65 = EDGE_LOOP ( 'NONE', ( #777, #626, #751, #2267 ) ) ;
#66 = CARTESIAN_POINT ( 'NONE',  ( 35.68000000000000682, -2.000000000000000000, -17.69999999999999929 ) ) ;
#67 = FACE_OUTER_BOUND ( 'NONE', #744, .T. ) ;
#68 = CARTESIAN_POINT ( 'NONE',  ( 0.7200000000000006395, -11.79999999999999893, -14.49999999999999822 ) ) ;
#69 = ORIENTED_EDGE ( 'NONE', *, *, #1261, .T. ) ;
#70 = CARTESIAN_POINT ( 'NONE',  ( 19.42000000000000171, -1.200000000000013278, -24.09999999999999787 ) ) ;
#71 = DIRECTION ( 'NONE',  ( 0.000000000000000000, 0.000000000000000000, 1.000000000000000000 ) ) ;
#72 = VECTOR ( 'NONE', #348, 1000.000000000000000 ) ;
#73 = VERTEX_POINT ( 'NONE', #2767 ) ;
#74 = ORIENTED_EDGE ( 'NONE', *, *, #1153, .F. ) ;
#75 = EDGE_CURVE ( 'NONE', #2836, #2062, #537, .T. ) ;
#76 = LINE ( 'NONE', #963, #709 ) ;
#77 = PLANE ( 'NONE',  #170 ) ;
#78 = LINE ( 'NONE', #2761, #1144 ) ;
#79 = EDGE_CURVE ( 'NONE', #1734, #2592, #1875, .T. ) ;
#80 = ORIENTED_EDGE ( 'NONE', *, *, #543, .F. ) ;
#81 = VECTOR ( 'NONE', #2035, 1000.000000000000000 ) ;
#82 = CARTESIAN_POINT ( 'NONE',  ( 9.520000000000006679, -2.500000000000000000, -28.00000000000000000 ) ) ;
#83 = CARTESIAN_POINT ( 'NONE',  ( 35.68000000000000682, -7.500000000000000000, -18.19999999999999929 ) ) ;
#84 = VECTOR ( 'NONE', #964, 1000.000000000000114 ) ;
#85 = DIRECTION ( 'NONE',  ( 0.000000000000000000, 0.000000000000000000, 1.000000000000000000 ) ) ;
#86 = ADVANCED_FACE ( 'NONE', ( #144 ), #1693, .T. ) ;
#87 = AXIS2_PLACEMENT_3D ( 'NONE', #1379, #263, #2746 ) ;
#88 = DIRECTION ( 'NONE',  ( 0.000000000000000000, 0.000000000000000000, 1.000000000000000000 ) ) ;
#89 = CARTESIAN_POINT ( 'NONE',  ( 39.06000000000000227, -2.000000000000000000, -16.50000000000000000 ) ) ;
#90 = CARTESIAN_POINT ( 'NONE',  ( 42.00000000000000000, -2.000000000000000000, -6.199999999999999289 ) ) ;
#91 = AXIS2_PLACEMENT_3D ( 'NONE', #2672, #2736, #2510 ) ;
#92 = ORIENTED_EDGE ( 'NONE', *, *, #1907, .T. ) ;
#93 = VERTEX_POINT ( 'NONE', #1045 ) ;
#94 = EDGE_CURVE ( 'NONE', #1092, #318, #2299, .T. ) ;
#95 = FACE_OUTER_BOUND ( 'NONE', #117, .T. ) ;
#96 = VECTOR ( 'NONE', #509, 1000.000000000000000 ) ;
#97 = CARTESIAN_POINT ( 'NONE',  ( 11.39999999999999680, -7.500000000000000000, -13.40000000000000213 ) ) ;
#98 = CARTESIAN_POINT ( 'NONE',  ( 42.00000000000000000, -2.000000000000000000, -4.499999999999999112 ) ) ;
#99 = CYLINDRICAL_SURFACE ( 'NONE', #2273, 0.5000000000000004441 ) ;
#100 = VERTEX_POINT ( 'NONE', #1736 ) ;
#101 = DIRECTION ( 'NONE',  ( -1.000000000000000000, 0.000000000000000000, -0.000000000000000000 ) ) ;
#102 = EDGE_CURVE ( 'NONE', #1519, #2362, #1574, .T. ) ;
#103 = CYLINDRICAL_SURFACE ( 'NONE', #2684, 0.5000000000000004441 ) ;
#104 = ORIENTED_EDGE ( 'NONE', *, *, #1650, .F. ) ;
#105 = EDGE_LOOP ( 'NONE', ( #2332, #1029, #2471, #1069, #1042, #437, #1534, #2869, #1796, #2706, #1705, #1180, #1974, #852, #526, #1096, #804, #1365, #1846, #417, #1766, #1456, #560, #2569, #1109, #1918, #2224, #2401, #2628, #2236, #1718, #194, #29, #2513, #1764, #1431, #2505, #1590, #528, #879, #2148, #1043, #2691, #2852, #1624, #1813, #789, #600 ) ) ;
#106 = VECTOR ( 'NONE', #2808, 1000.000000000000000 ) ;
#107 = DIRECTION ( 'NONE',  ( 0.000000000000000000, 0.000000000000000000, -1.000000000000000000 ) ) ;
#108 = LINE ( 'NONE', #752, #2561 ) ;
#109 = CARTESIAN_POINT ( 'NONE',  ( 47.28000000000000114, -7.500000000000000000, -9.099999999999997868 ) ) ;
#110 = DIRECTION ( 'NONE',  ( 0.000000000000000000, 1.000000000000000000, 0.000000000000000000 ) ) ;
#111 = LINE ( 'NONE', #808, #2643 ) ;
#112 = VECTOR ( 'NONE', #2045, 1000.000000000000000 ) ;
#113 = EDGE_CURVE ( 'NONE', #778, #1750, #2345, .T. ) ;
#114 = CARTESIAN_POINT ( 'NONE',  ( 47.27999999999999403, 0.000000000000000000, -27.59999999999999787 ) ) ;
#115 = CARTESIAN_POINT ( 'NONE',  ( 47.28000000000000114, -7.500000000000000000, -16.10000000000000142 ) ) ;
#116 = ORIENTED_EDGE ( 'NONE', *, *, #652, .T. ) ;
#117 = EDGE_LOOP ( 'NONE', ( #1397, #2092, #2247, #1753 ) ) ;
#118 = ORIENTED_EDGE ( 'NONE', *, *, #2856, .T. ) ;
#119 = LINE ( 'NONE', #1205, #545 ) ;
#120 = DIRECTION ( 'NONE',  ( -1.000000000000000000, 0.000000000000000000, 0.000000000000000000 ) ) ;
#121 = CARTESIAN_POINT ( 'NONE',  ( 31.48000000000000043, -7.500000000000000000, -18.19999999999999929 ) ) ;
#122 = DIRECTION ( 'NONE',  ( -1.000000000000000000, 0.000000000000000000, -0.000000000000000000 ) ) ;
#123 = CARTESIAN_POINT ( 'NONE',  ( 0.7200000000000001954, -2.000000000000000000, -9.000000000000000000 ) ) ;
#124 = CARTESIAN_POINT ( 'NONE',  ( 34.67999999999999972, -7.500000000000000000, -16.50000000000000355 ) ) ;
#125 = EDGE_CURVE ( 'NONE', #959, #2202, #1755, .T. ) ;
#126 = EDGE_LOOP ( 'NONE', ( #2398, #1917, #2149, #341 ) ) ;
#127 = ORIENTED_EDGE ( 'NONE', *, *, #1362, .T. ) ;
#128 = ORIENTED_EDGE ( 'NONE', *, *, #1021, .F. ) ;
#129 = DIRECTION ( 'NONE',  ( -1.473672855805540847E-16, -0.000000000000000000, -1.000000000000000000 ) ) ;
#130 = ADVANCED_FACE ( 'NONE', ( #2858 ), #856, .T. ) ;
#131 = VECTOR ( 'NONE', #1006, 1000.000000000000000 ) ;
#132 = APPLICATION_PROTOCOL_DEFINITION ( 'draft international standard', 'automotive_design', 1998, #496 ) ;
#133 = DIRECTION ( 'NONE',  ( 0.000000000000000000, 0.000000000000000000, 1.000000000000000000 ) ) ;
#134 = DIRECTION ( 'NONE',  ( 0.000000000000000000, -1.000000000000000000, 0.000000000000000000 ) ) ;
#135 = ORIENTED_EDGE ( 'NONE', *, *, #843, .T. ) ;
#136 = DIRECTION ( 'NONE',  ( -0.000000000000000000, -1.000000000000000000, -0.000000000000000000 ) ) ;
#137 = CARTESIAN_POINT ( 'NONE',  ( 26.41999999999999815, -2.500000000000000000, -28.00000000000000355 ) ) ;
#138 = EDGE_LOOP ( 'NONE', ( #2028, #2770, #1866, #1981, #1995, #765, #179, #861, #51, #1691, #1833 ) ) ;
#139 = EDGE_CURVE ( 'NONE', #275, #380, #1506, .T. ) ;
#140 = VERTEX_POINT ( 'NONE', #642 ) ;
#141 = ORIENTED_EDGE ( 'NONE', *, *, #809, .T. ) ;
#142 = EDGE_CURVE ( 'NONE', #2443, #2394, #1295, .T. ) ;
#143 = LINE ( 'NONE', #1032, #429 ) ;
#144 = FACE_OUTER_BOUND ( 'NONE', #2307, .T. ) ;
#145 = ADVANCED_FACE ( 'NONE', ( #2433, #200 ), #872, .F. ) ;
#146 = DIRECTION ( 'NONE',  ( 0.000000000000000000, -0.7071067811865507924, -0.7071067811865441310 ) ) ;
#147 = CARTESIAN_POINT ( 'NONE',  ( 5.999999999999998224, -1.200000000000006395, -4.499999999999994671 ) ) ;
#148 = ORIENTED_EDGE ( 'NONE', *, *, #125, .F. ) ;
#149 = VECTOR ( 'NONE', #211, 1000.000000000000000 ) ;
#150 = CARTESIAN_POINT ( 'NONE',  ( 47.27999999999999403, 0.000000000000000000, -26.10000000000000497 ) ) ;
#151 = LINE ( 'NONE', #1497, #2796 ) ;
#152 = CARTESIAN_POINT ( 'NONE',  ( 11.39999999999999680, -4.299999999999999822, -13.40000000000000213 ) ) ;
#153 = AXIS2_PLACEMENT_3D ( 'NONE', #2814, #1765, #2608 ) ;
#154 = EDGE_LOOP ( 'NONE', ( #654, #638, #2016, #2029, #2501, #395 ) ) ;
#155 = CARTESIAN_POINT ( 'NONE',  ( 47.28000000000000114, -2.000000000000000000, -9.000000000000000000 ) ) ;
#156 = EDGE_LOOP ( 'NONE', ( #1525, #1294, #198, #135 ) ) ;
#157 = ORIENTED_EDGE ( 'NONE', *, *, #334, .F. ) ;
#158 = LINE ( 'NONE', #2136, #149 ) ;
#159 = ADVANCED_FACE ( 'NONE', ( #2262 ), #237, .T. ) ;
#160 = DIRECTION ( 'NONE',  ( 1.000000000000000000, 0.000000000000000000, 0.000000000000000000 ) ) ;
#161 =( NAMED_UNIT ( * ) PLANE_ANGLE_UNIT ( ) SI_UNIT ( $, .RADIAN. ) );
#162 = DIRECTION ( 'NONE',  ( 0.000000000000000000, 0.7071067811865452413, 0.7071067811865499042 ) ) ;
#163 = DIRECTION ( 'NONE',  ( -0.000000000000000000, 0.000000000000000000, 1.000000000000000000 ) ) ;
#164 = VERTEX_POINT ( 'NONE', #34 ) ;
#165 = LINE ( 'NONE', #1470, #1994 ) ;
#166 = CARTESIAN_POINT ( 'NONE',  ( 30.28000000000000114, -7.500000000000000000, -18.19999999999999574 ) ) ;
#167 = FACE_OUTER_BOUND ( 'NONE', #1458, .T. ) ;
#168 = EDGE_CURVE ( 'NONE', #2228, #1402, #924, .T. ) ;
#169 = ORIENTED_EDGE ( 'NONE', *, *, #1509, .T. ) ;
#170 = AXIS2_PLACEMENT_3D ( 'NONE', #948, #531, #2080 ) ;
#171 = ORIENTED_EDGE ( 'NONE', *, *, #640, .F. ) ;
#172 = ORIENTED_EDGE ( 'NONE', *, *, #951, .F. ) ;
#173 = VECTOR ( 'NONE', #877, 1000.000000000000114 ) ;
#174 = VECTOR ( 'NONE', #1250, 1000.000000000000000 ) ;
#175 = VECTOR ( 'NONE', #2294, 1000.000000000000000 ) ;
#176 = EDGE_CURVE ( 'NONE', #400, #373, #1119, .T. ) ;
#177 = DIRECTION ( 'NONE',  ( 0.000000000000000000, 0.000000000000000000, -1.000000000000000000 ) ) ;
#178 = PLANE ( 'NONE',  #340 ) ;
#179 = ORIENTED_EDGE ( 'NONE', *, *, #1635, .T. ) ;
#180 = LINE ( 'NONE', #2173, #2289 ) ;
#181 = DIRECTION ( 'NONE',  ( 0.000000000000000000, 0.000000000000000000, 1.000000000000000000 ) ) ;
#182 = DIRECTION ( 'NONE',  ( 0.000000000000000000, 1.000000000000000000, 0.000000000000000000 ) ) ;
#183 = ORIENTED_EDGE ( 'NONE', *, *, #2128, .F. ) ;
#184 = ADVANCED_FACE ( 'NONE', ( #18 ), #485, .F. ) ;
#185 = DIRECTION ( 'NONE',  ( -0.000000000000000000, -0.000000000000000000, -1.000000000000000000 ) ) ;
#186 = VERTEX_POINT ( 'NONE', #1569 ) ;
#187 = EDGE_LOOP ( 'NONE', ( #127, #92, #2297, #2700 ) ) ;
#188 = DIRECTION ( 'NONE',  ( 5.782411586589359611E-15, 0.000000000000000000, 1.000000000000000000 ) ) ;
#189 = CARTESIAN_POINT ( 'NONE',  ( 19.42000000000000171, -2.000000000000000000, -24.09999999999999787 ) ) ;
#190 = ORIENTED_EDGE ( 'NONE', *, *, #2597, .T. ) ;
#191 = DIRECTION ( 'NONE',  ( 0.000000000000000000, 0.000000000000000000, 1.000000000000000000 ) ) ;
#192 = DIRECTION ( 'NONE',  ( -0.000000000000000000, 0.000000000000000000, -1.000000000000000000 ) ) ;
#193 = CARTESIAN_POINT ( 'NONE',  ( 42.00000000000000000, -2.000000000000000000, -4.499999999999999112 ) ) ;
#194 = ORIENTED_EDGE ( 'NONE', *, *, #168, .F. ) ;
#195 = VECTOR ( 'NONE', #1675, 1000.000000000000000 ) ;
#196 = ORIENTED_EDGE ( 'NONE', *, *, #2893, .F. ) ;
#197 = EDGE_CURVE ( 'NONE', #848, #2362, #692, .T. ) ;
#198 = ORIENTED_EDGE ( 'NONE', *, *, #1735, .F. ) ;
#199 = EDGE_CURVE ( 'NONE', #100, #2594, #530, .T. ) ;
#200 = FACE_BOUND ( 'NONE', #2798, .T. ) ;
#201 = CARTESIAN_POINT ( 'NONE',  ( 0.000000000000000000, 0.000000000000000000, -26.10000000000000497 ) ) ;
#202 = LINE ( 'NONE', #1537, #1984 ) ;
#203 = AXIS2_PLACEMENT_3D ( 'NONE', #2805, #2141, #1659 ) ;
#204 = VERTEX_POINT ( 'NONE', #1187 ) ;
#205 = VERTEX_POINT ( 'NONE', #2097 ) ;
#206 = LINE ( 'NONE', #1088, #1468 ) ;
#207 = CARTESIAN_POINT ( 'NONE',  ( 31.98000000000000043, -2.000000000000000000, -16.50000000000000355 ) ) ;
#208 = DIRECTION ( 'NONE',  ( -1.000000000000000000, 0.000000000000000000, 8.260587980841933849E-16 ) ) ;
#209 = ORIENTED_EDGE ( 'NONE', *, *, #1318, .T. ) ;
#210 = ADVANCED_FACE ( 'NONE', ( #1868 ), #766, .F. ) ;
#211 = DIRECTION ( 'NONE',  ( 0.000000000000000000, 1.000000000000000000, 0.000000000000000000 ) ) ;
#212 = ORIENTED_EDGE ( 'NONE', *, *, #2871, .T. ) ;
#213 = ORIENTED_EDGE ( 'NONE', *, *, #2333, .F. ) ;
#214 = AXIS2_PLACEMENT_3D ( 'NONE', #2159, #1729, #622 ) ;
#215 = EDGE_CURVE ( 'NONE', #2456, #1148, #1854, .T. ) ;
#216 = CARTESIAN_POINT ( 'NONE',  ( 10.51999999999999780, -7.500000000000000000, -17.69999999999999929 ) ) ;
#217 = VECTOR ( 'NONE', #2878, 1000.000000000000000 ) ;
#218 = CARTESIAN_POINT ( 'NONE',  ( 3.719999999999999307, -2.000000000000000000, -19.39999999999999858 ) ) ;
#219 = ORIENTED_EDGE ( 'NONE', *, *, #1779, .T. ) ;
#220 = CARTESIAN_POINT ( 'NONE',  ( 26.59999999999999787, -7.500000000000000000, -13.40000000000000213 ) ) ;
#221 = LINE ( 'NONE', #1356, #1198 ) ;
#222 = VECTOR ( 'NONE', #927, 1000.000000000000000 ) ;
#223 = DIRECTION ( 'NONE',  ( -1.000000000000000000, 0.000000000000000000, -3.942553354492742545E-16 ) ) ;
#224 = ORIENTED_EDGE ( 'NONE', *, *, #1139, .T. ) ;
#225 = ORIENTED_EDGE ( 'NONE', *, *, #2744, .F. ) ;
#226 = FACE_OUTER_BOUND ( 'NONE', #2400, .T. ) ;
#227 = CARTESIAN_POINT ( 'NONE',  ( 9.519999999999997797, -2.000000000000000000, -16.00000000000000000 ) ) ;
#228 = ORIENTED_EDGE ( 'NONE', *, *, #818, .T. ) ;
#229 = ORIENTED_EDGE ( 'NONE', *, *, #897, .T. ) ;
#230 = EDGE_CURVE ( 'NONE', #369, #1030, #76, .T. ) ;
#231 = CIRCLE ( 'NONE', #2621, 1.700000000000000178 ) ;
#232 = CARTESIAN_POINT ( 'NONE',  ( 11.39999999999999680, -6.299999999999999822, -13.40000000000000213 ) ) ;
#233 = EDGE_CURVE ( 'NONE', #2195, #895, #1097, .T. ) ;
#234 = PLANE ( 'NONE',  #1924 ) ;
#235 = FACE_OUTER_BOUND ( 'NONE', #1591, .T. ) ;
#236 = VERTEX_POINT ( 'NONE', #2461 ) ;
#237 = PLANE ( 'NONE',  #1209 ) ;
#238 = EDGE_CURVE ( 'NONE', #1054, #270, #2697, .T. ) ;
#239 = LINE ( 'NONE', #1825, #44 ) ;
#240 = CARTESIAN_POINT ( 'NONE',  ( 9.520000000000006679, -2.500000000000000000, -28.00000000000000000 ) ) ;
#241 = CARTESIAN_POINT ( 'NONE',  ( 12.39999036921260434, -4.299999999999999822, -13.11561120950240245 ) ) ;
#242 = AXIS2_PLACEMENT_3D ( 'NONE', #1251, #658, #2156 ) ;
#243 = ORIENTED_EDGE ( 'NONE', *, *, #2893, .T. ) ;
#244 = CYLINDRICAL_SURFACE ( 'NONE', #738, 0.5000000000000004441 ) ;
#245 = DIRECTION ( 'NONE',  ( 1.165808787618822015E-17, -0.000000000000000000, 1.000000000000000000 ) ) ;
#246 = VERTEX_POINT ( 'NONE', #670 ) ;
#247 = ORIENTED_EDGE ( 'NONE', *, *, #102, .F. ) ;
#248 = EDGE_CURVE ( 'NONE', #1004, #1734, #883, .T. ) ;
#249 = LINE ( 'NONE', #2274, #1649 ) ;
#250 = VECTOR ( 'NONE', #2146, 1000.000000000000000 ) ;
#251 = CARTESIAN_POINT ( 'NONE',  ( 0.7199999999999999734, -2.000000000000000000, -27.59999999999999787 ) ) ;
#252 = VERTEX_POINT ( 'NONE', #1334 ) ;
#253 = DIRECTION ( 'NONE',  ( 0.000000000000000000, 0.000000000000000000, -1.000000000000000000 ) ) ;
#254 = DIRECTION ( 'NONE',  ( -1.000000000000000000, 0.000000000000000000, -0.000000000000000000 ) ) ;
#255 = CYLINDRICAL_SURFACE ( 'NONE', #1272, 1.699999999999999289 ) ;
#256 = ORIENTED_EDGE ( 'NONE', *, *, #1286, .F. ) ;
#257 = CARTESIAN_POINT ( 'NONE',  ( 5.999999999999998224, -1.200000000000006395, -4.499999999999994671 ) ) ;
#258 = EDGE_CURVE ( 'NONE', #2073, #2362, #2243, .T. ) ;
#259 = FACE_OUTER_BOUND ( 'NONE', #1499, .T. ) ;
#260 = ORIENTED_EDGE ( 'NONE', *, *, #2802, .F. ) ;
#261 = EDGE_LOOP ( 'NONE', ( #1604, #304, #2315, #923, #624, #279, #69, #1933, #2847, #776, #1550, #1311, #1732 ) ) ;
#262 = CARTESIAN_POINT ( 'NONE',  ( 19.42000000000000171, -2.500000000000000000, -25.79999999999999716 ) ) ;
#263 = DIRECTION ( 'NONE',  ( -1.000000000000000000, 0.000000000000000000, -0.000000000000000000 ) ) ;
#264 = EDGE_LOOP ( 'NONE', ( #1216, #1282, #2529, #881, #190, #495, #715, #2892, #540, #1237, #1346, #1267, #1108, #141, #2519 ) ) ;
#265 = DIRECTION ( 'NONE',  ( 0.000000000000000000, -0.000000000000000000, 1.000000000000000000 ) ) ;
#266 = EDGE_CURVE ( 'NONE', #1467, #1706, #682, .T. ) ;
#267 = AXIS2_PLACEMENT_3D ( 'NONE', #2523, #2306, #292 ) ;
#268 = CARTESIAN_POINT ( 'NONE',  ( 9.520000000000006679, -2.000000000000000000, -29.69999999999999929 ) ) ;
#269 = DIRECTION ( 'NONE',  ( 0.000000000000000000, -1.000000000000000000, 0.000000000000000000 ) ) ;
#270 = VERTEX_POINT ( 'NONE', #2399 ) ;
#271 = CIRCLE ( 'NONE', #356, 0.5000000000000004441 ) ;
#272 = DIRECTION ( 'NONE',  ( 4.956352788505165240E-16, 0.000000000000000000, -1.000000000000000000 ) ) ;
#273 = CARTESIAN_POINT ( 'NONE',  ( 23.64000000000000057, -4.299999999999999822, -10.40000000000000036 ) ) ;
#274 = LINE ( 'NONE', #2727, #898 ) ;
#275 = VERTEX_POINT ( 'NONE', #1501 ) ;
#276 = EDGE_CURVE ( 'NONE', #2492, #2443, #1719, .T. ) ;
#277 = LINE ( 'NONE', #1597, #1738 ) ;
#278 = PLANE ( 'NONE',  #451 ) ;
#279 = ORIENTED_EDGE ( 'NONE', *, *, #1423, .T. ) ;
#280 = CARTESIAN_POINT ( 'NONE',  ( 0.7199999999999984190, -7.500000000000000000, -19.39999999999999503 ) ) ;
#281 = CARTESIAN_POINT ( 'NONE',  ( 9.520000000000006679, -2.500000000000000000, -29.69999999999999929 ) ) ;
#282 = DIRECTION ( 'NONE',  ( 0.000000000000000000, 1.000000000000000000, 0.000000000000000000 ) ) ;
#283 = VERTEX_POINT ( 'NONE', #2412 ) ;
#284 = ORIENTED_EDGE ( 'NONE', *, *, #1153, .T. ) ;
#285 = VECTOR ( 'NONE', #2420, 1000.000000000000000 ) ;
#286 = PLANE ( 'NONE',  #2135 ) ;
#287 = LINE ( 'NONE', #301, #578 ) ;
#288 = ORIENTED_EDGE ( 'NONE', *, *, #2201, .F. ) ;
#289 = EDGE_CURVE ( 'NONE', #73, #2456, #1292, .T. ) ;
#290 = DIRECTION ( 'NONE',  ( -1.000000000000000000, -0.000000000000000000, -0.000000000000000000 ) ) ;
#291 = EDGE_CURVE ( 'NONE', #613, #1902, #2430, .T. ) ;
#292 = DIRECTION ( 'NONE',  ( 1.000000000000000000, 0.000000000000000000, -0.000000000000000000 ) ) ;
#293 = VECTOR ( 'NONE', #1044, 1000.000000000000000 ) ;
#294 = EDGE_LOOP ( 'NONE', ( #319, #172, #2381, #2023, #2642, #213, #1899, #2762 ) ) ;
#295 = CARTESIAN_POINT ( 'NONE',  ( 0.000000000000000000, -2.000000000000000000, 0.000000000000000000 ) ) ;
#296 = CARTESIAN_POINT ( 'NONE',  ( 31.98000000000000043, -7.500000000000000000, -16.00000000000000355 ) ) ;
#297 = CARTESIAN_POINT ( 'NONE',  ( 12.42000000000000348, -2.500000000000000000, -21.00000000000000355 ) ) ;
#298 = AXIS2_PLACEMENT_3D ( 'NONE', #687, #721, #1548 ) ;
#299 = CARTESIAN_POINT ( 'NONE',  ( 5.999999999999998224, -2.000000000000000000, -2.799999999999995381 ) ) ;
#300 = DIRECTION ( 'NONE',  ( 0.000000000000000000, 0.000000000000000000, 1.000000000000000000 ) ) ;
#301 = CARTESIAN_POINT ( 'NONE',  ( 5.819999999999998508, -7.500000000000000000, -18.19999999999999929 ) ) ;
#302 = VERTEX_POINT ( 'NONE', #1273 ) ;
#303 = EDGE_CURVE ( 'NONE', #1124, #236, #2635, .T. ) ;
#304 = ORIENTED_EDGE ( 'NONE', *, *, #2318, .F. ) ;
#305 = DIRECTION ( 'NONE',  ( -1.000000000000000000, -0.000000000000000000, -0.000000000000000000 ) ) ;
#306 = CARTESIAN_POINT ( 'NONE',  ( 34.67999999999999972, -7.500000000000000000, -16.00000000000000355 ) ) ;
#307 = CARTESIAN_POINT ( 'NONE',  ( 19.42000000000000171, 0.000000000000000000, -27.00000000000002487 ) ) ;
#308 = ORIENTED_EDGE ( 'NONE', *, *, #2614, .F. ) ;
#309 = AXIS2_PLACEMENT_3D ( 'NONE', #1822, #2731, #2888 ) ;
#310 = EDGE_CURVE ( 'NONE', #205, #1259, #2193, .T. ) ;
#311 = CARTESIAN_POINT ( 'NONE',  ( 48.00000000000000000, 0.000000000000000000, -9.000000000000000000 ) ) ;
#312 = LINE ( 'NONE', #996, #1235 ) ;
#313 = PLANE ( 'NONE',  #1927 ) ;
#314 = AXIS2_PLACEMENT_3D ( 'NONE', #2685, #16, #2022 ) ;
#315 = DIRECTION ( 'NONE',  ( 8.659560562354985860E-17, 0.7071067811865431318, -0.7071067811865517916 ) ) ;
#316 = LINE ( 'NONE', #2357, #556 ) ;
#317 = FACE_OUTER_BOUND ( 'NONE', #1081, .T. ) ;
#318 = VERTEX_POINT ( 'NONE', #2250 ) ;
#319 = ORIENTED_EDGE ( 'NONE', *, *, #276, .F. ) ;
#320 = CARTESIAN_POINT ( 'NONE',  ( 48.00000000000000000, 0.000000000000000000, -9.197916215502274019E-17 ) ) ;
#321 = AXIS2_PLACEMENT_3D ( 'NONE', #390, #1921, #1278 ) ;
#322 = DIRECTION ( 'NONE',  ( 0.000000000000000000, 1.000000000000000000, 0.000000000000000000 ) ) ;
#323 = CARTESIAN_POINT ( 'NONE',  ( 9.520000000000008455, 0.000000000000000000, -28.20000000000000639 ) ) ;
#324 = CARTESIAN_POINT ( 'NONE',  ( 12.42000000000000348, -2.500000000000000000, -21.00000000000000355 ) ) ;
#325 = EDGE_CURVE ( 'NONE', #1595, #2568, #2264, .T. ) ;
#326 = CARTESIAN_POINT ( 'NONE',  ( 0.7199999999999999734, 0.000000000000000000, -26.10000000000000497 ) ) ;
#327 = PLANE ( 'NONE',  #1055 ) ;
#328 = CARTESIAN_POINT ( 'NONE',  ( 6.819999999999999396, -6.299999999999999822, -14.49999999999999822 ) ) ;
#329 = VERTEX_POINT ( 'NONE', #892 ) ;
#330 = VECTOR ( 'NONE', #1352, 1000.000000000000000 ) ;
#331 = ORIENTED_EDGE ( 'NONE', *, *, #2066, .F. ) ;
#332 = ORIENTED_EDGE ( 'NONE', *, *, #2128, .T. ) ;
#333 = CARTESIAN_POINT ( 'NONE',  ( 31.48000000000000043, -2.000000000000000000, -16.00000000000000355 ) ) ;
#334 = EDGE_CURVE ( 'NONE', #1403, #1987, #221, .T. ) ;
#335 = FACE_OUTER_BOUND ( 'NONE', #614, .T. ) ;
#336 = FACE_OUTER_BOUND ( 'NONE', #731, .T. ) ;
#337 = CARTESIAN_POINT ( 'NONE',  ( 12.42000000000000703, -2.500000000000000000, -28.00000000000000355 ) ) ;
#338 = DIRECTION ( 'NONE',  ( 0.000000000000000000, 1.000000000000000000, 0.000000000000000000 ) ) ;
#339 = LINE ( 'NONE', #152, #1453 ) ;
#340 = AXIS2_PLACEMENT_3D ( 'NONE', #1712, #2200, #163 ) ;
#341 = ORIENTED_EDGE ( 'NONE', *, *, #1320, .T. ) ;
#342 = ADVANCED_FACE ( 'NONE', ( #2009 ), #2469, .T. ) ;
#343 = ORIENTED_EDGE ( 'NONE', *, *, #1318, .F. ) ;
#344 = EDGE_LOOP ( 'NONE', ( #476, #455, #17, #1648 ) ) ;
#345 = CARTESIAN_POINT ( 'NONE',  ( 39.06000000000000227, -7.500000000000000000, -16.50000000000000000 ) ) ;
#346 = LINE ( 'NONE', #311, #131 ) ;
#347 = DIRECTION ( 'NONE',  ( -0.000000000000000000, -1.000000000000000000, -0.000000000000000000 ) ) ;
#348 = DIRECTION ( 'NONE',  ( -1.000000000000000000, -0.000000000000000000, -0.000000000000000000 ) ) ;
#349 = EDGE_CURVE ( 'NONE', #1727, #2300, #2485, .T. ) ;
#350 = EDGE_LOOP ( 'NONE', ( #980, #793, #2496, #183 ) ) ;
#351 = LINE ( 'NONE', #1646, #453 ) ;
#352 = LINE ( 'NONE', #1241, #250 ) ;
#353 = AXIS2_PLACEMENT_3D ( 'NONE', #2699, #483, #2036 ) ;
#354 = ORIENTED_EDGE ( 'NONE', *, *, #857, .F. ) ;
#355 = CONICAL_SURFACE ( 'NONE', #1802, 1.699999999999999289, 0.7853981633974516097 ) ;
#356 = AXIS2_PLACEMENT_3D ( 'NONE', #1454, #136, #552 ) ;
#357 = ORIENTED_EDGE ( 'NONE', *, *, #2189, .T. ) ;
#358 = EDGE_CURVE ( 'NONE', #1750, #39, #2737, .T. ) ;
#359 = VECTOR ( 'NONE', #2853, 1000.000000000000000 ) ;
#360 = ORIENTED_EDGE ( 'NONE', *, *, #592, .F. ) ;
#361 = VECTOR ( 'NONE', #7, 1000.000000000000000 ) ;
#362 = CARTESIAN_POINT ( 'NONE',  ( 0.7199999999999984190, -7.500000000000000000, -19.39999999999999503 ) ) ;
#363 = DIRECTION ( 'NONE',  ( -0.000000000000000000, -1.000000000000000000, -0.000000000000000000 ) ) ;
#364 = DIRECTION ( 'NONE',  ( -0.000000000000000000, -1.000000000000000000, -0.000000000000000000 ) ) ;
#365 = VERTEX_POINT ( 'NONE', #2026 ) ;
#366 = LINE ( 'NONE', #410, #403 ) ;
#367 = DIRECTION ( 'NONE',  ( -1.000000000000000000, 0.000000000000000000, 0.000000000000000000 ) ) ;
#368 = DIRECTION ( 'NONE',  ( 0.000000000000000000, 0.000000000000000000, -1.000000000000000000 ) ) ;
#369 = VERTEX_POINT ( 'NONE', #2055 ) ;
#370 = VECTOR ( 'NONE', #1572, 1000.000000000000000 ) ;
#371 = EDGE_CURVE ( 'NONE', #302, #830, #2278, .T. ) ;
#372 = ORIENTED_EDGE ( 'NONE', *, *, #374, .F. ) ;
#373 = VERTEX_POINT ( 'NONE', #281 ) ;
#374 = EDGE_CURVE ( 'NONE', #2839, #842, #54, .T. ) ;
#375 = DIRECTION ( 'NONE',  ( -3.730588120380230448E-16, -0.000000000000000000, -1.000000000000000000 ) ) ;
#376 = DIRECTION ( 'NONE',  ( 0.000000000000000000, 0.000000000000000000, -1.000000000000000000 ) ) ;
#377 = EDGE_CURVE ( 'NONE', #2062, #593, #646, .T. ) ;
#378 = CARTESIAN_POINT ( 'NONE',  ( 31.52000000000000668, 0.000000000000000000, -26.10000000000000497 ) ) ;
#379 = FACE_OUTER_BOUND ( 'NONE', #2346, .T. ) ;
#380 = VERTEX_POINT ( 'NONE', #1106 ) ;
#381 = CARTESIAN_POINT ( 'NONE',  ( 11.39999999999999680, -7.500000000000000000, -13.40000000000000213 ) ) ;
#382 = CARTESIAN_POINT ( 'NONE',  ( 42.00000000000000000, -1.200000000000006395, -6.199999999999998401 ) ) ;
#383 = FACE_OUTER_BOUND ( 'NONE', #1828, .T. ) ;
#384 = VERTEX_POINT ( 'NONE', #1588 ) ;
#385 = CARTESIAN_POINT ( 'NONE',  ( 0.7200000000000000844, 7.549999999999992717, -18.55000000000007887 ) ) ;
#386 = ORIENTED_EDGE ( 'NONE', *, *, #1717, .F. ) ;
#387 = VERTEX_POINT ( 'NONE', #1826 ) ;
#388 = ADVANCED_FACE ( 'NONE', ( #953, #1383, #457, #67 ), #711, .F. ) ;
#389 = AXIS2_PLACEMENT_3D ( 'NONE', #241, #1827, #2738 ) ;
#390 = CARTESIAN_POINT ( 'NONE',  ( 12.39999036921260434, -6.299999999999999822, -13.11561120950240245 ) ) ;
#391 = DIRECTION ( 'NONE',  ( 0.000000000000000000, 1.000000000000000000, 0.000000000000000000 ) ) ;
#392 = CARTESIAN_POINT ( 'NONE',  ( 38.06000000000000227, -7.500000000000000000, -17.70000000000000284 ) ) ;
#393 = EDGE_CURVE ( 'NONE', #1951, #1677, #2499, .T. ) ;
#394 = APPLICATION_CONTEXT ( 'automotive_design' ) ;
#395 = ORIENTED_EDGE ( 'NONE', *, *, #1533, .F. ) ;
#396 = CARTESIAN_POINT ( 'NONE',  ( 0.000000000000000000, 0.000000000000000000, 0.000000000000000000 ) ) ;
#397 = CARTESIAN_POINT ( 'NONE',  ( 44.07999999999999829, -7.500000000000000000, -18.19999999999999574 ) ) ;
#398 = CARTESIAN_POINT ( 'NONE',  ( 5.999999999999998224, -1.200000000000006395, -2.799999999999994937 ) ) ;
#399 = ORIENTED_EDGE ( 'NONE', *, *, #406, .F. ) ;
#400 = VERTEX_POINT ( 'NONE', #240 ) ;
#401 = ORIENTED_EDGE ( 'NONE', *, *, #2677, .T. ) ;
#402 = CIRCLE ( 'NONE', #2419, 0.5000000000000004441 ) ;
#403 = VECTOR ( 'NONE', #594, 1000.000000000000000 ) ;
#404 = DIRECTION ( 'NONE',  ( -1.000000000000000000, -0.000000000000000000, -0.000000000000000000 ) ) ;
#405 = CIRCLE ( 'NONE', #2239, 0.5000000000000004441 ) ;
#406 = EDGE_CURVE ( 'NONE', #1568, #1858, #1811, .T. ) ;
#407 = CARTESIAN_POINT ( 'NONE',  ( 5.999999999999998224, -1.200000000000006395, -4.499999999999994671 ) ) ;
#408 = DIRECTION ( 'NONE',  ( 1.000000000000000000, -0.000000000000000000, -0.000000000000000000 ) ) ;
#409 = ORIENTED_EDGE ( 'NONE', *, *, #1931, .T. ) ;
#410 = CARTESIAN_POINT ( 'NONE',  ( 47.28000000000000114, -2.000000000000000000, -16.10000000000000142 ) ) ;
#411 = CARTESIAN_POINT ( 'NONE',  ( 6.319999999999998508, -7.500000000000000000, -16.50000000000000000 ) ) ;
#412 = DIRECTION ( 'NONE',  ( 0.000000000000000000, 0.000000000000000000, 1.000000000000000000 ) ) ;
#413 = ORIENTED_EDGE ( 'NONE', *, *, #2717, .T. ) ;
#414 = VECTOR ( 'NONE', #523, 1000.000000000000000 ) ;
#415 = ADVANCED_BREP_SHAPE_REPRESENTATION ( 'battery_cap_hole_moved', ( #2636, #2337 ), #1428 ) ;
#416 = EDGE_CURVE ( 'NONE', #1217, #2671, #2722, .T. ) ;
#417 = ORIENTED_EDGE ( 'NONE', *, *, #2785, .T. ) ;
#418 = ORIENTED_EDGE ( 'NONE', *, *, #434, .T. ) ;
#419 = AXIS2_PLACEMENT_3D ( 'NONE', #743, #1812, #1618 ) ;
#420 = CARTESIAN_POINT ( 'NONE',  ( 0.7199999999999999734, 0.000000000000000000, -26.10000000000000497 ) ) ;
#421 = LINE ( 'NONE', #2393, #1393 ) ;
#422 = ORIENTED_EDGE ( 'NONE', *, *, #2133, .F. ) ;
#423 = EDGE_CURVE ( 'NONE', #1516, #1374, #674, .T. ) ;
#424 = ORIENTED_EDGE ( 'NONE', *, *, #2827, .F. ) ;
#425 = DIRECTION ( 'NONE',  ( -1.000000000000000000, -0.000000000000000000, -0.000000000000000000 ) ) ;
#426 = CARTESIAN_POINT ( 'NONE',  ( 47.28000000000000114, -7.500000000000000000, -14.49999999999999822 ) ) ;
#427 = LINE ( 'NONE', #1314, #467 ) ;
#428 = EDGE_LOOP ( 'NONE', ( #1315, #1758, #256, #2011 ) ) ;
#429 = VECTOR ( 'NONE', #1919, 1000.000000000000000 ) ;
#430 = VECTOR ( 'NONE', #2302, 1000.000000000000000 ) ;
#431 = DIRECTION ( 'NONE',  ( 0.000000000000000000, 0.000000000000000000, -1.000000000000000000 ) ) ;
#432 = ORIENTED_EDGE ( 'NONE', *, *, #661, .F. ) ;
#433 = ORIENTED_EDGE ( 'NONE', *, *, #601, .T. ) ;
#434 = EDGE_CURVE ( 'NONE', #570, #329, #1842, .T. ) ;
#435 = CARTESIAN_POINT ( 'NONE',  ( 42.00000000000000000, 0.000000000000000000, -1.599999999999985212 ) ) ;
#436 = CARTESIAN_POINT ( 'NONE',  ( 12.42000000000000348, -1.000000000000000000, -16.00000000000000355 ) ) ;
#437 = ORIENTED_EDGE ( 'NONE', *, *, #1596, .F. ) ;
#438 = DIRECTION ( 'NONE',  ( 0.000000000000000000, -1.000000000000000000, 0.000000000000000000 ) ) ;
#439 = CARTESIAN_POINT ( 'NONE',  ( 0.000000000000000000, -2.000000000000000000, 0.000000000000000000 ) ) ;
#440 = DIRECTION ( 'NONE',  ( -3.730588120380230448E-16, -0.000000000000000000, -1.000000000000000000 ) ) ;
#441 = ADVANCED_FACE ( 'NONE', ( #908 ), #2453, .T. ) ;
#442 = ORIENTED_EDGE ( 'NONE', *, *, #2884, .T. ) ;
#443 = CARTESIAN_POINT ( 'NONE',  ( 30.28000000000000114, -7.500000000000000000, -18.19999999999999574 ) ) ;
#444 = CARTESIAN_POINT ( 'NONE',  ( 47.27999999999999403, -2.000000000000000000, -27.59999999999999787 ) ) ;
#445 = EDGE_CURVE ( 'NONE', #380, #1568, #2231, .T. ) ;
#446 = ORIENTED_EDGE ( 'NONE', *, *, #2557, .F. ) ;
#447 = VECTOR ( 'NONE', #887, 1000.000000000000000 ) ;
#448 = ORIENTED_EDGE ( 'NONE', *, *, #2713, .T. ) ;
#449 = AXIS2_PLACEMENT_3D ( 'NONE', #1611, #2760, #2801 ) ;
#450 = ADVANCED_FACE ( 'NONE', ( #1395 ), #1221, .F. ) ;
#451 = AXIS2_PLACEMENT_3D ( 'NONE', #690, #1338, #2465 ) ;
#452 = LINE ( 'NONE', #934, #916 ) ;
#453 = VECTOR ( 'NONE', #579, 1000.000000000000000 ) ;
#454 = PLANE ( 'NONE',  #785 ) ;
#455 = ORIENTED_EDGE ( 'NONE', *, *, #1016, .F. ) ;
#456 = CARTESIAN_POINT ( 'NONE',  ( 42.00000000000000000, -1.200000000000006395, -2.799999999999999378 ) ) ;
#457 = FACE_BOUND ( 'NONE', #2388, .T. ) ;
#458 = VECTOR ( 'NONE', #21, 1000.000000000000000 ) ;
#459 = CARTESIAN_POINT ( 'NONE',  ( 6.819999999999997620, -7.500000000000000000, -16.50000000000000000 ) ) ;
#460 = EDGE_LOOP ( 'NONE', ( #827, #933, #2759, #1510 ) ) ;
#461 = ORIENTED_EDGE ( 'NONE', *, *, #1640, .T. ) ;
#462 = DIRECTION ( 'NONE',  ( 1.000000000000000000, 0.000000000000000000, -0.000000000000000000 ) ) ;
#463 = CARTESIAN_POINT ( 'NONE',  ( 9.520000000000006679, -2.500000000000000000, -28.00000000000000000 ) ) ;
#464 = ORIENTED_EDGE ( 'NONE', *, *, #932, .F. ) ;
#465 = ORIENTED_EDGE ( 'NONE', *, *, #998, .T. ) ;
#466 = ADVANCED_FACE ( 'NONE', ( #576 ), #985, .F. ) ;
#467 = VECTOR ( 'NONE', #664, 1000.000000000000000 ) ;
#468 = FACE_OUTER_BOUND ( 'NONE', #2447, .T. ) ;
#469 = DIRECTION ( 'NONE',  ( 0.000000000000000000, 1.000000000000000000, 0.000000000000000000 ) ) ;
#470 = ORIENTED_EDGE ( 'NONE', *, *, #2180, .F. ) ;
#471 = DIRECTION ( 'NONE',  ( -0.000000000000000000, -1.000000000000000000, -0.000000000000000000 ) ) ;
#472 = EDGE_CURVE ( 'NONE', #61, #668, #1807, .T. ) ;
#473 = CARTESIAN_POINT ( 'NONE',  ( 6.319999999999999396, -7.500000000000000000, -17.69999999999999929 ) ) ;
#474 = DIRECTION ( 'NONE',  ( 0.000000000000000000, 0.000000000000000000, -1.000000000000000000 ) ) ;
#475 = PLANE ( 'NONE',  #2857 ) ;
#476 = ORIENTED_EDGE ( 'NONE', *, *, #1522, .T. ) ;
#477 = CARTESIAN_POINT ( 'NONE',  ( 5.819999999999999396, -7.500000000000000000, -17.69999999999999929 ) ) ;
#478 = DIRECTION ( 'NONE',  ( 0.000000000000000000, -1.000000000000000000, -0.000000000000000000 ) ) ;
#479 = VERTEX_POINT ( 'NONE', #83 ) ;
#480 = ADVANCED_FACE ( 'NONE', ( #1671 ), #1860, .F. ) ;
#481 = FACE_OUTER_BOUND ( 'NONE', #587, .T. ) ;
#482 = AXIS2_PLACEMENT_3D ( 'NONE', #147, #1925, #1508 ) ;
#483 = DIRECTION ( 'NONE',  ( 0.000000000000000000, 1.000000000000000000, 0.000000000000000000 ) ) ;
#484 = ORIENTED_EDGE ( 'NONE', *, *, #1389, .T. ) ;
#485 = CYLINDRICAL_SURFACE ( 'NONE', #6, 35.00000000000000711 ) ;
#486 = AXIS2_PLACEMENT_3D ( 'NONE', #328, #368, #1201 ) ;
#487 = LINE ( 'NONE', #1841, #745 ) ;
#488 = CIRCLE ( 'NONE', #1224, 1.699999999999999289 ) ;
#489 = CARTESIAN_POINT ( 'NONE',  ( 0.7200000000000006395, -11.79999999999999893, -14.49999999999999822 ) ) ;
#490 = CARTESIAN_POINT ( 'NONE',  ( 12.42000000000000348, -2.000000000000000000, -16.00000000000000355 ) ) ;
#491 = EDGE_CURVE ( 'NONE', #1304, #1343, #757, .T. ) ;
#492 = ORIENTED_EDGE ( 'NONE', *, *, #1264, .F. ) ;
#493 = DIRECTION ( 'NONE',  ( 0.000000000000000000, 0.000000000000000000, 1.000000000000000000 ) ) ;
#494 = LINE ( 'NONE', #1849, #1028 ) ;
#495 = ORIENTED_EDGE ( 'NONE', *, *, #334, .T. ) ;
#496 = APPLICATION_CONTEXT ( 'automotive_design' ) ;
#497 = LINE ( 'NONE', #2464, #81 ) ;
#498 = DIRECTION ( 'NONE',  ( 0.000000000000000000, 0.000000000000000000, -1.000000000000000000 ) ) ;
#499 = ORIENTED_EDGE ( 'NONE', *, *, #983, .T. ) ;
#500 = CIRCLE ( 'NONE', #1560, 0.5000000000000004441 ) ;
#501 = AXIS2_PLACEMENT_3D ( 'NONE', #1528, #2617, #1089 ) ;
#502 = ADVANCED_FACE ( 'NONE', ( #770 ), #1022, .T. ) ;
#503 = VECTOR ( 'NONE', #2779, 1000.000000000000000 ) ;
#504 = CARTESIAN_POINT ( 'NONE',  ( 42.26000000000000512, -7.500000000000000000, -18.19999999999999574 ) ) ;
#505 = CARTESIAN_POINT ( 'NONE',  ( 6.319999999999998508, -7.500000000000000000, -16.50000000000000000 ) ) ;
#506 = EDGE_LOOP ( 'NONE', ( #1086, #1993, #2123, #2147 ) ) ;
#507 = EDGE_CURVE ( 'NONE', #1246, #1966, #2789, .T. ) ;
#508 = VECTOR ( 'NONE', #1366, 1000.000000000000000 ) ;
#509 = DIRECTION ( 'NONE',  ( -0.000000000000000000, -0.000000000000000000, 1.000000000000000000 ) ) ;
#510 = DIRECTION ( 'NONE',  ( 1.000000000000000000, 0.000000000000000000, 0.000000000000000000 ) ) ;
#511 = LINE ( 'NONE', #2742, #1593 ) ;
#512 = AXIS2_PLACEMENT_3D ( 'NONE', #2367, #2765, #2140 ) ;
#513 = ORIENTED_EDGE ( 'NONE', *, *, #2525, .F. ) ;
#514 = EDGE_CURVE ( 'NONE', #2178, #1651, #797, .T. ) ;
#515 = DIRECTION ( 'NONE',  ( 1.000000000000000000, -0.000000000000000000, -0.000000000000000000 ) ) ;
#516 = CARTESIAN_POINT ( 'NONE',  ( 30.28000000000000114, -7.500000000000000000, -14.49999999999999822 ) ) ;
#517 = EDGE_LOOP ( 'NONE', ( #1078, #2221, #2648, #1978 ) ) ;
#518 = CARTESIAN_POINT ( 'NONE',  ( 10.51999999999999780, -2.000000000000000000, -18.19999999999999929 ) ) ;
#519 = DIRECTION ( 'NONE',  ( 0.000000000000000000, 1.000000000000000000, 0.000000000000000000 ) ) ;
#520 = DIRECTION ( 'NONE',  ( 0.000000000000000000, 0.000000000000000000, -1.000000000000000000 ) ) ;
#521 = VERTEX_POINT ( 'NONE', #323 ) ;
#522 = EDGE_CURVE ( 'NONE', #205, #100, #2559, .T. ) ;
#523 = DIRECTION ( 'NONE',  ( 4.956352788505164254E-16, -0.000000000000000000, -1.000000000000000000 ) ) ;
#524 = DIRECTION ( 'NONE',  ( 0.000000000000000000, 0.000000000000000000, -1.000000000000000000 ) ) ;
#525 = LINE ( 'NONE', #2475, #2493 ) ;
#526 = ORIENTED_EDGE ( 'NONE', *, *, #1779, .F. ) ;
#527 = EDGE_CURVE ( 'NONE', #1614, #842, #2585, .T. ) ;
#528 = ORIENTED_EDGE ( 'NONE', *, *, #2623, .F. ) ;
#529 = VECTOR ( 'NONE', #129, 1000.000000000000000 ) ;
#530 = LINE ( 'NONE', #1405, #2253 ) ;
#531 = DIRECTION ( 'NONE',  ( 0.000000000000000000, 1.000000000000000000, 0.000000000000000000 ) ) ;
#532 = CARTESIAN_POINT ( 'NONE',  ( 9.519999999999997797, -7.500000000000000000, -16.50000000000000000 ) ) ;
#533 = VERTEX_POINT ( 'NONE', #1207 ) ;
#534 = DIRECTION ( 'NONE',  ( -0.000000000000000000, 1.000000000000000000, 0.000000000000000000 ) ) ;
#535 = DIRECTION ( 'NONE',  ( 0.000000000000000000, 0.000000000000000000, 1.000000000000000000 ) ) ;
#536 = FACE_OUTER_BOUND ( 'NONE', #1794, .T. ) ;
#537 = LINE ( 'NONE', #1414, #2108 ) ;
#538 = CARTESIAN_POINT ( 'NONE',  ( 0.7199999999999999734, -2.000000000000000000, -9.099999999999997868 ) ) ;
#539 = DIRECTION ( 'NONE',  ( 0.000000000000000000, 0.000000000000000000, 1.000000000000000000 ) ) ;
#540 = ORIENTED_EDGE ( 'NONE', *, *, #2557, .T. ) ;
#541 = EDGE_CURVE ( 'NONE', #1999, #929, #312, .T. ) ;
#542 = ORIENTED_EDGE ( 'NONE', *, *, #2525, .T. ) ;
#543 = EDGE_CURVE ( 'NONE', #365, #1304, #547, .T. ) ;
#544 = CARTESIAN_POINT ( 'NONE',  ( 38.06000000000000227, -7.500000000000000000, -17.70000000000000284 ) ) ;
#545 = VECTOR ( 'NONE', #1837, 1000.000000000000000 ) ;
#546 = LINE ( 'NONE', #1859, #2051 ) ;
#547 = LINE ( 'NONE', #1450, #1988 ) ;
#548 = CIRCLE ( 'NONE', #30, 0.5000000000000004441 ) ;
#549 = CARTESIAN_POINT ( 'NONE',  ( 5.999999999999998224, -1.200000000000006395, -4.499999999999994671 ) ) ;
#550 = CIRCLE ( 'NONE', #1655, 1.700000000000000178 ) ;
#551 = FACE_OUTER_BOUND ( 'NONE', #156, .T. ) ;
#552 = DIRECTION ( 'NONE',  ( 0.000000000000000000, 0.000000000000000000, 1.000000000000000000 ) ) ;
#553 = AXIS2_PLACEMENT_3D ( 'NONE', #1702, #223, #2397 ) ;
#554 = LINE ( 'NONE', #2550, #1784 ) ;
#555 = VECTOR ( 'NONE', #2829, 1000.000000000000000 ) ;
#556 = VECTOR ( 'NONE', #1200, 1000.000000000000000 ) ;
#557 = ORIENTED_EDGE ( 'NONE', *, *, #1491, .F. ) ;
#558 = AXIS2_PLACEMENT_3D ( 'NONE', #2338, #1425, #1206 ) ;
#559 = VECTOR ( 'NONE', #2041, 1000.000000000000114 ) ;
#560 = ORIENTED_EDGE ( 'NONE', *, *, #935, .F. ) ;
#561 = ORIENTED_EDGE ( 'NONE', *, *, #1401, .F. ) ;
#562 = EDGE_CURVE ( 'NONE', #164, #681, #500, .T. ) ;
#563 = CYLINDRICAL_SURFACE ( 'NONE', #1490, 0.5000000000000004441 ) ;
#564 = DIRECTION ( 'NONE',  ( 0.000000000000000000, 1.000000000000000000, 0.000000000000000000 ) ) ;
#565 = CARTESIAN_POINT ( 'NONE',  ( 26.41999999999999815, -2.000000000000000000, -28.00000000000000355 ) ) ;
#566 = CARTESIAN_POINT ( 'NONE',  ( 30.28000000000000114, -4.299999999999999822, -14.39999999999999503 ) ) ;
#567 = ADVANCED_FACE ( 'NONE', ( #1234 ), #1658, .F. ) ;
#568 = CARTESIAN_POINT ( 'NONE',  ( 38.56000000000000227, -7.500000000000000000, -17.70000000000000284 ) ) ;
#569 = CARTESIAN_POINT ( 'NONE',  ( 26.59999999999999787, -7.500000000000000000, -14.40000000000000391 ) ) ;
#570 = VERTEX_POINT ( 'NONE', #296 ) ;
#571 = ORIENTED_EDGE ( 'NONE', *, *, #1019, .F. ) ;
#572 = ORIENTED_EDGE ( 'NONE', *, *, #1892, .T. ) ;
#573 = EDGE_CURVE ( 'NONE', #1030, #2087, #2575, .T. ) ;
#574 = CARTESIAN_POINT ( 'NONE',  ( 35.17999999999999972, -2.000000000000000000, -16.00000000000000355 ) ) ;
#575 = CARTESIAN_POINT ( 'NONE',  ( 9.520000000000008455, -1.500000000000008216, -27.59999999999999787 ) ) ;
#576 = FACE_OUTER_BOUND ( 'NONE', #2389, .T. ) ;
#577 = CARTESIAN_POINT ( 'NONE',  ( 9.520000000000006679, -2.500000000000000000, -28.00000000000000000 ) ) ;
#578 = VECTOR ( 'NONE', #478, 1000.000000000000000 ) ;
#579 = DIRECTION ( 'NONE',  ( 1.000000000000000000, -0.000000000000000000, -1.334402673828313241E-15 ) ) ;
#580 = ADVANCED_FACE ( 'NONE', ( #336 ), #2126, .F. ) ;
#581 = FACE_OUTER_BOUND ( 'NONE', #2476, .T. ) ;
#582 = CONICAL_SURFACE ( 'NONE', #482, 1.699999999999999289, 0.7853981633974516097 ) ;
#583 = CIRCLE ( 'NONE', #298, 0.5000000000000004441 ) ;
#584 = ORIENTED_EDGE ( 'NONE', *, *, #2385, .F. ) ;
#585 = AXIS2_PLACEMENT_3D ( 'NONE', #2130, #2564, #1040 ) ;
#586 = ORIENTED_EDGE ( 'NONE', *, *, #472, .F. ) ;
#587 = EDGE_LOOP ( 'NONE', ( #2206, #2276, #1912, #209 ) ) ;
#588 = LINE ( 'NONE', #1488, #1538 ) ;
#589 = PRODUCT_DEFINITION_CONTEXT ( 'detailed design', #496, 'design' ) ;
#590 = DIRECTION ( 'NONE',  ( 1.000000000000000000, 0.000000000000000000, -5.782411586589359611E-15 ) ) ;
#591 = FACE_OUTER_BOUND ( 'NONE', #2754, .T. ) ;
#592 = EDGE_CURVE ( 'NONE', #1048, #2100, #1238, .T. ) ;
#593 = VERTEX_POINT ( 'NONE', #1938 ) ;
#594 = DIRECTION ( 'NONE',  ( 1.000000000000000000, -0.000000000000000000, -0.000000000000000000 ) ) ;
#595 = CARTESIAN_POINT ( 'NONE',  ( 26.59999999999999787, -4.299999999999999822, -14.40000000000000036 ) ) ;
#596 = AXIS2_PLACEMENT_3D ( 'NONE', #2503, #462, #1344 ) ;
#597 = ORIENTED_EDGE ( 'NONE', *, *, #2827, .T. ) ;
#598 = VECTOR ( 'NONE', #162, 1000.000000000000114 ) ;
#599 = ORIENTED_EDGE ( 'NONE', *, *, #1754, .F. ) ;
#600 = ORIENTED_EDGE ( 'NONE', *, *, #40, .F. ) ;
#601 = EDGE_CURVE ( 'NONE', #533, #860, #1298, .T. ) ;
#602 = VECTOR ( 'NONE', #1657, 1000.000000000000000 ) ;
#603 = CARTESIAN_POINT ( 'NONE',  ( 0.7199999999999999734, -7.500000000000000000, -9.099999999999997868 ) ) ;
#604 = CARTESIAN_POINT ( 'NONE',  ( 47.27999999999999403, -2.000000000000000000, -27.59999999999999787 ) ) ;
#605 = LINE ( 'NONE', #1308, #174 ) ;
#606 = LINE ( 'NONE', #2627, #285 ) ;
#607 = VERTEX_POINT ( 'NONE', #378 ) ;
#608 = SURFACE_STYLE_USAGE ( .BOTH. , #2616 ) ;
#609 = CARTESIAN_POINT ( 'NONE',  ( 31.98000000000000043, -2.000000000000000000, -16.00000000000000355 ) ) ;
#610 = PLANE ( 'NONE',  #1834 ) ;
#611 = EDGE_CURVE ( 'NONE', #915, #1170, #2392, .T. ) ;
#612 = ORIENTED_EDGE ( 'NONE', *, *, #2566, .F. ) ;
#613 = VERTEX_POINT ( 'NONE', #420 ) ;
#614 = EDGE_LOOP ( 'NONE', ( #2600, #2542, #2876, #74 ) ) ;
#615 = LINE ( 'NONE', #1262, #2356 ) ;
#616 = EDGE_CURVE ( 'NONE', #2100, #1048, #2095, .T. ) ;
#617 = VECTOR ( 'NONE', #1638, 1000.000000000000000 ) ;
#618 = CARTESIAN_POINT ( 'NONE',  ( 42.00000000000000000, -1.200000000000006395, -4.499999999999999112 ) ) ;
#619 = DIRECTION ( 'NONE',  ( 1.000000000000000000, -0.000000000000000000, -0.000000000000000000 ) ) ;
#620 = ORIENTED_EDGE ( 'NONE', *, *, #1070, .F. ) ;
#621 = DIRECTION ( 'NONE',  ( -1.000000000000000000, -0.000000000000000000, -0.000000000000000000 ) ) ;
#622 = DIRECTION ( 'NONE',  ( 0.000000000000000000, 0.000000000000000000, 1.000000000000000000 ) ) ;
#623 = DIRECTION ( 'NONE',  ( 0.000000000000000000, 1.000000000000000000, 0.000000000000000000 ) ) ;
#624 = ORIENTED_EDGE ( 'NONE', *, *, #1485, .T. ) ;
#625 = DIRECTION ( 'NONE',  ( -0.000000000000000000, -1.000000000000000000, -0.000000000000000000 ) ) ;
#626 = ORIENTED_EDGE ( 'NONE', *, *, #2341, .F. ) ;
#627 = ORIENTED_EDGE ( 'NONE', *, *, #1448, .F. ) ;
#628 = EDGE_CURVE ( 'NONE', #1514, #1048, #2612, .T. ) ;
#629 = PRODUCT_DEFINITION ( 'UNKNOWN', '', #2572, #589 ) ;
#630 = DIRECTION ( 'NONE',  ( 0.000000000000000000, 0.7071067811865442421, -0.7071067811865509034 ) ) ;
#631 = DIRECTION ( 'NONE',  ( -0.000000000000000000, 1.000000000000000000, -0.000000000000000000 ) ) ;
#632 = ORIENTED_EDGE ( 'NONE', *, *, #640, .T. ) ;
#633 = CARTESIAN_POINT ( 'NONE',  ( 0.000000000000000000, 0.000000000000000000, -9.000000000000000000 ) ) ;
#634 = CARTESIAN_POINT ( 'NONE',  ( 3.719999999999999307, -7.500000000000000000, -18.19999999999999574 ) ) ;
#635 = CARTESIAN_POINT ( 'NONE',  ( 5.999999999999998224, -2.000000000000000000, -4.499999999999994671 ) ) ;
#636 = EDGE_LOOP ( 'NONE', ( #229, #900, #433, #1185, #648, #1417 ) ) ;
#637 = ORIENTED_EDGE ( 'NONE', *, *, #652, .F. ) ;
#638 = ORIENTED_EDGE ( 'NONE', *, *, #1231, .F. ) ;
#639 = VECTOR ( 'NONE', #1740, 1000.000000000000000 ) ;
#640 = EDGE_CURVE ( 'NONE', #1403, #865, #2598, .T. ) ;
#641 = AXIS2_PLACEMENT_3D ( 'NONE', #2395, #2407, #1283 ) ;
#642 = CARTESIAN_POINT ( 'NONE',  ( 3.719999999999999307, -2.000000000000000000, -18.19999999999999574 ) ) ;
#643 = VECTOR ( 'NONE', #2681, 1000.000000000000000 ) ;
#644 = DIRECTION ( 'NONE',  ( 0.000000000000000000, 0.000000000000000000, 1.000000000000000000 ) ) ;
#645 = DIRECTION ( 'NONE',  ( -0.000000000000000000, -1.000000000000000000, -0.000000000000000000 ) ) ;
#646 = CIRCLE ( 'NONE', #1245, 2.900000000000027445 ) ;
#647 = VERTEX_POINT ( 'NONE', #2418 ) ;
#648 = ORIENTED_EDGE ( 'NONE', *, *, #514, .F. ) ;
#649 = DIRECTION ( 'NONE',  ( -0.000000000000000000, 1.000000000000000000, -0.000000000000000000 ) ) ;
#650 = DIRECTION ( 'NONE',  ( -0.000000000000000000, -1.000000000000000000, 0.000000000000000000 ) ) ;
#651 = DIRECTION ( 'NONE',  ( 1.916232544896306831E-18, -0.000000000000000000, 1.000000000000000000 ) ) ;
#652 = EDGE_CURVE ( 'NONE', #39, #593, #2640, .T. ) ;
#653 = ORIENTED_EDGE ( 'NONE', *, *, #1407, .T. ) ;
#654 = ORIENTED_EDGE ( 'NONE', *, *, #2696, .T. ) ;
#655 = ORIENTED_EDGE ( 'NONE', *, *, #258, .T. ) ;
#656 = EDGE_CURVE ( 'NONE', #1514, #2361, #2234, .T. ) ;
#657 = DIRECTION ( 'NONE',  ( 1.000000000000000000, 0.000000000000000000, -0.000000000000000000 ) ) ;
#658 = DIRECTION ( 'NONE',  ( -0.000000000000000000, -1.000000000000000000, -0.000000000000000000 ) ) ;
#659 = ORIENTED_EDGE ( 'NONE', *, *, #628, .F. ) ;
#660 = CIRCLE ( 'NONE', #1873, 35.00000000000000711 ) ;
#661 = EDGE_CURVE ( 'NONE', #929, #2228, #605, .T. ) ;
#662 = PLANE ( 'NONE',  #971 ) ;
#663 = CARTESIAN_POINT ( 'NONE',  ( 5.999999999999998224, 0.000000000000000000, -7.400000000000008349 ) ) ;
#664 = DIRECTION ( 'NONE',  ( 8.260587980841933849E-16, -0.000000000000000000, 1.000000000000000000 ) ) ;
#665 = ORIENTED_EDGE ( 'NONE', *, *, #1979, .T. ) ;
#666 = ADVANCED_FACE ( 'NONE', ( #1523 ), #2626, .F. ) ;
#667 = CYLINDRICAL_SURFACE ( 'NONE', #153, 0.5000000000000004441 ) ;
#668 = VERTEX_POINT ( 'NONE', #1970 ) ;
#669 = ORIENTED_EDGE ( 'NONE', *, *, #2415, .T. ) ;
#670 = CARTESIAN_POINT ( 'NONE',  ( 47.28000000000000114, -4.299999999999999822, -10.40000000000000036 ) ) ;
#671 = CARTESIAN_POINT ( 'NONE',  ( 9.520000000000006679, -2.000000000000000000, -28.00000000000000000 ) ) ;
#672 = DIRECTION ( 'NONE',  ( 0.000000000000000000, -0.000000000000000000, 1.000000000000000000 ) ) ;
#673 = EDGE_LOOP ( 'NONE', ( #118, #1685, #24, #2679 ) ) ;
#674 = LINE ( 'NONE', #1601, #2000 ) ;
#675 = FACE_OUTER_BOUND ( 'NONE', #126, .T. ) ;
#676 = EDGE_CURVE ( 'NONE', #607, #1004, #2379, .T. ) ;
#677 = ORIENTED_EDGE ( 'NONE', *, *, #25, .T. ) ;
#678 = CARTESIAN_POINT ( 'NONE',  ( 12.42000000000000703, -2.000000000000000000, -28.00000000000000355 ) ) ;
#679 = LINE ( 'NONE', #603, #718 ) ;
#680 = ORIENTED_EDGE ( 'NONE', *, *, #2752, .T. ) ;
#681 = VERTEX_POINT ( 'NONE', #858 ) ;
#682 = LINE ( 'NONE', #1950, #359 ) ;
#683 = VECTOR ( 'NONE', #1390, 1000.000000000000000 ) ;
#684 = EDGE_CURVE ( 'NONE', #1652, #681, #1034, .T. ) ;
#685 = VECTOR ( 'NONE', #1438, 1000.000000000000000 ) ;
#686 = VECTOR ( 'NONE', #2188, 1000.000000000000000 ) ;
#687 = CARTESIAN_POINT ( 'NONE',  ( 6.819999999999997620, -7.500000000000000000, -16.50000000000000000 ) ) ;
#688 = AXIS2_PLACEMENT_3D ( 'NONE', #2168, #2435, #1071 ) ;
#689 = AXIS2_PLACEMENT_3D ( 'NONE', #1182, #524, #1225 ) ;
#690 = CARTESIAN_POINT ( 'NONE',  ( 48.00000000000000000, -2.000000000000000000, -9.000000000000000000 ) ) ;
#691 = ORIENTED_EDGE ( 'NONE', *, *, #1744, .T. ) ;
#692 = LINE ( 'NONE', #2483, #330 ) ;
#693 = VECTOR ( 'NONE', #322, 1000.000000000000000 ) ;
#694 = LINE ( 'NONE', #456, #1656 ) ;
#695 = CARTESIAN_POINT ( 'NONE',  ( 31.52000000000000668, -2.000000000000000000, -27.59999999999999787 ) ) ;
#696 = CARTESIAN_POINT ( 'NONE',  ( 0.7199999999999999734, -2.000000000000000000, -27.59999999999999787 ) ) ;
#697 = ORIENTED_EDGE ( 'NONE', *, *, #2007, .T. ) ;
#698 = ADVANCED_FACE ( 'NONE', ( #2181 ), #1409, .F. ) ;
#699 = LINE ( 'NONE', #2269, #2607 ) ;
#700 = CARTESIAN_POINT ( 'NONE',  ( 31.48000000000000043, -2.000000000000000000, -17.69999999999999574 ) ) ;
#701 = ORIENTED_EDGE ( 'NONE', *, *, #1673, .T. ) ;
#702 = EDGE_LOOP ( 'NONE', ( #1444, #2119, #802, #2428 ) ) ;
#703 = VECTOR ( 'NONE', #728, 1000.000000000000000 ) ;
#704 = ADVANCED_FACE ( 'NONE', ( #2655 ), #19, .F. ) ;
#705 = DIRECTION ( 'NONE',  ( -0.000000000000000000, 1.000000000000000000, -0.000000000000000000 ) ) ;
#706 = CARTESIAN_POINT ( 'NONE',  ( 42.00000000000000000, -1.200000000000006395, -6.199999999999999289 ) ) ;
#707 = ORIENTED_EDGE ( 'NONE', *, *, #1123, .T. ) ;
#708 = CARTESIAN_POINT ( 'NONE',  ( 31.52000000000000668, -2.000000000000000000, -29.69999999999999929 ) ) ;
#709 = VECTOR ( 'NONE', #2539, 1000.000000000000000 ) ;
#710 = CARTESIAN_POINT ( 'NONE',  ( 48.00000000000000000, -2.000000000000000000, -9.000000000000000000 ) ) ;
#711 = PLANE ( 'NONE',  #1752 ) ;
#712 = CARTESIAN_POINT ( 'NONE',  ( 42.76000000000000512, -7.500000000000000000, -17.69999999999999574 ) ) ;
#713 = CIRCLE ( 'NONE', #2442, 1.700000000000000178 ) ;
#714 = ORIENTED_EDGE ( 'NONE', *, *, #2445, .F. ) ;
#715 = ORIENTED_EDGE ( 'NONE', *, *, #2445, .T. ) ;
#716 = CARTESIAN_POINT ( 'NONE',  ( 0.7200000000000001954, 0.000000000000000000, -9.000000000000000000 ) ) ;
#717 = DIRECTION ( 'NONE',  ( -1.000000000000000000, 0.000000000000000000, -0.000000000000000000 ) ) ;
#718 = VECTOR ( 'NONE', #2377, 1000.000000000000000 ) ;
#719 = ORIENTED_EDGE ( 'NONE', *, *, #2604, .T. ) ;
#720 = ADVANCED_FACE ( 'NONE', ( #1493 ), #2213, .T. ) ;
#721 = DIRECTION ( 'NONE',  ( 0.000000000000000000, 1.000000000000000000, 0.000000000000000000 ) ) ;
#722 = DIRECTION ( 'NONE',  ( 0.000000000000000000, 0.000000000000000000, -1.000000000000000000 ) ) ;
#723 = ORIENTED_EDGE ( 'NONE', *, *, #491, .T. ) ;
#724 = AXIS2_PLACEMENT_3D ( 'NONE', #1280, #2404, #177 ) ;
#725 = EDGE_CURVE ( 'NONE', #810, #1703, #1129, .T. ) ;
#726 = CARTESIAN_POINT ( 'NONE',  ( 31.52000000000000668, -2.500000000000000000, -29.69999999999999929 ) ) ;
#727 = CARTESIAN_POINT ( 'NONE',  ( 9.520000000000008455, -2.000000000000000000, -27.59999999999999787 ) ) ;
#728 = DIRECTION ( 'NONE',  ( -0.000000000000000000, -0.000000000000000000, -1.000000000000000000 ) ) ;
#729 = ORIENTED_EDGE ( 'NONE', *, *, #75, .T. ) ;
#730 = EDGE_CURVE ( 'NONE', #1374, #2073, #1955, .T. ) ;
#731 = EDGE_LOOP ( 'NONE', ( #409, #1535, #308, #2386 ) ) ;
#732 = CARTESIAN_POINT ( 'NONE',  ( 6.819999999999997620, -7.500000000000000000, -16.00000000000000000 ) ) ;
#733 = LINE ( 'NONE', #2270, #2402 ) ;
#734 = ORIENTED_EDGE ( 'NONE', *, *, #1249, .T. ) ;
#735 = EDGE_CURVE ( 'NONE', #2272, #1217, #2683, .T. ) ;
#736 = FACE_OUTER_BOUND ( 'NONE', #1543, .T. ) ;
#737 = FACE_OUTER_BOUND ( 'NONE', #2784, .T. ) ;
#738 = AXIS2_PLACEMENT_3D ( 'NONE', #477, #1622, #2301 ) ;
#739 = ORIENTED_EDGE ( 'NONE', *, *, #325, .T. ) ;
#740 = STYLED_ITEM ( 'NONE', ( #53 ), #2636 ) ;
#741 = LINE ( 'NONE', #1616, #602 ) ;
#742 = CARTESIAN_POINT ( 'NONE',  ( 3.719999999999999307, -7.500000000000000000, -18.19999999999999574 ) ) ;
#743 = CARTESIAN_POINT ( 'NONE',  ( 42.26000000000000512, -7.500000000000000000, -16.00000000000000000 ) ) ;
#744 = EDGE_LOOP ( 'NONE', ( #917, #1066, #1118, #2883, #1037, #2360, #2665, #1073, #2580, #542, #1782, #332 ) ) ;
#745 = VECTOR ( 'NONE', #534, 1000.000000000000000 ) ;
#746 = ORIENTED_EDGE ( 'NONE', *, *, #2333, .T. ) ;
#747 = FACE_OUTER_BOUND ( 'NONE', #138, .T. ) ;
#748 = DIRECTION ( 'NONE',  ( 1.000000000000000000, 0.000000000000000000, -0.000000000000000000 ) ) ;
#749 = EDGE_CURVE ( 'NONE', #1374, #1445, #31, .T. ) ;
#750 = DIRECTION ( 'NONE',  ( 0.000000000000000000, 1.000000000000000000, 0.000000000000000000 ) ) ;
#751 = ORIENTED_EDGE ( 'NONE', *, *, #2007, .F. ) ;
#752 = CARTESIAN_POINT ( 'NONE',  ( 9.520000000000010232, -3.932039878880764062E-15, -26.10000000000000853 ) ) ;
#753 = CARTESIAN_POINT ( 'NONE',  ( 42.76000000000000512, -7.500000000000000000, -18.19999999999999574 ) ) ;
#754 = ORIENTED_EDGE ( 'NONE', *, *, #795, .F. ) ;
#755 = EDGE_CURVE ( 'NONE', #2208, #2373, #583, .T. ) ;
#756 = DIRECTION ( 'NONE',  ( 0.000000000000000000, 1.000000000000000000, 0.000000000000000000 ) ) ;
#757 = LINE ( 'NONE', #2775, #1664 ) ;
#758 = DIRECTION ( 'NONE',  ( 0.000000000000000000, 1.000000000000000000, 0.000000000000000000 ) ) ;
#759 = ADVANCED_FACE ( 'NONE', ( #2480 ), #234, .F. ) ;
#760 = CIRCLE ( 'NONE', #2675, 1.699999999999999289 ) ;
#761 = DIRECTION ( 'NONE',  ( -0.000000000000000000, -0.000000000000000000, -1.000000000000000000 ) ) ;
#762 = CARTESIAN_POINT ( 'NONE',  ( 9.520000000000006679, -2.000000000000000000, -28.00000000000000000 ) ) ;
#763 = ORIENTED_EDGE ( 'NONE', *, *, #2583, .T. ) ;
#764 = EDGE_CURVE ( 'NONE', #2132, #186, #249, .T. ) ;
#765 = ORIENTED_EDGE ( 'NONE', *, *, #906, .T. ) ;
#766 = PLANE ( 'NONE',  #2859 ) ;
#767 = DIRECTION ( 'NONE',  ( 0.000000000000000000, 0.000000000000000000, -1.000000000000000000 ) ) ;
#768 = CIRCLE ( 'NONE', #1679, 0.5000000000000004441 ) ;
#769 = CARTESIAN_POINT ( 'NONE',  ( 6.319999999999999396, -7.500000000000000000, -17.69999999999999929 ) ) ;
#770 = FACE_OUTER_BOUND ( 'NONE', #2413, .T. ) ;
#771 = LINE ( 'NONE', #337, #884 ) ;
#772 = CARTESIAN_POINT ( 'NONE',  ( 44.07999999999999829, -2.000000000000000000, -16.10000000000000142 ) ) ;
#773 = LINE ( 'NONE', #1399, #1895 ) ;
#774 = LINE ( 'NONE', #2821, #1211 ) ;
#775 = EDGE_CURVE ( 'NONE', #1706, #1516, #497, .T. ) ;
#776 = ORIENTED_EDGE ( 'NONE', *, *, #1744, .F. ) ;
#777 = ORIENTED_EDGE ( 'NONE', *, *, #2536, .T. ) ;
#778 = VERTEX_POINT ( 'NONE', #262 ) ;
#779 = DIRECTION ( 'NONE',  ( -0.000000000000000000, -0.000000000000000000, 1.000000000000000000 ) ) ;
#780 = ADVANCED_FACE ( 'NONE', ( #468 ), #2669, .F. ) ;
#781 = CARTESIAN_POINT ( 'NONE',  ( 10.01999999999999780, -2.000000000000000000, -18.19999999999999929 ) ) ;
#782 = DIRECTION ( 'NONE',  ( -0.000000000000000000, 1.000000000000000000, -0.000000000000000000 ) ) ;
#783 = CARTESIAN_POINT ( 'NONE',  ( 6.319999999999999396, -7.500000000000000000, -18.19999999999999929 ) ) ;
#784 = ORIENTED_EDGE ( 'NONE', *, *, #102, .T. ) ;
#785 = AXIS2_PLACEMENT_3D ( 'NONE', #2246, #469, #672 ) ;
#786 = CYLINDRICAL_SURFACE ( 'NONE', #1290, 1.700000000000000178 ) ;
#787 = LINE ( 'NONE', #137, #1581 ) ;
#788 = VECTOR ( 'NONE', #1481, 1000.000000000000000 ) ;
#789 = ORIENTED_EDGE ( 'NONE', *, *, #735, .F. ) ;
#790 = EDGE_CURVE ( 'NONE', #2082, #2196, #277, .T. ) ;
#791 = VECTOR ( 'NONE', #564, 1000.000000000000000 ) ;
#792 = ORIENTED_EDGE ( 'NONE', *, *, #393, .F. ) ;
#793 = ORIENTED_EDGE ( 'NONE', *, *, #1845, .F. ) ;
#794 = DIRECTION ( 'NONE',  ( 5.841117777841393311E-16, 0.7071067811865507924, 0.7071067811865441310 ) ) ;
#795 = EDGE_CURVE ( 'NONE', #607, #830, #452, .T. ) ;
#796 = LINE ( 'NONE', #769, #693 ) ;
#797 = LINE ( 'NONE', #2545, #1296 ) ;
#798 = CARTESIAN_POINT ( 'NONE',  ( 31.98000000000000043, -7.500000000000000000, -16.50000000000000355 ) ) ;
#799 = PLANE ( 'NONE',  #1192 ) ;
#800 = CARTESIAN_POINT ( 'NONE',  ( 47.28000000000000114, -7.500000000000000000, -16.10000000000000142 ) ) ;
#801 = VECTOR ( 'NONE', #1222, 1000.000000000000000 ) ;
#802 = ORIENTED_EDGE ( 'NONE', *, *, #876, .T. ) ;
#803 = EDGE_LOOP ( 'NONE', ( #1839, #955, #680, #1103 ) ) ;
#804 = ORIENTED_EDGE ( 'NONE', *, *, #2573, .F. ) ;
#805 = LINE ( 'NONE', #2166, #1968 ) ;
#806 = AXIS2_PLACEMENT_3D ( 'NONE', #2773, #2111, #767 ) ;
#807 = DIRECTION ( 'NONE',  ( -0.000000000000000000, 0.000000000000000000, -1.000000000000000000 ) ) ;
#808 = CARTESIAN_POINT ( 'NONE',  ( 47.28000000000000114, -4.299999999999999822, -14.49999999999999822 ) ) ;
#809 = EDGE_CURVE ( 'NONE', #1778, #1999, #960, .T. ) ;
#810 = VERTEX_POINT ( 'NONE', #435 ) ;
#811 = CARTESIAN_POINT ( 'NONE',  ( 19.42000000000000171, -2.000000000000000000, -24.09999999999999787 ) ) ;
#812 = CARTESIAN_POINT ( 'NONE',  ( 26.59999999999999787, -2.000000000000000000, -14.40000000000000391 ) ) ;
#813 = EDGE_CURVE ( 'NONE', #2143, #2547, #2021, .T. ) ;
#814 = ORIENTED_EDGE ( 'NONE', *, *, #1769, .T. ) ;
#815 = ORIENTED_EDGE ( 'NONE', *, *, #1855, .T. ) ;
#816 = VERTEX_POINT ( 'NONE', #15 ) ;
#817 = LINE ( 'NONE', #1111, #2162 ) ;
#818 = EDGE_CURVE ( 'NONE', #521, #1636, #2052, .T. ) ;
#819 = DIRECTION ( 'NONE',  ( 0.000000000000000000, 0.000000000000000000, 1.000000000000000000 ) ) ;
#820 = FACE_OUTER_BOUND ( 'NONE', #2054, .T. ) ;
#821 = VECTOR ( 'NONE', #1536, 1000.000000000000114 ) ;
#822 = ORIENTED_EDGE ( 'NONE', *, *, #1547, .F. ) ;
#823 = FILL_AREA_STYLE ('',( #2601 ) ) ;
#824 = CARTESIAN_POINT ( 'NONE',  ( 19.42000000000000171, 0.000000000000000000, -24.09999999999999787 ) ) ;
#825 = PLANE ( 'NONE',  #947 ) ;
#826 = CIRCLE ( 'NONE', #1190, 1.699999999999999289 ) ;
#827 = ORIENTED_EDGE ( 'NONE', *, *, #2634, .T. ) ;
#828 = ADVANCED_FACE ( 'NONE', ( #1787 ), #1100, .F. ) ;
#829 = PRESENTATION_LAYER_ASSIGNMENT (  '', '', ( #740 ) ) ;
#830 = VERTEX_POINT ( 'NONE', #2 ) ;
#831 = ORIENTED_EDGE ( 'NONE', *, *, #1529, .T. ) ;
#832 = CARTESIAN_POINT ( 'NONE',  ( 30.97999999999999687, -7.500000000000000000, -18.19999999999999574 ) ) ;
#833 = DIRECTION ( 'NONE',  ( 0.000000000000000000, 1.000000000000000000, 0.000000000000000000 ) ) ;
#834 = CARTESIAN_POINT ( 'NONE',  ( 6.819999999999999396, -11.79999999999999893, -14.49999999999999645 ) ) ;
#835 = EDGE_LOOP ( 'NONE', ( #1014, #1113, #354, #1385 ) ) ;
#836 = AXIS2_PLACEMENT_3D ( 'NONE', #1967, #1263, #160 ) ;
#837 = CARTESIAN_POINT ( 'NONE',  ( 12.42000000000000348, -2.000000000000000000, -21.00000000000000355 ) ) ;
#838 = PLANE ( 'NONE',  #1422 ) ;
#839 = LINE ( 'NONE', #1716, #2198 ) ;
#840 = EDGE_CURVE ( 'NONE', #1148, #1124, #1130, .T. ) ;
#841 = ORIENTED_EDGE ( 'NONE', *, *, #2171, .F. ) ;
#842 = VERTEX_POINT ( 'NONE', #1805 ) ;
#843 = EDGE_CURVE ( 'NONE', #1800, #2595, #1985, .T. ) ;
#844 = ORIENTED_EDGE ( 'NONE', *, *, #2772, .T. ) ;
#845 = DIRECTION ( 'NONE',  ( 0.000000000000000000, -1.000000000000000000, 0.000000000000000000 ) ) ;
#846 = CARTESIAN_POINT ( 'NONE',  ( 42.26000000000000512, -7.500000000000000000, -18.19999999999999574 ) ) ;
#847 = LINE ( 'NONE', #2613, #1561 ) ;
#848 = VERTEX_POINT ( 'NONE', #2494 ) ;
#849 = DIRECTION ( 'NONE',  ( -0.000000000000000000, -0.000000000000000000, 1.000000000000000000 ) ) ;
#850 = CARTESIAN_POINT ( 'NONE',  ( 42.00000000000000000, -2.000000000000000000, -4.499999999999999112 ) ) ;
#851 = CARTESIAN_POINT ( 'NONE',  ( 47.27999999999999403, -2.000000000000000000, -27.59999999999999787 ) ) ;
#852 = ORIENTED_EDGE ( 'NONE', *, *, #1297, .T. ) ;
#853 = ADVANCED_FACE ( 'NONE', ( #481 ), #1363, .F. ) ;
#854 = ORIENTED_EDGE ( 'NONE', *, *, #2735, .T. ) ;
#855 = ORIENTED_EDGE ( 'NONE', *, *, #1836, .T. ) ;
#856 = PLANE ( 'NONE',  #2063 ) ;
#857 = EDGE_CURVE ( 'NONE', #2603, #1054, #1935, .T. ) ;
#858 = CARTESIAN_POINT ( 'NONE',  ( 38.06000000000000227, -2.000000000000000000, -18.20000000000000284 ) ) ;
#859 = LINE ( 'NONE', #2657, #2467 ) ;
#860 = VERTEX_POINT ( 'NONE', #982 ) ;
#861 = ORIENTED_EDGE ( 'NONE', *, *, #1328, .T. ) ;
#862 = LINE ( 'NONE', #381, #2137 ) ;
#863 = DIRECTION ( 'NONE',  ( -0.000000000000000000, -1.000000000000000000, -0.000000000000000000 ) ) ;
#864 = FACE_OUTER_BOUND ( 'NONE', #1157, .T. ) ;
#865 = VERTEX_POINT ( 'NONE', #2124 ) ;
#866 = VERTEX_POINT ( 'NONE', #1160 ) ;
#867 = AXIS2_PLACEMENT_3D ( 'NONE', #2044, #1575, #510 ) ;
#868 = EDGE_LOOP ( 'NONE', ( #1665, #1539, #2466, #432 ) ) ;
#869 = ORIENTED_EDGE ( 'NONE', *, *, #1909, .F. ) ;
#870 = ADVANCED_FACE ( 'NONE', ( #736 ), #77, .F. ) ;
#871 = AXIS2_PLACEMENT_3D ( 'NONE', #66, #756, #1437 ) ;
#872 = PLANE ( 'NONE',  #2489 ) ;
#873 = DIRECTION ( 'NONE',  ( 0.000000000000000000, 0.000000000000000000, 1.000000000000000000 ) ) ;
#874 = LINE ( 'NONE', #2169, #1922 ) ;
#875 = ORIENTED_EDGE ( 'NONE', *, *, #1204, .T. ) ;
#876 = EDGE_CURVE ( 'NONE', #1445, #2694, #2319, .T. ) ;
#877 = DIRECTION ( 'NONE',  ( 8.659560562354962440E-17, 0.7071067811865452413, -0.7071067811865499042 ) ) ;
#878 = DIRECTION ( 'NONE',  ( 0.000000000000000000, 1.000000000000000000, 0.000000000000000000 ) ) ;
#879 = ORIENTED_EDGE ( 'NONE', *, *, #1504, .T. ) ;
#880 = CARTESIAN_POINT ( 'NONE',  ( 35.17999999999999972, -2.000000000000000000, -16.50000000000000355 ) ) ;
#881 = ORIENTED_EDGE ( 'NONE', *, *, #1077, .T. ) ;
#882 = VERTEX_POINT ( 'NONE', #320 ) ;
#883 = LINE ( 'NONE', #1768, #643 ) ;
#884 = VECTOR ( 'NONE', #1645, 1000.000000000000000 ) ;
#885 = VECTOR ( 'NONE', #404, 1000.000000000000000 ) ;
#886 = EDGE_CURVE ( 'NONE', #1999, #2868, #119, .T. ) ;
#887 = DIRECTION ( 'NONE',  ( -0.000000000000000000, -0.000000000000000000, 1.000000000000000000 ) ) ;
#888 = FACE_OUTER_BOUND ( 'NONE', #1358, .T. ) ;
#889 = ORIENTED_EDGE ( 'NONE', *, *, #616, .T. ) ;
#890 = VECTOR ( 'NONE', #2491, 1000.000000000000000 ) ;
#891 = LINE ( 'NONE', #280, #1803 ) ;
#892 = CARTESIAN_POINT ( 'NONE',  ( 34.67999999999999972, -7.500000000000000000, -16.00000000000000355 ) ) ;
#893 = EDGE_CURVE ( 'NONE', #2881, #1631, #108, .T. ) ;
#894 = DIRECTION ( 'NONE',  ( 0.000000000000000000, 0.000000000000000000, 1.000000000000000000 ) ) ;
#895 = VERTEX_POINT ( 'NONE', #1891 ) ;
#896 = CARTESIAN_POINT ( 'NONE',  ( 31.48000000000000043, -7.500000000000000000, -16.50000000000000355 ) ) ;
#897 = EDGE_CURVE ( 'NONE', #2068, #2488, #2540, .T. ) ;
#898 = VECTOR ( 'NONE', #2756, 1000.000000000000000 ) ;
#899 = DIRECTION ( 'NONE',  ( 1.000000000000000000, -0.000000000000000000, -0.000000000000000000 ) ) ;
#900 = ORIENTED_EDGE ( 'NONE', *, *, #1737, .T. ) ;
#901 = ORIENTED_EDGE ( 'NONE', *, *, #775, .F. ) ;
#902 = DIRECTION ( 'NONE',  ( -0.000000000000000000, -1.000000000000000000, -0.000000000000000000 ) ) ;
#903 = DIRECTION ( 'NONE',  ( 1.000000000000000000, -0.000000000000000000, -1.156482317317871133E-15 ) ) ;
#904 = ORIENTED_EDGE ( 'NONE', *, *, #445, .F. ) ;
#905 = DIRECTION ( 'NONE',  ( -0.000000000000000000, -0.000000000000000000, 1.000000000000000000 ) ) ;
#906 = EDGE_CURVE ( 'NONE', #1678, #2838, #2305, .T. ) ;
#907 = DIRECTION ( 'NONE',  ( 1.000000000000000000, -0.000000000000000000, -1.916232544896306831E-18 ) ) ;
#908 = FACE_OUTER_BOUND ( 'NONE', #2806, .T. ) ;
#909 = FACE_OUTER_BOUND ( 'NONE', #1128, .T. ) ;
#910 = ORIENTED_EDGE ( 'NONE', *, *, #813, .F. ) ;
#911 = ORIENTED_EDGE ( 'NONE', *, *, #2104, .F. ) ;
#912 = VECTOR ( 'NONE', #2352, 1000.000000000000000 ) ;
#913 = DIRECTION ( 'NONE',  ( 0.000000000000000000, 0.000000000000000000, 1.000000000000000000 ) ) ;
#914 = LINE ( 'NONE', #1183, #2728 ) ;
#915 = VERTEX_POINT ( 'NONE', #1406 ) ;
#916 = VECTOR ( 'NONE', #2244, 1000.000000000000000 ) ;
#917 = ORIENTED_EDGE ( 'NONE', *, *, #1491, .T. ) ;
#918 = ADVANCED_FACE ( 'NONE', ( #994 ), #1881, .F. ) ;
#919 = CIRCLE ( 'NONE', #1094, 1.699999999999999289 ) ;
#920 = DIRECTION ( 'NONE',  ( -1.000000000000000000, 0.000000000000000000, -1.606225440719266613E-16 ) ) ;
#921 = AXIS2_PLACEMENT_3D ( 'NONE', #1810, #2703, #1163 ) ;
#922 = CARTESIAN_POINT ( 'NONE',  ( 39.06000000000000227, -7.500000000000000000, -16.00000000000000000 ) ) ;
#923 = ORIENTED_EDGE ( 'NONE', *, *, #1804, .F. ) ;
#924 = LINE ( 'NONE', #1809, #2537 ) ;
#925 = VECTOR ( 'NONE', #2584, 1000.000000000000000 ) ;
#926 = CARTESIAN_POINT ( 'NONE',  ( 11.39999999999999680, -7.500000000000000000, -14.49999999999999822 ) ) ;
#927 = DIRECTION ( 'NONE',  ( -0.000000000000000000, -0.000000000000000000, -1.000000000000000000 ) ) ;
#928 = DIRECTION ( 'NONE',  ( 0.000000000000000000, 0.000000000000000000, 1.000000000000000000 ) ) ;
#929 = VERTEX_POINT ( 'NONE', #1856 ) ;
#930 = FACE_OUTER_BOUND ( 'NONE', #1339, .T. ) ;
#931 = DIRECTION ( 'NONE',  ( -0.000000000000000000, 1.000000000000000000, -0.000000000000000000 ) ) ;
#932 = EDGE_CURVE ( 'NONE', #318, #329, #1669, .T. ) ;
#933 = ORIENTED_EDGE ( 'NONE', *, *, #1228, .F. ) ;
#934 = CARTESIAN_POINT ( 'NONE',  ( 31.52000000000000668, 0.000000000000000000, -29.69999999999999929 ) ) ;
#935 = EDGE_CURVE ( 'NONE', #2615, #318, #2522, .T. ) ;
#936 = PLANE ( 'NONE',  #968 ) ;
#937 = ORIENTED_EDGE ( 'NONE', *, *, #94, .F. ) ;
#938 = DIRECTION ( 'NONE',  ( -0.000000000000000000, 1.000000000000000000, -0.000000000000000000 ) ) ;
#939 = CARTESIAN_POINT ( 'NONE',  ( 39.06000000000000227, -2.000000000000000000, -16.00000000000000000 ) ) ;
#940 = CARTESIAN_POINT ( 'NONE',  ( 31.52000000000000668, -2.000000000000000000, -29.69999999999999929 ) ) ;
#941 = EDGE_LOOP ( 'NONE', ( #470, #2256, #2819, #1556 ) ) ;
#942 = ORIENTED_EDGE ( 'NONE', *, *, #393, .T. ) ;
#943 = CARTESIAN_POINT ( 'NONE',  ( 11.39999999999999680, -6.299999999999999822, -13.12000000000000099 ) ) ;
#944 = CARTESIAN_POINT ( 'NONE',  ( 31.52000000000000668, -2.500000000000000000, -28.00000000000000000 ) ) ;
#945 = ORIENTED_EDGE ( 'NONE', *, *, #2597, .F. ) ;
#946 = EDGE_CURVE ( 'NONE', #2622, #1614, #2365, .T. ) ;
#947 = AXIS2_PLACEMENT_3D ( 'NONE', #1977, #2454, #1730 ) ;
#948 = CARTESIAN_POINT ( 'NONE',  ( 0.000000000000000000, -7.500000000000000000, 0.000000000000000000 ) ) ;
#949 = DIRECTION ( 'NONE',  ( -1.000000000000000000, 0.000000000000000000, -0.000000000000000000 ) ) ;
#950 = ORIENTED_EDGE ( 'NONE', *, *, #62, .T. ) ;
#951 = EDGE_CURVE ( 'NONE', #252, #2492, #1629, .T. ) ;
#952 = DIRECTION ( 'NONE',  ( 0.000000000000000000, 1.000000000000000000, 0.000000000000000000 ) ) ;
#953 = FACE_BOUND ( 'NONE', #1459, .T. ) ;
#954 = LINE ( 'NONE', #1122, #1576 ) ;
#955 = ORIENTED_EDGE ( 'NONE', *, *, #2304, .F. ) ;
#956 = ORIENTED_EDGE ( 'NONE', *, *, #374, .T. ) ;
#957 = DIRECTION ( 'NONE',  ( -0.000000000000000000, -0.000000000000000000, 1.000000000000000000 ) ) ;
#958 = DIRECTION ( 'NONE',  ( 0.000000000000000000, 1.000000000000000000, 0.000000000000000000 ) ) ;
#959 = VERTEX_POINT ( 'NONE', #2556 ) ;
#960 = CIRCLE ( 'NONE', #1325, 0.5000000000000004441 ) ;
#961 = EDGE_CURVE ( 'NONE', #1555, #647, #2098, .T. ) ;
#962 = ORIENTED_EDGE ( 'NONE', *, *, #1249, .F. ) ;
#963 = CARTESIAN_POINT ( 'NONE',  ( 9.520000000000006679, -2.000000000000000000, -28.00000000000000000 ) ) ;
#964 = DIRECTION ( 'NONE',  ( -0.9635627530364371252, -0.000000000000000000, -0.2674823750471086448 ) ) ;
#965 = DIRECTION ( 'NONE',  ( 1.000000000000000000, -0.000000000000000000, -1.026463595252548358E-15 ) ) ;
#966 = EDGE_CURVE ( 'NONE', #991, #2458, #548, .T. ) ;
#967 = VECTOR ( 'NONE', #347, 1000.000000000000000 ) ;
#968 = AXIS2_PLACEMENT_3D ( 'NONE', #2732, #722, #2292 ) ;
#969 = ORIENTED_EDGE ( 'NONE', *, *, #371, .T. ) ;
#970 = AXIS2_PLACEMENT_3D ( 'NONE', #407, #833, #1711 ) ;
#971 = AXIS2_PLACEMENT_3D ( 'NONE', #220, #1759, #2008 ) ;
#972 = CYLINDRICAL_SURFACE ( 'NONE', #1946, 0.5000000000000004441 ) ;
#973 = DIRECTION ( 'NONE',  ( -1.000000000000000000, 0.000000000000000000, -0.000000000000000000 ) ) ;
#974 = CARTESIAN_POINT ( 'NONE',  ( 5.999999999999998224, -2.000000000000000000, -6.199999999999993960 ) ) ;
#975 = ADVANCED_FACE ( 'NONE', ( #95 ), #1870, .F. ) ;
#976 = VECTOR ( 'NONE', #1274, 1000.000000000000114 ) ;
#977 = DIRECTION ( 'NONE',  ( 0.000000000000000000, 1.000000000000000000, 0.000000000000000000 ) ) ;
#978 = PLANE ( 'NONE',  #689 ) ;
#979 = CARTESIAN_POINT ( 'NONE',  ( 42.00000000000000000, -2.000000000000000000, -2.799999999999999378 ) ) ;
#980 = ORIENTED_EDGE ( 'NONE', *, *, #371, .F. ) ;
#981 = EDGE_LOOP ( 'NONE', ( #2638, #1433, #597, #1138 ) ) ;
#982 = CARTESIAN_POINT ( 'NONE',  ( 30.28000000000000114, -2.000000000000000000, -14.39999999999999503 ) ) ;
#983 = EDGE_CURVE ( 'NONE', #1170, #1727, #2336, .T. ) ;
#984 = LINE ( 'NONE', #109, #2711 ) ;
#985 = PLANE ( 'NONE',  #1661 ) ;
#986 = CARTESIAN_POINT ( 'NONE',  ( 47.28000000000000114, -6.299999999999999822, -9.099999999999997868 ) ) ;
#987 = DIRECTION ( 'NONE',  ( 0.000000000000000000, 0.000000000000000000, -1.000000000000000000 ) ) ;
#988 = AXIS2_PLACEMENT_3D ( 'NONE', #783, #1940, #2436 ) ;
#989 = LINE ( 'NONE', #2369, #2334 ) ;
#990 = LINE ( 'NONE', #115, #106 ) ;
#991 = VERTEX_POINT ( 'NONE', #1654 ) ;
#992 = ADVANCED_FACE ( 'NONE', ( #2571 ), #563, .F. ) ;
#993 = VERTEX_POINT ( 'NONE', #2015 ) ;
#994 = FACE_OUTER_BOUND ( 'NONE', #428, .T. ) ;
#995 = PLANE ( 'NONE',  #2290 ) ;
#996 = CARTESIAN_POINT ( 'NONE',  ( 11.39999999999999680, -7.500000000000000000, -18.19999999999999929 ) ) ;
#997 = CARTESIAN_POINT ( 'NONE',  ( 42.00000000000000000, 0.000000000000000000, -7.400000000000012790 ) ) ;
#998 = EDGE_CURVE ( 'NONE', #380, #2492, #679, .T. ) ;
#999 = DIRECTION ( 'NONE',  ( 4.956352788505164254E-16, 0.000000000000000000, 1.000000000000000000 ) ) ;
#1000 = DIRECTION ( 'NONE',  ( -0.000000000000000000, 1.000000000000000000, -0.000000000000000000 ) ) ;
#1001 = VERTEX_POINT ( 'NONE', #2222 ) ;
#1002 = EDGE_LOOP ( 'NONE', ( #1905, #1532, #1579, #677 ) ) ;
#1003 = EDGE_CURVE ( 'NONE', #865, #140, #588, .T. ) ;
#1004 = VERTEX_POINT ( 'NONE', #1692 ) ;
#1005 = DIRECTION ( 'NONE',  ( 0.000000000000000000, 0.000000000000000000, -1.000000000000000000 ) ) ;
#1006 = DIRECTION ( 'NONE',  ( -0.000000000000000000, -0.000000000000000000, -1.000000000000000000 ) ) ;
#1007 = DIRECTION ( 'NONE',  ( -0.000000000000000000, 1.000000000000000000, -0.000000000000000000 ) ) ;
#1008 = CONICAL_SURFACE ( 'NONE', #2514, 1.699999999999999289, 0.7853981633974516097 ) ;
#1009 = DIRECTION ( 'NONE',  ( 0.000000000000000000, 0.000000000000000000, 1.000000000000000000 ) ) ;
#1010 = AXIS2_PLACEMENT_3D ( 'NONE', #1606, #1817, #1140 ) ;
#1011 = CARTESIAN_POINT ( 'NONE',  ( 9.520000000000006679, -2.500000000000000000, -28.00000000000000000 ) ) ;
#1012 = CARTESIAN_POINT ( 'NONE',  ( 26.41999999999999815, -2.000000000000000000, -21.00000000000000355 ) ) ;
#1013 = VECTOR ( 'NONE', #849, 1000.000000000000000 ) ;
#1014 = ORIENTED_EDGE ( 'NONE', *, *, #2093, .F. ) ;
#1015 = VECTOR ( 'NONE', #625, 1000.000000000000000 ) ;
#1016 = EDGE_CURVE ( 'NONE', #2838, #1519, #615, .T. ) ;
#1017 = ORIENTED_EDGE ( 'NONE', *, *, #966, .F. ) ;
#1018 = ORIENTED_EDGE ( 'NONE', *, *, #2747, .F. ) ;
#1019 = EDGE_CURVE ( 'NONE', #2443, #2293, #1093, .T. ) ;
#1020 = LINE ( 'NONE', #444, #2588 ) ;
#1021 = EDGE_CURVE ( 'NONE', #14, #1951, #1218, .T. ) ;
#1022 = PLANE ( 'NONE',  #1102 ) ;
#1023 = DIRECTION ( 'NONE',  ( 1.000000000000000000, -0.000000000000000000, 8.388411392537750358E-17 ) ) ;
#1024 = ORIENTED_EDGE ( 'NONE', *, *, #2225, .T. ) ;
#1025 = DIRECTION ( 'NONE',  ( 0.000000000000000000, 0.000000000000000000, -1.000000000000000000 ) ) ;
#1026 = CARTESIAN_POINT ( 'NONE',  ( 11.39999999999999680, -2.000000000000000000, -13.40000000000000213 ) ) ;
#1027 = VERTEX_POINT ( 'NONE', #1781 ) ;
#1028 = VECTOR ( 'NONE', #750, 1000.000000000000000 ) ;
#1029 = ORIENTED_EDGE ( 'NONE', *, *, #2536, .F. ) ;
#1030 = VERTEX_POINT ( 'NONE', #1558 ) ;
#1031 = EDGE_CURVE ( 'NONE', #1259, #252, #1020, .T. ) ;
#1032 = CARTESIAN_POINT ( 'NONE',  ( 10.01999999999999780, -7.500000000000000000, -18.19999999999999929 ) ) ;
#1033 = DIRECTION ( 'NONE',  ( 0.000000000000000000, 0.000000000000000000, -1.000000000000000000 ) ) ;
#1034 = LINE ( 'NONE', #1923, #555 ) ;
#1035 = DIRECTION ( 'NONE',  ( 1.000000000000000000, -0.000000000000000000, 2.356961244533703645E-15 ) ) ;
#1036 = EDGE_CURVE ( 'NONE', #1319, #1778, #143, .T. ) ;
#1037 = ORIENTED_EDGE ( 'NONE', *, *, #813, .T. ) ;
#1038 = LINE ( 'NONE', #1312, #1376 ) ;
#1039 = CARTESIAN_POINT ( 'NONE',  ( 23.64000000000000767, -4.299999999999999822, -10.40000000000000036 ) ) ;
#1040 = DIRECTION ( 'NONE',  ( 0.000000000000000000, 0.000000000000000000, -1.000000000000000000 ) ) ;
#1041 = VERTEX_POINT ( 'NONE', #832 ) ;
#1042 = ORIENTED_EDGE ( 'NONE', *, *, #230, .F. ) ;
#1043 = ORIENTED_EDGE ( 'NONE', *, *, #1003, .F. ) ;
#1044 = DIRECTION ( 'NONE',  ( 1.000000000000000000, -0.000000000000000000, -0.000000000000000000 ) ) ;
#1045 = CARTESIAN_POINT ( 'NONE',  ( 47.28000000000000114, -2.000000000000000000, -16.10000000000000142 ) ) ;
#1046 = CARTESIAN_POINT ( 'NONE',  ( 3.719999999999999307, -7.500000000000000000, -19.39999999999999858 ) ) ;
#1047 = DIRECTION ( 'NONE',  ( -0.000000000000000000, 1.000000000000000000, -0.000000000000000000 ) ) ;
#1048 = VERTEX_POINT ( 'NONE', #1998 ) ;
#1049 = DIRECTION ( 'NONE',  ( -3.942553354492742545E-16, -0.000000000000000000, 1.000000000000000000 ) ) ;
#1050 = LINE ( 'NONE', #609, #2702 ) ;
#1051 = EDGE_CURVE ( 'NONE', #1027, #1054, #12, .T. ) ;
#1052 = DIRECTION ( 'NONE',  ( 0.000000000000000000, 0.000000000000000000, 1.000000000000000000 ) ) ;
#1053 = AXIS2_PLACEMENT_3D ( 'NONE', #189, #1494, #2861 ) ;
#1054 = VERTEX_POINT ( 'NONE', #227 ) ;
#1055 = AXIS2_PLACEMENT_3D ( 'NONE', #1212, #2820, #2832 ) ;
#1056 = ORIENTED_EDGE ( 'NONE', *, *, #1559, .T. ) ;
#1057 = ORIENTED_EDGE ( 'NONE', *, *, #522, .F. ) ;
#1058 = CARTESIAN_POINT ( 'NONE',  ( 19.42000000000000171, -2.500000000000000000, -24.09999999999999787 ) ) ;
#1059 = DIRECTION ( 'NONE',  ( -0.000000000000000000, 1.000000000000000000, -0.000000000000000000 ) ) ;
#1060 = CARTESIAN_POINT ( 'NONE',  ( 31.52000000000000668, -2.500000000000000000, -28.00000000000000000 ) ) ;
#1061 = EDGE_CURVE ( 'NONE', #61, #1514, #158, .T. ) ;
#1062 = ORIENTED_EDGE ( 'NONE', *, *, #266, .T. ) ;
#1063 = CARTESIAN_POINT ( 'NONE',  ( 31.52000000000000668, -2.000000000000000000, -27.59999999999999787 ) ) ;
#1064 = DIRECTION ( 'NONE',  ( 0.000000000000000000, 0.000000000000000000, 1.000000000000000000 ) ) ;
#1065 = DIRECTION ( 'NONE',  ( 0.000000000000000000, -1.000000000000000000, -0.000000000000000000 ) ) ;
#1066 = ORIENTED_EDGE ( 'NONE', *, *, #57, .T. ) ;
#1067 = EDGE_LOOP ( 'NONE', ( #343, #2348, #815, #2072 ) ) ;
#1068 = VECTOR ( 'NONE', #2903, 1000.000000000000000 ) ;
#1069 = ORIENTED_EDGE ( 'NONE', *, *, #573, .F. ) ;
#1070 = EDGE_CURVE ( 'NONE', #373, #2667, #1316, .T. ) ;
#1071 = DIRECTION ( 'NONE',  ( 0.000000000000000000, 0.000000000000000000, -1.000000000000000000 ) ) ;
#1072 = LINE ( 'NONE', #1971, #2567 ) ;
#1073 = ORIENTED_EDGE ( 'NONE', *, *, #199, .T. ) ;
#1074 = CARTESIAN_POINT ( 'NONE',  ( 10.01999999999999780, -2.000000000000000000, -16.50000000000000000 ) ) ;
#1075 = LINE ( 'NONE', #1976, #1799 ) ;
#1076 = CARTESIAN_POINT ( 'NONE',  ( 19.42000000000000171, -2.000000000000000000, -25.79999999999999716 ) ) ;
#1077 = EDGE_CURVE ( 'NONE', #2624, #1080, #2900, .T. ) ;
#1078 = ORIENTED_EDGE ( 'NONE', *, *, #1707, .F. ) ;
#1079 = AXIS2_PLACEMENT_3D ( 'NONE', #193, #182, #412 ) ;
#1080 = VERTEX_POINT ( 'NONE', #1908 ) ;
#1081 = EDGE_LOOP ( 'NONE', ( #1965, #464, #937, #2863 ) ) ;
#1082 = EDGE_CURVE ( 'NONE', #1555, #1902, #817, .T. ) ;
#1083 = CARTESIAN_POINT ( 'NONE',  ( 0.000000000000000000, -2.500000000000000000, 0.000000000000000000 ) ) ;
#1084 = DIRECTION ( 'NONE',  ( 1.000000000000000000, 0.000000000000000000, 0.000000000000000000 ) ) ;
#1085 = DIRECTION ( 'NONE',  ( 1.000000000000000000, 0.000000000000000000, 0.000000000000000000 ) ) ;
#1086 = ORIENTED_EDGE ( 'NONE', *, *, #935, .T. ) ;
#1087 = ORIENTED_EDGE ( 'NONE', *, *, #661, .T. ) ;
#1088 = CARTESIAN_POINT ( 'NONE',  ( 12.42000000000000348, -2.000000000000000000, -21.00000000000000355 ) ) ;
#1089 = DIRECTION ( 'NONE',  ( 0.000000000000000000, -0.000000000000000000, -1.000000000000000000 ) ) ;
#1090 = CARTESIAN_POINT ( 'NONE',  ( 5.819999999999999396, -2.000000000000000000, -17.69999999999999929 ) ) ;
#1091 = VECTOR ( 'NONE', #1047, 1000.000000000000000 ) ;
#1092 = VERTEX_POINT ( 'NONE', #880 ) ;
#1093 = LINE ( 'NONE', #2240, #2543 ) ;
#1094 = AXIS2_PLACEMENT_3D ( 'NONE', #2879, #2218, #2896 ) ;
#1095 = ORIENTED_EDGE ( 'NONE', *, *, #2473, .F. ) ;
#1096 = ORIENTED_EDGE ( 'NONE', *, *, #2455, .T. ) ;
#1097 = LINE ( 'NONE', #2003, #2350 ) ;
#1098 = AXIS2_PLACEMENT_3D ( 'NONE', #2263, #2484, #1600 ) ;
#1099 = AXIS2_PLACEMENT_3D ( 'NONE', #98, #110, #535 ) ;
#1100 = PLANE ( 'NONE',  #2463 ) ;
#1101 = LINE ( 'NONE', #1117, #1331 ) ;
#1102 = AXIS2_PLACEMENT_3D ( 'NONE', #1644, #1633, #2804 ) ;
#1103 = ORIENTED_EDGE ( 'NONE', *, *, #522, .T. ) ;
#1104 = ADVANCED_FACE ( 'NONE', ( #2390 ), #667, .T. ) ;
#1105 = FACE_OUTER_BOUND ( 'NONE', #517, .T. ) ;
#1106 = CARTESIAN_POINT ( 'NONE',  ( 0.7199999999999999734, -11.79999999999999893, -9.099999999999997868 ) ) ;
#1107 = LINE ( 'NONE', #1076, #2872 ) ;
#1108 = ORIENTED_EDGE ( 'NONE', *, *, #1036, .T. ) ;
#1109 = ORIENTED_EDGE ( 'NONE', *, *, #983, .F. ) ;
#1110 = DIRECTION ( 'NONE',  ( -0.000000000000000000, 0.000000000000000000, -1.000000000000000000 ) ) ;
#1111 = CARTESIAN_POINT ( 'NONE',  ( 0.7199999999999999734, -2.000000000000000000, -27.59999999999999787 ) ) ;
#1112 = ORIENTED_EDGE ( 'NONE', *, *, #951, .T. ) ;
#1113 = ORIENTED_EDGE ( 'NONE', *, *, #238, .F. ) ;
#1114 = DIRECTION ( 'NONE',  ( -0.000000000000000000, -0.000000000000000000, -1.000000000000000000 ) ) ;
#1115 = EDGE_CURVE ( 'NONE', #1503, #365, #805, .T. ) ;
#1116 = DIRECTION ( 'NONE',  ( -1.606225440719266613E-16, 0.000000000000000000, 1.000000000000000000 ) ) ;
#1117 = CARTESIAN_POINT ( 'NONE',  ( 38.56000000000000227, -7.500000000000000000, -16.50000000000000000 ) ) ;
#1118 = ORIENTED_EDGE ( 'NONE', *, *, #1172, .T. ) ;
#1119 = LINE ( 'NONE', #1585, #1257 ) ;
#1120 = DIRECTION ( 'NONE',  ( 1.000000000000000000, -0.000000000000000000, -0.000000000000000000 ) ) ;
#1121 = CARTESIAN_POINT ( 'NONE',  ( 31.48000000000000043, -7.500000000000000000, -16.50000000000000355 ) ) ;
#1122 = CARTESIAN_POINT ( 'NONE',  ( 6.819999999999997620, -2.000000000000000000, -16.00000000000000000 ) ) ;
#1123 = EDGE_CURVE ( 'NONE', #2057, #2082, #2596, .T. ) ;
#1124 = VERTEX_POINT ( 'NONE', #1544 ) ;
#1125 = CARTESIAN_POINT ( 'NONE',  ( 12.42000000000000348, -1.000000000000000000, -16.00000000000000355 ) ) ;
#1126 = DIRECTION ( 'NONE',  ( -0.000000000000000000, -0.000000000000000000, 1.000000000000000000 ) ) ;
#1127 = ORIENTED_EDGE ( 'NONE', *, *, #1019, .T. ) ;
#1128 = EDGE_LOOP ( 'NONE', ( #219, #1024, #1608, #942 ) ) ;
#1129 = CIRCLE ( 'NONE', #724, 2.900000000000013678 ) ;
#1130 = LINE ( 'NONE', #2259, #2837 ) ;
#1131 = DIRECTION ( 'NONE',  ( -1.000000000000000000, -0.000000000000000000, -0.000000000000000000 ) ) ;
#1132 = ORIENTED_EDGE ( 'NONE', *, *, #1892, .F. ) ;
#1133 = DIRECTION ( 'NONE',  ( 0.000000000000000000, 1.000000000000000000, 0.000000000000000000 ) ) ;
#1134 = EDGE_CURVE ( 'NONE', #1027, #1562, #768, .T. ) ;
#1135 = CARTESIAN_POINT ( 'NONE',  ( 35.68000000000000682, -7.500000000000000000, -17.69999999999999929 ) ) ;
#1136 = CARTESIAN_POINT ( 'NONE',  ( 31.52000000000000668, -1.750000000000006439, -29.94999999999999574 ) ) ;
#1137 = LINE ( 'NONE', #940, #703 ) ;
#1138 = ORIENTED_EDGE ( 'NONE', *, *, #1879, .T. ) ;
#1139 = EDGE_CURVE ( 'NONE', #2793, #1495, #2284, .T. ) ;
#1140 = DIRECTION ( 'NONE',  ( 0.000000000000000000, -0.000000000000000000, 1.000000000000000000 ) ) ;
#1141 = DIRECTION ( 'NONE',  ( -2.356961244533703645E-15, 0.000000000000000000, 1.000000000000000000 ) ) ;
#1142 = ORIENTED_EDGE ( 'NONE', *, *, #1003, .T. ) ;
#1143 = VERTEX_POINT ( 'NONE', #1623 ) ;
#1144 = VECTOR ( 'NONE', #2541, 1000.000000000000000 ) ;
#1145 = DIRECTION ( 'NONE',  ( 0.000000000000000000, 0.000000000000000000, 1.000000000000000000 ) ) ;
#1146 = VECTOR ( 'NONE', #761, 1000.000000000000000 ) ;
#1147 = FACE_OUTER_BOUND ( 'NONE', #803, .T. ) ;
#1148 = VERTEX_POINT ( 'NONE', #1400 ) ;
#1149 = CARTESIAN_POINT ( 'NONE',  ( 9.520000000000008455, -2.000000000000000000, -27.59999999999999787 ) ) ;
#1150 = DIRECTION ( 'NONE',  ( 0.000000000000000000, 1.000000000000000000, 0.000000000000000000 ) ) ;
#1151 = FACE_OUTER_BOUND ( 'NONE', #2033, .T. ) ;
#1152 = ORIENTED_EDGE ( 'NONE', *, *, #1903, .F. ) ;
#1153 = EDGE_CURVE ( 'NONE', #2839, #2622, #274, .T. ) ;
#1154 = CARTESIAN_POINT ( 'NONE',  ( 12.42000000000000703, -2.000000000000000000, -28.00000000000000355 ) ) ;
#1155 = DIRECTION ( 'NONE',  ( -1.000000000000000000, -0.000000000000000000, -0.000000000000000000 ) ) ;
#1156 = DIRECTION ( 'NONE',  ( 1.000000000000000000, 0.000000000000000000, 2.356961244533703645E-15 ) ) ;
#1157 = EDGE_LOOP ( 'NONE', ( #557, #228, #2538, #56, #1767, #2824, #950, #2216 ) ) ;
#1158 = EDGE_CURVE ( 'NONE', #1467, #1143, #733, .T. ) ;
#1159 = AXIS2_PLACEMENT_3D ( 'NONE', #2470, #2279, #2500 ) ;
#1160 = CARTESIAN_POINT ( 'NONE',  ( 48.00000000000000000, -2.000000000000000000, -9.197916215502274019E-17 ) ) ;
#1161 = CARTESIAN_POINT ( 'NONE',  ( 3.719999999999999307, -7.500000000000000000, -18.19999999999999574 ) ) ;
#1162 = ORIENTED_EDGE ( 'NONE', *, *, #1158, .F. ) ;
#1163 = DIRECTION ( 'NONE',  ( 0.000000000000000000, 0.000000000000000000, 1.000000000000000000 ) ) ;
#1164 = DIRECTION ( 'NONE',  ( 0.000000000000000000, -1.000000000000000000, -0.000000000000000000 ) ) ;
#1165 = CARTESIAN_POINT ( 'NONE',  ( 5.999999999999998224, -2.000000000000000000, -4.499999999999994671 ) ) ;
#1166 = ORIENTED_EDGE ( 'NONE', *, *, #168, .T. ) ;
#1167 = ADVANCED_FACE ( 'NONE', ( #2314 ), #1607, .F. ) ;
#1168 = FACE_OUTER_BOUND ( 'NONE', #350, .T. ) ;
#1169 = CARTESIAN_POINT ( 'NONE',  ( 9.520000000000006679, -2.000000000000000000, -29.69999999999999929 ) ) ;
#1170 = VERTEX_POINT ( 'NONE', #700 ) ;
#1171 = EDGE_CURVE ( 'NONE', #246, #1467, #27, .T. ) ;
#1172 = EDGE_CURVE ( 'NONE', #613, #2293, #2534, .T. ) ;
#1173 = DIRECTION ( 'NONE',  ( -0.000000000000000000, -1.000000000000000000, -0.000000000000000000 ) ) ;
#1174 = FACE_OUTER_BOUND ( 'NONE', #868, .T. ) ;
#1175 = VERTEX_POINT ( 'NONE', #1594 ) ;
#1176 = AXIS2_PLACEMENT_3D ( 'NONE', #1886, #1226, #1647 ) ;
#1177 = CARTESIAN_POINT ( 'NONE',  ( 42.00000000000000000, -2.000000000000000000, -2.799999999999999378 ) ) ;
#1178 = CARTESIAN_POINT ( 'NONE',  ( 42.00000000000000000, -2.000000000000000000, -6.199999999999998401 ) ) ;
#1179 = LINE ( 'NONE', #2027, #1626 ) ;
#1180 = ORIENTED_EDGE ( 'NONE', *, *, #2744, .T. ) ;
#1181 = CARTESIAN_POINT ( 'NONE',  ( 9.520000000000008455, -2.000000000000000000, -27.59999999999999787 ) ) ;
#1182 = CARTESIAN_POINT ( 'NONE',  ( 31.52000000000000668, -2.000000000000000000, -27.59999999999999787 ) ) ;
#1183 = CARTESIAN_POINT ( 'NONE',  ( 26.41999999999999815, -1.000000000000000000, -21.00000000000000355 ) ) ;
#1184 = ORIENTED_EDGE ( 'NONE', *, *, #349, .F. ) ;
#1185 = ORIENTED_EDGE ( 'NONE', *, *, #1615, .T. ) ;
#1186 = EDGE_CURVE ( 'NONE', #2195, #1092, #511, .T. ) ;
#1187 = CARTESIAN_POINT ( 'NONE',  ( 5.819999999999998508, -7.500000000000000000, -18.19999999999999929 ) ) ;
#1188 = DIRECTION ( 'NONE',  ( -0.000000000000000000, -0.000000000000000000, -1.000000000000000000 ) ) ;
#1189 = CARTESIAN_POINT ( 'NONE',  ( 38.56000000000000227, -7.500000000000000000, -18.20000000000000284 ) ) ;
#1190 = AXIS2_PLACEMENT_3D ( 'NONE', #850, #2383, #1064 ) ;
#1191 = ORIENTED_EDGE ( 'NONE', *, *, #1774, .T. ) ;
#1192 = AXIS2_PLACEMENT_3D ( 'NONE', #1011, #1900, #101 ) ;
#1193 = DIRECTION ( 'NONE',  ( -0.000000000000000000, -1.000000000000000000, -0.000000000000000000 ) ) ;
#1194 = CARTESIAN_POINT ( 'NONE',  ( 35.17999999999999972, -7.500000000000000000, -16.00000000000000355 ) ) ;
#1195 = FACE_OUTER_BOUND ( 'NONE', #2437, .T. ) ;
#1196 = EDGE_CURVE ( 'NONE', #2902, #2839, #1829, .T. ) ;
#1197 = VECTOR ( 'NONE', #1193, 1000.000000000000000 ) ;
#1198 = VECTOR ( 'NONE', #1341, 1000.000000000000000 ) ;
#1199 = EDGE_LOOP ( 'NONE', ( #1293, #2001, #1018, #1056 ) ) ;
#1200 = DIRECTION ( 'NONE',  ( 0.000000000000000000, 1.000000000000000000, 0.000000000000000000 ) ) ;
#1201 = DIRECTION ( 'NONE',  ( -1.000000000000000000, 0.000000000000000000, -0.000000000000000000 ) ) ;
#1202 = EDGE_LOOP ( 'NONE', ( #2565, #28, #2482, #1388 ) ) ;
#1203 = AXIS2_PLACEMENT_3D ( 'NONE', #1710, #1489, #376 ) ;
#1204 = EDGE_CURVE ( 'NONE', #2215, #204, #287, .T. ) ;
#1205 = CARTESIAN_POINT ( 'NONE',  ( 10.51999999999999780, -7.500000000000000000, -18.19999999999999929 ) ) ;
#1206 = DIRECTION ( 'NONE',  ( 0.000000000000000000, 0.000000000000000000, -1.000000000000000000 ) ) ;
#1207 = CARTESIAN_POINT ( 'NONE',  ( 30.28000000000000114, -4.299999999999999822, -14.39999999999999503 ) ) ;
#1208 = CARTESIAN_POINT ( 'NONE',  ( 14.51999999999999602, -4.299999999999999822, -11.48931853363364297 ) ) ;
#1209 = AXIS2_PLACEMENT_3D ( 'NONE', #708, #2497, #2038 ) ;
#1210 = VECTOR ( 'NONE', #758, 1000.000000000000000 ) ;
#1211 = VECTOR ( 'NONE', #1442, 1000.000000000000000 ) ;
#1212 = CARTESIAN_POINT ( 'NONE',  ( 10.01999999999999780, -7.500000000000000000, -16.00000000000000000 ) ) ;
#1213 = EDGE_CURVE ( 'NONE', #373, #1636, #2504, .T. ) ;
#1214 = CARTESIAN_POINT ( 'NONE',  ( 26.41999999999999815, -2.500000000000000000, -28.00000000000000355 ) ) ;
#1215 = EDGE_LOOP ( 'NONE', ( #2448, #1361, #225, #1275 ) ) ;
#1216 = ORIENTED_EDGE ( 'NONE', *, *, #2591, .T. ) ;
#1217 = VERTEX_POINT ( 'NONE', #762 ) ;
#1218 = CIRCLE ( 'NONE', #1724, 0.5000000000000004441 ) ;
#1219 = CARTESIAN_POINT ( 'NONE',  ( 30.28000000000000114, -7.500000000000000000, -14.49999999999999822 ) ) ;
#1220 = LINE ( 'NONE', #2113, #1197 ) ;
#1221 = CYLINDRICAL_SURFACE ( 'NONE', #1099, 1.699999999999999289 ) ;
#1222 = DIRECTION ( 'NONE',  ( 1.000000000000000000, -0.000000000000000000, -0.000000000000000000 ) ) ;
#1223 = EDGE_CURVE ( 'NONE', #2458, #164, #494, .T. ) ;
#1224 = AXIS2_PLACEMENT_3D ( 'NONE', #549, #2546, #1439 ) ;
#1225 = DIRECTION ( 'NONE',  ( -1.000000000000000000, 0.000000000000000000, -0.000000000000000000 ) ) ;
#1226 = DIRECTION ( 'NONE',  ( 0.000000000000000000, -1.000000000000000000, -0.000000000000000000 ) ) ;
#1227 = ORIENTED_EDGE ( 'NONE', *, *, #2133, .T. ) ;
#1228 = EDGE_CURVE ( 'NONE', #2456, #2595, #525, .T. ) ;
#1229 = ORIENTED_EDGE ( 'NONE', *, *, #1082, .F. ) ;
#1230 = ORIENTED_EDGE ( 'NONE', *, *, #1680, .T. ) ;
#1231 = EDGE_CURVE ( 'NONE', #1148, #2087, #914, .T. ) ;
#1232 = DIRECTION ( 'NONE',  ( 0.000000000000000000, 0.000000000000000000, 1.000000000000000000 ) ) ;
#1233 = FACE_OUTER_BOUND ( 'NONE', #1067, .T. ) ;
#1234 = FACE_OUTER_BOUND ( 'NONE', #2261, .T. ) ;
#1235 = VECTOR ( 'NONE', #2102, 1000.000000000000000 ) ;
#1236 = FACE_OUTER_BOUND ( 'NONE', #154, .T. ) ;
#1237 = ORIENTED_EDGE ( 'NONE', *, *, #755, .T. ) ;
#1238 = CIRCLE ( 'NONE', #688, 2.900000000000013678 ) ;
#1239 = AXIS2_PLACEMENT_3D ( 'NONE', #1135, #2069, #2025 ) ;
#1240 = LINE ( 'NONE', #2532, #1146 ) ;
#1241 = CARTESIAN_POINT ( 'NONE',  ( 6.819999999999999396, -11.79999999999999893, -14.49999999999999645 ) ) ;
#1242 = ADVANCED_FACE ( 'NONE', ( #259 ), #1360, .F. ) ;
#1243 = VECTOR ( 'NONE', #1587, 1000.000000000000000 ) ;
#1244 = ORIENTED_EDGE ( 'NONE', *, *, #2165, .F. ) ;
#1245 = AXIS2_PLACEMENT_3D ( 'NONE', #1792, #2704, #2295 ) ;
#1246 = VERTEX_POINT ( 'NONE', #90 ) ;
#1247 = ORIENTED_EDGE ( 'NONE', *, *, #764, .T. ) ;
#1248 = DIRECTION ( 'NONE',  ( -0.000000000000000000, -0.000000000000000000, 1.000000000000000000 ) ) ;
#1249 = EDGE_CURVE ( 'NONE', #2667, #283, #2060, .T. ) ;
#1250 = DIRECTION ( 'NONE',  ( -0.000000000000000000, 1.000000000000000000, -0.000000000000000000 ) ) ;
#1251 = CARTESIAN_POINT ( 'NONE',  ( 30.98000000000000043, -7.500000000000000000, -17.69999999999999574 ) ) ;
#1252 = EDGE_LOOP ( 'NONE', ( #2620, #2680 ) ) ;
#1253 = CARTESIAN_POINT ( 'NONE',  ( 12.42000000000000703, -2.500000000000000000, -28.00000000000000355 ) ) ;
#1254 = CARTESIAN_POINT ( 'NONE',  ( 35.17999999999999972, -7.500000000000000000, -16.50000000000000355 ) ) ;
#1255 = FACE_OUTER_BOUND ( 'NONE', #2444, .T. ) ;
#1256 = ORIENTED_EDGE ( 'NONE', *, *, #1769, .F. ) ;
#1257 = VECTOR ( 'NONE', #2024, 1000.000000000000000 ) ;
#1258 = EDGE_CURVE ( 'NONE', #400, #1217, #45, .T. ) ;
#1259 = VERTEX_POINT ( 'NONE', #1345 ) ;
#1260 = ORIENTED_EDGE ( 'NONE', *, *, #2530, .T. ) ;
#1261 = EDGE_CURVE ( 'NONE', #1595, #1734, #2255, .T. ) ;
#1262 = CARTESIAN_POINT ( 'NONE',  ( 12.13999999999999702, -4.299999999999999822, -12.15000000000000036 ) ) ;
#1263 = DIRECTION ( 'NONE',  ( 0.000000000000000000, 0.7071067811865442421, -0.7071067811865509034 ) ) ;
#1264 = EDGE_CURVE ( 'NONE', #1143, #2822, #660, .T. ) ;
#1265 = CARTESIAN_POINT ( 'NONE',  ( 31.48000000000000043, -7.500000000000000000, -17.69999999999999574 ) ) ;
#1266 = CARTESIAN_POINT ( 'NONE',  ( 10.01999999999999780, -7.500000000000000000, -17.69999999999999929 ) ) ;
#1267 = ORIENTED_EDGE ( 'NONE', *, *, #2093, .T. ) ;
#1268 = DIRECTION ( 'NONE',  ( -3.942553354492742545E-16, -0.000000000000000000, 1.000000000000000000 ) ) ;
#1269 = DIRECTION ( 'NONE',  ( 0.000000000000000000, -1.000000000000000000, 0.000000000000000000 ) ) ;
#1270 = CYLINDRICAL_SURFACE ( 'NONE', #1079, 1.699999999999999289 ) ;
#1271 = ORIENTED_EDGE ( 'NONE', *, *, #2591, .F. ) ;
#1272 = AXIS2_PLACEMENT_3D ( 'NONE', #1165, #282, #2056 ) ;
#1273 = CARTESIAN_POINT ( 'NONE',  ( 31.52000000000000668, -1.500000000000008216, -29.69999999999999929 ) ) ;
#1274 = DIRECTION ( 'NONE',  ( -8.243512992921328362E-18, -0.7071067811865507924, -0.7071067811865441310 ) ) ;
#1275 = ORIENTED_EDGE ( 'NONE', *, *, #2064, .F. ) ;
#1276 = VERTEX_POINT ( 'NONE', #800 ) ;
#1277 = EDGE_CURVE ( 'NONE', #2087, #236, #2359, .T. ) ;
#1278 = DIRECTION ( 'NONE',  ( 0.000000000000000000, 0.000000000000000000, 1.000000000000000000 ) ) ;
#1279 = SHAPE_DEFINITION_REPRESENTATION ( #1469, #415 ) ;
#1280 = CARTESIAN_POINT ( 'NONE',  ( 42.00000000000000000, 0.000000000000000000, -4.499999999999999112 ) ) ;
#1281 = DIRECTION ( 'NONE',  ( 0.000000000000000000, 1.000000000000000000, 0.000000000000000000 ) ) ;
#1282 = ORIENTED_EDGE ( 'NONE', *, *, #876, .F. ) ;
#1283 = DIRECTION ( 'NONE',  ( 0.000000000000000000, 0.000000000000000000, -1.000000000000000000 ) ) ;
#1284 = FACE_OUTER_BOUND ( 'NONE', #2647, .T. ) ;
#1285 = CARTESIAN_POINT ( 'NONE',  ( 12.13999999999999702, -6.299999999999999822, -12.15000000000000036 ) ) ;
#1286 = EDGE_CURVE ( 'NONE', #2196, #1276, #990, .T. ) ;
#1287 = VECTOR ( 'NONE', #1482, 1000.000000000000114 ) ;
#1288 = ORIENTED_EDGE ( 'NONE', *, *, #2687, .T. ) ;
#1289 = VECTOR ( 'NONE', #1507, 1000.000000000000000 ) ;
#1291 = CARTESIAN_POINT ( 'NONE',  ( 26.41999999999999815, -1.000000000000000000, -16.00000000000000355 ) ) ;
#1290 = AXIS2_PLACEMENT_3D ( 'NONE', #811, #338, #300 ) ;
#1292 = LINE ( 'NONE', #2194, #2237 ) ;
#1293 = ORIENTED_EDGE ( 'NONE', *, *, #1051, .T. ) ;
#1294 = ORIENTED_EDGE ( 'NONE', *, *, #2583, .F. ) ;
#1295 = LINE ( 'NONE', #2652, #2771 ) ;
#1296 = VECTOR ( 'NONE', #1007, 1000.000000000000000 ) ;
#1297 = EDGE_CURVE ( 'NONE', #2622, #1689, #2862, .T. ) ;
#1298 = LINE ( 'NONE', #1463, #2795 ) ;
#1299 = FACE_OUTER_BOUND ( 'NONE', #1578, .T. ) ;
#1300 = ORIENTED_EDGE ( 'NONE', *, *, #142, .T. ) ;
#1301 = DIRECTION ( 'NONE',  ( 1.000000000000000000, -0.000000000000000000, -5.782411586589358822E-15 ) ) ;
#1302 = CARTESIAN_POINT ( 'NONE',  ( 5.819999999999998508, -2.000000000000000000, -18.19999999999999929 ) ) ;
#1303 = CYLINDRICAL_SURFACE ( 'NONE', #2287, 1.699999999999999289 ) ;
#1304 = VERTEX_POINT ( 'NONE', #595 ) ;
#1305 = EDGE_CURVE ( 'NONE', #2786, #1041, #774, .T. ) ;
#1306 = ORIENTED_EDGE ( 'NONE', *, *, #1172, .F. ) ;
#1307 = ORIENTED_EDGE ( 'NONE', *, *, #25, .F. ) ;
#1308 = CARTESIAN_POINT ( 'NONE',  ( 11.39999999999999680, -7.500000000000000000, -18.19999999999999929 ) ) ;
#1309 = DIRECTION ( 'NONE',  ( -0.000000000000000000, -0.000000000000000000, 1.000000000000000000 ) ) ;
#1310 = ORIENTED_EDGE ( 'NONE', *, *, #2385, .T. ) ;
#1311 = ORIENTED_EDGE ( 'NONE', *, *, #2772, .F. ) ;
#1312 = CARTESIAN_POINT ( 'NONE',  ( 6.319999999999998508, -2.000000000000000000, -16.00000000000000000 ) ) ;
#1313 = CARTESIAN_POINT ( 'NONE',  ( 11.39999999999999680, -2.000000000000000000, -18.19999999999999929 ) ) ;
#1314 = CARTESIAN_POINT ( 'NONE',  ( 9.520000000000008455, 0.000000000000000000, -27.59999999999999787 ) ) ;
#1315 = ORIENTED_EDGE ( 'NONE', *, *, #2551, .T. ) ;
#1316 = LINE ( 'NONE', #2826, #1772 ) ;
#1317 = ORIENTED_EDGE ( 'NONE', *, *, #1305, .F. ) ;
#1318 = EDGE_CURVE ( 'NONE', #1327, #1030, #787, .T. ) ;
#1319 = VERTEX_POINT ( 'NONE', #1930 ) ;
#1320 = EDGE_CURVE ( 'NONE', #2082, #186, #2835, .T. ) ;
#1321 = CARTESIAN_POINT ( 'NONE',  ( 6.819999999999999396, -6.299999999999999822, -14.49999999999999822 ) ) ;
#1322 = PLANE ( 'NONE',  #2376 ) ;
#1323 = ORIENTED_EDGE ( 'NONE', *, *, #735, .T. ) ;
#1324 = DIRECTION ( 'NONE',  ( 0.000000000000000000, 0.000000000000000000, 1.000000000000000000 ) ) ;
#1325 = AXIS2_PLACEMENT_3D ( 'NONE', #216, #902, #1770 ) ;
#1326 = PLANE ( 'NONE',  #553 ) ;
#1327 = VERTEX_POINT ( 'NONE', #1214 ) ;
#1328 = EDGE_CURVE ( 'NONE', #848, #1503, #339, .T. ) ;
#1329 = LINE ( 'NONE', #1797, #2281 ) ;
#1330 = DIRECTION ( 'NONE',  ( 1.000000000000000000, 0.000000000000000000, 0.000000000000000000 ) ) ;
#1331 = VECTOR ( 'NONE', #2005, 1000.000000000000000 ) ;
#1332 = ORIENTED_EDGE ( 'NONE', *, *, #445, .T. ) ;
#1333 = ORIENTED_EDGE ( 'NONE', *, *, #2619, .F. ) ;
#1334 = CARTESIAN_POINT ( 'NONE',  ( 47.28000000000000114, -2.000000000000000000, -9.099999999999997868 ) ) ;
#1335 = VECTOR ( 'NONE', #425, 1000.000000000000000 ) ;
#1336 = ADVANCED_FACE ( 'NONE', ( #2384 ), #1901, .F. ) ;
#1337 = DIRECTION ( 'NONE',  ( -1.000000000000000000, -0.000000000000000000, -0.000000000000000000 ) ) ;
#1338 = DIRECTION ( 'NONE',  ( 1.000000000000000000, 0.000000000000000000, 0.000000000000000000 ) ) ;
#1339 = EDGE_LOOP ( 'NONE', ( #1720, #2134, #2552, #697 ) ) ;
#1340 = DIRECTION ( 'NONE',  ( 0.000000000000000000, 0.7071067811865452413, 0.7071067811865499042 ) ) ;
#1341 = DIRECTION ( 'NONE',  ( -0.000000000000000000, -0.000000000000000000, 1.000000000000000000 ) ) ;
#1342 = CARTESIAN_POINT ( 'NONE',  ( 30.28000000000000114, -2.000000000000000000, -18.19999999999999574 ) ) ;
#1343 = VERTEX_POINT ( 'NONE', #812 ) ;
#1344 = DIRECTION ( 'NONE',  ( -0.000000000000000000, 0.000000000000000000, -1.000000000000000000 ) ) ;
#1345 = CARTESIAN_POINT ( 'NONE',  ( 47.28000000000000114, -2.000000000000000000, -9.000000000000000000 ) ) ;
#1346 = ORIENTED_EDGE ( 'NONE', *, *, #2747, .T. ) ;
#1347 = ORIENTED_EDGE ( 'NONE', *, *, #1448, .T. ) ;
#1348 = ADVANCED_FACE ( 'NONE', ( #1877 ), #1455, .T. ) ;
#1349 = DIRECTION ( 'NONE',  ( 1.000000000000000000, 0.000000000000000000, -1.026463595252548358E-15 ) ) ;
#1350 = CARTESIAN_POINT ( 'NONE',  ( 38.56000000000000227, -7.500000000000000000, -16.00000000000000000 ) ) ;
#1351 = ORIENTED_EDGE ( 'NONE', *, *, #2180, .T. ) ;
#1352 = DIRECTION ( 'NONE',  ( -0.000000000000000000, -1.000000000000000000, -0.000000000000000000 ) ) ;
#1353 = VECTOR ( 'NONE', #931, 1000.000000000000000 ) ;
#1354 = ADVANCED_FACE ( 'NONE', ( #1255 ), #2160, .F. ) ;
#1355 = CARTESIAN_POINT ( 'NONE',  ( 42.76000000000000512, -2.000000000000000000, -17.69999999999999574 ) ) ;
#1356 = CARTESIAN_POINT ( 'NONE',  ( 3.719999999999999307, -7.500000000000000000, -18.19999999999999574 ) ) ;
#1357 = DIRECTION ( 'NONE',  ( -0.9635627530364371252, -0.000000000000000000, -0.2674823750471086448 ) ) ;
#1358 = EDGE_LOOP ( 'NONE', ( #1742, #1584, #1573, #665 ) ) ;
#1359 = LINE ( 'NONE', #1831, #1464 ) ;
#1360 = PLANE ( 'NONE',  #60 ) ;
#1361 = ORIENTED_EDGE ( 'NONE', *, *, #527, .F. ) ;
#1362 = EDGE_CURVE ( 'NONE', #1092, #1641, #554, .T. ) ;
#1363 = PLANE ( 'NONE',  #309 ) ;
#1364 = CARTESIAN_POINT ( 'NONE',  ( 44.07999999999999829, -2.000000000000000000, -16.10000000000000142 ) ) ;
#1365 = ORIENTED_EDGE ( 'NONE', *, *, #562, .T. ) ;
#1366 = DIRECTION ( 'NONE',  ( 1.000000000000000000, 0.000000000000000000, 2.843808977011159309E-16 ) ) ;
#1367 = LINE ( 'NONE', #297, #370 ) ;
#1368 = ORIENTED_EDGE ( 'NONE', *, *, #349, .T. ) ;
#1369 = PLANE ( 'NONE',  #2387 ) ;
#1370 = DIRECTION ( 'NONE',  ( 1.000000000000000000, -0.000000000000000000, -1.916232544896306831E-18 ) ) ;
#1371 = ADVANCED_FACE ( 'NONE', ( #581 ), #1416, .F. ) ;
#1372 = DIRECTION ( 'NONE',  ( -0.000000000000000000, -1.000000000000000000, -0.000000000000000000 ) ) ;
#1373 = VECTOR ( 'NONE', #1188, 1000.000000000000000 ) ;
#1374 = VERTEX_POINT ( 'NONE', #2329 ) ;
#1375 = AXIS2_PLACEMENT_3D ( 'NONE', #824, #863, #1512 ) ;
#1376 = VECTOR ( 'NONE', #1268, 1000.000000000000000 ) ;
#1377 = DIRECTION ( 'NONE',  ( -0.000000000000000000, -1.000000000000000000, -0.000000000000000000 ) ) ;
#1378 = VECTOR ( 'NONE', #1863, 1000.000000000000000 ) ;
#1379 = CARTESIAN_POINT ( 'NONE',  ( 38.56000000000000227, -7.500000000000000000, -16.00000000000000000 ) ) ;
#1380 = ORIENTED_EDGE ( 'NONE', *, *, #1328, .F. ) ;
#1381 = ADVANCED_FACE ( 'NONE', ( #317 ), #103, .F. ) ;
#1382 = CARTESIAN_POINT ( 'NONE',  ( 11.39999999999999680, -7.500000000000000000, -14.49999999999999822 ) ) ;
#1383 = FACE_BOUND ( 'NONE', #1252, .T. ) ;
#1384 = CARTESIAN_POINT ( 'NONE',  ( 35.17999999999999972, -2.000000000000000000, -17.69999999999999929 ) ) ;
#1385 = ORIENTED_EDGE ( 'NONE', *, *, #2763, .F. ) ;
#1386 = PLANE ( 'NONE',  #596 ) ;
#1387 = DIRECTION ( 'NONE',  ( 0.000000000000000000, 1.000000000000000000, 0.000000000000000000 ) ) ;
#1388 = ORIENTED_EDGE ( 'NONE', *, *, #1559, .F. ) ;
#1389 = EDGE_CURVE ( 'NONE', #479, #1652, #2578, .T. ) ;
#1390 = DIRECTION ( 'NONE',  ( 1.165808787618822015E-17, -0.000000000000000000, 1.000000000000000000 ) ) ;
#1391 = PLANE ( 'NONE',  #267 ) ;
#1392 = EDGE_LOOP ( 'NONE', ( #1619, #171, #945, #448 ) ) ;
#1393 = VECTOR ( 'NONE', #408, 1000.000000000000000 ) ;
#1394 = CARTESIAN_POINT ( 'NONE',  ( 31.52000000000000668, -2.000000000000000000, -29.69999999999999929 ) ) ;
#1395 = FACE_OUTER_BOUND ( 'NONE', #2606, .T. ) ;
#1396 = PLANE ( 'NONE',  #419 ) ;
#1397 = ORIENTED_EDGE ( 'NONE', *, *, #1277, .T. ) ;
#1398 = CARTESIAN_POINT ( 'NONE',  ( 12.42000000000000703, -2.500000000000000000, -28.00000000000000355 ) ) ;
#1399 = CARTESIAN_POINT ( 'NONE',  ( 26.41999999999999815, -2.500000000000000000, -28.00000000000000355 ) ) ;
#1400 = CARTESIAN_POINT ( 'NONE',  ( 26.41999999999999815, -1.000000000000000000, -21.00000000000000355 ) ) ;
#1401 = EDGE_CURVE ( 'NONE', #1858, #1445, #352, .T. ) ;
#1402 = VERTEX_POINT ( 'NONE', #1026 ) ;
#1403 = VERTEX_POINT ( 'NONE', #1914 ) ;
#1404 = VECTOR ( 'NONE', #2370, 1000.000000000000000 ) ;
#1405 = CARTESIAN_POINT ( 'NONE',  ( 47.28000000000000114, 0.000000000000000000, -9.000000000000000000 ) ) ;
#1406 = CARTESIAN_POINT ( 'NONE',  ( 31.48000000000000043, -7.500000000000000000, -17.69999999999999574 ) ) ;
#1407 = EDGE_CURVE ( 'NONE', #778, #2836, #1107, .T. ) ;
#1408 = DIRECTION ( 'NONE',  ( 0.000000000000000000, -1.000000000000000000, 0.000000000000000000 ) ) ;
#1409 = CONICAL_SURFACE ( 'NONE', #2170, 1.699999999999999289, 0.7853981633974516097 ) ;
#1410 = ORIENTED_EDGE ( 'NONE', *, *, #276, .T. ) ;
#1411 = CARTESIAN_POINT ( 'NONE',  ( 14.51999999999999602, -6.299999999999999822, -11.48931853363364297 ) ) ;
#1412 = CARTESIAN_POINT ( 'NONE',  ( 42.26000000000000512, -7.500000000000000000, -17.69999999999999574 ) ) ;
#1413 = LINE ( 'NONE', #577, #72 ) ;
#1414 = CARTESIAN_POINT ( 'NONE',  ( 19.42000000000000171, -1.200000000000013278, -25.79999999999999716 ) ) ;
#1415 = PLANE ( 'NONE',  #2610 ) ;
#1416 = PLANE ( 'NONE',  #2781 ) ;
#1417 = ORIENTED_EDGE ( 'NONE', *, *, #2415, .F. ) ;
#1418 = ADVANCED_FACE ( 'NONE', ( #2205 ), #1270, .F. ) ;
#1419 = ORIENTED_EDGE ( 'NONE', *, *, #2818, .T. ) ;
#1420 = CARTESIAN_POINT ( 'NONE',  ( 12.42000000000000348, -1.000000000000000000, -21.00000000000000355 ) ) ;
#1421 = DIRECTION ( 'NONE',  ( 0.000000000000000000, 0.000000000000000000, 1.000000000000000000 ) ) ;
#1422 = AXIS2_PLACEMENT_3D ( 'NONE', #2204, #1715, #192 ) ;
#1423 = EDGE_CURVE ( 'NONE', #93, #1595, #2010, .T. ) ;
#1424 = VECTOR ( 'NONE', #438, 1000.000000000000000 ) ;
#1425 = DIRECTION ( 'NONE',  ( 0.000000000000000000, 1.000000000000000000, 0.000000000000000000 ) ) ;
#1426 = DIRECTION ( 'NONE',  ( -0.000000000000000000, -0.000000000000000000, -1.000000000000000000 ) ) ;
#1427 = CARTESIAN_POINT ( 'NONE',  ( 35.68000000000000682, -7.500000000000000000, -17.69999999999999929 ) ) ;
#1428 =( GEOMETRIC_REPRESENTATION_CONTEXT ( 3 ) GLOBAL_UNCERTAINTY_ASSIGNED_CONTEXT ( ( #2167 ) ) GLOBAL_UNIT_ASSIGNED_CONTEXT ( ( #2815, #161, #2139 ) ) REPRESENTATION_CONTEXT ( 'NONE', 'WORKASPACE' ) );
#1429 = FACE_BOUND ( 'NONE', #2460, .T. ) ;
#1430 = DIRECTION ( 'NONE',  ( 0.000000000000000000, -1.000000000000000000, 0.000000000000000000 ) ) ;
#1431 = ORIENTED_EDGE ( 'NONE', *, *, #857, .T. ) ;
#1432 = ORIENTED_EDGE ( 'NONE', *, *, #1261, .F. ) ;
#1433 = ORIENTED_EDGE ( 'NONE', *, *, #1115, .F. ) ;
#1434 = CARTESIAN_POINT ( 'NONE',  ( 0.7200000000000001954, -2.000000000000000000, -9.000000000000000000 ) ) ;
#1435 = AXIS2_PLACEMENT_3D ( 'NONE', #459, #269, #520 ) ;
#1436 = ADVANCED_FACE ( 'NONE', ( #864 ), #610, .T. ) ;
#1437 = DIRECTION ( 'NONE',  ( 0.000000000000000000, 0.000000000000000000, -1.000000000000000000 ) ) ;
#1438 = DIRECTION ( 'NONE',  ( 4.956352788505164254E-16, 0.000000000000000000, 1.000000000000000000 ) ) ;
#1439 = DIRECTION ( 'NONE',  ( 0.000000000000000000, 0.000000000000000000, -1.000000000000000000 ) ) ;
#1440 = ADVANCED_FACE ( 'NONE', ( #2618 ), #825, .F. ) ;
#1441 = CARTESIAN_POINT ( 'NONE',  ( 44.07999999999999829, -7.500000000000000000, -16.10000000000000142 ) ) ;
#1442 = DIRECTION ( 'NONE',  ( 0.000000000000000000, -1.000000000000000000, -0.000000000000000000 ) ) ;
#1443 = ORIENTED_EDGE ( 'NONE', *, *, #1320, .F. ) ;
#1444 = ORIENTED_EDGE ( 'NONE', *, *, #730, .F. ) ;
#1445 = VERTEX_POINT ( 'NONE', #2897 ) ;
#1446 = DIRECTION ( 'NONE',  ( -0.000000000000000000, -1.000000000000000000, -0.000000000000000000 ) ) ;
#1447 = UNCERTAINTY_MEASURE_WITH_UNIT (LENGTH_MEASURE( 1.000000000000000082E-05 ), #1551, 'distance_accuracy_value', 'NONE');
#1448 = EDGE_CURVE ( 'NONE', #681, #991, #2175, .T. ) ;
#1449 = CARTESIAN_POINT ( 'NONE',  ( 19.42000000000000171, -1.200000000000013278, -25.79999999999999716 ) ) ;
#1450 = CARTESIAN_POINT ( 'NONE',  ( 26.59999999999999787, -4.299999999999999822, -14.50000000000000000 ) ) ;
#1451 = VECTOR ( 'NONE', #1337, 1000.000000000000000 ) ;
#1452 = CARTESIAN_POINT ( 'NONE',  ( 47.28000000000000114, -2.000000000000000000, -9.000000000000000000 ) ) ;
#1453 = VECTOR ( 'NONE', #2780, 1000.000000000000000 ) ;
#1454 = CARTESIAN_POINT ( 'NONE',  ( 5.819999999999999396, -7.500000000000000000, -17.69999999999999929 ) ) ;
#1455 = PLANE ( 'NONE',  #1176 ) ;
#1456 = ORIENTED_EDGE ( 'NONE', *, *, #94, .T. ) ;
#1457 = ADVANCED_FACE ( 'NONE', ( #1483 ), #355, .F. ) ;
#1458 = EDGE_LOOP ( 'NONE', ( #2579, #461, #446, #2709 ) ) ;
#1459 = EDGE_LOOP ( 'NONE', ( #2637, #889 ) ) ;
#1460 = DIRECTION ( 'NONE',  ( 0.000000000000000000, 1.000000000000000000, 0.000000000000000000 ) ) ;
#1461 = VECTOR ( 'NONE', #290, 1000.000000000000000 ) ;
#1462 = DIRECTION ( 'NONE',  ( 0.000000000000000000, 0.000000000000000000, 1.000000000000000000 ) ) ;
#1463 = CARTESIAN_POINT ( 'NONE',  ( 30.28000000000000114, -7.500000000000000000, -14.39999999999999503 ) ) ;
#1464 = VECTOR ( 'NONE', #2238, 1000.000000000000000 ) ;
#1465 = CARTESIAN_POINT ( 'NONE',  ( 30.28000000000000114, -2.000000000000000000, -18.19999999999999574 ) ) ;
#1466 = ADVANCED_FACE ( 'NONE', ( #1513 ), #1303, .F. ) ;
#1467 = VERTEX_POINT ( 'NONE', #2664 ) ;
#1468 = VECTOR ( 'NONE', #2895, 1000.000000000000000 ) ;
#1469 = PRODUCT_DEFINITION_SHAPE ( 'NONE', 'NONE',  #629 ) ;
#1470 = CARTESIAN_POINT ( 'NONE',  ( 6.319999999999998508, -7.500000000000000000, -16.00000000000000000 ) ) ;
#1471 = CARTESIAN_POINT ( 'NONE',  ( 44.07999999999999829, -7.500000000000000000, -18.19999999999999574 ) ) ;
#1472 = ADVANCED_FACE ( 'NONE', ( #167 ), #1326, .F. ) ;
#1473 = ORIENTED_EDGE ( 'NONE', *, *, #1774, .F. ) ;
#1474 = ORIENTED_EDGE ( 'NONE', *, *, #2248, .T. ) ;
#1475 = ADVANCED_FACE ( 'NONE', ( #383 ), #2674, .T. ) ;
#1476 = ORIENTED_EDGE ( 'NONE', *, *, #75, .F. ) ;
#1477 = DIRECTION ( 'NONE',  ( 0.000000000000000000, 1.000000000000000000, 0.000000000000000000 ) ) ;
#1478 = DIRECTION ( 'NONE',  ( 0.000000000000000000, 1.000000000000000000, 0.000000000000000000 ) ) ;
#1479 = CARTESIAN_POINT ( 'NONE',  ( 0.7199999999999999734, -1.500000000000008216, -27.59999999999999787 ) ) ;
#1480 = ORIENTED_EDGE ( 'NONE', *, *, #2083, .F. ) ;
#1481 = DIRECTION ( 'NONE',  ( -1.000000000000000000, 0.000000000000000000, 0.000000000000000000 ) ) ;
#1482 = DIRECTION ( 'NONE',  ( 8.659560562354962440E-17, 0.7071067811865452413, -0.7071067811865499042 ) ) ;
#1483 = FACE_OUTER_BOUND ( 'NONE', #2079, .T. ) ;
#1484 = ORIENTED_EDGE ( 'NONE', *, *, #2210, .F. ) ;
#1485 = EDGE_CURVE ( 'NONE', #1276, #93, #1530, .T. ) ;
#1486 = ORIENTED_EDGE ( 'NONE', *, *, #2614, .T. ) ;
#1487 = ORIENTED_EDGE ( 'NONE', *, *, #961, .T. ) ;
#1488 = CARTESIAN_POINT ( 'NONE',  ( 3.719999999999999307, -2.000000000000000000, -18.19999999999999574 ) ) ;
#1489 = DIRECTION ( 'NONE',  ( -0.000000000000000000, -1.000000000000000000, -0.000000000000000000 ) ) ;
#1490 = AXIS2_PLACEMENT_3D ( 'NONE', #1681, #2457, #431 ) ;
#1491 = EDGE_CURVE ( 'NONE', #521, #1631, #427, .T. ) ;
#1492 = APPLICATION_PROTOCOL_DEFINITION ( 'draft international standard', 'automotive_design', 1998, #394 ) ;
#1493 = FACE_OUTER_BOUND ( 'NONE', #1801, .T. ) ;
#1494 = DIRECTION ( 'NONE',  ( 0.000000000000000000, 1.000000000000000000, 0.000000000000000000 ) ) ;
#1495 = VERTEX_POINT ( 'NONE', #2219 ) ;
#1496 = LINE ( 'NONE', #1958, #1564 ) ;
#1497 = CARTESIAN_POINT ( 'NONE',  ( 9.520000000000006679, 0.000000000000000000, -28.20000000000000639 ) ) ;
#1498 = DIRECTION ( 'NONE',  ( 8.260587980841933849E-16, 0.000000000000000000, 1.000000000000000000 ) ) ;
#1499 = EDGE_LOOP ( 'NONE', ( #2782, #1890, #723, #1980 ) ) ;
#1500 = ORIENTED_EDGE ( 'NONE', *, *, #676, .T. ) ;
#1501 = CARTESIAN_POINT ( 'NONE',  ( 6.819999999999998508, -11.79999999999999893, -9.099999999999997868 ) ) ;
#1502 = ORIENTED_EDGE ( 'NONE', *, *, #2587, .T. ) ;
#1503 = VERTEX_POINT ( 'NONE', #1542 ) ;
#1504 = EDGE_CURVE ( 'NONE', #1175, #2215, #2533, .T. ) ;
#1505 = AXIS2_PLACEMENT_3D ( 'NONE', #1427, #364, #85 ) ;
#1506 = LINE ( 'NONE', #2416, #885 ) ;
#1507 = DIRECTION ( 'NONE',  ( 0.000000000000000000, 1.000000000000000000, 0.000000000000000000 ) ) ;
#1508 = DIRECTION ( 'NONE',  ( 0.000000000000000000, 0.000000000000000000, 1.000000000000000000 ) ) ;
#1509 = EDGE_CURVE ( 'NONE', #1951, #2902, #839, .T. ) ;
#1510 = ORIENTED_EDGE ( 'NONE', *, *, #2341, .T. ) ;
#1511 = CARTESIAN_POINT ( 'NONE',  ( 42.26000000000000512, -2.000000000000000000, -16.50000000000000000 ) ) ;
#1512 = DIRECTION ( 'NONE',  ( 0.000000000000000000, 0.000000000000000000, -1.000000000000000000 ) ) ;
#1513 = FACE_OUTER_BOUND ( 'NONE', #2797, .T. ) ;
#1514 = VERTEX_POINT ( 'NONE', #398 ) ;
#1515 = AXIS2_PLACEMENT_3D ( 'NONE', #2424, #1269, #181 ) ;
#1516 = VERTEX_POINT ( 'NONE', #2409 ) ;
#1517 = AXIS2_PLACEMENT_3D ( 'NONE', #89, #2577, #2145 ) ;
#1518 = CARTESIAN_POINT ( 'NONE',  ( 0.7200000000000001954, -2.000000000000000000, -9.000000000000000000 ) ) ;
#1519 = VERTEX_POINT ( 'NONE', #2190 ) ;
#1520 = ORIENTED_EDGE ( 'NONE', *, *, #1171, .T. ) ;
#1521 = DIRECTION ( 'NONE',  ( -1.000000000000000000, -0.000000000000000000, -0.000000000000000000 ) ) ;
#1522 = EDGE_CURVE ( 'NONE', #2822, #1519, #2646, .T. ) ;
#1523 = FACE_OUTER_BOUND ( 'NONE', #1773, .T. ) ;
#1524 = LINE ( 'NONE', #1696, #2207 ) ;
#1525 = ORIENTED_EDGE ( 'NONE', *, *, #40, .T. ) ;
#1526 = ORIENTED_EDGE ( 'NONE', *, *, #139, .F. ) ;
#1527 = LINE ( 'NONE', #2662, #1853 ) ;
#1528 = CARTESIAN_POINT ( 'NONE',  ( 0.000000000000000000, -11.79999999999999893, 0.000000000000000000 ) ) ;
#1529 = EDGE_CURVE ( 'NONE', #1858, #275, #1179, .T. ) ;
#1530 = LINE ( 'NONE', #2866, #2184 ) ;
#1531 = ORIENTED_EDGE ( 'NONE', *, *, #676, .F. ) ;
#1532 = ORIENTED_EDGE ( 'NONE', *, *, #113, .T. ) ;
#1533 = EDGE_CURVE ( 'NONE', #387, #1800, #1367, .T. ) ;
#1534 = ORIENTED_EDGE ( 'NONE', *, *, #325, .F. ) ;
#1535 = ORIENTED_EDGE ( 'NONE', *, *, #1305, .T. ) ;
#1536 = DIRECTION ( 'NONE',  ( -5.841117777841393311E-16, -0.7071067811865507924, -0.7071067811865441310 ) ) ;
#1537 = CARTESIAN_POINT ( 'NONE',  ( 31.52000000000000668, -1.500000000000008216, -29.69999999999999929 ) ) ;
#1538 = VECTOR ( 'NONE', #1248, 1000.000000000000000 ) ;
#1539 = ORIENTED_EDGE ( 'NONE', *, *, #886, .T. ) ;
#1540 = ADVANCED_FACE ( 'NONE', ( #1589 ), #475, .F. ) ;
#1541 = DIRECTION ( 'NONE',  ( 1.000000000000000000, -0.000000000000000000, -0.000000000000000000 ) ) ;
#1542 = CARTESIAN_POINT ( 'NONE',  ( 11.39999999999999680, -4.299999999999999822, -13.40000000000000213 ) ) ;
#1543 = EDGE_LOOP ( 'NONE', ( #2013, #584, #669, #1486, #2855, #2666, #1230, #418, #1474, #1852, #1819, #2854, #2753, #2330, #1952, #169, #33, #956, #413, #707, #1676, #2658 ) ) ;
#1544 = CARTESIAN_POINT ( 'NONE',  ( 26.41999999999999815, -1.000000000000000000, -16.00000000000000355 ) ) ;
#1545 = ORIENTED_EDGE ( 'NONE', *, *, #2304, .T. ) ;
#1546 = EDGE_LOOP ( 'NONE', ( #2724, #1317, #2017, #2185 ) ) ;
#1547 = EDGE_CURVE ( 'NONE', #1568, #2624, #2071, .T. ) ;
#1548 = DIRECTION ( 'NONE',  ( 0.000000000000000000, 0.000000000000000000, 1.000000000000000000 ) ) ;
#1549 = DIRECTION ( 'NONE',  ( 1.000000000000000000, -0.000000000000000000, -5.782411586589358822E-15 ) ) ;
#1550 = ORIENTED_EDGE ( 'NONE', *, *, #1031, .T. ) ;
#1551 =( LENGTH_UNIT ( ) NAMED_UNIT ( * ) SI_UNIT ( .MILLI., .METRE. ) );
#1552 = DIRECTION ( 'NONE',  ( -1.000000000000000000, 0.000000000000000000, 0.000000000000000000 ) ) ;
#1553 = VECTOR ( 'NONE', #705, 1000.000000000000000 ) ;
#1554 = CYLINDRICAL_SURFACE ( 'NONE', #1435, 0.5000000000000004441 ) ;
#1555 = VERTEX_POINT ( 'NONE', #696 ) ;
#1556 = ORIENTED_EDGE ( 'NONE', *, *, #616, .F. ) ;
#1557 = DIRECTION ( 'NONE',  ( 0.000000000000000000, 1.000000000000000000, 0.000000000000000000 ) ) ;
#1558 = CARTESIAN_POINT ( 'NONE',  ( 26.41999999999999815, -2.000000000000000000, -28.00000000000000355 ) ) ;
#1559 = EDGE_CURVE ( 'NONE', #2373, #1027, #954, .T. ) ;
#1560 = AXIS2_PLACEMENT_3D ( 'NONE', #2339, #519, #1883 ) ;
#1561 = VECTOR ( 'NONE', #631, 1000.000000000000000 ) ;
#1562 = VERTEX_POINT ( 'NONE', #2528 ) ;
#1563 = ORIENTED_EDGE ( 'NONE', *, *, #2473, .T. ) ;
#1564 = VECTOR ( 'NONE', #1301, 1000.000000000000000 ) ;
#1565 = ADVANCED_FACE ( 'NONE', ( #675 ), #2751, .F. ) ;
#1566 = DIRECTION ( 'NONE',  ( 1.026463595252548358E-15, 0.000000000000000000, 1.000000000000000000 ) ) ;
#1567 = LINE ( 'NONE', #1350, #2046 ) ;
#1568 = VERTEX_POINT ( 'NONE', #2310 ) ;
#1569 = CARTESIAN_POINT ( 'NONE',  ( 44.07999999999999829, -2.000000000000000000, -18.19999999999999574 ) ) ;
#1570 =( NAMED_UNIT ( * ) SI_UNIT ( $, .STERADIAN. ) SOLID_ANGLE_UNIT ( ) );
#1571 = DIRECTION ( 'NONE',  ( -1.000000000000000000, -0.000000000000000000, -0.000000000000000000 ) ) ;
#1572 = DIRECTION ( 'NONE',  ( -1.000000000000000000, -0.000000000000000000, -0.000000000000000000 ) ) ;
#1573 = ORIENTED_EDGE ( 'NONE', *, *, #62, .F. ) ;
#1574 = CIRCLE ( 'NONE', #321, 0.9999999999999991118 ) ;
#1575 = DIRECTION ( 'NONE',  ( 0.000000000000000000, 0.7071067811865442421, -0.7071067811865509034 ) ) ;
#1576 = VECTOR ( 'NONE', #1843, 1000.000000000000000 ) ;
#1577 = DIRECTION ( 'NONE',  ( -0.000000000000000000, -1.000000000000000000, -0.000000000000000000 ) ) ;
#1578 = EDGE_LOOP ( 'NONE', ( #2870, #1288, #1271, #1087, #1166, #424, #1380, #1963 ) ) ;
#1579 = ORIENTED_EDGE ( 'NONE', *, *, #358, .T. ) ;
#1580 = ADVANCED_FACE ( 'NONE', ( #909 ), #1396, .F. ) ;
#1581 = VECTOR ( 'NONE', #1000, 1000.000000000000000 ) ;
#1582 = CARTESIAN_POINT ( 'NONE',  ( 9.520000000000006679, -0.7000000000000057288, -28.90000000000000568 ) ) ;
#1583 = DIRECTION ( 'NONE',  ( 0.000000000000000000, -0.000000000000000000, -1.000000000000000000 ) ) ;
#1584 = ORIENTED_EDGE ( 'NONE', *, *, #2312, .T. ) ;
#1585 = CARTESIAN_POINT ( 'NONE',  ( 9.520000000000006679, -2.500000000000000000, -29.69999999999999929 ) ) ;
#1586 = ADVANCED_FACE ( 'NONE', ( #2296 ), #2486, .T. ) ;
#1587 = DIRECTION ( 'NONE',  ( -0.000000000000000000, -0.000000000000000000, -1.000000000000000000 ) ) ;
#1588 = CARTESIAN_POINT ( 'NONE',  ( 23.64000000000000767, -4.299999999999999822, -10.40000000000000036 ) ) ;
#1589 = FACE_OUTER_BOUND ( 'NONE', #2164, .T. ) ;
#1590 = ORIENTED_EDGE ( 'NONE', *, *, #1134, .T. ) ;
#1591 = EDGE_LOOP ( 'NONE', ( #655, #247, #2438, #492, #1162, #1062, #1713, #1599, #13 ) ) ;
#1592 = DIRECTION ( 'NONE',  ( 0.000000000000000000, 1.000000000000000000, 0.000000000000000000 ) ) ;
#1593 = VECTOR ( 'NONE', #2769, 1000.000000000000000 ) ;
#1594 = CARTESIAN_POINT ( 'NONE',  ( 6.319999999999999396, -2.000000000000000000, -17.69999999999999929 ) ) ;
#1595 = VERTEX_POINT ( 'NONE', #2265 ) ;
#1596 = EDGE_CURVE ( 'NONE', #2568, #369, #1137, .T. ) ;
#1597 = CARTESIAN_POINT ( 'NONE',  ( 44.07999999999999829, -7.500000000000000000, -16.29999999999999716 ) ) ;
#1598 = CARTESIAN_POINT ( 'NONE',  ( 0.000000000000000000, -6.299999999999999822, 0.000000000000000000 ) ) ;
#1599 = ORIENTED_EDGE ( 'NONE', *, *, #423, .T. ) ;
#1600 = DIRECTION ( 'NONE',  ( 0.000000000000000000, 0.000000000000000000, 1.000000000000000000 ) ) ;
#1601 = CARTESIAN_POINT ( 'NONE',  ( 6.819999999999998508, -6.299999999999999822, -9.099999999999997868 ) ) ;
#1602 = CARTESIAN_POINT ( 'NONE',  ( 9.520000000000010232, 0.000000000000000000, -26.10000000000000497 ) ) ;
#1603 = ADVANCED_FACE ( 'NONE', ( #2690 ), #1554, .F. ) ;
#1604 = ORIENTED_EDGE ( 'NONE', *, *, #1171, .F. ) ;
#1605 = LINE ( 'NONE', #1154, #414 ) ;
#1606 = CARTESIAN_POINT ( 'NONE',  ( 0.000000000000000000, -1.000000000000000000, 0.000000000000000000 ) ) ;
#1607 = PLANE ( 'NONE',  #2733 ) ;
#1608 = ORIENTED_EDGE ( 'NONE', *, *, #1509, .F. ) ;
#1609 = AXIS2_PLACEMENT_3D ( 'NONE', #1598, #2719, #1583 ) ;
#1610 = COLOUR_RGB ( '',0.7921568627450980005, 0.8196078431372548767, 0.9333333333333333481 ) ;
#1611 = CARTESIAN_POINT ( 'NONE',  ( 47.28000000000000114, -7.500000000000000000, -16.10000000000000142 ) ) ;
#1612 = VECTOR ( 'NONE', #952, 1000.000000000000000 ) ;
#1613 = CARTESIAN_POINT ( 'NONE',  ( 38.56000000000000227, -2.000000000000000000, -16.50000000000000000 ) ) ;
#1614 = VERTEX_POINT ( 'NONE', #1793 ) ;
#1615 = EDGE_CURVE ( 'NONE', #860, #1651, #38, .T. ) ;
#1616 = CARTESIAN_POINT ( 'NONE',  ( 26.59999999999999787, -2.000000000000000000, -14.40000000000000391 ) ) ;
#1617 = DIRECTION ( 'NONE',  ( -0.000000000000000000, 0.000000000000000000, 1.000000000000000000 ) ) ;
#1618 = DIRECTION ( 'NONE',  ( 1.000000000000000000, 0.000000000000000000, -0.000000000000000000 ) ) ;
#1619 = ORIENTED_EDGE ( 'NONE', *, *, #1937, .T. ) ;
#1620 = VERTEX_POINT ( 'NONE', #490 ) ;
#1621 = DIRECTION ( 'NONE',  ( 1.000000000000000000, 0.000000000000000000, 4.956352788505165240E-16 ) ) ;
#1622 = DIRECTION ( 'NONE',  ( 0.000000000000000000, 1.000000000000000000, 0.000000000000000000 ) ) ;
#1623 = CARTESIAN_POINT ( 'NONE',  ( 23.64000000000000767, -6.299999999999999822, -10.40000000000000036 ) ) ;
#1624 = ORIENTED_EDGE ( 'NONE', *, *, #1979, .F. ) ;
#1625 = ADVANCED_FACE ( 'NONE', ( #1151 ), #255, .F. ) ;
#1626 = VECTOR ( 'NONE', #2251, 1000.000000000000000 ) ;
#1627 = ORIENTED_EDGE ( 'NONE', *, *, #310, .T. ) ;
#1628 = DIRECTION ( 'NONE',  ( 1.000000000000000000, 0.000000000000000000, 0.000000000000000000 ) ) ;
#1629 = LINE ( 'NONE', #63, #1461 ) ;
#1630 = FACE_OUTER_BOUND ( 'NONE', #835, .T. ) ;
#1631 = VERTEX_POINT ( 'NONE', #1602 ) ;
#1632 = PLANE ( 'NONE',  #1660 ) ;
#1633 = DIRECTION ( 'NONE',  ( 0.000000000000000000, 0.000000000000000000, -1.000000000000000000 ) ) ;
#1634 = CARTESIAN_POINT ( 'NONE',  ( 11.39999999999999680, -2.000000000000000000, -18.19999999999999929 ) ) ;
#1635 = EDGE_CURVE ( 'NONE', #2838, #848, #2271, .T. ) ;
#1636 = VERTEX_POINT ( 'NONE', #2042 ) ;
#1637 = CARTESIAN_POINT ( 'NONE',  ( 30.28000000000000114, -4.299999999999999822, -14.50000000000000000 ) ) ;
#1638 = DIRECTION ( 'NONE',  ( 0.000000000000000000, 0.000000000000000000, 1.000000000000000000 ) ) ;
#1639 = ORIENTED_EDGE ( 'NONE', *, *, #79, .F. ) ;
#1640 = EDGE_CURVE ( 'NONE', #1562, #2208, #2512, .T. ) ;
#1641 = VERTEX_POINT ( 'NONE', #1384 ) ;
#1642 = CARTESIAN_POINT ( 'NONE',  ( 12.13999999999999702, -4.299999999999999822, -12.15000000000000036 ) ) ;
#1643 = CARTESIAN_POINT ( 'NONE',  ( 41.76000000000000512, -7.500000000000000000, -16.50000000000000000 ) ) ;
#1644 = CARTESIAN_POINT ( 'NONE',  ( 47.28000000000000114, -2.000000000000000000, -9.000000000000000000 ) ) ;
#1645 = DIRECTION ( 'NONE',  ( 4.956352788505164254E-16, -0.000000000000000000, -1.000000000000000000 ) ) ;
#1646 = CARTESIAN_POINT ( 'NONE',  ( 6.319999999999999396, -7.500000000000000000, -18.19999999999999929 ) ) ;
#1647 = DIRECTION ( 'NONE',  ( 0.000000000000000000, 0.000000000000000000, -1.000000000000000000 ) ) ;
#1648 = ORIENTED_EDGE ( 'NONE', *, *, #1903, .T. ) ;
#1649 = VECTOR ( 'NONE', #2004, 1000.000000000000000 ) ;
#1650 = EDGE_CURVE ( 'NONE', #993, #400, #1413, .T. ) ;
#1651 = VERTEX_POINT ( 'NONE', #1465 ) ;
#1652 = VERTEX_POINT ( 'NONE', #2325 ) ;
#1653 = ADVANCED_FACE ( 'NONE', ( #1195 ), #313, .F. ) ;
#1654 = CARTESIAN_POINT ( 'NONE',  ( 38.06000000000000227, -7.500000000000000000, -18.20000000000000284 ) ) ;
#1655 = AXIS2_PLACEMENT_3D ( 'NONE', #70, #1780, #2014 ) ;
#1656 = VECTOR ( 'NONE', #1340, 1000.000000000000114 ) ;
#1657 = DIRECTION ( 'NONE',  ( -0.000000000000000000, -0.000000000000000000, -1.000000000000000000 ) ) ;
#1658 = PLANE ( 'NONE',  #2417 ) ;
#1659 = DIRECTION ( 'NONE',  ( 0.000000000000000000, 0.000000000000000000, 1.000000000000000000 ) ) ;
#1660 = AXIS2_PLACEMENT_3D ( 'NONE', #2125, #120, #2544 ) ;
#1661 = AXIS2_PLACEMENT_3D ( 'NONE', #1872, #973, #1910 ) ;
#1662 = CARTESIAN_POINT ( 'NONE',  ( 0.000000000000000000, -2.000000000000000000, -9.000000000000000000 ) ) ;
#1663 = DIRECTION ( 'NONE',  ( -0.000000000000000000, -0.000000000000000000, -1.000000000000000000 ) ) ;
#1664 = VECTOR ( 'NONE', #782, 1000.000000000000000 ) ;
#1665 = ORIENTED_EDGE ( 'NONE', *, *, #541, .F. ) ;
#1666 = ORIENTED_EDGE ( 'NONE', *, *, #1754, .T. ) ;
#1667 = EDGE_LOOP ( 'NONE', ( #2034, #1152, #1244, #1227 ) ) ;
#1668 = ADVANCED_FACE ( 'NONE', ( #1236 ), #2116, .F. ) ;
#1669 = LINE ( 'NONE', #306, #2372 ) ;
#1670 = DIRECTION ( 'NONE',  ( 0.000000000000000000, 0.000000000000000000, -1.000000000000000000 ) ) ;
#1671 = FACE_OUTER_BOUND ( 'NONE', #506, .T. ) ;
#1672 = LINE ( 'NONE', #1452, #1869 ) ;
#1673 = EDGE_CURVE ( 'NONE', #2361, #1514, #488, .T. ) ;
#1674 = CARTESIAN_POINT ( 'NONE',  ( 12.13999999999999702, -4.299999999999999822, -12.15000000000000036 ) ) ;
#1675 = DIRECTION ( 'NONE',  ( -0.000000000000000000, 1.000000000000000000, -0.000000000000000000 ) ) ;
#1676 = ORIENTED_EDGE ( 'NONE', *, *, #790, .T. ) ;
#1677 = VERTEX_POINT ( 'NONE', #1911 ) ;
#1678 = VERTEX_POINT ( 'NONE', #1208 ) ;
#1679 = AXIS2_PLACEMENT_3D ( 'NONE', #1936, #2625, #2841 ) ;
#1680 = EDGE_CURVE ( 'NONE', #2300, #570, #2875, .T. ) ;
#1681 = CARTESIAN_POINT ( 'NONE',  ( 39.06000000000000227, -7.500000000000000000, -16.50000000000000000 ) ) ;
#1682 = ADVANCED_FACE ( 'NONE', ( #591 ), #99, .F. ) ;
#1683 = CARTESIAN_POINT ( 'NONE',  ( 5.999999999999998224, 0.000000000000000000, -4.499999999999994671 ) ) ;
#1684 = DIRECTION ( 'NONE',  ( 0.000000000000000000, -1.000000000000000000, 0.000000000000000000 ) ) ;
#1685 = ORIENTED_EDGE ( 'NONE', *, *, #2794, .T. ) ;
#1686 = CARTESIAN_POINT ( 'NONE',  ( 3.719999999999999307, -7.500000000000000000, -19.39999999999999858 ) ) ;
#1687 = EDGE_CURVE ( 'NONE', #2488, #959, #111, .T. ) ;
#1688 = DIRECTION ( 'NONE',  ( 0.000000000000000000, 0.000000000000000000, -1.000000000000000000 ) ) ;
#1689 = VERTEX_POINT ( 'NONE', #2776 ) ;
#1690 = ORIENTED_EDGE ( 'NONE', *, *, #2834, .F. ) ;
#1691 = ORIENTED_EDGE ( 'NONE', *, *, #543, .T. ) ;
#1692 = CARTESIAN_POINT ( 'NONE',  ( 31.52000000000000668, -1.500000000000008216, -27.59999999999999787 ) ) ;
#1693 = PLANE ( 'NONE',  #836 ) ;
#1694 = CARTESIAN_POINT ( 'NONE',  ( 19.42000000000000171, -1.200000000000013278, -24.09999999999999787 ) ) ;
#1695 = VECTOR ( 'NONE', #50, 1000.000000000000000 ) ;
#1696 = CARTESIAN_POINT ( 'NONE',  ( 26.59999999999999787, -2.000000000000000000, -13.40000000000000213 ) ) ;
#1697 = EDGE_CURVE ( 'NONE', #533, #1304, #2817, .T. ) ;
#1698 = ORIENTED_EDGE ( 'NONE', *, *, #57, .F. ) ;
#1699 = CIRCLE ( 'NONE', #2656, 1.699999999999999289 ) ;
#1700 = SURFACE_STYLE_FILL_AREA ( #823 ) ;
#1701 = DIRECTION ( 'NONE',  ( 0.000000000000000000, 1.000000000000000000, -0.000000000000000000 ) ) ;
#1702 = CARTESIAN_POINT ( 'NONE',  ( 6.319999999999998508, -7.500000000000000000, -16.00000000000000000 ) ) ;
#1703 = VERTEX_POINT ( 'NONE', #997 ) ;
#1704 = VECTOR ( 'NONE', #2511, 1000.000000000000000 ) ;
#1705 = ORIENTED_EDGE ( 'NONE', *, *, #764, .F. ) ;
#1706 = VERTEX_POINT ( 'NONE', #986 ) ;
#1707 = EDGE_CURVE ( 'NONE', #895, #479, #2176, .T. ) ;
#1708 = CARTESIAN_POINT ( 'NONE',  ( 44.07999999999999829, -7.500000000000000000, -18.19999999999999574 ) ) ;
#1709 = VECTOR ( 'NONE', #977, 1000.000000000000000 ) ;
#1710 = CARTESIAN_POINT ( 'NONE',  ( 34.67999999999999972, -2.000000000000000000, -16.50000000000000355 ) ) ;
#1711 = DIRECTION ( 'NONE',  ( 0.000000000000000000, 0.000000000000000000, -1.000000000000000000 ) ) ;
#1712 = CARTESIAN_POINT ( 'NONE',  ( 11.39999999999999680, -7.500000000000000000, -13.40000000000000213 ) ) ;
#1713 = ORIENTED_EDGE ( 'NONE', *, *, #775, .T. ) ;
#1714 = LINE ( 'NONE', #1686, #2661 ) ;
#1715 = DIRECTION ( 'NONE',  ( 1.000000000000000000, 0.000000000000000000, -0.000000000000000000 ) ) ;
#1716 = CARTESIAN_POINT ( 'NONE',  ( 42.26000000000000512, -7.500000000000000000, -16.00000000000000000 ) ) ;
#1717 = EDGE_CURVE ( 'NONE', #668, #2361, #2355, .T. ) ;
#1718 = ORIENTED_EDGE ( 'NONE', *, *, #1879, .F. ) ;
#1719 = LINE ( 'NONE', #1518, #1996 ) ;
#1720 = ORIENTED_EDGE ( 'NONE', *, *, #289, .T. ) ;
#1721 = ORIENTED_EDGE ( 'NONE', *, *, #1687, .F. ) ;
#1722 = EDGE_CURVE ( 'NONE', #2868, #2228, #1874, .T. ) ;
#1723 = DIRECTION ( 'NONE',  ( 1.000000000000000000, 0.000000000000000000, -3.730588120380230448E-16 ) ) ;
#1724 = AXIS2_PLACEMENT_3D ( 'NONE', #345, #2693, #1232 ) ;
#1725 = CARTESIAN_POINT ( 'NONE',  ( 5.999999999999998224, -1.200000000000006395, -2.799999999999995381 ) ) ;
#1726 = DIRECTION ( 'NONE',  ( 0.000000000000000000, 0.000000000000000000, 1.000000000000000000 ) ) ;
#1727 = VERTEX_POINT ( 'NONE', #2127 ) ;
#1728 = LINE ( 'NONE', #2382, #2096 ) ;
#1729 = DIRECTION ( 'NONE',  ( 0.000000000000000000, 1.000000000000000000, 0.000000000000000000 ) ) ;
#1730 = DIRECTION ( 'NONE',  ( 1.000000000000000000, 0.000000000000000000, -1.156482317317871133E-15 ) ) ;
#1731 = ORIENTED_EDGE ( 'NONE', *, *, #507, .T. ) ;
#1732 = ORIENTED_EDGE ( 'NONE', *, *, #266, .F. ) ;
#1733 = ORIENTED_EDGE ( 'NONE', *, *, #725, .F. ) ;
#1734 = VERTEX_POINT ( 'NONE', #2368 ) ;
#1735 = EDGE_CURVE ( 'NONE', #1800, #993, #771, .T. ) ;
#1736 = CARTESIAN_POINT ( 'NONE',  ( 48.00000000000000000, 0.000000000000000000, -9.000000000000000000 ) ) ;
#1737 = EDGE_CURVE ( 'NONE', #2488, #533, #1898, .T. ) ;
#1738 = VECTOR ( 'NONE', #49, 1000.000000000000000 ) ;
#1739 = CARTESIAN_POINT ( 'NONE',  ( 0.000000000000000000, 0.000000000000000000, 0.000000000000000000 ) ) ;
#1740 = DIRECTION ( 'NONE',  ( -0.000000000000000000, 1.000000000000000000, -0.000000000000000000 ) ) ;
#1741 = CARTESIAN_POINT ( 'NONE',  ( 47.28000000000000114, -7.500000000000000000, -9.099999999999997868 ) ) ;
#1742 = ORIENTED_EDGE ( 'NONE', *, *, #1082, .T. ) ;
#1743 = ORIENTED_EDGE ( 'NONE', *, *, #1204, .F. ) ;
#1744 = EDGE_CURVE ( 'NONE', #1259, #2594, #1672, .T. ) ;
#1745 = CIRCLE ( 'NONE', #214, 0.5000000000000004441 ) ;
#1746 = DIRECTION ( 'NONE',  ( 1.000000000000000000, -0.000000000000000000, -1.156482317317871133E-15 ) ) ;
#1747 = CARTESIAN_POINT ( 'NONE',  ( 44.07999999999999829, -7.500000000000000000, -16.10000000000000142 ) ) ;
#1748 = CARTESIAN_POINT ( 'NONE',  ( 42.00000000000000000, -1.200000000000006395, -4.499999999999999112 ) ) ;
#1749 = VECTOR ( 'NONE', #58, 1000.000000000000000 ) ;
#1750 = VERTEX_POINT ( 'NONE', #1884 ) ;
#1751 = ORIENTED_EDGE ( 'NONE', *, *, #2064, .T. ) ;
#1752 = AXIS2_PLACEMENT_3D ( 'NONE', #2689, #1164, #474 ) ;
#1753 = ORIENTED_EDGE ( 'NONE', *, *, #1231, .T. ) ;
#1754 = EDGE_CURVE ( 'NONE', #1750, #778, #713, .T. ) ;
#1755 = LINE ( 'NONE', #1953, #2487 ) ;
#1756 = CARTESIAN_POINT ( 'NONE',  ( 6.819999999999998508, -11.79999999999999893, -9.099999999999997868 ) ) ;
#1757 = LINE ( 'NONE', #1060, #1091 ) ;
#1758 = ORIENTED_EDGE ( 'NONE', *, *, #1485, .F. ) ;
#1759 = DIRECTION ( 'NONE',  ( 0.000000000000000000, 0.000000000000000000, 1.000000000000000000 ) ) ;
#1760 = DIRECTION ( 'NONE',  ( 0.000000000000000000, 0.000000000000000000, -1.000000000000000000 ) ) ;
#1761 = DIRECTION ( 'NONE',  ( 0.000000000000000000, 0.000000000000000000, 1.000000000000000000 ) ) ;
#1762 = ADVANCED_FACE ( 'NONE', ( #536 ), #2790, .F. ) ;
#1763 = VECTOR ( 'NONE', #1357, 1000.000000000000114 ) ;
#1764 = ORIENTED_EDGE ( 'NONE', *, *, #2856, .F. ) ;
#1765 = DIRECTION ( 'NONE',  ( -0.000000000000000000, 1.000000000000000000, 0.000000000000000000 ) ) ;
#1766 = ORIENTED_EDGE ( 'NONE', *, *, #1362, .F. ) ;
#1767 = ORIENTED_EDGE ( 'NONE', *, *, #1258, .T. ) ;
#1768 = CARTESIAN_POINT ( 'NONE',  ( 47.27999999999999403, -1.500000000000008216, -27.59999999999999787 ) ) ;
#1769 = EDGE_CURVE ( 'NONE', #668, #61, #760, .T. ) ;
#1770 = DIRECTION ( 'NONE',  ( 0.000000000000000000, 0.000000000000000000, 1.000000000000000000 ) ) ;
#1771 = PLANE ( 'NONE',  #314 ) ;
#1772 = VECTOR ( 'NONE', #1330, 1000.000000000000000 ) ;
#1773 = EDGE_LOOP ( 'NONE', ( #2524, #2303, #372, #284 ) ) ;
#1774 = EDGE_CURVE ( 'NONE', #2394, #2143, #606, .T. ) ;
#1775 = DIRECTION ( 'NONE',  ( 0.000000000000000000, 1.000000000000000000, 0.000000000000000000 ) ) ;
#1776 = CARTESIAN_POINT ( 'NONE',  ( 19.42000000000000171, -2.000000000000000000, -22.39999999999999503 ) ) ;
#1777 = DIRECTION ( 'NONE',  ( -0.000000000000000000, 1.000000000000000000, -0.000000000000000000 ) ) ;
#1778 = VERTEX_POINT ( 'NONE', #1266 ) ;
#1779 = EDGE_CURVE ( 'NONE', #1677, #1689, #421, .T. ) ;
#1780 = DIRECTION ( 'NONE',  ( 0.000000000000000000, 1.000000000000000000, 0.000000000000000000 ) ) ;
#1781 = CARTESIAN_POINT ( 'NONE',  ( 6.819999999999997620, -2.000000000000000000, -16.00000000000000000 ) ) ;
#1782 = ORIENTED_EDGE ( 'NONE', *, *, #795, .T. ) ;
#1783 = AXIS2_PLACEMENT_3D ( 'NONE', #324, #2103, #122 ) ;
#1784 = VECTOR ( 'NONE', #1663, 1000.000000000000000 ) ;
#1785 = ORIENTED_EDGE ( 'NONE', *, *, #2650, .F. ) ;
#1786 = DIRECTION ( 'NONE',  ( 0.000000000000000000, 0.000000000000000000, 1.000000000000000000 ) ) ;
#1787 = FACE_OUTER_BOUND ( 'NONE', #2109, .T. ) ;
#1788 = LINE ( 'NONE', #218, #2887 ) ;
#1789 = EDGE_LOOP ( 'NONE', ( #2371, #1731, #2882, #2094 ) ) ;
#1790 = CARTESIAN_POINT ( 'NONE',  ( 23.19510536992945049, -4.299999999999999822, -45.39717229674613463 ) ) ;
#1791 = CARTESIAN_POINT ( 'NONE',  ( 48.00000000000000000, 0.000000000000000000, -9.197916215502274019E-17 ) ) ;
#1792 = CARTESIAN_POINT ( 'NONE',  ( 19.42000000000000171, 0.000000000000000000, -24.09999999999999787 ) ) ;
#1793 = CARTESIAN_POINT ( 'NONE',  ( 42.26000000000000512, -2.000000000000000000, -17.69999999999999574 ) ) ;
#1794 = EDGE_LOOP ( 'NONE', ( #2472, #875, #714, #357 ) ) ;
#1795 = EDGE_CURVE ( 'NONE', #1041, #915, #2018, .T. ) ;
#1796 = ORIENTED_EDGE ( 'NONE', *, *, #2551, .F. ) ;
#1797 = CARTESIAN_POINT ( 'NONE',  ( 48.00000000000000000, -2.000000000000000000, -9.197916215502274019E-17 ) ) ;
#1798 = DIRECTION ( 'NONE',  ( -1.000000000000000000, -0.000000000000000000, -0.000000000000000000 ) ) ;
#1799 = VECTOR ( 'NONE', #650, 1000.000000000000000 ) ;
#1800 = VERTEX_POINT ( 'NONE', #2670 ) ;
#1801 = EDGE_LOOP ( 'NONE', ( #1639, #1889, #1531, #513 ) ) ;
#1802 = AXIS2_PLACEMENT_3D ( 'NONE', #1748, #878, #1052 ) ;
#1803 = VECTOR ( 'NONE', #938, 1000.000000000000000 ) ;
#1804 = EDGE_CURVE ( 'NONE', #1276, #2202, #2845, .T. ) ;
#1805 = CARTESIAN_POINT ( 'NONE',  ( 42.26000000000000512, -7.500000000000000000, -17.69999999999999574 ) ) ;
#1806 = DIRECTION ( 'NONE',  ( -0.000000000000000000, -0.000000000000000000, 1.000000000000000000 ) ) ;
#1807 = CIRCLE ( 'NONE', #512, 1.699999999999999289 ) ;
#1808 = EDGE_LOOP ( 'NONE', ( #128, #2535, #4, #792 ) ) ;
#1809 = CARTESIAN_POINT ( 'NONE',  ( 11.39999999999999680, -2.000000000000000000, -13.40000000000000213 ) ) ;
#1810 = CARTESIAN_POINT ( 'NONE',  ( 42.76000000000000512, -7.500000000000000000, -17.69999999999999574 ) ) ;
#1811 = LINE ( 'NONE', #489, #508 ) ;
#1812 = DIRECTION ( 'NONE',  ( 0.000000000000000000, 0.000000000000000000, 1.000000000000000000 ) ) ;
#1813 = ORIENTED_EDGE ( 'NONE', *, *, #416, .F. ) ;
#1814 = VECTOR ( 'NONE', #2562, 1000.000000000000114 ) ;
#1815 = ORIENTED_EDGE ( 'NONE', *, *, #358, .F. ) ;
#1816 = ADVANCED_FACE ( 'NONE', ( #379 ), #582, .F. ) ;
#1817 = DIRECTION ( 'NONE',  ( 0.000000000000000000, 1.000000000000000000, 0.000000000000000000 ) ) ;
#1818 = CARTESIAN_POINT ( 'NONE',  ( 23.19510536992945049, -6.299999999999999822, -45.39717229674613463 ) ) ;
#1819 = ORIENTED_EDGE ( 'NONE', *, *, #1707, .T. ) ;
#1820 = VECTOR ( 'NONE', #1309, 1000.000000000000000 ) ;
#1821 = ADVANCED_FACE ( 'NONE', ( #1986 ), #1956, .T. ) ;
#1822 = CARTESIAN_POINT ( 'NONE',  ( 26.41999999999999815, -2.500000000000000000, -28.00000000000000355 ) ) ;
#1823 = CYLINDRICAL_SURFACE ( 'NONE', #353, 0.5000000000000004441 ) ;
#1824 = ORIENTED_EDGE ( 'NONE', *, *, #1158, .T. ) ;
#1825 = CARTESIAN_POINT ( 'NONE',  ( 10.01999999999999780, -7.500000000000000000, -16.00000000000000000 ) ) ;
#1826 = CARTESIAN_POINT ( 'NONE',  ( 26.42000000000000171, -2.500000000000000000, -21.00000000000000355 ) ) ;
#1827 = DIRECTION ( 'NONE',  ( 0.000000000000000000, -1.000000000000000000, 0.000000000000000000 ) ) ;
#1828 = EDGE_LOOP ( 'NONE', ( #1785, #1095, #746, #1545 ) ) ;
#1829 = CIRCLE ( 'NONE', #2212, 0.5000000000000004441 ) ;
#1830 = ORIENTED_EDGE ( 'NONE', *, *, #2312, .F. ) ;
#1831 = CARTESIAN_POINT ( 'NONE',  ( 9.520000000000008455, -1.500000000000008216, -27.59999999999999787 ) ) ;
#1832 = DIRECTION ( 'NONE',  ( 0.000000000000000000, -1.000000000000000000, 0.000000000000000000 ) ) ;
#1833 = ORIENTED_EDGE ( 'NONE', *, *, #1697, .F. ) ;
#1834 = AXIS2_PLACEMENT_3D ( 'NONE', #1992, #208, #1498 ) ;
#1835 = VECTOR ( 'NONE', #1377, 1000.000000000000000 ) ;
#1836 = EDGE_CURVE ( 'NONE', #2624, #1445, #874, .T. ) ;
#1837 = DIRECTION ( 'NONE',  ( -0.000000000000000000, 1.000000000000000000, 0.000000000000000000 ) ) ;
#1838 = FACE_OUTER_BOUND ( 'NONE', #264, .T. ) ;
#1839 = ORIENTED_EDGE ( 'NONE', *, *, #2777, .F. ) ;
#1840 = ADVANCED_FACE ( 'NONE', ( #1299 ), #178, .F. ) ;
#1841 = CARTESIAN_POINT ( 'NONE',  ( 10.01999999999999780, -2.000000000000000000, -16.50000000000000000 ) ) ;
#1842 = LINE ( 'NONE', #2750, #1948 ) ;
#1843 = DIRECTION ( 'NONE',  ( 0.000000000000000000, 1.000000000000000000, -0.000000000000000000 ) ) ;
#1844 = ORIENTED_EDGE ( 'NONE', *, *, #1223, .F. ) ;
#1845 = EDGE_CURVE ( 'NONE', #1636, #302, #202, .T. ) ;
#1846 = ORIENTED_EDGE ( 'NONE', *, *, #684, .F. ) ;
#1847 = CARTESIAN_POINT ( 'NONE',  ( 12.39999036921260434, -4.299999999999999822, -13.11561120950240245 ) ) ;
#1848 = LINE ( 'NONE', #273, #2843 ) ;
#1849 = CARTESIAN_POINT ( 'NONE',  ( 38.56000000000000227, -7.500000000000000000, -17.70000000000000284 ) ) ;
#1850 = ORIENTED_EDGE ( 'NONE', *, *, #1077, .F. ) ;
#1851 = CIRCLE ( 'NONE', #1515, 35.00000000000000711 ) ;
#1852 = ORIENTED_EDGE ( 'NONE', *, *, #233, .T. ) ;
#1853 = VECTOR ( 'NONE', #649, 1000.000000000000000 ) ;
#1854 = LINE ( 'NONE', #1420, #1959 ) ;
#1855 = EDGE_CURVE ( 'NONE', #283, #369, #1757, .T. ) ;
#1856 = CARTESIAN_POINT ( 'NONE',  ( 11.39999999999999680, -7.500000000000000000, -18.19999999999999929 ) ) ;
#1857 = CARTESIAN_POINT ( 'NONE',  ( 11.39999999999999680, -6.299999999999999822, -14.49999999999999822 ) ) ;
#1858 = VERTEX_POINT ( 'NONE', #834 ) ;
#1859 = CARTESIAN_POINT ( 'NONE',  ( 6.319999999999999396, -2.000000000000000000, -18.19999999999999929 ) ) ;
#1860 = PLANE ( 'NONE',  #2899 ) ;
#1861 = DIRECTION ( 'NONE',  ( 1.000000000000000000, 0.000000000000000000, 2.843808977011159309E-16 ) ) ;
#1862 = ORIENTED_EDGE ( 'NONE', *, *, #2573, .T. ) ;
#1863 = DIRECTION ( 'NONE',  ( -0.000000000000000000, 1.000000000000000000, -0.000000000000000000 ) ) ;
#1864 = EDGE_CURVE ( 'NONE', #1343, #860, #2830, .T. ) ;
#1865 = DIRECTION ( 'NONE',  ( 0.000000000000000000, 0.000000000000000000, -1.000000000000000000 ) ) ;
#1866 = ORIENTED_EDGE ( 'NONE', *, *, #2318, .T. ) ;
#1867 = EDGE_LOOP ( 'NONE', ( #2163, #2209, #1432, #739 ) ) ;
#1868 = FACE_OUTER_BOUND ( 'NONE', #702, .T. ) ;
#1869 = VECTOR ( 'NONE', #2599, 1000.000000000000000 ) ;
#1870 = PLANE ( 'NONE',  #806 ) ;
#1871 = CARTESIAN_POINT ( 'NONE',  ( 12.13999999999999702, -4.299999999999999822, -12.15000000000000036 ) ) ;
#1872 = CARTESIAN_POINT ( 'NONE',  ( 31.48000000000000043, -7.500000000000000000, -16.00000000000000355 ) ) ;
#1873 = AXIS2_PLACEMENT_3D ( 'NONE', #1818, #1832, #539 ) ;
#1874 = LINE ( 'NONE', #1634, #801 ) ;
#1875 = LINE ( 'NONE', #2778, #1814 ) ;
#1876 = CARTESIAN_POINT ( 'NONE',  ( 12.42000000000000348, -1.000000000000000000, -21.00000000000000355 ) ) ;
#1877 = FACE_OUTER_BOUND ( 'NONE', #105, .T. ) ;
#1878 = EDGE_LOOP ( 'NONE', ( #2252, #2743, #2191, #1132, #2720 ) ) ;
#1879 = EDGE_CURVE ( 'NONE', #1402, #1001, #1524, .T. ) ;
#1880 = ORIENTED_EDGE ( 'NONE', *, *, #472, .T. ) ;
#1881 = PLANE ( 'NONE',  #449 ) ;
#1882 = DIRECTION ( 'NONE',  ( -0.000000000000000000, 1.000000000000000000, -0.000000000000000000 ) ) ;
#1883 = DIRECTION ( 'NONE',  ( 0.000000000000000000, 0.000000000000000000, -1.000000000000000000 ) ) ;
#1884 = CARTESIAN_POINT ( 'NONE',  ( 19.42000000000000171, -2.500000000000000000, -22.39999999999999503 ) ) ;
#1885 = DIRECTION ( 'NONE',  ( 1.000000000000000000, 0.000000000000000000, 0.000000000000000000 ) ) ;
#1886 = CARTESIAN_POINT ( 'NONE',  ( 0.000000000000000000, -2.000000000000000000, 0.000000000000000000 ) ) ;
#1887 = ADVANCED_FACE ( 'NONE', ( #820 ), #2450, .F. ) ;
#1888 = ORIENTED_EDGE ( 'NONE', *, *, #1650, .T. ) ;
#1889 = ORIENTED_EDGE ( 'NONE', *, *, #248, .F. ) ;
#1890 = ORIENTED_EDGE ( 'NONE', *, *, #1697, .T. ) ;
#1891 = CARTESIAN_POINT ( 'NONE',  ( 35.17999999999999972, -7.500000000000000000, -17.69999999999999929 ) ) ;
#1892 = EDGE_CURVE ( 'NONE', #275, #1516, #847, .T. ) ;
#1893 = AXIS2_PLACEMENT_3D ( 'NONE', #207, #2833, #1760 ) ;
#1894 = VECTOR ( 'NONE', #1786, 1000.000000000000000 ) ;
#1895 = VECTOR ( 'NONE', #999, 1000.000000000000000 ) ;
#1896 = DIRECTION ( 'NONE',  ( -0.000000000000000000, -0.000000000000000000, 1.000000000000000000 ) ) ;
#1897 = DIRECTION ( 'NONE',  ( 0.000000000000000000, 1.000000000000000000, 0.000000000000000000 ) ) ;
#1898 = LINE ( 'NONE', #2340, #2812 ) ;
#1899 = ORIENTED_EDGE ( 'NONE', *, *, #2818, .F. ) ;
#1900 = DIRECTION ( 'NONE',  ( 0.000000000000000000, 0.000000000000000000, -1.000000000000000000 ) ) ;
#1901 = PLANE ( 'NONE',  #486 ) ;
#1902 = VERTEX_POINT ( 'NONE', #1479 ) ;
#1903 = EDGE_CURVE ( 'NONE', #1678, #2822, #1072, .T. ) ;
#1904 = ORIENTED_EDGE ( 'NONE', *, *, #562, .F. ) ;
#1905 = ORIENTED_EDGE ( 'NONE', *, *, #1407, .F. ) ;
#1906 = AXIS2_PLACEMENT_3D ( 'NONE', #1398, #1621, #272 ) ;
#1907 = EDGE_CURVE ( 'NONE', #1641, #895, #859, .T. ) ;
#1908 = CARTESIAN_POINT ( 'NONE',  ( 0.7199999999999984190, -7.500000000000000000, -19.39999999999999503 ) ) ;
#1909 = EDGE_CURVE ( 'NONE', #2458, #14, #1567, .T. ) ;
#1910 = DIRECTION ( 'NONE',  ( -0.000000000000000000, 0.000000000000000000, 1.000000000000000000 ) ) ;
#1911 = CARTESIAN_POINT ( 'NONE',  ( 39.06000000000000227, -2.000000000000000000, -16.00000000000000000 ) ) ;
#1912 = ORIENTED_EDGE ( 'NONE', *, *, #2426, .F. ) ;
#1913 = FACE_OUTER_BOUND ( 'NONE', #1199, .T. ) ;
#1914 = CARTESIAN_POINT ( 'NONE',  ( 3.719999999999999307, -7.500000000000000000, -19.39999999999999858 ) ) ;
#1915 = VERTEX_POINT ( 'NONE', #1613 ) ;
#1916 = PRODUCT ( 'battery_cap_hole_moved', 'battery_cap_hole_moved', '', ( #2654 ) ) ;
#1917 = ORIENTED_EDGE ( 'NONE', *, *, #2459, .F. ) ;
#1918 = ORIENTED_EDGE ( 'NONE', *, *, #2730, .T. ) ;
#1919 = DIRECTION ( 'NONE',  ( -0.000000000000000000, -0.000000000000000000, -1.000000000000000000 ) ) ;
#1920 = ADVANCED_FACE ( 'NONE', ( #1147 ), #278, .T. ) ;
#1921 = DIRECTION ( 'NONE',  ( 0.000000000000000000, -1.000000000000000000, 0.000000000000000000 ) ) ;
#1922 = VECTOR ( 'NONE', #2183, 1000.000000000000000 ) ;
#1923 = CARTESIAN_POINT ( 'NONE',  ( 38.56000000000000227, -2.000000000000000000, -18.20000000000000284 ) ) ;
#1924 = AXIS2_PLACEMENT_3D ( 'NONE', #1756, #920, #1116 ) ;
#1925 = DIRECTION ( 'NONE',  ( 0.000000000000000000, 1.000000000000000000, 0.000000000000000000 ) ) ;
#1926 = VERTEX_POINT ( 'NONE', #1364 ) ;
#1927 = AXIS2_PLACEMENT_3D ( 'NONE', #2086, #2766, #1861 ) ;
#1928 = CYLINDRICAL_SURFACE ( 'NONE', #1239, 0.5000000000000004441 ) ;
#1929 = CARTESIAN_POINT ( 'NONE',  ( 5.999999999999998224, -1.200000000000006395, -6.199999999999993960 ) ) ;
#1930 = CARTESIAN_POINT ( 'NONE',  ( 10.01999999999999780, -7.500000000000000000, -16.50000000000000000 ) ) ;
#1931 = EDGE_CURVE ( 'NONE', #1651, #2786, #2227, .T. ) ;
#1932 = EDGE_LOOP ( 'NONE', ( #1306, #2411, #1229, #1487, #2179, #1850, #822, #904, #465, #1410, #1127 ) ) ;
#1933 = ORIENTED_EDGE ( 'NONE', *, *, #79, .T. ) ;
#1934 = ORIENTED_EDGE ( 'NONE', *, *, #2735, .F. ) ;
#1935 = CIRCLE ( 'NONE', #2326, 0.5000000000000004441 ) ;
#1936 = CARTESIAN_POINT ( 'NONE',  ( 6.819999999999997620, -2.000000000000000000, -16.50000000000000000 ) ) ;
#1937 = EDGE_CURVE ( 'NONE', #647, #865, #1788, .T. ) ;
#1938 = CARTESIAN_POINT ( 'NONE',  ( 19.42000000000000171, 0.000000000000000000, -21.19999999999996732 ) ) ;
#1939 = VECTOR ( 'NONE', #965, 1000.000000000000000 ) ;
#1940 = DIRECTION ( 'NONE',  ( 1.334402673828313438E-15, 0.000000000000000000, 1.000000000000000000 ) ) ;
#1941 = ORIENTED_EDGE ( 'NONE', *, *, #1213, .T. ) ;
#1942 = CIRCLE ( 'NONE', #91, 2.900000000000013678 ) ;
#1943 = LINE ( 'NONE', #2187, #1013 ) ;
#1944 = FACE_OUTER_BOUND ( 'NONE', #673, .T. ) ;
#1945 = CARTESIAN_POINT ( 'NONE',  ( 48.00000000000000000, -2.000000000000000000, -9.197916215502274019E-17 ) ) ;
#1946 = AXIS2_PLACEMENT_3D ( 'NONE', #1643, #2558, #1670 ) ;
#1947 = EDGE_LOOP ( 'NONE', ( #1480, #2241, #854, #2161 ) ) ;
#1948 = VECTOR ( 'NONE', #1541, 1000.000000000000000 ) ;
#1949 = ADVANCED_FACE ( 'NONE', ( #1838 ), #454, .F. ) ;
#1950 = CARTESIAN_POINT ( 'NONE',  ( 47.28000000000000114, -6.299999999999999822, -9.099999999999997868 ) ) ;
#1951 = VERTEX_POINT ( 'NONE', #922 ) ;
#1952 = ORIENTED_EDGE ( 'NONE', *, *, #1021, .T. ) ;
#1953 = CARTESIAN_POINT ( 'NONE',  ( 47.28000000000000114, -6.299999999999999822, -14.49999999999999822 ) ) ;
#1954 = AXIS2_PLACEMENT_3D ( 'NONE', #712, #22, #894 ) ;
#1955 = LINE ( 'NONE', #2816, #2268 ) ;
#1956 = CYLINDRICAL_SURFACE ( 'NONE', #2363, 0.5000000000000004441 ) ;
#1957 = EDGE_LOOP ( 'NONE', ( #2233, #2740, #734, #1260, #2729, #2043, #2110, #1888 ) ) ;
#1958 = CARTESIAN_POINT ( 'NONE',  ( 31.48000000000000043, -7.500000000000000000, -18.19999999999999929 ) ) ;
#1959 = VECTOR ( 'NONE', #1628, 1000.000000000000000 ) ;
#1960 = LINE ( 'NONE', #634, #1989 ) ;
#1961 = DIRECTION ( 'NONE',  ( 0.000000000000000000, 1.000000000000000000, 0.000000000000000000 ) ) ;
#1962 = ADVANCED_FACE ( 'NONE', ( #235 ), #2260, .T. ) ;
#1963 = ORIENTED_EDGE ( 'NONE', *, *, #197, .T. ) ;
#1964 = DIRECTION ( 'NONE',  ( 1.165808787618822015E-17, -0.000000000000000000, 1.000000000000000000 ) ) ;
#1965 = ORIENTED_EDGE ( 'NONE', *, *, #2248, .F. ) ;
#1966 = VERTEX_POINT ( 'NONE', #706 ) ;
#1967 = CARTESIAN_POINT ( 'NONE',  ( 0.000000000000000000, 0.000000000000000000, -26.10000000000000497 ) ) ;
#1968 = VECTOR ( 'NONE', #2678, 1000.000000000000000 ) ;
#1969 = CARTESIAN_POINT ( 'NONE',  ( 41.76000000000000512, -7.500000000000000000, -16.00000000000000000 ) ) ;
#1970 = CARTESIAN_POINT ( 'NONE',  ( 5.999999999999998224, -2.000000000000000000, -6.199999999999993960 ) ) ;
#1971 = CARTESIAN_POINT ( 'NONE',  ( 14.51999999999999602, -4.299999999999999822, -11.48931853363364297 ) ) ;
#1972 = EDGE_LOOP ( 'NONE', ( #1017, #627, #1904, #1844 ) ) ;
#1973 = AXIS2_PLACEMENT_3D ( 'NONE', #1694, #1478, #644 ) ;
#1974 = ORIENTED_EDGE ( 'NONE', *, *, #946, .F. ) ;
#1975 = CARTESIAN_POINT ( 'NONE',  ( 31.98000000000000043, -2.000000000000000000, -16.00000000000000355 ) ) ;
#1976 = CARTESIAN_POINT ( 'NONE',  ( 41.76000000000000512, -7.500000000000000000, -16.00000000000000000 ) ) ;
#1977 = CARTESIAN_POINT ( 'NONE',  ( 3.719999999999999307, -7.500000000000000000, -19.39999999999999858 ) ) ;
#1978 = ORIENTED_EDGE ( 'NONE', *, *, #1389, .F. ) ;
#1979 = EDGE_CURVE ( 'NONE', #2671, #1555, #2495, .T. ) ;
#1980 = ORIENTED_EDGE ( 'NONE', *, *, #1864, .T. ) ;
#1981 = ORIENTED_EDGE ( 'NONE', *, *, #2358, .T. ) ;
#1982 = AXIS2_PLACEMENT_3D ( 'NONE', #2291, #873, #657 ) ;
#1983 = ADVANCED_FACE ( 'NONE', ( #2053 ), #1823, .T. ) ;
#1984 = VECTOR ( 'NONE', #1085, 1000.000000000000000 ) ;
#1985 = LINE ( 'NONE', #2718, #1553 ) ;
#1986 = FACE_OUTER_BOUND ( 'NONE', #1972, .T. ) ;
#1987 = VERTEX_POINT ( 'NONE', #1161 ) ;
#1988 = VECTOR ( 'NONE', #1426, 1000.000000000000000 ) ;
#1989 = VECTOR ( 'NONE', #2673, 1000.000000000000000 ) ;
#1990 = CARTESIAN_POINT ( 'NONE',  ( 47.28000000000000114, 0.000000000000000000, -9.000000000000000000 ) ) ;
#1991 = CARTESIAN_POINT ( 'NONE',  ( 0.000000000000000000, 0.000000000000000000, -9.000000000000000000 ) ) ;
#1992 = CARTESIAN_POINT ( 'NONE',  ( 9.520000000000008455, -2.000000000000000000, -27.59999999999999787 ) ) ;
#1993 = ORIENTED_EDGE ( 'NONE', *, *, #932, .T. ) ;
#1994 = VECTOR ( 'NONE', #1049, 1000.000000000000000 ) ;
#1995 = ORIENTED_EDGE ( 'NONE', *, *, #2165, .T. ) ;
#1996 = VECTOR ( 'NONE', #1964, 1000.000000000000000 ) ;
#1997 = VECTOR ( 'NONE', #2803, 1000.000000000000000 ) ;
#1998 = CARTESIAN_POINT ( 'NONE',  ( 5.999999999999998224, 0.000000000000000000, -1.599999999999980771 ) ) ;
#1999 = VERTEX_POINT ( 'NONE', #32 ) ;
#2000 = VECTOR ( 'NONE', #2070, 1000.000000000000000 ) ;
#2001 = ORIENTED_EDGE ( 'NONE', *, *, #238, .T. ) ;
#2002 = ADVANCED_FACE ( 'NONE', ( #2508 ), #2275, .F. ) ;
#2003 = CARTESIAN_POINT ( 'NONE',  ( 35.17999999999999972, -7.500000000000000000, -18.19999999999999929 ) ) ;
#2004 = DIRECTION ( 'NONE',  ( 1.000000000000000000, -0.000000000000000000, -0.000000000000000000 ) ) ;
#2005 = DIRECTION ( 'NONE',  ( -0.000000000000000000, -1.000000000000000000, -0.000000000000000000 ) ) ;
#2006 = EDGE_LOOP ( 'NONE', ( #46, #2649, #612, #2157 ) ) ;
#2007 = EDGE_CURVE ( 'NONE', #1124, #73, #2067, .T. ) ;
#2008 = DIRECTION ( 'NONE',  ( 1.000000000000000000, 0.000000000000000000, -0.000000000000000000 ) ) ;
#2009 = FACE_OUTER_BOUND ( 'NONE', #2414, .T. ) ;
#2010 = LINE ( 'NONE', #851, #2364 ) ;
#2011 = ORIENTED_EDGE ( 'NONE', *, *, #2459, .T. ) ;
#2012 = VECTOR ( 'NONE', #1777, 1000.000000000000000 ) ;
#2013 = ORIENTED_EDGE ( 'NONE', *, *, #1804, .T. ) ;
#2014 = DIRECTION ( 'NONE',  ( 0.000000000000000000, 0.000000000000000000, -1.000000000000000000 ) ) ;
#2015 = CARTESIAN_POINT ( 'NONE',  ( 12.42000000000000703, -2.500000000000000000, -28.00000000000000000 ) ) ;
#2016 = ORIENTED_EDGE ( 'NONE', *, *, #215, .F. ) ;
#2017 = ORIENTED_EDGE ( 'NONE', *, *, #2730, .F. ) ;
#2018 = CIRCLE ( 'NONE', #242, 0.5000000000000004441 ) ;
#2019 = CARTESIAN_POINT ( 'NONE',  ( 9.519999999999997797, -7.500000000000000000, -16.00000000000000000 ) ) ;
#2020 = ADVANCED_FACE ( 'NONE', ( #888 ), #936, .T. ) ;
#2021 = LINE ( 'NONE', #2507, #447 ) ;
#2022 = DIRECTION ( 'NONE',  ( 1.165808787618822015E-17, 0.000000000000000000, 1.000000000000000000 ) ) ;
#2023 = ORIENTED_EDGE ( 'NONE', *, *, #310, .F. ) ;
#2024 = DIRECTION ( 'NONE',  ( -0.000000000000000000, -0.000000000000000000, -1.000000000000000000 ) ) ;
#2025 = DIRECTION ( 'NONE',  ( 0.000000000000000000, 0.000000000000000000, 1.000000000000000000 ) ) ;
#2026 = CARTESIAN_POINT ( 'NONE',  ( 26.59999999999999787, -4.299999999999999822, -13.40000000000000213 ) ) ;
#2027 = CARTESIAN_POINT ( 'NONE',  ( 6.819999999999998508, -11.79999999999999893, -9.099999999999997868 ) ) ;
#2028 = ORIENTED_EDGE ( 'NONE', *, *, #1737, .F. ) ;
#2029 = ORIENTED_EDGE ( 'NONE', *, *, #1228, .T. ) ;
#2030 = FACE_OUTER_BOUND ( 'NONE', #65, .T. ) ;
#2031 = ADVANCED_FACE ( 'NONE', ( #737 ), #1322, .T. ) ;
#2032 = CARTESIAN_POINT ( 'NONE',  ( 41.76000000000000512, -7.500000000000000000, -16.50000000000000000 ) ) ;
#2033 = EDGE_LOOP ( 'NONE', ( #1256, #2695, #701, #2122 ) ) ;
#2034 = ORIENTED_EDGE ( 'NONE', *, *, #1264, .T. ) ;
#2035 = DIRECTION ( 'NONE',  ( -1.000000000000000000, -0.000000000000000000, -0.000000000000000000 ) ) ;
#2036 = DIRECTION ( 'NONE',  ( 0.000000000000000000, 0.000000000000000000, 1.000000000000000000 ) ) ;
#2037 = ORIENTED_EDGE ( 'NONE', *, *, #2104, .T. ) ;
#2038 = DIRECTION ( 'NONE',  ( 0.000000000000000000, 0.000000000000000000, -1.000000000000000000 ) ) ;
#2039 = EDGE_CURVE ( 'NONE', #1915, #14, #1101, .T. ) ;
#2040 = LINE ( 'NONE', #1791, #2890 ) ;
#2041 = DIRECTION ( 'NONE',  ( -0.000000000000000000, 0.7071067811865507924, 0.7071067811865441310 ) ) ;
#2042 = CARTESIAN_POINT ( 'NONE',  ( 9.520000000000006679, -1.500000000000008216, -29.69999999999999929 ) ) ;
#2043 = ORIENTED_EDGE ( 'NONE', *, *, #1533, .T. ) ;
#2044 = CARTESIAN_POINT ( 'NONE',  ( 0.000000000000000000, 0.000000000000000000, -28.20000000000000639 ) ) ;
#2045 = DIRECTION ( 'NONE',  ( -0.000000000000000000, -1.000000000000000000, -0.000000000000000000 ) ) ;
#2046 = VECTOR ( 'NONE', #1806, 1000.000000000000000 ) ;
#2047 = ORIENTED_EDGE ( 'NONE', *, *, #2462, .F. ) ;
#2048 = ORIENTED_EDGE ( 'NONE', *, *, #113, .F. ) ;
#2049 = ADVANCED_FACE ( 'NONE', ( #3 ), #1771, .T. ) ;
#2050 = AXIS2_PLACEMENT_3D ( 'NONE', #1674, #2117, #2089 ) ;
#2051 = VECTOR ( 'NONE', #2084, 1000.000000000000000 ) ;
#2052 = LINE ( 'NONE', #1582, #821 ) ;
#2053 = FACE_OUTER_BOUND ( 'NONE', #1546, .T. ) ;
#2054 = EDGE_LOOP ( 'NONE', ( #1666, #653, #2077, #1815 ) ) ;
#2055 = CARTESIAN_POINT ( 'NONE',  ( 31.52000000000000668, -2.000000000000000000, -28.00000000000000000 ) ) ;
#2056 = DIRECTION ( 'NONE',  ( 0.000000000000000000, 0.000000000000000000, 1.000000000000000000 ) ) ;
#2057 = VERTEX_POINT ( 'NONE', #753 ) ;
#2058 = CARTESIAN_POINT ( 'NONE',  ( 0.000000000000000000, -2.000000000000000000, 0.000000000000000000 ) ) ;
#2059 = CARTESIAN_POINT ( 'NONE',  ( 5.999999999999998224, -1.200000000000006395, -6.199999999999993960 ) ) ;
#2060 = LINE ( 'NONE', #944, #2629 ) ;
#2061 = ADVANCED_FACE ( 'NONE', ( #1174 ), #1391, .F. ) ;
#2062 = VERTEX_POINT ( 'NONE', #307 ) ;
#2063 = AXIS2_PLACEMENT_3D ( 'NONE', #604, #1723, #2885 ) ;
#2064 = EDGE_CURVE ( 'NONE', #2057, #2132, #78, .T. ) ;
#2065 = CARTESIAN_POINT ( 'NONE',  ( 6.819999999999999396, -7.500000000000000000, -14.49999999999999822 ) ) ;
#2066 = EDGE_CURVE ( 'NONE', #479, #991, #2081, .T. ) ;
#2067 = LINE ( 'NONE', #436, #1695 ) ;
#2068 = VERTEX_POINT ( 'NONE', #516 ) ;
#2069 = DIRECTION ( 'NONE',  ( -0.000000000000000000, 1.000000000000000000, 0.000000000000000000 ) ) ;
#2070 = DIRECTION ( 'NONE',  ( 1.606225440719265874E-16, 0.000000000000000000, -1.000000000000000000 ) ) ;
#2071 = LINE ( 'NONE', #68, #2012 ) ;
#2072 = ORIENTED_EDGE ( 'NONE', *, *, #230, .T. ) ;
#2073 = VERTEX_POINT ( 'NONE', #1857 ) ;
#2074 = FACE_OUTER_BOUND ( 'NONE', #941, .T. ) ;
#2075 = VECTOR ( 'NONE', #958, 1000.000000000000000 ) ;
#2076 = CARTESIAN_POINT ( 'NONE',  ( 0.7200000000000001954, 0.000000000000000000, -9.000000000000000000 ) ) ;
#2077 = ORIENTED_EDGE ( 'NONE', *, *, #2242, .T. ) ;
#2078 = ADVANCED_FACE ( 'NONE', ( #1630 ), #2099, .F. ) ;
#2079 = EDGE_LOOP ( 'NONE', ( #841, #2131, #1733, #1934 ) ) ;
#2080 = DIRECTION ( 'NONE',  ( 0.000000000000000000, -0.000000000000000000, 1.000000000000000000 ) ) ;
#2081 = LINE ( 'NONE', #1189, #1939 ) ;
#2082 = VERTEX_POINT ( 'NONE', #397 ) ;
#2083 = EDGE_CURVE ( 'NONE', #1966, #1703, #2631, .T. ) ;
#2084 = DIRECTION ( 'NONE',  ( 1.000000000000000000, -0.000000000000000000, -1.334402673828313241E-15 ) ) ;
#2085 = CARTESIAN_POINT ( 'NONE',  ( 0.7199999999999999734, -11.79999999999999893, -9.099999999999997868 ) ) ;
#2086 = CARTESIAN_POINT ( 'NONE',  ( 0.7200000000000006395, -11.79999999999999893, -14.49999999999999822 ) ) ;
#2087 = VERTEX_POINT ( 'NONE', #2865 ) ;
#2088 = LINE ( 'NONE', #772, #96 ) ;
#2089 = DIRECTION ( 'NONE',  ( 0.9635627530364371252, 0.000000000000000000, 0.2674823750471086448 ) ) ;
#2090 = CARTESIAN_POINT ( 'NONE',  ( 30.28000000000000114, -7.500000000000000000, -14.39999999999999503 ) ) ;
#2091 = VECTOR ( 'NONE', #515, 1000.000000000000000 ) ;
#2092 = ORIENTED_EDGE ( 'NONE', *, *, #303, .F. ) ;
#2093 = EDGE_CURVE ( 'NONE', #270, #1319, #1745, .T. ) ;
#2094 = ORIENTED_EDGE ( 'NONE', *, *, #1139, .F. ) ;
#2095 = CIRCLE ( 'NONE', #2707, 2.900000000000013678 ) ;
#2096 = VECTOR ( 'NONE', #621, 1000.000000000000000 ) ;
#2097 = CARTESIAN_POINT ( 'NONE',  ( 48.00000000000000000, -2.000000000000000000, -9.000000000000000000 ) ) ;
#2098 = LINE ( 'NONE', #1434, #683 ) ;
#2099 = CYLINDRICAL_SURFACE ( 'NONE', #2182, 0.5000000000000004441 ) ;
#2100 = VERTEX_POINT ( 'NONE', #663 ) ;
#2101 = LINE ( 'NONE', #295, #2378 ) ;
#2102 = DIRECTION ( 'NONE',  ( 1.000000000000000000, -0.000000000000000000, -0.000000000000000000 ) ) ;
#2103 = DIRECTION ( 'NONE',  ( 0.000000000000000000, 0.000000000000000000, -1.000000000000000000 ) ) ;
#2104 = EDGE_CURVE ( 'NONE', #2793, #1246, #826, .T. ) ;
#2105 = ORIENTED_EDGE ( 'NONE', *, *, #507, .F. ) ;
#2106 = DIRECTION ( 'NONE',  ( 0.000000000000000000, -1.000000000000000000, -0.000000000000000000 ) ) ;
#2107 = DIRECTION ( 'NONE',  ( -0.000000000000000000, 0.000000000000000000, -1.000000000000000000 ) ) ;
#2108 = VECTOR ( 'NONE', #315, 1000.000000000000114 ) ;
#2109 = EDGE_LOOP ( 'NONE', ( #331, #484, #2427, #1347 ) ) ;
#2110 = ORIENTED_EDGE ( 'NONE', *, *, #1735, .T. ) ;
#2111 = DIRECTION ( 'NONE',  ( 1.000000000000000000, 0.000000000000000000, 0.000000000000000000 ) ) ;
#2112 = EDGE_CURVE ( 'NONE', #2615, #1727, #2840, .T. ) ;
#2113 = CARTESIAN_POINT ( 'NONE',  ( 10.01999999999999780, -7.500000000000000000, -17.69999999999999929 ) ) ;
#2114 = DIRECTION ( 'NONE',  ( 1.204669080539449344E-16, 0.000000000000000000, -1.000000000000000000 ) ) ;
#2115 = AXIS2_PLACEMENT_3D ( 'NONE', #2602, #2590, #1688 ) ;
#2116 = PLANE ( 'NONE',  #1783 ) ;
#2117 = DIRECTION ( 'NONE',  ( -0.2674823750471086448, 0.000000000000000000, 0.9635627530364371252 ) ) ;
#2118 = CARTESIAN_POINT ( 'NONE',  ( 35.68000000000000682, -7.500000000000000000, -18.19999999999999929 ) ) ;
#2119 = ORIENTED_EDGE ( 'NONE', *, *, #749, .T. ) ;
#2120 = ADVANCED_FACE ( 'NONE', ( #1284 ), #2645, .T. ) ;
#2121 = VECTOR ( 'NONE', #245, 1000.000000000000000 ) ;
#2122 = ORIENTED_EDGE ( 'NONE', *, *, #1061, .F. ) ;
#2123 = ORIENTED_EDGE ( 'NONE', *, *, #434, .F. ) ;
#2124 = CARTESIAN_POINT ( 'NONE',  ( 3.719999999999999307, -2.000000000000000000, -19.39999999999999858 ) ) ;
#2125 = CARTESIAN_POINT ( 'NONE',  ( 12.42000000000000348, -1.000000000000000000, -21.00000000000000355 ) ) ;
#2126 = PLANE ( 'NONE',  #2886 ) ;
#2127 = CARTESIAN_POINT ( 'NONE',  ( 31.48000000000000043, -2.000000000000000000, -16.50000000000000355 ) ) ;
#2128 = EDGE_CURVE ( 'NONE', #830, #521, #151, .T. ) ;
#2129 = PLANE ( 'NONE',  #2050 ) ;
#2130 = CARTESIAN_POINT ( 'NONE',  ( 12.39999036921260434, -4.299999999999999822, -13.11561120950240245 ) ) ;
#2131 = ORIENTED_EDGE ( 'NONE', *, *, #2083, .T. ) ;
#2132 = VERTEX_POINT ( 'NONE', #2408 ) ;
#2133 = EDGE_CURVE ( 'NONE', #384, #1143, #2849, .T. ) ;
#2134 = ORIENTED_EDGE ( 'NONE', *, *, #215, .T. ) ;
#2135 = AXIS2_PLACEMENT_3D ( 'NONE', #443, #748, #1110 ) ;
#2136 = CARTESIAN_POINT ( 'NONE',  ( 5.999999999999998224, -2.000000000000000000, -2.799999999999995381 ) ) ;
#2137 = VECTOR ( 'NONE', #2158, 1000.000000000000000 ) ;
#2138 = CIRCLE ( 'NONE', #871, 0.5000000000000004441 ) ;
#2139 =( NAMED_UNIT ( * ) SI_UNIT ( $, .STERADIAN. ) SOLID_ANGLE_UNIT ( ) );
#2140 = DIRECTION ( 'NONE',  ( 0.000000000000000000, 0.000000000000000000, 1.000000000000000000 ) ) ;
#2141 = DIRECTION ( 'NONE',  ( 0.000000000000000000, 1.000000000000000000, 0.000000000000000000 ) ) ;
#2142 = VECTOR ( 'NONE', #2114, 1000.000000000000000 ) ;
#2143 = VERTEX_POINT ( 'NONE', #1991 ) ;
#2144 = VECTOR ( 'NONE', #2323, 1000.000000000000000 ) ;
#2145 = DIRECTION ( 'NONE',  ( 0.000000000000000000, 0.000000000000000000, -1.000000000000000000 ) ) ;
#2146 = DIRECTION ( 'NONE',  ( -0.000000000000000000, 1.000000000000000000, -0.000000000000000000 ) ) ;
#2147 = ORIENTED_EDGE ( 'NONE', *, *, #2210, .T. ) ;
#2148 = ORIENTED_EDGE ( 'NONE', *, *, #2867, .F. ) ;
#2149 = ORIENTED_EDGE ( 'NONE', *, *, #790, .F. ) ;
#2150 = VECTOR ( 'NONE', #2311, 1000.000000000000000 ) ;
#2151 = DIRECTION ( 'NONE',  ( -0.000000000000000000, -1.000000000000000000, -0.000000000000000000 ) ) ;
#2152 = AXIS2_PLACEMENT_3D ( 'NONE', #1058, #845, #1033 ) ;
#2153 = EDGE_CURVE ( 'NONE', #915, #2300, #2440, .T. ) ;
#2154 = DIRECTION ( 'NONE',  ( 1.000000000000000000, 0.000000000000000000, 0.000000000000000000 ) ) ;
#2155 = DIRECTION ( 'NONE',  ( 0.000000000000000000, 0.7071067811865431318, 0.7071067811865517916 ) ) ;
#2156 = DIRECTION ( 'NONE',  ( 0.000000000000000000, 0.000000000000000000, 1.000000000000000000 ) ) ;
#2157 = ORIENTED_EDGE ( 'NONE', *, *, #886, .F. ) ;
#2158 = DIRECTION ( 'NONE',  ( -0.000000000000000000, -0.000000000000000000, 1.000000000000000000 ) ) ;
#2159 = CARTESIAN_POINT ( 'NONE',  ( 9.519999999999997797, -7.500000000000000000, -16.50000000000000000 ) ) ;
#2160 = CYLINDRICAL_SURFACE ( 'NONE', #585, 0.9999999999999991118 ) ;
#2161 = ORIENTED_EDGE ( 'NONE', *, *, #2677, .F. ) ;
#2162 = VECTOR ( 'NONE', #1477, 1000.000000000000000 ) ;
#2163 = ORIENTED_EDGE ( 'NONE', *, *, #2802, .T. ) ;
#2164 = EDGE_LOOP ( 'NONE', ( #1824, #422, #2286, #1520 ) ) ;
#2165 = EDGE_CURVE ( 'NONE', #384, #1678, #1851, .T. ) ;
#2166 = CARTESIAN_POINT ( 'NONE',  ( 26.59999999999999787, -4.299999999999999822, -13.40000000000000213 ) ) ;
#2167 = UNCERTAINTY_MEASURE_WITH_UNIT (LENGTH_MEASURE( 1.000000000000000082E-05 ), #2815, 'distance_accuracy_value', 'NONE');
#2168 = CARTESIAN_POINT ( 'NONE',  ( 5.999999999999998224, 0.000000000000000000, -4.499999999999994671 ) ) ;
#2169 = CARTESIAN_POINT ( 'NONE',  ( 0.7200000000000006395, -7.500000000000000000, -14.49999999999999822 ) ) ;
#2170 = AXIS2_PLACEMENT_3D ( 'NONE', #618, #391, #819 ) ;
#2171 = EDGE_CURVE ( 'NONE', #1966, #1495, #919, .T. ) ;
#2172 = ORIENTED_EDGE ( 'NONE', *, *, #1258, .F. ) ;
#2173 = CARTESIAN_POINT ( 'NONE',  ( 9.520000000000006679, -2.500000000000000000, -28.00000000000000000 ) ) ;
#2174 = CARTESIAN_POINT ( 'NONE',  ( 31.48000000000000043, -7.500000000000000000, -16.00000000000000355 ) ) ;
#2175 = LINE ( 'NONE', #2880, #2593 ) ;
#2176 = CIRCLE ( 'NONE', #1505, 0.5000000000000004441 ) ;
#2177 = ORIENTED_EDGE ( 'NONE', *, *, #656, .T. ) ;
#2178 = VERTEX_POINT ( 'NONE', #166 ) ;
#2179 = ORIENTED_EDGE ( 'NONE', *, *, #2713, .F. ) ;
#2180 = EDGE_CURVE ( 'NONE', #2361, #2100, #2663, .T. ) ;
#2181 = FACE_OUTER_BOUND ( 'NONE', #1947, .T. ) ;
#2182 = AXIS2_PLACEMENT_3D ( 'NONE', #532, #1408, #2320 ) ;
#2183 = DIRECTION ( 'NONE',  ( 1.000000000000000000, 0.000000000000000000, 2.843808977011159309E-16 ) ) ;
#2184 = VECTOR ( 'NONE', #2441, 1000.000000000000000 ) ;
#2185 = ORIENTED_EDGE ( 'NONE', *, *, #611, .F. ) ;
#2186 = CIRCLE ( 'NONE', #921, 0.5000000000000004441 ) ;
#2187 = CARTESIAN_POINT ( 'NONE',  ( 38.56000000000000227, -2.000000000000000000, -16.00000000000000000 ) ) ;
#2188 = DIRECTION ( 'NONE',  ( -0.000000000000000000, -1.000000000000000000, -0.000000000000000000 ) ) ;
#2189 = EDGE_CURVE ( 'NONE', #1987, #140, #1960, .T. ) ;
#2190 = CARTESIAN_POINT ( 'NONE',  ( 12.13999999999999702, -6.299999999999999822, -12.15000000000000036 ) ) ;
#2191 = ORIENTED_EDGE ( 'NONE', *, *, #423, .F. ) ;
#2192 = AXIS2_PLACEMENT_3D ( 'NONE', #439, #1552, #1324 ) ;
#2193 = LINE ( 'NONE', #155, #2477 ) ;
#2194 = CARTESIAN_POINT ( 'NONE',  ( 12.42000000000000348, -1.000000000000000000, -21.00000000000000355 ) ) ;
#2195 = VERTEX_POINT ( 'NONE', #1254 ) ;
#2196 = VERTEX_POINT ( 'NONE', #1747 ) ;
#2197 = VECTOR ( 'NONE', #1897, 1000.000000000000000 ) ;
#2198 = VECTOR ( 'NONE', #2632, 1000.000000000000000 ) ;
#2199 = DIRECTION ( 'NONE',  ( 1.000000000000000000, 0.000000000000000000, -0.000000000000000000 ) ) ;
#2200 = DIRECTION ( 'NONE',  ( -1.000000000000000000, 0.000000000000000000, -0.000000000000000000 ) ) ;
#2201 = EDGE_CURVE ( 'NONE', #593, #2062, #2331, .T. ) ;
#2202 = VERTEX_POINT ( 'NONE', #426 ) ;
#2203 = LINE ( 'NONE', #633, #1335 ) ;
#2204 = CARTESIAN_POINT ( 'NONE',  ( 10.01999999999999780, -7.500000000000000000, -18.19999999999999929 ) ) ;
#2205 = FACE_OUTER_BOUND ( 'NONE', #1789, .T. ) ;
#2206 = ORIENTED_EDGE ( 'NONE', *, *, #573, .T. ) ;
#2207 = VECTOR ( 'NONE', #619, 1000.000000000000000 ) ;
#2208 = VERTEX_POINT ( 'NONE', #411 ) ;
#2209 = ORIENTED_EDGE ( 'NONE', *, *, #248, .T. ) ;
#2210 = EDGE_CURVE ( 'NONE', #570, #2615, #1050, .T. ) ;
#2211 = VECTOR ( 'NONE', #779, 1000.000000000000000 ) ;
#2212 = AXIS2_PLACEMENT_3D ( 'NONE', #2032, #1387, #71 ) ;
#2213 = PLANE ( 'NONE',  #2553 ) ;
#2214 = DIRECTION ( 'NONE',  ( 0.000000000000000000, 1.000000000000000000, 0.000000000000000000 ) ) ;
#2215 = VERTEX_POINT ( 'NONE', #1302 ) ;
#2216 = ORIENTED_EDGE ( 'NONE', *, *, #893, .T. ) ;
#2217 = CARTESIAN_POINT ( 'NONE',  ( 0.7199999999999991962, -7.500000000000000000, -14.49999999999999822 ) ) ;
#2218 = DIRECTION ( 'NONE',  ( 0.000000000000000000, 1.000000000000000000, 0.000000000000000000 ) ) ;
#2219 = CARTESIAN_POINT ( 'NONE',  ( 42.00000000000000000, -1.200000000000006395, -2.799999999999998934 ) ) ;
#2220 = ADVANCED_FACE ( 'NONE', ( #1944 ), #838, .F. ) ;
#2221 = ORIENTED_EDGE ( 'NONE', *, *, #1907, .F. ) ;
#2222 = CARTESIAN_POINT ( 'NONE',  ( 26.59999999999999787, -2.000000000000000000, -13.40000000000000213 ) ) ;
#2223 = ORIENTED_EDGE ( 'NONE', *, *, #725, .T. ) ;
#2224 = ORIENTED_EDGE ( 'NONE', *, *, #1931, .F. ) ;
#2225 = EDGE_CURVE ( 'NONE', #1689, #2902, #1075, .T. ) ;
#2226 = DIRECTION ( 'NONE',  ( 1.000000000000000000, 0.000000000000000000, 0.000000000000000000 ) ) ;
#2227 = LINE ( 'NONE', #2481, #35 ) ;
#2228 = VERTEX_POINT ( 'NONE', #1313 ) ;
#2229 = VECTOR ( 'NONE', #957, 1000.000000000000000 ) ;
#2230 = LINE ( 'NONE', #1382, #1424 ) ;
#2231 = LINE ( 'NONE', #2085, #2142 ) ;
#2232 = DIRECTION ( 'NONE',  ( 5.204170427930416550E-15, 0.000000000000000000, -1.000000000000000000 ) ) ;
#2233 = ORIENTED_EDGE ( 'NONE', *, *, #176, .T. ) ;
#2234 = CIRCLE ( 'NONE', #970, 1.699999999999999289 ) ;
#2235 = CIRCLE ( 'NONE', #1517, 0.5000000000000004441 ) ;
#2236 = ORIENTED_EDGE ( 'NONE', *, *, #2884, .F. ) ;
#2237 = VECTOR ( 'NONE', #185, 1000.000000000000000 ) ;
#2238 = DIRECTION ( 'NONE',  ( 1.000000000000000000, 0.000000000000000000, 0.000000000000000000 ) ) ;
#2239 = AXIS2_PLACEMENT_3D ( 'NONE', #1355, #2249, #253 ) ;
#2240 = CARTESIAN_POINT ( 'NONE',  ( 0.7200000000000001954, -2.000000000000000000, -9.000000000000000000 ) ) ;
#2241 = ORIENTED_EDGE ( 'NONE', *, *, #2871, .F. ) ;
#2242 = EDGE_CURVE ( 'NONE', #2836, #39, #550, .T. ) ;
#2243 = LINE ( 'NONE', #232, #1894 ) ;
#2244 = DIRECTION ( 'NONE',  ( -0.000000000000000000, -0.000000000000000000, -1.000000000000000000 ) ) ;
#2245 = CLOSED_SHELL ( 'NONE', ( #1457, #704, #1816, #1418, #1625, #1887, #870, #2668, #1371, #1242, #1949, #1348, #2506, #2825, #2479, #1475, #441, #2031, #2049, #2020, #1436, #342, #159, #2403, #130, #502, #1920, #388, #2391, #1466, #450, #86, #2288, #720, #2298, #2659, #698, #145, #853, #1668, #9, #1440, #567, #1762, #1472, #2516, #2220, #2061, #1840, #2277, #580, #466, #480, #2316, #828, #2002, #1580, #666, #780, #1565, #918, #1167, #1586, #2846, #2639, #1381, #992, #1821, #1682, #1983, #1104, #2078, #1603, #2258, #1653, #759, #2120, #210, #1336, #1962, #1, #1354, #2434, #184, #1540, #2813, #2351, #975, #2266 ) ) ;
#2246 = CARTESIAN_POINT ( 'NONE',  ( 0.000000000000000000, -7.500000000000000000, 0.000000000000000000 ) ) ;
#2247 = ORIENTED_EDGE ( 'NONE', *, *, #840, .F. ) ;
#2248 = EDGE_CURVE ( 'NONE', #329, #2195, #402, .T. ) ;
#2249 = DIRECTION ( 'NONE',  ( 0.000000000000000000, 1.000000000000000000, 0.000000000000000000 ) ) ;
#2250 = CARTESIAN_POINT ( 'NONE',  ( 34.67999999999999972, -2.000000000000000000, -16.00000000000000355 ) ) ;
#2251 = DIRECTION ( 'NONE',  ( -1.606225440719266367E-16, -0.000000000000000000, 1.000000000000000000 ) ) ;
#2252 = ORIENTED_EDGE ( 'NONE', *, *, #1401, .T. ) ;
#2253 = VECTOR ( 'NONE', #305, 1000.000000000000000 ) ;
#2254 = LINE ( 'NONE', #2741, #2229 ) ;
#2255 = LINE ( 'NONE', #2712, #890 ) ;
#2256 = ORIENTED_EDGE ( 'NONE', *, *, #656, .F. ) ;
#2257 = ORIENTED_EDGE ( 'NONE', *, *, #1845, .T. ) ;
#2258 = ADVANCED_FACE ( 'NONE', ( #226 ), #244, .T. ) ;
#2259 = CARTESIAN_POINT ( 'NONE',  ( 26.41999999999999815, -1.000000000000000000, -21.00000000000000355 ) ) ;
#2260 = PLANE ( 'NONE',  #1609 ) ;
#2261 = EDGE_LOOP ( 'NONE', ( #1142, #2317, #157, #632 ) ) ;
#2262 = FACE_OUTER_BOUND ( 'NONE', #2451, .T. ) ;
#2263 = CARTESIAN_POINT ( 'NONE',  ( 19.42000000000000171, -1.200000000000013278, -24.09999999999999787 ) ) ;
#2264 = LINE ( 'NONE', #695, #2429 ) ;
#2265 = CARTESIAN_POINT ( 'NONE',  ( 47.27999999999999403, -2.000000000000000000, -27.59999999999999787 ) ) ;
#2266 = ADVANCED_FACE ( 'NONE', ( #930 ), #2692, .F. ) ;
#2267 = ORIENTED_EDGE ( 'NONE', *, *, #303, .T. ) ;
#2268 = VECTOR ( 'NONE', #2226, 1000.000000000000000 ) ;
#2269 = CARTESIAN_POINT ( 'NONE',  ( 48.00000000000000000, -2.000000000000000000, -9.197916215502274019E-17 ) ) ;
#2270 = CARTESIAN_POINT ( 'NONE',  ( 23.64000000000000057, -6.299999999999999822, -10.40000000000000036 ) ) ;
#2271 = CIRCLE ( 'NONE', #389, 0.9999999999999991118 ) ;
#2272 = VERTEX_POINT ( 'NONE', #678 ) ;
#2273 = AXIS2_PLACEMENT_3D ( 'NONE', #798, #134, #2576 ) ;
#2274 = CARTESIAN_POINT ( 'NONE',  ( 44.07999999999999829, -2.000000000000000000, -18.19999999999999574 ) ) ;
#2275 = PLANE ( 'NONE',  #87 ) ;
#2276 = ORIENTED_EDGE ( 'NONE', *, *, #2696, .F. ) ;
#2277 = ADVANCED_FACE ( 'NONE', ( #2515 ), #286, .F. ) ;
#2278 = LINE ( 'NONE', #1136, #559 ) ;
#2279 = DIRECTION ( 'NONE',  ( -1.000000000000000000, 0.000000000000000000, -0.000000000000000000 ) ) ;
#2280 = ORIENTED_EDGE ( 'NONE', *, *, #1547, .T. ) ;
#2281 = VECTOR ( 'NONE', #1557, 1000.000000000000000 ) ;
#2282 = PLANE ( 'NONE',  #1906 ) ;
#2283 = DIRECTION ( 'NONE',  ( 1.000000000000000000, 0.000000000000000000, -0.000000000000000000 ) ) ;
#2284 = LINE ( 'NONE', #979, #430 ) ;
#2285 = VECTOR ( 'NONE', #1131, 1000.000000000000000 ) ;
#2286 = ORIENTED_EDGE ( 'NONE', *, *, #2358, .F. ) ;
#2287 = AXIS2_PLACEMENT_3D ( 'NONE', #635, #1961, #1761 ) ;
#2288 = ADVANCED_FACE ( 'NONE', ( #1168 ), #2726, .T. ) ;
#2289 = VECTOR ( 'NONE', #2439, 1000.000000000000000 ) ;
#2290 = AXIS2_PLACEMENT_3D ( 'NONE', #82, #2322, #2749 ) ;
#2291 = CARTESIAN_POINT ( 'NONE',  ( 44.07999999999999829, -7.500000000000000000, -18.19999999999999574 ) ) ;
#2292 = DIRECTION ( 'NONE',  ( -1.000000000000000000, 0.000000000000000000, -0.000000000000000000 ) ) ;
#2293 = VERTEX_POINT ( 'NONE', #716 ) ;
#2294 = DIRECTION ( 'NONE',  ( -0.000000000000000000, 1.000000000000000000, -0.000000000000000000 ) ) ;
#2295 = DIRECTION ( 'NONE',  ( 0.000000000000000000, 0.000000000000000000, -1.000000000000000000 ) ) ;
#2296 = FACE_OUTER_BOUND ( 'NONE', #1215, .T. ) ;
#2297 = ORIENTED_EDGE ( 'NONE', *, *, #233, .F. ) ;
#2298 = ADVANCED_FACE ( 'NONE', ( #2074 ), #1008, .F. ) ;
#2299 = CIRCLE ( 'NONE', #1203, 0.5000000000000004441 ) ;
#2300 = VERTEX_POINT ( 'NONE', #896 ) ;
#2301 = DIRECTION ( 'NONE',  ( 0.000000000000000000, 0.000000000000000000, 1.000000000000000000 ) ) ;
#2302 = DIRECTION ( 'NONE',  ( 0.000000000000000000, 1.000000000000000000, 0.000000000000000000 ) ) ;
#2303 = ORIENTED_EDGE ( 'NONE', *, *, #527, .T. ) ;
#2304 = EDGE_CURVE ( 'NONE', #866, #882, #1329, .T. ) ;
#2305 = LINE ( 'NONE', #1642, #84 ) ;
#2306 = DIRECTION ( 'NONE',  ( 0.000000000000000000, 0.000000000000000000, 1.000000000000000000 ) ) ;
#2307 = EDGE_LOOP ( 'NONE', ( #2810, #1830, #2823, #1698 ) ) ;
#2308 = CARTESIAN_POINT ( 'NONE',  ( 31.52000000000000668, -2.000000000000000000, -27.59999999999999787 ) ) ;
#2309 = DIRECTION ( 'NONE',  ( -1.000000000000000000, 0.000000000000000000, -0.000000000000000000 ) ) ;
#2310 = CARTESIAN_POINT ( 'NONE',  ( 0.7200000000000006395, -11.79999999999999893, -14.49999999999999822 ) ) ;
#2311 = DIRECTION ( 'NONE',  ( -1.000000000000000000, 0.000000000000000000, 0.000000000000000000 ) ) ;
#2312 = EDGE_CURVE ( 'NONE', #1902, #2881, #1359, .T. ) ;
#2313 = FACE_OUTER_BOUND ( 'NONE', #344, .T. ) ;
#2314 = FACE_OUTER_BOUND ( 'NONE', #2478, .T. ) ;
#2315 = ORIENTED_EDGE ( 'NONE', *, *, #125, .T. ) ;
#2316 = ADVANCED_FACE ( 'NONE', ( #2474 ), #1386, .F. ) ;
#2317 = ORIENTED_EDGE ( 'NONE', *, *, #2189, .F. ) ;
#2318 = EDGE_CURVE ( 'NONE', #959, #246, #2254, .T. ) ;
#2319 = LINE ( 'NONE', #2065, #912 ) ;
#2320 = DIRECTION ( 'NONE',  ( 0.000000000000000000, 0.000000000000000000, -1.000000000000000000 ) ) ;
#2321 = ORIENTED_EDGE ( 'NONE', *, *, #139, .T. ) ;
#2322 = DIRECTION ( 'NONE',  ( 0.000000000000000000, 0.000000000000000000, -1.000000000000000000 ) ) ;
#2323 = DIRECTION ( 'NONE',  ( 0.000000000000000000, 1.000000000000000000, 0.000000000000000000 ) ) ;
#2324 = DIRECTION ( 'NONE',  ( -1.000000000000000000, -0.000000000000000000, -0.000000000000000000 ) ) ;
#2325 = CARTESIAN_POINT ( 'NONE',  ( 35.68000000000000682, -2.000000000000000000, -18.19999999999999929 ) ) ;
#2326 = AXIS2_PLACEMENT_3D ( 'NONE', #2449, #1446, #1005 ) ;
#2327 = LINE ( 'NONE', #1181, #1709 ) ;
#2328 = CARTESIAN_POINT ( 'NONE',  ( 0.000000000000000000, -2.000000000000000000, 0.000000000000000000 ) ) ;
#2329 = CARTESIAN_POINT ( 'NONE',  ( 6.819999999999999396, -6.299999999999999822, -14.49999999999999822 ) ) ;
#2330 = ORIENTED_EDGE ( 'NONE', *, *, #1909, .T. ) ;
#2331 = CIRCLE ( 'NONE', #1375, 2.900000000000027445 ) ;
#2332 = ORIENTED_EDGE ( 'NONE', *, *, #2634, .F. ) ;
#2333 = EDGE_CURVE ( 'NONE', #47, #866, #699, .T. ) ;
#2334 = VECTOR ( 'NONE', #1885, 1000.000000000000000 ) ;
#2335 = CARTESIAN_POINT ( 'NONE',  ( 6.819999999999999396, -6.299999999999999822, -14.49999999999999822 ) ) ;
#2336 = LINE ( 'NONE', #333, #2211 ) ;
#2337 = AXIS2_PLACEMENT_3D ( 'NONE', #1739, #1462, #2154 ) ;
#2338 = CARTESIAN_POINT ( 'NONE',  ( 42.00000000000000000, -1.200000000000006395, -4.499999999999999112 ) ) ;
#2339 = CARTESIAN_POINT ( 'NONE',  ( 38.06000000000000227, -2.000000000000000000, -17.70000000000000284 ) ) ;
#2340 = CARTESIAN_POINT ( 'NONE',  ( 30.28000000000000114, -4.299999999999999822, -18.19999999999999574 ) ) ;
#2341 = EDGE_CURVE ( 'NONE', #73, #1620, #2490, .T. ) ;
#2342 = DIRECTION ( 'NONE',  ( 0.000000000000000000, 1.000000000000000000, 0.000000000000000000 ) ) ;
#2343 = LINE ( 'NONE', #1441, #1378 ) ;
#2344 = DIRECTION ( 'NONE',  ( 0.000000000000000000, 0.000000000000000000, -1.000000000000000000 ) ) ;
#2345 = CIRCLE ( 'NONE', #2152, 1.700000000000000178 ) ;
#2346 = EDGE_LOOP ( 'NONE', ( #2901, #1351, #360, #659 ) ) ;
#2347 = VECTOR ( 'NONE', #2705, 1000.000000000000000 ) ;
#2348 = ORIENTED_EDGE ( 'NONE', *, *, #2530, .F. ) ;
#2349 = ORIENTED_EDGE ( 'NONE', *, *, #2039, .T. ) ;
#2350 = VECTOR ( 'NONE', #1114, 1000.000000000000000 ) ;
#2351 = ADVANCED_FACE ( 'NONE', ( #2030 ), #43, .F. ) ;
#2352 = DIRECTION ( 'NONE',  ( 1.000000000000000000, 0.000000000000000000, 0.000000000000000000 ) ) ;
#2353 = LINE ( 'NONE', #2308, #1612 ) ;
#2354 = DIRECTION ( 'NONE',  ( 1.000000000000000000, 0.000000000000000000, -0.000000000000000000 ) ) ;
#2355 = LINE ( 'NONE', #974, #1210 ) ;
#2356 = VECTOR ( 'NONE', #2151, 1000.000000000000000 ) ;
#2357 = CARTESIAN_POINT ( 'NONE',  ( 0.000000000000000000, -2.000000000000000000, 0.000000000000000000 ) ) ;
#2358 = EDGE_CURVE ( 'NONE', #246, #384, #1848, .T. ) ;
#2359 = LINE ( 'NONE', #1012, #617 ) ;
#2360 = ORIENTED_EDGE ( 'NONE', *, *, #2650, .T. ) ;
#2361 = VERTEX_POINT ( 'NONE', #2059 ) ;
#2362 = VERTEX_POINT ( 'NONE', #943 ) ;
#2363 = AXIS2_PLACEMENT_3D ( 'NONE', #392, #2214, #1726 ) ;
#2364 = VECTOR ( 'NONE', #440, 1000.000000000000000 ) ;
#2365 = LINE ( 'NONE', #2787, #1373 ) ;
#2366 = FACE_OUTER_BOUND ( 'NONE', #460, .T. ) ;
#2367 = CARTESIAN_POINT ( 'NONE',  ( 5.999999999999998224, -2.000000000000000000, -4.499999999999994671 ) ) ;
#2368 = CARTESIAN_POINT ( 'NONE',  ( 47.27999999999999403, -1.500000000000008216, -27.59999999999999787 ) ) ;
#2369 = CARTESIAN_POINT ( 'NONE',  ( 6.819999999999999396, -7.500000000000000000, -14.49999999999999822 ) ) ;
#2370 = DIRECTION ( 'NONE',  ( -0.000000000000000000, 1.000000000000000000, 0.000000000000000000 ) ) ;
#2371 = ORIENTED_EDGE ( 'NONE', *, *, #2587, .F. ) ;
#2372 = VECTOR ( 'NONE', #2582, 1000.000000000000000 ) ;
#2373 = VERTEX_POINT ( 'NONE', #732 ) ;
#2374 = ORIENTED_EDGE ( 'NONE', *, *, #1596, .T. ) ;
#2375 = EDGE_CURVE ( 'NONE', #2594, #2592, #2549, .T. ) ;
#2376 = AXIS2_PLACEMENT_3D ( 'NONE', #64, #498, #949 ) ;
#2377 = DIRECTION ( 'NONE',  ( -0.000000000000000000, 1.000000000000000000, -0.000000000000000000 ) ) ;
#2378 = VECTOR ( 'NONE', #1896, 1000.000000000000000 ) ;
#2379 = LINE ( 'NONE', #2873, #2842 ) ;
#2380 = DIRECTION ( 'NONE',  ( -1.000000000000000000, -0.000000000000000000, -2.356961244533703645E-15 ) ) ;
#2381 = ORIENTED_EDGE ( 'NONE', *, *, #1031, .F. ) ;
#2382 = CARTESIAN_POINT ( 'NONE',  ( 12.42000000000000348, -2.000000000000000000, -16.00000000000000355 ) ) ;
#2383 = DIRECTION ( 'NONE',  ( 0.000000000000000000, 1.000000000000000000, 0.000000000000000000 ) ) ;
#2384 = FACE_OUTER_BOUND ( 'NONE', #2831, .T. ) ;
#2385 = EDGE_CURVE ( 'NONE', #2068, #2202, #989, .T. ) ;
#2386 = ORIENTED_EDGE ( 'NONE', *, *, #514, .T. ) ;
#2387 = AXIS2_PLACEMENT_3D ( 'NONE', #1847, #2502, #88 ) ;
#2388 = EDGE_LOOP ( 'NONE', ( #2223, #401 ) ) ;
#2389 = EDGE_LOOP ( 'NONE', ( #499, #1368, #2406, #2758 ) ) ;
#2390 = FACE_OUTER_BOUND ( 'NONE', #2006, .T. ) ;
#2391 = ADVANCED_FACE ( 'NONE', ( #2791 ), #786, .F. ) ;
#2392 = LINE ( 'NONE', #1265, #1289 ) ;
#2393 = CARTESIAN_POINT ( 'NONE',  ( 42.26000000000000512, -2.000000000000000000, -16.00000000000000000 ) ) ;
#2394 = VERTEX_POINT ( 'NONE', #1662 ) ;
#2395 = CARTESIAN_POINT ( 'NONE',  ( 10.51999999999999780, -2.000000000000000000, -17.69999999999999929 ) ) ;
#2396 = DIRECTION ( 'NONE',  ( -0.000000000000000000, -0.000000000000000000, 1.000000000000000000 ) ) ;
#2397 = DIRECTION ( 'NONE',  ( -3.942553354492742545E-16, 0.000000000000000000, 1.000000000000000000 ) ) ;
#2398 = ORIENTED_EDGE ( 'NONE', *, *, #48, .T. ) ;
#2399 = CARTESIAN_POINT ( 'NONE',  ( 9.519999999999997797, -7.500000000000000000, -16.00000000000000000 ) ) ;
#2400 = EDGE_LOOP ( 'NONE', ( #2047, #1743, #2851, #1690 ) ) ;
#2401 = ORIENTED_EDGE ( 'NONE', *, *, #1615, .F. ) ;
#2402 = VECTOR ( 'NONE', #1798, 1000.000000000000000 ) ;
#2403 = ADVANCED_FACE ( 'NONE', ( #2807 ), #978, .T. ) ;
#2404 = DIRECTION ( 'NONE',  ( -0.000000000000000000, -1.000000000000000000, -0.000000000000000000 ) ) ;
#2405 = DIRECTION ( 'NONE',  ( 0.000000000000000000, 0.000000000000000000, 1.000000000000000000 ) ) ;
#2406 = ORIENTED_EDGE ( 'NONE', *, *, #2153, .F. ) ;
#2407 = DIRECTION ( 'NONE',  ( 0.000000000000000000, 1.000000000000000000, 0.000000000000000000 ) ) ;
#2408 = CARTESIAN_POINT ( 'NONE',  ( 42.76000000000000512, -2.000000000000000000, -18.19999999999999574 ) ) ;
#2409 = CARTESIAN_POINT ( 'NONE',  ( 6.819999999999998508, -6.299999999999999822, -9.099999999999997868 ) ) ;
#2410 = ORIENTED_EDGE ( 'NONE', *, *, #1223, .T. ) ;
#2411 = ORIENTED_EDGE ( 'NONE', *, *, #291, .T. ) ;
#2412 = CARTESIAN_POINT ( 'NONE',  ( 31.52000000000000668, -2.500000000000000000, -28.00000000000000000 ) ) ;
#2413 = EDGE_LOOP ( 'NONE', ( #2421, #1057, #1627, #691 ) ) ;
#2414 = EDGE_LOOP ( 'NONE', ( #1941, #2257, #196, #620 ) ) ;
#2415 = EDGE_CURVE ( 'NONE', #2068, #2178, #1240, .T. ) ;
#2416 = CARTESIAN_POINT ( 'NONE',  ( 0.7199999999999999734, -11.79999999999999893, -9.099999999999997868 ) ) ;
#2417 = AXIS2_PLACEMENT_3D ( 'NONE', #742, #2309, #1617 ) ;
#2418 = CARTESIAN_POINT ( 'NONE',  ( 0.7199999999999984190, -2.000000000000000000, -19.39999999999999503 ) ) ;
#2419 = AXIS2_PLACEMENT_3D ( 'NONE', #2755, #26, #913 ) ;
#2420 = DIRECTION ( 'NONE',  ( 0.000000000000000000, 1.000000000000000000, 0.000000000000000000 ) ) ;
#2421 = ORIENTED_EDGE ( 'NONE', *, *, #199, .F. ) ;
#2422 = CIRCLE ( 'NONE', #641, 0.5000000000000004441 ) ;
#2423 = CARTESIAN_POINT ( 'NONE',  ( 31.52000000000000668, 0.000000000000000000, -26.10000000000000497 ) ) ;
#2424 = CARTESIAN_POINT ( 'NONE',  ( 23.19510536992945049, -4.299999999999999822, -45.39717229674613463 ) ) ;
#2425 = DIRECTION ( 'NONE',  ( 1.000000000000000000, 0.000000000000000000, -1.916232544896306831E-18 ) ) ;
#2426 = EDGE_CURVE ( 'NONE', #1327, #387, #773, .T. ) ;
#2427 = ORIENTED_EDGE ( 'NONE', *, *, #684, .T. ) ;
#2428 = ORIENTED_EDGE ( 'NONE', *, *, #2687, .F. ) ;
#2429 = VECTOR ( 'NONE', #1571, 1000.000000000000000 ) ;
#2430 = LINE ( 'NONE', #385, #976 ) ;
#2431 = ORIENTED_EDGE ( 'NONE', *, *, #1016, .T. ) ;
#2432 = ORIENTED_EDGE ( 'NONE', *, *, #1061, .T. ) ;
#2433 = FACE_OUTER_BOUND ( 'NONE', #1957, .T. ) ;
#2434 = ADVANCED_FACE ( 'NONE', ( #2313 ), #2129, .F. ) ;
#2435 = DIRECTION ( 'NONE',  ( -0.000000000000000000, -1.000000000000000000, -0.000000000000000000 ) ) ;
#2436 = DIRECTION ( 'NONE',  ( 1.000000000000000000, 0.000000000000000000, -1.334402673828313438E-15 ) ) ;
#2437 = EDGE_LOOP ( 'NONE', ( #855, #561, #399, #2280 ) ) ;
#2438 = ORIENTED_EDGE ( 'NONE', *, *, #1522, .F. ) ;
#2439 = DIRECTION ( 'NONE',  ( -1.000000000000000000, -0.000000000000000000, -0.000000000000000000 ) ) ;
#2440 = LINE ( 'NONE', #2174, #2653 ) ;
#2441 = DIRECTION ( 'NONE',  ( -0.000000000000000000, 1.000000000000000000, -0.000000000000000000 ) ) ;
#2442 = AXIS2_PLACEMENT_3D ( 'NONE', #2586, #1684, #2560 ) ;
#2443 = VERTEX_POINT ( 'NONE', #123 ) ;
#2444 = EDGE_LOOP ( 'NONE', ( #784, #2734, #2898, #2431 ) ) ;
#2445 = EDGE_CURVE ( 'NONE', #1987, #204, #351, .T. ) ;
#2446 = CARTESIAN_POINT ( 'NONE',  ( 10.01999999999999780, -2.000000000000000000, -16.00000000000000000 ) ) ;
#2447 = EDGE_LOOP ( 'NONE', ( #2877, #1751, #1247, #1443 ) ) ;
#2448 = ORIENTED_EDGE ( 'NONE', *, *, #2717, .F. ) ;
#2449 = CARTESIAN_POINT ( 'NONE',  ( 9.519999999999997797, -2.000000000000000000, -16.50000000000000000 ) ) ;
#2450 = CYLINDRICAL_SURFACE ( 'NONE', #1053, 1.700000000000000178 ) ;
#2451 = EDGE_LOOP ( 'NONE', ( #243, #969, #754, #1500, #260, #2374, #2660, #962 ) ) ;
#2452 = LINE ( 'NONE', #5, #175 ) ;
#2453 = PLANE ( 'NONE',  #2192 ) ;
#2454 = DIRECTION ( 'NONE',  ( 1.156482317317871133E-15, 0.000000000000000000, 1.000000000000000000 ) ) ;
#2455 = EDGE_CURVE ( 'NONE', #1677, #1915, #2235, .T. ) ;
#2456 = VERTEX_POINT ( 'NONE', #1876 ) ;
#2457 = DIRECTION ( 'NONE',  ( 0.000000000000000000, -1.000000000000000000, 0.000000000000000000 ) ) ;
#2458 = VERTEX_POINT ( 'NONE', #568 ) ;
#2459 = EDGE_CURVE ( 'NONE', #2196, #1926, #2343, .T. ) ;
#2460 = EDGE_LOOP ( 'NONE', ( #2037, #1502 ) ) ;
#2461 = CARTESIAN_POINT ( 'NONE',  ( 26.41999999999999815, -2.000000000000000000, -16.00000000000000355 ) ) ;
#2462 = EDGE_CURVE ( 'NONE', #204, #2739, #271, .T. ) ;
#2463 = AXIS2_PLACEMENT_3D ( 'NONE', #2698, #1566, #1349 ) ;
#2464 = CARTESIAN_POINT ( 'NONE',  ( 6.819999999999998508, -6.299999999999999822, -9.099999999999997868 ) ) ;
#2465 = DIRECTION ( 'NONE',  ( 0.000000000000000000, 0.000000000000000000, -1.000000000000000000 ) ) ;
#2466 = ORIENTED_EDGE ( 'NONE', *, *, #1722, .T. ) ;
#2467 = VECTOR ( 'NONE', #645, 1000.000000000000000 ) ;
#2468 = CARTESIAN_POINT ( 'NONE',  ( 30.98000000000000043, -2.000000000000000000, -17.69999999999999574 ) ) ;
#2469 = PLANE ( 'NONE',  #2521 ) ;
#2470 = CARTESIAN_POINT ( 'NONE',  ( 44.07999999999999829, -7.500000000000000000, -16.10000000000000142 ) ) ;
#2471 = ORIENTED_EDGE ( 'NONE', *, *, #1277, .F. ) ;
#2472 = ORIENTED_EDGE ( 'NONE', *, *, #2867, .T. ) ;
#2473 = EDGE_CURVE ( 'NONE', #47, #2547, #316, .T. ) ;
#2474 = FACE_OUTER_BOUND ( 'NONE', #187, .T. ) ;
#2475 = CARTESIAN_POINT ( 'NONE',  ( 12.42000000000000348, -1.000000000000000000, -21.00000000000000355 ) ) ;
#2476 = EDGE_LOOP ( 'NONE', ( #2554, #80, #719, #442 ) ) ;
#2477 = VECTOR ( 'NONE', #2324, 1000.000000000000000 ) ;
#2478 = EDGE_LOOP ( 'NONE', ( #572, #901, #844, #1112, #2714, #1526 ) ) ;
#2479 = ADVANCED_FACE ( 'NONE', ( #2768 ), #799, .F. ) ;
#2480 = FACE_OUTER_BOUND ( 'NONE', #1878, .T. ) ;
#2481 = CARTESIAN_POINT ( 'NONE',  ( 31.48000000000000043, -2.000000000000000000, -18.19999999999999929 ) ) ;
#2482 = ORIENTED_EDGE ( 'NONE', *, *, #1134, .F. ) ;
#2483 = CARTESIAN_POINT ( 'NONE',  ( 11.39999999999999680, -4.299999999999999822, -13.12000000000000099 ) ) ;
#2484 = DIRECTION ( 'NONE',  ( 0.000000000000000000, 1.000000000000000000, 0.000000000000000000 ) ) ;
#2485 = LINE ( 'NONE', #1121, #1704 ) ;
#2486 = CYLINDRICAL_SURFACE ( 'NONE', #1954, 0.5000000000000004441 ) ;
#2487 = VECTOR ( 'NONE', #2611, 1000.000000000000000 ) ;
#2488 = VERTEX_POINT ( 'NONE', #1637 ) ;
#2489 = AXIS2_PLACEMENT_3D ( 'NONE', #1083, #1133, #265 ) ;
#2490 = LINE ( 'NONE', #1125, #1749 ) ;
#2491 = DIRECTION ( 'NONE',  ( 0.000000000000000000, 1.000000000000000000, 0.000000000000000000 ) ) ;
#2492 = VERTEX_POINT ( 'NONE', #538 ) ;
#2493 = VECTOR ( 'NONE', #1372, 1000.000000000000000 ) ;
#2494 = CARTESIAN_POINT ( 'NONE',  ( 11.39999999999999680, -4.299999999999999822, -13.12000000000000099 ) ) ;
#2495 = LINE ( 'NONE', #251, #2285 ) ;
#2496 = ORIENTED_EDGE ( 'NONE', *, *, #818, .F. ) ;
#2497 = DIRECTION ( 'NONE',  ( 1.000000000000000000, 0.000000000000000000, 0.000000000000000000 ) ) ;
#2498 = FACE_OUTER_BOUND ( 'NONE', #2686, .T. ) ;
#2499 = LINE ( 'NONE', #939, #361 ) ;
#2500 = DIRECTION ( 'NONE',  ( -0.000000000000000000, 0.000000000000000000, 1.000000000000000000 ) ) ;
#2501 = ORIENTED_EDGE ( 'NONE', *, *, #843, .F. ) ;
#2502 = DIRECTION ( 'NONE',  ( -0.000000000000000000, 1.000000000000000000, 0.000000000000000000 ) ) ;
#2503 = CARTESIAN_POINT ( 'NONE',  ( 35.17999999999999972, -7.500000000000000000, -18.19999999999999929 ) ) ;
#2504 = LINE ( 'NONE', #1169, #2075 ) ;
#2505 = ORIENTED_EDGE ( 'NONE', *, *, #1051, .F. ) ;
#2506 = ADVANCED_FACE ( 'NONE', ( #2563, #1429, #2589 ), #1415, .T. ) ;
#2507 = CARTESIAN_POINT ( 'NONE',  ( 0.000000000000000000, 0.000000000000000000, 0.000000000000000000 ) ) ;
#2508 = FACE_OUTER_BOUND ( 'NONE', #2581, .T. ) ;
#2509 = ORIENTED_EDGE ( 'NONE', *, *, #406, .T. ) ;
#2510 = DIRECTION ( 'NONE',  ( 0.000000000000000000, 0.000000000000000000, -1.000000000000000000 ) ) ;
#2511 = DIRECTION ( 'NONE',  ( -0.000000000000000000, -1.000000000000000000, -0.000000000000000000 ) ) ;
#2512 = LINE ( 'NONE', #505, #2783 ) ;
#2513 = ORIENTED_EDGE ( 'NONE', *, *, #2566, .T. ) ;
#2514 = AXIS2_PLACEMENT_3D ( 'NONE', #257, #1592, #11 ) ;
#2515 = FACE_OUTER_BOUND ( 'NONE', #636, .T. ) ;
#2516 = ADVANCED_FACE ( 'NONE', ( #1913 ), #327, .F. ) ;
#2517 = CARTESIAN_POINT ( 'NONE',  ( 0.7199999999999999734, -7.500000000000000000, -9.099999999999997868 ) ) ;
#2518 =( GEOMETRIC_REPRESENTATION_CONTEXT ( 3 ) GLOBAL_UNCERTAINTY_ASSIGNED_CONTEXT ( ( #1447 ) ) GLOBAL_UNIT_ASSIGNED_CONTEXT ( ( #1551, #36, #1570 ) ) REPRESENTATION_CONTEXT ( 'NONE', 'WORKASPACE' ) );
#2519 = ORIENTED_EDGE ( 'NONE', *, *, #541, .T. ) ;
#2520 = AXIS2_PLACEMENT_3D ( 'NONE', #1945, #651, #2425 ) ;
#2521 = AXIS2_PLACEMENT_3D ( 'NONE', #268, #37, #254 ) ;
#2522 = LINE ( 'NONE', #574, #2091 ) ;
#2523 = CARTESIAN_POINT ( 'NONE',  ( 11.39999999999999680, -7.500000000000000000, -18.19999999999999929 ) ) ;
#2524 = ORIENTED_EDGE ( 'NONE', *, *, #946, .T. ) ;
#2525 = EDGE_CURVE ( 'NONE', #2592, #607, #2630, .T. ) ;
#2526 = LINE ( 'NONE', #781, #925 ) ;
#2527 = CARTESIAN_POINT ( 'NONE',  ( 48.00000000000000000, -2.000000000000000000, -9.000000000000000000 ) ) ;
#2528 = CARTESIAN_POINT ( 'NONE',  ( 6.319999999999998508, -2.000000000000000000, -16.50000000000000000 ) ) ;
#2529 = ORIENTED_EDGE ( 'NONE', *, *, #1836, .F. ) ;
#2530 = EDGE_CURVE ( 'NONE', #283, #1327, #180, .T. ) ;
#2531 = CARTESIAN_POINT ( 'NONE',  ( 38.56000000000000227, -7.500000000000000000, -16.50000000000000000 ) ) ;
#2532 = CARTESIAN_POINT ( 'NONE',  ( 30.28000000000000114, -7.500000000000000000, -18.19999999999999574 ) ) ;
#2533 = CIRCLE ( 'NONE', #52, 0.5000000000000004441 ) ;
#2534 = LINE ( 'NONE', #2076, #2121 ) ;
#2535 = ORIENTED_EDGE ( 'NONE', *, *, #2039, .F. ) ;
#2536 = EDGE_CURVE ( 'NONE', #236, #1620, #1728, .T. ) ;
#2537 = VECTOR ( 'NONE', #905, 1000.000000000000000 ) ;
#2538 = ORIENTED_EDGE ( 'NONE', *, *, #1213, .F. ) ;
#2539 = DIRECTION ( 'NONE',  ( -1.000000000000000000, -0.000000000000000000, -0.000000000000000000 ) ) ;
#2540 = LINE ( 'NONE', #1219, #2651 ) ;
#2541 = DIRECTION ( 'NONE',  ( -0.000000000000000000, 1.000000000000000000, 0.000000000000000000 ) ) ;
#2542 = ORIENTED_EDGE ( 'NONE', *, *, #2225, .F. ) ;
#2543 = VECTOR ( 'NONE', #1460, 1000.000000000000000 ) ;
#2544 = DIRECTION ( 'NONE',  ( 0.000000000000000000, 0.000000000000000000, 1.000000000000000000 ) ) ;
#2545 = CARTESIAN_POINT ( 'NONE',  ( 30.28000000000000114, -7.500000000000000000, -18.19999999999999574 ) ) ;
#2546 = DIRECTION ( 'NONE',  ( 0.000000000000000000, 1.000000000000000000, 0.000000000000000000 ) ) ;
#2547 = VERTEX_POINT ( 'NONE', #396 ) ;
#2548 = CARTESIAN_POINT ( 'NONE',  ( 19.42000000000000171, -1.200000000000013278, -24.09999999999999787 ) ) ;
#2549 = LINE ( 'NONE', #114, #503 ) ;
#2550 = CARTESIAN_POINT ( 'NONE',  ( 35.17999999999999972, -2.000000000000000000, -18.19999999999999929 ) ) ;
#2551 = EDGE_CURVE ( 'NONE', #1926, #93, #366, .T. ) ;
#2552 = ORIENTED_EDGE ( 'NONE', *, *, #840, .T. ) ;
#2553 = AXIS2_PLACEMENT_3D ( 'NONE', #201, #630, #1084 ) ;
#2554 = ORIENTED_EDGE ( 'NONE', *, *, #491, .F. ) ;
#2555 = DIRECTION ( 'NONE',  ( -1.000000000000000000, 0.000000000000000000, -0.000000000000000000 ) ) ;
#2556 = CARTESIAN_POINT ( 'NONE',  ( 47.28000000000000114, -4.299999999999999822, -14.49999999999999822 ) ) ;
#2557 = EDGE_CURVE ( 'NONE', #2739, #2208, #165, .T. ) ;
#2558 = DIRECTION ( 'NONE',  ( 0.000000000000000000, -1.000000000000000000, 0.000000000000000000 ) ) ;
#2559 = LINE ( 'NONE', #2527, #2197 ) ;
#2560 = DIRECTION ( 'NONE',  ( 0.000000000000000000, 0.000000000000000000, -1.000000000000000000 ) ) ;
#2561 = VECTOR ( 'NONE', #794, 1000.000000000000114 ) ;
#2562 = DIRECTION ( 'NONE',  ( 2.637924157734825076E-16, 0.7071067811865507924, 0.7071067811865441310 ) ) ;
#2563 = FACE_BOUND ( 'NONE', #10, .T. ) ;
#2564 = DIRECTION ( 'NONE',  ( -0.000000000000000000, -1.000000000000000000, -0.000000000000000000 ) ) ;
#2565 = ORIENTED_EDGE ( 'NONE', *, *, #755, .F. ) ;
#2566 = EDGE_CURVE ( 'NONE', #2868, #816, #2422, .T. ) ;
#2567 = VECTOR ( 'NONE', #2874, 1000.000000000000000 ) ;
#2568 = VERTEX_POINT ( 'NONE', #1063 ) ;
#2569 = ORIENTED_EDGE ( 'NONE', *, *, #2112, .T. ) ;
#2570 = CIRCLE ( 'NONE', #41, 0.5000000000000004441 ) ;
#2571 = FACE_OUTER_BOUND ( 'NONE', #1808, .T. ) ;
#2572 = PRODUCT_DEFINITION_FORMATION_WITH_SPECIFIED_SOURCE ( 'ANY', '', #1916, .NOT_KNOWN. ) ;
#2573 = EDGE_CURVE ( 'NONE', #164, #1915, #1943, .T. ) ;
#2574 = LINE ( 'NONE', #1394, #791 ) ;
#2575 = LINE ( 'NONE', #565, #685 ) ;
#2576 = DIRECTION ( 'NONE',  ( 0.000000000000000000, 0.000000000000000000, -1.000000000000000000 ) ) ;
#2577 = DIRECTION ( 'NONE',  ( -0.000000000000000000, -1.000000000000000000, -0.000000000000000000 ) ) ;
#2578 = LINE ( 'NONE', #2118, #1404 ) ;
#2579 = ORIENTED_EDGE ( 'NONE', *, *, #2623, .T. ) ;
#2580 = ORIENTED_EDGE ( 'NONE', *, *, #2375, .T. ) ;
#2581 = EDGE_LOOP ( 'NONE', ( #1862, #2349, #869, #2410 ) ) ;
#2582 = DIRECTION ( 'NONE',  ( -0.000000000000000000, -1.000000000000000000, 0.000000000000000000 ) ) ;
#2583 = EDGE_CURVE ( 'NONE', #993, #2272, #2644, .T. ) ;
#2584 = DIRECTION ( 'NONE',  ( -0.000000000000000000, -0.000000000000000000, -1.000000000000000000 ) ) ;
#2585 = LINE ( 'NONE', #1412, #967 ) ;
#2586 = CARTESIAN_POINT ( 'NONE',  ( 19.42000000000000171, -2.500000000000000000, -24.09999999999999787 ) ) ;
#2587 = EDGE_CURVE ( 'NONE', #1246, #2793, #1699, .T. ) ;
#2588 = VECTOR ( 'NONE', #375, 1000.000000000000000 ) ;
#2589 = FACE_OUTER_BOUND ( 'NONE', #294, .T. ) ;
#2590 = DIRECTION ( 'NONE',  ( -0.000000000000000000, -1.000000000000000000, -0.000000000000000000 ) ) ;
#2591 = EDGE_CURVE ( 'NONE', #929, #2694, #862, .T. ) ;
#2592 = VERTEX_POINT ( 'NONE', #150 ) ;
#2593 = VECTOR ( 'NONE', #1065, 1000.000000000000000 ) ;
#2594 = VERTEX_POINT ( 'NONE', #1990 ) ;
#2595 = VERTEX_POINT ( 'NONE', #837 ) ;
#2596 = LINE ( 'NONE', #1708, #293 ) ;
#2597 = EDGE_CURVE ( 'NONE', #1080, #1403, #1714, .T. ) ;
#2598 = LINE ( 'NONE', #1046, #639 ) ;
#2599 = DIRECTION ( 'NONE',  ( 0.000000000000000000, 1.000000000000000000, 0.000000000000000000 ) ) ;
#2600 = ORIENTED_EDGE ( 'NONE', *, *, #1196, .F. ) ;
#2601 = FILL_AREA_STYLE_COLOUR ( '', #1610 ) ;
#2602 = CARTESIAN_POINT ( 'NONE',  ( 41.76000000000000512, -2.000000000000000000, -16.50000000000000000 ) ) ;
#2603 = VERTEX_POINT ( 'NONE', #1074 ) ;
#2604 = EDGE_CURVE ( 'NONE', #365, #1001, #1527, .T. ) ;
#2605 = ORIENTED_EDGE ( 'NONE', *, *, #2242, .F. ) ;
#2606 = EDGE_LOOP ( 'NONE', ( #2105, #911, #224, #212 ) ) ;
#2607 = VECTOR ( 'NONE', #1370, 1000.000000000000000 ) ;
#2608 = DIRECTION ( 'NONE',  ( 0.000000000000000000, 0.000000000000000000, 1.000000000000000000 ) ) ;
#2609 = AXIS2_PLACEMENT_3D ( 'NONE', #846, #2199, #807 ) ;
#2610 = AXIS2_PLACEMENT_3D ( 'NONE', #2328, #2106, #1025 ) ;
#2611 = DIRECTION ( 'NONE',  ( -0.000000000000000000, -1.000000000000000000, -0.000000000000000000 ) ) ;
#2612 = LINE ( 'NONE', #1725, #598 ) ;
#2613 = CARTESIAN_POINT ( 'NONE',  ( 6.819999999999998508, -11.79999999999999893, -9.099999999999997868 ) ) ;
#2614 = EDGE_CURVE ( 'NONE', #2178, #1041, #1496, .T. ) ;
#2615 = VERTEX_POINT ( 'NONE', #1975 ) ;
#2616 = SURFACE_SIDE_STYLE ('',( #1700 ) ) ;
#2617 = DIRECTION ( 'NONE',  ( 0.000000000000000000, -1.000000000000000000, 0.000000000000000000 ) ) ;
#2618 = FACE_OUTER_BOUND ( 'NONE', #1392, .T. ) ;
#2619 = EDGE_CURVE ( 'NONE', #2293, #2143, #2203, .T. ) ;
#2620 = ORIENTED_EDGE ( 'NONE', *, *, #2201, .T. ) ;
#2621 = AXIS2_PLACEMENT_3D ( 'NONE', #2548, #2342, #987 ) ;
#2622 = VERTEX_POINT ( 'NONE', #1511 ) ;
#2623 = EDGE_CURVE ( 'NONE', #1175, #1562, #1038, .T. ) ;
#2624 = VERTEX_POINT ( 'NONE', #2217 ) ;
#2625 = DIRECTION ( 'NONE',  ( -0.000000000000000000, -1.000000000000000000, -0.000000000000000000 ) ) ;
#2626 = PLANE ( 'NONE',  #2609 ) ;
#2627 = CARTESIAN_POINT ( 'NONE',  ( 0.000000000000000000, -2.000000000000000000, -9.000000000000000000 ) ) ;
#2628 = ORIENTED_EDGE ( 'NONE', *, *, #1864, .F. ) ;
#2629 = VECTOR ( 'NONE', #1126, 1000.000000000000000 ) ;
#2630 = LINE ( 'NONE', #2423, #788 ) ;
#2631 = LINE ( 'NONE', #382, #1287 ) ;
#2632 = DIRECTION ( 'NONE',  ( 1.000000000000000000, -0.000000000000000000, -0.000000000000000000 ) ) ;
#2633 = EDGE_LOOP ( 'NONE', ( #763, #1323, #2172, #104 ) ) ;
#2634 = EDGE_CURVE ( 'NONE', #1620, #2595, #206, .T. ) ;
#2635 = LINE ( 'NONE', #1291, #1015 ) ;
#2636 = MANIFOLD_SOLID_BREP ( 'Cut-Extrude3', #2245 ) ;
#2637 = ORIENTED_EDGE ( 'NONE', *, *, #592, .T. ) ;
#2638 = ORIENTED_EDGE ( 'NONE', *, *, #2604, .F. ) ;
#2639 = ADVANCED_FACE ( 'NONE', ( #1105 ), #1928, .T. ) ;
#2640 = LINE ( 'NONE', #2844, #2889 ) ;
#2641 = CARTESIAN_POINT ( 'NONE',  ( 30.28000000000000114, -2.000000000000000000, -14.39999999999999503 ) ) ;
#2642 = ORIENTED_EDGE ( 'NONE', *, *, #2752, .F. ) ;
#2643 = VECTOR ( 'NONE', #1023, 1000.000000000000000 ) ;
#2644 = LINE ( 'NONE', #1253, #217 ) ;
#2645 = PLANE ( 'NONE',  #501 ) ;
#2646 = LINE ( 'NONE', #1285, #1763 ) ;
#2647 = EDGE_LOOP ( 'NONE', ( #1332, #2509, #831, #2321 ) ) ;
#2648 = ORIENTED_EDGE ( 'NONE', *, *, #2785, .F. ) ;
#2649 = ORIENTED_EDGE ( 'NONE', *, *, #2794, .F. ) ;
#2650 = EDGE_CURVE ( 'NONE', #2547, #882, #2040, .T. ) ;
#2651 = VECTOR ( 'NONE', #2745, 1000.000000000000000 ) ;
#2652 = CARTESIAN_POINT ( 'NONE',  ( 0.000000000000000000, -2.000000000000000000, -9.000000000000000000 ) ) ;
#2653 = VECTOR ( 'NONE', #2396, 1000.000000000000000 ) ;
#2654 = PRODUCT_CONTEXT ( 'NONE', #394, 'mechanical' ) ;
#2655 = FACE_OUTER_BOUND ( 'NONE', #2809, .T. ) ;
#2656 = AXIS2_PLACEMENT_3D ( 'NONE', #2864, #2848, #191 ) ;
#2657 = CARTESIAN_POINT ( 'NONE',  ( 35.17999999999999972, -7.500000000000000000, -17.69999999999999929 ) ) ;
#2658 = ORIENTED_EDGE ( 'NONE', *, *, #1286, .T. ) ;
#2659 = ADVANCED_FACE ( 'NONE', ( #2498 ), #2708, .F. ) ;
#2660 = ORIENTED_EDGE ( 'NONE', *, *, #1855, .F. ) ;
#2661 = VECTOR ( 'NONE', #1746, 1000.000000000000000 ) ;
#2662 = CARTESIAN_POINT ( 'NONE',  ( 26.59999999999999787, -7.500000000000000000, -13.40000000000000213 ) ) ;
#2663 = LINE ( 'NONE', #1929, #173 ) ;
#2664 = CARTESIAN_POINT ( 'NONE',  ( 47.28000000000000114, -6.299999999999999822, -10.40000000000000036 ) ) ;
#2665 = ORIENTED_EDGE ( 'NONE', *, *, #2777, .T. ) ;
#2666 = ORIENTED_EDGE ( 'NONE', *, *, #2153, .T. ) ;
#2667 = VERTEX_POINT ( 'NONE', #726 ) ;
#2668 = ADVANCED_FACE ( 'NONE', ( #20 ), #662, .F. ) ;
#2669 = PLANE ( 'NONE',  #1982 ) ;
#2670 = CARTESIAN_POINT ( 'NONE',  ( 12.42000000000000348, -2.500000000000000000, -21.00000000000000355 ) ) ;
#2671 = VERTEX_POINT ( 'NONE', #1149 ) ;
#2672 = CARTESIAN_POINT ( 'NONE',  ( 42.00000000000000000, 0.000000000000000000, -4.499999999999999112 ) ) ;
#2673 = DIRECTION ( 'NONE',  ( -0.000000000000000000, 1.000000000000000000, -0.000000000000000000 ) ) ;
#2674 = PLANE ( 'NONE',  #2520 ) ;
#2675 = AXIS2_PLACEMENT_3D ( 'NONE', #2891, #1281, #2405 ) ;
#2676 = ORIENTED_EDGE ( 'NONE', *, *, #897, .F. ) ;
#2677 = EDGE_CURVE ( 'NONE', #1703, #810, #1942, .T. ) ;
#2678 = DIRECTION ( 'NONE',  ( 1.000000000000000000, -0.000000000000000000, -0.000000000000000000 ) ) ;
#2679 = ORIENTED_EDGE ( 'NONE', *, *, #2763, .T. ) ;
#2680 = ORIENTED_EDGE ( 'NONE', *, *, #377, .T. ) ;
#2681 = DIRECTION ( 'NONE',  ( 1.000000000000000000, 0.000000000000000000, 0.000000000000000000 ) ) ;
#2682 = VECTOR ( 'NONE', #899, 1000.000000000000000 ) ;
#2683 = LINE ( 'NONE', #671, #1451 ) ;
#2684 = AXIS2_PLACEMENT_3D ( 'NONE', #124, #1430, #2344 ) ;
#2685 = CARTESIAN_POINT ( 'NONE',  ( 0.7200000000000001954, -2.000000000000000000, -9.000000000000000000 ) ) ;
#2686 = EDGE_LOOP ( 'NONE', ( #1476, #1307, #116, #23 ) ) ;
#2687 = EDGE_CURVE ( 'NONE', #2073, #2694, #2230, .T. ) ;
#2688 = DIRECTION ( 'NONE',  ( 2.081668171172166620E-14, 0.000000000000000000, -1.000000000000000000 ) ) ;
#2689 = CARTESIAN_POINT ( 'NONE',  ( 0.000000000000000000, 0.000000000000000000, 0.000000000000000000 ) ) ;
#2690 = FACE_OUTER_BOUND ( 'NONE', #1202, .T. ) ;
#2691 = ORIENTED_EDGE ( 'NONE', *, *, #1937, .F. ) ;
#2692 = PLANE ( 'NONE',  #1010 ) ;
#2693 = DIRECTION ( 'NONE',  ( 0.000000000000000000, 1.000000000000000000, 0.000000000000000000 ) ) ;
#2694 = VERTEX_POINT ( 'NONE', #926 ) ;
#2695 = ORIENTED_EDGE ( 'NONE', *, *, #1717, .T. ) ;
#2696 = EDGE_CURVE ( 'NONE', #387, #2087, #2452, .T. ) ;
#2697 = LINE ( 'NONE', #2019, #1068 ) ;
#2698 = CARTESIAN_POINT ( 'NONE',  ( 38.56000000000000227, -7.500000000000000000, -18.20000000000000284 ) ) ;
#2699 = CARTESIAN_POINT ( 'NONE',  ( 30.98000000000000043, -7.500000000000000000, -17.69999999999999574 ) ) ;
#2700 = ORIENTED_EDGE ( 'NONE', *, *, #1186, .T. ) ;
#2701 = DIRECTION ( 'NONE',  ( 0.000000000000000000, 0.000000000000000000, -1.000000000000000000 ) ) ;
#2702 = VECTOR ( 'NONE', #1701, 1000.000000000000000 ) ;
#2703 = DIRECTION ( 'NONE',  ( -0.000000000000000000, -1.000000000000000000, -0.000000000000000000 ) ) ;
#2704 = DIRECTION ( 'NONE',  ( -0.000000000000000000, -1.000000000000000000, -0.000000000000000000 ) ) ;
#2705 = DIRECTION ( 'NONE',  ( -0.000000000000000000, -0.000000000000000000, -1.000000000000000000 ) ) ;
#2706 = ORIENTED_EDGE ( 'NONE', *, *, #48, .F. ) ;
#2707 = AXIS2_PLACEMENT_3D ( 'NONE', #1683, #363, #2860 ) ;
#2708 = CONICAL_SURFACE ( 'NONE', #1098, 1.700000000000000178, 0.7853981633974543852 ) ;
#2709 = ORIENTED_EDGE ( 'NONE', *, *, #2834, .T. ) ;
#2710 = CARTESIAN_POINT ( 'NONE',  ( 12.42000000000000348, -1.000000000000000000, -16.00000000000000355 ) ) ;
#2711 = VECTOR ( 'NONE', #1882, 1000.000000000000000 ) ;
#2712 = CARTESIAN_POINT ( 'NONE',  ( 47.27999999999999403, -2.000000000000000000, -27.59999999999999787 ) ) ;
#2713 = EDGE_CURVE ( 'NONE', #1080, #647, #891, .T. ) ;
#2714 = ORIENTED_EDGE ( 'NONE', *, *, #998, .F. ) ;
#2715 = VECTOR ( 'NONE', #1150, 1000.000000000000000 ) ;
#2716 = ORIENTED_EDGE ( 'NONE', *, *, #1680, .F. ) ;
#2717 = EDGE_CURVE ( 'NONE', #842, #2057, #2186, .T. ) ;
#2718 = CARTESIAN_POINT ( 'NONE',  ( 12.42000000000000348, -2.500000000000000000, -21.00000000000000355 ) ) ;
#2719 = DIRECTION ( 'NONE',  ( 0.000000000000000000, -1.000000000000000000, 0.000000000000000000 ) ) ;
#2720 = ORIENTED_EDGE ( 'NONE', *, *, #1529, .F. ) ;
#2721 = LINE ( 'NONE', #710, #1243 ) ;
#2722 = LINE ( 'NONE', #727, #458 ) ;
#2723 = DIRECTION ( 'NONE',  ( -0.000000000000000000, -1.000000000000000000, -0.000000000000000000 ) ) ;
#2724 = ORIENTED_EDGE ( 'NONE', *, *, #1795, .F. ) ;
#2725 = CARTESIAN_POINT ( 'NONE',  ( 19.42000000000000171, -1.200000000000013278, -22.39999999999999503 ) ) ;
#2726 = PLANE ( 'NONE',  #867 ) ;
#2727 = CARTESIAN_POINT ( 'NONE',  ( 42.26000000000000512, -2.000000000000000000, -16.50000000000000000 ) ) ;
#2728 = VECTOR ( 'NONE', #1577, 1000.000000000000000 ) ;
#2729 = ORIENTED_EDGE ( 'NONE', *, *, #2426, .T. ) ;
#2730 = EDGE_CURVE ( 'NONE', #1170, #2786, #2570, .T. ) ;
#2731 = DIRECTION ( 'NONE',  ( -1.000000000000000000, 0.000000000000000000, 4.956352788505165240E-16 ) ) ;
#2732 = CARTESIAN_POINT ( 'NONE',  ( 0.7199999999999999734, -2.000000000000000000, -27.59999999999999787 ) ) ;
#2733 = AXIS2_PLACEMENT_3D ( 'NONE', #2517, #1865, #717 ) ;
#2734 = ORIENTED_EDGE ( 'NONE', *, *, #197, .F. ) ;
#2735 = EDGE_CURVE ( 'NONE', #1495, #810, #694, .T. ) ;
#2736 = DIRECTION ( 'NONE',  ( -0.000000000000000000, -1.000000000000000000, -0.000000000000000000 ) ) ;
#2737 = LINE ( 'NONE', #1776, #2715 ) ;
#2738 = DIRECTION ( 'NONE',  ( 0.000000000000000000, 0.000000000000000000, 1.000000000000000000 ) ) ;
#2739 = VERTEX_POINT ( 'NONE', #473 ) ;
#2740 = ORIENTED_EDGE ( 'NONE', *, *, #1070, .T. ) ;
#2741 = CARTESIAN_POINT ( 'NONE',  ( 47.28000000000000114, -4.299999999999999822, -10.40000000000000036 ) ) ;
#2742 = CARTESIAN_POINT ( 'NONE',  ( 35.17999999999999972, -2.000000000000000000, -16.50000000000000355 ) ) ;
#2743 = ORIENTED_EDGE ( 'NONE', *, *, #749, .F. ) ;
#2744 = EDGE_CURVE ( 'NONE', #2132, #1614, #405, .T. ) ;
#2745 = DIRECTION ( 'NONE',  ( 0.000000000000000000, 1.000000000000000000, 0.000000000000000000 ) ) ;
#2746 = DIRECTION ( 'NONE',  ( -0.000000000000000000, 0.000000000000000000, 1.000000000000000000 ) ) ;
#2747 = EDGE_CURVE ( 'NONE', #2373, #270, #239, .T. ) ;
#2748 = VECTOR ( 'NONE', #1035, 1000.000000000000000 ) ;
#2749 = DIRECTION ( 'NONE',  ( -1.000000000000000000, 0.000000000000000000, -0.000000000000000000 ) ) ;
#2750 = CARTESIAN_POINT ( 'NONE',  ( 35.17999999999999972, -7.500000000000000000, -16.00000000000000355 ) ) ;
#2751 = PLANE ( 'NONE',  #1159 ) ;
#2752 = EDGE_CURVE ( 'NONE', #866, #205, #2721, .T. ) ;
#2753 = ORIENTED_EDGE ( 'NONE', *, *, #966, .T. ) ;
#2754 = EDGE_LOOP ( 'NONE', ( #2716, #1184, #2811, #1484 ) ) ;
#2755 = CARTESIAN_POINT ( 'NONE',  ( 34.67999999999999972, -7.500000000000000000, -16.50000000000000355 ) ) ;
#2756 = DIRECTION ( 'NONE',  ( -0.000000000000000000, 1.000000000000000000, 0.000000000000000000 ) ) ;
#2757 = MECHANICAL_DESIGN_GEOMETRIC_PRESENTATION_REPRESENTATION (  '', ( #740 ), #2518 ) ;
#2758 = ORIENTED_EDGE ( 'NONE', *, *, #611, .T. ) ;
#2759 = ORIENTED_EDGE ( 'NONE', *, *, #289, .F. ) ;
#2760 = DIRECTION ( 'NONE',  ( 0.000000000000000000, 0.000000000000000000, 1.000000000000000000 ) ) ;
#2761 = CARTESIAN_POINT ( 'NONE',  ( 42.76000000000000512, -7.500000000000000000, -18.19999999999999574 ) ) ;
#2762 = ORIENTED_EDGE ( 'NONE', *, *, #142, .F. ) ;
#2763 = EDGE_CURVE ( 'NONE', #1319, #2603, #487, .T. ) ;
#2764 = CARTESIAN_POINT ( 'NONE',  ( 30.97999999999999687, -2.000000000000000000, -18.19999999999999574 ) ) ;
#2765 = DIRECTION ( 'NONE',  ( 0.000000000000000000, 1.000000000000000000, 0.000000000000000000 ) ) ;
#2766 = DIRECTION ( 'NONE',  ( -2.843808977011159309E-16, 0.000000000000000000, 1.000000000000000000 ) ) ;
#2767 = CARTESIAN_POINT ( 'NONE',  ( 12.42000000000000348, -1.000000000000000000, -16.00000000000000355 ) ) ;
#2768 = FACE_OUTER_BOUND ( 'NONE', #2633, .T. ) ;
#2769 = DIRECTION ( 'NONE',  ( -0.000000000000000000, 1.000000000000000000, 0.000000000000000000 ) ) ;
#2770 = ORIENTED_EDGE ( 'NONE', *, *, #1687, .T. ) ;
#2771 = VECTOR ( 'NONE', #1521, 1000.000000000000000 ) ;
#2772 = EDGE_CURVE ( 'NONE', #1706, #252, #984, .T. ) ;
#2773 = CARTESIAN_POINT ( 'NONE',  ( 26.41999999999999815, -1.000000000000000000, -21.00000000000000355 ) ) ;
#2774 = LINE ( 'NONE', #97, #1997 ) ;
#2775 = CARTESIAN_POINT ( 'NONE',  ( 26.59999999999999787, -7.500000000000000000, -14.40000000000000391 ) ) ;
#2776 = CARTESIAN_POINT ( 'NONE',  ( 41.76000000000000512, -2.000000000000000000, -16.00000000000000000 ) ) ;
#2777 = EDGE_CURVE ( 'NONE', #882, #100, #346, .T. ) ;
#2778 = CARTESIAN_POINT ( 'NONE',  ( 47.27999999999999403, -1.750000000000006439, -27.84999999999999787 ) ) ;
#2779 = DIRECTION ( 'NONE',  ( -3.730588120380230448E-16, -0.000000000000000000, -1.000000000000000000 ) ) ;
#2780 = DIRECTION ( 'NONE',  ( -0.000000000000000000, -0.000000000000000000, -1.000000000000000000 ) ) ;
#2781 = AXIS2_PLACEMENT_3D ( 'NONE', #569, #2792, #2107 ) ;
#2782 = ORIENTED_EDGE ( 'NONE', *, *, #601, .F. ) ;
#2783 = VECTOR ( 'NONE', #2723, 1000.000000000000000 ) ;
#2784 = EDGE_LOOP ( 'NONE', ( #1333, #571, #1300, #1191 ) ) ;
#2785 = EDGE_CURVE ( 'NONE', #1652, #1641, #2138, .T. ) ;
#2786 = VERTEX_POINT ( 'NONE', #2764 ) ;
#2787 = CARTESIAN_POINT ( 'NONE',  ( 42.26000000000000512, -2.000000000000000000, -18.19999999999999574 ) ) ;
#2788 = CARTESIAN_POINT ( 'NONE',  ( 42.26000000000000512, -7.500000000000000000, -16.50000000000000000 ) ) ;
#2789 = LINE ( 'NONE', #1178, #2144 ) ;
#2790 = PLANE ( 'NONE',  #988 ) ;
#2791 = FACE_OUTER_BOUND ( 'NONE', #1002, .T. ) ;
#2792 = DIRECTION ( 'NONE',  ( 1.000000000000000000, 0.000000000000000000, -0.000000000000000000 ) ) ;
#2793 = VERTEX_POINT ( 'NONE', #1177 ) ;
#2794 = EDGE_CURVE ( 'NONE', #816, #1778, #1220, .T. ) ;
#2795 = VECTOR ( 'NONE', #1059, 1000.000000000000000 ) ;
#2796 = VECTOR ( 'NONE', #367, 1000.000000000000000 ) ;
#2797 = EDGE_LOOP ( 'NONE', ( #386, #586, #2432, #2177 ) ) ;
#2798 = EDGE_LOOP ( 'NONE', ( #599, #2048 ) ) ;
#2799 = AXIS2_PLACEMENT_3D ( 'NONE', #2710, #493, #2283 ) ;
#2800 = PRODUCT_RELATED_PRODUCT_CATEGORY ( 'part', '', ( #1916 ) ) ;
#2801 = DIRECTION ( 'NONE',  ( 1.000000000000000000, 0.000000000000000000, -0.000000000000000000 ) ) ;
#2802 = EDGE_CURVE ( 'NONE', #2568, #1004, #2353, .T. ) ;
#2803 = DIRECTION ( 'NONE',  ( -0.000000000000000000, 1.000000000000000000, -0.000000000000000000 ) ) ;
#2804 = DIRECTION ( 'NONE',  ( -1.000000000000000000, 0.000000000000000000, -0.000000000000000000 ) ) ;
#2805 = CARTESIAN_POINT ( 'NONE',  ( 31.98000000000000043, -7.500000000000000000, -16.50000000000000355 ) ) ;
#2806 = EDGE_LOOP ( 'NONE', ( #910, #1473, #1419, #1563 ) ) ;
#2807 = FACE_OUTER_BOUND ( 'NONE', #1867, .T. ) ;
#2808 = DIRECTION ( 'NONE',  ( 1.000000000000000000, -0.000000000000000000, -0.000000000000000000 ) ) ;
#2809 = EDGE_LOOP ( 'NONE', ( #2605, #729, #288, #637 ) ) ;
#2810 = ORIENTED_EDGE ( 'NONE', *, *, #893, .F. ) ;
#2811 = ORIENTED_EDGE ( 'NONE', *, *, #2112, .F. ) ;
#2812 = VECTOR ( 'NONE', #1009, 1000.000000000000000 ) ;
#2813 = ADVANCED_FACE ( 'NONE', ( #2366 ), #1632, .F. ) ;
#2814 = CARTESIAN_POINT ( 'NONE',  ( 10.51999999999999780, -7.500000000000000000, -17.69999999999999929 ) ) ;
#2815 =( LENGTH_UNIT ( ) NAMED_UNIT ( * ) SI_UNIT ( .MILLI., .METRE. ) );
#2816 = CARTESIAN_POINT ( 'NONE',  ( 6.819999999999999396, -6.299999999999999822, -14.49999999999999822 ) ) ;
#2817 = LINE ( 'NONE', #566, #2828 ) ;
#2818 = EDGE_CURVE ( 'NONE', #2394, #47, #2101, .T. ) ;
#2819 = ORIENTED_EDGE ( 'NONE', *, *, #628, .T. ) ;
#2820 = DIRECTION ( 'NONE',  ( 0.000000000000000000, 0.000000000000000000, 1.000000000000000000 ) ) ;
#2821 = CARTESIAN_POINT ( 'NONE',  ( 30.97999999999999687, -7.500000000000000000, -18.19999999999999574 ) ) ;
#2822 = VERTEX_POINT ( 'NONE', #1411 ) ;
#2823 = ORIENTED_EDGE ( 'NONE', *, *, #291, .F. ) ;
#2824 = ORIENTED_EDGE ( 'NONE', *, *, #416, .T. ) ;
#2825 = ADVANCED_FACE ( 'NONE', ( #1233 ), #995, .F. ) ;
#2826 = CARTESIAN_POINT ( 'NONE',  ( 9.520000000000006679, -2.500000000000000000, -29.69999999999999929 ) ) ;
#2827 = EDGE_CURVE ( 'NONE', #1503, #1402, #2774, .T. ) ;
#2828 = VECTOR ( 'NONE', #2380, 1000.000000000000000 ) ;
#2829 = DIRECTION ( 'NONE',  ( 1.000000000000000000, -0.000000000000000000, -1.026463595252548358E-15 ) ) ;
#2830 = LINE ( 'NONE', #2641, #2748 ) ;
#2831 = EDGE_LOOP ( 'NONE', ( #1310, #148, #1721, #2676 ) ) ;
#2832 = DIRECTION ( 'NONE',  ( 1.000000000000000000, 0.000000000000000000, -0.000000000000000000 ) ) ;
#2833 = DIRECTION ( 'NONE',  ( -0.000000000000000000, -1.000000000000000000, -0.000000000000000000 ) ) ;
#2834 = EDGE_CURVE ( 'NONE', #2739, #1175, #796, .T. ) ;
#2835 = LINE ( 'NONE', #1471, #195 ) ;
#2836 = VERTEX_POINT ( 'NONE', #1449 ) ;
#2837 = VECTOR ( 'NONE', #1145, 1000.000000000000000 ) ;
#2838 = VERTEX_POINT ( 'NONE', #1871 ) ;
#2839 = VERTEX_POINT ( 'NONE', #2788 ) ;
#2840 = CIRCLE ( 'NONE', #1893, 0.5000000000000004441 ) ;
#2841 = DIRECTION ( 'NONE',  ( 0.000000000000000000, 0.000000000000000000, -1.000000000000000000 ) ) ;
#2842 = VECTOR ( 'NONE', #146, 1000.000000000000114 ) ;
#2843 = VECTOR ( 'NONE', #1155, 1000.000000000000000 ) ;
#2844 = CARTESIAN_POINT ( 'NONE',  ( 19.42000000000000171, -1.200000000000013278, -22.39999999999999503 ) ) ;
#2845 = LINE ( 'NONE', #1741, #1820 ) ;
#2846 = ADVANCED_FACE ( 'NONE', ( #335 ), #972, .F. ) ;
#2847 = ORIENTED_EDGE ( 'NONE', *, *, #2375, .F. ) ;
#2848 = DIRECTION ( 'NONE',  ( 0.000000000000000000, 1.000000000000000000, 0.000000000000000000 ) ) ;
#2849 = LINE ( 'NONE', #1039, #686 ) ;
#2850 = DIRECTION ( 'NONE',  ( 0.000000000000000000, 1.000000000000000000, 0.000000000000000000 ) ) ;
#2851 = ORIENTED_EDGE ( 'NONE', *, *, #1504, .F. ) ;
#2852 = ORIENTED_EDGE ( 'NONE', *, *, #961, .F. ) ;
#2853 = DIRECTION ( 'NONE',  ( -0.000000000000000000, -0.000000000000000000, 1.000000000000000000 ) ) ;
#2854 = ORIENTED_EDGE ( 'NONE', *, *, #2066, .T. ) ;
#2855 = ORIENTED_EDGE ( 'NONE', *, *, #1795, .T. ) ;
#2856 = EDGE_CURVE ( 'NONE', #2603, #816, #2526, .T. ) ;
#2857 = AXIS2_PLACEMENT_3D ( 'NONE', #55, #928, #8 ) ;
#2858 = FACE_OUTER_BOUND ( 'NONE', #261, .T. ) ;
#2859 = AXIS2_PLACEMENT_3D ( 'NONE', #2335, #107, #2555 ) ;
#2860 = DIRECTION ( 'NONE',  ( 0.000000000000000000, 0.000000000000000000, -1.000000000000000000 ) ) ;
#2861 = DIRECTION ( 'NONE',  ( 0.000000000000000000, 0.000000000000000000, 1.000000000000000000 ) ) ;
#2862 = CIRCLE ( 'NONE', #2115, 0.5000000000000004441 ) ;
#2863 = ORIENTED_EDGE ( 'NONE', *, *, #1186, .F. ) ;
#2864 = CARTESIAN_POINT ( 'NONE',  ( 42.00000000000000000, -2.000000000000000000, -4.499999999999999112 ) ) ;
#2865 = CARTESIAN_POINT ( 'NONE',  ( 26.41999999999999815, -2.000000000000000000, -21.00000000000000355 ) ) ;
#2866 = CARTESIAN_POINT ( 'NONE',  ( 47.28000000000000114, -7.500000000000000000, -16.10000000000000142 ) ) ;
#2867 = EDGE_CURVE ( 'NONE', #140, #2215, #546, .T. ) ;
#2868 = VERTEX_POINT ( 'NONE', #518 ) ;
#2869 = ORIENTED_EDGE ( 'NONE', *, *, #1423, .F. ) ;
#2870 = ORIENTED_EDGE ( 'NONE', *, *, #258, .F. ) ;
#2871 = EDGE_CURVE ( 'NONE', #1495, #1966, #2894, .T. ) ;
#2872 = VECTOR ( 'NONE', #623, 1000.000000000000000 ) ;
#2873 = CARTESIAN_POINT ( 'NONE',  ( 31.52000000000000668, 0.000000000000000000, -26.10000000000000497 ) ) ;
#2874 = DIRECTION ( 'NONE',  ( -0.000000000000000000, -1.000000000000000000, -0.000000000000000000 ) ) ;
#2875 = CIRCLE ( 'NONE', #203, 0.5000000000000004441 ) ;
#2876 = ORIENTED_EDGE ( 'NONE', *, *, #1297, .F. ) ;
#2877 = ORIENTED_EDGE ( 'NONE', *, *, #1123, .F. ) ;
#2878 = DIRECTION ( 'NONE',  ( -0.000000000000000000, 1.000000000000000000, -0.000000000000000000 ) ) ;
#2879 = CARTESIAN_POINT ( 'NONE',  ( 42.00000000000000000, -1.200000000000006395, -4.499999999999999112 ) ) ;
#2880 = CARTESIAN_POINT ( 'NONE',  ( 38.06000000000000227, -7.500000000000000000, -18.20000000000000284 ) ) ;
#2881 = VERTEX_POINT ( 'NONE', #575 ) ;
#2882 = ORIENTED_EDGE ( 'NONE', *, *, #2171, .T. ) ;
#2883 = ORIENTED_EDGE ( 'NONE', *, *, #2619, .T. ) ;
#2884 = EDGE_CURVE ( 'NONE', #1001, #1343, #741, .T. ) ;
#2885 = DIRECTION ( 'NONE',  ( -3.730588120380230448E-16, 0.000000000000000000, -1.000000000000000000 ) ) ;
#2886 = AXIS2_PLACEMENT_3D ( 'NONE', #121, #188, #590 ) ;
#2887 = VECTOR ( 'NONE', #903, 1000.000000000000000 ) ;
#2888 = DIRECTION ( 'NONE',  ( 4.956352788505165240E-16, 0.000000000000000000, 1.000000000000000000 ) ) ;
#2889 = VECTOR ( 'NONE', #2155, 1000.000000000000114 ) ;
#2890 = VECTOR ( 'NONE', #907, 1000.000000000000000 ) ;
#2891 = CARTESIAN_POINT ( 'NONE',  ( 5.999999999999998224, -2.000000000000000000, -4.499999999999994671 ) ) ;
#2892 = ORIENTED_EDGE ( 'NONE', *, *, #2462, .T. ) ;
#2893 = EDGE_CURVE ( 'NONE', #2667, #302, #2574, .T. ) ;
#2894 = CIRCLE ( 'NONE', #558, 1.699999999999999289 ) ;
#2895 = DIRECTION ( 'NONE',  ( -0.000000000000000000, -0.000000000000000000, -1.000000000000000000 ) ) ;
#2896 = DIRECTION ( 'NONE',  ( 0.000000000000000000, 0.000000000000000000, -1.000000000000000000 ) ) ;
#2897 = CARTESIAN_POINT ( 'NONE',  ( 6.819999999999999396, -7.500000000000000000, -14.49999999999999822 ) ) ;
#2898 = ORIENTED_EDGE ( 'NONE', *, *, #1635, .F. ) ;
#2899 = AXIS2_PLACEMENT_3D ( 'NONE', #1194, #133, #2354 ) ;
#2900 = LINE ( 'NONE', #362, #529 ) ;
#2901 = ORIENTED_EDGE ( 'NONE', *, *, #1673, .F. ) ;
#2902 = VERTEX_POINT ( 'NONE', #1969 ) ;
#2903 = DIRECTION ( 'NONE',  ( -0.000000000000000000, -1.000000000000000000, 0.000000000000000000 ) ) ;
ENDSEC;
END-ISO-10303-21;
