ISO-10303-21;
HEADER;
FILE_DESCRIPTION (( 'STEP AP214' ),
    '1' );
FILE_NAME ('battery_cap_1mm.STEP',
    '2026-04-15T15:13:46',
    ( '' ),
    ( '' ),
    'SwSTEP 2.0',
    'SolidWorks 2025',
    '' );
FILE_SCHEMA (( 'AUTOMOTIVE_DESIGN' ));
ENDSEC;

DATA;
#1 = ORIENTED_EDGE ( 'NONE', *, *, #1839, .T. ) ;
#2 = CARTESIAN_POINT ( 'NONE',  ( 31.48000000000000043, -7.500000000000000000, -17.69999999999999574 ) ) ;
#3 = EDGE_LOOP ( 'NONE', ( #2629, #2269, #2706, #1983 ) ) ;
#4 = CARTESIAN_POINT ( 'NONE',  ( 42.00000000000000000, -1.200000000000006395, -2.799999999999998934 ) ) ;
#5 = CARTESIAN_POINT ( 'NONE',  ( 30.98000000000000043, -7.500000000000000000, -17.69999999999999574 ) ) ;
#6 = LINE ( 'NONE', #1503, #1817 ) ;
#7 = ORIENTED_EDGE ( 'NONE', *, *, #1618, .F. ) ;
#8 = DIRECTION ( 'NONE',  ( -0.000000000000000000, -0.000000000000000000, 1.000000000000000000 ) ) ;
#9 = DIRECTION ( 'NONE',  ( 0.000000000000000000, 0.000000000000000000, 1.000000000000000000 ) ) ;
#10 = ADVANCED_FACE ( 'NONE', ( #1066 ), #2348, .F. ) ;
#11 = CARTESIAN_POINT ( 'NONE',  ( 38.06000000000000227, -7.500000000000000000, -17.70000000000000284 ) ) ;
#12 = EDGE_CURVE ( 'NONE', #2215, #1637, #2393, .T. ) ;
#13 = ORIENTED_EDGE ( 'NONE', *, *, #1588, .F. ) ;
#14 = ORIENTED_EDGE ( 'NONE', *, *, #1745, .F. ) ;
#15 = ADVANCED_FACE ( 'NONE', ( #1719 ), #2157, .F. ) ;
#16 = DIRECTION ( 'NONE',  ( -0.000000000000000000, -1.000000000000000000, -0.000000000000000000 ) ) ;
#17 = LINE ( 'NONE', #2005, #962 ) ;
#18 = DIRECTION ( 'NONE',  ( 0.000000000000000000, 1.000000000000000000, 0.000000000000000000 ) ) ;
#19 = ORIENTED_EDGE ( 'NONE', *, *, #2165, .T. ) ;
#20 = DIRECTION ( 'NONE',  ( 0.000000000000000000, 0.000000000000000000, 1.000000000000000000 ) ) ;
#21 = DIRECTION ( 'NONE',  ( 0.000000000000000000, -1.000000000000000000, -0.000000000000000000 ) ) ;
#22 = EDGE_CURVE ( 'NONE', #632, #574, #1701, .T. ) ;
#23 = CIRCLE ( 'NONE', #819, 0.5000000000000004441 ) ;
#24 = EDGE_CURVE ( 'NONE', #532, #2401, #407, .T. ) ;
#25 = AXIS2_PLACEMENT_3D ( 'NONE', #2161, #1056, #1088 ) ;
#26 = ORIENTED_EDGE ( 'NONE', *, *, #1089, .F. ) ;
#27 = ORIENTED_EDGE ( 'NONE', *, *, #864, .T. ) ;
#28 = AXIS2_PLACEMENT_3D ( 'NONE', #1327, #234, #1067 ) ;
#29 = AXIS2_PLACEMENT_3D ( 'NONE', #1866, #2271, #948 ) ;
#30 = DIRECTION ( 'NONE',  ( -0.9635627530364371252, -0.000000000000000000, -0.2674823750471086448 ) ) ;
#31 =( GEOMETRIC_REPRESENTATION_CONTEXT ( 3 ) GLOBAL_UNCERTAINTY_ASSIGNED_CONTEXT ( ( #681 ) ) GLOBAL_UNIT_ASSIGNED_CONTEXT ( ( #1646, #1172, #65 ) ) REPRESENTATION_CONTEXT ( 'NONE', 'WORKASPACE' ) );
#32 = VECTOR ( 'NONE', #741, 1000.000000000000000 ) ;
#33 = EDGE_CURVE ( 'NONE', #2148, #1028, #1253, .T. ) ;
#34 = CARTESIAN_POINT ( 'NONE',  ( 23.64000000000000057, -4.299999999999999822, -10.40000000000000036 ) ) ;
#35 = DIRECTION ( 'NONE',  ( 0.000000000000000000, 0.000000000000000000, -1.000000000000000000 ) ) ;
#36 = VERTEX_POINT ( 'NONE', #578 ) ;
#37 = DIRECTION ( 'NONE',  ( 0.000000000000000000, 0.000000000000000000, 1.000000000000000000 ) ) ;
#38 = CONICAL_SURFACE ( 'NONE', #229, 1.699999999999999289, 0.7853981633974516097 ) ;
#39 = DIRECTION ( 'NONE',  ( 4.956352788505164254E-16, 0.000000000000000000, 1.000000000000000000 ) ) ;
#40 = EDGE_CURVE ( 'NONE', #211, #840, #1468, .T. ) ;
#41 = VECTOR ( 'NONE', #1111, 1000.000000000000000 ) ;
#42 = DIRECTION ( 'NONE',  ( 0.000000000000000000, 0.000000000000000000, 1.000000000000000000 ) ) ;
#43 = EDGE_CURVE ( 'NONE', #1861, #1911, #1236, .T. ) ;
#44 = ORIENTED_EDGE ( 'NONE', *, *, #91, .F. ) ;
#45 = ORIENTED_EDGE ( 'NONE', *, *, #1075, .F. ) ;
#46 = CARTESIAN_POINT ( 'NONE',  ( 12.39999036921260434, -4.299999999999999822, -13.11561120950240245 ) ) ;
#47 = FACE_OUTER_BOUND ( 'NONE', #2012, .T. ) ;
#48 = CARTESIAN_POINT ( 'NONE',  ( 5.819999999999998508, -7.500000000000000000, -18.19999999999999929 ) ) ;
#49 = EDGE_LOOP ( 'NONE', ( #1198, #68, #2152, #1968 ) ) ;
#50 = CARTESIAN_POINT ( 'NONE',  ( 6.319999999999999396, -2.000000000000000000, -17.69999999999999929 ) ) ;
#51 = CARTESIAN_POINT ( 'NONE',  ( 0.7199999999999999734, -2.000000000000000000, -9.099999999999997868 ) ) ;
#52 = DIRECTION ( 'NONE',  ( 1.000000000000000000, 0.000000000000000000, -0.000000000000000000 ) ) ;
#53 = APPLICATION_PROTOCOL_DEFINITION ( 'draft international standard', 'automotive_design', 1998, #1455 ) ;
#54 = ORIENTED_EDGE ( 'NONE', *, *, #432, .F. ) ;
#55 = ORIENTED_EDGE ( 'NONE', *, *, #2816, .F. ) ;
#56 = CYLINDRICAL_SURFACE ( 'NONE', #1908, 0.5000000000000004441 ) ;
#57 = LINE ( 'NONE', #34, #724 ) ;
#58 = CARTESIAN_POINT ( 'NONE',  ( 19.42000000000000171, -1.200000000000013278, -25.79999999999999716 ) ) ;
#59 = VERTEX_POINT ( 'NONE', #2381 ) ;
#60 = ADVANCED_FACE ( 'NONE', ( #2621 ), #2602, .F. ) ;
#61 = CARTESIAN_POINT ( 'NONE',  ( 30.28000000000000114, -7.500000000000000000, -18.19999999999999574 ) ) ;
#62 = CARTESIAN_POINT ( 'NONE',  ( 9.520000000000008455, -2.000000000000000000, -27.59999999999999787 ) ) ;
#63 = CARTESIAN_POINT ( 'NONE',  ( 11.39999999999999680, -2.000000000000000000, -13.40000000000000213 ) ) ;
#64 = EDGE_CURVE ( 'NONE', #291, #1842, #609, .T. ) ;
#65 =( NAMED_UNIT ( * ) SI_UNIT ( $, .STERADIAN. ) SOLID_ANGLE_UNIT ( ) );
#66 = CARTESIAN_POINT ( 'NONE',  ( 19.42000000000000171, -2.000000000000000000, -24.09999999999999787 ) ) ;
#67 = ORIENTED_EDGE ( 'NONE', *, *, #2229, .T. ) ;
#68 = ORIENTED_EDGE ( 'NONE', *, *, #2068, .T. ) ;
#69 = AXIS2_PLACEMENT_3D ( 'NONE', #2240, #2499, #2275 ) ;
#70 = CARTESIAN_POINT ( 'NONE',  ( 11.39999999999999680, -4.299999999999999822, -13.12000000000000099 ) ) ;
#71 = CARTESIAN_POINT ( 'NONE',  ( 0.7200000000000001954, -2.000000000000000000, -9.000000000000000000 ) ) ;
#73 = AXIS2_PLACEMENT_3D ( 'NONE', #1140, #2486, #1809 ) ;
#72 = CARTESIAN_POINT ( 'NONE',  ( 31.98000000000000043, -7.500000000000000000, -16.50000000000000355 ) ) ;
#74 = ORIENTED_EDGE ( 'NONE', *, *, #2900, .F. ) ;
#75 = CARTESIAN_POINT ( 'NONE',  ( 10.51999999999999780, -7.500000000000000000, -18.19999999999999929 ) ) ;
#76 = VECTOR ( 'NONE', #1322, 1000.000000000000000 ) ;
#77 = AXIS2_PLACEMENT_3D ( 'NONE', #810, #1486, #106 ) ;
#78 = CARTESIAN_POINT ( 'NONE',  ( 42.76000000000000512, -2.000000000000000000, -17.69999999999999574 ) ) ;
#79 = EDGE_CURVE ( 'NONE', #374, #532, #2190, .T. ) ;
#80 = VECTOR ( 'NONE', #1012, 1000.000000000000000 ) ;
#81 = DIRECTION ( 'NONE',  ( 0.000000000000000000, 0.000000000000000000, 1.000000000000000000 ) ) ;
#82 = AXIS2_PLACEMENT_3D ( 'NONE', #2174, #1564, #1797 ) ;
#83 = CARTESIAN_POINT ( 'NONE',  ( 31.52000000000000668, -1.750000000000006439, -29.94999999999999574 ) ) ;
#84 = ORIENTED_EDGE ( 'NONE', *, *, #1456, .F. ) ;
#85 = ORIENTED_EDGE ( 'NONE', *, *, #91, .T. ) ;
#86 = CARTESIAN_POINT ( 'NONE',  ( 39.06000000000000227, -7.500000000000000000, -16.50000000000000000 ) ) ;
#87 = CARTESIAN_POINT ( 'NONE',  ( 6.319999999999998508, -7.500000000000000000, -16.00000000000000000 ) ) ;
#88 = FACE_OUTER_BOUND ( 'NONE', #137, .T. ) ;
#89 = ORIENTED_EDGE ( 'NONE', *, *, #2810, .F. ) ;
#90 = CARTESIAN_POINT ( 'NONE',  ( 0.000000000000000000, 0.000000000000000000, -9.000000000000000000 ) ) ;
#91 = EDGE_CURVE ( 'NONE', #634, #2208, #186, .T. ) ;
#92 = LINE ( 'NONE', #2347, #2513 ) ;
#93 = LINE ( 'NONE', #1617, #964 ) ;
#94 = EDGE_CURVE ( 'NONE', #818, #719, #828, .T. ) ;
#95 = DIRECTION ( 'NONE',  ( 0.000000000000000000, 0.000000000000000000, 1.000000000000000000 ) ) ;
#96 = DIRECTION ( 'NONE',  ( -0.000000000000000000, -0.000000000000000000, -1.000000000000000000 ) ) ;
#97 = DIRECTION ( 'NONE',  ( 0.000000000000000000, 0.000000000000000000, 1.000000000000000000 ) ) ;
#98 = EDGE_CURVE ( 'NONE', #1043, #2871, #784, .T. ) ;
#99 = EDGE_LOOP ( 'NONE', ( #2626, #1989, #2842, #2331, #352, #1139, #1820, #2182, #1307, #1985, #2627, #1042, #539, #798, #2765, #145, #2786, #67, #1464, #1834, #2050, #855 ) ) ;
#100 = ORIENTED_EDGE ( 'NONE', *, *, #1898, .T. ) ;
#101 = DIRECTION ( 'NONE',  ( 0.000000000000000000, 1.000000000000000000, 0.000000000000000000 ) ) ;
#102 = EDGE_LOOP ( 'NONE', ( #2324, #1980, #1873, #617 ) ) ;
#103 = DIRECTION ( 'NONE',  ( -0.000000000000000000, 1.000000000000000000, -0.000000000000000000 ) ) ;
#104 = ORIENTED_EDGE ( 'NONE', *, *, #165, .T. ) ;
#105 = CARTESIAN_POINT ( 'NONE',  ( 47.28000000000000114, -2.000000000000000000, -9.000000000000000000 ) ) ;
#106 = DIRECTION ( 'NONE',  ( -1.000000000000000000, 0.000000000000000000, -0.000000000000000000 ) ) ;
#107 = CARTESIAN_POINT ( 'NONE',  ( 0.000000000000000000, 0.000000000000000000, -26.10000000000000497 ) ) ;
#108 = CARTESIAN_POINT ( 'NONE',  ( 42.26000000000000512, -2.000000000000000000, -16.50000000000000000 ) ) ;
#109 = CARTESIAN_POINT ( 'NONE',  ( 6.819999999999999396, -6.299999999999999822, -14.49999999999999822 ) ) ;
#110 = EDGE_CURVE ( 'NONE', #2495, #1728, #1286, .T. ) ;
#111 = ORIENTED_EDGE ( 'NONE', *, *, #2320, .T. ) ;
#112 = EDGE_LOOP ( 'NONE', ( #762, #2698, #2409, #936, #691, #2887, #1500, #188, #1246, #2713, #1535, #2863, #74 ) ) ;
#113 = AXIS2_PLACEMENT_3D ( 'NONE', #87, #2717, #956 ) ;
#114 = DIRECTION ( 'NONE',  ( -1.000000000000000000, 0.000000000000000000, -0.000000000000000000 ) ) ;
#115 = ORIENTED_EDGE ( 'NONE', *, *, #815, .F. ) ;
#116 = DIRECTION ( 'NONE',  ( 1.000000000000000000, 0.000000000000000000, 0.000000000000000000 ) ) ;
#117 = ORIENTED_EDGE ( 'NONE', *, *, #110, .F. ) ;
#118 = CIRCLE ( 'NONE', #1756, 0.5000000000000004441 ) ;
#119 = LINE ( 'NONE', #1050, #2319 ) ;
#120 = AXIS2_PLACEMENT_3D ( 'NONE', #11, #882, #42 ) ;
#121 = DIRECTION ( 'NONE',  ( 0.000000000000000000, 1.000000000000000000, 0.000000000000000000 ) ) ;
#122 = CARTESIAN_POINT ( 'NONE',  ( 5.819999999999998508, -7.500000000000000000, -18.19999999999999929 ) ) ;
#123 = VECTOR ( 'NONE', #2597, 1000.000000000000000 ) ;
#124 = VECTOR ( 'NONE', #2552, 1000.000000000000000 ) ;
#125 = DIRECTION ( 'NONE',  ( 1.165808787618822015E-17, 0.000000000000000000, 1.000000000000000000 ) ) ;
#126 = AXIS2_PLACEMENT_3D ( 'NONE', #700, #2044, #39 ) ;
#127 = CARTESIAN_POINT ( 'NONE',  ( 38.56000000000000227, -7.500000000000000000, -17.70000000000000284 ) ) ;
#128 = AXIS2_PLACEMENT_3D ( 'NONE', #46, #477, #1792 ) ;
#129 = EDGE_CURVE ( 'NONE', #2263, #2387, #1096, .T. ) ;
#130 = ORIENTED_EDGE ( 'NONE', *, *, #250, .T. ) ;
#131 = CIRCLE ( 'NONE', #543, 1.699999999999999289 ) ;
#132 = ORIENTED_EDGE ( 'NONE', *, *, #1275, .T. ) ;
#133 = EDGE_CURVE ( 'NONE', #2341, #1364, #23, .T. ) ;
#134 = FACE_OUTER_BOUND ( 'NONE', #576, .T. ) ;
#135 = ORIENTED_EDGE ( 'NONE', *, *, #1260, .F. ) ;
#136 = FACE_OUTER_BOUND ( 'NONE', #932, .T. ) ;
#137 = EDGE_LOOP ( 'NONE', ( #514, #866, #2665, #913 ) ) ;
#138 = CARTESIAN_POINT ( 'NONE',  ( 42.26000000000000512, -7.500000000000000000, -16.00000000000000000 ) ) ;
#139 = DIRECTION ( 'NONE',  ( 0.000000000000000000, 1.000000000000000000, 0.000000000000000000 ) ) ;
#140 = LINE ( 'NONE', #2173, #1016 ) ;
#141 = CARTESIAN_POINT ( 'NONE',  ( 14.51999999999999602, -4.299999999999999822, -11.48931853363364297 ) ) ;
#142 = ADVANCED_FACE ( 'NONE', ( #1533 ), #243, .F. ) ;
#143 = PLANE ( 'NONE',  #358 ) ;
#144 = EDGE_LOOP ( 'NONE', ( #2722, #2802, #469, #680 ) ) ;
#145 = ORIENTED_EDGE ( 'NONE', *, *, #1555, .T. ) ;
#146 = DIRECTION ( 'NONE',  ( -0.000000000000000000, -1.000000000000000000, 0.000000000000000000 ) ) ;
#147 = ORIENTED_EDGE ( 'NONE', *, *, #209, .F. ) ;
#148 = PLANE ( 'NONE',  #2417 ) ;
#149 = ORIENTED_EDGE ( 'NONE', *, *, #1301, .T. ) ;
#150 = DIRECTION ( 'NONE',  ( 0.000000000000000000, 0.000000000000000000, 1.000000000000000000 ) ) ;
#151 = CARTESIAN_POINT ( 'NONE',  ( 5.999999999999998224, -1.200000000000006395, -6.199999999999993960 ) ) ;
#152 = ORIENTED_EDGE ( 'NONE', *, *, #2480, .T. ) ;
#153 = EDGE_CURVE ( 'NONE', #2891, #2089, #1149, .T. ) ;
#154 = DIRECTION ( 'NONE',  ( -0.000000000000000000, 1.000000000000000000, -0.000000000000000000 ) ) ;
#155 = DIRECTION ( 'NONE',  ( 0.000000000000000000, 0.000000000000000000, 1.000000000000000000 ) ) ;
#156 = FACE_OUTER_BOUND ( 'NONE', #1495, .T. ) ;
#157 = ADVANCED_FACE ( 'NONE', ( #1137 ), #1311, .F. ) ;
#158 = ORIENTED_EDGE ( 'NONE', *, *, #2195, .F. ) ;
#159 = ORIENTED_EDGE ( 'NONE', *, *, #2779, .F. ) ;
#160 = EDGE_CURVE ( 'NONE', #2215, #1708, #17, .T. ) ;
#161 = EDGE_LOOP ( 'NONE', ( #343, #2657, #2034, #2119, #2593, #461, #1982, #2656 ) ) ;
#162 = DIRECTION ( 'NONE',  ( -0.000000000000000000, 1.000000000000000000, -0.000000000000000000 ) ) ;
#163 = VERTEX_POINT ( 'NONE', #233 ) ;
#164 = LINE ( 'NONE', #1986, #832 ) ;
#165 = EDGE_CURVE ( 'NONE', #2385, #59, #1747, .T. ) ;
#166 = EDGE_LOOP ( 'NONE', ( #917, #2532, #906, #1950 ) ) ;
#167 = FACE_OUTER_BOUND ( 'NONE', #1009, .T. ) ;
#168 = VERTEX_POINT ( 'NONE', #904 ) ;
#169 = FACE_OUTER_BOUND ( 'NONE', #2256, .T. ) ;
#170 = CIRCLE ( 'NONE', #1807, 0.5000000000000004441 ) ;
#171 = LINE ( 'NONE', #219, #1542 ) ;
#172 = EDGE_CURVE ( 'NONE', #818, #168, #362, .T. ) ;
#173 = AXIS2_PLACEMENT_3D ( 'NONE', #1152, #2041, #2691 ) ;
#174 = CYLINDRICAL_SURFACE ( 'NONE', #2460, 0.5000000000000004441 ) ;
#175 = AXIS2_PLACEMENT_3D ( 'NONE', #2309, #1465, #1233 ) ;
#176 = VECTOR ( 'NONE', #2759, 1000.000000000000000 ) ;
#177 = ORIENTED_EDGE ( 'NONE', *, *, #2155, .F. ) ;
#178 = VECTOR ( 'NONE', #1572, 1000.000000000000000 ) ;
#179 = CIRCLE ( 'NONE', #555, 35.00000000000000711 ) ;
#180 = ORIENTED_EDGE ( 'NONE', *, *, #129, .F. ) ;
#181 = ORIENTED_EDGE ( 'NONE', *, *, #349, .F. ) ;
#182 = CARTESIAN_POINT ( 'NONE',  ( 5.999999999999998224, -2.000000000000000000, -4.499999999999994671 ) ) ;
#183 = ORIENTED_EDGE ( 'NONE', *, *, #2853, .T. ) ;
#184 = ADVANCED_FACE ( 'NONE', ( #427 ), #2878, .F. ) ;
#185 = CARTESIAN_POINT ( 'NONE',  ( 19.42000000000000171, -1.200000000000013278, -22.39999999999999503 ) ) ;
#186 = LINE ( 'NONE', #1266, #2223 ) ;
#187 = CARTESIAN_POINT ( 'NONE',  ( 6.819999999999999396, -7.500000000000000000, -14.49999999999999822 ) ) ;
#188 = ORIENTED_EDGE ( 'NONE', *, *, #472, .T. ) ;
#189 = CARTESIAN_POINT ( 'NONE',  ( 6.319999999999998508, -7.500000000000000000, -16.00000000000000000 ) ) ;
#190 = CARTESIAN_POINT ( 'NONE',  ( 9.520000000000008455, -1.500000000000008216, -27.59999999999999787 ) ) ;
#191 = EDGE_CURVE ( 'NONE', #745, #2306, #1802, .T. ) ;
#192 = LINE ( 'NONE', #1944, #540 ) ;
#193 = ORIENTED_EDGE ( 'NONE', *, *, #2697, .F. ) ;
#194 = ADVANCED_FACE ( 'NONE', ( #2443, #1805, #2026 ), #2233, .T. ) ;
#195 = VERTEX_POINT ( 'NONE', #1793 ) ;
#196 = VERTEX_POINT ( 'NONE', #2704 ) ;
#197 = LINE ( 'NONE', #1714, #688 ) ;
#198 = ORIENTED_EDGE ( 'NONE', *, *, #1159, .F. ) ;
#199 = CARTESIAN_POINT ( 'NONE',  ( 12.42000000000000703, -18.75247584249852650, -28.00000000000000355 ) ) ;
#200 = EDGE_CURVE ( 'NONE', #1305, #563, #439, .T. ) ;
#201 = CARTESIAN_POINT ( 'NONE',  ( 0.000000000000000000, -1.000000000000000000, 0.000000000000000000 ) ) ;
#202 = DIRECTION ( 'NONE',  ( 0.000000000000000000, 0.000000000000000000, 1.000000000000000000 ) ) ;
#203 = VERTEX_POINT ( 'NONE', #2482 ) ;
#204 = DIRECTION ( 'NONE',  ( -0.000000000000000000, 1.000000000000000000, -0.000000000000000000 ) ) ;
#205 = FACE_OUTER_BOUND ( 'NONE', #1484, .T. ) ;
#206 = DIRECTION ( 'NONE',  ( 0.000000000000000000, 1.000000000000000000, -0.000000000000000000 ) ) ;
#207 = EDGE_CURVE ( 'NONE', #1174, #1028, #666, .T. ) ;
#208 = ORIENTED_EDGE ( 'NONE', *, *, #2147, .F. ) ;
#209 = EDGE_CURVE ( 'NONE', #2345, #894, #1573, .T. ) ;
#210 = VERTEX_POINT ( 'NONE', #1337 ) ;
#211 = VERTEX_POINT ( 'NONE', #1126 ) ;
#212 = CARTESIAN_POINT ( 'NONE',  ( 42.00000000000000000, -2.000000000000000000, -4.499999999999999112 ) ) ;
#213 = ORIENTED_EDGE ( 'NONE', *, *, #380, .F. ) ;
#214 = LINE ( 'NONE', #636, #1070 ) ;
#215 = CARTESIAN_POINT ( 'NONE',  ( 44.07999999999999829, -7.500000000000000000, -16.29999999999999716 ) ) ;
#216 = CARTESIAN_POINT ( 'NONE',  ( 6.319999999999999396, -2.000000000000000000, -18.19999999999999929 ) ) ;
#217 = ORIENTED_EDGE ( 'NONE', *, *, #641, .F. ) ;
#218 = LINE ( 'NONE', #669, #1710 ) ;
#219 = CARTESIAN_POINT ( 'NONE',  ( 6.319999999999999396, -7.500000000000000000, -18.19999999999999929 ) ) ;
#220 = DIRECTION ( 'NONE',  ( 0.000000000000000000, 0.000000000000000000, -1.000000000000000000 ) ) ;
#221 = AXIS2_PLACEMENT_3D ( 'NONE', #1440, #2555, #510 ) ;
#222 = ADVANCED_FACE ( 'NONE', ( #2015 ), #478, .T. ) ;
#223 = VECTOR ( 'NONE', #1237, 1000.000000000000000 ) ;
#224 = VECTOR ( 'NONE', #1061, 1000.000000000000000 ) ;
#225 = EDGE_CURVE ( 'NONE', #1504, #2208, #2493, .T. ) ;
#226 = VECTOR ( 'NONE', #1688, 1000.000000000000000 ) ;
#227 = ORIENTED_EDGE ( 'NONE', *, *, #911, .T. ) ;
#229 = AXIS2_PLACEMENT_3D ( 'NONE', #2534, #101, #1245 ) ;
#228 = DIRECTION ( 'NONE',  ( 4.956352788505164254E-16, -0.000000000000000000, -1.000000000000000000 ) ) ;
#230 = EDGE_LOOP ( 'NONE', ( #2225, #1328, #1413, #177 ) ) ;
#231 = CIRCLE ( 'NONE', #1961, 0.5000000000000004441 ) ;
#232 = CARTESIAN_POINT ( 'NONE',  ( 34.67999999999999972, -2.000000000000000000, -16.50000000000000355 ) ) ;
#233 = CARTESIAN_POINT ( 'NONE',  ( 26.42000000000000526, -3.099999999999998757, -21.00000000000000355 ) ) ;
#234 = DIRECTION ( 'NONE',  ( 0.000000000000000000, -1.000000000000000000, 0.000000000000000000 ) ) ;
#235 = VERTEX_POINT ( 'NONE', #1653 ) ;
#236 = ADVANCED_FACE ( 'NONE', ( #1610 ), #2548, .T. ) ;
#237 = DIRECTION ( 'NONE',  ( 0.000000000000000000, 0.000000000000000000, 1.000000000000000000 ) ) ;
#238 = CARTESIAN_POINT ( 'NONE',  ( 26.59999999999999787, -7.500000000000000000, -14.40000000000000391 ) ) ;
#239 = CARTESIAN_POINT ( 'NONE',  ( 19.42000000000000171, -3.099999999999998757, -24.09999999999999787 ) ) ;
#240 = EDGE_LOOP ( 'NONE', ( #463, #572, #217, #2445, #1418 ) ) ;
#241 = EDGE_LOOP ( 'NONE', ( #55, #26, #1029, #279 ) ) ;
#242 = DIRECTION ( 'NONE',  ( 1.026463595252548358E-15, 0.000000000000000000, 1.000000000000000000 ) ) ;
#243 = CYLINDRICAL_SURFACE ( 'NONE', #2833, 35.00000000000000711 ) ;
#244 = DIRECTION ( 'NONE',  ( -0.000000000000000000, 1.000000000000000000, -0.000000000000000000 ) ) ;
#245 = VERTEX_POINT ( 'NONE', #2505 ) ;
#246 = DIRECTION ( 'NONE',  ( 1.000000000000000000, 0.000000000000000000, 2.843808977011159309E-16 ) ) ;
#247 = FACE_OUTER_BOUND ( 'NONE', #49, .T. ) ;
#248 = EDGE_CURVE ( 'NONE', #1306, #2106, #2075, .T. ) ;
#249 = DIRECTION ( 'NONE',  ( -1.000000000000000000, 0.000000000000000000, -0.000000000000000000 ) ) ;
#250 = EDGE_CURVE ( 'NONE', #1098, #1243, #2266, .T. ) ;
#251 = VERTEX_POINT ( 'NONE', #2284 ) ;
#252 = ORIENTED_EDGE ( 'NONE', *, *, #2576, .T. ) ;
#253 = CARTESIAN_POINT ( 'NONE',  ( 6.819999999999999396, -6.299999999999999822, -14.49999999999999822 ) ) ;
#254 = DIRECTION ( 'NONE',  ( 0.000000000000000000, 1.000000000000000000, 0.000000000000000000 ) ) ;
#255 = DIRECTION ( 'NONE',  ( 1.000000000000000000, 0.000000000000000000, -0.000000000000000000 ) ) ;
#256 = ORIENTED_EDGE ( 'NONE', *, *, #618, .T. ) ;
#257 = CARTESIAN_POINT ( 'NONE',  ( 48.00000000000000000, 0.000000000000000000, -9.000000000000000000 ) ) ;
#258 = EDGE_CURVE ( 'NONE', #1708, #1043, #118, .T. ) ;
#259 = DIRECTION ( 'NONE',  ( 0.000000000000000000, -1.000000000000000000, 0.000000000000000000 ) ) ;
#260 = CARTESIAN_POINT ( 'NONE',  ( 42.00000000000000000, -1.200000000000006395, -4.499999999999999112 ) ) ;
#261 = EDGE_CURVE ( 'NONE', #2280, #1791, #488, .T. ) ;
#262 = AXIS2_PLACEMENT_3D ( 'NONE', #1020, #1353, #2663 ) ;
#263 = AXIS2_PLACEMENT_3D ( 'NONE', #1473, #2436, #1522 ) ;
#264 = ORIENTED_EDGE ( 'NONE', *, *, #2783, .F. ) ;
#265 = ORIENTED_EDGE ( 'NONE', *, *, #2628, .T. ) ;
#266 = CIRCLE ( 'NONE', #417, 0.5000000000000004441 ) ;
#267 = VECTOR ( 'NONE', #2518, 1000.000000000000000 ) ;
#268 = CARTESIAN_POINT ( 'NONE',  ( 48.00000000000000000, -2.000000000000000000, -9.197916215502274019E-17 ) ) ;
#269 = AXIS2_PLACEMENT_3D ( 'NONE', #1196, #2751, #1007 ) ;
#270 = DIRECTION ( 'NONE',  ( 0.000000000000000000, 0.000000000000000000, 1.000000000000000000 ) ) ;
#271 = CARTESIAN_POINT ( 'NONE',  ( 6.819999999999998508, -6.299999999999999822, -9.099999999999997868 ) ) ;
#272 = ORIENTED_EDGE ( 'NONE', *, *, #2477, .F. ) ;
#273 = CARTESIAN_POINT ( 'NONE',  ( 31.52000000000000668, -2.000000000000000000, -29.69999999999999929 ) ) ;
#274 = LINE ( 'NONE', #1193, #1771 ) ;
#275 = VECTOR ( 'NONE', #1767, 1000.000000000000114 ) ;
#276 = FACE_OUTER_BOUND ( 'NONE', #703, .T. ) ;
#277 = DIRECTION ( 'NONE',  ( 1.000000000000000000, 0.000000000000000000, 4.956352788505164254E-16 ) ) ;
#278 = EDGE_CURVE ( 'NONE', #2848, #1612, #1822, .T. ) ;
#279 = ORIENTED_EDGE ( 'NONE', *, *, #79, .T. ) ;
#280 = VERTEX_POINT ( 'NONE', #1165 ) ;
#281 = CARTESIAN_POINT ( 'NONE',  ( 39.06000000000000227, -7.500000000000000000, -16.50000000000000000 ) ) ;
#282 = DIRECTION ( 'NONE',  ( -1.000000000000000000, -0.000000000000000000, -0.000000000000000000 ) ) ;
#283 = PLANE ( 'NONE',  #2239 ) ;
#284 = VERTEX_POINT ( 'NONE', #2052 ) ;
#285 = DIRECTION ( 'NONE',  ( 0.000000000000000000, 1.000000000000000000, 0.000000000000000000 ) ) ;
#286 = DIRECTION ( 'NONE',  ( 1.000000000000000000, -0.000000000000000000, -0.000000000000000000 ) ) ;
#287 = CARTESIAN_POINT ( 'NONE',  ( 9.520000000000010232, -3.932039878880764062E-15, -26.10000000000000853 ) ) ;
#288 = DIRECTION ( 'NONE',  ( -1.000000000000000000, 0.000000000000000000, 0.000000000000000000 ) ) ;
#289 = LINE ( 'NONE', #127, #267 ) ;
#290 = EDGE_CURVE ( 'NONE', #2293, #584, #2037, .T. ) ;
#291 = VERTEX_POINT ( 'NONE', #760 ) ;
#292 = ORIENTED_EDGE ( 'NONE', *, *, #2302, .T. ) ;
#293 = EDGE_CURVE ( 'NONE', #719, #2060, #57, .T. ) ;
#294 = ADVANCED_FACE ( 'NONE', ( #47 ), #934, .F. ) ;
#295 = LINE ( 'NONE', #2701, #834 ) ;
#296 = DIRECTION ( 'NONE',  ( -1.000000000000000000, -0.000000000000000000, -0.000000000000000000 ) ) ;
#297 = LINE ( 'NONE', #1375, #1200 ) ;
#298 = ORIENTED_EDGE ( 'NONE', *, *, #1943, .F. ) ;
#299 = CARTESIAN_POINT ( 'NONE',  ( 26.41999999999999815, -1.000000000000000000, -21.00000000000000355 ) ) ;
#300 = CARTESIAN_POINT ( 'NONE',  ( 48.00000000000000000, 0.000000000000000000, -9.197916215502274019E-17 ) ) ;
#301 = EDGE_CURVE ( 'NONE', #1364, #745, #706, .T. ) ;
#302 = DIRECTION ( 'NONE',  ( -0.000000000000000000, -0.000000000000000000, 1.000000000000000000 ) ) ;
#303 = DIRECTION ( 'NONE',  ( -0.000000000000000000, -0.000000000000000000, 1.000000000000000000 ) ) ;
#304 = CARTESIAN_POINT ( 'NONE',  ( 0.000000000000000000, -7.500000000000000000, 0.000000000000000000 ) ) ;
#305 = VERTEX_POINT ( 'NONE', #2535 ) ;
#306 = EDGE_LOOP ( 'NONE', ( #662, #2520, #1360, #181 ) ) ;
#307 = EDGE_CURVE ( 'NONE', #876, #211, #517, .T. ) ;
#308 = AXIS2_PLACEMENT_3D ( 'NONE', #961, #2577, #81 ) ;
#309 = DIRECTION ( 'NONE',  ( 0.000000000000000000, 1.000000000000000000, -0.000000000000000000 ) ) ;
#310 = DIRECTION ( 'NONE',  ( 1.000000000000000000, -0.000000000000000000, -1.916232544896306831E-18 ) ) ;
#312 = VECTOR ( 'NONE', #491, 1000.000000000000000 ) ;
#311 = DIRECTION ( 'NONE',  ( -0.000000000000000000, -0.000000000000000000, -1.000000000000000000 ) ) ;
#313 = VERTEX_POINT ( 'NONE', #2726 ) ;
#314 = EDGE_CURVE ( 'NONE', #1219, #163, #1629, .T. ) ;
#315 = CARTESIAN_POINT ( 'NONE',  ( 0.7199999999999999734, -2.000000000000000000, -27.59999999999999787 ) ) ;
#316 = CONICAL_SURFACE ( 'NONE', #2559, 1.699999999999999289, 0.7853981633974516097 ) ;
#317 = VECTOR ( 'NONE', #721, 1000.000000000000000 ) ;
#318 = DIRECTION ( 'NONE',  ( 1.000000000000000000, 0.000000000000000000, -0.000000000000000000 ) ) ;
#319 = EDGE_CURVE ( 'NONE', #632, #2280, #2093, .T. ) ;
#320 = DIRECTION ( 'NONE',  ( -3.730588120380230448E-16, -0.000000000000000000, -1.000000000000000000 ) ) ;
#321 = VECTOR ( 'NONE', #1538, 1000.000000000000000 ) ;
#322 = CARTESIAN_POINT ( 'NONE',  ( 31.98000000000000043, -2.000000000000000000, -16.00000000000000355 ) ) ;
#323 = CARTESIAN_POINT ( 'NONE',  ( 5.999999999999998224, -2.000000000000000000, -2.799999999999995381 ) ) ;
#324 = VERTEX_POINT ( 'NONE', #1876 ) ;
#325 = ORIENTED_EDGE ( 'NONE', *, *, #2729, .F. ) ;
#326 = FACE_OUTER_BOUND ( 'NONE', #1412, .T. ) ;
#327 = DIRECTION ( 'NONE',  ( -0.000000000000000000, -0.000000000000000000, 1.000000000000000000 ) ) ;
#328 = DIRECTION ( 'NONE',  ( -1.000000000000000000, 0.000000000000000000, -0.000000000000000000 ) ) ;
#329 = ORIENTED_EDGE ( 'NONE', *, *, #2712, .F. ) ;
#330 = CARTESIAN_POINT ( 'NONE',  ( 19.42000000000000171, -2.000000000000000000, -25.79999999999999716 ) ) ;
#331 = CARTESIAN_POINT ( 'NONE',  ( 11.39999999999999680, -7.500000000000000000, -18.19999999999999929 ) ) ;
#332 = EDGE_CURVE ( 'NONE', #912, #1359, #2296, .T. ) ;
#333 = DIRECTION ( 'NONE',  ( -0.000000000000000000, -0.000000000000000000, -1.000000000000000000 ) ) ;
#334 = FACE_OUTER_BOUND ( 'NONE', #1903, .T. ) ;
#335 = EDGE_CURVE ( 'NONE', #251, #850, #1188, .T. ) ;
#336 = DIRECTION ( 'NONE',  ( 0.000000000000000000, 1.000000000000000000, 0.000000000000000000 ) ) ;
#337 = VERTEX_POINT ( 'NONE', #1863 ) ;
#338 = ORIENTED_EDGE ( 'NONE', *, *, #2594, .T. ) ;
#339 = EDGE_CURVE ( 'NONE', #196, #2508, #2755, .T. ) ;
#340 = LINE ( 'NONE', #1684, #1815 ) ;
#341 = ORIENTED_EDGE ( 'NONE', *, *, #1740, .T. ) ;
#342 = CARTESIAN_POINT ( 'NONE',  ( 31.52000000000000668, -2.000000000000000000, -29.69999999999999929 ) ) ;
#343 = ORIENTED_EDGE ( 'NONE', *, *, #1845, .F. ) ;
#344 = CARTESIAN_POINT ( 'NONE',  ( 47.27999999999999403, -2.000000000000000000, -27.59999999999999787 ) ) ;
#345 = CARTESIAN_POINT ( 'NONE',  ( 10.01999999999999780, -2.000000000000000000, -17.69999999999999929 ) ) ;
#346 = CARTESIAN_POINT ( 'NONE',  ( 42.00000000000000000, -2.000000000000000000, -6.199999999999998401 ) ) ;
#347 = CARTESIAN_POINT ( 'NONE',  ( 48.00000000000000000, -2.000000000000000000, -9.000000000000000000 ) ) ;
#348 = CARTESIAN_POINT ( 'NONE',  ( 47.27999999999999403, -2.000000000000000000, -27.59999999999999787 ) ) ;
#349 = EDGE_CURVE ( 'NONE', #1758, #2873, #2176, .T. ) ;
#350 = DIRECTION ( 'NONE',  ( 0.000000000000000000, 1.000000000000000000, 0.000000000000000000 ) ) ;
#351 = VERTEX_POINT ( 'NONE', #863 ) ;
#352 = ORIENTED_EDGE ( 'NONE', *, *, #713, .T. ) ;
#353 = VECTOR ( 'NONE', #1402, 1000.000000000000000 ) ;
#354 = CARTESIAN_POINT ( 'NONE',  ( 9.520000000000006679, -3.100000000000000533, -28.00000000000000000 ) ) ;
#355 = ORIENTED_EDGE ( 'NONE', *, *, #33, .F. ) ;
#356 = CYLINDRICAL_SURFACE ( 'NONE', #2466, 0.5000000000000004441 ) ;
#357 = VERTEX_POINT ( 'NONE', #2652 ) ;
#358 = AXIS2_PLACEMENT_3D ( 'NONE', #2210, #1040, #1704 ) ;
#359 = LINE ( 'NONE', #1924, #2610 ) ;
#360 = VECTOR ( 'NONE', #1437, 1000.000000000000000 ) ;
#361 = EDGE_CURVE ( 'NONE', #1128, #563, #192, .T. ) ;
#362 = LINE ( 'NONE', #2254, #1422 ) ;
#363 = CARTESIAN_POINT ( 'NONE',  ( 39.06000000000000227, -2.000000000000000000, -16.00000000000000000 ) ) ;
#364 = VECTOR ( 'NONE', #1448, 1000.000000000000000 ) ;
#365 = AXIS2_PLACEMENT_3D ( 'NONE', #1615, #509, #1420 ) ;
#366 = CARTESIAN_POINT ( 'NONE',  ( 5.999999999999998224, -1.200000000000006395, -2.799999999999995381 ) ) ;
#367 = VECTOR ( 'NONE', #2582, 1000.000000000000000 ) ;
#368 = CARTESIAN_POINT ( 'NONE',  ( 31.98000000000000043, -2.000000000000000000, -16.00000000000000355 ) ) ;
#369 = AXIS2_PLACEMENT_3D ( 'NONE', #2427, #2392, #2014 ) ;
#370 = ORIENTED_EDGE ( 'NONE', *, *, #361, .T. ) ;
#371 = ORIENTED_EDGE ( 'NONE', *, *, #1508, .F. ) ;
#372 = CARTESIAN_POINT ( 'NONE',  ( 38.56000000000000227, -7.500000000000000000, -16.00000000000000000 ) ) ;
#373 = ADVANCED_FACE ( 'NONE', ( #1929 ), #581, .F. ) ;
#374 = VERTEX_POINT ( 'NONE', #802 ) ;
#375 = DIRECTION ( 'NONE',  ( 1.000000000000000000, 0.000000000000000000, 2.356961244533703645E-15 ) ) ;
#376 = ORIENTED_EDGE ( 'NONE', *, *, #851, .T. ) ;
#377 = CARTESIAN_POINT ( 'NONE',  ( 3.719999999999999307, -7.500000000000000000, -18.19999999999999574 ) ) ;
#378 = CARTESIAN_POINT ( 'NONE',  ( 47.28000000000000114, -2.000000000000000000, -9.000000000000000000 ) ) ;
#379 = PLANE ( 'NONE',  #827 ) ;
#380 = EDGE_CURVE ( 'NONE', #1161, #36, #2839, .T. ) ;
#381 = DIRECTION ( 'NONE',  ( 1.000000000000000000, 0.000000000000000000, 0.000000000000000000 ) ) ;
#382 = LINE ( 'NONE', #2638, #1339 ) ;
#383 = ORIENTED_EDGE ( 'NONE', *, *, #1879, .F. ) ;
#384 = VERTEX_POINT ( 'NONE', #629 ) ;
#385 = ADVANCED_FACE ( 'NONE', ( #1965 ), #1992, .F. ) ;
#386 = ORIENTED_EDGE ( 'NONE', *, *, #1367, .T. ) ;
#387 = DIRECTION ( 'NONE',  ( 1.000000000000000000, -0.000000000000000000, -1.156482317317871133E-15 ) ) ;
#388 = ORIENTED_EDGE ( 'NONE', *, *, #2858, .F. ) ;
#389 = EDGE_CURVE ( 'NONE', #2545, #1911, #875, .T. ) ;
#390 = FACE_OUTER_BOUND ( 'NONE', #1586, .T. ) ;
#391 = DIRECTION ( 'NONE',  ( -1.000000000000000000, 0.000000000000000000, -0.000000000000000000 ) ) ;
#392 = CARTESIAN_POINT ( 'NONE',  ( 9.519999999999997797, -7.500000000000000000, -16.50000000000000000 ) ) ;
#393 = ORIENTED_EDGE ( 'NONE', *, *, #1129, .F. ) ;
#394 = PRODUCT_DEFINITION_CONTEXT ( 'detailed design', #1455, 'design' ) ;
#395 = FACE_OUTER_BOUND ( 'NONE', #102, .T. ) ;
#396 = CYLINDRICAL_SURFACE ( 'NONE', #1584, 1.699999999999999289 ) ;
#397 = ADVANCED_FACE ( 'NONE', ( #2591 ), #2824, .T. ) ;
#398 = DIRECTION ( 'NONE',  ( -0.000000000000000000, -0.000000000000000000, -1.000000000000000000 ) ) ;
#399 = EDGE_CURVE ( 'NONE', #251, #632, #2367, .T. ) ;
#400 = ORIENTED_EDGE ( 'NONE', *, *, #349, .T. ) ;
#401 = ORIENTED_EDGE ( 'NONE', *, *, #1496, .F. ) ;
#402 = EDGE_CURVE ( 'NONE', #2699, #2592, #2870, .T. ) ;
#403 = LINE ( 'NONE', #1289, #224 ) ;
#404 = ORIENTED_EDGE ( 'NONE', *, *, #1325, .F. ) ;
#405 = CARTESIAN_POINT ( 'NONE',  ( 42.00000000000000000, -2.000000000000000000, -2.799999999999999378 ) ) ;
#406 = EDGE_CURVE ( 'NONE', #2401, #984, #614, .T. ) ;
#407 = LINE ( 'NONE', #624, #1945 ) ;
#408 = LINE ( 'NONE', #1550, #2180 ) ;
#409 = EDGE_LOOP ( 'NONE', ( #1010, #272, #152, #2567 ) ) ;
#410 = CARTESIAN_POINT ( 'NONE',  ( 23.64000000000000057, -4.299999999999999822, -10.40000000000000036 ) ) ;
#411 = AXIS2_PLACEMENT_3D ( 'NONE', #2476, #1827, #473 ) ;
#412 = CARTESIAN_POINT ( 'NONE',  ( 48.00000000000000000, 0.000000000000000000, -9.197916215502274019E-17 ) ) ;
#413 = ADVANCED_FACE ( 'NONE', ( #816 ), #143, .T. ) ;
#414 = VECTOR ( 'NONE', #1823, 1000.000000000000000 ) ;
#415 = VECTOR ( 'NONE', #2220, 1000.000000000000000 ) ;
#416 = CARTESIAN_POINT ( 'NONE',  ( 42.00000000000000000, 0.000000000000000000, -7.400000000000012790 ) ) ;
#417 = AXIS2_PLACEMENT_3D ( 'NONE', #2785, #531, #1698 ) ;
#418 = VECTOR ( 'NONE', #2896, 1000.000000000000000 ) ;
#419 = ORIENTED_EDGE ( 'NONE', *, *, #599, .T. ) ;
#420 = VECTOR ( 'NONE', #586, 1000.000000000000000 ) ;
#421 = VECTOR ( 'NONE', #1864, 1000.000000000000114 ) ;
#422 = EDGE_LOOP ( 'NONE', ( #1543, #1091, #1104, #1712 ) ) ;
#423 = ORIENTED_EDGE ( 'NONE', *, *, #1439, .T. ) ;
#424 = CARTESIAN_POINT ( 'NONE',  ( 44.07999999999999829, -7.500000000000000000, -16.10000000000000142 ) ) ;
#425 = ORIENTED_EDGE ( 'NONE', *, *, #2810, .T. ) ;
#426 = LINE ( 'NONE', #1548, #2614 ) ;
#427 = FACE_OUTER_BOUND ( 'NONE', #1682, .T. ) ;
#428 = CARTESIAN_POINT ( 'NONE',  ( 35.68000000000000682, -7.500000000000000000, -17.69999999999999929 ) ) ;
#429 = ORIENTED_EDGE ( 'NONE', *, *, #2697, .T. ) ;
#430 = DIRECTION ( 'NONE',  ( 0.000000000000000000, -1.000000000000000000, 0.000000000000000000 ) ) ;
#431 = CARTESIAN_POINT ( 'NONE',  ( 0.7199999999999984190, -7.500000000000000000, -19.39999999999999503 ) ) ;
#432 = EDGE_CURVE ( 'NONE', #2341, #2660, #382, .T. ) ;
#433 = ORIENTED_EDGE ( 'NONE', *, *, #673, .T. ) ;
#434 = ORIENTED_EDGE ( 'NONE', *, *, #1041, .F. ) ;
#435 = ORIENTED_EDGE ( 'NONE', *, *, #709, .F. ) ;
#436 = CARTESIAN_POINT ( 'NONE',  ( 47.28000000000000114, 0.000000000000000000, -9.000000000000000000 ) ) ;
#437 = ORIENTED_EDGE ( 'NONE', *, *, #2793, .F. ) ;
#438 = FACE_OUTER_BOUND ( 'NONE', #1461, .T. ) ;
#439 = LINE ( 'NONE', #696, #585 ) ;
#440 = FACE_OUTER_BOUND ( 'NONE', #306, .T. ) ;
#441 = ORIENTED_EDGE ( 'NONE', *, *, #1136, .T. ) ;
#442 = FILL_AREA_STYLE ('',( #2678 ) ) ;
#443 = PLANE ( 'NONE',  #2010 ) ;
#444 = PLANE ( 'NONE',  #2790 ) ;
#445 = ORIENTED_EDGE ( 'NONE', *, *, #2724, .T. ) ;
#446 = CARTESIAN_POINT ( 'NONE',  ( 0.000000000000000000, 0.000000000000000000, -26.10000000000000497 ) ) ;
#447 = VERTEX_POINT ( 'NONE', #2625 ) ;
#448 = DIRECTION ( 'NONE',  ( -1.000000000000000000, 0.000000000000000000, -0.000000000000000000 ) ) ;
#449 = CARTESIAN_POINT ( 'NONE',  ( 31.52000000000000668, -2.000000000000000000, -29.69999999999999929 ) ) ;
#450 = DIRECTION ( 'NONE',  ( 1.000000000000000000, -0.000000000000000000, -0.000000000000000000 ) ) ;
#451 = ORIENTED_EDGE ( 'NONE', *, *, #1967, .F. ) ;
#452 = LINE ( 'NONE', #1315, #1854 ) ;
#453 = CARTESIAN_POINT ( 'NONE',  ( 47.28000000000000114, -2.000000000000000000, -16.10000000000000142 ) ) ;
#454 = EDGE_CURVE ( 'NONE', #2416, #2452, #2384, .T. ) ;
#455 = AXIS2_PLACEMENT_3D ( 'NONE', #1295, #391, #1278 ) ;
#456 = DIRECTION ( 'NONE',  ( -1.000000000000000000, 0.000000000000000000, -0.000000000000000000 ) ) ;
#457 = VECTOR ( 'NONE', #2857, 1000.000000000000114 ) ;
#458 = VECTOR ( 'NONE', #1419, 1000.000000000000000 ) ;
#459 = AXIS2_PLACEMENT_3D ( 'NONE', #446, #1499, #2672 ) ;
#460 = VECTOR ( 'NONE', #286, 1000.000000000000000 ) ;
#461 = ORIENTED_EDGE ( 'NONE', *, *, #261, .F. ) ;
#462 = AXIS2_PLACEMENT_3D ( 'NONE', #1044, #820, #1933 ) ;
#463 = ORIENTED_EDGE ( 'NONE', *, *, #1995, .T. ) ;
#464 = ADVANCED_FACE ( 'NONE', ( #156 ), #174, .T. ) ;
#465 = VECTOR ( 'NONE', #518, 1000.000000000000114 ) ;
#466 = DIRECTION ( 'NONE',  ( -8.243512992921328362E-18, -0.7071067811865507924, -0.7071067811865441310 ) ) ;
#467 = DIRECTION ( 'NONE',  ( 1.000000000000000000, 0.000000000000000000, -0.000000000000000000 ) ) ;
#468 = DIRECTION ( 'NONE',  ( 0.000000000000000000, 1.000000000000000000, 0.000000000000000000 ) ) ;
#469 = ORIENTED_EDGE ( 'NONE', *, *, #1511, .T. ) ;
#470 = CYLINDRICAL_SURFACE ( 'NONE', #1664, 0.5000000000000004441 ) ;
#471 = FACE_OUTER_BOUND ( 'NONE', #1709, .T. ) ;
#472 = EDGE_CURVE ( 'NONE', #2491, #2401, #1284, .T. ) ;
#473 = DIRECTION ( 'NONE',  ( 1.000000000000000000, 0.000000000000000000, -1.916232544896306831E-18 ) ) ;
#474 = VERTEX_POINT ( 'NONE', #416 ) ;
#475 = ORIENTED_EDGE ( 'NONE', *, *, #2259, .T. ) ;
#476 = ADVANCED_FACE ( 'NONE', ( #849 ), #661, .T. ) ;
#477 = DIRECTION ( 'NONE',  ( -0.000000000000000000, -1.000000000000000000, -0.000000000000000000 ) ) ;
#478 = CYLINDRICAL_SURFACE ( 'NONE', #2177, 0.5000000000000004441 ) ;
#479 = DIRECTION ( 'NONE',  ( 0.000000000000000000, 1.000000000000000000, 0.000000000000000000 ) ) ;
#480 = EDGE_LOOP ( 'NONE', ( #2861, #1683, #2395, #2386 ) ) ;
#481 = EDGE_CURVE ( 'NONE', #2103, #2618, #2711, .T. ) ;
#482 = SURFACE_STYLE_USAGE ( .BOTH. , #1770 ) ;
#483 = CARTESIAN_POINT ( 'NONE',  ( 11.39999999999999680, -2.000000000000000000, -18.19999999999999929 ) ) ;
#484 = CARTESIAN_POINT ( 'NONE',  ( 31.52000000000000668, 0.000000000000000000, -28.20000000000000639 ) ) ;
#485 = EDGE_LOOP ( 'NONE', ( #2121, #1285, #2073, #2024 ) ) ;
#486 = ORIENTED_EDGE ( 'NONE', *, *, #2515, .F. ) ;
#487 = DIRECTION ( 'NONE',  ( 1.165808787618822015E-17, -0.000000000000000000, 1.000000000000000000 ) ) ;
#488 = LINE ( 'NONE', #2308, #2361 ) ;
#489 = LINE ( 'NONE', #957, #1163 ) ;
#490 = ORIENTED_EDGE ( 'NONE', *, *, #225, .F. ) ;
#491 = DIRECTION ( 'NONE',  ( 0.000000000000000000, 1.000000000000000000, 0.000000000000000000 ) ) ;
#492 = DIRECTION ( 'NONE',  ( -0.000000000000000000, -0.000000000000000000, 1.000000000000000000 ) ) ;
#493 = CARTESIAN_POINT ( 'NONE',  ( 42.00000000000000000, 0.000000000000000000, -1.599999999999985212 ) ) ;
#494 = EDGE_CURVE ( 'NONE', #2345, #2358, #2260, .T. ) ;
#495 = CIRCLE ( 'NONE', #2605, 1.699999999999999289 ) ;
#496 = AXIS2_PLACEMENT_3D ( 'NONE', #239, #2903, #922 ) ;
#497 = ORIENTED_EDGE ( 'NONE', *, *, #897, .F. ) ;
#498 = EDGE_LOOP ( 'NONE', ( #2431, #2035, #1264, #2723 ) ) ;
#499 = VECTOR ( 'NONE', #162, 1000.000000000000000 ) ;
#500 = CIRCLE ( 'NONE', #2000, 1.699999999999999289 ) ;
#501 = ADVANCED_FACE ( 'NONE', ( #1566 ), #1170, .T. ) ;
#502 = CARTESIAN_POINT ( 'NONE',  ( 0.7200000000000001954, -2.000000000000000000, -9.000000000000000000 ) ) ;
#503 = AXIS2_PLACEMENT_3D ( 'NONE', #1594, #2487, #1868 ) ;
#504 = CARTESIAN_POINT ( 'NONE',  ( 35.68000000000000682, -7.500000000000000000, -18.19999999999999929 ) ) ;
#505 = CARTESIAN_POINT ( 'NONE',  ( 12.13999999999999702, -4.299999999999999822, -12.15000000000000036 ) ) ;
#506 = ORIENTED_EDGE ( 'NONE', *, *, #806, .T. ) ;
#507 = DIRECTION ( 'NONE',  ( 0.000000000000000000, 0.000000000000000000, -1.000000000000000000 ) ) ;
#508 = VECTOR ( 'NONE', #466, 1000.000000000000114 ) ;
#509 = DIRECTION ( 'NONE',  ( -0.000000000000000000, -1.000000000000000000, -0.000000000000000000 ) ) ;
#510 = DIRECTION ( 'NONE',  ( 0.000000000000000000, 0.000000000000000000, 1.000000000000000000 ) ) ;
#511 = EDGE_CURVE ( 'NONE', #1726, #1842, #1011, .T. ) ;
#512 = PLANE ( 'NONE',  #550 ) ;
#513 = ORIENTED_EDGE ( 'NONE', *, *, #1030, .T. ) ;
#514 = ORIENTED_EDGE ( 'NONE', *, *, #1689, .F. ) ;
#515 = LINE ( 'NONE', #1361, #2661 ) ;
#516 = ADVANCED_FACE ( 'NONE', ( #276 ), #1154, .F. ) ;
#517 = LINE ( 'NONE', #945, #1613 ) ;
#518 = DIRECTION ( 'NONE',  ( 8.659560562354985860E-17, 0.7071067811865431318, -0.7071067811865517916 ) ) ;
#519 = EDGE_LOOP ( 'NONE', ( #1404, #527, #2450, #370 ) ) ;
#520 = LINE ( 'NONE', #90, #2043 ) ;
#521 = CARTESIAN_POINT ( 'NONE',  ( 0.000000000000000000, 0.000000000000000000, -28.20000000000000639 ) ) ;
#522 = EDGE_CURVE ( 'NONE', #1173, #195, #1762, .T. ) ;
#523 = PLANE ( 'NONE',  #1063 ) ;
#524 = LINE ( 'NONE', #1423, #927 ) ;
#525 = CARTESIAN_POINT ( 'NONE',  ( 35.68000000000000682, -2.000000000000000000, -18.19999999999999929 ) ) ;
#526 = ORIENTED_EDGE ( 'NONE', *, *, #2082, .F. ) ;
#527 = ORIENTED_EDGE ( 'NONE', *, *, #1648, .T. ) ;
#528 = FACE_OUTER_BOUND ( 'NONE', #2899, .T. ) ;
#529 = ADVANCED_FACE ( 'NONE', ( #1554, #2448, #1119, #1132 ), #444, .F. ) ;
#530 = DIRECTION ( 'NONE',  ( -0.000000000000000000, -0.000000000000000000, 1.000000000000000000 ) ) ;
#531 = DIRECTION ( 'NONE',  ( -0.000000000000000000, -1.000000000000000000, -0.000000000000000000 ) ) ;
#532 = VERTEX_POINT ( 'NONE', #1331 ) ;
#533 = CARTESIAN_POINT ( 'NONE',  ( 5.999999999999998224, -2.000000000000000000, -4.499999999999994671 ) ) ;
#534 = CARTESIAN_POINT ( 'NONE',  ( 12.42000000000000348, -1.000000000000000000, -21.00000000000000355 ) ) ;
#535 = DIRECTION ( 'NONE',  ( 1.000000000000000000, 0.000000000000000000, 0.000000000000000000 ) ) ;
#536 = LINE ( 'NONE', #323, #32 ) ;
#537 = VECTOR ( 'NONE', #637, 1000.000000000000000 ) ;
#538 = VERTEX_POINT ( 'NONE', #1583 ) ;
#539 = ORIENTED_EDGE ( 'NONE', *, *, #191, .T. ) ;
#540 = VECTOR ( 'NONE', #1101, 1000.000000000000000 ) ;
#541 = CARTESIAN_POINT ( 'NONE',  ( 5.999999999999998224, 0.000000000000000000, -7.400000000000008349 ) ) ;
#542 = DIRECTION ( 'NONE',  ( 0.000000000000000000, 0.000000000000000000, 1.000000000000000000 ) ) ;
#543 = AXIS2_PLACEMENT_3D ( 'NONE', #1928, #2823, #9 ) ;
#545 = CIRCLE ( 'NONE', #2366, 1.699999999999999289 ) ;
#544 = CARTESIAN_POINT ( 'NONE',  ( 3.719999999999999307, -7.500000000000000000, -19.39999999999999858 ) ) ;
#546 = ORIENTED_EDGE ( 'NONE', *, *, #2670, .F. ) ;
#547 = EDGE_CURVE ( 'NONE', #2641, #1288, #2503, .T. ) ;
#548 = CARTESIAN_POINT ( 'NONE',  ( 26.41999999999999815, -2.000000000000000000, -28.00000000000000355 ) ) ;
#549 = VECTOR ( 'NONE', #767, 1000.000000000000000 ) ;
#550 = AXIS2_PLACEMENT_3D ( 'NONE', #304, #1871, #2763 ) ;
#551 = CARTESIAN_POINT ( 'NONE',  ( 9.519999999999997797, -2.000000000000000000, -16.50000000000000000 ) ) ;
#552 = VECTOR ( 'NONE', #747, 1000.000000000000000 ) ;
#553 = CARTESIAN_POINT ( 'NONE',  ( 0.000000000000000000, -2.000000000000000000, 0.000000000000000000 ) ) ;
#554 = DIRECTION ( 'NONE',  ( 0.000000000000000000, 1.000000000000000000, 0.000000000000000000 ) ) ;
#555 = AXIS2_PLACEMENT_3D ( 'NONE', #1846, #1391, #2285 ) ;
#556 = FACE_OUTER_BOUND ( 'NONE', #2734, .T. ) ;
#557 = CARTESIAN_POINT ( 'NONE',  ( 12.42000000000000348, -3.099999999999998757, -21.00000000000000355 ) ) ;
#558 = ORIENTED_EDGE ( 'NONE', *, *, #1035, .F. ) ;
#559 = ORIENTED_EDGE ( 'NONE', *, *, #258, .F. ) ;
#560 = DIRECTION ( 'NONE',  ( -1.000000000000000000, 0.000000000000000000, -0.000000000000000000 ) ) ;
#561 = VERTEX_POINT ( 'NONE', #493 ) ;
#562 = FACE_OUTER_BOUND ( 'NONE', #2537, .T. ) ;
#563 = VERTEX_POINT ( 'NONE', #1368 ) ;
#564 = FACE_OUTER_BOUND ( 'NONE', #112, .T. ) ;
#565 = DIRECTION ( 'NONE',  ( 0.000000000000000000, 0.000000000000000000, -1.000000000000000000 ) ) ;
#566 = EDGE_CURVE ( 'NONE', #715, #1351, #1774, .T. ) ;
#567 = ORIENTED_EDGE ( 'NONE', *, *, #2362, .T. ) ;
#568 = CARTESIAN_POINT ( 'NONE',  ( 6.819999999999997620, -2.000000000000000000, -16.00000000000000000 ) ) ;
#569 = LINE ( 'NONE', #814, #2473 ) ;
#570 = DIRECTION ( 'NONE',  ( -1.000000000000000000, -0.000000000000000000, -0.000000000000000000 ) ) ;
#571 = ORIENTED_EDGE ( 'NONE', *, *, #2175, .T. ) ;
#572 = ORIENTED_EDGE ( 'NONE', *, *, #1776, .F. ) ;
#573 = CARTESIAN_POINT ( 'NONE',  ( 11.39999999999999680, -7.500000000000000000, -13.40000000000000213 ) ) ;
#574 = VERTEX_POINT ( 'NONE', #1798 ) ;
#575 = LINE ( 'NONE', #2357, #1247 ) ;
#576 = EDGE_LOOP ( 'NONE', ( #2677, #1123, #2065, #1494 ) ) ;
#577 = LINE ( 'NONE', #1467, #2424 ) ;
#578 = CARTESIAN_POINT ( 'NONE',  ( 35.17999999999999972, -2.000000000000000000, -16.50000000000000355 ) ) ;
#579 = DIRECTION ( 'NONE',  ( 1.000000000000000000, 0.000000000000000000, 0.000000000000000000 ) ) ;
#580 = DIRECTION ( 'NONE',  ( 0.000000000000000000, 1.000000000000000000, 0.000000000000000000 ) ) ;
#581 = PLANE ( 'NONE',  #25 ) ;
#582 = ADVANCED_FACE ( 'NONE', ( #1346 ), #2046, .T. ) ;
#583 = VERTEX_POINT ( 'NONE', #1788 ) ;
#584 = VERTEX_POINT ( 'NONE', #671 ) ;
#585 = VECTOR ( 'NONE', #1590, 1000.000000000000000 ) ;
#586 = DIRECTION ( 'NONE',  ( -0.000000000000000000, 1.000000000000000000, -0.000000000000000000 ) ) ;
#587 = ORIENTED_EDGE ( 'NONE', *, *, #566, .F. ) ;
#588 = DIRECTION ( 'NONE',  ( 0.000000000000000000, 0.000000000000000000, -1.000000000000000000 ) ) ;
#589 = ORIENTED_EDGE ( 'NONE', *, *, #339, .F. ) ;
#590 = VECTOR ( 'NONE', #1679, 1000.000000000000000 ) ;
#591 = DIRECTION ( 'NONE',  ( -0.000000000000000000, -1.000000000000000000, -0.000000000000000000 ) ) ;
#592 = AXIS2_PLACEMENT_3D ( 'NONE', #1365, #37, #2901 ) ;
#593 = ORIENTED_EDGE ( 'NONE', *, *, #1217, .T. ) ;
#594 = ADVANCED_FACE ( 'NONE', ( #1358 ), #2250, .T. ) ;
#595 = CARTESIAN_POINT ( 'NONE',  ( 35.68000000000000682, -2.000000000000000000, -17.69999999999999929 ) ) ;
#596 = AXIS2_PLACEMENT_3D ( 'NONE', #1033, #1686, #328 ) ;
#597 = VECTOR ( 'NONE', #1036, 1000.000000000000000 ) ;
#598 = CARTESIAN_POINT ( 'NONE',  ( 9.520000000000008455, 0.000000000000000000, -28.20000000000000639 ) ) ;
#599 = EDGE_CURVE ( 'NONE', #1842, #1726, #495, .T. ) ;
#600 = DIRECTION ( 'NONE',  ( -0.000000000000000000, -0.000000000000000000, 1.000000000000000000 ) ) ;
#601 = AXIS2_PLACEMENT_3D ( 'NONE', #1574, #1611, #1833 ) ;
#602 = EDGE_CURVE ( 'NONE', #840, #894, #2488, .T. ) ;
#603 = ORIENTED_EDGE ( 'NONE', *, *, #1867, .F. ) ;
#604 = VERTEX_POINT ( 'NONE', #484 ) ;
#605 = ORIENTED_EDGE ( 'NONE', *, *, #1901, .T. ) ;
#606 = PLANE ( 'NONE',  #2702 ) ;
#607 = EDGE_LOOP ( 'NONE', ( #2639, #558, #1597, #2040 ) ) ;
#608 = PLANE ( 'NONE',  #2795 ) ;
#609 = LINE ( 'NONE', #346, #2787 ) ;
#610 = ORIENTED_EDGE ( 'NONE', *, *, #1301, .F. ) ;
#611 = CARTESIAN_POINT ( 'NONE',  ( 12.42000000000000348, -1.000000000000000000, -21.00000000000000355 ) ) ;
#612 = DIRECTION ( 'NONE',  ( 0.000000000000000000, 0.000000000000000000, 1.000000000000000000 ) ) ;
#613 = EDGE_CURVE ( 'NONE', #2867, #2825, #1241, .T. ) ;
#614 = LINE ( 'NONE', #2146, #1156 ) ;
#615 = ADVANCED_FACE ( 'NONE', ( #1454 ), #1616, .F. ) ;
#616 = EDGE_LOOP ( 'NONE', ( #117, #1258, #2784, #2880 ) ) ;
#617 = ORIENTED_EDGE ( 'NONE', *, *, #250, .F. ) ;
#618 = EDGE_CURVE ( 'NONE', #912, #2456, #2301, .T. ) ;
#619 = ORIENTED_EDGE ( 'NONE', *, *, #160, .F. ) ;
#620 = DIRECTION ( 'NONE',  ( 0.000000000000000000, 0.000000000000000000, 1.000000000000000000 ) ) ;
#621 = ORIENTED_EDGE ( 'NONE', *, *, #2362, .F. ) ;
#622 = EDGE_CURVE ( 'NONE', #36, #1687, #2335, .T. ) ;
#623 = CARTESIAN_POINT ( 'NONE',  ( 10.01999999999999780, -7.500000000000000000, -17.69999999999999929 ) ) ;
#624 = CARTESIAN_POINT ( 'NONE',  ( 47.27999999999999403, 0.000000000000000000, -27.59999999999999787 ) ) ;
#625 = DIRECTION ( 'NONE',  ( 0.000000000000000000, 0.000000000000000000, 1.000000000000000000 ) ) ;
#626 = ORIENTED_EDGE ( 'NONE', *, *, #335, .T. ) ;
#627 = CARTESIAN_POINT ( 'NONE',  ( 30.97999999999999687, -7.500000000000000000, -18.19999999999999574 ) ) ;
#628 = CARTESIAN_POINT ( 'NONE',  ( 34.67999999999999972, -7.500000000000000000, -16.50000000000000355 ) ) ;
#629 = CARTESIAN_POINT ( 'NONE',  ( 30.97999999999999687, -2.000000000000000000, -18.19999999999999574 ) ) ;
#630 = ORIENTED_EDGE ( 'NONE', *, *, #98, .T. ) ;
#631 = ORIENTED_EDGE ( 'NONE', *, *, #2391, .F. ) ;
#632 = VERTEX_POINT ( 'NONE', #742 ) ;
#633 = DIRECTION ( 'NONE',  ( 8.260587980841933849E-16, -0.000000000000000000, 1.000000000000000000 ) ) ;
#634 = VERTEX_POINT ( 'NONE', #1395 ) ;
#635 = EDGE_CURVE ( 'NONE', #2502, #305, #979, .T. ) ;
#636 = CARTESIAN_POINT ( 'NONE',  ( 30.97999999999999687, -7.500000000000000000, -18.19999999999999574 ) ) ;
#637 = DIRECTION ( 'NONE',  ( -0.000000000000000000, -0.000000000000000000, 1.000000000000000000 ) ) ;
#639 = VECTOR ( 'NONE', #678, 1000.000000000000000 ) ;
#638 = PLANE ( 'NONE',  #2845 ) ;
#640 = EDGE_LOOP ( 'NONE', ( #1151, #630, #2077, #2830 ) ) ;
#641 = EDGE_CURVE ( 'NONE', #2456, #1262, #93, .T. ) ;
#642 = DIRECTION ( 'NONE',  ( -0.000000000000000000, -1.000000000000000000, -0.000000000000000000 ) ) ;
#643 = AXIS2_PLACEMENT_3D ( 'NONE', #2021, #456, #2693 ) ;
#644 = DIRECTION ( 'NONE',  ( 1.000000000000000000, -0.000000000000000000, -1.334402673828313241E-15 ) ) ;
#645 = AXIS2_PLACEMENT_3D ( 'NONE', #1870, #288, #1840 ) ;
#646 = CIRCLE ( 'NONE', #73, 0.9999999999999991118 ) ;
#647 = CARTESIAN_POINT ( 'NONE',  ( 0.000000000000000000, -7.500000000000000000, 0.000000000000000000 ) ) ;
#648 = VERTEX_POINT ( 'NONE', #2289 ) ;
#649 = VECTOR ( 'NONE', #16, 1000.000000000000000 ) ;
#650 = VECTOR ( 'NONE', #670, 1000.000000000000000 ) ;
#651 = ORIENTED_EDGE ( 'NONE', *, *, #1493, .F. ) ;
#652 = ORIENTED_EDGE ( 'NONE', *, *, #2858, .T. ) ;
#653 = DIRECTION ( 'NONE',  ( 0.000000000000000000, 1.000000000000000000, 0.000000000000000000 ) ) ;
#654 = ORIENTED_EDGE ( 'NONE', *, *, #1191, .T. ) ;
#655 = FACE_OUTER_BOUND ( 'NONE', #230, .T. ) ;
#656 = DIRECTION ( 'NONE',  ( -0.000000000000000000, -0.000000000000000000, -1.000000000000000000 ) ) ;
#657 = CARTESIAN_POINT ( 'NONE',  ( 47.28000000000000114, -7.500000000000000000, -16.10000000000000142 ) ) ;
#658 = EDGE_LOOP ( 'NONE', ( #2213, #1954, #2343, #2340 ) ) ;
#659 = CARTESIAN_POINT ( 'NONE',  ( 42.00000000000000000, -1.200000000000006395, -2.799999999999999378 ) ) ;
#660 = CARTESIAN_POINT ( 'NONE',  ( 10.01999999999999780, -7.500000000000000000, -18.19999999999999929 ) ) ;
#661 = CYLINDRICAL_SURFACE ( 'NONE', #120, 0.5000000000000004441 ) ;
#662 = ORIENTED_EDGE ( 'NONE', *, *, #2498, .F. ) ;
#663 = CARTESIAN_POINT ( 'NONE',  ( 42.00000000000000000, 0.000000000000000000, -4.499999999999999112 ) ) ;
#664 = ORIENTED_EDGE ( 'NONE', *, *, #811, .F. ) ;
#665 = FACE_BOUND ( 'NONE', #1444, .T. ) ;
#666 = LINE ( 'NONE', #1560, #1008 ) ;
#667 = CARTESIAN_POINT ( 'NONE',  ( 42.76000000000000512, -2.000000000000000000, -18.19999999999999574 ) ) ;
#668 = VERTEX_POINT ( 'NONE', #753 ) ;
#669 = CARTESIAN_POINT ( 'NONE',  ( 47.28000000000000114, -7.500000000000000000, -16.10000000000000142 ) ) ;
#670 = DIRECTION ( 'NONE',  ( 1.000000000000000000, -0.000000000000000000, -0.000000000000000000 ) ) ;
#671 = CARTESIAN_POINT ( 'NONE',  ( 23.64000000000000767, -6.299999999999999822, -10.40000000000000036 ) ) ;
#672 = ADVANCED_FACE ( 'NONE', ( #991 ), #1194, .T. ) ;
#673 = EDGE_CURVE ( 'NONE', #2203, #357, #1005, .T. ) ;
#674 = ORIENTED_EDGE ( 'NONE', *, *, #943, .F. ) ;
#675 = CARTESIAN_POINT ( 'NONE',  ( 48.00000000000000000, 0.000000000000000000, -9.000000000000000000 ) ) ;
#676 = ORIENTED_EDGE ( 'NONE', *, *, #511, .F. ) ;
#677 = LINE ( 'NONE', #253, #178 ) ;
#678 = DIRECTION ( 'NONE',  ( -0.000000000000000000, -0.000000000000000000, -1.000000000000000000 ) ) ;
#679 = DIRECTION ( 'NONE',  ( 1.000000000000000000, 0.000000000000000000, -0.000000000000000000 ) ) ;
#680 = ORIENTED_EDGE ( 'NONE', *, *, #1089, .T. ) ;
#681 = UNCERTAINTY_MEASURE_WITH_UNIT (LENGTH_MEASURE( 1.000000000000000082E-05 ), #1646, 'distance_accuracy_value', 'NONE');
#682 =( LENGTH_UNIT ( ) NAMED_UNIT ( * ) SI_UNIT ( .MILLI., .METRE. ) );
#683 = CARTESIAN_POINT ( 'NONE',  ( 26.41999999999999815, -3.099999999999998757, -28.00000000000000355 ) ) ;
#684 = VECTOR ( 'NONE', #2124, 1000.000000000000000 ) ;
#685 = DIRECTION ( 'NONE',  ( 0.000000000000000000, 1.000000000000000000, 0.000000000000000000 ) ) ;
#686 = VECTOR ( 'NONE', #1735, 1000.000000000000114 ) ;
#687 = VECTOR ( 'NONE', #246, 1000.000000000000000 ) ;
#688 = VECTOR ( 'NONE', #1273, 1000.000000000000000 ) ;
#689 = VECTOR ( 'NONE', #150, 1000.000000000000000 ) ;
#690 = EDGE_CURVE ( 'NONE', #1445, #280, #2791, .T. ) ;
#691 = ORIENTED_EDGE ( 'NONE', *, *, #967, .T. ) ;
#692 = VECTOR ( 'NONE', #787, 1000.000000000000000 ) ;
#693 = ORIENTED_EDGE ( 'NONE', *, *, #1013, .T. ) ;
#694 = CIRCLE ( 'NONE', #2666, 2.900000000000027445 ) ;
#695 = LINE ( 'NONE', #914, #1254 ) ;
#696 = CARTESIAN_POINT ( 'NONE',  ( 30.28000000000000114, -2.000000000000000000, -18.19999999999999574 ) ) ;
#697 = FACE_OUTER_BOUND ( 'NONE', #867, .T. ) ;
#698 = ORIENTED_EDGE ( 'NONE', *, *, #1456, .T. ) ;
#699 = LINE ( 'NONE', #1130, #2557 ) ;
#700 = CARTESIAN_POINT ( 'NONE',  ( 26.41999999999999815, -18.75247584249852650, -28.00000000000000355 ) ) ;
#701 = CARTESIAN_POINT ( 'NONE',  ( 10.01999999999999780, -2.000000000000000000, -16.00000000000000000 ) ) ;
#702 = EDGE_LOOP ( 'NONE', ( #256, #999, #2281, #1760, #2139, #2141 ) ) ;
#703 = EDGE_LOOP ( 'NONE', ( #1186, #264, #1824, #252 ) ) ;
#704 = ADVANCED_FACE ( 'NONE', ( #951 ), #2057, .F. ) ;
#705 = LINE ( 'NONE', #2725, #1717 ) ;
#706 = LINE ( 'NONE', #2738, #2883 ) ;
#707 = CARTESIAN_POINT ( 'NONE',  ( 26.59999999999999787, -2.000000000000000000, -14.40000000000000391 ) ) ;
#708 = VERTEX_POINT ( 'NONE', #1658 ) ;
#709 = EDGE_CURVE ( 'NONE', #280, #2416, #1182, .T. ) ;
#710 = PLANE ( 'NONE',  #592 ) ;
#711 = DIRECTION ( 'NONE',  ( 1.000000000000000000, 0.000000000000000000, 0.000000000000000000 ) ) ;
#712 = DIRECTION ( 'NONE',  ( 0.000000000000000000, 0.000000000000000000, -1.000000000000000000 ) ) ;
#713 = EDGE_CURVE ( 'NONE', #771, #2848, #2224, .T. ) ;
#714 = ORIENTED_EDGE ( 'NONE', *, *, #1603, .T. ) ;
#715 = VERTEX_POINT ( 'NONE', #568 ) ;
#716 = CARTESIAN_POINT ( 'NONE',  ( 5.999999999999998224, -2.000000000000000000, -6.199999999999993960 ) ) ;
#717 = CARTESIAN_POINT ( 'NONE',  ( 31.48000000000000043, -7.500000000000000000, -16.00000000000000355 ) ) ;
#718 = LINE ( 'NONE', #2506, #465 ) ;
#719 = VERTEX_POINT ( 'NONE', #1869 ) ;
#720 = LINE ( 'NONE', #1643, #878 ) ;
#721 = DIRECTION ( 'NONE',  ( 0.000000000000000000, 1.000000000000000000, -0.000000000000000000 ) ) ;
#722 = ADVANCED_FACE ( 'NONE', ( #1421 ), #2514, .T. ) ;
#723 = DIRECTION ( 'NONE',  ( -0.000000000000000000, 1.000000000000000000, -0.000000000000000000 ) ) ;
#724 = VECTOR ( 'NONE', #282, 1000.000000000000000 ) ;
#725 = CARTESIAN_POINT ( 'NONE',  ( 39.06000000000000227, -7.500000000000000000, -16.00000000000000000 ) ) ;
#726 = AXIS2_PLACEMENT_3D ( 'NONE', #2885, #2222, #220 ) ;
#727 = CIRCLE ( 'NONE', #1532, 1.699999999999999289 ) ;
#728 = VERTEX_POINT ( 'NONE', #1634 ) ;
#729 = ORIENTED_EDGE ( 'NONE', *, *, #1180, .T. ) ;
#730 = VECTOR ( 'NONE', #2423, 1000.000000000000000 ) ;
#731 = VECTOR ( 'NONE', #2819, 1000.000000000000000 ) ;
#732 = ADVANCED_FACE ( 'NONE', ( #2528 ), #523, .T. ) ;
#733 = DIRECTION ( 'NONE',  ( 0.000000000000000000, -1.000000000000000000, 0.000000000000000000 ) ) ;
#734 = VECTOR ( 'NONE', #309, 1000.000000000000000 ) ;
#735 = DIRECTION ( 'NONE',  ( -1.000000000000000000, -0.000000000000000000, -0.000000000000000000 ) ) ;
#736 = LINE ( 'NONE', #505, #421 ) ;
#737 = ORIENTED_EDGE ( 'NONE', *, *, #2668, .T. ) ;
#738 = LINE ( 'NONE', #330, #2792 ) ;
#739 = VECTOR ( 'NONE', #1006, 1000.000000000000000 ) ;
#740 = EDGE_CURVE ( 'NONE', #374, #305, #2540, .T. ) ;
#741 = DIRECTION ( 'NONE',  ( 0.000000000000000000, 1.000000000000000000, 0.000000000000000000 ) ) ;
#742 = CARTESIAN_POINT ( 'NONE',  ( 0.000000000000000000, -2.000000000000000000, -9.000000000000000000 ) ) ;
#743 = CARTESIAN_POINT ( 'NONE',  ( 31.48000000000000043, -2.000000000000000000, -17.69999999999999574 ) ) ;
#744 = DIRECTION ( 'NONE',  ( 1.000000000000000000, -0.000000000000000000, -5.782411586589358822E-15 ) ) ;
#745 = VERTEX_POINT ( 'NONE', #2099 ) ;
#746 = VERTEX_POINT ( 'NONE', #1882 ) ;
#747 = DIRECTION ( 'NONE',  ( -1.000000000000000000, -0.000000000000000000, -0.000000000000000000 ) ) ;
#748 = CARTESIAN_POINT ( 'NONE',  ( 42.76000000000000512, -7.500000000000000000, -17.69999999999999574 ) ) ;
#749 = PLANE ( 'NONE',  #596 ) ;
#750 = ORIENTED_EDGE ( 'NONE', *, *, #2169, .T. ) ;
#751 = LINE ( 'NONE', #273, #2272 ) ;
#752 = DIRECTION ( 'NONE',  ( 1.000000000000000000, -0.000000000000000000, 2.356961244533703645E-15 ) ) ;
#753 = CARTESIAN_POINT ( 'NONE',  ( 11.39999999999999680, -6.299999999999999822, -13.12000000000000099 ) ) ;
#754 = DIRECTION ( 'NONE',  ( 0.000000000000000000, 0.000000000000000000, 1.000000000000000000 ) ) ;
#755 = CARTESIAN_POINT ( 'NONE',  ( 12.13999999999999702, -4.299999999999999822, -12.15000000000000036 ) ) ;
#756 = EDGE_CURVE ( 'NONE', #1842, #474, #2603, .T. ) ;
#757 = ORIENTED_EDGE ( 'NONE', *, *, #1228, .F. ) ;
#758 = ORIENTED_EDGE ( 'NONE', *, *, #709, .T. ) ;
#759 = DIRECTION ( 'NONE',  ( 0.000000000000000000, 0.000000000000000000, 1.000000000000000000 ) ) ;
#760 = CARTESIAN_POINT ( 'NONE',  ( 42.00000000000000000, -2.000000000000000000, -6.199999999999999289 ) ) ;
#761 = FACE_OUTER_BOUND ( 'NONE', #1034, .T. ) ;
#762 = ORIENTED_EDGE ( 'NONE', *, *, #2329, .F. ) ;
#763 = DIRECTION ( 'NONE',  ( 0.000000000000000000, 1.000000000000000000, 0.000000000000000000 ) ) ;
#764 = CARTESIAN_POINT ( 'NONE',  ( 6.319999999999999396, -7.500000000000000000, -17.69999999999999929 ) ) ;
#765 = DIRECTION ( 'NONE',  ( 1.000000000000000000, 0.000000000000000000, 0.000000000000000000 ) ) ;
#766 = DIRECTION ( 'NONE',  ( -1.000000000000000000, 0.000000000000000000, 1.165808787618822015E-17 ) ) ;
#767 = DIRECTION ( 'NONE',  ( 0.000000000000000000, 1.000000000000000000, 0.000000000000000000 ) ) ;
#768 = CARTESIAN_POINT ( 'NONE',  ( 35.17999999999999972, -7.500000000000000000, -16.50000000000000355 ) ) ;
#769 = EDGE_CURVE ( 'NONE', #351, #846, #2623, .T. ) ;
#770 = ORIENTED_EDGE ( 'NONE', *, *, #789, .T. ) ;
#771 = VERTEX_POINT ( 'NONE', #627 ) ;
#772 = AXIS2_PLACEMENT_3D ( 'NONE', #647, #835, #1492 ) ;
#773 = EDGE_CURVE ( 'NONE', #1243, #1687, #170, .T. ) ;
#774 = PLANE ( 'NONE',  #1623 ) ;
#775 = ORIENTED_EDGE ( 'NONE', *, *, #599, .F. ) ;
#776 = AXIS2_PLACEMENT_3D ( 'NONE', #660, #2882, #1131 ) ;
#778 = COLOUR_RGB ( '',0.7921568627450980005, 0.8196078431372548767, 0.9333333333333333481 ) ;
#777 = LINE ( 'NONE', #1220, #1812 ) ;
#779 = VERTEX_POINT ( 'NONE', #1536 ) ;
#780 = CARTESIAN_POINT ( 'NONE',  ( 11.39999999999999680, -4.299999999999999822, -13.40000000000000213 ) ) ;
#781 = VECTOR ( 'NONE', #387, 1000.000000000000000 ) ;
#782 = AXIS2_PLACEMENT_3D ( 'NONE', #1378, #2056, #1406 ) ;
#783 = LINE ( 'NONE', #377, #1249 ) ;
#784 = LINE ( 'NONE', #2575, #684 ) ;
#785 = VECTOR ( 'NONE', #1039, 1000.000000000000000 ) ;
#786 = CARTESIAN_POINT ( 'NONE',  ( 26.59999999999999787, -2.000000000000000000, -13.40000000000000213 ) ) ;
#787 = DIRECTION ( 'NONE',  ( 0.000000000000000000, 1.000000000000000000, 0.000000000000000000 ) ) ;
#788 = AXIS2_PLACEMENT_3D ( 'NONE', #1354, #1601, #679 ) ;
#789 = EDGE_CURVE ( 'NONE', #203, #1219, #2854, .T. ) ;
#790 = DIRECTION ( 'NONE',  ( 1.000000000000000000, -0.000000000000000000, -0.000000000000000000 ) ) ;
#791 = ORIENTED_EDGE ( 'NONE', *, *, #402, .F. ) ;
#792 = ORIENTED_EDGE ( 'NONE', *, *, #133, .T. ) ;
#793 = FACE_OUTER_BOUND ( 'NONE', #1697, .T. ) ;
#794 = ORIENTED_EDGE ( 'NONE', *, *, #2329, .T. ) ;
#795 = LINE ( 'NONE', #2584, #123 ) ;
#796 = VERTEX_POINT ( 'NONE', #363 ) ;
#797 = PLANE ( 'NONE',  #883 ) ;
#798 = ORIENTED_EDGE ( 'NONE', *, *, #1967, .T. ) ;
#799 = EDGE_CURVE ( 'NONE', #2106, #1914, #1282, .T. ) ;
#800 = CARTESIAN_POINT ( 'NONE',  ( 12.42000000000000348, -1.000000000000000000, -21.00000000000000355 ) ) ;
#801 = CARTESIAN_POINT ( 'NONE',  ( 26.41999999999999815, -2.000000000000000000, -16.00000000000000355 ) ) ;
#802 = CARTESIAN_POINT ( 'NONE',  ( 47.28000000000000114, -2.000000000000000000, -9.000000000000000000 ) ) ;
#803 = ORIENTED_EDGE ( 'NONE', *, *, #472, .F. ) ;
#804 = ORIENTED_EDGE ( 'NONE', *, *, #2398, .F. ) ;
#805 = LINE ( 'NONE', #1446, #1858 ) ;
#806 = EDGE_CURVE ( 'NONE', #1262, #634, #2433, .T. ) ;
#807 = VERTEX_POINT ( 'NONE', #2411 ) ;
#808 = DIRECTION ( 'NONE',  ( 1.000000000000000000, 0.000000000000000000, -1.156482317317871133E-15 ) ) ;
#809 = ORIENTED_EDGE ( 'NONE', *, *, #839, .T. ) ;
#810 = CARTESIAN_POINT ( 'NONE',  ( 0.000000000000000000, -2.000000000000000000, -9.000000000000000000 ) ) ;
#811 = EDGE_CURVE ( 'NONE', #210, #196, #1927, .T. ) ;
#812 = CARTESIAN_POINT ( 'NONE',  ( 9.519999999999997797, -7.500000000000000000, -16.50000000000000000 ) ) ;
#813 = DIRECTION ( 'NONE',  ( -1.000000000000000000, 0.000000000000000000, -1.606225440719266613E-16 ) ) ;
#814 = CARTESIAN_POINT ( 'NONE',  ( 30.28000000000000114, -7.500000000000000000, -18.19999999999999574 ) ) ;
#815 = EDGE_CURVE ( 'NONE', #2422, #2891, #140, .T. ) ;
#816 = FACE_OUTER_BOUND ( 'NONE', #1808, .T. ) ;
#817 = ORIENTED_EDGE ( 'NONE', *, *, #1995, .F. ) ;
#818 = VERTEX_POINT ( 'NONE', #1053 ) ;
#819 = AXIS2_PLACEMENT_3D ( 'NONE', #2688, #2429, #1987 ) ;
#820 = DIRECTION ( 'NONE',  ( 0.000000000000000000, 1.000000000000000000, 0.000000000000000000 ) ) ;
#821 = ORIENTED_EDGE ( 'NONE', *, *, #1816, .F. ) ;
#822 = FACE_OUTER_BOUND ( 'NONE', #658, .T. ) ;
#823 = ORIENTED_EDGE ( 'NONE', *, *, #1565, .F. ) ;
#824 = VECTOR ( 'NONE', #1895, 1000.000000000000114 ) ;
#825 = ADVANCED_FACE ( 'NONE', ( #169 ), #379, .F. ) ;
#826 = LINE ( 'NONE', #2600, #689 ) ;
#827 = AXIS2_PLACEMENT_3D ( 'NONE', #410, #1962, #847 ) ;
#828 = LINE ( 'NONE', #1083, #1848 ) ;
#829 = ORIENTED_EDGE ( 'NONE', *, *, #293, .F. ) ;
#830 = CARTESIAN_POINT ( 'NONE',  ( 9.520000000000006679, -2.000000000000000000, -28.00000000000000000 ) ) ;
#831 = VECTOR ( 'NONE', #2087, 1000.000000000000000 ) ;
#832 = VECTOR ( 'NONE', #1095, 1000.000000000000000 ) ;
#833 = DIRECTION ( 'NONE',  ( 0.000000000000000000, 1.000000000000000000, 0.000000000000000000 ) ) ;
#834 = VECTOR ( 'NONE', #30, 1000.000000000000114 ) ;
#835 = DIRECTION ( 'NONE',  ( 0.000000000000000000, 1.000000000000000000, 0.000000000000000000 ) ) ;
#836 = CONICAL_SURFACE ( 'NONE', #2475, 1.700000000000000178, 0.7853981633974543852 ) ;
#837 = ORIENTED_EDGE ( 'NONE', *, *, #1487, .T. ) ;
#838 = ORIENTED_EDGE ( 'NONE', *, *, #1242, .F. ) ;
#839 = EDGE_CURVE ( 'NONE', #1547, #2867, #2636, .T. ) ;
#840 = VERTEX_POINT ( 'NONE', #1469 ) ;
#841 = LINE ( 'NONE', #436, #76 ) ;
#842 = ORIENTED_EDGE ( 'NONE', *, *, #1072, .T. ) ;
#843 = LINE ( 'NONE', #903, #418 ) ;
#844 = CARTESIAN_POINT ( 'NONE',  ( 10.01999999999999780, -2.000000000000000000, -16.50000000000000000 ) ) ;
#845 = CARTESIAN_POINT ( 'NONE',  ( 9.520000000000006679, -3.100000000000000533, -29.69999999999999929 ) ) ;
#846 = VERTEX_POINT ( 'NONE', #1255 ) ;
#847 = DIRECTION ( 'NONE',  ( 1.000000000000000000, 0.000000000000000000, -0.000000000000000000 ) ) ;
#848 = DIRECTION ( 'NONE',  ( 1.000000000000000000, 0.000000000000000000, -1.334402673828313438E-15 ) ) ;
#849 = FACE_OUTER_BOUND ( 'NONE', #1931, .T. ) ;
#850 = VERTEX_POINT ( 'NONE', #2868 ) ;
#851 = EDGE_CURVE ( 'NONE', #1174, #351, #2126, .T. ) ;
#852 = ORIENTED_EDGE ( 'NONE', *, *, #1828, .F. ) ;
#853 = VERTEX_POINT ( 'NONE', #1915 ) ;
#854 = LINE ( 'NONE', #2643, #1383 ) ;
#855 = ORIENTED_EDGE ( 'NONE', *, *, #2419, .T. ) ;
#856 = DIRECTION ( 'NONE',  ( 0.000000000000000000, -0.000000000000000000, 1.000000000000000000 ) ) ;
#857 = CARTESIAN_POINT ( 'NONE',  ( 23.19510536992945049, -4.299999999999999822, -45.39717229674613463 ) ) ;
#858 = DIRECTION ( 'NONE',  ( -3.942553354492742545E-16, -0.000000000000000000, 1.000000000000000000 ) ) ;
#859 = ORIENTED_EDGE ( 'NONE', *, *, #547, .T. ) ;
#860 = DIRECTION ( 'NONE',  ( -0.000000000000000000, -0.000000000000000000, -1.000000000000000000 ) ) ;
#861 = EDGE_CURVE ( 'NONE', #1447, #1049, #1750, .T. ) ;
#862 = DIRECTION ( 'NONE',  ( -1.000000000000000000, 0.000000000000000000, 8.260587980841933849E-16 ) ) ;
#863 = CARTESIAN_POINT ( 'NONE',  ( 12.42000000000000348, -1.000000000000000000, -21.00000000000000355 ) ) ;
#864 = EDGE_CURVE ( 'NONE', #1199, #2478, #2144, .T. ) ;
#865 = ORIENTED_EDGE ( 'NONE', *, *, #2302, .F. ) ;
#866 = ORIENTED_EDGE ( 'NONE', *, *, #1588, .T. ) ;
#867 = EDGE_LOOP ( 'NONE', ( #947, #1400, #526, #605 ) ) ;
#868 = DIRECTION ( 'NONE',  ( 0.000000000000000000, 1.000000000000000000, 0.000000000000000000 ) ) ;
#869 = ORIENTED_EDGE ( 'NONE', *, *, #713, .F. ) ;
#870 = ADVANCED_FACE ( 'NONE', ( #2382 ), #2808, .F. ) ;
#871 = VECTOR ( 'NONE', #327, 1000.000000000000000 ) ;
#872 = CARTESIAN_POINT ( 'NONE',  ( 10.01999999999999780, -2.000000000000000000, -16.50000000000000000 ) ) ;
#873 = CARTESIAN_POINT ( 'NONE',  ( 0.000000000000000000, -2.000000000000000000, 0.000000000000000000 ) ) ;
#875 = CIRCLE ( 'NONE', #2654, 2.900000000000013678 ) ;
#874 = CARTESIAN_POINT ( 'NONE',  ( 42.76000000000000512, -7.500000000000000000, -18.19999999999999574 ) ) ;
#876 = VERTEX_POINT ( 'NONE', #1267 ) ;
#877 = FACE_OUTER_BOUND ( 'NONE', #2305, .T. ) ;
#878 = VECTOR ( 'NONE', #2538, 1000.000000000000000 ) ;
#879 = CARTESIAN_POINT ( 'NONE',  ( 5.999999999999998224, 0.000000000000000000, -4.499999999999994671 ) ) ;
#880 = CIRCLE ( 'NONE', #2841, 0.5000000000000004441 ) ;
#881 = CIRCLE ( 'NONE', #173, 0.5000000000000004441 ) ;
#882 = DIRECTION ( 'NONE',  ( 0.000000000000000000, 1.000000000000000000, 0.000000000000000000 ) ) ;
#883 = AXIS2_PLACEMENT_3D ( 'NONE', #1913, #1451, #2831 ) ;
#884 = EDGE_CURVE ( 'NONE', #969, #1631, #2159, .T. ) ;
#885 = ORIENTED_EDGE ( 'NONE', *, *, #1565, .T. ) ;
#886 = VECTOR ( 'NONE', #2481, 1000.000000000000000 ) ;
#887 = ORIENTED_EDGE ( 'NONE', *, *, #756, .F. ) ;
#888 = ORIENTED_EDGE ( 'NONE', *, *, #1072, .F. ) ;
#889 = CARTESIAN_POINT ( 'NONE',  ( 5.819999999999999396, -7.500000000000000000, -17.69999999999999929 ) ) ;
#890 = ORIENTED_EDGE ( 'NONE', *, *, #2312, .T. ) ;
#891 = CARTESIAN_POINT ( 'NONE',  ( 23.64000000000000767, -4.299999999999999822, -10.40000000000000036 ) ) ;
#892 = CARTESIAN_POINT ( 'NONE',  ( 26.59999999999999787, -4.299999999999999822, -13.40000000000000213 ) ) ;
#893 = FACE_OUTER_BOUND ( 'NONE', #1795, .T. ) ;
#894 = VERTEX_POINT ( 'NONE', #1941 ) ;
#895 = DIRECTION ( 'NONE',  ( -0.000000000000000000, -0.000000000000000000, -1.000000000000000000 ) ) ;
#896 = DIRECTION ( 'NONE',  ( 0.000000000000000000, -1.000000000000000000, 0.000000000000000000 ) ) ;
#897 = EDGE_CURVE ( 'NONE', #894, #1874, #2835, .T. ) ;
#898 = DIRECTION ( 'NONE',  ( 0.000000000000000000, 0.000000000000000000, -1.000000000000000000 ) ) ;
#899 = ORIENTED_EDGE ( 'NONE', *, *, #319, .T. ) ;
#900 = CARTESIAN_POINT ( 'NONE',  ( 12.42000000000000703, -18.75247584249852650, -28.00000000000000355 ) ) ;
#901 = ORIENTED_EDGE ( 'NONE', *, *, #1155, .F. ) ;
#902 = ADVANCED_FACE ( 'NONE', ( #395 ), #470, .T. ) ;
#903 = CARTESIAN_POINT ( 'NONE',  ( 35.17999999999999972, -7.500000000000000000, -16.00000000000000355 ) ) ;
#904 = CARTESIAN_POINT ( 'NONE',  ( 47.28000000000000114, -7.500000000000000000, -14.49999999999999822 ) ) ;
#905 = LINE ( 'NONE', #845, #1122 ) ;
#906 = ORIENTED_EDGE ( 'NONE', *, *, #851, .F. ) ;
#907 = CARTESIAN_POINT ( 'NONE',  ( 42.26000000000000512, -2.000000000000000000, -16.50000000000000000 ) ) ;
#908 = EDGE_CURVE ( 'NONE', #1504, #1445, #699, .T. ) ;
#909 = CARTESIAN_POINT ( 'NONE',  ( 47.28000000000000114, -6.299999999999999822, -10.40000000000000036 ) ) ;
#910 = CARTESIAN_POINT ( 'NONE',  ( 0.000000000000000000, 0.000000000000000000, 0.000000000000000000 ) ) ;
#911 = EDGE_CURVE ( 'NONE', #1726, #561, #1990, .T. ) ;
#912 = VERTEX_POINT ( 'NONE', #1099 ) ;
#913 = ORIENTED_EDGE ( 'NONE', *, *, #1325, .T. ) ;
#914 = CARTESIAN_POINT ( 'NONE',  ( 42.26000000000000512, -2.000000000000000000, -16.00000000000000000 ) ) ;
#915 = DIRECTION ( 'NONE',  ( -0.000000000000000000, -1.000000000000000000, -0.000000000000000000 ) ) ;
#916 = DIRECTION ( 'NONE',  ( -0.000000000000000000, -1.000000000000000000, -0.000000000000000000 ) ) ;
#917 = ORIENTED_EDGE ( 'NONE', *, *, #941, .T. ) ;
#918 = EDGE_CURVE ( 'NONE', #1161, #983, #452, .T. ) ;
#919 = DIRECTION ( 'NONE',  ( -0.000000000000000000, 1.000000000000000000, -0.000000000000000000 ) ) ;
#920 = DIRECTION ( 'NONE',  ( 1.000000000000000000, -0.000000000000000000, -5.782411586589358822E-15 ) ) ;
#921 = VECTOR ( 'NONE', #1037, 1000.000000000000000 ) ;
#922 = DIRECTION ( 'NONE',  ( 0.000000000000000000, 0.000000000000000000, 1.000000000000000000 ) ) ;
#923 = AXIS2_PLACEMENT_3D ( 'NONE', #1211, #52, #1838 ) ;
#924 = VECTOR ( 'NONE', #1330, 1000.000000000000000 ) ;
#925 = PRESENTATION_LAYER_ASSIGNMENT (  '', '', ( #2886 ) ) ;
#926 = ADVANCED_FACE ( 'NONE', ( #877 ), #710, .F. ) ;
#927 = VECTOR ( 'NONE', #303, 1000.000000000000000 ) ;
#928 = VECTOR ( 'NONE', #2379, 1000.000000000000000 ) ;
#929 = EDGE_CURVE ( 'NONE', #1888, #168, #937, .T. ) ;
#930 = ORIENTED_EDGE ( 'NONE', *, *, #994, .T. ) ;
#931 = AXIS2_PLACEMENT_3D ( 'NONE', #2374, #2782, #1651 ) ;
#932 = EDGE_LOOP ( 'NONE', ( #298, #2172, #888, #208 ) ) ;
#933 = CARTESIAN_POINT ( 'NONE',  ( 30.28000000000000114, -7.500000000000000000, -14.49999999999999822 ) ) ;
#934 = PLANE ( 'NONE',  #113 ) ;
#935 = CARTESIAN_POINT ( 'NONE',  ( 19.42000000000000171, -1.200000000000013278, -24.09999999999999787 ) ) ;
#936 = ORIENTED_EDGE ( 'NONE', *, *, #929, .F. ) ;
#937 = LINE ( 'NONE', #1552, #2740 ) ;
#938 = LINE ( 'NONE', #2731, #317 ) ;
#939 = CARTESIAN_POINT ( 'NONE',  ( 31.52000000000000668, -2.000000000000000000, -27.59999999999999787 ) ) ;
#940 = ORIENTED_EDGE ( 'NONE', *, *, #1818, .F. ) ;
#941 = EDGE_CURVE ( 'NONE', #1028, #846, #1786, .T. ) ;
#942 = ORIENTED_EDGE ( 'NONE', *, *, #209, .T. ) ;
#943 = EDGE_CURVE ( 'NONE', #583, #1841, #646, .T. ) ;
#944 = CARTESIAN_POINT ( 'NONE',  ( 5.999999999999998224, -1.200000000000006395, -6.199999999999993960 ) ) ;
#945 = CARTESIAN_POINT ( 'NONE',  ( 9.520000000000006679, -3.100000000000000533, -29.69999999999999929 ) ) ;
#946 = DIRECTION ( 'NONE',  ( 0.000000000000000000, 0.000000000000000000, 1.000000000000000000 ) ) ;
#947 = ORIENTED_EDGE ( 'NONE', *, *, #494, .T. ) ;
#948 = DIRECTION ( 'NONE',  ( 0.000000000000000000, 0.000000000000000000, -1.000000000000000000 ) ) ;
#949 = FACE_OUTER_BOUND ( 'NONE', #1909, .T. ) ;
#950 = EDGE_CURVE ( 'NONE', #1162, #1049, #2446, .T. ) ;
#951 = FACE_OUTER_BOUND ( 'NONE', #2149, .T. ) ;
#952 = ORIENTED_EDGE ( 'NONE', *, *, #2449, .T. ) ;
#953 = MANIFOLD_SOLID_BREP ( 'Cut-Extrude3', #1107 ) ;
#954 = ORIENTED_EDGE ( 'NONE', *, *, #690, .T. ) ;
#955 = DIRECTION ( 'NONE',  ( 0.000000000000000000, 0.000000000000000000, 1.000000000000000000 ) ) ;
#956 = DIRECTION ( 'NONE',  ( -3.942553354492742545E-16, 0.000000000000000000, 1.000000000000000000 ) ) ;
#957 = CARTESIAN_POINT ( 'NONE',  ( 19.42000000000000171, -1.200000000000013278, -22.39999999999999503 ) ) ;
#958 = VERTEX_POINT ( 'NONE', #257 ) ;
#959 = CARTESIAN_POINT ( 'NONE',  ( 5.819999999999999396, -2.000000000000000000, -17.69999999999999929 ) ) ;
#960 = LINE ( 'NONE', #51, #1384 ) ;
#961 = CARTESIAN_POINT ( 'NONE',  ( 30.98000000000000043, -7.500000000000000000, -17.69999999999999574 ) ) ;
#962 = VECTOR ( 'NONE', #656, 1000.000000000000000 ) ;
#963 = EDGE_CURVE ( 'NONE', #2660, #235, #1329, .T. ) ;
#964 = VECTOR ( 'NONE', #2111, 1000.000000000000000 ) ;
#965 = CYLINDRICAL_SURFACE ( 'NONE', #2274, 1.700000000000000178 ) ;
#966 = AXIS2_PLACEMENT_3D ( 'NONE', #959, #1849, #2573 ) ;
#967 = EDGE_CURVE ( 'NONE', #1888, #728, #218, .T. ) ;
#968 = VERTEX_POINT ( 'NONE', #907 ) ;
#969 = VERTEX_POINT ( 'NONE', #1796 ) ;
#970 = VECTOR ( 'NONE', #1952, 1000.000000000000000 ) ;
#971 = AXIS2_PLACEMENT_3D ( 'NONE', #2122, #1019, #2586 ) ;
#972 = LINE ( 'NONE', #1696, #420 ) ;
#973 = DIRECTION ( 'NONE',  ( 0.000000000000000000, 1.000000000000000000, 0.000000000000000000 ) ) ;
#974 = LINE ( 'NONE', #2727, #1860 ) ;
#975 = ORIENTED_EDGE ( 'NONE', *, *, #897, .T. ) ;
#976 = CARTESIAN_POINT ( 'NONE',  ( 35.17999999999999972, -7.500000000000000000, -17.69999999999999929 ) ) ;
#977 = DIRECTION ( 'NONE',  ( 0.000000000000000000, 1.000000000000000000, 0.000000000000000000 ) ) ;
#978 = EDGE_CURVE ( 'NONE', #2871, #1562, #881, .T. ) ;
#979 = LINE ( 'NONE', #2732, #1851 ) ;
#980 = EDGE_CURVE ( 'NONE', #210, #2376, #2472, .T. ) ;
#981 = DIRECTION ( 'NONE',  ( 0.000000000000000000, 0.000000000000000000, 1.000000000000000000 ) ) ;
#982 = LINE ( 'NONE', #755, #2560 ) ;
#983 = VERTEX_POINT ( 'NONE', #976 ) ;
#984 = VERTEX_POINT ( 'NONE', #2055 ) ;
#985 = CARTESIAN_POINT ( 'NONE',  ( 0.7199999999999999734, -1.500000000000008216, -27.59999999999999787 ) ) ;
#986 = CARTESIAN_POINT ( 'NONE',  ( 0.000000000000000000, -2.000000000000000000, 0.000000000000000000 ) ) ;
#987 = DIRECTION ( 'NONE',  ( 0.000000000000000000, 0.000000000000000000, -1.000000000000000000 ) ) ;
#988 = ORIENTED_EDGE ( 'NONE', *, *, #1835, .T. ) ;
#989 = LINE ( 'NONE', #2771, #1065 ) ;
#990 = DIRECTION ( 'NONE',  ( -0.000000000000000000, 0.000000000000000000, -1.000000000000000000 ) ) ;
#991 = FACE_OUTER_BOUND ( 'NONE', #2235, .T. ) ;
#992 = LINE ( 'NONE', #1703, #1956 ) ;
#993 = CARTESIAN_POINT ( 'NONE',  ( 10.51999999999999780, -2.000000000000000000, -18.19999999999999929 ) ) ;
#994 = EDGE_CURVE ( 'NONE', #604, #2103, #1656, .T. ) ;
#995 = DIRECTION ( 'NONE',  ( -0.000000000000000000, 0.7071067811865507924, 0.7071067811865441310 ) ) ;
#996 = ORIENTED_EDGE ( 'NONE', *, *, #799, .F. ) ;
#997 = ORIENTED_EDGE ( 'NONE', *, *, #2562, .F. ) ;
#998 = CARTESIAN_POINT ( 'NONE',  ( 11.39999999999999680, -2.000000000000000000, -18.19999999999999929 ) ) ;
#999 = ORIENTED_EDGE ( 'NONE', *, *, #1472, .F. ) ;
#1000 = PLANE ( 'NONE',  #2231 ) ;
#1001 = ORIENTED_EDGE ( 'NONE', *, *, #2594, .F. ) ;
#1002 = LINE ( 'NONE', #1168, #312 ) ;
#1003 = PLANE ( 'NONE',  #971 ) ;
#1004 = EDGE_CURVE ( 'NONE', #195, #2495, #738, .T. ) ;
#1005 = LINE ( 'NONE', #287, #824 ) ;
#1006 = DIRECTION ( 'NONE',  ( -0.000000000000000000, 1.000000000000000000, 0.000000000000000000 ) ) ;
#1007 = DIRECTION ( 'NONE',  ( 2.081668171172166620E-14, 0.000000000000000000, -1.000000000000000000 ) ) ;
#1008 = VECTOR ( 'NONE', #2454, 1000.000000000000000 ) ;
#1009 = EDGE_LOOP ( 'NONE', ( #1287, #1106, #401, #341 ) ) ;
#1010 = ORIENTED_EDGE ( 'NONE', *, *, #2531, .F. ) ;
#1011 = CIRCLE ( 'NONE', #2696, 1.699999999999999289 ) ;
#1012 = DIRECTION ( 'NONE',  ( 1.000000000000000000, 0.000000000000000000, 0.000000000000000000 ) ) ;
#1013 = EDGE_CURVE ( 'NONE', #2848, #2894, #1002, .T. ) ;
#1014 = ORIENTED_EDGE ( 'NONE', *, *, #2682, .T. ) ;
#1016 = VECTOR ( 'NONE', #2363, 1000.000000000000000 ) ;
#1015 = DIRECTION ( 'NONE',  ( 0.000000000000000000, -1.000000000000000000, 0.000000000000000000 ) ) ;
#1017 = ORIENTED_EDGE ( 'NONE', *, *, #1055, .T. ) ;
#1018 = CIRCLE ( 'NONE', #2369, 1.700000000000000178 ) ;
#1019 = DIRECTION ( 'NONE',  ( -0.2674823750471086448, 0.000000000000000000, 0.9635627530364371252 ) ) ;
#1020 = CARTESIAN_POINT ( 'NONE',  ( 19.42000000000000171, -1.200000000000013278, -24.09999999999999787 ) ) ;
#1021 = CIRCLE ( 'NONE', #2276, 0.5000000000000004441 ) ;
#1022 = DIRECTION ( 'NONE',  ( 0.000000000000000000, -1.000000000000000000, -0.000000000000000000 ) ) ;
#1023 = EDGE_CURVE ( 'NONE', #1874, #2592, #2788, .T. ) ;
#1024 = CARTESIAN_POINT ( 'NONE',  ( 23.64000000000000767, -4.299999999999999822, -10.40000000000000036 ) ) ;
#1025 = AXIS2_PLACEMENT_3D ( 'NONE', #1897, #1506, #2809 ) ;
#1026 = DIRECTION ( 'NONE',  ( 0.000000000000000000, 0.000000000000000000, 1.000000000000000000 ) ) ;
#1027 = ADVANCED_FACE ( 'NONE', ( #2332 ), #1222, .T. ) ;
#1028 = VERTEX_POINT ( 'NONE', #2109 ) ;
#1029 = ORIENTED_EDGE ( 'NONE', *, *, #1047, .T. ) ;
#1030 = EDGE_CURVE ( 'NONE', #1861, #1649, #727, .T. ) ;
#1031 = PLANE ( 'NONE',  #2373 ) ;
#1032 = EDGE_LOOP ( 'NONE', ( #437, #1376, #419, #2683 ) ) ;
#1033 = CARTESIAN_POINT ( 'NONE',  ( 12.42000000000000348, -18.75247584249852650, -21.00000000000000355 ) ) ;
#1034 = EDGE_LOOP ( 'NONE', ( #988, #1624, #434, #1576 ) ) ;
#1035 = EDGE_CURVE ( 'NONE', #2387, #1716, #2287, .T. ) ;
#1036 = DIRECTION ( 'NONE',  ( 1.000000000000000000, -0.000000000000000000, -0.000000000000000000 ) ) ;
#1037 = DIRECTION ( 'NONE',  ( -0.000000000000000000, 1.000000000000000000, 0.000000000000000000 ) ) ;
#1038 = CARTESIAN_POINT ( 'NONE',  ( 6.819999999999999396, -6.299999999999999822, -14.49999999999999822 ) ) ;
#1039 = DIRECTION ( 'NONE',  ( -0.000000000000000000, -1.000000000000000000, -0.000000000000000000 ) ) ;
#1040 = DIRECTION ( 'NONE',  ( 0.000000000000000000, -1.000000000000000000, 0.000000000000000000 ) ) ;
#1041 = EDGE_CURVE ( 'NONE', #2699, #2580, #1377, .T. ) ;
#1042 = ORIENTED_EDGE ( 'NONE', *, *, #1356, .T. ) ;
#1043 = VERTEX_POINT ( 'NONE', #75 ) ;
#1044 = CARTESIAN_POINT ( 'NONE',  ( 42.00000000000000000, -2.000000000000000000, -4.499999999999999112 ) ) ;
#1045 = ADVANCED_BREP_SHAPE_REPRESENTATION ( 'battery_cap_1mm', ( #953, #1900 ), #31 ) ;
#1046 = ORIENTED_EDGE ( 'NONE', *, *, #1023, .T. ) ;
#1047 = EDGE_CURVE ( 'NONE', #324, #374, #2496, .T. ) ;
#1048 = FACE_OUTER_BOUND ( 'NONE', #2360, .T. ) ;
#1049 = VERTEX_POINT ( 'NONE', #2509 ) ;
#1050 = CARTESIAN_POINT ( 'NONE',  ( 48.00000000000000000, -2.000000000000000000, -9.000000000000000000 ) ) ;
#1051 = DIRECTION ( 'NONE',  ( 8.659560562354962440E-17, 0.7071067811865452413, -0.7071067811865499042 ) ) ;
#1052 = ORIENTED_EDGE ( 'NONE', *, *, #94, .T. ) ;
#1053 = CARTESIAN_POINT ( 'NONE',  ( 47.28000000000000114, -4.299999999999999822, -14.49999999999999822 ) ) ;
#1054 = LINE ( 'NONE', #1660, #1073 ) ;
#1055 = EDGE_CURVE ( 'NONE', #850, #574, #520, .T. ) ;
#1056 = DIRECTION ( 'NONE',  ( -2.843808977011159309E-16, 0.000000000000000000, 1.000000000000000000 ) ) ;
#1057 = ORIENTED_EDGE ( 'NONE', *, *, #314, .F. ) ;
#1058 = ORIENTED_EDGE ( 'NONE', *, *, #1225, .F. ) ;
#1059 = EDGE_CURVE ( 'NONE', #1841, #2263, #1405, .T. ) ;
#1060 = ORIENTED_EDGE ( 'NONE', *, *, #1674, .T. ) ;
#1061 = DIRECTION ( 'NONE',  ( -0.000000000000000000, -0.000000000000000000, 1.000000000000000000 ) ) ;
#1062 = VERTEX_POINT ( 'NONE', #1179 ) ;
#1063 = AXIS2_PLACEMENT_3D ( 'NONE', #553, #1645, #1408 ) ;
#1064 = DIRECTION ( 'NONE',  ( 0.000000000000000000, 1.000000000000000000, 0.000000000000000000 ) ) ;
#1065 = VECTOR ( 'NONE', #1836, 1000.000000000000000 ) ;
#1066 = FACE_OUTER_BOUND ( 'NONE', #1768, .T. ) ;
#1067 = DIRECTION ( 'NONE',  ( 0.000000000000000000, 0.000000000000000000, -1.000000000000000000 ) ) ;
#1068 = ORIENTED_EDGE ( 'NONE', *, *, #1523, .T. ) ;
#1069 = CARTESIAN_POINT ( 'NONE',  ( 6.819999999999998508, -11.79999999999999893, -9.099999999999997868 ) ) ;
#1070 = VECTOR ( 'NONE', #2442, 1000.000000000000000 ) ;
#1071 = CARTESIAN_POINT ( 'NONE',  ( 11.39999999999999680, -7.500000000000000000, -14.49999999999999822 ) ) ;
#1072 = EDGE_CURVE ( 'NONE', #968, #2735, #1902, .T. ) ;
#1073 = VECTOR ( 'NONE', #1916, 1000.000000000000000 ) ;
#1074 = CARTESIAN_POINT ( 'NONE',  ( 47.27999999999999403, -1.750000000000006439, -27.84999999999999787 ) ) ;
#1075 = EDGE_CURVE ( 'NONE', #211, #708, #751, .T. ) ;
#1076 = AXIS2_PLACEMENT_3D ( 'NONE', #1521, #2412, #2196 ) ;
#1077 = EDGE_LOOP ( 'NONE', ( #1778, #940, #2644, #383 ) ) ;
#1078 = VERTEX_POINT ( 'NONE', #50 ) ;
#1079 = ORIENTED_EDGE ( 'NONE', *, *, #2776, .F. ) ;
#1080 = DIRECTION ( 'NONE',  ( 0.000000000000000000, 0.000000000000000000, 1.000000000000000000 ) ) ;
#1081 = ORIENTED_EDGE ( 'NONE', *, *, #602, .F. ) ;
#1082 = LINE ( 'NONE', #1972, #1386 ) ;
#1083 = CARTESIAN_POINT ( 'NONE',  ( 47.28000000000000114, -4.299999999999999822, -10.40000000000000036 ) ) ;
#1084 = CYLINDRICAL_SURFACE ( 'NONE', #2432, 1.700000000000000178 ) ;
#1085 = ORIENTED_EDGE ( 'NONE', *, *, #172, .F. ) ;
#1086 = DIRECTION ( 'NONE',  ( 0.000000000000000000, 1.000000000000000000, 0.000000000000000000 ) ) ;
#1087 = LINE ( 'NONE', #238, #1348 ) ;
#1088 = DIRECTION ( 'NONE',  ( 1.000000000000000000, 0.000000000000000000, 2.843808977011159309E-16 ) ) ;
#1089 = EDGE_CURVE ( 'NONE', #324, #958, #989, .T. ) ;
#1090 = ORIENTED_EDGE ( 'NONE', *, *, #1023, .F. ) ;
#1091 = ORIENTED_EDGE ( 'NONE', *, *, #1108, .T. ) ;
#1092 = ORIENTED_EDGE ( 'NONE', *, *, #1596, .T. ) ;
#1093 = CARTESIAN_POINT ( 'NONE',  ( 11.39999999999999680, -7.500000000000000000, -13.40000000000000213 ) ) ;
#1094 = EDGE_LOOP ( 'NONE', ( #885, #2828, #1272, #2117 ) ) ;
#1095 = DIRECTION ( 'NONE',  ( -0.000000000000000000, -1.000000000000000000, 0.000000000000000000 ) ) ;
#1096 = LINE ( 'NONE', #892, #1754 ) ;
#1097 = DIRECTION ( 'NONE',  ( -0.000000000000000000, -1.000000000000000000, -0.000000000000000000 ) ) ;
#1098 = VERTEX_POINT ( 'NONE', #2730 ) ;
#1099 = CARTESIAN_POINT ( 'NONE',  ( 6.819999999999998508, -11.79999999999999893, -9.099999999999997868 ) ) ;
#1100 = FACE_OUTER_BOUND ( 'NONE', #1524, .T. ) ;
#1101 = DIRECTION ( 'NONE',  ( -0.000000000000000000, 1.000000000000000000, -0.000000000000000000 ) ) ;
#1102 = ORIENTED_EDGE ( 'NONE', *, *, #1930, .F. ) ;
#1103 = ORIENTED_EDGE ( 'NONE', *, *, #2485, .F. ) ;
#1104 = ORIENTED_EDGE ( 'NONE', *, *, #1275, .F. ) ;
#1105 = CARTESIAN_POINT ( 'NONE',  ( 34.67999999999999972, -7.500000000000000000, -16.50000000000000355 ) ) ;
#1106 = ORIENTED_EDGE ( 'NONE', *, *, #884, .F. ) ;
#1107 = CLOSED_SHELL ( 'NONE', ( #2895, #2543, #1635, #2123, #2694, #2352, #1281, #2489, #1458, #2599, #385, #732, #194, #1964, #1973, #582, #397, #1462, #2098, #1027, #2247, #1668, #2686, #2525, #1142, #594, #722, #529, #1171, #2033, #2020, #2767, #1382, #672, #1955, #615, #1926, #1627, #1436, #2604, #2840, #2620, #2370, #2204, #294, #2270, #2283, #2715, #2001, #704, #1332, #60, #184, #1515, #1825, #2137, #2541, #1407, #2261, #516, #1725, #1804, #236, #2590, #902, #2264, #1769, #476, #2428, #222, #464, #10, #15, #2679, #373, #870, #501, #2645, #2114, #413, #1761, #1852, #1567, #142, #825, #2856, #926, #2613, #157 ) ) ;
#1108 = EDGE_CURVE ( 'NONE', #1914, #2203, #720, .T. ) ;
#1109 = CARTESIAN_POINT ( 'NONE',  ( 35.17999999999999972, -2.000000000000000000, -17.69999999999999929 ) ) ;
#1110 = DIRECTION ( 'NONE',  ( 0.000000000000000000, 1.000000000000000000, 0.000000000000000000 ) ) ;
#1112 = VECTOR ( 'NONE', #1257, 1000.000000000000000 ) ;
#1111 = DIRECTION ( 'NONE',  ( 1.000000000000000000, -0.000000000000000000, -1.334402673828313241E-15 ) ) ;
#1113 = ORIENTED_EDGE ( 'NONE', *, *, #380, .T. ) ;
#1114 = DIRECTION ( 'NONE',  ( -0.000000000000000000, 1.000000000000000000, 0.000000000000000000 ) ) ;
#1115 = VECTOR ( 'NONE', #2236, 1000.000000000000000 ) ;
#1116 = DIRECTION ( 'NONE',  ( 0.000000000000000000, 0.000000000000000000, -1.000000000000000000 ) ) ;
#1117 = AXIS2_PLACEMENT_3D ( 'NONE', #182, #2166, #1080 ) ;
#1118 = CIRCLE ( 'NONE', #1537, 0.5000000000000004441 ) ;
#1119 = FACE_BOUND ( 'NONE', #1865, .T. ) ;
#1120 = CONICAL_SURFACE ( 'NONE', #931, 1.699999999999999289, 0.7853981633974516097 ) ;
#1121 = EDGE_CURVE ( 'NONE', #284, #779, #500, .T. ) ;
#1122 = VECTOR ( 'NONE', #1988, 1000.000000000000000 ) ;
#1123 = ORIENTED_EDGE ( 'NONE', *, *, #861, .T. ) ;
#1124 = ORIENTED_EDGE ( 'NONE', *, *, #622, .T. ) ;
#1125 = DIRECTION ( 'NONE',  ( -0.000000000000000000, -1.000000000000000000, -0.000000000000000000 ) ) ;
#1126 = CARTESIAN_POINT ( 'NONE',  ( 31.52000000000000668, -3.100000000000000533, -29.69999999999999929 ) ) ;
#1127 = LINE ( 'NONE', #2851, #2556 ) ;
#1128 = VERTEX_POINT ( 'NONE', #61 ) ;
#1129 = EDGE_CURVE ( 'NONE', #1649, #1861, #545, .T. ) ;
#1130 = CARTESIAN_POINT ( 'NONE',  ( 11.39999999999999680, -7.500000000000000000, -18.19999999999999929 ) ) ;
#1131 = DIRECTION ( 'NONE',  ( -0.000000000000000000, 0.000000000000000000, -1.000000000000000000 ) ) ;
#1132 = FACE_OUTER_BOUND ( 'NONE', #2013, .T. ) ;
#1133 = ORIENTED_EDGE ( 'NONE', *, *, #1242, .T. ) ;
#1134 = ORIENTED_EDGE ( 'NONE', *, *, #2884, .T. ) ;
#1135 = CARTESIAN_POINT ( 'NONE',  ( 0.7200000000000000844, 7.549999999999992717, -18.55000000000007887 ) ) ;
#1136 = EDGE_CURVE ( 'NONE', #1078, #1199, #2132, .T. ) ;
#1137 = FACE_OUTER_BOUND ( 'NONE', #1732, .T. ) ;
#1138 = CARTESIAN_POINT ( 'NONE',  ( 6.319999999999998508, -2.000000000000000000, -16.50000000000000000 ) ) ;
#1139 = ORIENTED_EDGE ( 'NONE', *, *, #278, .T. ) ;
#1140 = CARTESIAN_POINT ( 'NONE',  ( 12.39999036921260434, -4.299999999999999822, -13.11561120950240245 ) ) ;
#1141 = CARTESIAN_POINT ( 'NONE',  ( 0.7199999999999999734, -11.79999999999999893, -9.099999999999997868 ) ) ;
#1142 = ADVANCED_FACE ( 'NONE', ( #564 ), #1450, .T. ) ;
#1143 = DIRECTION ( 'NONE',  ( 0.000000000000000000, 1.000000000000000000, 0.000000000000000000 ) ) ;
#1144 = EDGE_CURVE ( 'NONE', #1841, #668, #1857, .T. ) ;
#1145 = EDGE_LOOP ( 'NONE', ( #2049, #19 ) ) ;
#1146 = ORIENTED_EDGE ( 'NONE', *, *, #22, .F. ) ;
#1147 = EDGE_CURVE ( 'NONE', #1229, #1874, #2130, .T. ) ;
#1148 = LINE ( 'NONE', #933, #886 ) ;
#1149 = LINE ( 'NONE', #215, #537 ) ;
#1150 = CARTESIAN_POINT ( 'NONE',  ( 5.999999999999998224, 0.000000000000000000, -1.599999999999980771 ) ) ;
#1151 = ORIENTED_EDGE ( 'NONE', *, *, #1737, .F. ) ;
#1152 = CARTESIAN_POINT ( 'NONE',  ( 10.51999999999999780, -2.000000000000000000, -17.69999999999999929 ) ) ;
#1153 = CARTESIAN_POINT ( 'NONE',  ( 30.28000000000000114, -2.000000000000000000, -14.39999999999999503 ) ) ;
#1154 = PLANE ( 'NONE',  #643 ) ;
#1155 = EDGE_CURVE ( 'NONE', #2894, #384, #1294, .T. ) ;
#1156 = VECTOR ( 'NONE', #2608, 1000.000000000000000 ) ;
#1157 = AXIS2_PLACEMENT_3D ( 'NONE', #1654, #1015, #987 ) ;
#1158 = VECTOR ( 'NONE', #1977, 1000.000000000000000 ) ;
#1159 = EDGE_CURVE ( 'NONE', #2508, #1062, #1184, .T. ) ;
#1160 = VECTOR ( 'NONE', #2674, 1000.000000000000000 ) ;
#1161 = VERTEX_POINT ( 'NONE', #768 ) ;
#1162 = VERTEX_POINT ( 'NONE', #1662 ) ;
#1163 = VECTOR ( 'NONE', #1806, 1000.000000000000114 ) ;
#1164 = LINE ( 'NONE', #1821, #649 ) ;
#1165 = CARTESIAN_POINT ( 'NONE',  ( 11.39999999999999680, -2.000000000000000000, -13.40000000000000213 ) ) ;
#1166 = CARTESIAN_POINT ( 'NONE',  ( 42.26000000000000512, -7.500000000000000000, -16.00000000000000000 ) ) ;
#1167 = ORIENTED_EDGE ( 'NONE', *, *, #1159, .T. ) ;
#1168 = CARTESIAN_POINT ( 'NONE',  ( 31.48000000000000043, -7.500000000000000000, -17.69999999999999574 ) ) ;
#1169 = CARTESIAN_POINT ( 'NONE',  ( 10.01999999999999780, -7.500000000000000000, -16.00000000000000000 ) ) ;
#1170 = PLANE ( 'NONE',  #69 ) ;
#1171 = ADVANCED_FACE ( 'NONE', ( #2778 ), #965, .F. ) ;
#1172 =( NAMED_UNIT ( * ) PLANE_ANGLE_UNIT ( ) SI_UNIT ( $, .RADIAN. ) );
#1173 = VERTEX_POINT ( 'NONE', #1636 ) ;
#1174 = VERTEX_POINT ( 'NONE', #1443 ) ;
#1175 = FACE_OUTER_BOUND ( 'NONE', #2108, .T. ) ;
#1176 = CARTESIAN_POINT ( 'NONE',  ( 23.64000000000000057, -6.299999999999999822, -10.40000000000000036 ) ) ;
#1177 = DIRECTION ( 'NONE',  ( 0.000000000000000000, 0.000000000000000000, 1.000000000000000000 ) ) ;
#1178 = ORIENTED_EDGE ( 'NONE', *, *, #522, .F. ) ;
#1179 = CARTESIAN_POINT ( 'NONE',  ( 3.719999999999999307, -2.000000000000000000, -19.39999999999999858 ) ) ;
#1180 = EDGE_CURVE ( 'NONE', #2873, #1525, #1118, .T. ) ;
#1181 = DIRECTION ( 'NONE',  ( -1.000000000000000000, -0.000000000000000000, -0.000000000000000000 ) ) ;
#1182 = LINE ( 'NONE', #786, #590 ) ;
#1183 = DIRECTION ( 'NONE',  ( 0.000000000000000000, 0.000000000000000000, -1.000000000000000000 ) ) ;
#1184 = LINE ( 'NONE', #2102, #1905 ) ;
#1185 = ORIENTED_EDGE ( 'NONE', *, *, #2783, .T. ) ;
#1186 = ORIENTED_EDGE ( 'NONE', *, *, #2729, .T. ) ;
#1187 = FACE_OUTER_BOUND ( 'NONE', #702, .T. ) ;
#1188 = LINE ( 'NONE', #71, #2415 ) ;
#1189 = LINE ( 'NONE', #2076, #2743 ) ;
#1190 = ORIENTED_EDGE ( 'NONE', *, *, #2320, .F. ) ;
#1191 = EDGE_CURVE ( 'NONE', #583, #313, #982, .T. ) ;
#1192 = CARTESIAN_POINT ( 'NONE',  ( 26.59999999999999787, -4.299999999999999822, -14.50000000000000000 ) ) ;
#1193 = CARTESIAN_POINT ( 'NONE',  ( 31.48000000000000043, -2.000000000000000000, -16.00000000000000355 ) ) ;
#1194 = PLANE ( 'NONE',  #2081 ) ;
#1195 = VECTOR ( 'NONE', #302, 1000.000000000000000 ) ;
#1196 = CARTESIAN_POINT ( 'NONE',  ( 30.98000000000000043, -2.000000000000000000, -17.69999999999999574 ) ) ;
#1197 = VECTOR ( 'NONE', #1722, 1000.000000000000000 ) ;
#1198 = ORIENTED_EDGE ( 'NONE', *, *, #1319, .T. ) ;
#1199 = VERTEX_POINT ( 'NONE', #2088 ) ;
#1200 = VECTOR ( 'NONE', #244, 1000.000000000000000 ) ;
#1201 = VECTOR ( 'NONE', #995, 1000.000000000000114 ) ;
#1202 = CARTESIAN_POINT ( 'NONE',  ( 9.520000000000006679, -3.100000000000000533, -28.00000000000000000 ) ) ;
#1203 = VECTOR ( 'NONE', #2307, 1000.000000000000000 ) ;
#1204 = DIRECTION ( 'NONE',  ( -0.000000000000000000, -1.000000000000000000, -0.000000000000000000 ) ) ;
#1205 = CARTESIAN_POINT ( 'NONE',  ( 5.819999999999999396, -7.500000000000000000, -17.69999999999999929 ) ) ;
#1206 = ORIENTED_EDGE ( 'NONE', *, *, #1439, .F. ) ;
#1207 = CARTESIAN_POINT ( 'NONE',  ( 9.520000000000006679, 0.000000000000000000, -28.20000000000000639 ) ) ;
#1208 = VECTOR ( 'NONE', #2297, 1000.000000000000000 ) ;
#1209 = LINE ( 'NONE', #2574, #1856 ) ;
#1210 = EDGE_CURVE ( 'NONE', #563, #384, #1622, .T. ) ;
#1211 = CARTESIAN_POINT ( 'NONE',  ( 30.28000000000000114, -7.500000000000000000, -18.19999999999999574 ) ) ;
#1212 = CARTESIAN_POINT ( 'NONE',  ( 6.319999999999998508, -7.500000000000000000, -16.50000000000000000 ) ) ;
#1213 = CARTESIAN_POINT ( 'NONE',  ( 11.39999999999999680, -4.299999999999999822, -13.12000000000000099 ) ) ;
#1214 = ORIENTED_EDGE ( 'NONE', *, *, #2762, .F. ) ;
#1215 = ORIENTED_EDGE ( 'NONE', *, *, #1487, .F. ) ;
#1216 = PRODUCT_DEFINITION_SHAPE ( 'NONE', 'NONE',  #2435 ) ;
#1217 = EDGE_CURVE ( 'NONE', #2422, #2385, #1239, .T. ) ;
#1218 = CARTESIAN_POINT ( 'NONE',  ( 41.76000000000000512, -7.500000000000000000, -16.50000000000000000 ) ) ;
#1219 = VERTEX_POINT ( 'NONE', #557 ) ;
#1220 = CARTESIAN_POINT ( 'NONE',  ( 0.7199999999999999734, 0.000000000000000000, -26.10000000000000497 ) ) ;
#1221 = ORIENTED_EDGE ( 'NONE', *, *, #2562, .T. ) ;
#1222 = PLANE ( 'NONE',  #1810 ) ;
#1223 = FACE_OUTER_BOUND ( 'NONE', #498, .T. ) ;
#1224 = DIRECTION ( 'NONE',  ( 0.000000000000000000, 1.000000000000000000, 0.000000000000000000 ) ) ;
#1225 = EDGE_CURVE ( 'NONE', #2873, #1320, #2291, .T. ) ;
#1226 = LINE ( 'NONE', #108, #739 ) ;
#1227 = LINE ( 'NONE', #83, #1201 ) ;
#1228 = EDGE_CURVE ( 'NONE', #840, #1229, #1917, .T. ) ;
#1229 = VERTEX_POINT ( 'NONE', #1459 ) ;
#1230 = ORIENTED_EDGE ( 'NONE', *, *, #64, .F. ) ;
#1231 = LINE ( 'NONE', #372, #2564 ) ;
#1232 = ORIENTED_EDGE ( 'NONE', *, *, #1136, .F. ) ;
#1233 = DIRECTION ( 'NONE',  ( 0.000000000000000000, 0.000000000000000000, 1.000000000000000000 ) ) ;
#1234 = ORIENTED_EDGE ( 'NONE', *, *, #2030, .T. ) ;
#1235 = PLANE ( 'NONE',  #1483 ) ;
#1236 = LINE ( 'NONE', #151, #2500 ) ;
#1237 = DIRECTION ( 'NONE',  ( -1.473672855805540847E-16, -0.000000000000000000, -1.000000000000000000 ) ) ;
#1238 = CARTESIAN_POINT ( 'NONE',  ( 31.52000000000000668, -1.500000000000008216, -29.69999999999999929 ) ) ;
#1239 = LINE ( 'NONE', #1397, #2744 ) ;
#1240 = AXIS2_PLACEMENT_3D ( 'NONE', #201, #1110, #2865 ) ;
#1241 = CIRCLE ( 'NONE', #2127, 0.5000000000000004441 ) ;
#1242 = EDGE_CURVE ( 'NONE', #708, #604, #1227, .T. ) ;
#1243 = VERTEX_POINT ( 'NONE', #525 ) ;
#1244 = ORIENTED_EDGE ( 'NONE', *, *, #1782, .T. ) ;
#1245 = DIRECTION ( 'NONE',  ( 0.000000000000000000, 0.000000000000000000, 1.000000000000000000 ) ) ;
#1246 = ORIENTED_EDGE ( 'NONE', *, *, #24, .F. ) ;
#1247 = VECTOR ( 'NONE', #311, 1000.000000000000000 ) ;
#1249 = VECTOR ( 'NONE', #1700, 1000.000000000000000 ) ;
#1248 = CYLINDRICAL_SURFACE ( 'NONE', #1157, 0.5000000000000004441 ) ;
#1250 = ORIENTED_EDGE ( 'NONE', *, *, #861, .F. ) ;
#1251 = VECTOR ( 'NONE', #790, 1000.000000000000000 ) ;
#1252 = LINE ( 'NONE', #534, #731 ) ;
#1253 = LINE ( 'NONE', #1925, #2311 ) ;
#1254 = VECTOR ( 'NONE', #2716, 1000.000000000000000 ) ;
#1255 = CARTESIAN_POINT ( 'NONE',  ( 12.42000000000000348, -2.000000000000000000, -21.00000000000000355 ) ) ;
#1256 = DIRECTION ( 'NONE',  ( 0.000000000000000000, 0.7071067811865452413, 0.7071067811865499042 ) ) ;
#1257 = DIRECTION ( 'NONE',  ( -1.000000000000000000, -0.000000000000000000, -0.000000000000000000 ) ) ;
#1258 = ORIENTED_EDGE ( 'NONE', *, *, #2531, .T. ) ;
#1259 = ORIENTED_EDGE ( 'NONE', *, *, #1689, .T. ) ;
#1260 = EDGE_CURVE ( 'NONE', #2306, #2341, #289, .T. ) ;
#1261 = DIRECTION ( 'NONE',  ( -0.000000000000000000, 1.000000000000000000, -0.000000000000000000 ) ) ;
#1262 = VERTEX_POINT ( 'NONE', #109 ) ;
#1263 = DIRECTION ( 'NONE',  ( 0.000000000000000000, 0.000000000000000000, 1.000000000000000000 ) ) ;
#1264 = ORIENTED_EDGE ( 'NONE', *, *, #2461, .F. ) ;
#1265 = FACE_OUTER_BOUND ( 'NONE', #2294, .T. ) ;
#1266 = CARTESIAN_POINT ( 'NONE',  ( 11.39999999999999680, -7.500000000000000000, -14.49999999999999822 ) ) ;
#1267 = CARTESIAN_POINT ( 'NONE',  ( 9.520000000000006679, -3.100000000000000533, -29.69999999999999929 ) ) ;
#1268 = FACE_OUTER_BOUND ( 'NONE', #2400, .T. ) ;
#1269 = CARTESIAN_POINT ( 'NONE',  ( 26.59999999999999787, -2.000000000000000000, -14.40000000000000391 ) ) ;
#1270 = ORIENTED_EDGE ( 'NONE', *, *, #1121, .F. ) ;
#1271 = ORIENTED_EDGE ( 'NONE', *, *, #207, .F. ) ;
#1272 = ORIENTED_EDGE ( 'NONE', *, *, #2061, .T. ) ;
#1273 = DIRECTION ( 'NONE',  ( -0.000000000000000000, -1.000000000000000000, -0.000000000000000000 ) ) ;
#1274 = ORIENTED_EDGE ( 'NONE', *, *, #1041, .T. ) ;
#1275 = EDGE_CURVE ( 'NONE', #1306, #2203, #1681, .T. ) ;
#1276 = EDGE_CURVE ( 'NONE', #195, #1173, #1018, .T. ) ;
#1277 = PLANE ( 'NONE',  #369 ) ;
#1278 = DIRECTION ( 'NONE',  ( -0.000000000000000000, 0.000000000000000000, 1.000000000000000000 ) ) ;
#1279 = CYLINDRICAL_SURFACE ( 'NONE', #28, 0.5000000000000004441 ) ;
#1280 = ORIENTED_EDGE ( 'NONE', *, *, #278, .F. ) ;
#1281 = ADVANCED_FACE ( 'NONE', ( #2811 ), #512, .F. ) ;
#1282 = LINE ( 'NONE', #2396, #1478 ) ;
#1283 = DIRECTION ( 'NONE',  ( -1.000000000000000000, 0.000000000000000000, -0.000000000000000000 ) ) ;
#1284 = LINE ( 'NONE', #1074, #457 ) ;
#1285 = ORIENTED_EDGE ( 'NONE', *, *, #2022, .T. ) ;
#1286 = CIRCLE ( 'NONE', #262, 1.700000000000000178 ) ;
#1287 = ORIENTED_EDGE ( 'NONE', *, *, #1539, .T. ) ;
#1288 = VERTEX_POINT ( 'NONE', #1647 ) ;
#1289 = CARTESIAN_POINT ( 'NONE',  ( 44.07999999999999829, -2.000000000000000000, -16.10000000000000142 ) ) ;
#1290 = EDGE_LOOP ( 'NONE', ( #2372, #1519, #1744, #791, #1215, #2533 ) ) ;
#1291 = VECTOR ( 'NONE', #1303, 1000.000000000000000 ) ;
#1292 = CARTESIAN_POINT ( 'NONE',  ( 5.999999999999998224, -1.200000000000006395, -4.499999999999994671 ) ) ;
#1293 = AXIS2_PLACEMENT_3D ( 'NONE', #879, #2667, #2019 ) ;
#1294 = CIRCLE ( 'NONE', #269, 0.5000000000000004441 ) ;
#1295 = CARTESIAN_POINT ( 'NONE',  ( 31.48000000000000043, -7.500000000000000000, -16.00000000000000355 ) ) ;
#1296 = LINE ( 'NONE', #216, #41 ) ;
#1297 = EDGE_LOOP ( 'NONE', ( #2388, #1859, #513, #610 ) ) ;
#1298 = CARTESIAN_POINT ( 'NONE',  ( 12.42000000000000703, -3.099999999999998757, -28.00000000000000355 ) ) ;
#1299 = VECTOR ( 'NONE', #2539, 1000.000000000000000 ) ;
#1300 = CYLINDRICAL_SURFACE ( 'NONE', #2042, 0.5000000000000004441 ) ;
#1301 = EDGE_CURVE ( 'NONE', #284, #1649, #536, .T. ) ;
#1302 = AXIS2_PLACEMENT_3D ( 'NONE', #2074, #242, #2025 ) ;
#1303 = DIRECTION ( 'NONE',  ( -0.000000000000000000, 1.000000000000000000, 0.000000000000000000 ) ) ;
#1304 = VECTOR ( 'NONE', #2016, 1000.000000000000000 ) ;
#1305 = VERTEX_POINT ( 'NONE', #1153 ) ;
#1306 = VERTEX_POINT ( 'NONE', #62 ) ;
#1307 = ORIENTED_EDGE ( 'NONE', *, *, #2820, .T. ) ;
#1308 = LINE ( 'NONE', #2214, #970 ) ;
#1309 = ORIENTED_EDGE ( 'NONE', *, *, #1818, .T. ) ;
#1310 = DIRECTION ( 'NONE',  ( -0.000000000000000000, 1.000000000000000000, -0.000000000000000000 ) ) ;
#1311 = PLANE ( 'NONE',  #1240 ) ;
#1312 = APPLICATION_CONTEXT ( 'automotive_design' ) ;
#1313 = DIRECTION ( 'NONE',  ( -0.000000000000000000, -1.000000000000000000, -0.000000000000000000 ) ) ;
#1314 = EDGE_LOOP ( 'NONE', ( #388, #1146, #899, #1068 ) ) ;
#1315 = CARTESIAN_POINT ( 'NONE',  ( 35.17999999999999972, -7.500000000000000000, -18.19999999999999929 ) ) ;
#1316 = FACE_OUTER_BOUND ( 'NONE', #2519, .T. ) ;
#1317 = DIRECTION ( 'NONE',  ( -0.000000000000000000, -1.000000000000000000, -0.000000000000000000 ) ) ;
#1318 = ORIENTED_EDGE ( 'NONE', *, *, #2820, .F. ) ;
#1319 = EDGE_CURVE ( 'NONE', #968, #538, #2067, .T. ) ;
#1320 = VERTEX_POINT ( 'NONE', #1633 ) ;
#1321 = ORIENTED_EDGE ( 'NONE', *, *, #941, .F. ) ;
#1322 = DIRECTION ( 'NONE',  ( -1.000000000000000000, -0.000000000000000000, -0.000000000000000000 ) ) ;
#1323 = ORIENTED_EDGE ( 'NONE', *, *, #950, .T. ) ;
#1324 = DIRECTION ( 'NONE',  ( -0.000000000000000000, -1.000000000000000000, -0.000000000000000000 ) ) ;
#1325 = EDGE_CURVE ( 'NONE', #2452, #1305, #2527, .T. ) ;
#1326 = DIRECTION ( 'NONE',  ( 1.000000000000000000, -0.000000000000000000, -0.000000000000000000 ) ) ;
#1327 = CARTESIAN_POINT ( 'NONE',  ( 31.98000000000000043, -7.500000000000000000, -16.50000000000000355 ) ) ;
#1328 = ORIENTED_EDGE ( 'NONE', *, *, #43, .T. ) ;
#1329 = LINE ( 'NONE', #2018, #415 ) ;
#1330 = DIRECTION ( 'NONE',  ( -0.000000000000000000, -0.000000000000000000, -1.000000000000000000 ) ) ;
#1331 = CARTESIAN_POINT ( 'NONE',  ( 47.28000000000000114, 0.000000000000000000, -9.000000000000000000 ) ) ;
#1332 = ADVANCED_FACE ( 'NONE', ( #2745 ), #1366, .F. ) ;
#1333 = ORIENTED_EDGE ( 'NONE', *, *, #2900, .T. ) ;
#1334 = LINE ( 'NONE', #1527, #730 ) ;
#1335 = EDGE_LOOP ( 'NONE', ( #1673, #1999, #2262, #2441 ) ) ;
#1336 = CARTESIAN_POINT ( 'NONE',  ( 30.28000000000000114, -7.500000000000000000, -14.39999999999999503 ) ) ;
#1337 = CARTESIAN_POINT ( 'NONE',  ( 0.7199999999999991962, -7.500000000000000000, -14.49999999999999822 ) ) ;
#1339 = VECTOR ( 'NONE', #600, 1000.000000000000000 ) ;
#1338 = LINE ( 'NONE', #657, #1388 ) ;
#1340 = ORIENTED_EDGE ( 'NONE', *, *, #2449, .F. ) ;
#1341 =( NAMED_UNIT ( * ) PLANE_ANGLE_UNIT ( ) SI_UNIT ( $, .RADIAN. ) );
#1342 = VECTOR ( 'NONE', #2542, 1000.000000000000000 ) ;
#1343 = LINE ( 'NONE', #453, #650 ) ;
#1344 = CIRCLE ( 'NONE', #2131, 0.5000000000000004441 ) ;
#1345 = VECTOR ( 'NONE', #920, 1000.000000000000000 ) ;
#1346 = FACE_OUTER_BOUND ( 'NONE', #480, .T. ) ;
#1347 = AXIS2_PLACEMENT_3D ( 'NONE', #573, #114, #2801 ) ;
#1348 = VECTOR ( 'NONE', #2457, 1000.000000000000000 ) ;
#1349 = EDGE_LOOP ( 'NONE', ( #603, #1270, #149, #1551 ) ) ;
#1350 = PRODUCT_CONTEXT ( 'NONE', #1312, 'mechanical' ) ;
#1351 = VERTEX_POINT ( 'NONE', #2512 ) ;
#1352 = DIRECTION ( 'NONE',  ( -1.000000000000000000, 0.000000000000000000, -0.000000000000000000 ) ) ;
#1353 = DIRECTION ( 'NONE',  ( 0.000000000000000000, 1.000000000000000000, 0.000000000000000000 ) ) ;
#1354 = CARTESIAN_POINT ( 'NONE',  ( 26.59999999999999787, -7.500000000000000000, -13.40000000000000213 ) ) ;
#1355 = EDGE_LOOP ( 'NONE', ( #2184, #817, #371, #429 ) ) ;
#1356 = EDGE_CURVE ( 'NONE', #1098, #745, #2258, .T. ) ;
#1357 = PLANE ( 'NONE',  #2045 ) ;
#1358 = FACE_OUTER_BOUND ( 'NONE', #241, .T. ) ;
#1359 = VERTEX_POINT ( 'NONE', #1141 ) ;
#1360 = ORIENTED_EDGE ( 'NONE', *, *, #1180, .F. ) ;
#1361 = CARTESIAN_POINT ( 'NONE',  ( 6.819999999999999396, -7.500000000000000000, -14.49999999999999822 ) ) ;
#1362 = DIRECTION ( 'NONE',  ( 1.000000000000000000, -0.000000000000000000, -0.000000000000000000 ) ) ;
#1363 = PLANE ( 'NONE',  #788 ) ;
#1364 = VERTEX_POINT ( 'NONE', #1811 ) ;
#1365 = CARTESIAN_POINT ( 'NONE',  ( 12.42000000000000348, -1.000000000000000000, -16.00000000000000355 ) ) ;
#1366 = PLANE ( 'NONE',  #503 ) ;
#1367 = EDGE_CURVE ( 'NONE', #2825, #447, #2249, .T. ) ;
#1368 = CARTESIAN_POINT ( 'NONE',  ( 30.28000000000000114, -2.000000000000000000, -18.19999999999999574 ) ) ;
#1369 = EDGE_CURVE ( 'NONE', #1128, #771, #2273, .T. ) ;
#1370 = ORIENTED_EDGE ( 'NONE', *, *, #481, .F. ) ;
#1371 = ORIENTED_EDGE ( 'NONE', *, *, #406, .T. ) ;
#1372 = EDGE_CURVE ( 'NONE', #2894, #1525, #274, .T. ) ;
#1373 = PLANE ( 'NONE',  #1302 ) ;
#1374 = DIRECTION ( 'NONE',  ( -0.000000000000000000, 1.000000000000000000, 0.000000000000000000 ) ) ;
#1375 = CARTESIAN_POINT ( 'NONE',  ( 12.42000000000000348, -18.75247584249852650, -21.00000000000000355 ) ) ;
#1376 = ORIENTED_EDGE ( 'NONE', *, *, #64, .T. ) ;
#1377 = LINE ( 'NONE', #299, #458 ) ;
#1378 = CARTESIAN_POINT ( 'NONE',  ( 42.26000000000000512, -7.500000000000000000, -18.19999999999999574 ) ) ;
#1379 = VECTOR ( 'NONE', #1374, 1000.000000000000000 ) ;
#1380 = DIRECTION ( 'NONE',  ( -0.000000000000000000, 1.000000000000000000, -0.000000000000000000 ) ) ;
#1381 = VECTOR ( 'NONE', #1317, 1000.000000000000000 ) ;
#1382 = ADVANCED_FACE ( 'NONE', ( #2720 ), #1357, .T. ) ;
#1383 = VECTOR ( 'NONE', #633, 1000.000000000000000 ) ;
#1384 = VECTOR ( 'NONE', #1181, 1000.000000000000000 ) ;
#1385 = ORIENTED_EDGE ( 'NONE', *, *, #1217, .F. ) ;
#1386 = VECTOR ( 'NONE', #1746, 1000.000000000000000 ) ;
#1387 = ORIENTED_EDGE ( 'NONE', *, *, #1210, .F. ) ;
#1388 = VECTOR ( 'NONE', #450, 1000.000000000000000 ) ;
#1389 = CYLINDRICAL_SURFACE ( 'NONE', #128, 0.9999999999999991118 ) ;
#1390 = CARTESIAN_POINT ( 'NONE',  ( 10.51999999999999780, -7.500000000000000000, -17.69999999999999929 ) ) ;
#1391 = DIRECTION ( 'NONE',  ( 0.000000000000000000, -1.000000000000000000, 0.000000000000000000 ) ) ;
#1392 = EDGE_LOOP ( 'NONE', ( #1321, #355, #2241, #1090, #497, #147, #2843, #1079, #1602, #325, #1997, #423, #1904, #842, #852, #265, #54, #792, #486, #1720, #2023, #2219, #1058, #729, #1994, #2611, #1387, #1932, #404, #2158, #435, #2631, #1102, #1460, #1190, #1449, #587, #2764, #631, #441, #621, #1921, #198, #2133, #2571, #1214, #1250, #159 ) ) ;
#1393 = CARTESIAN_POINT ( 'NONE',  ( 5.999999999999998224, -1.200000000000006395, -4.499999999999994671 ) ) ;
#1394 = DIRECTION ( 'NONE',  ( 0.000000000000000000, 0.7071067811865442421, -0.7071067811865509034 ) ) ;
#1395 = CARTESIAN_POINT ( 'NONE',  ( 11.39999999999999680, -6.299999999999999822, -14.49999999999999822 ) ) ;
#1396 = SHAPE_DEFINITION_REPRESENTATION ( #1216, #1045 ) ;
#1397 = CARTESIAN_POINT ( 'NONE',  ( 42.76000000000000512, -7.500000000000000000, -18.19999999999999574 ) ) ;
#1398 = EDGE_CURVE ( 'NONE', #313, #668, #2186, .T. ) ;
#1399 = ORIENTED_EDGE ( 'NONE', *, *, #389, .T. ) ;
#1400 = ORIENTED_EDGE ( 'NONE', *, *, #1938, .T. ) ;
#1401 = DIRECTION ( 'NONE',  ( -0.000000000000000000, 1.000000000000000000, -0.000000000000000000 ) ) ;
#1402 = DIRECTION ( 'NONE',  ( 1.000000000000000000, -0.000000000000000000, 0.000000000000000000 ) ) ;
#1403 = CARTESIAN_POINT ( 'NONE',  ( 6.319999999999999396, -7.500000000000000000, -17.69999999999999929 ) ) ;
#1404 = ORIENTED_EDGE ( 'NONE', *, *, #1210, .T. ) ;
#1405 = LINE ( 'NONE', #780, #1765 ) ;
#1406 = DIRECTION ( 'NONE',  ( -0.000000000000000000, 0.000000000000000000, -1.000000000000000000 ) ) ;
#1407 = ADVANCED_FACE ( 'NONE', ( #247 ), #2031, .F. ) ;
#1408 = DIRECTION ( 'NONE',  ( 0.000000000000000000, 0.000000000000000000, -1.000000000000000000 ) ) ;
#1409 = DIRECTION ( 'NONE',  ( 1.000000000000000000, 0.000000000000000000, 0.000000000000000000 ) ) ;
#1410 = DIRECTION ( 'NONE',  ( -0.000000000000000000, 1.000000000000000000, -0.000000000000000000 ) ) ;
#1411 = EDGE_CURVE ( 'NONE', #305, #1650, #960, .T. ) ;
#1412 = EDGE_LOOP ( 'NONE', ( #887, #676, #227, #84 ) ) ;
#1413 = ORIENTED_EDGE ( 'NONE', *, *, #389, .F. ) ;
#1414 = EDGE_CURVE ( 'NONE', #2622, #2199, #2300, .T. ) ;
#1415 = DIRECTION ( 'NONE',  ( 0.000000000000000000, 1.000000000000000000, 0.000000000000000000 ) ) ;
#1416 = DIRECTION ( 'NONE',  ( 0.000000000000000000, 0.000000000000000000, 1.000000000000000000 ) ) ;
#1417 = DIRECTION ( 'NONE',  ( -2.356961244533703645E-15, 0.000000000000000000, 1.000000000000000000 ) ) ;
#1418 = ORIENTED_EDGE ( 'NONE', *, *, #2061, .F. ) ;
#1419 = DIRECTION ( 'NONE',  ( 0.000000000000000000, 0.000000000000000000, 1.000000000000000000 ) ) ;
#1420 = DIRECTION ( 'NONE',  ( 0.000000000000000000, 0.000000000000000000, -1.000000000000000000 ) ) ;
#1421 = FACE_OUTER_BOUND ( 'NONE', #144, .T. ) ;
#1422 = VECTOR ( 'NONE', #2897, 1000.000000000000000 ) ;
#1423 = CARTESIAN_POINT ( 'NONE',  ( 47.28000000000000114, -6.299999999999999822, -9.099999999999997868 ) ) ;
#1424 = AXIS2_PLACEMENT_3D ( 'NONE', #347, #535, #1853 ) ;
#1425 = CARTESIAN_POINT ( 'NONE',  ( 31.98000000000000043, -2.000000000000000000, -16.50000000000000355 ) ) ;
#1426 = VECTOR ( 'NONE', #1022, 1000.000000000000000 ) ;
#1427 = ORIENTED_EDGE ( 'NONE', *, *, #1472, .T. ) ;
#1428 = ORIENTED_EDGE ( 'NONE', *, *, #2628, .F. ) ;
#1429 = VECTOR ( 'NONE', #228, 1000.000000000000000 ) ;
#1430 = AXIS2_PLACEMENT_3D ( 'NONE', #1292, #2189, #2864 ) ;
#1431 = LINE ( 'NONE', #2355, #80 ) ;
#1432 = VECTOR ( 'NONE', #1501, 1000.000000000000000 ) ;
#1433 = CARTESIAN_POINT ( 'NONE',  ( 0.7199999999999999734, -2.000000000000000000, -27.59999999999999787 ) ) ;
#1434 = DIRECTION ( 'NONE',  ( -1.000000000000000000, 0.000000000000000000, 0.000000000000000000 ) ) ;
#1435 = EDGE_LOOP ( 'NONE', ( #838, #1947, #1370, #2598 ) ) ;
#1436 = ADVANCED_FACE ( 'NONE', ( #949 ), #2709, .F. ) ;
#1437 = DIRECTION ( 'NONE',  ( 4.956352788505164254E-16, 0.000000000000000000, 1.000000000000000000 ) ) ;
#1438 = DIRECTION ( 'NONE',  ( 1.204669080539449344E-16, 0.000000000000000000, -1.000000000000000000 ) ) ;
#1439 = EDGE_CURVE ( 'NONE', #2385, #538, #2135, .T. ) ;
#1440 = CARTESIAN_POINT ( 'NONE',  ( 19.42000000000000171, -1.200000000000013278, -24.09999999999999787 ) ) ;
#1441 = DIRECTION ( 'NONE',  ( 0.000000000000000000, 0.000000000000000000, -1.000000000000000000 ) ) ;
#1442 = LINE ( 'NONE', #2529, #1581 ) ;
#1443 = CARTESIAN_POINT ( 'NONE',  ( 12.42000000000000348, -1.000000000000000000, -16.00000000000000355 ) ) ;
#1444 = EDGE_LOOP ( 'NONE', ( #2587, #2167 ) ) ;
#1445 = VERTEX_POINT ( 'NONE', #483 ) ;
#1446 = CARTESIAN_POINT ( 'NONE',  ( 26.42000000000000171, -18.75247584249852650, -21.00000000000000355 ) ) ;
#1447 = VERTEX_POINT ( 'NONE', #1837 ) ;
#1448 = DIRECTION ( 'NONE',  ( -0.000000000000000000, -1.000000000000000000, -0.000000000000000000 ) ) ;
#1449 = ORIENTED_EDGE ( 'NONE', *, *, #1493, .T. ) ;
#1450 = PLANE ( 'NONE',  #2607 ) ;
#1451 = DIRECTION ( 'NONE',  ( 1.000000000000000000, 0.000000000000000000, -0.000000000000000000 ) ) ;
#1452 = EDGE_CURVE ( 'NONE', #2875, #796, #938, .T. ) ;
#1453 = ORIENTED_EDGE ( 'NONE', *, *, #110, .T. ) ;
#1454 = FACE_OUTER_BOUND ( 'NONE', #409, .T. ) ;
#1456 = EDGE_CURVE ( 'NONE', #474, #561, #1953, .T. ) ;
#1455 = APPLICATION_CONTEXT ( 'automotive_design' ) ;
#1457 = CARTESIAN_POINT ( 'NONE',  ( 0.7199999999999999734, -2.000000000000000000, -27.59999999999999787 ) ) ;
#1458 = ADVANCED_FACE ( 'NONE', ( #2142 ), #797, .F. ) ;
#1459 = CARTESIAN_POINT ( 'NONE',  ( 26.41999999999999815, -3.099999999999998757, -28.00000000000000355 ) ) ;
#1460 = ORIENTED_EDGE ( 'NONE', *, *, #978, .T. ) ;
#1461 = EDGE_LOOP ( 'NONE', ( #714, #1234, #45, #2544 ) ) ;
#1462 = ADVANCED_FACE ( 'NONE', ( #1937 ), #1894, .T. ) ;
#1463 = CYLINDRICAL_SURFACE ( 'NONE', #462, 1.699999999999999289 ) ;
#1464 = ORIENTED_EDGE ( 'NONE', *, *, #2100, .T. ) ;
#1465 = DIRECTION ( 'NONE',  ( 0.000000000000000000, 1.000000000000000000, 0.000000000000000000 ) ) ;
#1466 = ORIENTED_EDGE ( 'NONE', *, *, #839, .F. ) ;
#1467 = CARTESIAN_POINT ( 'NONE',  ( 9.520000000000006679, -3.100000000000000533, -28.00000000000000000 ) ) ;
#1468 = LINE ( 'NONE', #2407, #1474 ) ;
#1469 = CARTESIAN_POINT ( 'NONE',  ( 31.52000000000000668, -3.100000000000000533, -28.00000000000000000 ) ) ;
#1470 = EDGE_CURVE ( 'NONE', #634, #668, #826, .T. ) ;
#1471 = PLANE ( 'NONE',  #1025 ) ;
#1472 = EDGE_CURVE ( 'NONE', #2502, #2456, #92, .T. ) ;
#1473 = CARTESIAN_POINT ( 'NONE',  ( 0.000000000000000000, -2.000000000000000000, 0.000000000000000000 ) ) ;
#1474 = VECTOR ( 'NONE', #2143, 1000.000000000000000 ) ;
#1475 = VECTOR ( 'NONE', #723, 1000.000000000000000 ) ;
#1476 = ORIENTED_EDGE ( 'NONE', *, *, #2762, .T. ) ;
#1477 = EDGE_LOOP ( 'NONE', ( #292, #2501, #1960, #1966, #2818, #1057, #1510, #2212 ) ) ;
#1478 = VECTOR ( 'NONE', #1086, 1000.000000000000000 ) ;
#1479 = LINE ( 'NONE', #998, #367 ) ;
#1480 = ORIENTED_EDGE ( 'NONE', *, *, #2572, .T. ) ;
#1481 = AXIS2_PLACEMENT_3D ( 'NONE', #1641, #1877, #2140 ) ;
#1483 = AXIS2_PLACEMENT_3D ( 'NONE', #2156, #318, #990 ) ;
#1482 = CARTESIAN_POINT ( 'NONE',  ( 26.41999999999999815, -2.000000000000000000, -21.00000000000000355 ) ) ;
#1484 = EDGE_LOOP ( 'NONE', ( #115, #593, #104, #1727 ) ) ;
#1485 = CIRCLE ( 'NONE', #2844, 0.5000000000000004441 ) ;
#1486 = DIRECTION ( 'NONE',  ( 0.000000000000000000, 0.000000000000000000, -1.000000000000000000 ) ) ;
#1487 = EDGE_CURVE ( 'NONE', #351, #2699, #1252, .T. ) ;
#1488 = DIRECTION ( 'NONE',  ( 0.000000000000000000, 1.000000000000000000, 0.000000000000000000 ) ) ;
#1489 = VECTOR ( 'NONE', #2866, 1000.000000000000000 ) ;
#1490 = DIRECTION ( 'NONE',  ( -4.956352788505164254E-16, 0.000000000000000000, 1.000000000000000000 ) ) ;
#1491 = FACE_OUTER_BOUND ( 'NONE', #2649, .T. ) ;
#1492 = DIRECTION ( 'NONE',  ( 0.000000000000000000, -0.000000000000000000, 1.000000000000000000 ) ) ;
#1493 = EDGE_CURVE ( 'NONE', #1637, #1351, #2004, .T. ) ;
#1494 = ORIENTED_EDGE ( 'NONE', *, *, #1580, .F. ) ;
#1495 = EDGE_LOOP ( 'NONE', ( #559, #1340, #2162, #1741 ) ) ;
#1496 = EDGE_CURVE ( 'NONE', #2170, #969, #783, .T. ) ;
#1497 = ORIENTED_EDGE ( 'NONE', *, *, #2155, .T. ) ;
#1498 = ORIENTED_EDGE ( 'NONE', *, *, #1059, .F. ) ;
#1499 = DIRECTION ( 'NONE',  ( 0.000000000000000000, 0.7071067811865442421, -0.7071067811865509034 ) ) ;
#1500 = ORIENTED_EDGE ( 'NONE', *, *, #2082, .T. ) ;
#1501 = DIRECTION ( 'NONE',  ( 0.000000000000000000, 1.000000000000000000, 0.000000000000000000 ) ) ;
#1502 = DIRECTION ( 'NONE',  ( 0.000000000000000000, 0.000000000000000000, -1.000000000000000000 ) ) ;
#1503 = CARTESIAN_POINT ( 'NONE',  ( 0.7200000000000001954, 0.000000000000000000, -9.000000000000000000 ) ) ;
#1504 = VERTEX_POINT ( 'NONE', #331 ) ;
#1505 = CARTESIAN_POINT ( 'NONE',  ( 3.719999999999999307, -7.500000000000000000, -18.19999999999999574 ) ) ;
#1506 = DIRECTION ( 'NONE',  ( -1.000000000000000000, 0.000000000000000000, -0.000000000000000000 ) ) ;
#1507 = DIRECTION ( 'NONE',  ( -0.000000000000000000, -1.000000000000000000, -0.000000000000000000 ) ) ;
#1508 = EDGE_CURVE ( 'NONE', #853, #245, #1677, .T. ) ;
#1509 = ORIENTED_EDGE ( 'NONE', *, *, #2391, .T. ) ;
#1510 = ORIENTED_EDGE ( 'NONE', *, *, #789, .F. ) ;
#1511 = EDGE_CURVE ( 'NONE', #1791, #324, #119, .T. ) ;
#1512 = ORIENTED_EDGE ( 'NONE', *, *, #1737, .T. ) ;
#1513 = DIRECTION ( 'NONE',  ( 1.000000000000000000, 0.000000000000000000, -0.000000000000000000 ) ) ;
#1514 = VERTEX_POINT ( 'NONE', #2333 ) ;
#1515 = ADVANCED_FACE ( 'NONE', ( #1265 ), #1235, .F. ) ;
#1516 = CARTESIAN_POINT ( 'NONE',  ( 26.59999999999999787, -4.299999999999999822, -14.40000000000000036 ) ) ;
#1517 = DIRECTION ( 'NONE',  ( -1.000000000000000000, -0.000000000000000000, -0.000000000000000000 ) ) ;
#1518 = LINE ( 'NONE', #2234, #1304 ) ;
#1519 = ORIENTED_EDGE ( 'NONE', *, *, #314, .T. ) ;
#1520 = DIRECTION ( 'NONE',  ( 0.000000000000000000, 1.000000000000000000, 0.000000000000000000 ) ) ;
#1521 = CARTESIAN_POINT ( 'NONE',  ( 10.01999999999999780, -7.500000000000000000, -16.00000000000000000 ) ) ;
#1522 = DIRECTION ( 'NONE',  ( 0.000000000000000000, 0.000000000000000000, 1.000000000000000000 ) ) ;
#1523 = EDGE_CURVE ( 'NONE', #2280, #2622, #1881, .T. ) ;
#1524 = EDGE_LOOP ( 'NONE', ( #1318, #7, #2714, #213 ) ) ;
#1525 = VERTEX_POINT ( 'NONE', #2772 ) ;
#1526 = ORIENTED_EDGE ( 'NONE', *, *, #40, .F. ) ;
#1527 = CARTESIAN_POINT ( 'NONE',  ( 47.27999999999999403, -2.000000000000000000, -27.59999999999999787 ) ) ;
#1528 = EDGE_LOOP ( 'NONE', ( #1167, #1592, #1608, #2804 ) ) ;
#1529 = VECTOR ( 'NONE', #296, 1000.000000000000000 ) ;
#1530 = DIRECTION ( 'NONE',  ( 0.000000000000000000, 0.000000000000000000, -1.000000000000000000 ) ) ;
#1531 = PRODUCT_DEFINITION_FORMATION_WITH_SPECIFIED_SOURCE ( 'ANY', '', #2601, .NOT_KNOWN. ) ;
#1532 = AXIS2_PLACEMENT_3D ( 'NONE', #2299, #1880, #507 ) ;
#1533 = FACE_OUTER_BOUND ( 'NONE', #1785, .T. ) ;
#1534 = CARTESIAN_POINT ( 'NONE',  ( 38.56000000000000227, -7.500000000000000000, -17.70000000000000284 ) ) ;
#1535 = ORIENTED_EDGE ( 'NONE', *, *, #740, .T. ) ;
#1536 = CARTESIAN_POINT ( 'NONE',  ( 5.999999999999998224, -2.000000000000000000, -6.199999999999993960 ) ) ;
#1537 = AXIS2_PLACEMENT_3D ( 'NONE', #1425, #1899, #2530 ) ;
#1538 = DIRECTION ( 'NONE',  ( -0.000000000000000000, -1.000000000000000000, -0.000000000000000000 ) ) ;
#1539 = EDGE_CURVE ( 'NONE', #1062, #1631, #1209, .T. ) ;
#1540 = AXIS2_PLACEMENT_3D ( 'NONE', #2160, #1883, #155 ) ;
#1541 = DIRECTION ( 'NONE',  ( 0.000000000000000000, 0.000000000000000000, -1.000000000000000000 ) ) ;
#1542 = VECTOR ( 'NONE', #644, 1000.000000000000000 ) ;
#1543 = ORIENTED_EDGE ( 'NONE', *, *, #799, .T. ) ;
#1544 = ORIENTED_EDGE ( 'NONE', *, *, #1147, .F. ) ;
#1545 = ORIENTED_EDGE ( 'NONE', *, *, #2546, .T. ) ;
#1546 = LINE ( 'NONE', #2389, #781 ) ;
#1547 = VERTEX_POINT ( 'NONE', #764 ) ;
#1548 = CARTESIAN_POINT ( 'NONE',  ( 3.719999999999999307, -7.500000000000000000, -19.39999999999999858 ) ) ;
#1549 = DIRECTION ( 'NONE',  ( 0.000000000000000000, 0.000000000000000000, 1.000000000000000000 ) ) ;
#1550 = CARTESIAN_POINT ( 'NONE',  ( 41.76000000000000512, -7.500000000000000000, -16.00000000000000000 ) ) ;
#1551 = ORIENTED_EDGE ( 'NONE', *, *, #1129, .T. ) ;
#1552 = CARTESIAN_POINT ( 'NONE',  ( 47.28000000000000114, -7.500000000000000000, -9.099999999999997868 ) ) ;
#1553 = LINE ( 'NONE', #683, #2566 ) ;
#1554 = FACE_BOUND ( 'NONE', #2846, .T. ) ;
#1555 = EDGE_CURVE ( 'NONE', #2875, #1514, #2097, .T. ) ;
#1556 = ORIENTED_EDGE ( 'NONE', *, *, #1414, .T. ) ;
#1557 = FACE_OUTER_BOUND ( 'NONE', #640, .T. ) ;
#1558 = EDGE_LOOP ( 'NONE', ( #1830, #2251, #674, #654 ) ) ;
#1559 = CARTESIAN_POINT ( 'NONE',  ( 42.26000000000000512, -7.500000000000000000, -17.69999999999999574 ) ) ;
#1560 = CARTESIAN_POINT ( 'NONE',  ( 12.42000000000000348, -1.000000000000000000, -16.00000000000000355 ) ) ;
#1561 = CARTESIAN_POINT ( 'NONE',  ( 47.27999999999999403, 0.000000000000000000, -26.10000000000000497 ) ) ;
#1562 = VERTEX_POINT ( 'NONE', #345 ) ;
#1563 = PRESENTATION_STYLE_ASSIGNMENT (( #482 ) ) ;
#1564 = DIRECTION ( 'NONE',  ( 0.000000000000000000, 0.000000000000000000, 1.000000000000000000 ) ) ;
#1565 = EDGE_CURVE ( 'NONE', #1359, #853, #1657, .T. ) ;
#1566 = FACE_OUTER_BOUND ( 'NONE', #1094, .T. ) ;
#1567 = ADVANCED_FACE ( 'NONE', ( #1223 ), #1003, .F. ) ;
#1568 = ORIENTED_EDGE ( 'NONE', *, *, #361, .F. ) ;
#1569 = CARTESIAN_POINT ( 'NONE',  ( 42.00000000000000000, -1.200000000000006395, -4.499999999999999112 ) ) ;
#1570 = ORIENTED_EDGE ( 'NONE', *, *, #2398, .T. ) ;
#1571 = AXIS2_PLACEMENT_3D ( 'NONE', #748, #1640, #270 ) ;
#1572 = DIRECTION ( 'NONE',  ( -0.000000000000000000, -1.000000000000000000, -0.000000000000000000 ) ) ;
#1573 = LINE ( 'NONE', #449, #639 ) ;
#1575 = VECTOR ( 'NONE', #333, 1000.000000000000000 ) ;
#1574 = CARTESIAN_POINT ( 'NONE',  ( 31.52000000000000668, -2.000000000000000000, -27.59999999999999787 ) ) ;
#1576 = ORIENTED_EDGE ( 'NONE', *, *, #402, .T. ) ;
#1577 = CARTESIAN_POINT ( 'NONE',  ( 35.68000000000000682, -7.500000000000000000, -17.69999999999999929 ) ) ;
#1578 = VECTOR ( 'NONE', #2029, 1000.000000000000000 ) ;
#1579 = CARTESIAN_POINT ( 'NONE',  ( 11.39999999999999680, -4.299999999999999822, -13.40000000000000213 ) ) ;
#1580 = EDGE_CURVE ( 'NONE', #203, #1162, #577, .T. ) ;
#1581 = VECTOR ( 'NONE', #2101, 1000.000000000000000 ) ;
#1582 = VECTOR ( 'NONE', #1826, 1000.000000000000000 ) ;
#1583 = CARTESIAN_POINT ( 'NONE',  ( 42.26000000000000512, -2.000000000000000000, -17.69999999999999574 ) ) ;
#1584 = AXIS2_PLACEMENT_3D ( 'NONE', #2775, #554, #95 ) ;
#1585 = VECTOR ( 'NONE', #580, 1000.000000000000000 ) ;
#1586 = EDGE_LOOP ( 'NONE', ( #475, #2834, #1638, #1185 ) ) ;
#1587 = ORIENTED_EDGE ( 'NONE', *, *, #406, .F. ) ;
#1588 = EDGE_CURVE ( 'NONE', #2163, #1716, #359, .T. ) ;
#1589 = DIRECTION ( 'NONE',  ( 0.000000000000000000, 0.000000000000000000, 1.000000000000000000 ) ) ;
#1590 = DIRECTION ( 'NONE',  ( -0.000000000000000000, -0.000000000000000000, -1.000000000000000000 ) ) ;
#1591 = FACE_OUTER_BOUND ( 'NONE', #2479, .T. ) ;
#1592 = ORIENTED_EDGE ( 'NONE', *, *, #1740, .F. ) ;
#1593 = DIRECTION ( 'NONE',  ( 0.000000000000000000, 0.7071067811865452413, 0.7071067811865499042 ) ) ;
#1594 = CARTESIAN_POINT ( 'NONE',  ( 31.48000000000000043, -7.500000000000000000, -18.19999999999999929 ) ) ;
#1595 = CARTESIAN_POINT ( 'NONE',  ( 42.00000000000000000, -1.200000000000006395, -4.499999999999999112 ) ) ;
#1596 = EDGE_CURVE ( 'NONE', #2060, #584, #1957, .T. ) ;
#1597 = ORIENTED_EDGE ( 'NONE', *, *, #2712, .T. ) ;
#1598 = ORIENTED_EDGE ( 'NONE', *, *, #1981, .F. ) ;
#1599 = CARTESIAN_POINT ( 'NONE',  ( 42.00000000000000000, -1.200000000000006395, -6.199999999999999289 ) ) ;
#1600 = DIRECTION ( 'NONE',  ( 0.000000000000000000, -1.000000000000000000, -0.000000000000000000 ) ) ;
#1601 = DIRECTION ( 'NONE',  ( 0.000000000000000000, 0.000000000000000000, 1.000000000000000000 ) ) ;
#1602 = ORIENTED_EDGE ( 'NONE', *, *, #2259, .F. ) ;
#1603 = EDGE_CURVE ( 'NONE', #876, #2618, #2646, .T. ) ;
#1604 = SURFACE_STYLE_FILL_AREA ( #442 ) ;
#1605 = CARTESIAN_POINT ( 'NONE',  ( 12.39999036921260434, -6.299999999999999822, -13.11561120950240245 ) ) ;
#1606 = DIRECTION ( 'NONE',  ( 0.000000000000000000, 0.000000000000000000, -1.000000000000000000 ) ) ;
#1607 = ORIENTED_EDGE ( 'NONE', *, *, #2779, .T. ) ;
#1608 = ORIENTED_EDGE ( 'NONE', *, *, #2773, .F. ) ;
#1609 = DIRECTION ( 'NONE',  ( 0.000000000000000000, 0.000000000000000000, -1.000000000000000000 ) ) ;
#1610 = FACE_OUTER_BOUND ( 'NONE', #2354, .T. ) ;
#1611 = DIRECTION ( 'NONE',  ( 0.000000000000000000, 0.000000000000000000, -1.000000000000000000 ) ) ;
#1612 = VERTEX_POINT ( 'NONE', #2877 ) ;
#1613 = VECTOR ( 'NONE', #1832, 1000.000000000000000 ) ;
#1614 = DIRECTION ( 'NONE',  ( -1.000000000000000000, 0.000000000000000000, -0.000000000000000000 ) ) ;
#1615 = CARTESIAN_POINT ( 'NONE',  ( 42.00000000000000000, 0.000000000000000000, -4.499999999999999112 ) ) ;
#1616 = CONICAL_SURFACE ( 'NONE', #221, 1.700000000000000178, 0.7853981633974543852 ) ;
#1617 = CARTESIAN_POINT ( 'NONE',  ( 6.819999999999998508, -6.299999999999999822, -9.099999999999997868 ) ) ;
#1618 = EDGE_CURVE ( 'NONE', #1320, #2859, #164, .T. ) ;
#1619 = AXIS2_PLACEMENT_3D ( 'NONE', #663, #2403, #1970 ) ;
#1620 = VECTOR ( 'NONE', #2322, 1000.000000000000000 ) ;
#1621 = CARTESIAN_POINT ( 'NONE',  ( 34.67999999999999972, -7.500000000000000000, -16.00000000000000355 ) ) ;
#1622 = LINE ( 'NONE', #1885, #1813 ) ;
#1623 = AXIS2_PLACEMENT_3D ( 'NONE', #1202, #1669, #2092 ) ;
#1624 = ORIENTED_EDGE ( 'NONE', *, *, #2668, .F. ) ;
#1625 = VECTOR ( 'NONE', #1401, 1000.000000000000000 ) ;
#1626 = ORIENTED_EDGE ( 'NONE', *, *, #641, .T. ) ;
#1627 = ADVANCED_FACE ( 'NONE', ( #2619, #665 ), #2168, .F. ) ;
#1628 = PLANE ( 'NONE',  #1670 ) ;
#1629 = LINE ( 'NONE', #2522, #353 ) ;
#1630 = CARTESIAN_POINT ( 'NONE',  ( 19.42000000000000171, -1.200000000000013278, -24.09999999999999787 ) ) ;
#1631 = VERTEX_POINT ( 'NONE', #2632 ) ;
#1632 = DIRECTION ( 'NONE',  ( -0.000000000000000000, -0.000000000000000000, -1.000000000000000000 ) ) ;
#1633 = CARTESIAN_POINT ( 'NONE',  ( 34.67999999999999972, -2.000000000000000000, -16.00000000000000355 ) ) ;
#1634 = CARTESIAN_POINT ( 'NONE',  ( 47.28000000000000114, -2.000000000000000000, -16.10000000000000142 ) ) ;
#1635 = ADVANCED_FACE ( 'NONE', ( #655 ), #2703, .F. ) ;
#1636 = CARTESIAN_POINT ( 'NONE',  ( 19.42000000000000171, -3.099999999999998757, -22.39999999999999503 ) ) ;
#1637 = VERTEX_POINT ( 'NONE', #872 ) ;
#1638 = ORIENTED_EDGE ( 'NONE', *, *, #2419, .F. ) ;
#1639 = LINE ( 'NONE', #2595, #734 ) ;
#1640 = DIRECTION ( 'NONE',  ( -0.000000000000000000, 1.000000000000000000, 0.000000000000000000 ) ) ;
#1641 = CARTESIAN_POINT ( 'NONE',  ( 26.41999999999999815, -1.000000000000000000, -21.00000000000000355 ) ) ;
#1642 = ORIENTED_EDGE ( 'NONE', *, *, #1260, .T. ) ;
#1643 = CARTESIAN_POINT ( 'NONE',  ( 9.520000000000008455, -1.500000000000008216, -27.59999999999999787 ) ) ;
#1644 = DIRECTION ( 'NONE',  ( 0.000000000000000000, 0.000000000000000000, -1.000000000000000000 ) ) ;
#1645 = DIRECTION ( 'NONE',  ( 0.000000000000000000, -1.000000000000000000, -0.000000000000000000 ) ) ;
#1646 =( LENGTH_UNIT ( ) NAMED_UNIT ( * ) SI_UNIT ( .MILLI., .METRE. ) );
#1647 = CARTESIAN_POINT ( 'NONE',  ( 19.42000000000000171, 0.000000000000000000, -27.00000000000002487 ) ) ;
#1648 = EDGE_CURVE ( 'NONE', #384, #771, #214, .T. ) ;
#1649 = VERTEX_POINT ( 'NONE', #2849 ) ;
#1650 = VERTEX_POINT ( 'NONE', #2002 ) ;
#1651 = DIRECTION ( 'NONE',  ( 0.000000000000000000, 0.000000000000000000, 1.000000000000000000 ) ) ;
#1652 = EDGE_CURVE ( 'NONE', #1758, #2859, #843, .T. ) ;
#1653 = CARTESIAN_POINT ( 'NONE',  ( 38.56000000000000227, -7.500000000000000000, -16.50000000000000000 ) ) ;
#1654 = CARTESIAN_POINT ( 'NONE',  ( 41.76000000000000512, -7.500000000000000000, -16.50000000000000000 ) ) ;
#1655 = ORIENTED_EDGE ( 'NONE', *, *, #301, .T. ) ;
#1656 = LINE ( 'NONE', #1207, #124 ) ;
#1657 = LINE ( 'NONE', #2553, #2232 ) ;
#1658 = CARTESIAN_POINT ( 'NONE',  ( 31.52000000000000668, -1.500000000000008216, -29.69999999999999929 ) ) ;
#1659 = VECTOR ( 'NONE', #1844, 1000.000000000000000 ) ;
#1660 = CARTESIAN_POINT ( 'NONE',  ( 12.42000000000000348, -1.000000000000000000, -16.00000000000000355 ) ) ;
#1661 = VECTOR ( 'NONE', #1814, 1000.000000000000000 ) ;
#1662 = CARTESIAN_POINT ( 'NONE',  ( 9.520000000000006679, -3.100000000000000533, -28.00000000000000000 ) ) ;
#1663 = CIRCLE ( 'NONE', #1912, 1.700000000000000178 ) ;
#1664 = AXIS2_PLACEMENT_3D ( 'NONE', #1577, #1114, #237 ) ;
#1665 = ORIENTED_EDGE ( 'NONE', *, *, #1799, .F. ) ;
#1666 = ORIENTED_EDGE ( 'NONE', *, *, #24, .T. ) ;
#1667 = VECTOR ( 'NONE', #752, 1000.000000000000000 ) ;
#1668 = ADVANCED_FACE ( 'NONE', ( #438 ), #608, .T. ) ;
#1669 = DIRECTION ( 'NONE',  ( 0.000000000000000000, 0.000000000000000000, -1.000000000000000000 ) ) ;
#1670 = AXIS2_PLACEMENT_3D ( 'NONE', #2504, #2062, #2687 ) ;
#1671 = ORIENTED_EDGE ( 'NONE', *, *, #1603, .F. ) ;
#1672 = DIRECTION ( 'NONE',  ( 0.000000000000000000, 1.000000000000000000, 0.000000000000000000 ) ) ;
#1673 = ORIENTED_EDGE ( 'NONE', *, *, #1828, .T. ) ;
#1674 = EDGE_CURVE ( 'NONE', #2569, #1726, #1781, .T. ) ;
#1675 = DIRECTION ( 'NONE',  ( -3.730588120380230448E-16, 0.000000000000000000, -1.000000000000000000 ) ) ;
#1676 = AXIS2_PLACEMENT_3D ( 'NONE', #392, #2648, #2430 ) ;
#1677 = LINE ( 'NONE', #2314, #928 ) ;
#1678 = CARTESIAN_POINT ( 'NONE',  ( 6.819999999999997620, -7.500000000000000000, -16.50000000000000000 ) ) ;
#1679 = DIRECTION ( 'NONE',  ( 1.000000000000000000, -0.000000000000000000, -0.000000000000000000 ) ) ;
#1680 = CARTESIAN_POINT ( 'NONE',  ( 6.819999999999999396, -6.299999999999999822, -14.49999999999999822 ) ) ;
#1681 = LINE ( 'NONE', #2351, #1620 ) ;
#1682 = EDGE_LOOP ( 'NONE', ( #2780, #1801, #1730, #400 ) ) ;
#1683 = ORIENTED_EDGE ( 'NONE', *, *, #1523, .F. ) ;
#1684 = CARTESIAN_POINT ( 'NONE',  ( 0.7199999999999999734, -7.500000000000000000, -9.099999999999997868 ) ) ;
#1685 = ORIENTED_EDGE ( 'NONE', *, *, #258, .T. ) ;
#1686 = DIRECTION ( 'NONE',  ( 0.000000000000000000, 0.000000000000000000, -1.000000000000000000 ) ) ;
#1687 = VERTEX_POINT ( 'NONE', #1109 ) ;
#1688 = DIRECTION ( 'NONE',  ( 0.000000000000000000, 1.000000000000000000, 0.000000000000000000 ) ) ;
#1689 = EDGE_CURVE ( 'NONE', #2163, #1305, #1763, .T. ) ;
#1690 = ORIENTED_EDGE ( 'NONE', *, *, #2175, .F. ) ;
#1691 = CARTESIAN_POINT ( 'NONE',  ( 0.7199999999999984190, -7.500000000000000000, -19.39999999999999503 ) ) ;
#1692 = LINE ( 'NONE', #2589, #1585 ) ;
#1693 = CARTESIAN_POINT ( 'NONE',  ( 5.999999999999998224, 0.000000000000000000, -4.499999999999994671 ) ) ;
#1694 = ORIENTED_EDGE ( 'NONE', *, *, #1470, .T. ) ;
#1695 = VERTEX_POINT ( 'NONE', #1559 ) ;
#1696 = CARTESIAN_POINT ( 'NONE',  ( 6.819999999999999396, -11.79999999999999893, -14.49999999999999645 ) ) ;
#1697 = EDGE_LOOP ( 'NONE', ( #1230, #1001, #1060, #1789 ) ) ;
#1698 = DIRECTION ( 'NONE',  ( 0.000000000000000000, 0.000000000000000000, -1.000000000000000000 ) ) ;
#1699 = ORIENTED_EDGE ( 'NONE', *, *, #2461, .T. ) ;
#1700 = DIRECTION ( 'NONE',  ( -0.000000000000000000, -0.000000000000000000, 1.000000000000000000 ) ) ;
#1701 = LINE ( 'NONE', #2633, #1705 ) ;
#1702 = DIRECTION ( 'NONE',  ( -1.606225440719266613E-16, 0.000000000000000000, 1.000000000000000000 ) ) ;
#1703 = CARTESIAN_POINT ( 'NONE',  ( 6.819999999999998508, -11.79999999999999893, -9.099999999999997868 ) ) ;
#1704 = DIRECTION ( 'NONE',  ( 0.000000000000000000, -0.000000000000000000, -1.000000000000000000 ) ) ;
#1705 = VECTOR ( 'NONE', #1488, 1000.000000000000000 ) ;
#1706 = EDGE_CURVE ( 'NONE', #36, #1320, #1021, .T. ) ;
#1707 = VECTOR ( 'NONE', #2011, 1000.000000000000114 ) ;
#1708 = VERTEX_POINT ( 'NONE', #623 ) ;
#1709 = EDGE_LOOP ( 'NONE', ( #1755, #2812, #1671, #865, #1323, #1476, #132, #433 ) ) ;
#1710 = VECTOR ( 'NONE', #919, 1000.000000000000000 ) ;
#1711 = CARTESIAN_POINT ( 'NONE',  ( 9.519999999999997797, -7.500000000000000000, -16.00000000000000000 ) ) ;
#1712 = ORIENTED_EDGE ( 'NONE', *, *, #248, .T. ) ;
#1713 = CIRCLE ( 'NONE', #1619, 2.900000000000013678 ) ;
#1715 = VECTOR ( 'NONE', #1324, 1000.000000000000000 ) ;
#1714 = CARTESIAN_POINT ( 'NONE',  ( 14.51999999999999602, -4.299999999999999822, -11.48931853363364297 ) ) ;
#1716 = VERTEX_POINT ( 'NONE', #1516 ) ;
#1717 = VECTOR ( 'NONE', #1589, 1000.000000000000000 ) ;
#1718 = DIRECTION ( 'NONE',  ( -0.000000000000000000, -0.000000000000000000, -1.000000000000000000 ) ) ;
#1719 = FACE_OUTER_BOUND ( 'NONE', #1077, .T. ) ;
#1720 = ORIENTED_EDGE ( 'NONE', *, *, #773, .T. ) ;
#1721 = CIRCLE ( 'NONE', #2799, 0.5000000000000004441 ) ;
#1722 = DIRECTION ( 'NONE',  ( -1.000000000000000000, -0.000000000000000000, -0.000000000000000000 ) ) ;
#1723 = FACE_OUTER_BOUND ( 'NONE', #1349, .T. ) ;
#1724 = CARTESIAN_POINT ( 'NONE',  ( 10.51999999999999780, -7.500000000000000000, -17.69999999999999929 ) ) ;
#1725 = ADVANCED_FACE ( 'NONE', ( #390 ), #1277, .F. ) ;
#1726 = VERTEX_POINT ( 'NONE', #4 ) ;
#1727 = ORIENTED_EDGE ( 'NONE', *, *, #2576, .F. ) ;
#1728 = VERTEX_POINT ( 'NONE', #185 ) ;
#1729 = CARTESIAN_POINT ( 'NONE',  ( 11.39999999999999680, -7.500000000000000000, -18.19999999999999929 ) ) ;
#1730 = ORIENTED_EDGE ( 'NONE', *, *, #1652, .F. ) ;
#1731 = CARTESIAN_POINT ( 'NONE',  ( 0.000000000000000000, -3.100000000000000533, 0.000000000000000000 ) ) ;
#1732 = EDGE_LOOP ( 'NONE', ( #376, #837, #1274, #2310 ) ) ;
#1733 = CARTESIAN_POINT ( 'NONE',  ( 19.42000000000000171, -2.000000000000000000, -24.09999999999999787 ) ) ;
#1734 = EDGE_LOOP ( 'NONE', ( #1749, #130, #2104, #1655 ) ) ;
#1735 = DIRECTION ( 'NONE',  ( 8.659560562354962440E-17, 0.7071067811865452413, -0.7071067811865499042 ) ) ;
#1736 = CARTESIAN_POINT ( 'NONE',  ( 10.01999999999999780, -7.500000000000000000, -16.50000000000000000 ) ) ;
#1737 = EDGE_CURVE ( 'NONE', #1043, #1504, #1082, .T. ) ;
#1738 = CARTESIAN_POINT ( 'NONE',  ( 0.000000000000000000, -2.000000000000000000, -9.000000000000000000 ) ) ;
#1739 = ORIENTED_EDGE ( 'NONE', *, *, #2048, .F. ) ;
#1740 = EDGE_CURVE ( 'NONE', #2170, #1062, #426, .T. ) ;
#1741 = ORIENTED_EDGE ( 'NONE', *, *, #98, .F. ) ;
#1742 = ORIENTED_EDGE ( 'NONE', *, *, #2888, .T. ) ;
#1743 = DIRECTION ( 'NONE',  ( -0.000000000000000000, -1.000000000000000000, -0.000000000000000000 ) ) ;
#1744 = ORIENTED_EDGE ( 'NONE', *, *, #1981, .T. ) ;
#1745 = EDGE_CURVE ( 'NONE', #203, #1447, #2205, .T. ) ;
#1746 = DIRECTION ( 'NONE',  ( 1.000000000000000000, -0.000000000000000000, -0.000000000000000000 ) ) ;
#1747 = LINE ( 'NONE', #2468, #2695 ) ;
#1748 = LINE ( 'NONE', #2879, #275 ) ;
#1749 = ORIENTED_EDGE ( 'NONE', *, *, #1356, .F. ) ;
#1750 = LINE ( 'NONE', #2822, #1949 ) ;
#1751 = FACE_OUTER_BOUND ( 'NONE', #1971, .T. ) ;
#1752 = EDGE_CURVE ( 'NONE', #1829, #2163, #2295, .T. ) ;
#1753 = DIRECTION ( 'NONE',  ( -0.000000000000000000, 1.000000000000000000, -0.000000000000000000 ) ) ;
#1754 = VECTOR ( 'NONE', #1326, 1000.000000000000000 ) ;
#1755 = ORIENTED_EDGE ( 'NONE', *, *, #2339, .F. ) ;
#1756 = AXIS2_PLACEMENT_3D ( 'NONE', #1390, #1204, #1416 ) ;
#1757 = ORIENTED_EDGE ( 'NONE', *, *, #806, .F. ) ;
#1758 = VERTEX_POINT ( 'NONE', #2036 ) ;
#1759 = DIRECTION ( 'NONE',  ( 0.000000000000000000, 0.000000000000000000, 1.000000000000000000 ) ) ;
#1760 = ORIENTED_EDGE ( 'NONE', *, *, #1411, .T. ) ;
#1761 = ADVANCED_FACE ( 'NONE', ( #1175 ), #1628, .F. ) ;
#1762 = CIRCLE ( 'NONE', #496, 1.700000000000000178 ) ;
#1763 = LINE ( 'NONE', #1336, #1773 ) ;
#1764 = CIRCLE ( 'NONE', #175, 1.699999999999999289 ) ;
#1765 = VECTOR ( 'NONE', #1632, 1000.000000000000000 ) ;
#1766 = CARTESIAN_POINT ( 'NONE',  ( 38.06000000000000227, -7.500000000000000000, -17.70000000000000284 ) ) ;
#1767 = DIRECTION ( 'NONE',  ( 0.000000000000000000, -0.7071067811865507924, -0.7071067811865441310 ) ) ;
#1768 = EDGE_LOOP ( 'NONE', ( #804, #1969, #651, #2211 ) ) ;
#1769 = ADVANCED_FACE ( 'NONE', ( #2243 ), #56, .F. ) ;
#1770 = SURFACE_SIDE_STYLE ('',( #1604 ) ) ;
#1771 = VECTOR ( 'NONE', #492, 1000.000000000000000 ) ;
#1772 = CARTESIAN_POINT ( 'NONE',  ( 0.000000000000000000, -2.000000000000000000, 0.000000000000000000 ) ) ;
#1773 = VECTOR ( 'NONE', #2230, 1000.000000000000000 ) ;
#1774 = LINE ( 'NONE', #701, #1661 ) ;
#1775 = AXIS2_PLACEMENT_3D ( 'NONE', #2336, #833, #612 ) ;
#1776 = EDGE_CURVE ( 'NONE', #1262, #2376, #677, .T. ) ;
#1777 = ORIENTED_EDGE ( 'NONE', *, *, #864, .F. ) ;
#1778 = ORIENTED_EDGE ( 'NONE', *, *, #613, .F. ) ;
#1779 = DIRECTION ( 'NONE',  ( 0.000000000000000000, 0.000000000000000000, -1.000000000000000000 ) ) ;
#1780 = ORIENTED_EDGE ( 'NONE', *, *, #1470, .F. ) ;
#1781 = LINE ( 'NONE', #405, #1432 ) ;
#1782 = EDGE_CURVE ( 'NONE', #1878, #1914, #2521, .T. ) ;
#1783 = CARTESIAN_POINT ( 'NONE',  ( 35.17999999999999972, -7.500000000000000000, -16.00000000000000355 ) ) ;
#1784 = DIRECTION ( 'NONE',  ( 0.000000000000000000, 1.000000000000000000, 0.000000000000000000 ) ) ;
#1785 = EDGE_LOOP ( 'NONE', ( #2154, #2420, #1103, #1092 ) ) ;
#1786 = LINE ( 'NONE', #2707, #1115 ) ;
#1787 = DIRECTION ( 'NONE',  ( 0.000000000000000000, 0.000000000000000000, 1.000000000000000000 ) ) ;
#1788 = CARTESIAN_POINT ( 'NONE',  ( 12.13999999999999702, -4.299999999999999822, -12.15000000000000036 ) ) ;
#1789 = ORIENTED_EDGE ( 'NONE', *, *, #511, .T. ) ;
#1790 = CARTESIAN_POINT ( 'NONE',  ( 0.000000000000000000, 0.000000000000000000, 0.000000000000000000 ) ) ;
#1791 = VERTEX_POINT ( 'NONE', #268 ) ;
#1792 = DIRECTION ( 'NONE',  ( 0.000000000000000000, 0.000000000000000000, -1.000000000000000000 ) ) ;
#1793 = CARTESIAN_POINT ( 'NONE',  ( 19.42000000000000171, -3.099999999999998757, -25.79999999999999716 ) ) ;
#1794 = CARTESIAN_POINT ( 'NONE',  ( 31.52000000000000668, -2.000000000000000000, -27.59999999999999787 ) ) ;
#1795 = EDGE_LOOP ( 'NONE', ( #2673, #2815, #1453, #2685 ) ) ;
#1796 = CARTESIAN_POINT ( 'NONE',  ( 3.719999999999999307, -7.500000000000000000, -18.19999999999999574 ) ) ;
#1797 = DIRECTION ( 'NONE',  ( 1.000000000000000000, 0.000000000000000000, -0.000000000000000000 ) ) ;
#1798 = CARTESIAN_POINT ( 'NONE',  ( 0.000000000000000000, 0.000000000000000000, -9.000000000000000000 ) ) ;
#1799 = EDGE_CURVE ( 'NONE', #2376, #2208, #515, .T. ) ;
#1800 = ORIENTED_EDGE ( 'NONE', *, *, #2292, .T. ) ;
#1801 = ORIENTED_EDGE ( 'NONE', *, *, #1618, .T. ) ;
#1802 = CIRCLE ( 'NONE', #1896, 0.5000000000000004441 ) ;
#1803 = CARTESIAN_POINT ( 'NONE',  ( 30.28000000000000114, -4.299999999999999822, -14.50000000000000000 ) ) ;
#1804 = ADVANCED_FACE ( 'NONE', ( #1187 ), #2265, .F. ) ;
#1805 = FACE_BOUND ( 'NONE', #2378, .T. ) ;
#1807 = AXIS2_PLACEMENT_3D ( 'NONE', #595, #1520, #2194 ) ;
#1806 = DIRECTION ( 'NONE',  ( 0.000000000000000000, 0.7071067811865431318, 0.7071067811865517916 ) ) ;
#1808 = EDGE_LOOP ( 'NONE', ( #1694, #2134, #821, #158, #2179, #1333, #1427, #1626, #506 ) ) ;
#1809 = DIRECTION ( 'NONE',  ( 0.000000000000000000, 0.000000000000000000, 1.000000000000000000 ) ) ;
#1810 = AXIS2_PLACEMENT_3D ( 'NONE', #315, #2079, #1614 ) ;
#1811 = CARTESIAN_POINT ( 'NONE',  ( 38.06000000000000227, -2.000000000000000000, -18.20000000000000284 ) ) ;
#1812 = VECTOR ( 'NONE', #1434, 1000.000000000000000 ) ;
#1813 = VECTOR ( 'NONE', #744, 1000.000000000000000 ) ;
#1814 = DIRECTION ( 'NONE',  ( 1.000000000000000000, -0.000000000000000000, -0.000000000000000000 ) ) ;
#1815 = VECTOR ( 'NONE', #1261, 1000.000000000000000 ) ;
#1816 = EDGE_CURVE ( 'NONE', #2298, #313, #295, .T. ) ;
#1817 = VECTOR ( 'NONE', #2394, 1000.000000000000000 ) ;
#1818 = EDGE_CURVE ( 'NONE', #2462, #2867, #1164, .T. ) ;
#1819 = ORIENTED_EDGE ( 'NONE', *, *, #963, .T. ) ;
#1820 = ORIENTED_EDGE ( 'NONE', *, *, #2498, .T. ) ;
#1821 = CARTESIAN_POINT ( 'NONE',  ( 6.319999999999998508, -7.500000000000000000, -16.50000000000000000 ) ) ;
#1822 = LINE ( 'NONE', #717, #871 ) ;
#1823 = DIRECTION ( 'NONE',  ( 1.000000000000000000, -0.000000000000000000, -1.026463595252548358E-15 ) ) ;
#1824 = ORIENTED_EDGE ( 'NONE', *, *, #153, .F. ) ;
#1825 = ADVANCED_FACE ( 'NONE', ( #2253 ), #1373, .F. ) ;
#1826 = DIRECTION ( 'NONE',  ( 1.000000000000000000, -0.000000000000000000, -1.916232544896306831E-18 ) ) ;
#1827 = DIRECTION ( 'NONE',  ( 1.916232544896306831E-18, -0.000000000000000000, 1.000000000000000000 ) ) ;
#1828 = EDGE_CURVE ( 'NONE', #796, #2735, #695, .T. ) ;
#1829 = VERTEX_POINT ( 'NONE', #1803 ) ;
#1830 = ORIENTED_EDGE ( 'NONE', *, *, #1398, .T. ) ;
#1831 = LINE ( 'NONE', #716, #1203 ) ;
#1832 = DIRECTION ( 'NONE',  ( 1.000000000000000000, 0.000000000000000000, 0.000000000000000000 ) ) ;
#1833 = DIRECTION ( 'NONE',  ( -1.000000000000000000, 0.000000000000000000, -0.000000000000000000 ) ) ;
#1834 = ORIENTED_EDGE ( 'NONE', *, *, #815, .T. ) ;
#1835 = EDGE_CURVE ( 'NONE', #2592, #2148, #705, .T. ) ;
#1836 = DIRECTION ( 'NONE',  ( 0.000000000000000000, 1.000000000000000000, 0.000000000000000000 ) ) ;
#1837 = CARTESIAN_POINT ( 'NONE',  ( 12.42000000000000703, -2.000000000000000000, -28.00000000000000355 ) ) ;
#1838 = DIRECTION ( 'NONE',  ( -0.000000000000000000, 0.000000000000000000, -1.000000000000000000 ) ) ;
#1839 = EDGE_CURVE ( 'NONE', #337, #1829, #1148, .T. ) ;
#1840 = DIRECTION ( 'NONE',  ( 0.000000000000000000, 0.000000000000000000, 1.000000000000000000 ) ) ;
#1841 = VERTEX_POINT ( 'NONE', #70 ) ;
#1842 = VERTEX_POINT ( 'NONE', #1599 ) ;
#1843 = DIRECTION ( 'NONE',  ( 1.000000000000000000, 0.000000000000000000, 0.000000000000000000 ) ) ;
#1844 = DIRECTION ( 'NONE',  ( -1.000000000000000000, -0.000000000000000000, -0.000000000000000000 ) ) ;
#1845 = EDGE_CURVE ( 'NONE', #1650, #251, #2492, .T. ) ;
#1846 = CARTESIAN_POINT ( 'NONE',  ( 23.19510536992945049, -4.299999999999999822, -45.39717229674613463 ) ) ;
#1847 = ORIENTED_EDGE ( 'NONE', *, *, #129, .T. ) ;
#1848 = VECTOR ( 'NONE', #1974, 1000.000000000000000 ) ;
#1849 = DIRECTION ( 'NONE',  ( 0.000000000000000000, 1.000000000000000000, 0.000000000000000000 ) ) ;
#1850 = CARTESIAN_POINT ( 'NONE',  ( 42.26000000000000512, -2.000000000000000000, -18.19999999999999574 ) ) ;
#1851 = VECTOR ( 'NONE', #2349, 1000.000000000000000 ) ;
#1852 = ADVANCED_FACE ( 'NONE', ( #2051 ), #1389, .F. ) ;
#1853 = DIRECTION ( 'NONE',  ( 0.000000000000000000, 0.000000000000000000, -1.000000000000000000 ) ) ;
#1854 = VECTOR ( 'NONE', #895, 1000.000000000000000 ) ;
#1855 = CIRCLE ( 'NONE', #2609, 1.699999999999999289 ) ;
#1856 = VECTOR ( 'NONE', #2110, 1000.000000000000000 ) ;
#1857 = LINE ( 'NONE', #1213, #1342 ) ;
#1858 = VECTOR ( 'NONE', #2118, 1000.000000000000000 ) ;
#1859 = ORIENTED_EDGE ( 'NONE', *, *, #1867, .T. ) ;
#1860 = VECTOR ( 'NONE', #916, 1000.000000000000000 ) ;
#1861 = VERTEX_POINT ( 'NONE', #944 ) ;
#1862 = CARTESIAN_POINT ( 'NONE',  ( 0.7199999999999999734, 0.000000000000000000, -26.10000000000000497 ) ) ;
#1863 = CARTESIAN_POINT ( 'NONE',  ( 30.28000000000000114, -7.500000000000000000, -14.49999999999999822 ) ) ;
#1864 = DIRECTION ( 'NONE',  ( -0.9635627530364371252, -0.000000000000000000, -0.2674823750471086448 ) ) ;
#1865 = EDGE_LOOP ( 'NONE', ( #445, #698 ) ) ;
#1866 = CARTESIAN_POINT ( 'NONE',  ( 41.76000000000000512, -2.000000000000000000, -16.50000000000000000 ) ) ;
#1867 = EDGE_CURVE ( 'NONE', #779, #1861, #1831, .T. ) ;
#1868 = DIRECTION ( 'NONE',  ( 1.000000000000000000, 0.000000000000000000, -5.782411586589359611E-15 ) ) ;
#1869 = CARTESIAN_POINT ( 'NONE',  ( 47.28000000000000114, -4.299999999999999822, -10.40000000000000036 ) ) ;
#1870 = CARTESIAN_POINT ( 'NONE',  ( 12.42000000000000348, -1.000000000000000000, -21.00000000000000355 ) ) ;
#1871 = DIRECTION ( 'NONE',  ( 0.000000000000000000, 1.000000000000000000, 0.000000000000000000 ) ) ;
#1872 = EDGE_CURVE ( 'NONE', #235, #2875, #1485, .T. ) ;
#1873 = ORIENTED_EDGE ( 'NONE', *, *, #773, .F. ) ;
#1874 = VERTEX_POINT ( 'NONE', #2342 ) ;
#1875 = FACE_OUTER_BOUND ( 'NONE', #1940, .T. ) ;
#1876 = CARTESIAN_POINT ( 'NONE',  ( 48.00000000000000000, -2.000000000000000000, -9.000000000000000000 ) ) ;
#1877 = DIRECTION ( 'NONE',  ( 1.000000000000000000, 0.000000000000000000, 0.000000000000000000 ) ) ;
#1878 = VERTEX_POINT ( 'NONE', #1862 ) ;
#1879 = EDGE_CURVE ( 'NONE', #2825, #715, #1639, .T. ) ;
#1880 = DIRECTION ( 'NONE',  ( 0.000000000000000000, 1.000000000000000000, 0.000000000000000000 ) ) ;
#1881 = LINE ( 'NONE', #2806, #226 ) ;
#1882 = CARTESIAN_POINT ( 'NONE',  ( 47.27999999999999403, -2.000000000000000000, -27.59999999999999787 ) ) ;
#1883 = DIRECTION ( 'NONE',  ( -0.000000000000000000, -1.000000000000000000, -0.000000000000000000 ) ) ;
#1884 = LINE ( 'NONE', #2303, #549 ) ;
#1885 = CARTESIAN_POINT ( 'NONE',  ( 31.48000000000000043, -2.000000000000000000, -18.19999999999999929 ) ) ;
#1886 = EDGE_CURVE ( 'NONE', #337, #168, #1431, .T. ) ;
#1887 = ORIENTED_EDGE ( 'NONE', *, *, #290, .T. ) ;
#1888 = VERTEX_POINT ( 'NONE', #1920 ) ;
#1889 = FACE_OUTER_BOUND ( 'NONE', #2860, .T. ) ;
#1890 = ORIENTED_EDGE ( 'NONE', *, *, #1886, .T. ) ;
#1891 = CARTESIAN_POINT ( 'NONE',  ( 38.56000000000000227, -2.000000000000000000, -16.50000000000000000 ) ) ;
#1892 = EDGE_LOOP ( 'NONE', ( #2028, #2059, #1428, #2470 ) ) ;
#1893 = DIRECTION ( 'NONE',  ( -1.000000000000000000, -0.000000000000000000, -0.000000000000000000 ) ) ;
#1894 = PLANE ( 'NONE',  #77 ) ;
#1895 = DIRECTION ( 'NONE',  ( 5.841117777841393311E-16, 0.7071067811865507924, 0.7071067811865441310 ) ) ;
#1896 = AXIS2_PLACEMENT_3D ( 'NONE', #1766, #915, #1549 ) ;
#1897 = CARTESIAN_POINT ( 'NONE',  ( 38.56000000000000227, -7.500000000000000000, -16.00000000000000000 ) ) ;
#1898 = EDGE_CURVE ( 'NONE', #1359, #1650, #340, .T. ) ;
#1899 = DIRECTION ( 'NONE',  ( -0.000000000000000000, -1.000000000000000000, -0.000000000000000000 ) ) ;
#1900 = AXIS2_PLACEMENT_3D ( 'NONE', #2517, #981, #1409 ) ;
#1901 = EDGE_CURVE ( 'NONE', #746, #2345, #2754, .T. ) ;
#1902 = CIRCLE ( 'NONE', #29, 0.5000000000000004441 ) ;
#1903 = EDGE_LOOP ( 'NONE', ( #2353, #1819, #451, #1642 ) ) ;
#1904 = ORIENTED_EDGE ( 'NONE', *, *, #1319, .F. ) ;
#1905 = VECTOR ( 'NONE', #2071, 1000.000000000000000 ) ;
#1906 = PRODUCT_RELATED_PRODUCT_CATEGORY ( 'part', '', ( #2601 ) ) ;
#1907 = DIRECTION ( 'NONE',  ( 0.000000000000000000, 1.000000000000000000, 0.000000000000000000 ) ) ;
#1908 = AXIS2_PLACEMENT_3D ( 'NONE', #281, #733, #2465 ) ;
#1909 = EDGE_LOOP ( 'NONE', ( #1598, #750, #2484, #1046 ) ) ;
#1910 = CARTESIAN_POINT ( 'NONE',  ( 0.000000000000000000, 0.000000000000000000, 0.000000000000000000 ) ) ;
#1911 = VERTEX_POINT ( 'NONE', #541 ) ;
#1912 = AXIS2_PLACEMENT_3D ( 'NONE', #935, #479, #35 ) ;
#1913 = CARTESIAN_POINT ( 'NONE',  ( 26.59999999999999787, -7.500000000000000000, -14.40000000000000391 ) ) ;
#1914 = VERTEX_POINT ( 'NONE', #985 ) ;
#1915 = CARTESIAN_POINT ( 'NONE',  ( 0.7200000000000006395, -11.79999999999999893, -14.49999999999999822 ) ) ;
#1916 = DIRECTION ( 'NONE',  ( -1.000000000000000000, -0.000000000000000000, -0.000000000000000000 ) ) ;
#1917 = LINE ( 'NONE', #2579, #2889 ) ;
#1918 = ORIENTED_EDGE ( 'NONE', *, *, #2068, .F. ) ;
#1919 = ORIENTED_EDGE ( 'NONE', *, *, #2292, .F. ) ;
#1920 = CARTESIAN_POINT ( 'NONE',  ( 47.28000000000000114, -7.500000000000000000, -16.10000000000000142 ) ) ;
#1921 = ORIENTED_EDGE ( 'NONE', *, *, #1539, .F. ) ;
#1922 = DIRECTION ( 'NONE',  ( -1.000000000000000000, 0.000000000000000000, -0.000000000000000000 ) ) ;
#1923 = ORIENTED_EDGE ( 'NONE', *, *, #756, .T. ) ;
#1924 = CARTESIAN_POINT ( 'NONE',  ( 30.28000000000000114, -4.299999999999999822, -14.39999999999999503 ) ) ;
#1925 = CARTESIAN_POINT ( 'NONE',  ( 12.42000000000000348, -2.000000000000000000, -16.00000000000000355 ) ) ;
#1926 = ADVANCED_FACE ( 'NONE', ( #326 ), #38, .F. ) ;
#1927 = LINE ( 'NONE', #1691, #223 ) ;
#1928 = CARTESIAN_POINT ( 'NONE',  ( 5.999999999999998224, -2.000000000000000000, -4.499999999999994671 ) ) ;
#1929 = FACE_OUTER_BOUND ( 'NONE', #1355, .T. ) ;
#1930 = EDGE_CURVE ( 'NONE', #2871, #1445, #1479, .T. ) ;
#1931 = EDGE_LOOP ( 'NONE', ( #2390, #2017, #2007, #135 ) ) ;
#1932 = ORIENTED_EDGE ( 'NONE', *, *, #200, .F. ) ;
#1933 = DIRECTION ( 'NONE',  ( 0.000000000000000000, 0.000000000000000000, 1.000000000000000000 ) ) ;
#1934 = ORIENTED_EDGE ( 'NONE', *, *, #908, .T. ) ;
#1935 = PLANE ( 'NONE',  #459 ) ;
#1936 = ORIENTED_EDGE ( 'NONE', *, *, #2724, .F. ) ;
#1937 = FACE_OUTER_BOUND ( 'NONE', #3, .T. ) ;
#1938 = EDGE_CURVE ( 'NONE', #2358, #2491, #2547, .T. ) ;
#1939 = DIRECTION ( 'NONE',  ( -3.730588120380230448E-16, -0.000000000000000000, -1.000000000000000000 ) ) ;
#1940 = EDGE_LOOP ( 'NONE', ( #1780, #85, #490, #1934, #954, #89, #1498, #2719 ) ) ;
#1941 = CARTESIAN_POINT ( 'NONE',  ( 31.52000000000000668, -2.000000000000000000, -28.00000000000000000 ) ) ;
#1942 = LINE ( 'NONE', #348, #692 ) ;
#1943 = EDGE_CURVE ( 'NONE', #1514, #807, #2188, .T. ) ;
#1944 = CARTESIAN_POINT ( 'NONE',  ( 30.28000000000000114, -7.500000000000000000, -18.19999999999999574 ) ) ;
#1945 = VECTOR ( 'NONE', #1939, 1000.000000000000000 ) ;
#1946 = VECTOR ( 'NONE', #320, 1000.000000000000000 ) ;
#1947 = ORIENTED_EDGE ( 'NONE', *, *, #2030, .F. ) ;
#1948 = ORIENTED_EDGE ( 'NONE', *, *, #1596, .F. ) ;
#1949 = VECTOR ( 'NONE', #2650, 1000.000000000000000 ) ;
#1950 = ORIENTED_EDGE ( 'NONE', *, *, #207, .T. ) ;
#1951 = VECTOR ( 'NONE', #2829, 1000.000000000000000 ) ;
#1953 = CIRCLE ( 'NONE', #365, 2.900000000000013678 ) ;
#1952 = DIRECTION ( 'NONE',  ( -0.000000000000000000, 1.000000000000000000, -0.000000000000000000 ) ) ;
#1954 = ORIENTED_EDGE ( 'NONE', *, *, #1108, .F. ) ;
#1955 = ADVANCED_FACE ( 'NONE', ( #1889 ), #1120, .F. ) ;
#1956 = VECTOR ( 'NONE', #2606, 1000.000000000000000 ) ;
#1957 = LINE ( 'NONE', #891, #1715 ) ;
#1958 = DIRECTION ( 'NONE',  ( 0.000000000000000000, -1.000000000000000000, 0.000000000000000000 ) ) ;
#1959 = DIRECTION ( 'NONE',  ( 8.260587980841933849E-16, -0.000000000000000000, 1.000000000000000000 ) ) ;
#1960 = ORIENTED_EDGE ( 'NONE', *, *, #40, .T. ) ;
#1961 = AXIS2_PLACEMENT_3D ( 'NONE', #428, #1313, #202 ) ;
#1962 = DIRECTION ( 'NONE',  ( 0.000000000000000000, 0.000000000000000000, 1.000000000000000000 ) ) ;
#1963 = PLANE ( 'NONE',  #1076 ) ;
#1964 = ADVANCED_FACE ( 'NONE', ( #528 ), #774, .F. ) ;
#1965 = FACE_OUTER_BOUND ( 'NONE', #2813, .T. ) ;
#1966 = ORIENTED_EDGE ( 'NONE', *, *, #1228, .T. ) ;
#1967 = EDGE_CURVE ( 'NONE', #2306, #235, #1231, .T. ) ;
#1968 = ORIENTED_EDGE ( 'NONE', *, *, #2147, .T. ) ;
#1969 = ORIENTED_EDGE ( 'NONE', *, *, #2022, .F. ) ;
#1970 = DIRECTION ( 'NONE',  ( 0.000000000000000000, 0.000000000000000000, -1.000000000000000000 ) ) ;
#1971 = EDGE_LOOP ( 'NONE', ( #567, #27, #1690, #2192 ) ) ;
#1972 = CARTESIAN_POINT ( 'NONE',  ( 11.39999999999999680, -7.500000000000000000, -18.19999999999999929 ) ) ;
#1973 = ADVANCED_FACE ( 'NONE', ( #134 ), #1031, .F. ) ;
#1974 = DIRECTION ( 'NONE',  ( -0.000000000000000000, -0.000000000000000000, 1.000000000000000000 ) ) ;
#1975 = CARTESIAN_POINT ( 'NONE',  ( 26.59999999999999787, -4.299999999999999822, -13.40000000000000213 ) ) ;
#1976 = ORIENTED_EDGE ( 'NONE', *, *, #980, .F. ) ;
#1977 = DIRECTION ( 'NONE',  ( -3.942553354492742545E-16, -0.000000000000000000, 1.000000000000000000 ) ) ;
#1978 = LINE ( 'NONE', #2651, #924 ) ;
#1979 = CARTESIAN_POINT ( 'NONE',  ( 35.17999999999999972, -2.000000000000000000, -16.50000000000000355 ) ) ;
#1980 = ORIENTED_EDGE ( 'NONE', *, *, #2682, .F. ) ;
#1981 = EDGE_CURVE ( 'NONE', #163, #2592, #805, .T. ) ;
#1982 = ORIENTED_EDGE ( 'NONE', *, *, #319, .F. ) ;
#1983 = ORIENTED_EDGE ( 'NONE', *, *, #22, .T. ) ;
#1984 = CARTESIAN_POINT ( 'NONE',  ( 41.76000000000000512, -2.000000000000000000, -16.00000000000000000 ) ) ;
#1985 = ORIENTED_EDGE ( 'NONE', *, *, #918, .T. ) ;
#1986 = CARTESIAN_POINT ( 'NONE',  ( 34.67999999999999972, -7.500000000000000000, -16.00000000000000355 ) ) ;
#1987 = DIRECTION ( 'NONE',  ( 0.000000000000000000, 0.000000000000000000, -1.000000000000000000 ) ) ;
#1988 = DIRECTION ( 'NONE',  ( -0.000000000000000000, -0.000000000000000000, -1.000000000000000000 ) ) ;
#1989 = ORIENTED_EDGE ( 'NONE', *, *, #1886, .F. ) ;
#1990 = LINE ( 'NONE', #659, #2838 ) ;
#1991 = PLANE ( 'NONE',  #776 ) ;
#1992 = PLANE ( 'NONE',  #772 ) ;
#1993 = AXIS2_PLACEMENT_3D ( 'NONE', #812, #1958, #1502 ) ;
#1994 = ORIENTED_EDGE ( 'NONE', *, *, #1372, .F. ) ;
#1995 = EDGE_CURVE ( 'NONE', #245, #2376, #972, .T. ) ;
#1996 = ORIENTED_EDGE ( 'NONE', *, *, #2748, .T. ) ;
#1997 = ORIENTED_EDGE ( 'NONE', *, *, #165, .F. ) ;
#1998 = CARTESIAN_POINT ( 'NONE',  ( 6.819999999999997620, -7.500000000000000000, -16.00000000000000000 ) ) ;
#1999 = ORIENTED_EDGE ( 'NONE', *, *, #2334, .T. ) ;
#2000 = AXIS2_PLACEMENT_3D ( 'NONE', #533, #763, #2313 ) ;
#2001 = ADVANCED_FACE ( 'NONE', ( #1875 ), #2766, .F. ) ;
#2002 = CARTESIAN_POINT ( 'NONE',  ( 0.7199999999999999734, -2.000000000000000000, -9.099999999999997868 ) ) ;
#2003 = AXIS2_PLACEMENT_3D ( 'NONE', #889, #1743, #2862 ) ;
#2004 = CIRCLE ( 'NONE', #2893, 0.5000000000000004441 ) ;
#2005 = CARTESIAN_POINT ( 'NONE',  ( 10.01999999999999780, -7.500000000000000000, -18.19999999999999929 ) ) ;
#2006 = LINE ( 'NONE', #2218, #1489 ) ;
#2007 = ORIENTED_EDGE ( 'NONE', *, *, #133, .F. ) ;
#2008 = VECTOR ( 'NONE', #2151, 1000.000000000000000 ) ;
#2009 = CARTESIAN_POINT ( 'NONE',  ( 14.51999999999999602, -6.299999999999999822, -11.48931853363364297 ) ) ;
#2010 = AXIS2_PLACEMENT_3D ( 'NONE', #2680, #2447, #848 ) ;
#2011 = DIRECTION ( 'NONE',  ( -5.841117777841393311E-16, -0.7071067811865507924, -0.7071067811865441310 ) ) ;
#2012 = EDGE_LOOP ( 'NONE', ( #1509, #1309, #1466, #1221 ) ) ;
#2013 = EDGE_LOOP ( 'NONE', ( #2200, #2116, #2852, #1017, #652, #1556, #183, #2612, #1666, #1371, #2690, #930 ) ) ;
#2014 = DIRECTION ( 'NONE',  ( 1.000000000000000000, 0.000000000000000000, -0.000000000000000000 ) ) ;
#2015 = FACE_OUTER_BOUND ( 'NONE', #2753, .T. ) ;
#2016 = DIRECTION ( 'NONE',  ( -0.000000000000000000, -1.000000000000000000, -0.000000000000000000 ) ) ;
#2017 = ORIENTED_EDGE ( 'NONE', *, *, #301, .F. ) ;
#2018 = CARTESIAN_POINT ( 'NONE',  ( 38.56000000000000227, -7.500000000000000000, -16.50000000000000000 ) ) ;
#2019 = DIRECTION ( 'NONE',  ( 0.000000000000000000, 0.000000000000000000, -1.000000000000000000 ) ) ;
#2020 = ADVANCED_FACE ( 'NONE', ( #793 ), #1463, .F. ) ;
#2021 = CARTESIAN_POINT ( 'NONE',  ( 44.07999999999999829, -7.500000000000000000, -16.10000000000000142 ) ) ;
#2022 = EDGE_CURVE ( 'NONE', #1351, #447, #2827, .T. ) ;
#2023 = ORIENTED_EDGE ( 'NONE', *, *, #622, .F. ) ;
#2024 = ORIENTED_EDGE ( 'NONE', *, *, #1879, .T. ) ;
#2025 = DIRECTION ( 'NONE',  ( 1.000000000000000000, 0.000000000000000000, -1.026463595252548358E-15 ) ) ;
#2026 = FACE_OUTER_BOUND ( 'NONE', #161, .T. ) ;
#2027 = CARTESIAN_POINT ( 'NONE',  ( 47.27999999999999403, -1.500000000000008216, -27.59999999999999787 ) ) ;
#2028 = ORIENTED_EDGE ( 'NONE', *, *, #1872, .F. ) ;
#2029 = DIRECTION ( 'NONE',  ( -0.000000000000000000, 1.000000000000000000, -0.000000000000000000 ) ) ;
#2030 = EDGE_CURVE ( 'NONE', #2618, #708, #2578, .T. ) ;
#2031 = PLANE ( 'NONE',  #782 ) ;
#2032 = CARTESIAN_POINT ( 'NONE',  ( 31.52000000000000668, -3.100000000000000533, -28.00000000000000000 ) ) ;
#2033 = ADVANCED_FACE ( 'NONE', ( #1723 ), #396, .F. ) ;
#2034 = ORIENTED_EDGE ( 'NONE', *, *, #740, .F. ) ;
#2035 = ORIENTED_EDGE ( 'NONE', *, *, #1191, .F. ) ;
#2036 = CARTESIAN_POINT ( 'NONE',  ( 31.98000000000000043, -7.500000000000000000, -16.00000000000000355 ) ) ;
#2037 = LINE ( 'NONE', #1176, #1659 ) ;
#2039 = VECTOR ( 'NONE', #530, 1000.000000000000000 ) ;
#2038 = LINE ( 'NONE', #2053, #2090 ) ;
#2040 = ORIENTED_EDGE ( 'NONE', *, *, #454, .T. ) ;
#2041 = DIRECTION ( 'NONE',  ( 0.000000000000000000, 1.000000000000000000, 0.000000000000000000 ) ) ;
#2042 = AXIS2_PLACEMENT_3D ( 'NONE', #628, #430, #1116 ) ;
#2043 = VECTOR ( 'NONE', #1893, 1000.000000000000000 ) ;
#2044 = DIRECTION ( 'NONE',  ( -1.000000000000000000, 0.000000000000000000, 4.956352788505164254E-16 ) ) ;
#2045 = AXIS2_PLACEMENT_3D ( 'NONE', #521, #1394, #711 ) ;
#2046 = PLANE ( 'NONE',  #411 ) ;
#2047 = VECTOR ( 'NONE', #381, 1000.000000000000000 ) ;
#2048 = EDGE_CURVE ( 'NONE', #337, #1128, #569, .T. ) ;
#2049 = ORIENTED_EDGE ( 'NONE', *, *, #1121, .T. ) ;
#2050 = ORIENTED_EDGE ( 'NONE', *, *, #153, .T. ) ;
#2051 = FACE_OUTER_BOUND ( 'NONE', #1558, .T. ) ;
#2052 = CARTESIAN_POINT ( 'NONE',  ( 5.999999999999998224, -2.000000000000000000, -2.799999999999995381 ) ) ;
#2053 = CARTESIAN_POINT ( 'NONE',  ( 47.28000000000000114, -4.299999999999999822, -14.49999999999999822 ) ) ;
#2054 = ORIENTED_EDGE ( 'NONE', *, *, #1075, .T. ) ;
#2055 = CARTESIAN_POINT ( 'NONE',  ( 31.52000000000000668, 0.000000000000000000, -26.10000000000000497 ) ) ;
#2056 = DIRECTION ( 'NONE',  ( 1.000000000000000000, 0.000000000000000000, -0.000000000000000000 ) ) ;
#2057 = PLANE ( 'NONE',  #923 ) ;
#2058 = FACE_OUTER_BOUND ( 'NONE', #166, .T. ) ;
#2059 = ORIENTED_EDGE ( 'NONE', *, *, #963, .F. ) ;
#2060 = VERTEX_POINT ( 'NONE', #1024 ) ;
#2061 = EDGE_CURVE ( 'NONE', #245, #912, #992, .T. ) ;
#2062 = DIRECTION ( 'NONE',  ( -0.000000000000000000, 1.000000000000000000, 0.000000000000000000 ) ) ;
#2063 = DIRECTION ( 'NONE',  ( -0.000000000000000000, -0.000000000000000000, 1.000000000000000000 ) ) ;
#2064 = FACE_OUTER_BOUND ( 'NONE', #616, .T. ) ;
#2065 = ORIENTED_EDGE ( 'NONE', *, *, #950, .F. ) ;
#2066 = DIRECTION ( 'NONE',  ( 0.000000000000000000, 0.000000000000000000, -1.000000000000000000 ) ) ;
#2067 = LINE ( 'NONE', #1850, #1299 ) ;
#2068 = EDGE_CURVE ( 'NONE', #538, #1695, #2350, .T. ) ;
#2069 = CARTESIAN_POINT ( 'NONE',  ( 6.819999999999997620, -7.500000000000000000, -16.50000000000000000 ) ) ;
#2070 = DIRECTION ( 'NONE',  ( 0.000000000000000000, 1.000000000000000000, 0.000000000000000000 ) ) ;
#2071 = DIRECTION ( 'NONE',  ( 1.000000000000000000, -0.000000000000000000, -1.156482317317871133E-15 ) ) ;
#2072 = ORIENTED_EDGE ( 'NONE', *, *, #1839, .F. ) ;
#2073 = ORIENTED_EDGE ( 'NONE', *, *, #1367, .F. ) ;
#2074 = CARTESIAN_POINT ( 'NONE',  ( 38.56000000000000227, -7.500000000000000000, -18.20000000000000284 ) ) ;
#2075 = LINE ( 'NONE', #1433, #2551 ) ;
#2076 = CARTESIAN_POINT ( 'NONE',  ( 44.07999999999999829, -7.500000000000000000, -18.19999999999999574 ) ) ;
#2077 = ORIENTED_EDGE ( 'NONE', *, *, #1930, .T. ) ;
#2078 = AXIS2_PLACEMENT_3D ( 'NONE', #1678, #2807, #2850 ) ;
#2079 = DIRECTION ( 'NONE',  ( 0.000000000000000000, 0.000000000000000000, -1.000000000000000000 ) ) ;
#2080 = CARTESIAN_POINT ( 'NONE',  ( 38.56000000000000227, -7.500000000000000000, -18.20000000000000284 ) ) ;
#2081 = AXIS2_PLACEMENT_3D ( 'NONE', #107, #2774, #765 ) ;
#2082 = EDGE_CURVE ( 'NONE', #746, #2491, #1942, .T. ) ;
#2083 = DIRECTION ( 'NONE',  ( 0.000000000000000000, 0.000000000000000000, 1.000000000000000000 ) ) ;
#2084 = VECTOR ( 'NONE', #2096, 1000.000000000000000 ) ;
#2085 = AXIS2_PLACEMENT_3D ( 'NONE', #900, #277, #2277 ) ;
#2086 = AXIS2_PLACEMENT_3D ( 'NONE', #78, #977, #1644 ) ;
#2087 = DIRECTION ( 'NONE',  ( -0.000000000000000000, -0.000000000000000000, 1.000000000000000000 ) ) ;
#2088 = CARTESIAN_POINT ( 'NONE',  ( 5.819999999999998508, -2.000000000000000000, -18.19999999999999929 ) ) ;
#2089 = VERTEX_POINT ( 'NONE', #2624 ) ;
#2090 = VECTOR ( 'NONE', #2718, 1000.000000000000000 ) ;
#2091 = EDGE_LOOP ( 'NONE', ( #2821, #2425, #1280, #693 ) ) ;
#2092 = DIRECTION ( 'NONE',  ( -1.000000000000000000, 0.000000000000000000, -0.000000000000000000 ) ) ;
#2093 = LINE ( 'NONE', #986, #2039 ) ;
#2094 = FACE_OUTER_BOUND ( 'NONE', #2741, .T. ) ;
#2095 = ORIENTED_EDGE ( 'NONE', *, *, #293, .T. ) ;
#2096 = DIRECTION ( 'NONE',  ( -1.000000000000000000, -0.000000000000000000, -0.000000000000000000 ) ) ;
#2097 = LINE ( 'NONE', #138, #597 ) ;
#2098 = ADVANCED_FACE ( 'NONE', ( #1268 ), #2397, .T. ) ;
#2099 = CARTESIAN_POINT ( 'NONE',  ( 38.06000000000000227, -7.500000000000000000, -18.20000000000000284 ) ) ;
#2100 = EDGE_CURVE ( 'NONE', #1695, #2422, #2797, .T. ) ;
#2101 = DIRECTION ( 'NONE',  ( 1.165808787618822015E-17, -0.000000000000000000, 1.000000000000000000 ) ) ;
#2102 = CARTESIAN_POINT ( 'NONE',  ( 3.719999999999999307, -2.000000000000000000, -19.39999999999999858 ) ) ;
#2103 = VERTEX_POINT ( 'NONE', #598 ) ;
#2104 = ORIENTED_EDGE ( 'NONE', *, *, #2515, .T. ) ;
#2105 = DIRECTION ( 'NONE',  ( 0.000000000000000000, 0.000000000000000000, 1.000000000000000000 ) ) ;
#2106 = VERTEX_POINT ( 'NONE', #1457 ) ;
#2107 = CARTESIAN_POINT ( 'NONE',  ( 6.819999999999999396, -6.299999999999999822, -14.49999999999999822 ) ) ;
#2108 = EDGE_LOOP ( 'NONE', ( #2583, #1545, #1052, #2095, #2439, #1699, #2800, #2371, #1847, #2826, #13 ) ) ;
#2109 = CARTESIAN_POINT ( 'NONE',  ( 12.42000000000000348, -2.000000000000000000, -16.00000000000000355 ) ) ;
#2110 = DIRECTION ( 'NONE',  ( -0.000000000000000000, -0.000000000000000000, 1.000000000000000000 ) ) ;
#2111 = DIRECTION ( 'NONE',  ( 1.606225440719265874E-16, 0.000000000000000000, -1.000000000000000000 ) ) ;
#2112 = EDGE_CURVE ( 'NONE', #2580, #1174, #1054, .T. ) ;
#2113 = CYLINDRICAL_SURFACE ( 'NONE', #1775, 1.699999999999999289 ) ;
#2114 = ADVANCED_FACE ( 'NONE', ( #1491 ), #2558, .F. ) ;
#2115 = CARTESIAN_POINT ( 'NONE',  ( 26.41999999999999815, -18.75247584249852650, -28.00000000000000355 ) ) ;
#2116 = ORIENTED_EDGE ( 'NONE', *, *, #2640, .T. ) ;
#2117 = ORIENTED_EDGE ( 'NONE', *, *, #332, .T. ) ;
#2118 = DIRECTION ( 'NONE',  ( -0.000000000000000000, 1.000000000000000000, -0.000000000000000000 ) ) ;
#2119 = ORIENTED_EDGE ( 'NONE', *, *, #1047, .F. ) ;
#2120 = PLANE ( 'NONE',  #1481 ) ;
#2121 = ORIENTED_EDGE ( 'NONE', *, *, #566, .T. ) ;
#2122 = CARTESIAN_POINT ( 'NONE',  ( 12.13999999999999702, -4.299999999999999822, -12.15000000000000036 ) ) ;
#2123 = ADVANCED_FACE ( 'NONE', ( #2837 ), #2113, .F. ) ;
#2124 = DIRECTION ( 'NONE',  ( -0.000000000000000000, 1.000000000000000000, 0.000000000000000000 ) ) ;
#2125 = VECTOR ( 'NONE', #2063, 1000.000000000000000 ) ;
#2126 = LINE ( 'NONE', #611, #2228 ) ;
#2127 = AXIS2_PLACEMENT_3D ( 'NONE', #2069, #1224, #2083 ) ;
#2128 = CARTESIAN_POINT ( 'NONE',  ( 42.26000000000000512, -7.500000000000000000, -17.69999999999999574 ) ) ;
#2129 = VECTOR ( 'NONE', #1753, 1000.000000000000000 ) ;
#2130 = LINE ( 'NONE', #2115, #2181 ) ;
#2131 = AXIS2_PLACEMENT_3D ( 'NONE', #1105, #868, #1759 ) ;
#2132 = CIRCLE ( 'NONE', #966, 0.5000000000000004441 ) ;
#2133 = ORIENTED_EDGE ( 'NONE', *, *, #2884, .F. ) ;
#2134 = ORIENTED_EDGE ( 'NONE', *, *, #1398, .F. ) ;
#2135 = CIRCLE ( 'NONE', #2086, 0.5000000000000004441 ) ;
#2136 = CARTESIAN_POINT ( 'NONE',  ( 47.27999999999999403, -1.500000000000008216, -27.59999999999999787 ) ) ;
#2137 = ADVANCED_FACE ( 'NONE', ( #334 ), #1471, .F. ) ;
#2138 = AXIS2_PLACEMENT_3D ( 'NONE', #1218, #1907, #759 ) ;
#2139 = ORIENTED_EDGE ( 'NONE', *, *, #1898, .F. ) ;
#2140 = DIRECTION ( 'NONE',  ( 0.000000000000000000, 0.000000000000000000, -1.000000000000000000 ) ) ;
#2141 = ORIENTED_EDGE ( 'NONE', *, *, #332, .F. ) ;
#2142 = FACE_OUTER_BOUND ( 'NONE', #607, .T. ) ;
#2143 = DIRECTION ( 'NONE',  ( -0.000000000000000000, -0.000000000000000000, 1.000000000000000000 ) ) ;
#2144 = LINE ( 'NONE', #122, #1426 ) ;
#2145 = CARTESIAN_POINT ( 'NONE',  ( 30.28000000000000114, -4.299999999999999822, -14.39999999999999503 ) ) ;
#2146 = CARTESIAN_POINT ( 'NONE',  ( 31.52000000000000668, 0.000000000000000000, -26.10000000000000497 ) ) ;
#2147 = EDGE_CURVE ( 'NONE', #807, #968, #1226, .T. ) ;
#2148 = VERTEX_POINT ( 'NONE', #801 ) ;
#2149 = EDGE_LOOP ( 'NONE', ( #1, #2798, #1259, #2438, #1568, #1739 ) ) ;
#2150 = EDGE_CURVE ( 'NONE', #1791, #2199, #1692, .T. ) ;
#2151 = DIRECTION ( 'NONE',  ( 1.000000000000000000, 0.000000000000000000, 0.000000000000000000 ) ) ;
#2152 = ORIENTED_EDGE ( 'NONE', *, *, #2229, .F. ) ;
#2153 = LINE ( 'NONE', #2570, #364 ) ;
#2154 = ORIENTED_EDGE ( 'NONE', *, *, #2195, .T. ) ;
#2155 = EDGE_CURVE ( 'NONE', #1649, #2545, #2365, .T. ) ;
#2156 = CARTESIAN_POINT ( 'NONE',  ( 35.17999999999999972, -7.500000000000000000, -18.19999999999999929 ) ) ;
#2157 = CYLINDRICAL_SURFACE ( 'NONE', #2078, 0.5000000000000004441 ) ;
#2158 = ORIENTED_EDGE ( 'NONE', *, *, #454, .F. ) ;
#2159 = LINE ( 'NONE', #1505, #2507 ) ;
#2160 = CARTESIAN_POINT ( 'NONE',  ( 42.76000000000000512, -7.500000000000000000, -17.69999999999999574 ) ) ;
#2161 = CARTESIAN_POINT ( 'NONE',  ( 0.7200000000000006395, -11.79999999999999893, -14.49999999999999822 ) ) ;
#2162 = ORIENTED_EDGE ( 'NONE', *, *, #978, .F. ) ;
#2163 = VERTEX_POINT ( 'NONE', #2145 ) ;
#2164 = VERTEX_POINT ( 'NONE', #141 ) ;
#2165 = EDGE_CURVE ( 'NONE', #779, #284, #131, .T. ) ;
#2166 = DIRECTION ( 'NONE',  ( 0.000000000000000000, 1.000000000000000000, 0.000000000000000000 ) ) ;
#2167 = ORIENTED_EDGE ( 'NONE', *, *, #1276, .T. ) ;
#2168 = PLANE ( 'NONE',  #2467 ) ;
#2169 = EDGE_CURVE ( 'NONE', #163, #1229, #1553, .T. ) ;
#2170 = VERTEX_POINT ( 'NONE', #2474 ) ;
#2171 = DIRECTION ( 'NONE',  ( 0.000000000000000000, 0.000000000000000000, -1.000000000000000000 ) ) ;
#2172 = ORIENTED_EDGE ( 'NONE', *, *, #2334, .F. ) ;
#2173 = CARTESIAN_POINT ( 'NONE',  ( 44.07999999999999829, -7.500000000000000000, -18.19999999999999574 ) ) ;
#2174 = CARTESIAN_POINT ( 'NONE',  ( 44.07999999999999829, -7.500000000000000000, -18.19999999999999574 ) ) ;
#2175 = EDGE_CURVE ( 'NONE', #969, #2478, #171, .T. ) ;
#2176 = LINE ( 'NONE', #368, #2268 ) ;
#2177 = AXIS2_PLACEMENT_3D ( 'NONE', #5, #254, #542 ) ;
#2178 = AXIS2_PLACEMENT_3D ( 'NONE', #2458, #1606, #249 ) ;
#2179 = ORIENTED_EDGE ( 'NONE', *, *, #290, .F. ) ;
#2180 = VECTOR ( 'NONE', #2634, 1000.000000000000000 ) ;
#2181 = VECTOR ( 'NONE', #1410, 1000.000000000000000 ) ;
#2182 = ORIENTED_EDGE ( 'NONE', *, *, #1652, .T. ) ;
#2183 = CIRCLE ( 'NONE', #2003, 0.5000000000000004441 ) ;
#2184 = ORIENTED_EDGE ( 'NONE', *, *, #980, .T. ) ;
#2186 = CIRCLE ( 'NONE', #2659, 0.9999999999999991118 ) ;
#2185 = FACE_OUTER_BOUND ( 'NONE', #1297, .T. ) ;
#2187 = ORIENTED_EDGE ( 'NONE', *, *, #225, .T. ) ;
#2188 = CIRCLE ( 'NONE', #2138, 0.5000000000000004441 ) ;
#2189 = DIRECTION ( 'NONE',  ( 0.000000000000000000, 1.000000000000000000, 0.000000000000000000 ) ) ;
#2190 = LINE ( 'NONE', #378, #2414 ) ;
#2191 = CARTESIAN_POINT ( 'NONE',  ( 3.719999999999999307, -7.500000000000000000, -18.19999999999999574 ) ) ;
#2192 = ORIENTED_EDGE ( 'NONE', *, *, #884, .T. ) ;
#2193 = CIRCLE ( 'NONE', #1676, 0.5000000000000004441 ) ;
#2194 = DIRECTION ( 'NONE',  ( 0.000000000000000000, 0.000000000000000000, -1.000000000000000000 ) ) ;
#2195 = EDGE_CURVE ( 'NONE', #584, #2298, #2615, .T. ) ;
#2196 = DIRECTION ( 'NONE',  ( 1.000000000000000000, 0.000000000000000000, -0.000000000000000000 ) ) ;
#2197 = DIRECTION ( 'NONE',  ( 0.000000000000000000, 0.000000000000000000, 1.000000000000000000 ) ) ;
#2198 = EDGE_CURVE ( 'NONE', #1525, #1612, #2902, .T. ) ;
#2199 = VERTEX_POINT ( 'NONE', #412 ) ;
#2200 = ORIENTED_EDGE ( 'NONE', *, *, #2339, .T. ) ;
#2201 = ORIENTED_EDGE ( 'NONE', *, *, #2546, .F. ) ;
#2202 = DIRECTION ( 'NONE',  ( -0.000000000000000000, 1.000000000000000000, -0.000000000000000000 ) ) ;
#2203 = VERTEX_POINT ( 'NONE', #190 ) ;
#2204 = ADVANCED_FACE ( 'NONE', ( #1751 ), #443, .F. ) ;
#2205 = LINE ( 'NONE', #199, #1625 ) ;
#2206 = DIRECTION ( 'NONE',  ( 0.000000000000000000, 0.000000000000000000, 1.000000000000000000 ) ) ;
#2207 = CARTESIAN_POINT ( 'NONE',  ( 38.56000000000000227, -2.000000000000000000, -17.70000000000000284 ) ) ;
#2208 = VERTEX_POINT ( 'NONE', #1071 ) ;
#2209 = DIRECTION ( 'NONE',  ( -4.956352788505164254E-16, 0.000000000000000000, -1.000000000000000000 ) ) ;
#2210 = CARTESIAN_POINT ( 'NONE',  ( 0.000000000000000000, -6.299999999999999822, 0.000000000000000000 ) ) ;
#2211 = ORIENTED_EDGE ( 'NONE', *, *, #12, .F. ) ;
#2212 = ORIENTED_EDGE ( 'NONE', *, *, #1580, .T. ) ;
#2213 = ORIENTED_EDGE ( 'NONE', *, *, #673, .F. ) ;
#2214 = CARTESIAN_POINT ( 'NONE',  ( 26.59999999999999787, -7.500000000000000000, -13.40000000000000213 ) ) ;
#2215 = VERTEX_POINT ( 'NONE', #1736 ) ;
#2216 = CARTESIAN_POINT ( 'NONE',  ( 9.520000000000006679, -2.000000000000000000, -29.69999999999999929 ) ) ;
#2217 = DIRECTION ( 'NONE',  ( 0.000000000000000000, 0.000000000000000000, -1.000000000000000000 ) ) ;
#2218 = CARTESIAN_POINT ( 'NONE',  ( 10.01999999999999780, -2.000000000000000000, -18.19999999999999929 ) ) ;
#2219 = ORIENTED_EDGE ( 'NONE', *, *, #1706, .T. ) ;
#2220 = DIRECTION ( 'NONE',  ( -0.000000000000000000, -1.000000000000000000, -0.000000000000000000 ) ) ;
#2221 = CARTESIAN_POINT ( 'NONE',  ( 31.48000000000000043, -7.500000000000000000, -16.50000000000000355 ) ) ;
#2222 = DIRECTION ( 'NONE',  ( -0.000000000000000000, -1.000000000000000000, -0.000000000000000000 ) ) ;
#2223 = VECTOR ( 'NONE', #2832, 1000.000000000000000 ) ;
#2224 = CIRCLE ( 'NONE', #308, 0.5000000000000004441 ) ;
#2225 = ORIENTED_EDGE ( 'NONE', *, *, #1030, .F. ) ;
#2226 = CARTESIAN_POINT ( 'NONE',  ( 26.41999999999999815, -1.000000000000000000, -21.00000000000000355 ) ) ;
#2227 = ORIENTED_EDGE ( 'NONE', *, *, #602, .T. ) ;
#2228 = VECTOR ( 'NONE', #860, 1000.000000000000000 ) ;
#2229 = EDGE_CURVE ( 'NONE', #807, #1695, #1978, .T. ) ;
#2230 = DIRECTION ( 'NONE',  ( -0.000000000000000000, 1.000000000000000000, -0.000000000000000000 ) ) ;
#2231 = AXIS2_PLACEMENT_3D ( 'NONE', #2769, #1417, #375 ) ;
#2232 = VECTOR ( 'NONE', #1438, 1000.000000000000000 ) ;
#2233 = PLANE ( 'NONE',  #2653 ) ;
#2234 = CARTESIAN_POINT ( 'NONE',  ( 47.28000000000000114, -4.299999999999999822, -10.40000000000000036 ) ) ;
#2235 = EDGE_LOOP ( 'NONE', ( #803, #2757, #2655, #1587 ) ) ;
#2236 = DIRECTION ( 'NONE',  ( -0.000000000000000000, -0.000000000000000000, -1.000000000000000000 ) ) ;
#2237 = VECTOR ( 'NONE', #146, 1000.000000000000000 ) ;
#2238 = PLANE ( 'NONE',  #82 ) ;
#2239 = AXIS2_PLACEMENT_3D ( 'NONE', #1166, #1177, #255 ) ;
#2240 = CARTESIAN_POINT ( 'NONE',  ( 0.000000000000000000, -11.79999999999999893, 0.000000000000000000 ) ) ;
#2241 = ORIENTED_EDGE ( 'NONE', *, *, #1835, .F. ) ;
#2242 = ORIENTED_EDGE ( 'NONE', *, *, #2410, .T. ) ;
#2243 = FACE_OUTER_BOUND ( 'NONE', #1892, .T. ) ;
#2244 = DIRECTION ( 'NONE',  ( 0.000000000000000000, 0.000000000000000000, -1.000000000000000000 ) ) ;
#2245 = CARTESIAN_POINT ( 'NONE',  ( 38.56000000000000227, -2.000000000000000000, -18.20000000000000284 ) ) ;
#2246 = ORIENTED_EDGE ( 'NONE', *, *, #12, .T. ) ;
#2247 = ADVANCED_FACE ( 'NONE', ( #471 ), #2637, .T. ) ;
#2248 = CARTESIAN_POINT ( 'NONE',  ( 0.7200000000000006395, -7.500000000000000000, -14.49999999999999822 ) ) ;
#2249 = LINE ( 'NONE', #1169, #460 ) ;
#2250 = PLANE ( 'NONE',  #2178 ) ;
#2251 = ORIENTED_EDGE ( 'NONE', *, *, #1144, .F. ) ;
#2252 = ORIENTED_EDGE ( 'NONE', *, *, #1496, .T. ) ;
#2253 = FACE_OUTER_BOUND ( 'NONE', #1734, .T. ) ;
#2254 = CARTESIAN_POINT ( 'NONE',  ( 47.28000000000000114, -6.299999999999999822, -14.49999999999999822 ) ) ;
#2255 = FACE_OUTER_BOUND ( 'NONE', #1335, .T. ) ;
#2256 = EDGE_LOOP ( 'NONE', ( #1887, #1948, #829, #794 ) ) ;
#2257 =( NAMED_UNIT ( * ) SI_UNIT ( $, .STERADIAN. ) SOLID_ANGLE_UNIT ( ) );
#2258 = LINE ( 'NONE', #2080, #176 ) ;
#2259 = EDGE_CURVE ( 'NONE', #648, #728, #1343, .T. ) ;
#2260 = LINE ( 'NONE', #939, #2836 ) ;
#2261 = ADVANCED_FACE ( 'NONE', ( #205 ), #2238, .F. ) ;
#2262 = ORIENTED_EDGE ( 'NONE', *, *, #1555, .F. ) ;
#2263 = VERTEX_POINT ( 'NONE', #1579 ) ;
#2264 = ADVANCED_FACE ( 'NONE', ( #1100 ), #1300, .F. ) ;
#2265 = PLANE ( 'NONE',  #2516 ) ;
#2266 = LINE ( 'NONE', #504, #1379 ) ;
#2268 = VECTOR ( 'NONE', #206, 1000.000000000000000 ) ;
#2267 = PLANE ( 'NONE',  #601 ) ;
#2269 = ORIENTED_EDGE ( 'NONE', *, *, #335, .F. ) ;
#2270 = ADVANCED_FACE ( 'NONE', ( #2855 ), #1963, .F. ) ;
#2271 = DIRECTION ( 'NONE',  ( -0.000000000000000000, -1.000000000000000000, -0.000000000000000000 ) ) ;
#2272 = VECTOR ( 'NONE', #2758, 1000.000000000000000 ) ;
#2273 = LINE ( 'NONE', #2288, #1345 ) ;
#2274 = AXIS2_PLACEMENT_3D ( 'NONE', #66, #336, #97 ) ;
#2275 = DIRECTION ( 'NONE',  ( 0.000000000000000000, -0.000000000000000000, -1.000000000000000000 ) ) ;
#2276 = AXIS2_PLACEMENT_3D ( 'NONE', #232, #1125, #1530 ) ;
#2277 = DIRECTION ( 'NONE',  ( 4.956352788505164254E-16, 0.000000000000000000, -1.000000000000000000 ) ) ;
#2278 = EDGE_CURVE ( 'NONE', #1716, #2452, #1087, .T. ) ;
#2279 = AXIS2_PLACEMENT_3D ( 'NONE', #2869, #862, #2434 ) ;
#2280 = VERTEX_POINT ( 'NONE', #1772 ) ;
#2281 = ORIENTED_EDGE ( 'NONE', *, *, #635, .T. ) ;
#2282 = CARTESIAN_POINT ( 'NONE',  ( 0.7199999999999999734, -7.500000000000000000, -9.099999999999997868 ) ) ;
#2283 = ADVANCED_FACE ( 'NONE', ( #1316 ), #1991, .F. ) ;
#2284 = CARTESIAN_POINT ( 'NONE',  ( 0.7200000000000001954, -2.000000000000000000, -9.000000000000000000 ) ) ;
#2285 = DIRECTION ( 'NONE',  ( 0.000000000000000000, 0.000000000000000000, 1.000000000000000000 ) ) ;
#2286 = ORIENTED_EDGE ( 'NONE', *, *, #613, .T. ) ;
#2287 = LINE ( 'NONE', #1192, #2511 ) ;
#2288 = CARTESIAN_POINT ( 'NONE',  ( 31.48000000000000043, -7.500000000000000000, -18.19999999999999929 ) ) ;
#2289 = CARTESIAN_POINT ( 'NONE',  ( 44.07999999999999829, -2.000000000000000000, -16.10000000000000142 ) ) ;
#2290 = CARTESIAN_POINT ( 'NONE',  ( 6.819999999999997620, -2.000000000000000000, -16.50000000000000000 ) ) ;
#2291 = LINE ( 'NONE', #2796, #1251 ) ;
#2292 = EDGE_CURVE ( 'NONE', #1911, #2545, #2375, .T. ) ;
#2293 = VERTEX_POINT ( 'NONE', #909 ) ;
#2294 = EDGE_LOOP ( 'NONE', ( #1124, #1014, #2642, #1113 ) ) ;
#2295 = LINE ( 'NONE', #2737, #2426 ) ;
#2296 = LINE ( 'NONE', #2768, #1529 ) ;
#2297 = DIRECTION ( 'NONE',  ( 0.000000000000000000, 1.000000000000000000, 0.000000000000000000 ) ) ;
#2298 = VERTEX_POINT ( 'NONE', #2009 ) ;
#2299 = CARTESIAN_POINT ( 'NONE',  ( 5.999999999999998224, -1.200000000000006395, -4.499999999999994671 ) ) ;
#2300 = LINE ( 'NONE', #300, #1582 ) ;
#2301 = LINE ( 'NONE', #2760, #1475 ) ;
#2302 = EDGE_CURVE ( 'NONE', #1162, #876, #905, .T. ) ;
#2303 = CARTESIAN_POINT ( 'NONE',  ( 19.42000000000000171, -2.000000000000000000, -22.39999999999999503 ) ) ;
#2304 = CARTESIAN_POINT ( 'NONE',  ( 19.42000000000000171, -3.099999999999998757, -24.09999999999999787 ) ) ;
#2305 = EDGE_LOOP ( 'NONE', ( #2550, #1271, #2463, #737 ) ) ;
#2306 = VERTEX_POINT ( 'NONE', #1534 ) ;
#2307 = DIRECTION ( 'NONE',  ( 0.000000000000000000, 1.000000000000000000, 0.000000000000000000 ) ) ;
#2308 = CARTESIAN_POINT ( 'NONE',  ( 48.00000000000000000, -2.000000000000000000, -9.197916215502274019E-17 ) ) ;
#2309 = CARTESIAN_POINT ( 'NONE',  ( 42.00000000000000000, -2.000000000000000000, -4.499999999999999112 ) ) ;
#2310 = ORIENTED_EDGE ( 'NONE', *, *, #2112, .T. ) ;
#2311 = VECTOR ( 'NONE', #1517, 1000.000000000000000 ) ;
#2312 = EDGE_CURVE ( 'NONE', #984, #2358, #1748, .T. ) ;
#2313 = DIRECTION ( 'NONE',  ( 0.000000000000000000, 0.000000000000000000, 1.000000000000000000 ) ) ;
#2314 = CARTESIAN_POINT ( 'NONE',  ( 0.7200000000000006395, -11.79999999999999893, -14.49999999999999822 ) ) ;
#2315 = VECTOR ( 'NONE', #642, 1000.000000000000000 ) ;
#2316 = CARTESIAN_POINT ( 'NONE',  ( 47.27999999999999403, -2.000000000000000000, -27.59999999999999787 ) ) ;
#2317 = MECHANICAL_DESIGN_GEOMETRIC_PRESENTATION_REPRESENTATION (  '', ( #2886 ), #2418 ) ;
#2318 = VECTOR ( 'NONE', #96, 1000.000000000000000 ) ;
#2319 = VECTOR ( 'NONE', #1718, 1000.000000000000000 ) ;
#2320 = EDGE_CURVE ( 'NONE', #1637, #1562, #2006, .T. ) ;
#2321 = LINE ( 'NONE', #675, #2318 ) ;
#2322 = DIRECTION ( 'NONE',  ( 0.000000000000000000, 1.000000000000000000, 0.000000000000000000 ) ) ;
#2323 = AXIS2_PLACEMENT_3D ( 'NONE', #2794, #766, #125 ) ;
#2324 = ORIENTED_EDGE ( 'NONE', *, *, #2405, .F. ) ;
#2325 = VECTOR ( 'NONE', #1256, 1000.000000000000114 ) ;
#2326 = ORIENTED_EDGE ( 'NONE', *, *, #494, .F. ) ;
#2327 = CARTESIAN_POINT ( 'NONE',  ( 31.52000000000000668, -2.000000000000000000, -27.59999999999999787 ) ) ;
#2328 = CARTESIAN_POINT ( 'NONE',  ( 11.39999999999999680, -7.500000000000000000, -13.40000000000000213 ) ) ;
#2329 = EDGE_CURVE ( 'NONE', #719, #2293, #1518, .T. ) ;
#2330 = PLANE ( 'NONE',  #2510 ) ;
#2331 = ORIENTED_EDGE ( 'NONE', *, *, #1369, .T. ) ;
#2332 = FACE_OUTER_BOUND ( 'NONE', #422, .T. ) ;
#2333 = CARTESIAN_POINT ( 'NONE',  ( 41.76000000000000512, -7.500000000000000000, -16.00000000000000000 ) ) ;
#2334 = EDGE_CURVE ( 'NONE', #2735, #1514, #408, .T. ) ;
#2335 = LINE ( 'NONE', #2747, #1575 ) ;
#2336 = CARTESIAN_POINT ( 'NONE',  ( 42.00000000000000000, -2.000000000000000000, -4.499999999999999112 ) ) ;
#2337 = PLANE ( 'NONE',  #645 ) ;
#2338 = DIRECTION ( 'NONE',  ( -0.000000000000000000, 1.000000000000000000, 0.000000000000000000 ) ) ;
#2339 = EDGE_CURVE ( 'NONE', #2103, #357, #1127, .T. ) ;
#2340 = ORIENTED_EDGE ( 'NONE', *, *, #2640, .F. ) ;
#2341 = VERTEX_POINT ( 'NONE', #2207 ) ;
#2342 = CARTESIAN_POINT ( 'NONE',  ( 26.41999999999999815, -2.000000000000000000, -28.00000000000000355 ) ) ;
#2343 = ORIENTED_EDGE ( 'NONE', *, *, #1782, .F. ) ;
#2344 = PLANE ( 'NONE',  #2421 ) ;
#2345 = VERTEX_POINT ( 'NONE', #1794 ) ;
#2346 = DIRECTION ( 'NONE',  ( 1.000000000000000000, 0.000000000000000000, -3.730588120380230448E-16 ) ) ;
#2347 = CARTESIAN_POINT ( 'NONE',  ( 6.819999999999998508, -6.299999999999999822, -9.099999999999997868 ) ) ;
#2348 = CYLINDRICAL_SURFACE ( 'NONE', #1993, 0.5000000000000004441 ) ;
#2349 = DIRECTION ( 'NONE',  ( -0.000000000000000000, 1.000000000000000000, -0.000000000000000000 ) ) ;
#2350 = LINE ( 'NONE', #2128, #785 ) ;
#2351 = CARTESIAN_POINT ( 'NONE',  ( 9.520000000000008455, -2.000000000000000000, -27.59999999999999787 ) ) ;
#2352 = ADVANCED_FACE ( 'NONE', ( #893 ), #1084, .F. ) ;
#2353 = ORIENTED_EDGE ( 'NONE', *, *, #432, .T. ) ;
#2354 = EDGE_LOOP ( 'NONE', ( #2890, #1918, #1206, #1385 ) ) ;
#2355 = CARTESIAN_POINT ( 'NONE',  ( 6.819999999999999396, -7.500000000000000000, -14.49999999999999822 ) ) ;
#2356 = ORIENTED_EDGE ( 'NONE', *, *, #1845, .T. ) ;
#2357 = CARTESIAN_POINT ( 'NONE',  ( 31.52000000000000668, 0.000000000000000000, -29.69999999999999929 ) ) ;
#2358 = VERTEX_POINT ( 'NONE', #2408 ) ;
#2359 = DIRECTION ( 'NONE',  ( -1.000000000000000000, -0.000000000000000000, -0.000000000000000000 ) ) ;
#2360 = EDGE_LOOP ( 'NONE', ( #1757, #2635, #2437, #44 ) ) ;
#2361 = VECTOR ( 'NONE', #310, 1000.000000000000000 ) ;
#2362 = EDGE_CURVE ( 'NONE', #1631, #1199, #1296, .T. ) ;
#2363 = DIRECTION ( 'NONE',  ( 1.000000000000000000, -0.000000000000000000, -0.000000000000000000 ) ) ;
#2364 = VECTOR ( 'NONE', #398, 1000.000000000000000 ) ;
#2365 = LINE ( 'NONE', #366, #2325 ) ;
#2366 = AXIS2_PLACEMENT_3D ( 'NONE', #1393, #285, #2066 ) ;
#2367 = LINE ( 'NONE', #1738, #1112 ) ;
#2368 = VECTOR ( 'NONE', #2202, 1000.000000000000000 ) ;
#2369 = AXIS2_PLACEMENT_3D ( 'NONE', #2304, #350, #1026 ) ;
#2370 = ADVANCED_FACE ( 'NONE', ( #167 ), #638, .F. ) ;
#2371 = ORIENTED_EDGE ( 'NONE', *, *, #1059, .T. ) ;
#2372 = ORIENTED_EDGE ( 'NONE', *, *, #2572, .F. ) ;
#2373 = AXIS2_PLACEMENT_3D ( 'NONE', #354, #2814, #560 ) ;
#2374 = CARTESIAN_POINT ( 'NONE',  ( 5.999999999999998224, -1.200000000000006395, -4.499999999999994671 ) ) ;
#2375 = CIRCLE ( 'NONE', #1293, 2.900000000000013678 ) ;
#2376 = VERTEX_POINT ( 'NONE', #187 ) ;
#2377 = CARTESIAN_POINT ( 'NONE',  ( 9.520000000000006679, -1.500000000000008216, -29.69999999999999929 ) ) ;
#2378 = EDGE_LOOP ( 'NONE', ( #338, #2781 ) ) ;
#2379 = DIRECTION ( 'NONE',  ( 1.000000000000000000, 0.000000000000000000, 2.843808977011159309E-16 ) ) ;
#2380 = EDGE_CURVE ( 'NONE', #1878, #850, #6, .T. ) ;
#2381 = CARTESIAN_POINT ( 'NONE',  ( 44.07999999999999829, -2.000000000000000000, -18.19999999999999574 ) ) ;
#2382 = FACE_OUTER_BOUND ( 'NONE', #240, .T. ) ;
#2383 = DIRECTION ( 'NONE',  ( -0.000000000000000000, -0.000000000000000000, -1.000000000000000000 ) ) ;
#2384 = LINE ( 'NONE', #1269, #2364 ) ;
#2385 = VERTEX_POINT ( 'NONE', #667 ) ;
#2386 = ORIENTED_EDGE ( 'NONE', *, *, #2150, .T. ) ;
#2387 = VERTEX_POINT ( 'NONE', #1975 ) ;
#2388 = ORIENTED_EDGE ( 'NONE', *, *, #2165, .F. ) ;
#2389 = CARTESIAN_POINT ( 'NONE',  ( 3.719999999999999307, -7.500000000000000000, -19.39999999999999858 ) ) ;
#2390 = ORIENTED_EDGE ( 'NONE', *, *, #191, .F. ) ;
#2391 = EDGE_CURVE ( 'NONE', #1078, #2462, #2898, .T. ) ;
#2392 = DIRECTION ( 'NONE',  ( 0.000000000000000000, 0.000000000000000000, 1.000000000000000000 ) ) ;
#2393 = LINE ( 'NONE', #844, #921 ) ;
#2394 = DIRECTION ( 'NONE',  ( 1.165808787618822015E-17, -0.000000000000000000, 1.000000000000000000 ) ) ;
#2395 = ORIENTED_EDGE ( 'NONE', *, *, #261, .T. ) ;
#2396 = CARTESIAN_POINT ( 'NONE',  ( 0.7199999999999999734, -2.000000000000000000, -27.59999999999999787 ) ) ;
#2397 = PLANE ( 'NONE',  #2323 ) ;
#2398 = EDGE_CURVE ( 'NONE', #447, #2215, #2193, .T. ) ;
#2399 = DIRECTION ( 'NONE',  ( -0.000000000000000000, 1.000000000000000000, 0.000000000000000000 ) ) ;
#2400 = EDGE_LOOP ( 'NONE', ( #2404, #1244, #996, #1134, #589, #664, #193, #823, #100, #2356, #626 ) ) ;
#2401 = VERTEX_POINT ( 'NONE', #1561 ) ;
#2402 = ORIENTED_EDGE ( 'NONE', *, *, #160, .T. ) ;
#2403 = DIRECTION ( 'NONE',  ( -0.000000000000000000, -1.000000000000000000, -0.000000000000000000 ) ) ;
#2404 = ORIENTED_EDGE ( 'NONE', *, *, #2380, .F. ) ;
#2405 = EDGE_CURVE ( 'NONE', #983, #1098, #231, .T. ) ;
#2406 = DIRECTION ( 'NONE',  ( -1.000000000000000000, -0.000000000000000000, -2.356961244533703645E-15 ) ) ;
#2407 = CARTESIAN_POINT ( 'NONE',  ( 31.52000000000000668, -3.100000000000000533, -28.00000000000000000 ) ) ;
#2408 = CARTESIAN_POINT ( 'NONE',  ( 31.52000000000000668, -1.500000000000008216, -27.59999999999999787 ) ) ;
#2409 = ORIENTED_EDGE ( 'NONE', *, *, #172, .T. ) ;
#2410 = EDGE_CURVE ( 'NONE', #1288, #2641, #694, .T. ) ;
#2411 = CARTESIAN_POINT ( 'NONE',  ( 42.26000000000000512, -7.500000000000000000, -16.50000000000000000 ) ) ;
#2412 = DIRECTION ( 'NONE',  ( 0.000000000000000000, 0.000000000000000000, 1.000000000000000000 ) ) ;
#2413 = CARTESIAN_POINT ( 'NONE',  ( 26.41999999999999815, -1.000000000000000000, -21.00000000000000355 ) ) ;
#2414 = VECTOR ( 'NONE', #139, 1000.000000000000000 ) ;
#2415 = VECTOR ( 'NONE', #973, 1000.000000000000000 ) ;
#2416 = VERTEX_POINT ( 'NONE', #2444 ) ;
#2417 = AXIS2_PLACEMENT_3D ( 'NONE', #342, #116, #1779 ) ;
#2418 =( GEOMETRIC_REPRESENTATION_CONTEXT ( 3 ) GLOBAL_UNCERTAINTY_ASSIGNED_CONTEXT ( ( #2471 ) ) GLOBAL_UNIT_ASSIGNED_CONTEXT ( ( #682, #1341, #2257 ) ) REPRESENTATION_CONTEXT ( 'NONE', 'WORKASPACE' ) );
#2419 = EDGE_CURVE ( 'NONE', #2089, #1888, #1338, .T. ) ;
#2420 = ORIENTED_EDGE ( 'NONE', *, *, #2805, .F. ) ;
#2421 = AXIS2_PLACEMENT_3D ( 'NONE', #544, #2756, #808 ) ;
#2422 = VERTEX_POINT ( 'NONE', #874 ) ;
#2424 = VECTOR ( 'NONE', #2359, 1000.000000000000000 ) ;
#2423 = DIRECTION ( 'NONE',  ( -3.730588120380230448E-16, -0.000000000000000000, -1.000000000000000000 ) ) ;
#2425 = ORIENTED_EDGE ( 'NONE', *, *, #2198, .T. ) ;
#2426 = VECTOR ( 'NONE', #955, 1000.000000000000000 ) ;
#2427 = CARTESIAN_POINT ( 'NONE',  ( 47.28000000000000114, -7.500000000000000000, -16.10000000000000142 ) ) ;
#2428 = ADVANCED_FACE ( 'NONE', ( #440 ), #1279, .F. ) ;
#2429 = DIRECTION ( 'NONE',  ( 0.000000000000000000, 1.000000000000000000, 0.000000000000000000 ) ) ;
#2430 = DIRECTION ( 'NONE',  ( 0.000000000000000000, 0.000000000000000000, 1.000000000000000000 ) ) ;
#2431 = ORIENTED_EDGE ( 'NONE', *, *, #1816, .T. ) ;
#2432 = AXIS2_PLACEMENT_3D ( 'NONE', #1733, #1784, #625 ) ;
#2433 = LINE ( 'NONE', #1038, #2700 ) ;
#2434 = DIRECTION ( 'NONE',  ( 8.260587980841933849E-16, 0.000000000000000000, 1.000000000000000000 ) ) ;
#2435 = PRODUCT_DEFINITION ( 'UNKNOWN', '', #1531, #394 ) ;
#2436 = DIRECTION ( 'NONE',  ( -1.000000000000000000, 0.000000000000000000, 0.000000000000000000 ) ) ;
#2437 = ORIENTED_EDGE ( 'NONE', *, *, #1799, .T. ) ;
#2438 = ORIENTED_EDGE ( 'NONE', *, *, #200, .T. ) ;
#2439 = ORIENTED_EDGE ( 'NONE', *, *, #2485, .T. ) ;
#2440 = DIRECTION ( 'NONE',  ( 0.000000000000000000, 0.000000000000000000, 1.000000000000000000 ) ) ;
#2441 = ORIENTED_EDGE ( 'NONE', *, *, #1452, .T. ) ;
#2442 = DIRECTION ( 'NONE',  ( 0.000000000000000000, -1.000000000000000000, -0.000000000000000000 ) ) ;
#2443 = FACE_BOUND ( 'NONE', #1145, .T. ) ;
#2444 = CARTESIAN_POINT ( 'NONE',  ( 26.59999999999999787, -2.000000000000000000, -13.40000000000000213 ) ) ;
#2445 = ORIENTED_EDGE ( 'NONE', *, *, #618, .F. ) ;
#2446 = LINE ( 'NONE', #2881, #1578 ) ;
#2447 = DIRECTION ( 'NONE',  ( 1.334402673828313438E-15, 0.000000000000000000, 1.000000000000000000 ) ) ;
#2448 = FACE_BOUND ( 'NONE', #2671, .T. ) ;
#2449 = EDGE_CURVE ( 'NONE', #1562, #1708, #974, .T. ) ;
#2450 = ORIENTED_EDGE ( 'NONE', *, *, #1369, .F. ) ;
#2451 = CARTESIAN_POINT ( 'NONE',  ( 0.7200000000000006395, -11.79999999999999893, -14.49999999999999822 ) ) ;
#2452 = VERTEX_POINT ( 'NONE', #707 ) ;
#2453 = DIRECTION ( 'NONE',  ( 0.000000000000000000, 0.000000000000000000, -1.000000000000000000 ) ) ;
#2454 = DIRECTION ( 'NONE',  ( -0.000000000000000000, -1.000000000000000000, -0.000000000000000000 ) ) ;
#2455 = CARTESIAN_POINT ( 'NONE',  ( 19.42000000000000171, 0.000000000000000000, -24.09999999999999787 ) ) ;
#2456 = VERTEX_POINT ( 'NONE', #271 ) ;
#2457 = DIRECTION ( 'NONE',  ( -0.000000000000000000, 1.000000000000000000, -0.000000000000000000 ) ) ;
#2458 = CARTESIAN_POINT ( 'NONE',  ( 47.28000000000000114, -2.000000000000000000, -9.000000000000000000 ) ) ;
#2459 = AXIS2_PLACEMENT_3D ( 'NONE', #1783, #2206, #467 ) ;
#2460 = AXIS2_PLACEMENT_3D ( 'NONE', #1724, #2399, #2197 ) ;
#2461 = EDGE_CURVE ( 'NONE', #2164, #583, #736, .T. ) ;
#2462 = VERTEX_POINT ( 'NONE', #1138 ) ;
#2463 = ORIENTED_EDGE ( 'NONE', *, *, #2112, .F. ) ;
#2464 = AXIS2_PLACEMENT_3D ( 'NONE', #1069, #813, #1702 ) ;
#2465 = DIRECTION ( 'NONE',  ( 0.000000000000000000, 0.000000000000000000, -1.000000000000000000 ) ) ;
#2466 = AXIS2_PLACEMENT_3D ( 'NONE', #1205, #1672, #1263 ) ;
#2467 = AXIS2_PLACEMENT_3D ( 'NONE', #1731, #1064, #856 ) ;
#2468 = CARTESIAN_POINT ( 'NONE',  ( 44.07999999999999829, -2.000000000000000000, -18.19999999999999574 ) ) ;
#2469 = CARTESIAN_POINT ( 'NONE',  ( 42.00000000000000000, -2.000000000000000000, -2.799999999999999378 ) ) ;
#2470 = ORIENTED_EDGE ( 'NONE', *, *, #1452, .F. ) ;
#2471 = UNCERTAINTY_MEASURE_WITH_UNIT (LENGTH_MEASURE( 1.000000000000000082E-05 ), #682, 'distance_accuracy_value', 'NONE');
#2472 = LINE ( 'NONE', #2248, #687 ) ;
#2473 = VECTOR ( 'NONE', #2383, 1000.000000000000000 ) ;
#2474 = CARTESIAN_POINT ( 'NONE',  ( 3.719999999999999307, -7.500000000000000000, -19.39999999999999858 ) ) ;
#2475 = AXIS2_PLACEMENT_3D ( 'NONE', #1630, #468, #2523 ) ;
#2476 = CARTESIAN_POINT ( 'NONE',  ( 48.00000000000000000, -2.000000000000000000, -9.197916215502274019E-17 ) ) ;
#2477 = EDGE_CURVE ( 'NONE', #1728, #2495, #1663, .T. ) ;
#2478 = VERTEX_POINT ( 'NONE', #48 ) ;
#2479 = EDGE_LOOP ( 'NONE', ( #329, #180, #425, #758 ) ) ;
#2480 = EDGE_CURVE ( 'NONE', #1728, #2641, #489, .T. ) ;
#2481 = DIRECTION ( 'NONE',  ( 0.000000000000000000, 1.000000000000000000, 0.000000000000000000 ) ) ;
#2482 = CARTESIAN_POINT ( 'NONE',  ( 12.42000000000000703, -3.100000000000000533, -28.00000000000000000 ) ) ;
#2483 = CARTESIAN_POINT ( 'NONE',  ( 0.7199999999999984190, -2.000000000000000000, -19.39999999999999503 ) ) ;
#2484 = ORIENTED_EDGE ( 'NONE', *, *, #1147, .T. ) ;
#2485 = EDGE_CURVE ( 'NONE', #2060, #2164, #179, .T. ) ;
#2486 = DIRECTION ( 'NONE',  ( 0.000000000000000000, -1.000000000000000000, 0.000000000000000000 ) ) ;
#2487 = DIRECTION ( 'NONE',  ( 5.782411586589359611E-15, 0.000000000000000000, 1.000000000000000000 ) ) ;
#2488 = LINE ( 'NONE', #2032, #2736 ) ;
#2489 = ADVANCED_FACE ( 'NONE', ( #1591 ), #1363, .F. ) ;
#2490 = ORIENTED_EDGE ( 'NONE', *, *, #1013, .F. ) ;
#2491 = VERTEX_POINT ( 'NONE', #2027 ) ;
#2492 = LINE ( 'NONE', #502, #2746 ) ;
#2493 = LINE ( 'NONE', #2328, #2125 ) ;
#2494 = LINE ( 'NONE', #1403, #1208 ) ;
#2495 = VERTEX_POINT ( 'NONE', #58 ) ;
#2496 = LINE ( 'NONE', #105, #2084 ) ;
#2497 = CARTESIAN_POINT ( 'NONE',  ( 30.28000000000000114, -2.000000000000000000, -14.39999999999999503 ) ) ;
#2498 = EDGE_CURVE ( 'NONE', #1612, #1758, #1721, .T. ) ;
#2499 = DIRECTION ( 'NONE',  ( 0.000000000000000000, -1.000000000000000000, 0.000000000000000000 ) ) ;
#2500 = VECTOR ( 'NONE', #1051, 1000.000000000000114 ) ;
#2501 = ORIENTED_EDGE ( 'NONE', *, *, #307, .T. ) ;
#2502 = VERTEX_POINT ( 'NONE', #2739 ) ;
#2503 = CIRCLE ( 'NONE', #726, 2.900000000000027445 ) ;
#2504 = CARTESIAN_POINT ( 'NONE',  ( 12.39999036921260434, -4.299999999999999822, -13.11561120950240245 ) ) ;
#2505 = CARTESIAN_POINT ( 'NONE',  ( 6.819999999999999396, -11.79999999999999893, -14.49999999999999645 ) ) ;
#2507 = VECTOR ( 'NONE', #154, 1000.000000000000000 ) ;
#2506 = CARTESIAN_POINT ( 'NONE',  ( 19.42000000000000171, -1.200000000000013278, -25.79999999999999716 ) ) ;
#2508 = VERTEX_POINT ( 'NONE', #2483 ) ;
#2509 = CARTESIAN_POINT ( 'NONE',  ( 9.520000000000006679, -2.000000000000000000, -28.00000000000000000 ) ) ;
#2510 = AXIS2_PLACEMENT_3D ( 'NONE', #2107, #588, #1922 ) ;
#2511 = VECTOR ( 'NONE', #2526, 1000.000000000000000 ) ;
#2512 = CARTESIAN_POINT ( 'NONE',  ( 9.519999999999997797, -2.000000000000000000, -16.00000000000000000 ) ) ;
#2513 = VECTOR ( 'NONE', #2789, 1000.000000000000000 ) ;
#2514 = PLANE ( 'NONE',  #1424 ) ;
#2515 = EDGE_CURVE ( 'NONE', #1243, #1364, #2705, .T. ) ;
#2516 = AXIS2_PLACEMENT_3D ( 'NONE', #2282, #1609, #1352 ) ;
#2517 = CARTESIAN_POINT ( 'NONE',  ( 0.000000000000000000, 0.000000000000000000, 0.000000000000000000 ) ) ;
#2518 = DIRECTION ( 'NONE',  ( 0.000000000000000000, 1.000000000000000000, 0.000000000000000000 ) ) ;
#2519 = EDGE_LOOP ( 'NONE', ( #111, #952, #619, #2246 ) ) ;
#2520 = ORIENTED_EDGE ( 'NONE', *, *, #2198, .F. ) ;
#2521 = LINE ( 'NONE', #1135, #508 ) ;
#2522 = CARTESIAN_POINT ( 'NONE',  ( 12.42000000000000348, -3.099999999999998757, -21.00000000000000355 ) ) ;
#2523 = DIRECTION ( 'NONE',  ( 0.000000000000000000, 0.000000000000000000, 1.000000000000000000 ) ) ;
#2524 = EDGE_LOOP ( 'NONE', ( #2872, #1178, #1742, #2581 ) ) ;
#2525 = ADVANCED_FACE ( 'NONE', ( #697 ), #2267, .T. ) ;
#2526 = DIRECTION ( 'NONE',  ( -0.000000000000000000, -0.000000000000000000, -1.000000000000000000 ) ) ;
#2527 = LINE ( 'NONE', #2497, #1667 ) ;
#2528 = FACE_OUTER_BOUND ( 'NONE', #1392, .T. ) ;
#2529 = CARTESIAN_POINT ( 'NONE',  ( 0.7200000000000001954, -2.000000000000000000, -9.000000000000000000 ) ) ;
#2530 = DIRECTION ( 'NONE',  ( 0.000000000000000000, 0.000000000000000000, -1.000000000000000000 ) ) ;
#2531 = EDGE_CURVE ( 'NONE', #2495, #1288, #718, .T. ) ;
#2532 = ORIENTED_EDGE ( 'NONE', *, *, #769, .F. ) ;
#2533 = ORIENTED_EDGE ( 'NONE', *, *, #769, .T. ) ;
#2534 = CARTESIAN_POINT ( 'NONE',  ( 42.00000000000000000, -1.200000000000006395, -4.499999999999999112 ) ) ;
#2535 = CARTESIAN_POINT ( 'NONE',  ( 47.28000000000000114, -2.000000000000000000, -9.099999999999997868 ) ) ;
#2536 = FACE_OUTER_BOUND ( 'NONE', #1528, .T. ) ;
#2537 = EDGE_LOOP ( 'NONE', ( #2770, #1777, #1232, #997 ) ) ;
#2538 = DIRECTION ( 'NONE',  ( 1.000000000000000000, 0.000000000000000000, 0.000000000000000000 ) ) ;
#2539 = DIRECTION ( 'NONE',  ( -0.000000000000000000, -0.000000000000000000, -1.000000000000000000 ) ) ;
#2540 = LINE ( 'NONE', #2316, #1946 ) ;
#2541 = ADVANCED_FACE ( 'NONE', ( #2255 ), #283, .F. ) ;
#2542 = DIRECTION ( 'NONE',  ( -0.000000000000000000, -1.000000000000000000, -0.000000000000000000 ) ) ;
#2543 = ADVANCED_FACE ( 'NONE', ( #2064 ), #836, .F. ) ;
#2544 = ORIENTED_EDGE ( 'NONE', *, *, #307, .F. ) ;
#2545 = VERTEX_POINT ( 'NONE', #1150 ) ;
#2546 = EDGE_CURVE ( 'NONE', #1829, #818, #2038, .T. ) ;
#2547 = LINE ( 'NONE', #2136, #2008 ) ;
#2548 = CYLINDRICAL_SURFACE ( 'NONE', #1571, 0.5000000000000004441 ) ;
#2549 = FACE_OUTER_BOUND ( 'NONE', #1290, .T. ) ;
#2550 = ORIENTED_EDGE ( 'NONE', *, *, #33, .T. ) ;
#2551 = VECTOR ( 'NONE', #735, 1000.000000000000000 ) ;
#2552 = DIRECTION ( 'NONE',  ( -1.000000000000000000, 0.000000000000000000, 0.000000000000000000 ) ) ;
#2553 = CARTESIAN_POINT ( 'NONE',  ( 0.7199999999999999734, -11.79999999999999893, -9.099999999999997868 ) ) ;
#2554 = VECTOR ( 'NONE', #1490, 1000.000000000000000 ) ;
#2555 = DIRECTION ( 'NONE',  ( 0.000000000000000000, 1.000000000000000000, 0.000000000000000000 ) ) ;
#2556 = VECTOR ( 'NONE', #1959, 1000.000000000000000 ) ;
#2557 = VECTOR ( 'NONE', #204, 1000.000000000000000 ) ;
#2558 = PLANE ( 'NONE',  #2708 ) ;
#2559 = AXIS2_PLACEMENT_3D ( 'NONE', #1569, #2070, #754 ) ;
#2560 = VECTOR ( 'NONE', #2563, 1000.000000000000000 ) ;
#2561 = APPLICATION_PROTOCOL_DEFINITION ( 'draft international standard', 'automotive_design', 1998, #1312 ) ;
#2562 = EDGE_CURVE ( 'NONE', #1547, #1078, #2494, .T. ) ;
#2563 = DIRECTION ( 'NONE',  ( -0.000000000000000000, -1.000000000000000000, -0.000000000000000000 ) ) ;
#2564 = VECTOR ( 'NONE', #2568, 1000.000000000000000 ) ;
#2565 = EDGE_LOOP ( 'NONE', ( #775, #1923, #1936, #2616 ) ) ;
#2566 = VECTOR ( 'NONE', #2209, 1000.000000000000000 ) ;
#2567 = ORIENTED_EDGE ( 'NONE', *, *, #2410, .F. ) ;
#2568 = DIRECTION ( 'NONE',  ( -0.000000000000000000, -0.000000000000000000, 1.000000000000000000 ) ) ;
#2569 = VERTEX_POINT ( 'NONE', #2469 ) ;
#2570 = CARTESIAN_POINT ( 'NONE',  ( 35.17999999999999972, -7.500000000000000000, -17.69999999999999929 ) ) ;
#2571 = ORIENTED_EDGE ( 'NONE', *, *, #248, .F. ) ;
#2572 = EDGE_CURVE ( 'NONE', #1219, #846, #297, .T. ) ;
#2573 = DIRECTION ( 'NONE',  ( 5.204170427930416550E-15, 0.000000000000000000, -1.000000000000000000 ) ) ;
#2574 = CARTESIAN_POINT ( 'NONE',  ( 3.719999999999999307, -2.000000000000000000, -18.19999999999999574 ) ) ;
#2575 = CARTESIAN_POINT ( 'NONE',  ( 10.51999999999999780, -7.500000000000000000, -18.19999999999999929 ) ) ;
#2576 = EDGE_CURVE ( 'NONE', #2891, #59, #1189, .T. ) ;
#2577 = DIRECTION ( 'NONE',  ( -0.000000000000000000, -1.000000000000000000, -0.000000000000000000 ) ) ;
#2578 = LINE ( 'NONE', #1238, #2047 ) ;
#2579 = CARTESIAN_POINT ( 'NONE',  ( 9.520000000000006679, -3.100000000000000533, -28.00000000000000000 ) ) ;
#2580 = VERTEX_POINT ( 'NONE', #2817 ) ;
#2581 = ORIENTED_EDGE ( 'NONE', *, *, #2477, .T. ) ;
#2582 = DIRECTION ( 'NONE',  ( 1.000000000000000000, -0.000000000000000000, -0.000000000000000000 ) ) ;
#2583 = ORIENTED_EDGE ( 'NONE', *, *, #1752, .F. ) ;
#2584 = CARTESIAN_POINT ( 'NONE',  ( 26.41999999999999815, -1.000000000000000000, -16.00000000000000355 ) ) ;
#2585 = ORIENTED_EDGE ( 'NONE', *, *, #43, .F. ) ;
#2586 = DIRECTION ( 'NONE',  ( 0.9635627530364371252, 0.000000000000000000, 0.2674823750471086448 ) ) ;
#2587 = ORIENTED_EDGE ( 'NONE', *, *, #522, .T. ) ;
#2588 = CARTESIAN_POINT ( 'NONE',  ( 42.00000000000000000, -1.200000000000006395, -6.199999999999998401 ) ) ;
#2589 = CARTESIAN_POINT ( 'NONE',  ( 48.00000000000000000, -2.000000000000000000, -9.197916215502274019E-17 ) ) ;
#2590 = ADVANCED_FACE ( 'NONE', ( #136 ), #1248, .F. ) ;
#2591 = FACE_OUTER_BOUND ( 'NONE', #1314, .T. ) ;
#2592 = VERTEX_POINT ( 'NONE', #1482 ) ;
#2593 = ORIENTED_EDGE ( 'NONE', *, *, #1511, .F. ) ;
#2594 = EDGE_CURVE ( 'NONE', #2569, #291, #1764, .T. ) ;
#2595 = CARTESIAN_POINT ( 'NONE',  ( 6.819999999999997620, -2.000000000000000000, -16.00000000000000000 ) ) ;
#2596 = ORIENTED_EDGE ( 'NONE', *, *, #1648, .F. ) ;
#2597 = DIRECTION ( 'NONE',  ( -0.000000000000000000, -1.000000000000000000, -0.000000000000000000 ) ) ;
#2598 = ORIENTED_EDGE ( 'NONE', *, *, #994, .F. ) ;
#2599 = ADVANCED_FACE ( 'NONE', ( #88 ), #1000, .F. ) ;
#2600 = CARTESIAN_POINT ( 'NONE',  ( 11.39999999999999680, -6.299999999999999822, -13.40000000000000213 ) ) ;
#2601 = PRODUCT ( 'battery_cap_1mm', 'battery_cap_1mm', '', ( #1350 ) ) ;
#2602 = PLANE ( 'NONE',  #455 ) ;
#2603 = LINE ( 'NONE', #2588, #686 ) ;
#2604 = ADVANCED_FACE ( 'NONE', ( #2549 ), #749, .F. ) ;
#2605 = AXIS2_PLACEMENT_3D ( 'NONE', #1595, #1143, #712 ) ;
#2606 = DIRECTION ( 'NONE',  ( -1.606225440719266367E-16, -0.000000000000000000, 1.000000000000000000 ) ) ;
#2607 = AXIS2_PLACEMENT_3D ( 'NONE', #344, #2346, #1675 ) ;
#2608 = DIRECTION ( 'NONE',  ( -1.000000000000000000, 0.000000000000000000, 0.000000000000000000 ) ) ;
#2609 = AXIS2_PLACEMENT_3D ( 'NONE', #212, #653, #2440 ) ;
#2610 = VECTOR ( 'NONE', #2406, 1000.000000000000000 ) ;
#2611 = ORIENTED_EDGE ( 'NONE', *, *, #1155, .T. ) ;
#2612 = ORIENTED_EDGE ( 'NONE', *, *, #2816, .T. ) ;
#2613 = ADVANCED_FACE ( 'NONE', ( #761 ), #2120, .F. ) ;
#2614 = VECTOR ( 'NONE', #1310, 1000.000000000000000 ) ;
#2615 = CIRCLE ( 'NONE', #2749, 35.00000000000000711 ) ;
#2616 = ORIENTED_EDGE ( 'NONE', *, *, #911, .F. ) ;
#2617 = LINE ( 'NONE', #2451, #1951 ) ;
#2618 = VERTEX_POINT ( 'NONE', #2377 ) ;
#2619 = FACE_OUTER_BOUND ( 'NONE', #1477, .T. ) ;
#2620 = ADVANCED_FACE ( 'NONE', ( #2536 ), #2344, .F. ) ;
#2621 = FACE_OUTER_BOUND ( 'NONE', #2091, .T. ) ;
#2622 = VERTEX_POINT ( 'NONE', #1910 ) ;
#2623 = LINE ( 'NONE', #800, #2315 ) ;
#2624 = CARTESIAN_POINT ( 'NONE',  ( 44.07999999999999829, -7.500000000000000000, -16.10000000000000142 ) ) ;
#2625 = CARTESIAN_POINT ( 'NONE',  ( 9.519999999999997797, -7.500000000000000000, -16.00000000000000000 ) ) ;
#2626 = ORIENTED_EDGE ( 'NONE', *, *, #929, .T. ) ;
#2627 = ORIENTED_EDGE ( 'NONE', *, *, #2405, .T. ) ;
#2628 = EDGE_CURVE ( 'NONE', #796, #2660, #266, .T. ) ;
#2629 = ORIENTED_EDGE ( 'NONE', *, *, #1055, .F. ) ;
#2630 = CYLINDRICAL_SURFACE ( 'NONE', #1117, 1.699999999999999289 ) ;
#2631 = ORIENTED_EDGE ( 'NONE', *, *, #690, .F. ) ;
#2632 = CARTESIAN_POINT ( 'NONE',  ( 3.719999999999999307, -2.000000000000000000, -18.19999999999999574 ) ) ;
#2633 = CARTESIAN_POINT ( 'NONE',  ( 0.000000000000000000, -2.000000000000000000, -9.000000000000000000 ) ) ;
#2634 = DIRECTION ( 'NONE',  ( -0.000000000000000000, -1.000000000000000000, 0.000000000000000000 ) ) ;
#2635 = ORIENTED_EDGE ( 'NONE', *, *, #1776, .T. ) ;
#2636 = LINE ( 'NONE', #189, #1158 ) ;
#2637 = PLANE ( 'NONE',  #2279 ) ;
#2638 = CARTESIAN_POINT ( 'NONE',  ( 38.56000000000000227, -2.000000000000000000, -16.00000000000000000 ) ) ;
#2639 = ORIENTED_EDGE ( 'NONE', *, *, #2278, .F. ) ;
#2640 = EDGE_CURVE ( 'NONE', #357, #1878, #777, .T. ) ;
#2641 = VERTEX_POINT ( 'NONE', #2803 ) ;
#2642 = ORIENTED_EDGE ( 'NONE', *, *, #918, .F. ) ;
#2643 = CARTESIAN_POINT ( 'NONE',  ( 9.520000000000008455, -2.000000000000000000, -27.59999999999999787 ) ) ;
#2644 = ORIENTED_EDGE ( 'NONE', *, *, #2876, .F. ) ;
#2645 = ADVANCED_FACE ( 'NONE', ( #1048 ), #2330, .F. ) ;
#2646 = LINE ( 'NONE', #2216, #1160 ) ;
#2647 = DIRECTION ( 'NONE',  ( -0.000000000000000000, -1.000000000000000000, -0.000000000000000000 ) ) ;
#2648 = DIRECTION ( 'NONE',  ( 0.000000000000000000, 1.000000000000000000, 0.000000000000000000 ) ) ;
#2649 = EDGE_LOOP ( 'NONE', ( #1890, #1085, #2201, #2072 ) ) ;
#2650 = DIRECTION ( 'NONE',  ( -1.000000000000000000, -0.000000000000000000, -0.000000000000000000 ) ) ;
#2651 = CARTESIAN_POINT ( 'NONE',  ( 42.26000000000000512, -7.500000000000000000, -18.19999999999999574 ) ) ;
#2652 = CARTESIAN_POINT ( 'NONE',  ( 9.520000000000010232, 0.000000000000000000, -26.10000000000000497 ) ) ;
#2653 = AXIS2_PLACEMENT_3D ( 'NONE', #873, #2675, #2244 ) ;
#2654 = AXIS2_PLACEMENT_3D ( 'NONE', #1693, #1507, #1541 ) ;
#2655 = ORIENTED_EDGE ( 'NONE', *, *, #2312, .F. ) ;
#2656 = ORIENTED_EDGE ( 'NONE', *, *, #399, .F. ) ;
#2657 = ORIENTED_EDGE ( 'NONE', *, *, #1411, .F. ) ;
#2659 = AXIS2_PLACEMENT_3D ( 'NONE', #1605, #259, #20 ) ;
#2658 = CARTESIAN_POINT ( 'NONE',  ( 12.42000000000000703, -2.000000000000000000, -28.00000000000000355 ) ) ;
#2660 = VERTEX_POINT ( 'NONE', #1891 ) ;
#2661 = VECTOR ( 'NONE', #1843, 1000.000000000000000 ) ;
#2662 = CARTESIAN_POINT ( 'NONE',  ( 9.520000000000006679, -2.000000000000000000, -29.69999999999999929 ) ) ;
#2663 = DIRECTION ( 'NONE',  ( 0.000000000000000000, 0.000000000000000000, -1.000000000000000000 ) ) ;
#2664 = CARTESIAN_POINT ( 'NONE',  ( 6.319999999999998508, -2.000000000000000000, -16.00000000000000000 ) ) ;
#2665 = ORIENTED_EDGE ( 'NONE', *, *, #2278, .T. ) ;
#2666 = AXIS2_PLACEMENT_3D ( 'NONE', #2455, #1097, #2171 ) ;
#2667 = DIRECTION ( 'NONE',  ( -0.000000000000000000, -1.000000000000000000, -0.000000000000000000 ) ) ;
#2668 = EDGE_CURVE ( 'NONE', #2580, #2148, #795, .T. ) ;
#2669 = DIRECTION ( 'NONE',  ( 0.000000000000000000, 0.000000000000000000, -1.000000000000000000 ) ) ;
#2670 = EDGE_CURVE ( 'NONE', #984, #604, #575, .T. ) ;
#2671 = EDGE_LOOP ( 'NONE', ( #859, #2242 ) ) ;
#2672 = DIRECTION ( 'NONE',  ( 1.000000000000000000, 0.000000000000000000, 0.000000000000000000 ) ) ;
#2673 = ORIENTED_EDGE ( 'NONE', *, *, #1276, .F. ) ;
#2674 = DIRECTION ( 'NONE',  ( 0.000000000000000000, 1.000000000000000000, 0.000000000000000000 ) ) ;
#2675 = DIRECTION ( 'NONE',  ( 0.000000000000000000, -1.000000000000000000, -0.000000000000000000 ) ) ;
#2676 = DIRECTION ( 'NONE',  ( -0.000000000000000000, 0.000000000000000000, 1.000000000000000000 ) ) ;
#2677 = ORIENTED_EDGE ( 'NONE', *, *, #1745, .T. ) ;
#2678 = FILL_AREA_STYLE_COLOUR ( '', #778 ) ;
#2679 = ADVANCED_FACE ( 'NONE', ( #562 ), #356, .T. ) ;
#2680 = CARTESIAN_POINT ( 'NONE',  ( 6.319999999999999396, -7.500000000000000000, -18.19999999999999929 ) ) ;
#2681 = CARTESIAN_POINT ( 'NONE',  ( 9.520000000000006679, -0.7000000000000057288, -28.90000000000000568 ) ) ;
#2682 = EDGE_CURVE ( 'NONE', #1687, #983, #2153, .T. ) ;
#2683 = ORIENTED_EDGE ( 'NONE', *, *, #1674, .F. ) ;
#2684 = FACE_OUTER_BOUND ( 'NONE', #2565, .T. ) ;
#2685 = ORIENTED_EDGE ( 'NONE', *, *, #2888, .F. ) ;
#2686 = ADVANCED_FACE ( 'NONE', ( #2094 ), #148, .T. ) ;
#2687 = DIRECTION ( 'NONE',  ( 0.000000000000000000, 0.000000000000000000, 1.000000000000000000 ) ) ;
#2688 = CARTESIAN_POINT ( 'NONE',  ( 38.06000000000000227, -2.000000000000000000, -17.70000000000000284 ) ) ;
#2689 = DIRECTION ( 'NONE',  ( -1.000000000000000000, 0.000000000000000000, -0.000000000000000000 ) ) ;
#2690 = ORIENTED_EDGE ( 'NONE', *, *, #2670, .T. ) ;
#2691 = DIRECTION ( 'NONE',  ( 0.000000000000000000, 0.000000000000000000, -1.000000000000000000 ) ) ;
#2692 = CARTESIAN_POINT ( 'NONE',  ( 23.19510536992945049, -6.299999999999999822, -45.39717229674613463 ) ) ;
#2693 = DIRECTION ( 'NONE',  ( -0.000000000000000000, 0.000000000000000000, 1.000000000000000000 ) ) ;
#2694 = ADVANCED_FACE ( 'NONE', ( #2185 ), #2630, .F. ) ;
#2695 = VECTOR ( 'NONE', #1362, 1000.000000000000000 ) ;
#2696 = AXIS2_PLACEMENT_3D ( 'NONE', #260, #685, #2669 ) ;
#2697 = EDGE_CURVE ( 'NONE', #853, #210, #2617, .T. ) ;
#2698 = ORIENTED_EDGE ( 'NONE', *, *, #94, .F. ) ;
#2699 = VERTEX_POINT ( 'NONE', #2226 ) ;
#2700 = VECTOR ( 'NONE', #579, 1000.000000000000000 ) ;
#2701 = CARTESIAN_POINT ( 'NONE',  ( 12.13999999999999702, -6.299999999999999822, -12.15000000000000036 ) ) ;
#2702 = AXIS2_PLACEMENT_3D ( 'NONE', #1729, #620, #1513 ) ;
#2703 = CONICAL_SURFACE ( 'NONE', #1430, 1.699999999999999289, 0.7853981633974516097 ) ;
#2704 = CARTESIAN_POINT ( 'NONE',  ( 0.7199999999999984190, -7.500000000000000000, -19.39999999999999503 ) ) ;
#2705 = LINE ( 'NONE', #2245, #414 ) ;
#2706 = ORIENTED_EDGE ( 'NONE', *, *, #399, .T. ) ;
#2707 = CARTESIAN_POINT ( 'NONE',  ( 12.42000000000000348, -2.000000000000000000, -21.00000000000000355 ) ) ;
#2708 = AXIS2_PLACEMENT_3D ( 'NONE', #1680, #1441, #1283 ) ;
#2709 = PLANE ( 'NONE',  #126 ) ;
#2710 = VECTOR ( 'NONE', #858, 1000.000000000000000 ) ;
#2711 = LINE ( 'NONE', #2681, #1707 ) ;
#2712 = EDGE_CURVE ( 'NONE', #2387, #2416, #1308, .T. ) ;
#2713 = ORIENTED_EDGE ( 'NONE', *, *, #79, .F. ) ;
#2714 = ORIENTED_EDGE ( 'NONE', *, *, #1706, .F. ) ;
#2715 = ADVANCED_FACE ( 'NONE', ( #1557 ), #606, .F. ) ;
#2716 = DIRECTION ( 'NONE',  ( 1.000000000000000000, -0.000000000000000000, -0.000000000000000000 ) ) ;
#2717 = DIRECTION ( 'NONE',  ( -1.000000000000000000, 0.000000000000000000, -3.942553354492742545E-16 ) ) ;
#2718 = DIRECTION ( 'NONE',  ( 1.000000000000000000, -0.000000000000000000, 8.388411392537750358E-17 ) ) ;
#2719 = ORIENTED_EDGE ( 'NONE', *, *, #1144, .T. ) ;
#2720 = FACE_OUTER_BOUND ( 'NONE', #1435, .T. ) ;
#2721 = DIRECTION ( 'NONE',  ( 0.000000000000000000, 1.000000000000000000, 0.000000000000000000 ) ) ;
#2722 = ORIENTED_EDGE ( 'NONE', *, *, #2853, .F. ) ;
#2723 = ORIENTED_EDGE ( 'NONE', *, *, #2805, .T. ) ;
#2724 = EDGE_CURVE ( 'NONE', #561, #474, #1713, .T. ) ;
#2725 = CARTESIAN_POINT ( 'NONE',  ( 26.41999999999999815, -2.000000000000000000, -21.00000000000000355 ) ) ;
#2726 = CARTESIAN_POINT ( 'NONE',  ( 12.13999999999999702, -6.299999999999999822, -12.15000000000000036 ) ) ;
#2727 = CARTESIAN_POINT ( 'NONE',  ( 10.01999999999999780, -7.500000000000000000, -17.69999999999999929 ) ) ;
#2728 = ORIENTED_EDGE ( 'NONE', *, *, #2773, .T. ) ;
#2729 = EDGE_CURVE ( 'NONE', #59, #648, #403, .T. ) ;
#2730 = CARTESIAN_POINT ( 'NONE',  ( 35.68000000000000682, -7.500000000000000000, -18.19999999999999929 ) ) ;
#2731 = CARTESIAN_POINT ( 'NONE',  ( 39.06000000000000227, -2.000000000000000000, -16.00000000000000000 ) ) ;
#2732 = CARTESIAN_POINT ( 'NONE',  ( 47.28000000000000114, -7.500000000000000000, -9.099999999999997868 ) ) ;
#2733 = DIRECTION ( 'NONE',  ( -0.000000000000000000, -1.000000000000000000, -0.000000000000000000 ) ) ;
#2734 = EDGE_LOOP ( 'NONE', ( #14, #770, #1480, #1607 ) ) ;
#2735 = VERTEX_POINT ( 'NONE', #1984 ) ;
#2736 = VECTOR ( 'NONE', #1380, 1000.000000000000000 ) ;
#2737 = CARTESIAN_POINT ( 'NONE',  ( 30.28000000000000114, -4.299999999999999822, -18.19999999999999574 ) ) ;
#2738 = CARTESIAN_POINT ( 'NONE',  ( 38.06000000000000227, -7.500000000000000000, -18.20000000000000284 ) ) ;
#2740 = VECTOR ( 'NONE', #8, 1000.000000000000000 ) ;
#2739 = CARTESIAN_POINT ( 'NONE',  ( 47.28000000000000114, -6.299999999999999822, -9.099999999999997868 ) ) ;
#2741 = EDGE_LOOP ( 'NONE', ( #2054, #1133, #546, #890, #2326, #942, #1081, #1526 ) ) ;
#2742 = DIRECTION ( 'NONE',  ( 0.000000000000000000, 1.000000000000000000, 0.000000000000000000 ) ) ;
#2743 = VECTOR ( 'NONE', #103, 1000.000000000000000 ) ;
#2744 = VECTOR ( 'NONE', #2338, 1000.000000000000000 ) ;
#2745 = FACE_OUTER_BOUND ( 'NONE', #519, .T. ) ;
#2746 = VECTOR ( 'NONE', #487, 1000.000000000000000 ) ;
#2747 = CARTESIAN_POINT ( 'NONE',  ( 35.17999999999999972, -2.000000000000000000, -18.19999999999999929 ) ) ;
#2748 = EDGE_CURVE ( 'NONE', #2478, #1547, #2183, .T. ) ;
#2749 = AXIS2_PLACEMENT_3D ( 'NONE', #2692, #896, #1787 ) ;
#2750 = LINE ( 'NONE', #1790, #831 ) ;
#2751 = DIRECTION ( 'NONE',  ( 0.000000000000000000, 1.000000000000000000, 0.000000000000000000 ) ) ;
#2752 = ORIENTED_EDGE ( 'NONE', *, *, #811, .T. ) ;
#2753 = EDGE_LOOP ( 'NONE', ( #869, #2596, #901, #2490 ) ) ;
#2754 = LINE ( 'NONE', #2327, #552 ) ;
#2755 = LINE ( 'NONE', #431, #2129 ) ;
#2756 = DIRECTION ( 'NONE',  ( 1.156482317317871133E-15, 0.000000000000000000, 1.000000000000000000 ) ) ;
#2757 = ORIENTED_EDGE ( 'NONE', *, *, #1938, .F. ) ;
#2758 = DIRECTION ( 'NONE',  ( 0.000000000000000000, 1.000000000000000000, 0.000000000000000000 ) ) ;
#2759 = DIRECTION ( 'NONE',  ( 1.000000000000000000, -0.000000000000000000, -1.026463595252548358E-15 ) ) ;
#2760 = CARTESIAN_POINT ( 'NONE',  ( 6.819999999999998508, -11.79999999999999893, -9.099999999999997868 ) ) ;
#2761 = CARTESIAN_POINT ( 'NONE',  ( 44.07999999999999829, -7.500000000000000000, -18.19999999999999574 ) ) ;
#2762 = EDGE_CURVE ( 'NONE', #1049, #1306, #854, .T. ) ;
#2763 = DIRECTION ( 'NONE',  ( 0.000000000000000000, -0.000000000000000000, 1.000000000000000000 ) ) ;
#2764 = ORIENTED_EDGE ( 'NONE', *, *, #2876, .T. ) ;
#2765 = ORIENTED_EDGE ( 'NONE', *, *, #1872, .T. ) ;
#2766 = PLANE ( 'NONE',  #1347 ) ;
#2767 = ADVANCED_FACE ( 'NONE', ( #822 ), #1935, .T. ) ;
#2768 = CARTESIAN_POINT ( 'NONE',  ( 0.7199999999999999734, -11.79999999999999893, -9.099999999999997868 ) ) ;
#2769 = CARTESIAN_POINT ( 'NONE',  ( 30.28000000000000114, -7.500000000000000000, -14.39999999999999503 ) ) ;
#2770 = ORIENTED_EDGE ( 'NONE', *, *, #2748, .F. ) ;
#2771 = CARTESIAN_POINT ( 'NONE',  ( 48.00000000000000000, -2.000000000000000000, -9.000000000000000000 ) ) ;
#2772 = CARTESIAN_POINT ( 'NONE',  ( 31.48000000000000043, -2.000000000000000000, -16.50000000000000355 ) ) ;
#2773 = EDGE_CURVE ( 'NONE', #196, #2170, #1546, .T. ) ;
#2774 = DIRECTION ( 'NONE',  ( 0.000000000000000000, 0.7071067811865442421, -0.7071067811865509034 ) ) ;
#2775 = CARTESIAN_POINT ( 'NONE',  ( 5.999999999999998224, -2.000000000000000000, -4.499999999999994671 ) ) ;
#2776 = EDGE_CURVE ( 'NONE', #728, #746, #1334, .T. ) ;
#2777 = PLANE ( 'NONE',  #2085 ) ;
#2778 = FACE_OUTER_BOUND ( 'NONE', #2524, .T. ) ;
#2779 = EDGE_CURVE ( 'NONE', #846, #1447, #2847, .T. ) ;
#2780 = ORIENTED_EDGE ( 'NONE', *, *, #1225, .T. ) ;
#2781 = ORIENTED_EDGE ( 'NONE', *, *, #2793, .T. ) ;
#2782 = DIRECTION ( 'NONE',  ( 0.000000000000000000, 1.000000000000000000, 0.000000000000000000 ) ) ;
#2783 = EDGE_CURVE ( 'NONE', #2089, #648, #2892, .T. ) ;
#2784 = ORIENTED_EDGE ( 'NONE', *, *, #547, .F. ) ;
#2785 = CARTESIAN_POINT ( 'NONE',  ( 39.06000000000000227, -2.000000000000000000, -16.50000000000000000 ) ) ;
#2786 = ORIENTED_EDGE ( 'NONE', *, *, #1943, .T. ) ;
#2787 = VECTOR ( 'NONE', #121, 1000.000000000000000 ) ;
#2788 = LINE ( 'NONE', #548, #360 ) ;
#2789 = DIRECTION ( 'NONE',  ( -1.000000000000000000, -0.000000000000000000, -0.000000000000000000 ) ) ;
#2790 = AXIS2_PLACEMENT_3D ( 'NONE', #910, #21, #898 ) ;
#2791 = LINE ( 'NONE', #63, #1195 ) ;
#2792 = VECTOR ( 'NONE', #2742, 1000.000000000000000 ) ;
#2793 = EDGE_CURVE ( 'NONE', #291, #2569, #1855, .T. ) ;
#2794 = CARTESIAN_POINT ( 'NONE',  ( 0.7200000000000001954, -2.000000000000000000, -9.000000000000000000 ) ) ;
#2795 = AXIS2_PLACEMENT_3D ( 'NONE', #2662, #2453, #448 ) ;
#2796 = CARTESIAN_POINT ( 'NONE',  ( 35.17999999999999972, -2.000000000000000000, -16.00000000000000355 ) ) ;
#2797 = CIRCLE ( 'NONE', #1540, 0.5000000000000004441 ) ;
#2798 = ORIENTED_EDGE ( 'NONE', *, *, #1752, .T. ) ;
#2799 = AXIS2_PLACEMENT_3D ( 'NONE', #72, #18, #946 ) ;
#2800 = ORIENTED_EDGE ( 'NONE', *, *, #943, .T. ) ;
#2801 = DIRECTION ( 'NONE',  ( -0.000000000000000000, 0.000000000000000000, 1.000000000000000000 ) ) ;
#2802 = ORIENTED_EDGE ( 'NONE', *, *, #2150, .F. ) ;
#2803 = CARTESIAN_POINT ( 'NONE',  ( 19.42000000000000171, 0.000000000000000000, -21.19999999999996732 ) ) ;
#2804 = ORIENTED_EDGE ( 'NONE', *, *, #339, .T. ) ;
#2805 = EDGE_CURVE ( 'NONE', #2164, #2298, #197, .T. ) ;
#2806 = CARTESIAN_POINT ( 'NONE',  ( 0.000000000000000000, -2.000000000000000000, 0.000000000000000000 ) ) ;
#2807 = DIRECTION ( 'NONE',  ( 0.000000000000000000, -1.000000000000000000, 0.000000000000000000 ) ) ;
#2808 = PLANE ( 'NONE',  #2464 ) ;
#2809 = DIRECTION ( 'NONE',  ( -0.000000000000000000, 0.000000000000000000, 1.000000000000000000 ) ) ;
#2810 = EDGE_CURVE ( 'NONE', #2263, #280, #2874, .T. ) ;
#2811 = FACE_OUTER_BOUND ( 'NONE', #99, .T. ) ;
#2812 = ORIENTED_EDGE ( 'NONE', *, *, #481, .T. ) ;
#2813 = EDGE_LOOP ( 'NONE', ( #2187, #1665, #1976, #2752, #2728, #2252, #571, #1996, #809, #2286, #386, #1570, #2402, #1685, #1512 ) ) ;
#2814 = DIRECTION ( 'NONE',  ( 0.000000000000000000, 0.000000000000000000, -1.000000000000000000 ) ) ;
#2815 = ORIENTED_EDGE ( 'NONE', *, *, #1004, .T. ) ;
#2816 = EDGE_CURVE ( 'NONE', #958, #532, #841, .T. ) ;
#2817 = CARTESIAN_POINT ( 'NONE',  ( 26.41999999999999815, -1.000000000000000000, -16.00000000000000355 ) ) ;
#2818 = ORIENTED_EDGE ( 'NONE', *, *, #2169, .F. ) ;
#2819 = DIRECTION ( 'NONE',  ( 1.000000000000000000, 0.000000000000000000, 0.000000000000000000 ) ) ;
#2820 = EDGE_CURVE ( 'NONE', #2859, #1161, #1344, .T. ) ;
#2821 = ORIENTED_EDGE ( 'NONE', *, *, #1372, .T. ) ;
#2822 = CARTESIAN_POINT ( 'NONE',  ( 9.520000000000006679, -2.000000000000000000, -28.00000000000000000 ) ) ;
#2823 = DIRECTION ( 'NONE',  ( 0.000000000000000000, 1.000000000000000000, 0.000000000000000000 ) ) ;
#2824 = PLANE ( 'NONE',  #263 ) ;
#2825 = VERTEX_POINT ( 'NONE', #1998 ) ;
#2826 = ORIENTED_EDGE ( 'NONE', *, *, #1035, .T. ) ;
#2827 = LINE ( 'NONE', #1711, #2237 ) ;
#2828 = ORIENTED_EDGE ( 'NONE', *, *, #1508, .T. ) ;
#2829 = DIRECTION ( 'NONE',  ( -0.000000000000000000, 1.000000000000000000, -0.000000000000000000 ) ) ;
#2830 = ORIENTED_EDGE ( 'NONE', *, *, #908, .F. ) ;
#2831 = DIRECTION ( 'NONE',  ( -0.000000000000000000, 0.000000000000000000, -1.000000000000000000 ) ) ;
#2832 = DIRECTION ( 'NONE',  ( 0.000000000000000000, -1.000000000000000000, 0.000000000000000000 ) ) ;
#2833 = AXIS2_PLACEMENT_3D ( 'NONE', #857, #2647, #2217 ) ;
#2834 = ORIENTED_EDGE ( 'NONE', *, *, #967, .F. ) ;
#2835 = LINE ( 'NONE', #830, #1197 ) ;
#2836 = VECTOR ( 'NONE', #2721, 1000.000000000000000 ) ;
#2837 = FACE_OUTER_BOUND ( 'NONE', #1032, .T. ) ;
#2838 = VECTOR ( 'NONE', #1593, 1000.000000000000114 ) ;
#2839 = LINE ( 'NONE', #1979, #1291 ) ;
#2840 = ADVANCED_FACE ( 'NONE', ( #556 ), #2777, .F. ) ;
#2841 = AXIS2_PLACEMENT_3D ( 'NONE', #2290, #2733, #1183 ) ;
#2842 = ORIENTED_EDGE ( 'NONE', *, *, #2048, .T. ) ;
#2843 = ORIENTED_EDGE ( 'NONE', *, *, #1901, .F. ) ;
#2844 = AXIS2_PLACEMENT_3D ( 'NONE', #86, #1415, #2105 ) ;
#2845 = AXIS2_PLACEMENT_3D ( 'NONE', #2191, #2689, #2676 ) ;
#2846 = EDGE_LOOP ( 'NONE', ( #1399, #1800 ) ) ;
#2847 = LINE ( 'NONE', #2658, #1429 ) ;
#2848 = VERTEX_POINT ( 'NONE', #2 ) ;
#2849 = CARTESIAN_POINT ( 'NONE',  ( 5.999999999999998224, -1.200000000000006395, -2.799999999999994937 ) ) ;
#2850 = DIRECTION ( 'NONE',  ( 0.000000000000000000, 0.000000000000000000, -1.000000000000000000 ) ) ;
#2851 = CARTESIAN_POINT ( 'NONE',  ( 9.520000000000008455, 0.000000000000000000, -27.59999999999999787 ) ) ;
#2852 = ORIENTED_EDGE ( 'NONE', *, *, #2380, .T. ) ;
#2853 = EDGE_CURVE ( 'NONE', #2199, #958, #2321, .T. ) ;
#2854 = LINE ( 'NONE', #1298, #2554 ) ;
#2855 = FACE_OUTER_BOUND ( 'NONE', #485, .T. ) ;
#2856 = ADVANCED_FACE ( 'NONE', ( #2058 ), #2337, .F. ) ;
#2857 = DIRECTION ( 'NONE',  ( 2.637924157734825076E-16, 0.7071067811865507924, 0.7071067811865441310 ) ) ;
#2858 = EDGE_CURVE ( 'NONE', #574, #2622, #2750, .T. ) ;
#2859 = VERTEX_POINT ( 'NONE', #1621 ) ;
#2860 = EDGE_LOOP ( 'NONE', ( #2585, #393, #1497, #1919 ) ) ;
#2861 = ORIENTED_EDGE ( 'NONE', *, *, #1414, .F. ) ;
#2862 = DIRECTION ( 'NONE',  ( 0.000000000000000000, 0.000000000000000000, 1.000000000000000000 ) ) ;
#2863 = ORIENTED_EDGE ( 'NONE', *, *, #635, .F. ) ;
#2864 = DIRECTION ( 'NONE',  ( 0.000000000000000000, 0.000000000000000000, 1.000000000000000000 ) ) ;
#2865 = DIRECTION ( 'NONE',  ( 0.000000000000000000, -0.000000000000000000, 1.000000000000000000 ) ) ;
#2866 = DIRECTION ( 'NONE',  ( -0.000000000000000000, -0.000000000000000000, -1.000000000000000000 ) ) ;
#2867 = VERTEX_POINT ( 'NONE', #1212 ) ;
#2868 = CARTESIAN_POINT ( 'NONE',  ( 0.7200000000000001954, 0.000000000000000000, -9.000000000000000000 ) ) ;
#2869 = CARTESIAN_POINT ( 'NONE',  ( 9.520000000000008455, -2.000000000000000000, -27.59999999999999787 ) ) ;
#2870 = LINE ( 'NONE', #2413, #1381 ) ;
#2871 = VERTEX_POINT ( 'NONE', #993 ) ;
#2872 = ORIENTED_EDGE ( 'NONE', *, *, #1004, .F. ) ;
#2873 = VERTEX_POINT ( 'NONE', #322 ) ;
#2874 = LINE ( 'NONE', #1093, #499 ) ;
#2875 = VERTEX_POINT ( 'NONE', #725 ) ;
#2876 = EDGE_CURVE ( 'NONE', #715, #2462, #880, .T. ) ;
#2877 = CARTESIAN_POINT ( 'NONE',  ( 31.48000000000000043, -7.500000000000000000, -16.50000000000000355 ) ) ;
#2878 = PLANE ( 'NONE',  #2459 ) ;
#2879 = CARTESIAN_POINT ( 'NONE',  ( 31.52000000000000668, 0.000000000000000000, -26.10000000000000497 ) ) ;
#2880 = ORIENTED_EDGE ( 'NONE', *, *, #2480, .F. ) ;
#2881 = CARTESIAN_POINT ( 'NONE',  ( 9.520000000000006679, -3.100000000000000533, -28.00000000000000000 ) ) ;
#2882 = DIRECTION ( 'NONE',  ( 1.000000000000000000, 0.000000000000000000, -0.000000000000000000 ) ) ;
#2883 = VECTOR ( 'NONE', #1600, 1000.000000000000000 ) ;
#2884 = EDGE_CURVE ( 'NONE', #2106, #2508, #1442, .T. ) ;
#2885 = CARTESIAN_POINT ( 'NONE',  ( 19.42000000000000171, 0.000000000000000000, -24.09999999999999787 ) ) ;
#2886 = STYLED_ITEM ( 'NONE', ( #1563 ), #953 ) ;
#2887 = ORIENTED_EDGE ( 'NONE', *, *, #2776, .T. ) ;
#2888 = EDGE_CURVE ( 'NONE', #1173, #1728, #1884, .T. ) ;
#2889 = VECTOR ( 'NONE', #570, 1000.000000000000000 ) ;
#2890 = ORIENTED_EDGE ( 'NONE', *, *, #2100, .F. ) ;
#2891 = VERTEX_POINT ( 'NONE', #2761 ) ;
#2893 = AXIS2_PLACEMENT_3D ( 'NONE', #551, #591, #565 ) ;
#2892 = LINE ( 'NONE', #424, #2368 ) ;
#2894 = VERTEX_POINT ( 'NONE', #743 ) ;
#2895 = ADVANCED_FACE ( 'NONE', ( #2684 ), #316, .F. ) ;
#2896 = DIRECTION ( 'NONE',  ( 1.000000000000000000, -0.000000000000000000, -0.000000000000000000 ) ) ;
#2897 = DIRECTION ( 'NONE',  ( -0.000000000000000000, -1.000000000000000000, -0.000000000000000000 ) ) ;
#2898 = LINE ( 'NONE', #2664, #2710 ) ;
#2899 = EDGE_LOOP ( 'NONE', ( #1544, #757, #2227, #975 ) ) ;
#2900 = EDGE_CURVE ( 'NONE', #2293, #2502, #524, .T. ) ;
#2901 = DIRECTION ( 'NONE',  ( 1.000000000000000000, 0.000000000000000000, -0.000000000000000000 ) ) ;
#2902 = LINE ( 'NONE', #2221, #321 ) ;
#2903 = DIRECTION ( 'NONE',  ( 0.000000000000000000, 1.000000000000000000, 0.000000000000000000 ) ) ;
ENDSEC;
END-ISO-10303-21;
