ISO-10303-21;
HEADER;
FILE_DESCRIPTION (( 'STEP AP214' ),
    '1' );
FILE_NAME ('battery_main_hole_moved.STEP',
    '2026-01-08T19:44:48',
    ( '' ),
    ( '' ),
    'SwSTEP 2.0',
    'SolidWorks 2025',
    '' );
FILE_SCHEMA (( 'AUTOMOTIVE_DESIGN' ));
ENDSEC;

DATA;
#1 = ADVANCED_FACE ( 'NONE', ( #395 ), #3673, .T. ) ;
#2 = DIRECTION ( 'NONE',  ( 0.000000000000000000, 1.000000000000000000, 0.000000000000000000 ) ) ;
#3 = VERTEX_POINT ( 'NONE', #1223 ) ;
#4 = DIRECTION ( 'NONE',  ( 0.000000000000000000, 0.000000000000000000, -1.000000000000000000 ) ) ;
#5 = EDGE_CURVE ( 'NONE', #2869, #5008, #4768, .T. ) ;
#6 = CARTESIAN_POINT ( 'NONE',  ( 36.45778126594936452, 4.000000000000000000, -28.16575235469809968 ) ) ;
#7 = ORIENTED_EDGE ( 'NONE', *, *, #5001, .T. ) ;
#8 = DIRECTION ( 'NONE',  ( -1.000000000000000000, 0.000000000000000000, 0.000000000000000000 ) ) ;
#9 = CARTESIAN_POINT ( 'NONE',  ( 53.73000000000000398, 14.19999999999999929, -31.39999999999999858 ) ) ;
#10 = AXIS2_PLACEMENT_3D ( 'NONE', #2823, #783, #3660 ) ;
#11 = EDGE_LOOP ( 'NONE', ( #4664, #1417, #319, #1393 ) ) ;
#12 = VERTEX_POINT ( 'NONE', #3977 ) ;
#13 = CARTESIAN_POINT ( 'NONE',  ( 55.54999999999999005, 4.000000000000000000, -77.50000000000000000 ) ) ;
#14 = CARTESIAN_POINT ( 'NONE',  ( 83.10000000000000853, 0.000000000000000000, -37.50000000000000711 ) ) ;
#15 = CARTESIAN_POINT ( 'NONE',  ( 17.55000000000000071, 2.000000000000000000, -77.50000000000000000 ) ) ;
#16 = ORIENTED_EDGE ( 'NONE', *, *, #4607, .T. ) ;
#17 = VECTOR ( 'NONE', #5042, 1000.000000000000000 ) ;
#18 = LINE ( 'NONE', #797, #2675 ) ;
#19 = CARTESIAN_POINT ( 'NONE',  ( 57.98000000000001819, 5.000000000000000000, 0.001000000000007764209 ) ) ;
#20 = DIRECTION ( 'NONE',  ( -1.000000000000000000, 0.000000000000000000, 0.000000000000000000 ) ) ;
#21 = AXIS2_PLACEMENT_3D ( 'NONE', #822, #2081, #43 ) ;
#22 = CARTESIAN_POINT ( 'NONE',  ( 37.97098562727420301, 4.000000000000000888, -75.63300645136935429 ) ) ;
#23 = CIRCLE ( 'NONE', #1712, 1.650000000000002132 ) ;
#24 = LINE ( 'NONE', #47, #1255 ) ;
#25 = EDGE_CURVE ( 'NONE', #3069, #4529, #3950, .T. ) ;
#26 = EDGE_LOOP ( 'NONE', ( #135, #4219, #1599, #1999, #4524, #813 ) ) ;
#27 = VERTEX_POINT ( 'NONE', #305 ) ;
#28 = DIRECTION ( 'NONE',  ( 0.000000000000000000, 0.000000000000000000, -1.000000000000000000 ) ) ;
#29 = EDGE_CURVE ( 'NONE', #3696, #1357, #882, .T. ) ;
#30 = ORIENTED_EDGE ( 'NONE', *, *, #564, .T. ) ;
#31 = AXIS2_PLACEMENT_3D ( 'NONE', #805, #2037, #1636 ) ;
#32 = CARTESIAN_POINT ( 'NONE',  ( -8.725658683783765404E-18, 5.000000000000000000, -0.5999999999999999778 ) ) ;
#33 = DIRECTION ( 'NONE',  ( 0.000000000000000000, 0.000000000000000000, -1.000000000000000000 ) ) ;
#34 = VERTEX_POINT ( 'NONE', #4359 ) ;
#35 = DIRECTION ( 'NONE',  ( -0.000000000000000000, -0.000000000000000000, 1.000000000000000000 ) ) ;
#36 = DIRECTION ( 'NONE',  ( 0.000000000000000000, 0.000000000000000000, -1.000000000000000000 ) ) ;
#37 = EDGE_CURVE ( 'NONE', #5000, #382, #5200, .T. ) ;
#38 = EDGE_CURVE ( 'NONE', #2087, #2645, #2760, .T. ) ;
#39 = DIRECTION ( 'NONE',  ( -1.000000000000000000, 0.000000000000000000, -0.000000000000000000 ) ) ;
#40 = DIRECTION ( 'NONE',  ( -1.015943470557427520E-15, 0.000000000000000000, 1.000000000000000000 ) ) ;
#41 = ORIENTED_EDGE ( 'NONE', *, *, #3034, .F. ) ;
#42 = ADVANCED_FACE ( 'NONE', ( #4741 ), #227, .F. ) ;
#43 = DIRECTION ( 'NONE',  ( 0.000000000000000000, 0.000000000000000000, 1.000000000000000000 ) ) ;
#44 = CARTESIAN_POINT ( 'NONE',  ( 37.97098562727419591, 2.999999999999999112, -69.86160258534813750 ) ) ;
#45 = LINE ( 'NONE', #2483, #4196 ) ;
#46 = DIRECTION ( 'NONE',  ( -0.000000000000000000, -1.000000000000000000, -0.000000000000000000 ) ) ;
#47 = CARTESIAN_POINT ( 'NONE',  ( 25.09999999999999787, 14.19999999999999929, -44.39999999999999147 ) ) ;
#48 = ADVANCED_FACE ( 'NONE', ( #1938 ), #1910, .F. ) ;
#49 = VECTOR ( 'NONE', #5277, 1000.000000000000114 ) ;
#50 = VECTOR ( 'NONE', #3447, 1000.000000000000000 ) ;
#51 = ORIENTED_EDGE ( 'NONE', *, *, #1168, .T. ) ;
#52 = LINE ( 'NONE', #5004, #2494 ) ;
#53 = DIRECTION ( 'NONE',  ( -1.000000000000000000, 0.000000000000000000, -0.000000000000000000 ) ) ;
#54 = VERTEX_POINT ( 'NONE', #3577 ) ;
#55 = VECTOR ( 'NONE', #5210, 1000.000000000000000 ) ;
#56 = EDGE_CURVE ( 'NONE', #69, #855, #3150, .T. ) ;
#57 = VECTOR ( 'NONE', #2022, 1000.000000000000000 ) ;
#58 = CARTESIAN_POINT ( 'NONE',  ( 25.09999999999999787, 4.000000000000000000, -42.49999999999998579 ) ) ;
#59 = AXIS2_PLACEMENT_3D ( 'NONE', #3562, #2782, #5213 ) ;
#60 = CARTESIAN_POINT ( 'NONE',  ( 0.000000000000000000, 14.19999999999999929, 0.000000000000000000 ) ) ;
#61 = ORIENTED_EDGE ( 'NONE', *, *, #2192, .F. ) ;
#62 = DIRECTION ( 'NONE',  ( 1.000000000000000000, 0.000000000000000000, 0.000000000000000000 ) ) ;
#63 = CARTESIAN_POINT ( 'NONE',  ( 76.09999999999998010, 1.750000000000005995, -4.349999999999988987 ) ) ;
#64 = VECTOR ( 'NONE', #5103, 1000.000000000000000 ) ;
#65 = ORIENTED_EDGE ( 'NONE', *, *, #4392, .F. ) ;
#66 = FACE_OUTER_BOUND ( 'NONE', #339, .T. ) ;
#67 = EDGE_CURVE ( 'NONE', #2594, #675, #1133, .T. ) ;
#68 = CARTESIAN_POINT ( 'NONE',  ( 31.83000000000001251, 6.499999999999999112, 0.001000000000007938983 ) ) ;
#69 = VERTEX_POINT ( 'NONE', #2258 ) ;
#70 = ORIENTED_EDGE ( 'NONE', *, *, #4007, .T. ) ;
#71 = CARTESIAN_POINT ( 'NONE',  ( 53.73000000000000398, 11.93999999999999950, -29.39999999999999147 ) ) ;
#72 = LINE ( 'NONE', #2108, #993 ) ;
#73 = DIRECTION ( 'NONE',  ( 0.000000000000000000, 0.000000000000000000, 1.000000000000000000 ) ) ;
#74 = CARTESIAN_POINT ( 'NONE',  ( 38.52999999999999403, 11.94999999999999929, -39.39999999999999858 ) ) ;
#75 = EDGE_CURVE ( 'NONE', #639, #956, #1051, .T. ) ;
#76 = CARTESIAN_POINT ( 'NONE',  ( 28.81999999999999318, 4.000000000000000000, -18.39999999999999858 ) ) ;
#77 = ORIENTED_EDGE ( 'NONE', *, *, #3713, .F. ) ;
#78 = ORIENTED_EDGE ( 'NONE', *, *, #4354, .T. ) ;
#79 = CARTESIAN_POINT ( 'NONE',  ( 35.93000000000000682, 0.000000000000000000, 0.000000000000000000 ) ) ;
#80 = LINE ( 'NONE', #3354, #4633 ) ;
#81 = VECTOR ( 'NONE', #190, 1000.000000000000114 ) ;
#82 = EDGE_LOOP ( 'NONE', ( #4466, #775, #322, #3035 ) ) ;
#83 = CARTESIAN_POINT ( 'NONE',  ( 7.000000000000000000, 0.000000000000000000, -22.09999999999998366 ) ) ;
#84 = CARTESIAN_POINT ( 'NONE',  ( 21.51999999999999602, 14.19999999999999929, -31.39999999999999858 ) ) ;
#85 = VERTEX_POINT ( 'NONE', #3923 ) ;
#86 = VECTOR ( 'NONE', #2074, 1000.000000000000000 ) ;
#87 = CIRCLE ( 'NONE', #3597, 1.649999999999998579 ) ;
#88 = CARTESIAN_POINT ( 'NONE',  ( 39.00477479380474222, 2.710377531276487950, -69.95292885820312279 ) ) ;
#89 = CARTESIAN_POINT ( 'NONE',  ( 7.000000000000006217, 6.000000000000000000, -5.999999999999990230 ) ) ;
#90 = EDGE_CURVE ( 'NONE', #3482, #206, #252, .T. ) ;
#91 = ORIENTED_EDGE ( 'NONE', *, *, #267, .F. ) ;
#92 = ORIENTED_EDGE ( 'NONE', *, *, #3480, .F. ) ;
#93 = CARTESIAN_POINT ( 'NONE',  ( 38.89084944584212167, 3.133472346504984074, -77.16953429037025103 ) ) ;
#94 = FACE_OUTER_BOUND ( 'NONE', #82, .T. ) ;
#95 = EDGE_LOOP ( 'NONE', ( #2894, #4016, #2488, #4063 ) ) ;
#96 = EDGE_CURVE ( 'NONE', #366, #2836, #1561, .T. ) ;
#97 = PLANE ( 'NONE',  #2759 ) ;
#98 = FACE_OUTER_BOUND ( 'NONE', #811, .T. ) ;
#99 = CARTESIAN_POINT ( 'NONE',  ( 44.12901437272579130, 2.999999990426639229, -75.63388242339075873 ) ) ;
#100 = VECTOR ( 'NONE', #2101, 1000.000000000000000 ) ;
#101 = DIRECTION ( 'NONE',  ( -0.000000000000000000, -1.000000000000000000, -0.000000000000000000 ) ) ;
#102 = ORIENTED_EDGE ( 'NONE', *, *, #3089, .F. ) ;
#103 = DIRECTION ( 'NONE',  ( -1.000000000000000000, 0.000000000000000000, 1.454276447297294337E-17 ) ) ;
#104 = VERTEX_POINT ( 'NONE', #2744 ) ;
#105 = ADVANCED_FACE ( 'NONE', ( #5226 ), #1429, .F. ) ;
#106 = EDGE_CURVE ( 'NONE', #4215, #5076, #1127, .T. ) ;
#107 = ORIENTED_EDGE ( 'NONE', *, *, #3161, .T. ) ;
#108 = DIRECTION ( 'NONE',  ( 1.000000000000000000, 0.000000000000000000, 0.000000000000000000 ) ) ;
#109 = DIRECTION ( 'NONE',  ( 0.000000000000000000, 0.000000000000000000, -1.000000000000000000 ) ) ;
#110 = VECTOR ( 'NONE', #1884, 1000.000000000000000 ) ;
#111 = ORIENTED_EDGE ( 'NONE', *, *, #3248, .T. ) ;
#112 = CARTESIAN_POINT ( 'NONE',  ( 56.13000000000000256, 11.93999999999999950, -31.39999999999999858 ) ) ;
#113 = DIRECTION ( 'NONE',  ( -0.000000000000000000, -1.000000000000000000, -0.000000000000000000 ) ) ;
#114 = ORIENTED_EDGE ( 'NONE', *, *, #3425, .T. ) ;
#115 = FACE_OUTER_BOUND ( 'NONE', #1246, .T. ) ;
#116 = LINE ( 'NONE', #4220, #2392 ) ;
#117 = ORIENTED_EDGE ( 'NONE', *, *, #294, .F. ) ;
#118 = DIRECTION ( 'NONE',  ( 0.000000000000000000, 1.000000000000000000, 0.000000000000000000 ) ) ;
#119 = LINE ( 'NONE', #5043, #1329 ) ;
#120 = VERTEX_POINT ( 'NONE', #2361 ) ;
#121 = LINE ( 'NONE', #2610, #4131 ) ;
#122 = LINE ( 'NONE', #3755, #1078 ) ;
#123 = CARTESIAN_POINT ( 'NONE',  ( 44.11329551909411606, 2.821719183074706372, -76.26839352272372707 ) ) ;
#124 = ADVANCED_FACE ( 'NONE', ( #4005 ), #5118, .F. ) ;
#125 = PLANE ( 'NONE',  #2181 ) ;
#126 = ORIENTED_EDGE ( 'NONE', *, *, #3506, .T. ) ;
#127 = ORIENTED_EDGE ( 'NONE', *, *, #3248, .F. ) ;
#128 = EDGE_LOOP ( 'NONE', ( #2635, #3085, #554, #1332 ) ) ;
#129 = CARTESIAN_POINT ( 'NONE',  ( 43.98377218564236557, 1.730172466132421372, -69.65072370100332932 ) ) ;
#130 = VECTOR ( 'NONE', #1439, 1000.000000000000000 ) ;
#131 = VECTOR ( 'NONE', #4853, 1000.000000000000000 ) ;
#132 = CARTESIAN_POINT ( 'NONE',  ( 0.000000000000000000, 11.93999999999999950, 0.000000000000000000 ) ) ;
#133 = EDGE_CURVE ( 'NONE', #3174, #3062, #3017, .T. ) ;
#134 = VECTOR ( 'NONE', #278, 1000.000000000000114 ) ;
#135 = ORIENTED_EDGE ( 'NONE', *, *, #3964, .T. ) ;
#136 = LINE ( 'NONE', #3487, #2755 ) ;
#137 = FACE_OUTER_BOUND ( 'NONE', #3282, .T. ) ;
#138 = ORIENTED_EDGE ( 'NONE', *, *, #5135, .T. ) ;
#139 = EDGE_CURVE ( 'NONE', #293, #549, #4393, .T. ) ;
#140 = DIRECTION ( 'NONE',  ( 1.387778780781444413E-14, -3.035766082959409654E-15, 1.000000000000000000 ) ) ;
#141 = B_SPLINE_CURVE_WITH_KNOTS ( 'NONE', 3,
 ( #3721, #2023, #5263, #2775, #363, #4415, #1570, #1996, #5313, #3890, #3492, #593 ),
 .UNSPECIFIED., .F., .F.,
 ( 4, 2, 2, 2, 2, 4 ),
 ( 0.000000000000000000, 0.0007727874550768143794, 0.001545574910153628759, 0.001931968637692030311, 0.002318362365230432296, 0.003091149820307242339 ),
 .UNSPECIFIED. ) ;
#142 = ORIENTED_EDGE ( 'NONE', *, *, #4488, .T. ) ;
#143 = VECTOR ( 'NONE', #3779, 1000.000000000000000 ) ;
#144 = DIRECTION ( 'NONE',  ( 0.000000000000000000, 0.000000000000000000, -1.000000000000000000 ) ) ;
#145 = CONICAL_SURFACE ( 'NONE', #2029, 3.400000000000028777, 0.7853981633974461696 ) ;
#146 = ADVANCED_FACE ( 'NONE', ( #812 ), #4132, .T. ) ;
#147 = CARTESIAN_POINT ( 'NONE',  ( 37.97098562727419591, 3.000000000000000000, -69.86160258534813750 ) ) ;
#148 = EDGE_LOOP ( 'NONE', ( #2142, #3712, #3982, #3155 ) ) ;
#149 = AXIS2_PLACEMENT_3D ( 'NONE', #3549, #3070, #3466 ) ;
#150 = CARTESIAN_POINT ( 'NONE',  ( 22.21999999999999531, 14.19999999999999929, -39.60000000000000853 ) ) ;
#151 = DIRECTION ( 'NONE',  ( 8.673617379884027583E-16, -1.000000000000000000, -2.568934458285453915E-15 ) ) ;
#152 = CARTESIAN_POINT ( 'NONE',  ( 45.08739576267431204, 3.180169156297876665, -77.12006529074913885 ) ) ;
#153 = FACE_OUTER_BOUND ( 'NONE', #1290, .T. ) ;
#154 = ORIENTED_EDGE ( 'NONE', *, *, #4066, .F. ) ;
#155 = ORIENTED_EDGE ( 'NONE', *, *, #2491, .F. ) ;
#156 = EDGE_CURVE ( 'NONE', #2420, #4425, #23, .T. ) ;
#157 = VERTEX_POINT ( 'NONE', #3666 ) ;
#158 = CARTESIAN_POINT ( 'NONE',  ( 55.54999999999999005, 2.000000000000000000, -77.50000000000000000 ) ) ;
#159 = CARTESIAN_POINT ( 'NONE',  ( 28.81999999999999673, 14.19999999999999929, -39.60000000000000853 ) ) ;
#160 = EDGE_CURVE ( 'NONE', #2684, #4125, #443, .T. ) ;
#161 = ORIENTED_EDGE ( 'NONE', *, *, #38, .F. ) ;
#162 = DIRECTION ( 'NONE',  ( 0.000000000000000000, -1.000000000000000000, 1.387778780781445676E-14 ) ) ;
#163 = CARTESIAN_POINT ( 'NONE',  ( 0.000000000000000000, 13.00000000000000000, 0.000000000000000000 ) ) ;
#164 = ORIENTED_EDGE ( 'NONE', *, *, #289, .T. ) ;
#165 = DIRECTION ( 'NONE',  ( -0.000000000000000000, 1.000000000000000000, -0.000000000000000000 ) ) ;
#166 = AXIS2_PLACEMENT_3D ( 'NONE', #3766, #4136, #465 ) ;
#167 = VERTEX_POINT ( 'NONE', #1962 ) ;
#168 = CIRCLE ( 'NONE', #682, 0.9999999999999987788 ) ;
#169 = EDGE_CURVE ( 'NONE', #4947, #4425, #1266, .T. ) ;
#170 = CARTESIAN_POINT ( 'NONE',  ( 61.58000000000000540, 14.19999999999999929, -40.59999999999999432 ) ) ;
#171 = VECTOR ( 'NONE', #2149, 1000.000000000000114 ) ;
#172 = FACE_OUTER_BOUND ( 'NONE', #3224, .T. ) ;
#173 = VERTEX_POINT ( 'NONE', #2445 ) ;
#174 = PLANE ( 'NONE',  #1385 ) ;
#175 = DIRECTION ( 'NONE',  ( 1.000000000000000000, -0.000000000000000000, 0.000000000000000000 ) ) ;
#176 = CARTESIAN_POINT ( 'NONE',  ( 44.86106518030110379, 2.000000000011104007, -77.50000000000660805 ) ) ;
#177 = CARTESIAN_POINT ( 'NONE',  ( 27.54999999999999716, 4.000000000000000000, -77.50000000000000000 ) ) ;
#178 = ORIENTED_EDGE ( 'NONE', *, *, #4135, .T. ) ;
#179 = VECTOR ( 'NONE', #1562, 1000.000000000000000 ) ;
#180 = ORIENTED_EDGE ( 'NONE', *, *, #4020, .F. ) ;
#181 = CARTESIAN_POINT ( 'NONE',  ( 34.13000000000000256, 11.93999999999999950, -31.39999999999999858 ) ) ;
#182 = VECTOR ( 'NONE', #2521, 1000.000000000000000 ) ;
#183 = EDGE_CURVE ( 'NONE', #285, #263, #4904, .T. ) ;
#184 = CARTESIAN_POINT ( 'NONE',  ( 53.73000000000000398, 13.00000000000000000, -29.39999999999999503 ) ) ;
#185 = VECTOR ( 'NONE', #1365, 1000.000000000000000 ) ;
#186 = ORIENTED_EDGE ( 'NONE', *, *, #67, .T. ) ;
#187 = FACE_OUTER_BOUND ( 'NONE', #909, .T. ) ;
#188 = VECTOR ( 'NONE', #398, 1000.000000000000000 ) ;
#189 = EDGE_CURVE ( 'NONE', #2836, #3606, #1670, .T. ) ;
#190 = DIRECTION ( 'NONE',  ( 0.000000000000000000, 0.9605132315373741125, -0.2782343114025134234 ) ) ;
#191 = ORIENTED_EDGE ( 'NONE', *, *, #887, .T. ) ;
#192 = AXIS2_PLACEMENT_3D ( 'NONE', #5148, #1454, #3097 ) ;
#193 = LINE ( 'NONE', #1823, #4678 ) ;
#194 = ORIENTED_EDGE ( 'NONE', *, *, #1378, .F. ) ;
#195 = CARTESIAN_POINT ( 'NONE',  ( 43.96235648768416127, 2.432386085247598473, -70.25575493885473577 ) ) ;
#196 = DIRECTION ( 'NONE',  ( 0.000000000000000000, 0.000000000000000000, 1.000000000000000000 ) ) ;
#197 = ORIENTED_EDGE ( 'NONE', *, *, #156, .F. ) ;
#198 = DIRECTION ( 'NONE',  ( 0.000000000000000000, 1.000000000000000000, -0.000000000000000000 ) ) ;
#199 = EDGE_CURVE ( 'NONE', #3862, #4474, #5284, .T. ) ;
#200 = ADVANCED_FACE ( 'NONE', ( #1644 ), #1215, .F. ) ;
#201 = CARTESIAN_POINT ( 'NONE',  ( 0.000000000000000000, 6.000000000000000000, 0.000000000000000000 ) ) ;
#202 = DIRECTION ( 'NONE',  ( -1.000000000000000000, 0.000000000000000000, 0.000000000000000000 ) ) ;
#203 = CARTESIAN_POINT ( 'NONE',  ( 43.86908698759612690, 2.324637465339040698, -70.43619719699442783 ) ) ;
#204 = ORIENTED_EDGE ( 'NONE', *, *, #3534, .T. ) ;
#205 = LINE ( 'NONE', #3504, #3738 ) ;
#206 = VERTEX_POINT ( 'NONE', #2504 ) ;
#207 = EDGE_CURVE ( 'NONE', #3, #2910, #3083, .T. ) ;
#208 = VERTEX_POINT ( 'NONE', #4468 ) ;
#209 = CARTESIAN_POINT ( 'NONE',  ( 7.000000000000006217, 0.000000000000000000, -5.999999999999990230 ) ) ;
#210 = LINE ( 'NONE', #1546, #2102 ) ;
#211 = EDGE_CURVE ( 'NONE', #1042, #2961, #5311, .T. ) ;
#212 = LINE ( 'NONE', #5134, #4435 ) ;
#213 = ORIENTED_EDGE ( 'NONE', *, *, #4289, .F. ) ;
#214 = TOROIDAL_SURFACE ( 'NONE', #731, 8.000000000000000000, 2.000000000000000000 ) ;
#215 = LINE ( 'NONE', #1845, #1383 ) ;
#216 = DIRECTION ( 'NONE',  ( 0.000000000000000000, -0.000000000000000000, 1.000000000000000000 ) ) ;
#217 = EDGE_LOOP ( 'NONE', ( #4253, #1256, #2329, #727 ) ) ;
#218 = CARTESIAN_POINT ( 'NONE',  ( 44.04276881497395379, 2.591142199247677080, -76.48724514965969945 ) ) ;
#219 = FACE_OUTER_BOUND ( 'NONE', #4279, .T. ) ;
#220 = AXIS2_PLACEMENT_3D ( 'NONE', #147, #4169, #1700 ) ;
#221 = VERTEX_POINT ( 'NONE', #4059 ) ;
#222 = EDGE_CURVE ( 'NONE', #2129, #4529, #1566, .T. ) ;
#223 = DIRECTION ( 'NONE',  ( -0.000000000000000000, -1.000000000000000000, -0.000000000000000000 ) ) ;
#224 = DIRECTION ( 'NONE',  ( 0.000000000000000000, 0.000000000000000000, -1.000000000000000000 ) ) ;
#225 = ORIENTED_EDGE ( 'NONE', *, *, #4842, .F. ) ;
#226 = DIRECTION ( 'NONE',  ( 8.659560562354948882E-17, -0.7071067811865463515, 0.7071067811865487940 ) ) ;
#227 = PLANE ( 'NONE',  #5089 ) ;
#228 = VECTOR ( 'NONE', #1409, 1000.000000000000000 ) ;
#229 = DIRECTION ( 'NONE',  ( 0.000000000000000000, -1.000000000000000000, 0.000000000000000000 ) ) ;
#230 = CARTESIAN_POINT ( 'NONE',  ( 28.81999999999999673, 3.000000000000000000, -39.60000000000000853 ) ) ;
#231 = FACE_OUTER_BOUND ( 'NONE', #4222, .T. ) ;
#232 = ORIENTED_EDGE ( 'NONE', *, *, #3512, .F. ) ;
#233 = DIRECTION ( 'NONE',  ( -0.000000000000000000, 1.000000000000000000, -0.000000000000000000 ) ) ;
#234 = VERTEX_POINT ( 'NONE', #3203 ) ;
#235 = VECTOR ( 'NONE', #786, 1000.000000000000000 ) ;
#236 = VECTOR ( 'NONE', #638, 1000.000000000000000 ) ;
#237 = DIRECTION ( 'NONE',  ( 0.000000000000000000, 0.000000000000000000, 1.000000000000000000 ) ) ;
#238 = CARTESIAN_POINT ( 'NONE',  ( 62.98000000000001108, 6.000000000000000000, -31.39999999999999858 ) ) ;
#239 = EDGE_CURVE ( 'NONE', #855, #4487, #3284, .T. ) ;
#240 = CARTESIAN_POINT ( 'NONE',  ( 61.49249711183403377, 9.640000000000000568, -25.59999999999999076 ) ) ;
#241 = ORIENTED_EDGE ( 'NONE', *, *, #3002, .T. ) ;
#242 = DIRECTION ( 'NONE',  ( 0.000000000000000000, 0.000000000000000000, -1.000000000000000000 ) ) ;
#243 = DIRECTION ( 'NONE',  ( 1.000000000000000000, -0.000000000000000000, -1.454276447297294337E-17 ) ) ;
#244 = ORIENTED_EDGE ( 'NONE', *, *, #1952, .T. ) ;
#245 = CARTESIAN_POINT ( 'NONE',  ( 59.47999999999999687, 6.000000000000000000, -31.39999999999999858 ) ) ;
#246 = ORIENTED_EDGE ( 'NONE', *, *, #630, .F. ) ;
#247 = DIRECTION ( 'NONE',  ( 0.000000000000000000, 0.000000000000000000, -1.000000000000000000 ) ) ;
#248 = CARTESIAN_POINT ( 'NONE',  ( 38.53000000000000114, 11.93999999999999950, -30.39999999999999503 ) ) ;
#249 = VERTEX_POINT ( 'NONE', #4848 ) ;
#250 = CARTESIAN_POINT ( 'NONE',  ( 41.54999999999999716, 0.000000000000000000, -67.13384597600372672 ) ) ;
#251 = ADVANCED_FACE ( 'NONE', ( #3634 ), #2828, .F. ) ;
#252 = LINE ( 'NONE', #653, #456 ) ;
#253 = VECTOR ( 'NONE', #1070, 1000.000000000000000 ) ;
#254 = VECTOR ( 'NONE', #491, 1000.000000000000000 ) ;
#255 = LINE ( 'NONE', #3528, #3831 ) ;
#256 = CARTESIAN_POINT ( 'NONE',  ( 42.77812228989783705, 2.000000000000002665, -70.41130164176887263 ) ) ;
#257 = VERTEX_POINT ( 'NONE', #9 ) ;
#258 = DIRECTION ( 'NONE',  ( -0.000000000000000000, -0.000000000000000000, -1.000000000000000000 ) ) ;
#259 = VERTEX_POINT ( 'NONE', #4928 ) ;
#260 = ORIENTED_EDGE ( 'NONE', *, *, #2213, .F. ) ;
#261 = FACE_OUTER_BOUND ( 'NONE', #2851, .T. ) ;
#262 = CARTESIAN_POINT ( 'NONE',  ( 54.08000000000000540, 3.000000000000000000, -39.59999999999999432 ) ) ;
#263 = VERTEX_POINT ( 'NONE', #2853 ) ;
#264 = CARTESIAN_POINT ( 'NONE',  ( 28.11999999999999744, 14.19999999999999929, -39.60000000000000853 ) ) ;
#265 = ORIENTED_EDGE ( 'NONE', *, *, #1597, .F. ) ;
#266 = ADVANCED_FACE ( 'NONE', ( #2046 ), #3693, .F. ) ;
#267 = EDGE_CURVE ( 'NONE', #4596, #1042, #3797, .T. ) ;
#268 = ORIENTED_EDGE ( 'NONE', *, *, #1718, .F. ) ;
#269 = CARTESIAN_POINT ( 'NONE',  ( 38.16996712097173372, 2.255143437049815347, -77.48785384839348467 ) ) ;
#270 = VECTOR ( 'NONE', #3093, 1000.000000000000000 ) ;
#271 = DIRECTION ( 'NONE',  ( 0.000000000000000000, 0.000000000000000000, 1.000000000000000000 ) ) ;
#272 = EDGE_LOOP ( 'NONE', ( #1786, #3252, #3245, #1092 ) ) ;
#273 = FACE_OUTER_BOUND ( 'NONE', #4965, .T. ) ;
#274 = CARTESIAN_POINT ( 'NONE',  ( 54.08000000000000540, 14.19999999999999929, -40.59999999999999432 ) ) ;
#275 = ORIENTED_EDGE ( 'NONE', *, *, #600, .F. ) ;
#276 = AXIS2_PLACEMENT_3D ( 'NONE', #2968, #4824, #1911 ) ;
#277 = CARTESIAN_POINT ( 'NONE',  ( 0.000000000000000000, 4.000000000000000000, -37.50000000000000000 ) ) ;
#278 = DIRECTION ( 'NONE',  ( 0.04896081862546419056, 0.9988006999594686297, 0.000000000000000000 ) ) ;
#279 = ORIENTED_EDGE ( 'NONE', *, *, #5142, .T. ) ;
#280 = CARTESIAN_POINT ( 'NONE',  ( 45.12901437272579130, 4.000000000000000000, 0.000000000000000000 ) ) ;
#281 = DIRECTION ( 'NONE',  ( 0.000000000000000000, 1.000000000000000000, 0.000000000000000000 ) ) ;
#282 = CARTESIAN_POINT ( 'NONE',  ( 61.58000000000000540, 14.19999999999999929, -31.39999999999999858 ) ) ;
#283 = CARTESIAN_POINT ( 'NONE',  ( 59.54999999999999716, 14.19999999999999929, -56.57716227728433012 ) ) ;
#284 = CARTESIAN_POINT ( 'NONE',  ( 42.86785971699528375, 1.953603858791312708, -70.37767541212278388 ) ) ;
#285 = VERTEX_POINT ( 'NONE', #3411 ) ;
#286 = CARTESIAN_POINT ( 'NONE',  ( 54.08000000000000540, 3.000000000000000000, -39.59999999999999432 ) ) ;
#287 = ORIENTED_EDGE ( 'NONE', *, *, #3223, .F. ) ;
#288 = EDGE_LOOP ( 'NONE', ( #3192, #3113, #2370, #5116 ) ) ;
#289 = EDGE_CURVE ( 'NONE', #662, #2844, #2603, .T. ) ;
#290 = DIRECTION ( 'NONE',  ( -1.746512434912466327E-16, 0.000000000000000000, -1.000000000000000000 ) ) ;
#291 = LINE ( 'NONE', #3882, #130 ) ;
#292 = DIRECTION ( 'NONE',  ( -0.000000000000000000, -1.000000000000000000, -0.000000000000000000 ) ) ;
#293 = VERTEX_POINT ( 'NONE', #63 ) ;
#294 = EDGE_CURVE ( 'NONE', #3207, #2327, #597, .T. ) ;
#295 = CARTESIAN_POINT ( 'NONE',  ( 65.54999999999999716, 14.19999999999999929, -49.99999999999997868 ) ) ;
#296 = LINE ( 'NONE', #2735, #3983 ) ;
#297 = CARTESIAN_POINT ( 'NONE',  ( 23.23000000000001108, 8.499999999999998224, 0.001000000000007938983 ) ) ;
#298 = EDGE_LOOP ( 'NONE', ( #1736, #3858, #4036, #1890 ) ) ;
#299 = FACE_OUTER_BOUND ( 'NONE', #3945, .T. ) ;
#300 = EDGE_CURVE ( 'NONE', #498, #2232, #3596, .T. ) ;
#301 = CARTESIAN_POINT ( 'NONE',  ( 20.12000000000000099, 6.000000000000000000, -1.599704092027026852E-16 ) ) ;
#302 = ORIENTED_EDGE ( 'NONE', *, *, #2463, .F. ) ;
#303 = VECTOR ( 'NONE', #1894, 1000.000000000000000 ) ;
#304 = CARTESIAN_POINT ( 'NONE',  ( 39.63141250017142880, 1.203286180888912815, -70.06310212312740759 ) ) ;
#305 = CARTESIAN_POINT ( 'NONE',  ( 18.26999999999999957, 4.000000000000000000, -31.39999999999999858 ) ) ;
#306 = CIRCLE ( 'NONE', #5028, 1.600000000000000755 ) ;
#307 = EDGE_CURVE ( 'NONE', #1694, #5014, #2631, .T. ) ;
#308 = DIRECTION ( 'NONE',  ( -0.000000000000000000, -1.000000000000000000, -0.000000000000000000 ) ) ;
#309 = ORIENTED_EDGE ( 'NONE', *, *, #4522, .T. ) ;
#310 = CARTESIAN_POINT ( 'NONE',  ( 76.09999999999998010, 6.000000000000000000, -7.649999999999993250 ) ) ;
#311 = CARTESIAN_POINT ( 'NONE',  ( 44.01427141410613331, 2.530211566738646223, -70.14009342988379103 ) ) ;
#312 = CARTESIAN_POINT ( 'NONE',  ( 76.09999999999998010, 1.750000000000005995, -5.999999999999991118 ) ) ;
#313 = ORIENTED_EDGE ( 'NONE', *, *, #2548, .T. ) ;
#314 = CIRCLE ( 'NONE', #1768, 1.000000000000000888 ) ;
#315 = VECTOR ( 'NONE', #1352, 1000.000000000000000 ) ;
#316 = DIRECTION ( 'NONE',  ( -0.000000000000000000, -1.000000000000000000, -0.000000000000000000 ) ) ;
#317 = DIRECTION ( 'NONE',  ( 0.000000000000000000, 0.000000000000000000, -1.000000000000000000 ) ) ;
#318 = VECTOR ( 'NONE', #1075, 1000.000000000000000 ) ;
#319 = ORIENTED_EDGE ( 'NONE', *, *, #3651, .T. ) ;
#320 = EDGE_CURVE ( 'NONE', #1764, #1617, #2556, .T. ) ;
#321 = VECTOR ( 'NONE', #1008, 1000.000000000000000 ) ;
#322 = ORIENTED_EDGE ( 'NONE', *, *, #1461, .T. ) ;
#323 = DIRECTION ( 'NONE',  ( 0.000000000000000000, -1.000000000000000000, 0.000000000000000000 ) ) ;
#324 = FACE_OUTER_BOUND ( 'NONE', #2848, .T. ) ;
#325 = DIRECTION ( 'NONE',  ( 0.000000000000000000, 1.000000000000000000, 0.000000000000000000 ) ) ;
#326 = LINE ( 'NONE', #274, #1792 ) ;
#327 = EDGE_CURVE ( 'NONE', #2561, #3046, #3334, .T. ) ;
#328 = EDGE_LOOP ( 'NONE', ( #2739, #3672 ) ) ;
#329 = DIRECTION ( 'NONE',  ( 0.000000000000000000, 1.000000000000000000, 0.000000000000000000 ) ) ;
#330 = DIRECTION ( 'NONE',  ( 1.000000000000000000, 0.000000000000000000, -1.746512434912466327E-16 ) ) ;
#331 = EDGE_LOOP ( 'NONE', ( #1459, #874, #3448, #3273, #3227 ) ) ;
#332 = CARTESIAN_POINT ( 'NONE',  ( 39.65844959341205822, 1.980784954897660155, -70.10017815653584705 ) ) ;
#333 = CARTESIAN_POINT ( 'NONE',  ( 56.13000000000000256, 14.19999999999999929, -31.39999999999999858 ) ) ;
#334 = EDGE_CURVE ( 'NONE', #1296, #970, #116, .T. ) ;
#335 = EDGE_CURVE ( 'NONE', #1945, #3533, #965, .T. ) ;
#336 = VERTEX_POINT ( 'NONE', #3007 ) ;
#337 = FACE_OUTER_BOUND ( 'NONE', #795, .T. ) ;
#338 = CARTESIAN_POINT ( 'NONE',  ( 23.55000000000000071, 14.19999999999999929, -54.50216227728432727 ) ) ;
#339 = EDGE_LOOP ( 'NONE', ( #1924, #127, #4871, #2175 ) ) ;
#340 = VECTOR ( 'NONE', #720, 1000.000000000000000 ) ;
#341 = AXIS2_PLACEMENT_3D ( 'NONE', #4496, #4061, #2368 ) ;
#342 = LINE ( 'NONE', #2810, #3481 ) ;
#343 = DIRECTION ( 'NONE',  ( 0.000000000000000000, 0.000000000000000000, 1.000000000000000000 ) ) ;
#344 = VECTOR ( 'NONE', #896, 1000.000000000000000 ) ;
#345 = VECTOR ( 'NONE', #2500, 1000.000000000000000 ) ;
#346 = CARTESIAN_POINT ( 'NONE',  ( 33.03000000000000114, 36.63088900789114888, -31.39999999999999858 ) ) ;
#347 = ORIENTED_EDGE ( 'NONE', *, *, #5129, .T. ) ;
#348 = EDGE_LOOP ( 'NONE', ( #1460, #2060, #4047, #4366, #5325, #4749 ) ) ;
#349 = FACE_OUTER_BOUND ( 'NONE', #423, .T. ) ;
#350 = DIRECTION ( 'NONE',  ( 1.746512434912466327E-16, -0.000000000000000000, 1.000000000000000000 ) ) ;
#351 = CARTESIAN_POINT ( 'NONE',  ( 25.09999999999999787, 4.022945784064476449, -42.49999999999998579 ) ) ;
#352 = DIRECTION ( 'NONE',  ( 0.000000000000000000, 0.000000000000000000, -1.000000000000000000 ) ) ;
#353 = ORIENTED_EDGE ( 'NONE', *, *, #2815, .F. ) ;
#354 = VECTOR ( 'NONE', #2415, 1000.000000000000000 ) ;
#355 = EDGE_CURVE ( 'NONE', #173, #1537, #981, .T. ) ;
#356 = DIRECTION ( 'NONE',  ( -0.000000000000000000, -1.000000000000000000, -0.000000000000000000 ) ) ;
#357 = FACE_OUTER_BOUND ( 'NONE', #836, .T. ) ;
#358 = VERTEX_POINT ( 'NONE', #3385 ) ;
#359 = CARTESIAN_POINT ( 'NONE',  ( 40.23195005163950810, 1.953505505471055725, -70.37760412902865426 ) ) ;
#360 = CARTESIAN_POINT ( 'NONE',  ( 61.58000000000001251, 3.000000000000000000, -1.599704092027028824E-16 ) ) ;
#361 = VECTOR ( 'NONE', #2498, 1000.000000000000000 ) ;
#362 = ORIENTED_EDGE ( 'NONE', *, *, #3188, .T. ) ;
#363 = CARTESIAN_POINT ( 'NONE',  ( 39.31157985511801911, 1.459348775390903574, -69.83030492871100137 ) ) ;
#364 = EDGE_CURVE ( 'NONE', #2027, #1499, #1696, .T. ) ;
#365 = CARTESIAN_POINT ( 'NONE',  ( 49.39999999999999858, 4.000000000000000000, -2.000000000000000000 ) ) ;
#366 = VERTEX_POINT ( 'NONE', #944 ) ;
#367 = AXIS2_PLACEMENT_3D ( 'NONE', #3317, #4884, #4937 ) ;
#368 = EDGE_CURVE ( 'NONE', #4170, #2495, #2932, .T. ) ;
#369 = EDGE_LOOP ( 'NONE', ( #2501, #180, #508, #412 ) ) ;
#370 = CARTESIAN_POINT ( 'NONE',  ( 19.54999999999999716, 4.000000000000000000, -58.99999999999998579 ) ) ;
#371 = CARTESIAN_POINT ( 'NONE',  ( 41.54999999999999716, 0.9999999999999731326, -63.63384597600371961 ) ) ;
#372 = DIRECTION ( 'NONE',  ( 0.000000000000000000, 1.000000000000000000, 0.000000000000000000 ) ) ;
#373 = CARTESIAN_POINT ( 'NONE',  ( 37.97149478967018865, 3.896401477252587675, -76.14889242466732355 ) ) ;
#374 = ADVANCED_FACE ( 'NONE', ( #3743 ), #494, .F. ) ;
#375 = FACE_OUTER_BOUND ( 'NONE', #3825, .T. ) ;
#376 = ORIENTED_EDGE ( 'NONE', *, *, #3670, .T. ) ;
#377 = ORIENTED_EDGE ( 'NONE', *, *, #2205, .T. ) ;
#378 = EDGE_CURVE ( 'NONE', #263, #4889, #1724, .T. ) ;
#379 = DIRECTION ( 'NONE',  ( -0.000000000000000000, 1.000000000000000000, 0.000000000000000000 ) ) ;
#380 = DIRECTION ( 'NONE',  ( 0.000000000000000000, 1.000000000000000000, 0.000000000000000000 ) ) ;
#381 = CARTESIAN_POINT ( 'NONE',  ( 23.55000000000000071, 14.19999999999999929, -56.57716227728433012 ) ) ;
#382 = VERTEX_POINT ( 'NONE', #2983 ) ;
#383 = LINE ( 'NONE', #277, #4815 ) ;
#384 = DIRECTION ( 'NONE',  ( 1.000000000000000000, 0.000000000000000000, 1.843728316164015127E-17 ) ) ;
#385 = VERTEX_POINT ( 'NONE', #4652 ) ;
#386 = DIRECTION ( 'NONE',  ( -1.000000000000000000, 0.000000000000000000, -0.000000000000000000 ) ) ;
#387 = CARTESIAN_POINT ( 'NONE',  ( 21.51999999999999957, 3.000000000000000000, -1.660936431984391172E-16 ) ) ;
#388 = ADVANCED_FACE ( 'NONE', ( #5013 ), #2580, .F. ) ;
#389 = LINE ( 'NONE', #3154, #57 ) ;
#390 = CARTESIAN_POINT ( 'NONE',  ( 41.54999999999999716, 0.000000000000000000, -67.13384597600372672 ) ) ;
#391 = AXIS2_PLACEMENT_3D ( 'NONE', #1060, #3909, #317 ) ;
#392 = VECTOR ( 'NONE', #4062, 1000.000000000000000 ) ;
#393 = DIRECTION ( 'NONE',  ( 0.000000000000000000, 0.000000000000000000, -1.000000000000000000 ) ) ;
#394 = ORIENTED_EDGE ( 'NONE', *, *, #4299, .F. ) ;
#395 = FACE_OUTER_BOUND ( 'NONE', #2947, .T. ) ;
#396 = AXIS2_PLACEMENT_3D ( 'NONE', #1221, #3235, #818 ) ;
#397 = EDGE_CURVE ( 'NONE', #3811, #1228, #5110, .T. ) ;
#398 = DIRECTION ( 'NONE',  ( 0.000000000000000000, 0.000000000000000000, -1.000000000000000000 ) ) ;
#399 = LINE ( 'NONE', #1759, #5040 ) ;
#400 = FACE_OUTER_BOUND ( 'NONE', #1407, .T. ) ;
#401 = DIRECTION ( 'NONE',  ( 0.000000000000000000, -0.000000000000000000, 1.000000000000000000 ) ) ;
#402 = DIRECTION ( 'NONE',  ( 0.000000000000000000, 1.000000000000000000, 0.000000000000000000 ) ) ;
#403 = EDGE_LOOP ( 'NONE', ( #1794, #5192, #4814, #5299 ) ) ;
#404 = VECTOR ( 'NONE', #4146, 1000.000000000000000 ) ;
#405 = ADVANCED_FACE ( 'NONE', ( #1776 ), #5061, .F. ) ;
#406 = VECTOR ( 'NONE', #4592, 1000.000000000000000 ) ;
#407 = VERTEX_POINT ( 'NONE', #245 ) ;
#408 = AXIS2_PLACEMENT_3D ( 'NONE', #5237, #3209, #2002 ) ;
#409 = FACE_OUTER_BOUND ( 'NONE', #5095, .T. ) ;
#410 = DIRECTION ( 'NONE',  ( 0.000000000000000000, 0.000000000000000000, -1.000000000000000000 ) ) ;
#411 = AXIS2_PLACEMENT_3D ( 'NONE', #4565, #3703, #4942 ) ;
#412 = ORIENTED_EDGE ( 'NONE', *, *, #1491, .T. ) ;
#413 = DIRECTION ( 'NONE',  ( 0.000000000000000000, 0.000000000000000000, 1.000000000000000000 ) ) ;
#414 = LINE ( 'NONE', #2416, #2393 ) ;
#415 = ORIENTED_EDGE ( 'NONE', *, *, #3984, .T. ) ;
#416 = LINE ( 'NONE', #1618, #235 ) ;
#417 = DIRECTION ( 'NONE',  ( 0.000000000000000000, 0.000000000000000000, -1.000000000000000000 ) ) ;
#418 = ORIENTED_EDGE ( 'NONE', *, *, #4978, .T. ) ;
#419 = CARTESIAN_POINT ( 'NONE',  ( 38.96058957892621777, 2.805852703967399719, -77.36964235874471285 ) ) ;
#420 = ADVANCED_FACE ( 'NONE', ( #2711 ), #1848, .F. ) ;
#421 = FACE_OUTER_BOUND ( 'NONE', #3764, .T. ) ;
#422 = ORIENTED_EDGE ( 'NONE', *, *, #5136, .T. ) ;
#423 = EDGE_LOOP ( 'NONE', ( #232, #4643, #3356, #2462 ) ) ;
#424 = DIRECTION ( 'NONE',  ( 0.000000000000000000, 1.000000000000000000, 0.000000000000000000 ) ) ;
#425 = LINE ( 'NONE', #4478, #3664 ) ;
#426 = DIRECTION ( 'NONE',  ( -1.000000000000000000, 0.000000000000000000, 0.000000000000000000 ) ) ;
#427 = EDGE_CURVE ( 'NONE', #4363, #3207, #4669, .T. ) ;
#428 = CYLINDRICAL_SURFACE ( 'NONE', #1242, 1.650000000000002132 ) ;
#429 = DIRECTION ( 'NONE',  ( -1.000000000000000000, -0.000000000000000000, -0.000000000000000000 ) ) ;
#430 = ORIENTED_EDGE ( 'NONE', *, *, #2447, .T. ) ;
#431 = CIRCLE ( 'NONE', #3592, 3.400000000000014122 ) ;
#432 = ORIENTED_EDGE ( 'NONE', *, *, #3082, .T. ) ;
#433 = CARTESIAN_POINT ( 'NONE',  ( 21.51999999999999957, 6.000000000000000000, -1.660936431984391172E-16 ) ) ;
#434 = CIRCLE ( 'NONE', #3422, 1.000000000000000888 ) ;
#435 = CARTESIAN_POINT ( 'NONE',  ( 23.23000000000000398, 5.599999999999998757, -42.49999999999998579 ) ) ;
#436 = ADVANCED_FACE ( 'NONE', ( #5169 ), #2330, .F. ) ;
#437 = ADVANCED_FACE ( 'NONE', ( #273 ), #3542, .F. ) ;
#438 = ORIENTED_EDGE ( 'NONE', *, *, #1045, .F. ) ;
#439 = DIRECTION ( 'NONE',  ( 0.000000000000000000, 1.000000000000000000, 0.000000000000000000 ) ) ;
#440 = DIRECTION ( 'NONE',  ( -0.000000000000000000, 1.000000000000000000, -0.000000000000000000 ) ) ;
#441 = ORIENTED_EDGE ( 'NONE', *, *, #2356, .F. ) ;
#442 = CARTESIAN_POINT ( 'NONE',  ( 38.76632214398714638, 2.702867274258162755, -69.25543443608350458 ) ) ;
#443 = LINE ( 'NONE', #787, #2912 ) ;
#444 = CIRCLE ( 'NONE', #4292, 3.500000000000003109 ) ;
#445 = CIRCLE ( 'NONE', #693, 3.500000000000003109 ) ;
#446 = DIRECTION ( 'NONE',  ( 1.000000000000000000, 0.000000000000000000, -0.000000000000000000 ) ) ;
#447 = LINE ( 'NONE', #761, #2479 ) ;
#448 = DIRECTION ( 'NONE',  ( -6.938893903907222067E-15, 0.000000000000000000, -1.000000000000000000 ) ) ;
#449 = ORIENTED_EDGE ( 'NONE', *, *, #1158, .F. ) ;
#450 = ORIENTED_EDGE ( 'NONE', *, *, #1467, .F. ) ;
#451 = FACE_OUTER_BOUND ( 'NONE', #1738, .T. ) ;
#452 = CARTESIAN_POINT ( 'NONE',  ( 56.98000000000001819, 8.499999999999998224, 0.001000000000007938983 ) ) ;
#453 = FACE_OUTER_BOUND ( 'NONE', #3143, .T. ) ;
#454 = CIRCLE ( 'NONE', #2413, 2.000000000000001776 ) ;
#455 = CARTESIAN_POINT ( 'NONE',  ( 0.000000000000000000, 4.000000000000000000, 0.000000000000000000 ) ) ;
#456 = VECTOR ( 'NONE', #1532, 1000.000000000000000 ) ;
#457 = CARTESIAN_POINT ( 'NONE',  ( 0.000000000000000000, 0.000000000000000000, 0.000000000000000000 ) ) ;
#458 = ORIENTED_EDGE ( 'NONE', *, *, #4039, .T. ) ;
#459 = EDGE_CURVE ( 'NONE', #5104, #2804, #296, .T. ) ;
#460 = ORIENTED_EDGE ( 'NONE', *, *, #239, .T. ) ;
#461 = CARTESIAN_POINT ( 'NONE',  ( 22.21999999999999886, 6.000000000000000000, -1.599704092027028824E-16 ) ) ;
#462 = CARTESIAN_POINT ( 'NONE',  ( 0.000000000000000000, 4.000000000000000000, 0.000000000000000000 ) ) ;
#463 = ORIENTED_EDGE ( 'NONE', *, *, #1347, .T. ) ;
#464 = DIRECTION ( 'NONE',  ( -1.000000000000000000, 0.000000000000000000, 0.000000000000000000 ) ) ;
#465 = DIRECTION ( 'NONE',  ( 0.000000000000000000, 0.000000000000000000, 1.000000000000000000 ) ) ;
#466 = EDGE_LOOP ( 'NONE', ( #4442, #1600, #4551, #1213 ) ) ;
#467 = LINE ( 'NONE', #3742, #966 ) ;
#468 = DIRECTION ( 'NONE',  ( -0.000000000000000000, -1.000000000000000000, -0.000000000000000000 ) ) ;
#469 = VERTEX_POINT ( 'NONE', #2252 ) ;
#470 = EDGE_CURVE ( 'NONE', #4627, #2335, #1472, .T. ) ;
#471 = CARTESIAN_POINT ( 'NONE',  ( 36.45778126594936452, 4.000000000000000000, -28.16575235469809968 ) ) ;
#472 = CARTESIAN_POINT ( 'NONE',  ( 23.23000000000000398, 5.599999999999998757, -40.59999999999999432 ) ) ;
#473 = EDGE_LOOP ( 'NONE', ( #3474, #4316, #3010, #5124, #1358 ) ) ;
#474 = EDGE_CURVE ( 'NONE', #4704, #4618, #1447, .T. ) ;
#475 = DIRECTION ( 'NONE',  ( -1.746512434912466574E-16, -0.000000000000000000, -1.000000000000000000 ) ) ;
#476 = CARTESIAN_POINT ( 'NONE',  ( 28.81999999999999673, 14.19999999999999929, -39.60000000000000853 ) ) ;
#477 = DIRECTION ( 'NONE',  ( 0.04896081862546419056, -0.9988006999594686297, -0.000000000000000000 ) ) ;
#478 = FACE_OUTER_BOUND ( 'NONE', #4797, .T. ) ;
#479 = VECTOR ( 'NONE', #4431, 1000.000000000000000 ) ;
#480 = AXIS2_PLACEMENT_3D ( 'NONE', #2938, #4225, #1728 ) ;
#481 = ORIENTED_EDGE ( 'NONE', *, *, #5142, .F. ) ;
#482 = ORIENTED_EDGE ( 'NONE', *, *, #2618, .T. ) ;
#483 = CARTESIAN_POINT ( 'NONE',  ( 44.28688608352776868, 2.497056746714307884, -69.31567199758266895 ) ) ;
#484 = EDGE_CURVE ( 'NONE', #987, #602, #1496, .T. ) ;
#485 = CARTESIAN_POINT ( 'NONE',  ( 60.68000000000000682, 5.000000000000000000, -44.39999999999999147 ) ) ;
#486 = CONICAL_SURFACE ( 'NONE', #1079, 4.499999999999990230, 0.7853981633974562726 ) ;
#487 = ORIENTED_EDGE ( 'NONE', *, *, #1868, .T. ) ;
#488 = TOROIDAL_SURFACE ( 'NONE', #2155, 2.000000000000000000, 1.000000000000000000 ) ;
#489 = CARTESIAN_POINT ( 'NONE',  ( 41.54999999999999716, 0.000000000000000000, -62.63384597600372672 ) ) ;
#490 = VECTOR ( 'NONE', #3760, 1000.000000000000000 ) ;
#491 = DIRECTION ( 'NONE',  ( -1.746512434912466574E-16, -0.000000000000000000, -1.000000000000000000 ) ) ;
#492 = ORIENTED_EDGE ( 'NONE', *, *, #3814, .F. ) ;
#493 = CARTESIAN_POINT ( 'NONE',  ( 38.97098561442903986, 2.785233953970672971, -69.52396774564857651 ) ) ;
#494 = PLANE ( 'NONE',  #1241 ) ;
#495 = EDGE_CURVE ( 'NONE', #5221, #5031, #1069, .T. ) ;
#496 = ORIENTED_EDGE ( 'NONE', *, *, #2423, .F. ) ;
#497 = CONICAL_SURFACE ( 'NONE', #5214, 3.400000000000014122, 0.7853981633974463916 ) ;
#498 = VERTEX_POINT ( 'NONE', #3889 ) ;
#499 = CARTESIAN_POINT ( 'NONE',  ( 38.91602506099666670, 3.737680210824526839, -76.49799365573885268 ) ) ;
#500 = CARTESIAN_POINT ( 'NONE',  ( 17.55000000000000071, 4.000000000000000000, -37.50000000000000000 ) ) ;
#501 = ORIENTED_EDGE ( 'NONE', *, *, #2596, .T. ) ;
#502 = EDGE_CURVE ( 'NONE', #844, #2844, #4787, .T. ) ;
#503 = EDGE_CURVE ( 'NONE', #1236, #5000, #1928, .T. ) ;
#504 = CARTESIAN_POINT ( 'NONE',  ( 56.98000000000001108, 5.000000000000000000, -44.39999999999999147 ) ) ;
#505 = LINE ( 'NONE', #4532, #4171 ) ;
#506 = CARTESIAN_POINT ( 'NONE',  ( 44.12713874430060201, 2.933313348306257673, -76.01674735927782933 ) ) ;
#507 = LINE ( 'NONE', #4663, #3043 ) ;
#508 = ORIENTED_EDGE ( 'NONE', *, *, #2039, .F. ) ;
#509 = CARTESIAN_POINT ( 'NONE',  ( 64.82999999999999829, 14.19999999999999929, -44.39999999999999147 ) ) ;
#510 = ORIENTED_EDGE ( 'NONE', *, *, #335, .T. ) ;
#511 = ORIENTED_EDGE ( 'NONE', *, *, #1819, .T. ) ;
#512 = CARTESIAN_POINT ( 'NONE',  ( 38.97098562727419591, 3.000000000000000000, -69.49999999999998579 ) ) ;
#513 = CARTESIAN_POINT ( 'NONE',  ( 65.54999999999999716, 2.000000000000000000, -58.99999999999998579 ) ) ;
#514 = VECTOR ( 'NONE', #1920, 1000.000000000000000 ) ;
#515 = CIRCLE ( 'NONE', #2906, 3.400000000000014122 ) ;
#516 = EDGE_LOOP ( 'NONE', ( #3761, #3955, #1509, #4390 ) ) ;
#517 = CARTESIAN_POINT ( 'NONE',  ( -0.000000000000000000, 0.000000000000000000, -2.398055443370644468 ) ) ;
#518 = CARTESIAN_POINT ( 'NONE',  ( 46.13000000000000256, 2.949999999999999289, -34.89999999999999858 ) ) ;
#519 = ORIENTED_EDGE ( 'NONE', *, *, #2099, .T. ) ;
#520 = AXIS2_PLACEMENT_3D ( 'NONE', #2071, #4191, #1748 ) ;
#521 = LINE ( 'NONE', #2555, #4400 ) ;
#522 = CARTESIAN_POINT ( 'NONE',  ( 33.03000000000000114, 4.000000000000000000, -31.39999999999999858 ) ) ;
#523 = ORIENTED_EDGE ( 'NONE', *, *, #4851, .T. ) ;
#524 = EDGE_CURVE ( 'NONE', #914, #3782, #592, .T. ) ;
#525 = CARTESIAN_POINT ( 'NONE',  ( 37.98739484489592400, 3.479483249571232673, -76.85234926766486296 ) ) ;
#526 = FACE_OUTER_BOUND ( 'NONE', #5243, .T. ) ;
#527 = ORIENTED_EDGE ( 'NONE', *, *, #3719, .F. ) ;
#528 = SURFACE_SIDE_STYLE ('',( #5046 ) ) ;
#529 = DIRECTION ( 'NONE',  ( -1.000000000000000000, 0.000000000000000000, 1.746512434912466574E-16 ) ) ;
#530 = CARTESIAN_POINT ( 'NONE',  ( 44.32104148549898781, 2.708960323530263725, -69.27225165057195966 ) ) ;
#531 = AXIS2_PLACEMENT_3D ( 'NONE', #3254, #4873, #4791 ) ;
#532 = FACE_OUTER_BOUND ( 'NONE', #1560, .T. ) ;
#533 = ORIENTED_EDGE ( 'NONE', *, *, #1612, .F. ) ;
#534 = ORIENTED_EDGE ( 'NONE', *, *, #3893, .T. ) ;
#535 = ORIENTED_EDGE ( 'NONE', *, *, #3924, .T. ) ;
#536 = DIRECTION ( 'NONE',  ( 0.000000000000000000, 0.000000000000000000, 1.000000000000000000 ) ) ;
#537 = EDGE_CURVE ( 'NONE', #742, #3275, #193, .T. ) ;
#538 = DIRECTION ( 'NONE',  ( 0.000000000000000000, -1.000000000000000000, 0.000000000000000000 ) ) ;
#539 = VECTOR ( 'NONE', #3177, 1000.000000000000000 ) ;
#540 = EDGE_CURVE ( 'NONE', #4425, #2420, #4326, .T. ) ;
#541 = EDGE_LOOP ( 'NONE', ( #3233, #616, #4365, #1094 ) ) ;
#542 = DIRECTION ( 'NONE',  ( 0.000000000000000000, 1.387778780781445676E-14, 1.000000000000000000 ) ) ;
#543 = CARTESIAN_POINT ( 'NONE',  ( 76.09999999999998010, 0.000000000000000000, -25.50000000000000000 ) ) ;
#544 = VERTEX_POINT ( 'NONE', #2685 ) ;
#545 = DIRECTION ( 'NONE',  ( 1.000000000000000000, -3.469446951953611033E-15, 0.000000000000000000 ) ) ;
#546 = ORIENTED_EDGE ( 'NONE', *, *, #3885, .F. ) ;
#547 = DIRECTION ( 'NONE',  ( 3.953785700232036912E-16, -0.000000000000000000, 1.000000000000000000 ) ) ;
#548 = CARTESIAN_POINT ( 'NONE',  ( 36.45778126594936452, -6.000000000000000000, -28.16575235469809968 ) ) ;
#549 = VERTEX_POINT ( 'NONE', #1418 ) ;
#550 = EDGE_CURVE ( 'NONE', #5137, #544, #3063, .T. ) ;
#551 = B_SPLINE_CURVE_WITH_KNOTS ( 'NONE', 3,
 ( #4374, #3993, #4349, #2379, #5246, #3540, #3940, #3565, #5188, #4021, #2351, #1982 ),
 .UNSPECIFIED., .F., .F.,
 ( 4, 2, 2, 2, 2, 4 ),
 ( 0.000000000000000000, 0.0005468294868624216671, 0.001093658973724843334, 0.001640488460587265218, 0.001913903204018487436, 0.002187317947449709653 ),
 .UNSPECIFIED. ) ;
#552 = DIRECTION ( 'NONE',  ( 2.209838822900391329E-16, 0.000000000000000000, 1.000000000000000000 ) ) ;
#553 = CARTESIAN_POINT ( 'NONE',  ( 56.13000000000000256, 14.19999999999999929, -29.39999999999999503 ) ) ;
#554 = ORIENTED_EDGE ( 'NONE', *, *, #368, .T. ) ;
#555 = CARTESIAN_POINT ( 'NONE',  ( 0.000000000000000000, 6.000000000000000000, -37.50000000000000000 ) ) ;
#556 = ORIENTED_EDGE ( 'NONE', *, *, #2655, .F. ) ;
#557 = ORIENTED_EDGE ( 'NONE', *, *, #1281, .F. ) ;
#558 = EDGE_CURVE ( 'NONE', #3482, #5197, #4321, .T. ) ;
#559 = ORIENTED_EDGE ( 'NONE', *, *, #4868, .T. ) ;
#560 = CARTESIAN_POINT ( 'NONE',  ( 44.32409114789553684, 2.744894164983534335, -69.26816753701899643 ) ) ;
#561 = VECTOR ( 'NONE', #667, 1000.000000000000000 ) ;
#562 = VECTOR ( 'NONE', #46, 1000.000000000000000 ) ;
#563 = CARTESIAN_POINT ( 'NONE',  ( 21.51999999999999602, 8.499999999999998224, -40.59999999999999432 ) ) ;
#564 = EDGE_CURVE ( 'NONE', #905, #2398, #3196, .T. ) ;
#565 = EDGE_LOOP ( 'NONE', ( #5273, #2386, #2725, #781, #4350, #3880, #394, #3948, #2154, #3588, #5146, #3640, #3822, #4294, #2835, #1279, #2470, #1665, #213, #4045 ) ) ;
#566 = LINE ( 'NONE', #3841, #5258 ) ;
#567 = DIRECTION ( 'NONE',  ( -1.746512434912466574E-16, -0.000000000000000000, -1.000000000000000000 ) ) ;
#568 = EDGE_LOOP ( 'NONE', ( #1917, #1642, #2920, #4336 ) ) ;
#569 = CARTESIAN_POINT ( 'NONE',  ( 43.12901437272579130, 3.000000000000000000, -76.50000000000000000 ) ) ;
#570 = EDGE_LOOP ( 'NONE', ( #3884, #2998, #3423, #3878 ) ) ;
#571 = VECTOR ( 'NONE', #4358, 1000.000000000000000 ) ;
#572 = CARTESIAN_POINT ( 'NONE',  ( 35.93000000000000682, 11.93999999999999950, -25.59999999999999076 ) ) ;
#573 = FACE_BOUND ( 'NONE', #3571, .T. ) ;
#574 = ORIENTED_EDGE ( 'NONE', *, *, #3964, .F. ) ;
#575 = AXIS2_PLACEMENT_3D ( 'NONE', #1744, #2, #4540 ) ;
#576 = CARTESIAN_POINT ( 'NONE',  ( 23.61999999999999389, 6.000000000000000000, -31.39999999999999858 ) ) ;
#577 = EDGE_CURVE ( 'NONE', #4919, #1408, #1954, .T. ) ;
#578 = DIRECTION ( 'NONE',  ( 0.000000000000000000, 0.000000000000000000, -1.000000000000000000 ) ) ;
#579 = CARTESIAN_POINT ( 'NONE',  ( 43.99503977651706066, 2.500000000006239453, -77.50000000000382272 ) ) ;
#580 = ORIENTED_EDGE ( 'NONE', *, *, #1031, .F. ) ;
#581 = CARTESIAN_POINT ( 'NONE',  ( 7.000000000000006217, 4.000000000000000000, -4.349999999999989875 ) ) ;
#582 = EDGE_CURVE ( 'NONE', #4919, #2129, #748, .T. ) ;
#583 = EDGE_LOOP ( 'NONE', ( #4286, #4672, #3902, #860 ) ) ;
#584 = DIRECTION ( 'NONE',  ( -1.000000000000000000, 0.000000000000000000, 0.000000000000000000 ) ) ;
#585 = DIRECTION ( 'NONE',  ( -1.000000000000000000, 0.000000000000000000, 0.000000000000000000 ) ) ;
#586 = ORIENTED_EDGE ( 'NONE', *, *, #2879, .T. ) ;
#587 = EDGE_CURVE ( 'NONE', #1452, #1905, #1558, .T. ) ;
#588 = CARTESIAN_POINT ( 'NONE',  ( 60.87999999999999545, 8.499999999999998224, -39.59999999999999432 ) ) ;
#589 = EDGE_CURVE ( 'NONE', #3, #2816, #2793, .T. ) ;
#590 = DIRECTION ( 'NONE',  ( -1.000000000000000000, 0.000000000000000000, 1.746512434912466574E-16 ) ) ;
#591 = EDGE_LOOP ( 'NONE', ( #1968, #2451, #2104, #3297, #685 ) ) ;
#592 = LINE ( 'NONE', #3090, #1756 ) ;
#593 = CARTESIAN_POINT ( 'NONE',  ( 38.76632215454660013, 2.999999999999998224, -69.25543444993827791 ) ) ;
#594 = AXIS2_PLACEMENT_3D ( 'NONE', #1774, #3817, #4731 ) ;
#595 = ORIENTED_EDGE ( 'NONE', *, *, #1896, .F. ) ;
#596 = VECTOR ( 'NONE', #4068, 1000.000000000000000 ) ;
#597 = CIRCLE ( 'NONE', #4720, 1.000000000000000888 ) ;
#598 = CARTESIAN_POINT ( 'NONE',  ( 60.88000000000000256, 3.000000000000000000, -1.660936431984398814E-16 ) ) ;
#599 = AXIS2_PLACEMENT_3D ( 'NONE', #1342, #4602, #3689 ) ;
#600 = EDGE_CURVE ( 'NONE', #2678, #2165, #1585, .T. ) ;
#601 = CARTESIAN_POINT ( 'NONE',  ( 76.09999999999998010, 0.000000000000000000, -28.90000000000001279 ) ) ;
#602 = VERTEX_POINT ( 'NONE', #351 ) ;
#603 = CARTESIAN_POINT ( 'NONE',  ( 83.10000000000000853, 0.000000000000000000, -1.208503727704051627E-15 ) ) ;
#604 = EDGE_CURVE ( 'NONE', #1537, #173, #2699, .T. ) ;
#605 = FILL_AREA_STYLE_COLOUR ( '', #4742 ) ;
#606 = CARTESIAN_POINT ( 'NONE',  ( 65.54999999999999716, 4.000000000000000000, -37.50000000000000000 ) ) ;
#607 = EDGE_LOOP ( 'NONE', ( #4158, #5051, #4499, #1930, #3662, #4964, #3515, #829, #4127, #3314 ) ) ;
#608 = LINE ( 'NONE', #581, #50 ) ;
#609 = AXIS2_PLACEMENT_3D ( 'NONE', #1424, #1825, #247 ) ;
#610 = VERTEX_POINT ( 'NONE', #3627 ) ;
#611 = CARTESIAN_POINT ( 'NONE',  ( 37.97098562727419591, 3.000000000000000000, -69.86160258534813750 ) ) ;
#612 = VECTOR ( 'NONE', #4788, 1000.000000000000000 ) ;
#613 = CARTESIAN_POINT ( 'NONE',  ( 62.98000000000001108, 6.000000000000000000, -1.599704092027028824E-16 ) ) ;
#614 = CIRCLE ( 'NONE', #4126, 2.000000000000001776 ) ;
#615 = ADVANCED_FACE ( 'NONE', ( #2764 ), #4402, .T. ) ;
#616 = ORIENTED_EDGE ( 'NONE', *, *, #2661, .F. ) ;
#617 = CARTESIAN_POINT ( 'NONE',  ( 20.11999999999999744, 4.000000000000000000, -31.39999999999999858 ) ) ;
#618 = VECTOR ( 'NONE', #229, 1000.000000000000000 ) ;
#619 = DIRECTION ( 'NONE',  ( 1.104919411450195541E-16, 0.000000000000000000, 1.000000000000000000 ) ) ;
#620 = ORIENTED_EDGE ( 'NONE', *, *, #2131, .T. ) ;
#621 = DIRECTION ( 'NONE',  ( 1.000000000000000000, 0.000000000000000000, 0.000000000000000000 ) ) ;
#622 = FACE_OUTER_BOUND ( 'NONE', #11, .T. ) ;
#623 = EDGE_CURVE ( 'NONE', #3198, #2397, #2781, .T. ) ;
#624 = ORIENTED_EDGE ( 'NONE', *, *, #3842, .F. ) ;
#625 = CARTESIAN_POINT ( 'NONE',  ( 44.07547243880823373, 2.667837733031954706, -69.99737841387505455 ) ) ;
#626 = LINE ( 'NONE', #601, #3857 ) ;
#627 = VERTEX_POINT ( 'NONE', #1948 ) ;
#628 = DIRECTION ( 'NONE',  ( 0.000000000000000000, 1.000000000000000000, 0.000000000000000000 ) ) ;
#629 = CARTESIAN_POINT ( 'NONE',  ( 36.52999999999999403, 8.499999999999998224, -42.39999999999998437 ) ) ;
#630 = EDGE_CURVE ( 'NONE', #2576, #544, #210, .T. ) ;
#631 = CARTESIAN_POINT ( 'NONE',  ( 63.54999999999999716, 2.000000000000000000, -58.99999999999998579 ) ) ;
#632 = DIRECTION ( 'NONE',  ( 0.000000000000000000, 1.000000000000000000, -0.000000000000000000 ) ) ;
#633 = ORIENTED_EDGE ( 'NONE', *, *, #664, .T. ) ;
#634 = CARTESIAN_POINT ( 'NONE',  ( 53.51992897217816392, 4.000000000000000000, -2.398055443370644468 ) ) ;
#635 = ORIENTED_EDGE ( 'NONE', *, *, #1972, .F. ) ;
#636 = DIRECTION ( 'NONE',  ( 0.000000000000000000, 0.000000000000000000, -1.000000000000000000 ) ) ;
#637 = DIRECTION ( 'NONE',  ( 0.000000000000000000, 1.000000000000000000, 0.000000000000000000 ) ) ;
#638 = DIRECTION ( 'NONE',  ( 0.000000000000000000, 0.000000000000000000, -1.000000000000000000 ) ) ;
#639 = VERTEX_POINT ( 'NONE', #1489 ) ;
#640 = AXIS2_PLACEMENT_3D ( 'NONE', #5219, #3866, #646 ) ;
#641 = EDGE_CURVE ( 'NONE', #2978, #979, #3933, .T. ) ;
#642 = VECTOR ( 'NONE', #2005, 1000.000000000000114 ) ;
#643 = CARTESIAN_POINT ( 'NONE',  ( 61.58000000000000540, 14.19999999999999929, -39.39999999999999858 ) ) ;
#644 = CARTESIAN_POINT ( 'NONE',  ( 7.000000000000000000, 0.000000000000000000, -28.90000000000001279 ) ) ;
#645 = VERTEX_POINT ( 'NONE', #2294 ) ;
#646 = DIRECTION ( 'NONE',  ( 0.000000000000000000, -0.000000000000000000, -1.000000000000000000 ) ) ;
#647 = AXIS2_PLACEMENT_3D ( 'NONE', #68, #3824, #2585 ) ;
#648 = VERTEX_POINT ( 'NONE', #2677 ) ;
#649 = CARTESIAN_POINT ( 'NONE',  ( 43.12901437272579130, 2.000000000000000000, -71.34771754627320206 ) ) ;
#650 = FACE_BOUND ( 'NONE', #750, .T. ) ;
#651 = EDGE_LOOP ( 'NONE', ( #3503, #2705, #735, #1722 ) ) ;
#652 = LINE ( 'NONE', #1909, #4087 ) ;
#653 = CARTESIAN_POINT ( 'NONE',  ( 53.73000000000000398, 11.94999999999999929, -39.39999999999999858 ) ) ;
#654 = AXIS2_PLACEMENT_3D ( 'NONE', #44, #151, #2565 ) ;
#655 = VECTOR ( 'NONE', #2780, 1000.000000000000000 ) ;
#656 =( NAMED_UNIT ( * ) SI_UNIT ( $, .STERADIAN. ) SOLID_ANGLE_UNIT ( ) );
#657 = DIRECTION ( 'NONE',  ( -0.000000000000000000, -1.000000000000000000, -0.000000000000000000 ) ) ;
#658 = CARTESIAN_POINT ( 'NONE',  ( 57.03000000000000114, 36.63088900789114888, -25.59999999999999076 ) ) ;
#659 = ORIENTED_EDGE ( 'NONE', *, *, #29, .T. ) ;
#660 = ADVANCED_FACE ( 'NONE', ( #5132 ), #2321, .F. ) ;
#661 = LINE ( 'NONE', #4691, #817 ) ;
#662 = VERTEX_POINT ( 'NONE', #2702 ) ;
#663 = ORIENTED_EDGE ( 'NONE', *, *, #1098, .T. ) ;
#664 = EDGE_CURVE ( 'NONE', #4270, #2684, #3962, .T. ) ;
#665 = AXIS2_PLACEMENT_3D ( 'NONE', #5297, #3679, #3647 ) ;
#666 = LINE ( 'NONE', #2267, #4609 ) ;
#667 = DIRECTION ( 'NONE',  ( 1.000000000000000000, 0.000000000000000000, 0.000000000000000000 ) ) ;
#668 = DIRECTION ( 'NONE',  ( 1.000000000000000000, -0.000000000000000000, -8.971433058453363364E-17 ) ) ;
#669 = ORIENTED_EDGE ( 'NONE', *, *, #864, .F. ) ;
#670 = FACE_OUTER_BOUND ( 'NONE', #651, .T. ) ;
#671 = DIRECTION ( 'NONE',  ( -1.000000000000000000, 0.000000000000000000, 0.000000000000000000 ) ) ;
#672 = ORIENTED_EDGE ( 'NONE', *, *, #721, .F. ) ;
#673 = CARTESIAN_POINT ( 'NONE',  ( 43.99503977651223607, 2.500000000003474998, -76.50000000000000000 ) ) ;
#674 = DIRECTION ( 'NONE',  ( -0.000000000000000000, -1.000000000000000000, -0.000000000000000000 ) ) ;
#675 = VERTEX_POINT ( 'NONE', #2245 ) ;
#676 = DIRECTION ( 'NONE',  ( 2.209838822900391329E-16, 0.000000000000000000, 1.000000000000000000 ) ) ;
#677 = LINE ( 'NONE', #4301, #1763 ) ;
#678 = ORIENTED_EDGE ( 'NONE', *, *, #169, .T. ) ;
#679 = LINE ( 'NONE', #2257, #835 ) ;
#680 = CARTESIAN_POINT ( 'NONE',  ( 22.21999999999999886, 6.000000000000000000, -1.599704092027028824E-16 ) ) ;
#681 = ADVANCED_FACE ( 'NONE', ( #2728 ), #3737, .F. ) ;
#682 = AXIS2_PLACEMENT_3D ( 'NONE', #3561, #3160, #2757 ) ;
#683 = AXIS2_PLACEMENT_3D ( 'NONE', #518, #2955, #4925 ) ;
#684 = CARTESIAN_POINT ( 'NONE',  ( 53.51992897217816392, 0.000000000000000000, 0.000000000000000000 ) ) ;
#685 = ORIENTED_EDGE ( 'NONE', *, *, #1267, .F. ) ;
#686 = DIRECTION ( 'NONE',  ( -0.000000000000000000, -1.000000000000000000, -0.000000000000000000 ) ) ;
#687 = ORIENTED_EDGE ( 'NONE', *, *, #5261, .F. ) ;
#688 = VERTEX_POINT ( 'NONE', #3585 ) ;
#689 = CARTESIAN_POINT ( 'NONE',  ( 60.68000000000000682, 8.499999999999998224, -44.39999999999999147 ) ) ;
#690 = DIRECTION ( 'NONE',  ( -0.000000000000000000, -1.000000000000000000, -0.000000000000000000 ) ) ;
#691 = DIRECTION ( 'NONE',  ( -0.000000000000000000, -1.000000000000000000, -0.000000000000000000 ) ) ;
#692 = EDGE_CURVE ( 'NONE', #602, #4185, #4340, .T. ) ;
#693 = AXIS2_PLACEMENT_3D ( 'NONE', #4352, #4377, #3971 ) ;
#694 = ORIENTED_EDGE ( 'NONE', *, *, #5056, .T. ) ;
#695 = VECTOR ( 'NONE', #1771, 1000.000000000000000 ) ;
#696 = DIRECTION ( 'NONE',  ( -0.000000000000000000, 1.000000000000000000, -0.000000000000000000 ) ) ;
#697 = EDGE_LOOP ( 'NONE', ( #2630, #755 ) ) ;
#698 = CARTESIAN_POINT ( 'NONE',  ( 72.10000000000000853, 6.000000000000000000, 0.000000000000000000 ) ) ;
#699 = CARTESIAN_POINT ( 'NONE',  ( 0.000000000000000000, 0.000000000000000000, -37.50000000000000000 ) ) ;
#700 = EDGE_CURVE ( 'NONE', #3621, #3461, #3509, .T. ) ;
#701 = ORIENTED_EDGE ( 'NONE', *, *, #5129, .F. ) ;
#702 = AXIS2_PLACEMENT_3D ( 'NONE', #2000, #2860, #767 ) ;
#703 = VECTOR ( 'NONE', #2665, 1000.000000000000000 ) ;
#704 = DIRECTION ( 'NONE',  ( 0.000000000000000000, 0.000000000000000000, -1.000000000000000000 ) ) ;
#705 = CARTESIAN_POINT ( 'NONE',  ( 0.000000000000000000, 4.000000000000000000, -37.50000000000000000 ) ) ;
#706 = ORIENTED_EDGE ( 'NONE', *, *, #5056, .F. ) ;
#707 = CARTESIAN_POINT ( 'NONE',  ( 60.68000000000001393, 8.499999999999998224, 0.001000000000001000089 ) ) ;
#708 = CARTESIAN_POINT ( 'NONE',  ( 60.88000000000000256, 6.000000000000000000, -1.660936431984398814E-16 ) ) ;
#709 = ORIENTED_EDGE ( 'NONE', *, *, #3513, .F. ) ;
#710 = DIRECTION ( 'NONE',  ( 1.000000000000000000, 0.000000000000000000, 0.000000000000000000 ) ) ;
#711 = ADVANCED_FACE ( 'NONE', ( #3187 ), #1463, .F. ) ;
#712 = CARTESIAN_POINT ( 'NONE',  ( 7.000000000000006217, 1.750000000000035305, -4.349999999999988987 ) ) ;
#713 = ORIENTED_EDGE ( 'NONE', *, *, #3049, .F. ) ;
#714 = VECTOR ( 'NONE', #1750, 1000.000000000000000 ) ;
#715 = DIRECTION ( 'NONE',  ( -1.104919411450195541E-16, 0.000000000000000000, -1.000000000000000000 ) ) ;
#716 = CARTESIAN_POINT ( 'NONE',  ( 21.51999999999999602, 8.499999999999998224, -40.59999999999999432 ) ) ;
#717 = LINE ( 'NONE', #3988, #1940 ) ;
#718 = EDGE_CURVE ( 'NONE', #1549, #5221, #4072, .T. ) ;
#719 = ORIENTED_EDGE ( 'NONE', *, *, #2583, .T. ) ;
#720 = DIRECTION ( 'NONE',  ( -1.387778780781445676E-16, -0.000000000000000000, -1.000000000000000000 ) ) ;
#721 = EDGE_CURVE ( 'NONE', #104, #4991, #291, .T. ) ;
#722 = CARTESIAN_POINT ( 'NONE',  ( 0.000000000000000000, 3.000000000000000000, 0.000000000000000000 ) ) ;
#723 = FACE_BOUND ( 'NONE', #872, .T. ) ;
#724 = ORIENTED_EDGE ( 'NONE', *, *, #4784, .T. ) ;
#725 = CARTESIAN_POINT ( 'NONE',  ( 76.09999999999998010, 6.000000000000000000, -4.349999999999988987 ) ) ;
#726 = LINE ( 'NONE', #1156, #2651 ) ;
#727 = ORIENTED_EDGE ( 'NONE', *, *, #1410, .F. ) ;
#728 = AXIS2_PLACEMENT_3D ( 'NONE', #1394, #988, #2097 ) ;
#729 = CARTESIAN_POINT ( 'NONE',  ( 39.80952421218163551, 1.936762393009852090, -70.18844534481175401 ) ) ;
#730 = DIRECTION ( 'NONE',  ( 0.3508920828279517568, 1.734723475976809264E-15, 0.9364159045043296548 ) ) ;
#731 = AXIS2_PLACEMENT_3D ( 'NONE', #3047, #686, #2316 ) ;
#732 = ORIENTED_EDGE ( 'NONE', *, *, #4861, .F. ) ;
#733 = CARTESIAN_POINT ( 'NONE',  ( 17.55000000000000071, 14.19999999999999929, -49.99999999999997868 ) ) ;
#734 = LINE ( 'NONE', #1571, #2960 ) ;
#735 = ORIENTED_EDGE ( 'NONE', *, *, #2414, .T. ) ;
#736 = CIRCLE ( 'NONE', #408, 0.9999999999999985567 ) ;
#737 = VECTOR ( 'NONE', #3293, 1000.000000000000000 ) ;
#738 = DIRECTION ( 'NONE',  ( -1.000000000000000000, 0.000000000000000000, 0.000000000000000000 ) ) ;
#739 = CARTESIAN_POINT ( 'NONE',  ( 53.51992897217816392, 4.000000000000000000, -28.16575235469809968 ) ) ;
#740 = AXIS2_PLACEMENT_3D ( 'NONE', #2743, #3498, #1402 ) ;
#741 = CARTESIAN_POINT ( 'NONE',  ( 11.00000000000000533, 6.000000000000000000, 0.000000000000000000 ) ) ;
#742 = VERTEX_POINT ( 'NONE', #2268 ) ;
#743 = EDGE_CURVE ( 'NONE', #639, #3376, #4779, .T. ) ;
#744 = VECTOR ( 'NONE', #2729, 1000.000000000000000 ) ;
#745 = ORIENTED_EDGE ( 'NONE', *, *, #1837, .T. ) ;
#746 = CARTESIAN_POINT ( 'NONE',  ( 44.86106518029466628, 2.000000000000000888, -77.50000000000000000 ) ) ;
#747 = CARTESIAN_POINT ( 'NONE',  ( 38.53000000000000114, 13.00000000000000000, -31.39999999999999858 ) ) ;
#748 = LINE ( 'NONE', #5248, #2959 ) ;
#749 = LINE ( 'NONE', #699, #1119 ) ;
#750 = EDGE_LOOP ( 'NONE', ( #3990, #3538 ) ) ;
#751 = EDGE_CURVE ( 'NONE', #3621, #4125, #4369, .T. ) ;
#752 = EDGE_CURVE ( 'NONE', #4509, #1584, #168, .T. ) ;
#753 = CARTESIAN_POINT ( 'NONE',  ( 41.54999999999999716, 0.000000000000000000, -67.13384597600372672 ) ) ;
#754 = LINE ( 'NONE', #5196, #4986 ) ;
#755 = ORIENTED_EDGE ( 'NONE', *, *, #355, .F. ) ;
#756 = CARTESIAN_POINT ( 'NONE',  ( 39.43807306151267511, 2.096638695192239332, -69.94958706437149942 ) ) ;
#757 = CARTESIAN_POINT ( 'NONE',  ( 76.09999999999998010, 1.750000000000005995, -5.999999999999991118 ) ) ;
#758 = EDGE_CURVE ( 'NONE', #4302, #3028, #1141, .T. ) ;
#759 = ORIENTED_EDGE ( 'NONE', *, *, #1520, .F. ) ;
#760 = FACE_OUTER_BOUND ( 'NONE', #4902, .T. ) ;
#761 = CARTESIAN_POINT ( 'NONE',  ( 36.45778126594936452, -0.000000000000000000, -0.000000000000000000 ) ) ;
#762 = DIRECTION ( 'NONE',  ( -0.000000000000000000, 1.000000000000000000, -0.000000000000000000 ) ) ;
#763 = VERTEX_POINT ( 'NONE', #3987 ) ;
#764 = ORIENTED_EDGE ( 'NONE', *, *, #3989, .F. ) ;
#765 = EDGE_CURVE ( 'NONE', #5014, #914, #4891, .T. ) ;
#766 = CIRCLE ( 'NONE', #2141, 1.000000000000000888 ) ;
#767 = DIRECTION ( 'NONE',  ( -1.746512434912466574E-16, 0.000000000000000000, -1.000000000000000000 ) ) ;
#768 = CARTESIAN_POINT ( 'NONE',  ( 45.12901437272579130, 3.000000000000000000, -69.49999999999998579 ) ) ;
#769 = FACE_OUTER_BOUND ( 'NONE', #1125, .T. ) ;
#770 = FACE_OUTER_BOUND ( 'NONE', #1354, .T. ) ;
#771 = CARTESIAN_POINT ( 'NONE',  ( 28.11999999999999744, 3.000000000000000000, -39.60000000000000853 ) ) ;
#772 = VECTOR ( 'NONE', #4959, 1000.000000000000000 ) ;
#773 = LINE ( 'NONE', #741, #4695 ) ;
#774 = ORIENTED_EDGE ( 'NONE', *, *, #4607, .F. ) ;
#775 = ORIENTED_EDGE ( 'NONE', *, *, #1703, .T. ) ;
#776 = CARTESIAN_POINT ( 'NONE',  ( 33.42999999999999972, 8.499999999999998224, -40.59999999999999432 ) ) ;
#777 = EDGE_CURVE ( 'NONE', #4333, #3031, #2732, .T. ) ;
#778 = DIRECTION ( 'NONE',  ( 1.000000000000000000, 0.000000000000000000, 0.000000000000000000 ) ) ;
#779 = VERTEX_POINT ( 'NONE', #3729 ) ;
#780 = DIRECTION ( 'NONE',  ( 0.000000000000000000, -1.000000000000000000, -0.000000000000000000 ) ) ;
#781 = ORIENTED_EDGE ( 'NONE', *, *, #1902, .T. ) ;
#782 = VECTOR ( 'NONE', #3793, 1000.000000000000000 ) ;
#783 = DIRECTION ( 'NONE',  ( 0.000000000000000000, 0.000000000000000000, -1.000000000000000000 ) ) ;
#784 = CARTESIAN_POINT ( 'NONE',  ( 64.82999999999999829, 14.19999999999999929, -44.39999999999999147 ) ) ;
#785 = ORIENTED_EDGE ( 'NONE', *, *, #222, .T. ) ;
#786 = DIRECTION ( 'NONE',  ( -0.000000000000000000, -0.000000000000000000, -1.000000000000000000 ) ) ;
#787 = CARTESIAN_POINT ( 'NONE',  ( 61.58000000000000540, 6.000000000000000000, -31.39999999999999858 ) ) ;
#788 = ADVANCED_FACE ( 'NONE', ( #1680 ), #2862, .F. ) ;
#789 = ORIENTED_EDGE ( 'NONE', *, *, #1770, .T. ) ;
#790 = DIRECTION ( 'NONE',  ( 0.000000000000000000, 1.000000000000000000, 0.000000000000000000 ) ) ;
#791 = DIRECTION ( 'NONE',  ( 1.000000000000000000, 0.000000000000000000, 1.015943470557427520E-15 ) ) ;
#792 = LINE ( 'NONE', #2450, #2713 ) ;
#793 = VERTEX_POINT ( 'NONE', #1275 ) ;
#794 = AXIS2_PLACEMENT_3D ( 'NONE', #2427, #4040, #847 ) ;
#795 = EDGE_LOOP ( 'NONE', ( #4447, #1985, #4774, #5156 ) ) ;
#796 = ADVANCED_FACE ( 'NONE', ( #2916 ), #3507, .F. ) ;
#797 = CARTESIAN_POINT ( 'NONE',  ( 54.12999999999999545, 4.000000000000000000, -25.59999999999999076 ) ) ;
#798 = FACE_OUTER_BOUND ( 'NONE', #2632, .T. ) ;
#799 = DIRECTION ( 'NONE',  ( 1.000000000000000000, 0.000000000000000000, -0.000000000000000000 ) ) ;
#800 = CARTESIAN_POINT ( 'NONE',  ( 83.10000000000000853, 6.000000000000000000, -37.50000000000000711 ) ) ;
#801 = ORIENTED_EDGE ( 'NONE', *, *, #3076, .T. ) ;
#802 = DIRECTION ( 'NONE',  ( 0.000000000000000000, 0.000000000000000000, -1.000000000000000000 ) ) ;
#803 = EDGE_LOOP ( 'NONE', ( #1306, #111, #1071, #4555 ) ) ;
#804 = ORIENTED_EDGE ( 'NONE', *, *, #751, .F. ) ;
#805 = CARTESIAN_POINT ( 'NONE',  ( 23.55000000000000071, 14.19999999999999929, -54.50216227728432727 ) ) ;
#806 = CARTESIAN_POINT ( 'NONE',  ( 23.55000000000000071, 14.19999999999999929, -52.42716227728432443 ) ) ;
#807 = ORIENTED_EDGE ( 'NONE', *, *, #3137, .T. ) ;
#808 = EDGE_CURVE ( 'NONE', #3686, #2398, #4120, .T. ) ;
#809 = DIRECTION ( 'NONE',  ( 8.659560562354916834E-17, -0.7071067811865489050, 0.7071067811865462405 ) ) ;
#810 = FACE_OUTER_BOUND ( 'NONE', #2354, .T. ) ;
#811 = EDGE_LOOP ( 'NONE', ( #938, #954, #3891, #1552 ) ) ;
#812 = FACE_OUTER_BOUND ( 'NONE', #2855, .T. ) ;
#813 = ORIENTED_EDGE ( 'NONE', *, *, #3442, .T. ) ;
#814 = DIRECTION ( 'NONE',  ( 0.000000000000000000, -0.000000000000000000, -1.000000000000000000 ) ) ;
#815 = CARTESIAN_POINT ( 'NONE',  ( 83.10000000000000853, 6.000000000000000000, -9.868576364298696126E-16 ) ) ;
#816 = VECTOR ( 'NONE', #4759, 1000.000000000000000 ) ;
#817 = VECTOR ( 'NONE', #1005, 1000.000000000000000 ) ;
#818 = DIRECTION ( 'NONE',  ( 1.000000000000000000, 0.000000000000000000, -0.000000000000000000 ) ) ;
#819 = ORIENTED_EDGE ( 'NONE', *, *, #1179, .F. ) ;
#820 = EDGE_LOOP ( 'NONE', ( #764, #2138 ) ) ;
#821 = VECTOR ( 'NONE', #2509, 1000.000000000000114 ) ;
#822 = CARTESIAN_POINT ( 'NONE',  ( 0.000000000000000000, 1.000000000000000000, -76.50000000000000000 ) ) ;
#823 = ADVANCED_FACE ( 'NONE', ( #453 ), #2401, .F. ) ;
#824 = DIRECTION ( 'NONE',  ( 1.000000000000000000, 1.626303258728255862E-15, 0.000000000000000000 ) ) ;
#825 = CARTESIAN_POINT ( 'NONE',  ( 7.000000000000006217, 0.000000000000000000, -5.999999999999990230 ) ) ;
#826 = ADVANCED_FACE ( 'NONE', ( #769 ), #4533, .F. ) ;
#827 = LINE ( 'NONE', #3701, #1838 ) ;
#828 = DIRECTION ( 'NONE',  ( -0.000000000000000000, -0.000000000000000000, -1.000000000000000000 ) ) ;
#829 = ORIENTED_EDGE ( 'NONE', *, *, #3499, .T. ) ;
#830 = VECTOR ( 'NONE', #3501, 1000.000000000000000 ) ;
#831 = EDGE_LOOP ( 'NONE', ( #4701, #2939, #5088, #853 ) ) ;
#832 = CARTESIAN_POINT ( 'NONE',  ( 38.97098562727419591, 2.999999999999998668, -75.70551110626590230 ) ) ;
#833 = CARTESIAN_POINT ( 'NONE',  ( 59.54999999999999716, 14.19999999999999929, -54.50216227728432727 ) ) ;
#834 = ORIENTED_EDGE ( 'NONE', *, *, #2311, .T. ) ;
#835 = VECTOR ( 'NONE', #1739, 1000.000000000000000 ) ;
#836 = EDGE_LOOP ( 'NONE', ( #4387, #4143, #186, #4946, #2995, #2747 ) ) ;
#837 = LINE ( 'NONE', #1234, #3429 ) ;
#838 = LINE ( 'NONE', #2900, #171 ) ;
#839 = ORIENTED_EDGE ( 'NONE', *, *, #1757, .F. ) ;
#840 = CARTESIAN_POINT ( 'NONE',  ( 39.36938888571951622, 2.147730158451500948, -69.89670248665434826 ) ) ;
#841 = DIRECTION ( 'NONE',  ( 1.000000000000000000, 0.000000000000000000, -0.000000000000000000 ) ) ;
#842 = CARTESIAN_POINT ( 'NONE',  ( 17.55000000000000071, 4.000000000000000000, -77.50000000000000000 ) ) ;
#843 = DIRECTION ( 'NONE',  ( -0.000000000000000000, -1.000000000000000000, -0.000000000000000000 ) ) ;
#844 = VERTEX_POINT ( 'NONE', #5269 ) ;
#845 = EDGE_CURVE ( 'NONE', #1977, #4311, #4969, .T. ) ;
#846 = ORIENTED_EDGE ( 'NONE', *, *, #1612, .T. ) ;
#847 = DIRECTION ( 'NONE',  ( 0.000000000000000000, 0.000000000000000000, -1.000000000000000000 ) ) ;
#848 = CARTESIAN_POINT ( 'NONE',  ( 64.60941176470586811, 8.499999999999998224, -39.39999999999999858 ) ) ;
#849 = CARTESIAN_POINT ( 'NONE',  ( 17.55000000000000071, 1.000000000000000000, -77.50000000000000000 ) ) ;
#850 = CARTESIAN_POINT ( 'NONE',  ( 35.93000000000000682, 9.640000000000000568, -25.59999999999999076 ) ) ;
#851 = DIRECTION ( 'NONE',  ( 0.000000000000000000, 0.000000000000000000, -1.000000000000000000 ) ) ;
#852 = AXIS2_PLACEMENT_3D ( 'NONE', #4293, #3915, #619 ) ;
#853 = ORIENTED_EDGE ( 'NONE', *, *, #5020, .T. ) ;
#854 = AXIS2_PLACEMENT_3D ( 'NONE', #3608, #4472, #791 ) ;
#855 = VERTEX_POINT ( 'NONE', #5321 ) ;
#856 = CARTESIAN_POINT ( 'NONE',  ( 45.06500777346928999, 2.989836946935855888, -77.24284803047223136 ) ) ;
#857 = VECTOR ( 'NONE', #941, 1000.000000000000000 ) ;
#858 = PLANE ( 'NONE',  #1176 ) ;
#859 = EDGE_CURVE ( 'NONE', #4333, #2232, #2429, .T. ) ;
#860 = ORIENTED_EDGE ( 'NONE', *, *, #75, .T. ) ;
#861 = LINE ( 'NONE', #915, #4475 ) ;
#862 = FACE_OUTER_BOUND ( 'NONE', #921, .T. ) ;
#863 = VERTEX_POINT ( 'NONE', #4939 ) ;
#864 = EDGE_CURVE ( 'NONE', #385, #4408, #1249, .T. ) ;
#865 = CARTESIAN_POINT ( 'NONE',  ( 38.97098562727419591, 3.000000000000589306, -69.52396775967520171 ) ) ;
#866 = CARTESIAN_POINT ( 'NONE',  ( 76.09999999999998010, 1.750000000000018430, -25.50000000000000000 ) ) ;
#867 = TOROIDAL_SURFACE ( 'NONE', #2666, 4.500000000000000888, 1.000000000000000000 ) ;
#868 = VECTOR ( 'NONE', #3142, 1000.000000000000000 ) ;
#869 = ORIENTED_EDGE ( 'NONE', *, *, #4337, .F. ) ;
#870 = CARTESIAN_POINT ( 'NONE',  ( 37.97047451260080919, 3.944761359886014951, -76.03889563252387518 ) ) ;
#871 = CARTESIAN_POINT ( 'NONE',  ( 38.23893481970533514, 1.999999999999975797, -76.50000000000000000 ) ) ;
#872 = EDGE_LOOP ( 'NONE', ( #4413, #1800, #4515, #3775 ) ) ;
#873 = CIRCLE ( 'NONE', #3437, 3.500000000000003109 ) ;
#874 = ORIENTED_EDGE ( 'NONE', *, *, #3255, .F. ) ;
#875 = LINE ( 'NONE', #71, #5006 ) ;
#876 = EDGE_CURVE ( 'NONE', #793, #610, #3699, .T. ) ;
#877 = CARTESIAN_POINT ( 'NONE',  ( 49.39999999999999858, 4.000000000000000000, -1.599704092027028824E-16 ) ) ;
#878 = CARTESIAN_POINT ( 'NONE',  ( 45.12901437277734829, 4.000000000000000000, -75.76776484406798318 ) ) ;
#879 = VECTOR ( 'NONE', #4412, 1000.000000000000000 ) ;
#880 = ORIENTED_EDGE ( 'NONE', *, *, #1461, .F. ) ;
#881 = DIRECTION ( 'NONE',  ( -1.000000000000000000, 0.000000000000000000, -0.000000000000000000 ) ) ;
#882 = CIRCLE ( 'NONE', #2076, 2.075000000000000622 ) ;
#883 = DIRECTION ( 'NONE',  ( -0.000000000000000000, -1.000000000000000000, -0.000000000000000000 ) ) ;
#884 = ORIENTED_EDGE ( 'NONE', *, *, #4221, .F. ) ;
#885 = VERTEX_POINT ( 'NONE', #739 ) ;
#886 = DIRECTION ( 'NONE',  ( -0.000000000000000000, 1.000000000000000000, -0.000000000000000000 ) ) ;
#887 = EDGE_CURVE ( 'NONE', #4624, #2184, #45, .T. ) ;
#888 = CARTESIAN_POINT ( 'NONE',  ( 23.55000000000000071, 14.19999999999999929, -52.42716227728432443 ) ) ;
#889 = ORIENTED_EDGE ( 'NONE', *, *, #5, .T. ) ;
#890 = EDGE_CURVE ( 'NONE', #5279, #3621, #4014, .T. ) ;
#891 = DIRECTION ( 'NONE',  ( 1.000000000000000000, 0.000000000000000000, 0.000000000000000000 ) ) ;
#892 = EDGE_CURVE ( 'NONE', #2443, #3782, #431, .T. ) ;
#893 = CARTESIAN_POINT ( 'NONE',  ( 35.31999999999999318, 8.499999999999998224, -44.39999999999999147 ) ) ;
#894 = EDGE_LOOP ( 'NONE', ( #107, #2095, #1775, #4654, #1434, #430, #785, #4658, #2895, #1502 ) ) ;
#895 = DIRECTION ( 'NONE',  ( 0.000000000000000000, 0.000000000000000000, 1.000000000000000000 ) ) ;
#896 = DIRECTION ( 'NONE',  ( 0.000000000000000000, 0.000000000000000000, 1.000000000000000000 ) ) ;
#897 = VERTEX_POINT ( 'NONE', #2811 ) ;
#898 = CARTESIAN_POINT ( 'NONE',  ( 37.97548105334412583, 3.721167277668066209, -76.52745623569370537 ) ) ;
#899 = DIRECTION ( 'NONE',  ( 0.000000000000000000, 0.000000000000000000, -1.000000000000000000 ) ) ;
#900 = ORIENTED_EDGE ( 'NONE', *, *, #2044, .T. ) ;
#901 = CARTESIAN_POINT ( 'NONE',  ( 54.12999999999999545, 11.93999999999999950, -25.59999999999999076 ) ) ;
#902 = VECTOR ( 'NONE', #2673, 1000.000000000000000 ) ;
#903 = LINE ( 'NONE', #4638, #404 ) ;
#904 = CARTESIAN_POINT ( 'NONE',  ( 44.07306029288455562, 2.648625659435175361, -77.43855924226919285 ) ) ;
#905 = VERTEX_POINT ( 'NONE', #4449 ) ;
#906 = DIRECTION ( 'NONE',  ( 1.000000000000000000, 0.000000000000000000, -0.000000000000000000 ) ) ;
#907 = DIRECTION ( 'NONE',  ( -1.000000000000000000, 0.000000000000000000, 0.000000000000000000 ) ) ;
#908 = CIRCLE ( 'NONE', #3899, 1.650000000000002132 ) ;
#909 = EDGE_LOOP ( 'NONE', ( #5018, #3015, #5250, #5153 ) ) ;
#910 = LINE ( 'NONE', #5026, #1551 ) ;
#911 = CARTESIAN_POINT ( 'NONE',  ( 30.23000000000001108, 8.499999999999998224, 0.001000000000007938983 ) ) ;
#912 = EDGE_CURVE ( 'NONE', #4642, #1499, #3645, .T. ) ;
#913 = CIRCLE ( 'NONE', #3746, 1.600000000000000755 ) ;
#914 = VERTEX_POINT ( 'NONE', #1199 ) ;
#915 = CARTESIAN_POINT ( 'NONE',  ( 21.51999999999999602, 3.000000000000000000, -40.59999999999999432 ) ) ;
#916 = VECTOR ( 'NONE', #4684, 1000.000000000000000 ) ;
#917 = PLANE ( 'NONE',  #599 ) ;
#918 = ORIENTED_EDGE ( 'NONE', *, *, #4978, .F. ) ;
#919 = CARTESIAN_POINT ( 'NONE',  ( 39.02361759520905338, 2.676559957974313342, -76.43979409184176177 ) ) ;
#920 = CARTESIAN_POINT ( 'NONE',  ( 7.000000000000000000, 4.000000000000000000, -23.85000000000000142 ) ) ;
#921 = EDGE_LOOP ( 'NONE', ( #1339, #2551, #5077, #3583 ) ) ;
#922 = VECTOR ( 'NONE', #668, 1000.000000000000000 ) ;
#923 = CARTESIAN_POINT ( 'NONE',  ( 37.98230572546766837, 3.568131481867565125, -76.74861794379106072 ) ) ;
#924 = CARTESIAN_POINT ( 'NONE',  ( 33.39999999999999858, 5.000000000000000000, -0.6000000000000005329 ) ) ;
#925 = ORIENTED_EDGE ( 'NONE', *, *, #4370, .T. ) ;
#926 = ADVANCED_FACE ( 'NONE', ( #400 ), #3806, .F. ) ;
#927 = DIRECTION ( 'NONE',  ( -1.000000000000000000, 0.000000000000000000, 0.000000000000000000 ) ) ;
#928 = DIRECTION ( 'NONE',  ( 0.000000000000000000, 0.000000000000000000, 1.000000000000000000 ) ) ;
#929 = CARTESIAN_POINT ( 'NONE',  ( 44.01201139664011919, 2.529395708346409588, -76.50000000666500455 ) ) ;
#930 = LINE ( 'NONE', #2163, #406 ) ;
#931 = ORIENTED_EDGE ( 'NONE', *, *, #495, .T. ) ;
#932 = ADVANCED_FACE ( 'NONE', ( #2614 ), #2967, .T. ) ;
#933 = ORIENTED_EDGE ( 'NONE', *, *, #5309, .F. ) ;
#934 = DIRECTION ( 'NONE',  ( -0.000000000000000000, -1.000000000000000000, -0.000000000000000000 ) ) ;
#935 = CARTESIAN_POINT ( 'NONE',  ( 28.81999999999999673, 4.000000000000000000, -31.39999999999999858 ) ) ;
#936 = VECTOR ( 'NONE', #372, 1000.000000000000000 ) ;
#937 = VECTOR ( 'NONE', #1717, 1000.000000000000000 ) ;
#938 = ORIENTED_EDGE ( 'NONE', *, *, #1216, .T. ) ;
#939 = ADVANCED_FACE ( 'NONE', ( #4147 ), #2617, .T. ) ;
#940 = DIRECTION ( 'NONE',  ( 1.104919411450195664E-16, 0.000000000000000000, 1.000000000000000000 ) ) ;
#941 = DIRECTION ( 'NONE',  ( -0.000000000000000000, -1.000000000000000000, -0.000000000000000000 ) ) ;
#942 = EDGE_LOOP ( 'NONE', ( #1564, #3397, #2842 ) ) ;
#943 = DIRECTION ( 'NONE',  ( 0.000000000000000000, 0.000000000000000000, -1.000000000000000000 ) ) ;
#944 = CARTESIAN_POINT ( 'NONE',  ( 36.52999999999999403, 8.499999999999998224, -44.39999999999999147 ) ) ;
#945 = ORIENTED_EDGE ( 'NONE', *, *, #3285, .F. ) ;
#946 = CARTESIAN_POINT ( 'NONE',  ( 38.97098562727419591, 4.000000000000000000, -75.50000000000002842 ) ) ;
#947 = EDGE_CURVE ( 'NONE', #3048, #120, #1433, .T. ) ;
#948 = DIRECTION ( 'NONE',  ( 0.000000000000000000, -1.000000000000000000, 0.000000000000000000 ) ) ;
#949 = ORIENTED_EDGE ( 'NONE', *, *, #4694, .F. ) ;
#950 = DIRECTION ( 'NONE',  ( 0.000000000000000000, -0.7071067811865463515, -0.7071067811865487940 ) ) ;
#951 = CARTESIAN_POINT ( 'NONE',  ( 44.12901436059640758, 2.892950576643706029, -69.52396777298288555 ) ) ;
#952 = CIRCLE ( 'NONE', #2582, 2.075000000000000622 ) ;
#953 = CARTESIAN_POINT ( 'NONE',  ( 41.54999999999999716, 0.000000000000000000, -71.63384597600371251 ) ) ;
#954 = ORIENTED_EDGE ( 'NONE', *, *, #5240, .T. ) ;
#955 = ADVANCED_FACE ( 'NONE', ( #1027 ), #4332, .F. ) ;
#956 = VERTEX_POINT ( 'NONE', #3901 ) ;
#957 = AXIS2_PLACEMENT_3D ( 'NONE', #282, #3152, #1535 ) ;
#958 = EDGE_LOOP ( 'NONE', ( #1869, #2021, #2908, #1183, #5203, #4849, #1319 ) ) ;
#959 = DIRECTION ( 'NONE',  ( 0.000000000000000000, 0.000000000000000000, 1.000000000000000000 ) ) ;
#960 = DIRECTION ( 'NONE',  ( -0.000000000000000000, -1.000000000000000000, -0.000000000000000000 ) ) ;
#961 = EDGE_LOOP ( 'NONE', ( #5274, #1625 ) ) ;
#962 = DIRECTION ( 'NONE',  ( 8.659560562354915602E-17, -0.7071067811865489050, 0.7071067811865462405 ) ) ;
#963 = FACE_OUTER_BOUND ( 'NONE', #4666, .T. ) ;
#964 = EDGE_LOOP ( 'NONE', ( #2690, #1135, #3888, #3757, #2282, #3941 ) ) ;
#965 = LINE ( 'NONE', #522, #344 ) ;
#966 = VECTOR ( 'NONE', #62, 1000.000000000000000 ) ;
#967 = ADVANCED_FACE ( 'NONE', ( #231 ), #3529, .F. ) ;
#968 = VERTEX_POINT ( 'NONE', #2422 ) ;
#969 = PLANE ( 'NONE',  #1536 ) ;
#970 = VERTEX_POINT ( 'NONE', #1622 ) ;
#971 = EDGE_CURVE ( 'NONE', #3938, #3204, #4880, .T. ) ;
#972 = CARTESIAN_POINT ( 'NONE',  ( 19.54999999999999716, 4.000000000000000000, -67.50000000000000000 ) ) ;
#973 = DIRECTION ( 'NONE',  ( -1.000000000000000000, 0.000000000000000000, 0.000000000000000000 ) ) ;
#974 = CARTESIAN_POINT ( 'NONE',  ( 44.19192726204931887, 3.052520540483157685, -77.21898821308286642 ) ) ;
#975 = LINE ( 'NONE', #4563, #5041 ) ;
#976 = VERTEX_POINT ( 'NONE', #3638 ) ;
#977 = EDGE_CURVE ( 'NONE', #3421, #1591, #1192, .T. ) ;
#978 = EDGE_CURVE ( 'NONE', #3046, #4290, #4631, .T. ) ;
#979 = VERTEX_POINT ( 'NONE', #2833 ) ;
#980 = DIRECTION ( 'NONE',  ( -1.454276447297294337E-17, 0.000000000000000000, -1.000000000000000000 ) ) ;
#981 = CIRCLE ( 'NONE', #4244, 1.650000000000000355 ) ;
#982 = VECTOR ( 'NONE', #1056, 1000.000000000000000 ) ;
#983 = DIRECTION ( 'NONE',  ( -0.000000000000000000, 1.000000000000000000, -0.000000000000000000 ) ) ;
#984 = ORIENTED_EDGE ( 'NONE', *, *, #3613, .T. ) ;
#985 = CARTESIAN_POINT ( 'NONE',  ( 11.00000000000000000, 6.000000000000000000, -37.50000000000000000 ) ) ;
#986 = PLANE ( 'NONE',  #2387 ) ;
#987 = VERTEX_POINT ( 'NONE', #4932 ) ;
#988 = DIRECTION ( 'NONE',  ( 1.000000000000000000, 0.000000000000000000, -1.746512434912466574E-16 ) ) ;
#989 = LINE ( 'NONE', #4760, #1871 ) ;
#990 = VECTOR ( 'NONE', #2727, 1000.000000000000000 ) ;
#991 = EDGE_CURVE ( 'NONE', #2981, #2561, #1539, .T. ) ;
#992 = VERTEX_POINT ( 'NONE', #815 ) ;
#993 = VECTOR ( 'NONE', #3345, 1000.000000000000000 ) ;
#994 = UNCERTAINTY_MEASURE_WITH_UNIT (LENGTH_MEASURE( 1.000000000000000082E-05 ), #3444, 'distance_accuracy_value', 'NONE');
#995 = CARTESIAN_POINT ( 'NONE',  ( 65.54999999999999716, 4.000000000000000000, -37.50000000000000000 ) ) ;
#996 = DIRECTION ( 'NONE',  ( 0.000000000000000000, -0.000000000000000000, 1.000000000000000000 ) ) ;
#997 = VERTEX_POINT ( 'NONE', #14 ) ;
#998 = LINE ( 'NONE', #280, #318 ) ;
#999 = AXIS2_PLACEMENT_3D ( 'NONE', #132, #2191, #5055 ) ;
#1000 = CARTESIAN_POINT ( 'NONE',  ( 27.54999999999999716, 0.000000000000000000, -67.50000000000000000 ) ) ;
#1001 = LINE ( 'NONE', #684, #1939 ) ;
#1002 = CARTESIAN_POINT ( 'NONE',  ( 42.99463028402222875, 1.917239738274967742, -70.33301742894947495 ) ) ;
#1003 = EDGE_LOOP ( 'NONE', ( #1993, #3868, #2036, #3975 ) ) ;
#1004 = ADVANCED_FACE ( 'NONE', ( #1240 ), #4444, .F. ) ;
#1005 = DIRECTION ( 'NONE',  ( 0.000000000000000000, 0.000000000000000000, -1.000000000000000000 ) ) ;
#1006 = ORIENTED_EDGE ( 'NONE', *, *, #3050, .F. ) ;
#1007 = FACE_OUTER_BOUND ( 'NONE', #2143, .T. ) ;
#1008 = DIRECTION ( 'NONE',  ( -0.000000000000000000, -0.000000000000000000, 1.000000000000000000 ) ) ;
#1009 = EDGE_CURVE ( 'NONE', #4596, #763, #447, .T. ) ;
#1010 = ORIENTED_EDGE ( 'NONE', *, *, #2318, .F. ) ;
#1011 = DIRECTION ( 'NONE',  ( -0.000000000000000000, -0.000000000000000000, -1.000000000000000000 ) ) ;
#1012 = PLANE ( 'NONE',  #3510 ) ;
#1013 = ORIENTED_EDGE ( 'NONE', *, *, #4092, .F. ) ;
#1014 = EDGE_CURVE ( 'NONE', #2816, #3236, #3931, .T. ) ;
#1015 = CARTESIAN_POINT ( 'NONE',  ( 76.09999999999998010, 1.750000000000018430, -25.50000000000000000 ) ) ;
#1016 = CIRCLE ( 'NONE', #1710, 2.075000000000000622 ) ;
#1017 = ORIENTED_EDGE ( 'NONE', *, *, #5154, .T. ) ;
#1018 = VECTOR ( 'NONE', #3845, 1000.000000000000000 ) ;
#1019 = DIRECTION ( 'NONE',  ( 1.000000000000000000, 0.000000000000000000, 8.747477136767096522E-18 ) ) ;
#1020 = AXIS2_PLACEMENT_3D ( 'NONE', #2607, #196, #1073 ) ;
#1021 = DIRECTION ( 'NONE',  ( 0.000000000000000000, -0.000000000000000000, 1.000000000000000000 ) ) ;
#1022 = ORIENTED_EDGE ( 'NONE', *, *, #4221, .T. ) ;
#1023 = CARTESIAN_POINT ( 'NONE',  ( 23.61999999999999744, 6.000000000000000000, -1.599704092027028824E-16 ) ) ;
#1024 = DIRECTION ( 'NONE',  ( -0.000000000000000000, 1.000000000000000000, -0.000000000000000000 ) ) ;
#1025 = PRODUCT_CONTEXT ( 'NONE', #1398, 'mechanical' ) ;
#1026 = CARTESIAN_POINT ( 'NONE',  ( 35.32000000000000028, 14.19999999999999929, -39.59999999999999432 ) ) ;
#1027 = FACE_OUTER_BOUND ( 'NONE', #570, .T. ) ;
#1028 = ORIENTED_EDGE ( 'NONE', *, *, #1442, .F. ) ;
#1029 = CARTESIAN_POINT ( 'NONE',  ( 37.97098562727419591, 4.000000000000000000, -69.86160258534813750 ) ) ;
#1030 = ORIENTED_EDGE ( 'NONE', *, *, #3390, .T. ) ;
#1031 = EDGE_CURVE ( 'NONE', #5076, #2203, #141, .T. ) ;
#1032 = CIRCLE ( 'NONE', #2319, 1.000000000000000888 ) ;
#1033 = DIRECTION ( 'NONE',  ( 0.000000000000000000, -0.000000000000000000, -1.000000000000000000 ) ) ;
#1034 = DIRECTION ( 'NONE',  ( 0.000000000000000000, -0.000000000000000000, 1.000000000000000000 ) ) ;
#1035 = LINE ( 'NONE', #1440, #4179 ) ;
#1036 = VECTOR ( 'NONE', #2979, 1000.000000000000114 ) ;
#1037 = EDGE_CURVE ( 'NONE', #1396, #4144, #3520, .T. ) ;
#1038 = ORIENTED_EDGE ( 'NONE', *, *, #2499, .F. ) ;
#1039 = LINE ( 'NONE', #3380, #1036 ) ;
#1040 = VECTOR ( 'NONE', #1403, 1000.000000000000000 ) ;
#1041 = LINE ( 'NONE', #2224, #2053 ) ;
#1042 = VERTEX_POINT ( 'NONE', #5109 ) ;
#1043 = DIRECTION ( 'NONE',  ( -0.000000000000000000, -1.000000000000000000, -0.000000000000000000 ) ) ;
#1044 = ORIENTED_EDGE ( 'NONE', *, *, #2098, .F. ) ;
#1045 = EDGE_CURVE ( 'NONE', #3325, #2110, #1473, .T. ) ;
#1046 = EDGE_CURVE ( 'NONE', #120, #1549, #989, .T. ) ;
#1047 = DIRECTION ( 'NONE',  ( 1.000000000000000000, -3.469446951953611033E-15, 0.000000000000000000 ) ) ;
#1048 = CARTESIAN_POINT ( 'NONE',  ( 61.58000000000000540, 6.000000000000000000, -31.39999999999999858 ) ) ;
#1049 = ORIENTED_EDGE ( 'NONE', *, *, #3049, .T. ) ;
#1050 = CYLINDRICAL_SURFACE ( 'NONE', #740, 1.000000000000000888 ) ;
#1051 = LINE ( 'NONE', #3071, #3191 ) ;
#1052 = LINE ( 'NONE', #3072, #110 ) ;
#1053 = LINE ( 'NONE', #4331, #1767 ) ;
#1054 = CARTESIAN_POINT ( 'NONE',  ( 43.39727080745250731, 2.028282277797536004, -71.11510006209827850 ) ) ;
#1055 = ORIENTED_EDGE ( 'NONE', *, *, #1218, .T. ) ;
#1056 = DIRECTION ( 'NONE',  ( -0.000000000000000000, -3.212450881438534706E-16, -1.000000000000000000 ) ) ;
#1057 = ORIENTED_EDGE ( 'NONE', *, *, #4537, .F. ) ;
#1058 = ORIENTED_EDGE ( 'NONE', *, *, #397, .F. ) ;
#1059 = CARTESIAN_POINT ( 'NONE',  ( 0.000000000000000000, 0.000000000000000000, 0.000000000000000000 ) ) ;
#1060 = CARTESIAN_POINT ( 'NONE',  ( 34.13000000000000256, 14.19999999999999929, -31.39999999999999858 ) ) ;
#1061 = LINE ( 'NONE', #5272, #922 ) ;
#1062 = VERTEX_POINT ( 'NONE', #3091 ) ;
#1063 = AXIS2_PLACEMENT_3D ( 'NONE', #2276, #3167, #3917 ) ;
#1064 = VECTOR ( 'NONE', #3981, 1000.000000000000000 ) ;
#1065 = CARTESIAN_POINT ( 'NONE',  ( 60.87999999999999545, 6.000000000000000000, -31.39999999999999858 ) ) ;
#1066 = EDGE_CURVE ( 'NONE', #2804, #2189, #3064, .T. ) ;
#1067 = CARTESIAN_POINT ( 'NONE',  ( 17.55000000000000071, 4.000000000000000000, -37.50000000000000000 ) ) ;
#1068 = ORIENTED_EDGE ( 'NONE', *, *, #4470, .T. ) ;
#1069 = LINE ( 'NONE', #4705, #4508 ) ;
#1070 = DIRECTION ( 'NONE',  ( -1.746512434912466574E-16, 0.000000000000000000, -1.000000000000000000 ) ) ;
#1071 = ORIENTED_EDGE ( 'NONE', *, *, #2167, .F. ) ;
#1072 = FACE_OUTER_BOUND ( 'NONE', #2434, .T. ) ;
#1073 = DIRECTION ( 'NONE',  ( 1.000000000000000000, 0.000000000000000000, -0.000000000000000000 ) ) ;
#1074 = VERTEX_POINT ( 'NONE', #1777 ) ;
#1075 = DIRECTION ( 'NONE',  ( -0.000000000000000000, -0.000000000000000000, 1.000000000000000000 ) ) ;
#1076 = DIRECTION ( 'NONE',  ( -0.000000000000000000, -1.000000000000000000, -0.000000000000000000 ) ) ;
#1077 = ADVANCED_FACE ( 'NONE', ( #622 ), #2712, .F. ) ;
#1078 = VECTOR ( 'NONE', #950, 1000.000000000000000 ) ;
#1079 = AXIS2_PLACEMENT_3D ( 'NONE', #1140, #3644, #4095 ) ;
#1080 = APPLICATION_PROTOCOL_DEFINITION ( 'draft international standard', 'automotive_design', 1998, #2874 ) ;
#1081 = CARTESIAN_POINT ( 'NONE',  ( 62.98000000000001108, 6.000000000000000000, -1.599704092027028824E-16 ) ) ;
#1082 = CARTESIAN_POINT ( 'NONE',  ( 42.77812228989782994, 0.9999999999999988898, -70.41130164176887263 ) ) ;
#1083 = EDGE_LOOP ( 'NONE', ( #3349, #5079, #3518, #5049, #2115, #2239, #1950, #1194, #4727, #4373 ) ) ;
#1084 = CARTESIAN_POINT ( 'NONE',  ( 19.54999999999999716, 2.000000000000000000, -67.50000000000000000 ) ) ;
#1085 = ORIENTED_EDGE ( 'NONE', *, *, #991, .F. ) ;
#1086 = AXIS2_PLACEMENT_3D ( 'NONE', #2486, #402, #4071 ) ;
#1087 = EDGE_CURVE ( 'NONE', #992, #4675, #4653, .T. ) ;
#1088 = FACE_BOUND ( 'NONE', #3530, .T. ) ;
#1089 = CARTESIAN_POINT ( 'NONE',  ( 35.93000000000000682, 11.94000000000000128, -20.19999999999999574 ) ) ;
#1090 = ADVANCED_FACE ( 'NONE', ( #219 ), #4243, .F. ) ;
#1091 = DIRECTION ( 'NONE',  ( -0.000000000000000000, -1.000000000000000000, -0.000000000000000000 ) ) ;
#1092 = ORIENTED_EDGE ( 'NONE', *, *, #524, .F. ) ;
#1093 = CARTESIAN_POINT ( 'NONE',  ( 46.13000000000000256, 11.94999999999999929, -34.89999999999999858 ) ) ;
#1094 = ORIENTED_EDGE ( 'NONE', *, *, #5240, .F. ) ;
#1095 = CARTESIAN_POINT ( 'NONE',  ( 44.12901437272578420, 3.000000000000000888, -75.70538073595892570 ) ) ;
#1096 = CARTESIAN_POINT ( 'NONE',  ( 7.000000000000000000, 6.000000000000000000, -25.50000000000000000 ) ) ;
#1097 = EDGE_LOOP ( 'NONE', ( #1635, #2530 ) ) ;
#1098 = EDGE_CURVE ( 'NONE', #3421, #844, #1613, .T. ) ;
#1099 = LINE ( 'NONE', #4001, #4646 ) ;
#1100 = CARTESIAN_POINT ( 'NONE',  ( 0.000000000000000000, 14.19999999999999929, 0.000000000000000000 ) ) ;
#1101 = EDGE_LOOP ( 'NONE', ( #2579, #1346, #3237, #3844 ) ) ;
#1102 = CARTESIAN_POINT ( 'NONE',  ( 17.55000000000000071, 2.000000000000000000, -67.50000000000000000 ) ) ;
#1103 = DIRECTION ( 'NONE',  ( -1.000000000000000000, 0.000000000000000000, 0.000000000000000000 ) ) ;
#1104 = VECTOR ( 'NONE', #1497, 1000.000000000000000 ) ;
#1105 = CARTESIAN_POINT ( 'NONE',  ( 83.10000000000000853, 4.000000000000000000, -37.50000000000000711 ) ) ;
#1106 = VECTOR ( 'NONE', #2875, 1000.000000000000000 ) ;
#1107 = ORIENTED_EDGE ( 'NONE', *, *, #2265, .F. ) ;
#1108 = EDGE_CURVE ( 'NONE', #2327, #1074, #2736, .T. ) ;
#1109 = CARTESIAN_POINT ( 'NONE',  ( 28.11999999999999744, 3.000000000000000000, -18.39999999999999858 ) ) ;
#1110 = CARTESIAN_POINT ( 'NONE',  ( 43.71546154213503854, 1.399087673960539568, -69.88534998211393656 ) ) ;
#1111 = DIRECTION ( 'NONE',  ( 1.015943470557427520E-15, -0.000000000000000000, -1.000000000000000000 ) ) ;
#1112 = ORIENTED_EDGE ( 'NONE', *, *, #2114, .T. ) ;
#1113 = CARTESIAN_POINT ( 'NONE',  ( 61.58000000000001251, 6.000000000000000000, -1.599704092027028824E-16 ) ) ;
#1114 = DIRECTION ( 'NONE',  ( -0.000000000000000000, -1.000000000000000000, -0.000000000000000000 ) ) ;
#1115 = EDGE_CURVE ( 'NONE', #3028, #2495, #1182, .T. ) ;
#1116 = LINE ( 'NONE', #2704, #5130 ) ;
#1117 = ORIENTED_EDGE ( 'NONE', *, *, #4166, .F. ) ;
#1118 = AXIS2_PLACEMENT_3D ( 'NONE', #4009, #3607, #5262 ) ;
#1119 = VECTOR ( 'NONE', #1151, 1000.000000000000000 ) ;
#1120 = EDGE_LOOP ( 'NONE', ( #1387, #2956, #5036, #2262 ) ) ;
#1121 = CONICAL_SURFACE ( 'NONE', #1555, 3.400000000000014122, 0.7853981633974500554 ) ;
#1122 = CARTESIAN_POINT ( 'NONE',  ( 65.54999999999999716, 0.000000000000000000, -67.50000000000000000 ) ) ;
#1123 = CARTESIAN_POINT ( 'NONE',  ( 35.31999999999999318, 8.499999999999998224, -44.39999999999999147 ) ) ;
#1124 = CARTESIAN_POINT ( 'NONE',  ( 17.55000000000000071, 4.000000000000000000, -37.50000000000000000 ) ) ;
#1125 = EDGE_LOOP ( 'NONE', ( #4594, #3375, #1844, #3905, #3736, #1013, #4267, #3006 ) ) ;
#1126 =( GEOMETRIC_REPRESENTATION_CONTEXT ( 3 ) GLOBAL_UNCERTAINTY_ASSIGNED_CONTEXT ( ( #3145 ) ) GLOBAL_UNIT_ASSIGNED_CONTEXT ( ( #3099, #2365, #656 ) ) REPRESENTATION_CONTEXT ( 'NONE', 'WORKASPACE' ) );
#1127 = CIRCLE ( 'NONE', #3960, 0.9999999999999987788 ) ;
#1128 = LINE ( 'NONE', #1589, #3011 ) ;
#1129 = FACE_OUTER_BOUND ( 'NONE', #2766, .T. ) ;
#1130 = ORIENTED_EDGE ( 'NONE', *, *, #1152, .F. ) ;
#1131 = CARTESIAN_POINT ( 'NONE',  ( 39.54573214004822290, 1.262305540367409273, -70.00490209161881694 ) ) ;
#1132 = ADVANCED_FACE ( 'NONE', ( #3168, #723, #4841, #2381, #1929, #5249, #4432 ), #3222, .T. ) ;
#1133 = LINE ( 'NONE', #1855, #4651 ) ;
#1134 = CARTESIAN_POINT ( 'NONE',  ( 25.09999999999999787, 14.19999999999999929, -42.49999999999998579 ) ) ;
#1135 = ORIENTED_EDGE ( 'NONE', *, *, #2375, .F. ) ;
#1136 = CARTESIAN_POINT ( 'NONE',  ( 72.10000000000000853, 6.000000000000000000, -37.50000000000000711 ) ) ;
#1137 = CARTESIAN_POINT ( 'NONE',  ( 76.09999999999998010, 0.000000000000000000, -2.599999999999977440 ) ) ;
#1138 = VERTEX_POINT ( 'NONE', #4870 ) ;
#1139 = EDGE_CURVE ( 'NONE', #4923, #4889, #326, .T. ) ;
#1140 = CARTESIAN_POINT ( 'NONE',  ( 41.54999999999999716, 0.000000000000000000, -67.13384597600372672 ) ) ;
#1141 = LINE ( 'NONE', #716, #1533 ) ;
#1142 = CARTESIAN_POINT ( 'NONE',  ( 23.55000000000000071, 4.000000000000000000, -54.50216227728432727 ) ) ;
#1143 = ORIENTED_EDGE ( 'NONE', *, *, #2562, .F. ) ;
#1144 = EDGE_CURVE ( 'NONE', #4947, #4104, #2753, .T. ) ;
#1145 = EDGE_CURVE ( 'NONE', #688, #2687, #1984, .T. ) ;
#1146 = ORIENTED_EDGE ( 'NONE', *, *, #5093, .T. ) ;
#1147 = FACE_BOUND ( 'NONE', #697, .T. ) ;
#1148 = DIRECTION ( 'NONE',  ( 1.000000000000000000, -0.000000000000000000, -0.000000000000000000 ) ) ;
#1149 = VERTEX_POINT ( 'NONE', #3595 ) ;
#1150 = CARTESIAN_POINT ( 'NONE',  ( 21.51999999999999602, 6.000000000000000000, -31.39999999999999858 ) ) ;
#1151 = DIRECTION ( 'NONE',  ( -1.000000000000000000, -0.000000000000000000, -0.000000000000000000 ) ) ;
#1152 = EDGE_CURVE ( 'NONE', #469, #3686, #1904, .T. ) ;
#1153 = ORIENTED_EDGE ( 'NONE', *, *, #1663, .T. ) ;
#1154 = AXIS2_PLACEMENT_3D ( 'NONE', #312, #4389, #3582 ) ;
#1155 = DIRECTION ( 'NONE',  ( -1.000000000000000000, 0.000000000000000000, 6.789524367815298172E-16 ) ) ;
#1156 = CARTESIAN_POINT ( 'NONE',  ( 46.13000000000000256, 2.949999999999999289, -36.97500000000000142 ) ) ;
#1157 = VERTEX_POINT ( 'NONE', #3197 ) ;
#1158 = EDGE_CURVE ( 'NONE', #5308, #4919, #3543, .T. ) ;
#1159 = AXIS2_PLACEMENT_3D ( 'NONE', #3536, #637, #5184 ) ;
#1160 = CARTESIAN_POINT ( 'NONE',  ( 39.58217099430006414, 2.012921259942013208, -70.05120285195422980 ) ) ;
#1161 = DIRECTION ( 'NONE',  ( 0.000000000000000000, -1.000000000000000000, 0.000000000000000000 ) ) ;
#1162 = CIRCLE ( 'NONE', #220, 0.9999999999999985567 ) ;
#1163 = ORIENTED_EDGE ( 'NONE', *, *, #4728, .F. ) ;
#1164 = CARTESIAN_POINT ( 'NONE',  ( 0.000000000000000000, 11.93999999999999950, 0.000000000000000000 ) ) ;
#1165 = CARTESIAN_POINT ( 'NONE',  ( 57.02999999999999403, 4.000000000000000000, -17.89999999999999858 ) ) ;
#1166 = ORIENTED_EDGE ( 'NONE', *, *, #2508, .F. ) ;
#1167 = AXIS2_PLACEMENT_3D ( 'NONE', #768, #2400, #4042 ) ;
#1168 = EDGE_CURVE ( 'NONE', #85, #3278, #2303, .T. ) ;
#1169 = VECTOR ( 'NONE', #928, 1000.000000000000000 ) ;
#1170 = CARTESIAN_POINT ( 'NONE',  ( 24.83000000000000540, 5.599999999999998757, -42.49999999999998579 ) ) ;
#1171 = DIRECTION ( 'NONE',  ( -0.000000000000000000, -1.000000000000000000, -0.000000000000000000 ) ) ;
#1172 = VECTOR ( 'NONE', #4182, 1000.000000000000000 ) ;
#1173 = LINE ( 'NONE', #800, #4154 ) ;
#1174 = LINE ( 'NONE', #264, #3320 ) ;
#1175 = VERTEX_POINT ( 'NONE', #2353 ) ;
#1176 = AXIS2_PLACEMENT_3D ( 'NONE', #911, #2490, #3328 ) ;
#1177 = ORIENTED_EDGE ( 'NONE', *, *, #4671, .T. ) ;
#1178 = DIRECTION ( 'NONE',  ( 0.000000000000000000, 1.000000000000000000, 0.000000000000000000 ) ) ;
#1179 = EDGE_CURVE ( 'NONE', #4519, #1443, #749, .T. ) ;
#1180 = DIRECTION ( 'NONE',  ( 0.000000000000000000, 0.000000000000000000, 1.000000000000000000 ) ) ;
#1181 = DIRECTION ( 'NONE',  ( -0.000000000000000000, -1.000000000000000000, -0.000000000000000000 ) ) ;
#1182 = LINE ( 'NONE', #297, #1104 ) ;
#1183 = ORIENTED_EDGE ( 'NONE', *, *, #484, .T. ) ;
#1184 = LINE ( 'NONE', #3630, #179 ) ;
#1185 = ADVANCED_FACE ( 'NONE', ( #5220 ), #2765, .F. ) ;
#1186 = LINE ( 'NONE', #705, #2913 ) ;
#1187 = ORIENTED_EDGE ( 'NONE', *, *, #2790, .F. ) ;
#1188 = LINE ( 'NONE', #2360, #5302 ) ;
#1189 = DIRECTION ( 'NONE',  ( 0.9988006999594686297, -0.04896081862546419056, 0.000000000000000000 ) ) ;
#1190 = ORIENTED_EDGE ( 'NONE', *, *, #1597, .T. ) ;
#1191 = PLANE ( 'NONE',  #4516 ) ;
#1192 = LINE ( 'NONE', #1220, #3854 ) ;
#1193 = DIRECTION ( 'NONE',  ( 1.746512434912466574E-16, 0.000000000000000000, 1.000000000000000000 ) ) ;
#1194 = ORIENTED_EDGE ( 'NONE', *, *, #1139, .T. ) ;
#1195 = VECTOR ( 'NONE', #3435, 1000.000000000000000 ) ;
#1196 = AXIS2_PLACEMENT_3D ( 'NONE', #833, #2847, #3378 ) ;
#1197 = CARTESIAN_POINT ( 'NONE',  ( 41.54999999999999716, -9.899494936611672458, -63.63384597600371961 ) ) ;
#1198 = FACE_OUTER_BOUND ( 'NONE', #541, .T. ) ;
#1199 = CARTESIAN_POINT ( 'NONE',  ( 7.000000000000000000, 1.750000000000021094, -27.14999999999999858 ) ) ;
#1200 = CARTESIAN_POINT ( 'NONE',  ( 60.87999999999999545, 14.19999999999999929, -39.39999999999999858 ) ) ;
#1201 = AXIS2_PLACEMENT_3D ( 'NONE', #3173, #1934, #4901 ) ;
#1202 = DIRECTION ( 'NONE',  ( -0.000000000000000000, -1.000000000000000000, -0.000000000000000000 ) ) ;
#1203 = EDGE_CURVE ( 'NONE', #3916, #1694, #1379, .T. ) ;
#1204 = EDGE_LOOP ( 'NONE', ( #3058, #5304, #4783, #2227 ) ) ;
#1205 = ORIENTED_EDGE ( 'NONE', *, *, #3613, .F. ) ;
#1206 = FACE_OUTER_BOUND ( 'NONE', #5327, .T. ) ;
#1207 = LINE ( 'NONE', #3138, #340 ) ;
#1208 = DIRECTION ( 'NONE',  ( 1.000000000000000000, 0.000000000000000000, -0.000000000000000000 ) ) ;
#1209 = EDGE_LOOP ( 'NONE', ( #3818, #1822, #3477, #2496, #4611, #807, #2467, #1740 ) ) ;
#1210 = VECTOR ( 'NONE', #1801, 1000.000000000000000 ) ;
#1211 = CYLINDRICAL_SURFACE ( 'NONE', #1978, 2.000000000000001776 ) ;
#1212 = DIRECTION ( 'NONE',  ( -0.000000000000000000, -1.000000000000000000, -0.000000000000000000 ) ) ;
#1213 = ORIENTED_EDGE ( 'NONE', *, *, #4754, .T. ) ;
#1214 = CARTESIAN_POINT ( 'NONE',  ( 19.54999999999999716, 2.000000000000000000, -58.99999999999998579 ) ) ;
#1215 = PLANE ( 'NONE',  #4547 ) ;
#1216 = EDGE_CURVE ( 'NONE', #2532, #3748, #3657, .T. ) ;
#1217 = VECTOR ( 'NONE', #2456, 1000.000000000000000 ) ;
#1218 = EDGE_CURVE ( 'NONE', #3, #5076, #445, .T. ) ;
#1219 = CARTESIAN_POINT ( 'NONE',  ( 35.32000000000000028, 3.000000000000000000, -39.59999999999999432 ) ) ;
#1220 = CARTESIAN_POINT ( 'NONE',  ( 72.10000000000000853, 6.000000000000000000, -37.50000000000000711 ) ) ;
#1221 = CARTESIAN_POINT ( 'NONE',  ( 33.39999999999999858, 5.000000000000000000, -2.000000000000000000 ) ) ;
#1222 = EDGE_LOOP ( 'NONE', ( #1190, #5069, #3250, #2307 ) ) ;
#1223 = CARTESIAN_POINT ( 'NONE',  ( 41.54999999999999716, 1.000000000000000888, -70.63384597600372672 ) ) ;
#1224 = LINE ( 'NONE', #2887, #1987 ) ;
#1225 = DIRECTION ( 'NONE',  ( 1.746512434912466574E-16, 0.000000000000000000, 1.000000000000000000 ) ) ;
#1226 = CARTESIAN_POINT ( 'NONE',  ( 38.20204651600798229, 2.127784832417642047, -77.50000000000001421 ) ) ;
#1227 = CARTESIAN_POINT ( 'NONE',  ( 56.13000000000000256, 13.00000000000000000, -31.39999999999999858 ) ) ;
#1228 = VERTEX_POINT ( 'NONE', #4403 ) ;
#1229 = VERTEX_POINT ( 'NONE', #3493 ) ;
#1230 = DIRECTION ( 'NONE',  ( -0.000000000000000000, -0.000000000000000000, 1.000000000000000000 ) ) ;
#1231 = CARTESIAN_POINT ( 'NONE',  ( 28.11999999999999744, 14.19999999999999929, -39.60000000000000853 ) ) ;
#1232 = ORIENTED_EDGE ( 'NONE', *, *, #4992, .T. ) ;
#1233 = EDGE_CURVE ( 'NONE', #763, #1471, #3009, .T. ) ;
#1234 = CARTESIAN_POINT ( 'NONE',  ( 7.000000000000000000, 0.000000000000000000, -22.09999999999998366 ) ) ;
#1235 = CARTESIAN_POINT ( 'NONE',  ( 23.23000000000000398, 8.499999999999998224, -40.59999999999999432 ) ) ;
#1236 = VERTEX_POINT ( 'NONE', #3266 ) ;
#1237 = LINE ( 'NONE', #1643, #2117 ) ;
#1238 = CARTESIAN_POINT ( 'NONE',  ( 28.81999999999999318, 3.000000000000000000, -18.39999999999999858 ) ) ;
#1239 = ORIENTED_EDGE ( 'NONE', *, *, #90, .T. ) ;
#1240 = FACE_OUTER_BOUND ( 'NONE', #2187, .T. ) ;
#1241 = AXIS2_PLACEMENT_3D ( 'NONE', #2128, #3433, #3032 ) ;
#1242 = AXIS2_PLACEMENT_3D ( 'NONE', #2058, #4479, #3243 ) ;
#1243 = ADVANCED_FACE ( 'NONE', ( #770 ), #1284, .F. ) ;
#1244 = CARTESIAN_POINT ( 'NONE',  ( 25.09999999999999787, 14.19999999999999929, -42.49999999999998579 ) ) ;
#1245 = ORIENTED_EDGE ( 'NONE', *, *, #4398, .F. ) ;
#1246 = EDGE_LOOP ( 'NONE', ( #3427, #77, #2966, #1068, #4793, #1187, #275, #1853, #2133, #5187, #1085, #481 ) ) ;
#1247 = DIRECTION ( 'NONE',  ( -1.000000000000000000, -0.000000000000000000, -0.000000000000000000 ) ) ;
#1248 = CARTESIAN_POINT ( 'NONE',  ( 35.31999999999999318, 14.19999999999999929, -40.59999999999999432 ) ) ;
#1249 = LINE ( 'NONE', #2057, #936 ) ;
#1250 = CARTESIAN_POINT ( 'NONE',  ( 24.83000000000001251, 5.599999999999998757, 0.001000000000007938983 ) ) ;
#1251 = EDGE_CURVE ( 'NONE', #4690, #3636, #3702, .T. ) ;
#1252 = DIRECTION ( 'NONE',  ( -1.000000000000000000, 0.000000000000000000, -1.015943470557427520E-15 ) ) ;
#1253 = ORIENTED_EDGE ( 'NONE', *, *, #4054, .T. ) ;
#1254 = AXIS2_PLACEMENT_3D ( 'NONE', #1995, #790, #4443 ) ;
#1255 = VECTOR ( 'NONE', #883, 1000.000000000000000 ) ;
#1256 = ORIENTED_EDGE ( 'NONE', *, *, #4700, .T. ) ;
#1257 = EDGE_CURVE ( 'NONE', #4011, #1396, #910, .T. ) ;
#1258 = FACE_OUTER_BOUND ( 'NONE', #3556, .T. ) ;
#1259 = FACE_OUTER_BOUND ( 'NONE', #2814, .T. ) ;
#1260 = AXIS2_PLACEMENT_3D ( 'NONE', #4263, #585, #2217 ) ;
#1261 = ORIENTED_EDGE ( 'NONE', *, *, #90, .F. ) ;
#1262 = LINE ( 'NONE', #2524, #3098 ) ;
#1263 = DIRECTION ( 'NONE',  ( 1.104919411450195664E-16, 0.000000000000000000, 1.000000000000000000 ) ) ;
#1264 = EDGE_LOOP ( 'NONE', ( #4088, #709, #4100, #2425, #1010, #3716 ) ) ;
#1265 = CARTESIAN_POINT ( 'NONE',  ( 39.10864405886426454, 1.742010620616941674, -69.64308052884430822 ) ) ;
#1266 = LINE ( 'NONE', #2419, #3776 ) ;
#1267 = EDGE_CURVE ( 'NONE', #1074, #4215, #52, .T. ) ;
#1268 = CARTESIAN_POINT ( 'NONE',  ( 38.89107201869902752, 3.532476943003151959, -76.79228553733638307 ) ) ;
#1269 = CYLINDRICAL_SURFACE ( 'NONE', #2788, 9.999999999999994671 ) ;
#1270 = ORIENTED_EDGE ( 'NONE', *, *, #4354, .F. ) ;
#1271 = ORIENTED_EDGE ( 'NONE', *, *, #1963, .F. ) ;
#1272 = EDGE_CURVE ( 'NONE', #3606, #2883, #2921, .T. ) ;
#1273 = LINE ( 'NONE', #4501, #3016 ) ;
#1274 = DIRECTION ( 'NONE',  ( 0.000000000000000000, 1.000000000000000000, 0.000000000000000000 ) ) ;
#1275 = CARTESIAN_POINT ( 'NONE',  ( 35.31999999999999318, 3.000000000000000000, -40.59999999999999432 ) ) ;
#1276 = PLANE ( 'NONE',  #2266 ) ;
#1277 = FACE_OUTER_BOUND ( 'NONE', #3650, .T. ) ;
#1278 = CIRCLE ( 'NONE', #3169, 3.400000000000014122 ) ;
#1279 = ORIENTED_EDGE ( 'NONE', *, *, #4272, .T. ) ;
#1280 = EDGE_CURVE ( 'NONE', #3895, #12, #4153, .T. ) ;
#1281 = EDGE_CURVE ( 'NONE', #4141, #1512, #2169, .T. ) ;
#1282 = AXIS2_PLACEMENT_3D ( 'NONE', #4676, #1751, #1798 ) ;
#1283 = ORIENTED_EDGE ( 'NONE', *, *, #2213, .T. ) ;
#1284 = CYLINDRICAL_SURFACE ( 'NONE', #4817, 2.075000000000000622 ) ;
#1285 = VECTOR ( 'NONE', #2206, 1000.000000000000000 ) ;
#1286 = CARTESIAN_POINT ( 'NONE',  ( 36.45778126594936452, -6.000000000000000000, -28.16575235469809968 ) ) ;
#1287 = ORIENTED_EDGE ( 'NONE', *, *, #4039, .F. ) ;
#1288 = LINE ( 'NONE', #2849, #1377 ) ;
#1289 = DIRECTION ( 'NONE',  ( 0.000000000000000000, 1.000000000000000000, -0.000000000000000000 ) ) ;
#1290 = EDGE_LOOP ( 'NONE', ( #347, #4834, #1107, #154, #1608, #557 ) ) ;
#1291 = CARTESIAN_POINT ( 'NONE',  ( 38.76632215454660013, 3.000000000000816680, -69.25543444993827791 ) ) ;
#1292 = DIRECTION ( 'NONE',  ( 0.000000000000000000, -1.000000000000000000, 0.000000000000000000 ) ) ;
#1293 = AXIS2_PLACEMENT_3D ( 'NONE', #4608, #1294, #39 ) ;
#1294 = DIRECTION ( 'NONE',  ( 0.000000000000000000, 0.000000000000000000, -1.000000000000000000 ) ) ;
#1295 = CARTESIAN_POINT ( 'NONE',  ( 35.93000000000000682, 9.640000000000000568, -25.59999999999999076 ) ) ;
#1296 = VERTEX_POINT ( 'NONE', #2573 ) ;
#1297 = VECTOR ( 'NONE', #2577, 1000.000000000000000 ) ;
#1298 = LINE ( 'NONE', #1702, #4648 ) ;
#1299 = DIRECTION ( 'NONE',  ( 6.938893903907222067E-15, 0.000000000000000000, 1.000000000000000000 ) ) ;
#1300 = CARTESIAN_POINT ( 'NONE',  ( 44.12901437272579130, 3.000000000000000444, -75.50000000000000000 ) ) ;
#1301 = VECTOR ( 'NONE', #308, 1000.000000000000000 ) ;
#1302 = EDGE_CURVE ( 'NONE', #3811, #4509, #4856, .T. ) ;
#1303 = DIRECTION ( 'NONE',  ( 0.000000000000000000, 0.000000000000000000, -1.000000000000000000 ) ) ;
#1304 = LINE ( 'NONE', #2945, #1515 ) ;
#1305 = ORIENTED_EDGE ( 'NONE', *, *, #5020, .F. ) ;
#1306 = ORIENTED_EDGE ( 'NONE', *, *, #777, .T. ) ;
#1307 = DIRECTION ( 'NONE',  ( 0.000000000000000000, 0.000000000000000000, 1.000000000000000000 ) ) ;
#1308 = CARTESIAN_POINT ( 'NONE',  ( 54.12999999999999545, 4.000000000000000000, -17.89999999999999858 ) ) ;
#1309 = ADVANCED_FACE ( 'NONE', ( #2119 ), #2999, .F. ) ;
#1310 = ADVANCED_FACE ( 'NONE', ( #2595 ), #1714, .F. ) ;
#1311 = VERTEX_POINT ( 'NONE', #158 ) ;
#1312 = LINE ( 'NONE', #1666, #361 ) ;
#1313 = EDGE_CURVE ( 'NONE', #3062, #3174, #3910, .T. ) ;
#1314 = LINE ( 'NONE', #6, #345 ) ;
#1315 = VERTEX_POINT ( 'NONE', #2975 ) ;
#1316 = PLANE ( 'NONE',  #1395 ) ;
#1317 = EDGE_CURVE ( 'NONE', #4509, #1519, #2359, .T. ) ;
#1318 = CARTESIAN_POINT ( 'NONE',  ( 76.09999999999998010, 4.000000000000000000, -5.999999999999991118 ) ) ;
#1319 = ORIENTED_EDGE ( 'NONE', *, *, #3750, .F. ) ;
#1320 = CARTESIAN_POINT ( 'NONE',  ( 38.97073007577327530, 2.986190336963185921, -75.76944781348746005 ) ) ;
#1321 = EDGE_CURVE ( 'NONE', #3278, #4519, #1789, .T. ) ;
#1322 = DIRECTION ( 'NONE',  ( 0.000000000000000000, 0.000000000000000000, -1.000000000000000000 ) ) ;
#1323 = ORIENTED_EDGE ( 'NONE', *, *, #2205, .F. ) ;
#1324 = CARTESIAN_POINT ( 'NONE',  ( 22.21999999999999531, 14.19999999999999929, -39.60000000000000853 ) ) ;
#1325 = AXIS2_PLACEMENT_3D ( 'NONE', #5296, #1577, #401 ) ;
#1326 = LINE ( 'NONE', #4968, #2453 ) ;
#1327 = CARTESIAN_POINT ( 'NONE',  ( 45.12526310403785601, 3.733253385648851452, -76.53349471490834333 ) ) ;
#1328 = CARTESIAN_POINT ( 'NONE',  ( 41.54999999999999716, 2.000000000000000444, -71.63384597600372672 ) ) ;
#1329 = VECTOR ( 'NONE', #2907, 1000.000000000000000 ) ;
#1330 = ORIENTED_EDGE ( 'NONE', *, *, #2265, .T. ) ;
#1331 = EDGE_CURVE ( 'NONE', #3069, #4665, #2489, .T. ) ;
#1332 = ORIENTED_EDGE ( 'NONE', *, *, #1115, .F. ) ;
#1333 = DIRECTION ( 'NONE',  ( 0.000000000000000000, 0.000000000000000000, -1.000000000000000000 ) ) ;
#1334 = CARTESIAN_POINT ( 'NONE',  ( 83.10000000000000853, 4.000000000000000000, -1.208503727704051627E-15 ) ) ;
#1335 = VECTOR ( 'NONE', #1381, 1000.000000000000000 ) ;
#1336 = AXIS2_PLACEMENT_3D ( 'NONE', #4800, #2240, #3904 ) ;
#1337 = AXIS2_PLACEMENT_3D ( 'NONE', #4339, #4262, #1033 ) ;
#1338 = ADVANCED_FACE ( 'NONE', ( #3560 ), #1601, .F. ) ;
#1339 = ORIENTED_EDGE ( 'NONE', *, *, #4054, .F. ) ;
#1340 = LINE ( 'NONE', #2682, #695 ) ;
#1341 = CIRCLE ( 'NONE', #1086, 1.649999999999998579 ) ;
#1342 = CARTESIAN_POINT ( 'NONE',  ( 0.000000000000000000, 13.00000000000000000, 0.000000000000000000 ) ) ;
#1343 = VERTEX_POINT ( 'NONE', #2244 ) ;
#1344 = CARTESIAN_POINT ( 'NONE',  ( 39.19104971077306487, 2.371005311122889925, -70.36000468483220516 ) ) ;
#1345 = DIRECTION ( 'NONE',  ( -1.000000000000000000, 0.000000000000000000, 0.000000000000000000 ) ) ;
#1346 = ORIENTED_EDGE ( 'NONE', *, *, #4637, .F. ) ;
#1347 = EDGE_CURVE ( 'NONE', #2118, #3839, #4287, .T. ) ;
#1348 = LINE ( 'NONE', #13, #17 ) ;
#1349 = DIRECTION ( 'NONE',  ( -0.000000000000000000, -0.000000000000000000, 1.000000000000000000 ) ) ;
#1350 = VERTEX_POINT ( 'NONE', #4750 ) ;
#1351 = LINE ( 'NONE', #150, #1040 ) ;
#1352 = DIRECTION ( 'NONE',  ( -0.000000000000000000, 1.000000000000000000, -0.000000000000000000 ) ) ;
#1353 = CARTESIAN_POINT ( 'NONE',  ( 44.15694827210806039, 2.888282620728998218, -77.31928552766136420 ) ) ;
#1354 = EDGE_LOOP ( 'NONE', ( #1448, #4482, #659, #3732 ) ) ;
#1355 = DIRECTION ( 'NONE',  ( 0.000000000000000000, -0.000000000000000000, -1.000000000000000000 ) ) ;
#1356 = ORIENTED_EDGE ( 'NONE', *, *, #4685, .F. ) ;
#1357 = VERTEX_POINT ( 'NONE', #1864 ) ;
#1358 = ORIENTED_EDGE ( 'NONE', *, *, #1037, .F. ) ;
#1359 = CARTESIAN_POINT ( 'NONE',  ( 43.53021453859707179, 1.244057833722739925, -70.02203169210329747 ) ) ;
#1360 = EDGE_CURVE ( 'NONE', #27, #645, #2701, .T. ) ;
#1361 = DIRECTION ( 'NONE',  ( 1.746512434912466574E-16, -0.000000000000000000, 1.000000000000000000 ) ) ;
#1362 = VECTOR ( 'NONE', #3628, 1000.000000000000000 ) ;
#1363 = CIRCLE ( 'NONE', #3337, 2.000000000000001776 ) ;
#1364 = ORIENTED_EDGE ( 'NONE', *, *, #495, .F. ) ;
#1365 = DIRECTION ( 'NONE',  ( 0.000000000000000000, -1.000000000000000000, 0.000000000000000000 ) ) ;
#1366 = EDGE_CURVE ( 'NONE', #3048, #12, #314, .T. ) ;
#1367 = CARTESIAN_POINT ( 'NONE',  ( 76.09999999999998010, 0.000000000000000000, -22.09999999999998366 ) ) ;
#1368 = ORIENTED_EDGE ( 'NONE', *, *, #133, .T. ) ;
#1369 = DIRECTION ( 'NONE',  ( 0.000000000000000000, -1.000000000000000000, 0.000000000000000000 ) ) ;
#1370 = DIRECTION ( 'NONE',  ( 1.000000000000000000, 0.000000000000000000, -0.000000000000000000 ) ) ;
#1371 = ORIENTED_EDGE ( 'NONE', *, *, #2859, .F. ) ;
#1372 = PRODUCT_DEFINITION_CONTEXT ( 'detailed design', #2874, 'design' ) ;
#1373 = DIRECTION ( 'NONE',  ( 0.000000000000000000, -1.000000000000000000, 0.000000000000000000 ) ) ;
#1374 = FACE_OUTER_BOUND ( 'NONE', #4696, .T. ) ;
#1375 = ORIENTED_EDGE ( 'NONE', *, *, #1553, .T. ) ;
#1376 = EDGE_CURVE ( 'NONE', #2652, #1229, #2676, .T. ) ;
#1377 = VECTOR ( 'NONE', #3280, 1000.000000000000000 ) ;
#1378 = EDGE_CURVE ( 'NONE', #2335, #1529, #1438, .T. ) ;
#1379 = CIRCLE ( 'NONE', #3184, 1.649999999999998579 ) ;
#1380 = FILL_AREA_STYLE ('',( #605 ) ) ;
#1381 = DIRECTION ( 'NONE',  ( 1.000000000000000000, 0.000000000000000000, 2.135044278125301343E-15 ) ) ;
#1382 = CARTESIAN_POINT ( 'NONE',  ( 44.08664392478454630, 2.710270854072880820, -76.40953948178545829 ) ) ;
#1383 = VECTOR ( 'NONE', #962, 1000.000000000000000 ) ;
#1384 = CYLINDRICAL_SURFACE ( 'NONE', #3898, 2.000000000000001776 ) ;
#1385 = AXIS2_PLACEMENT_3D ( 'NONE', #1324, #5121, #4687 ) ;
#1386 = VECTOR ( 'NONE', #4821, 1000.000000000000000 ) ;
#1387 = ORIENTED_EDGE ( 'NONE', *, *, #2391, .F. ) ;
#1388 = CARTESIAN_POINT ( 'NONE',  ( 17.55000000000000071, 4.000000000000000000, -37.50000000000000000 ) ) ;
#1389 = LINE ( 'NONE', #240, #3238 ) ;
#1390 = EDGE_LOOP ( 'NONE', ( #4181, #1239, #4353, #1595 ) ) ;
#1391 = DIRECTION ( 'NONE',  ( 0.000000000000000000, 0.000000000000000000, 1.000000000000000000 ) ) ;
#1392 = CARTESIAN_POINT ( 'NONE',  ( 0.000000000000000000, 8.499999999999998224, 0.000000000000000000 ) ) ;
#1393 = ORIENTED_EDGE ( 'NONE', *, *, #641, .F. ) ;
#1394 = CARTESIAN_POINT ( 'NONE',  ( 33.43000000000000682, 8.499999999999998224, 0.001000000000007938983 ) ) ;
#1395 = AXIS2_PLACEMENT_3D ( 'NONE', #3333, #2931, #895 ) ;
#1396 = VERTEX_POINT ( 'NONE', #689 ) ;
#1397 = EDGE_CURVE ( 'NONE', #1711, #4408, #5131, .T. ) ;
#1398 = APPLICATION_CONTEXT ( 'automotive_design' ) ;
#1399 = CARTESIAN_POINT ( 'NONE',  ( 35.31999999999999318, 8.499999999999998224, -40.59999999999999432 ) ) ;
#1400 = CARTESIAN_POINT ( 'NONE',  ( 43.12901437272579130, 3.000000000000000000, -76.50000000000000000 ) ) ;
#1401 = ORIENTED_EDGE ( 'NONE', *, *, #294, .T. ) ;
#1402 = DIRECTION ( 'NONE',  ( 1.000000000000000000, 0.000000000000000000, -1.746512434912462630E-16 ) ) ;
#1403 = DIRECTION ( 'NONE',  ( -1.000000000000000000, -0.000000000000000000, -0.000000000000000000 ) ) ;
#1404 = PLANE ( 'NONE',  #1505 ) ;
#1405 = CARTESIAN_POINT ( 'NONE',  ( 44.20557198675068378, 3.609648424174702885, -76.70901621134278514 ) ) ;
#1406 = DIRECTION ( 'NONE',  ( -1.000000000000000000, 0.000000000000000000, 0.000000000000000000 ) ) ;
#1407 = EDGE_LOOP ( 'NONE', ( #5224, #1725, #1684, #3849 ) ) ;
#1408 = VERTEX_POINT ( 'NONE', #4697 ) ;
#1409 = DIRECTION ( 'NONE',  ( 0.000000000000000000, 0.000000000000000000, 1.000000000000000000 ) ) ;
#1410 = EDGE_CURVE ( 'NONE', #2043, #549, #666, .T. ) ;
#1411 = VECTOR ( 'NONE', #3295, 1000.000000000000000 ) ;
#1412 = PLANE ( 'NONE',  #1430 ) ;
#1413 = ADVANCED_FACE ( 'NONE', ( #1007 ), #145, .F. ) ;
#1414 = ORIENTED_EDGE ( 'NONE', *, *, #2557, .F. ) ;
#1415 = CARTESIAN_POINT ( 'NONE',  ( 37.97098562727419591, 3.000000000000000000, -75.50000000000001421 ) ) ;
#1416 = FACE_OUTER_BOUND ( 'NONE', #2674, .T. ) ;
#1417 = ORIENTED_EDGE ( 'NONE', *, *, #1580, .T. ) ;
#1418 = CARTESIAN_POINT ( 'NONE',  ( 76.09999999999998010, 1.750000000000005995, -7.649999999999993250 ) ) ;
#1419 = VECTOR ( 'NONE', #4394, 1000.000000000000000 ) ;
#1420 = VERTEX_POINT ( 'NONE', #1059 ) ;
#1421 = VECTOR ( 'NONE', #3728, 1000.000000000000000 ) ;
#1422 = AXIS2_PLACEMENT_3D ( 'NONE', #5316, #3265, #4911 ) ;
#1423 = VECTOR ( 'NONE', #4847, 1000.000000000000000 ) ;
#1424 = CARTESIAN_POINT ( 'NONE',  ( 0.000000000000000000, 4.000000000000000000, 0.000000000000000000 ) ) ;
#1425 = CARTESIAN_POINT ( 'NONE',  ( 0.000000000000000000, 6.000000000000000000, -37.50000000000000000 ) ) ;
#1426 = ORIENTED_EDGE ( 'NONE', *, *, #2624, .T. ) ;
#1427 = CARTESIAN_POINT ( 'NONE',  ( 54.12999999999999545, 11.93999999999999950, -25.59999999999999076 ) ) ;
#1428 = ADVANCED_FACE ( 'NONE', ( #2293 ), #3159, .T. ) ;
#1429 = CYLINDRICAL_SURFACE ( 'NONE', #2506, 3.500000000000003109 ) ;
#1430 = AXIS2_PLACEMENT_3D ( 'NONE', #2246, #538, #3883 ) ;
#1431 = LINE ( 'NONE', #3876, #3622 ) ;
#1432 = CARTESIAN_POINT ( 'NONE',  ( 33.39999999999999858, 5.000000000000000000, -2.000000000000000000 ) ) ;
#1433 = LINE ( 'NONE', #3074, #5326 ) ;
#1434 = ORIENTED_EDGE ( 'NONE', *, *, #876, .T. ) ;
#1435 = CARTESIAN_POINT ( 'NONE',  ( 26.43000000000001393, 8.499999999999998224, -40.59999999999999432 ) ) ;
#1436 = VERTEX_POINT ( 'NONE', #1919 ) ;
#1437 = ADVANCED_FACE ( 'NONE', ( #3107, #1516, #1088 ), #2620, .F. ) ;
#1438 = LINE ( 'NONE', #4723, #1936 ) ;
#1439 = DIRECTION ( 'NONE',  ( 0.000000000000000000, 0.000000000000000000, 1.000000000000000000 ) ) ;
#1440 = CARTESIAN_POINT ( 'NONE',  ( 17.55000000000000071, 4.000000000000000000, -58.99999999999998579 ) ) ;
#1441 = ADVANCED_FACE ( 'NONE', ( #261 ), #3535, .F. ) ;
#1442 = EDGE_CURVE ( 'NONE', #1660, #385, #5183, .T. ) ;
#1443 = VERTEX_POINT ( 'NONE', #1817 ) ;
#1444 = DIRECTION ( 'NONE',  ( 0.000000000000000000, 0.000000000000000000, -1.000000000000000000 ) ) ;
#1445 = LINE ( 'NONE', #3087, #1793 ) ;
#1446 = ORIENTED_EDGE ( 'NONE', *, *, #4905, .T. ) ;
#1447 = LINE ( 'NONE', #1123, #3130 ) ;
#1448 = ORIENTED_EDGE ( 'NONE', *, *, #3706, .F. ) ;
#1449 = VECTOR ( 'NONE', #4441, 1000.000000000000000 ) ;
#1450 = CYLINDRICAL_SURFACE ( 'NONE', #2234, 9.999999999999994671 ) ;
#1451 = AXIS2_PLACEMENT_3D ( 'NONE', #784, #2016, #330 ) ;
#1452 = VERTEX_POINT ( 'NONE', #2320 ) ;
#1453 = LINE ( 'NONE', #2636, #2625 ) ;
#1454 = DIRECTION ( 'NONE',  ( -0.000000000000000000, -1.000000000000000000, -0.000000000000000000 ) ) ;
#1455 = CARTESIAN_POINT ( 'NONE',  ( 38.53000000000000114, 11.93999999999999950, -25.59999999999999076 ) ) ;
#1456 = FACE_OUTER_BOUND ( 'NONE', #607, .T. ) ;
#1457 = ORIENTED_EDGE ( 'NONE', *, *, #4835, .F. ) ;
#1458 = CARTESIAN_POINT ( 'NONE',  ( 23.23000000000000398, 8.499999999999998224, -40.59999999999999432 ) ) ;
#1459 = ORIENTED_EDGE ( 'NONE', *, *, #3272, .F. ) ;
#1460 = ORIENTED_EDGE ( 'NONE', *, *, #320, .T. ) ;
#1461 = EDGE_CURVE ( 'NONE', #5112, #2332, #4168, .T. ) ;
#1462 = DIRECTION ( 'NONE',  ( 1.000000000000000000, 0.000000000000000000, 0.000000000000000000 ) ) ;
#1463 = PLANE ( 'NONE',  #3820 ) ;
#1464 = ORIENTED_EDGE ( 'NONE', *, *, #2249, .T. ) ;
#1465 = CARTESIAN_POINT ( 'NONE',  ( 65.54999999999999716, 14.19999999999999929, -58.99999999999998579 ) ) ;
#1466 = ORIENTED_EDGE ( 'NONE', *, *, #470, .T. ) ;
#1467 = EDGE_CURVE ( 'NONE', #3376, #385, #2215, .T. ) ;
#1468 = DIRECTION ( 'NONE',  ( -0.000000000000000000, 0.7660444431189795678, 0.6427876096865374755 ) ) ;
#1469 = VECTOR ( 'NONE', #3727, 1000.000000000000114 ) ;
#1470 = CARTESIAN_POINT ( 'NONE',  ( 76.09999999999998010, 0.000000000000000000, -25.50000000000000000 ) ) ;
#1471 = VERTEX_POINT ( 'NONE', #3584 ) ;
#1472 = LINE ( 'NONE', #1903, #3302 ) ;
#1473 = LINE ( 'NONE', #3846, #3419 ) ;
#1474 = VERTEX_POINT ( 'NONE', #3616 ) ;
#1475 = FACE_OUTER_BOUND ( 'NONE', #4210, .T. ) ;
#1476 = EDGE_CURVE ( 'NONE', #648, #863, #1974, .T. ) ;
#1477 = DIRECTION ( 'NONE',  ( 2.209838822900391329E-16, 0.000000000000000000, 1.000000000000000000 ) ) ;
#1478 = ORIENTED_EDGE ( 'NONE', *, *, #5193, .T. ) ;
#1479 = LINE ( 'NONE', #1427, #3485 ) ;
#1480 = DIRECTION ( 'NONE',  ( 0.000000000000000000, 0.000000000000000000, -1.000000000000000000 ) ) ;
#1481 = ADVANCED_FACE ( 'NONE', ( #4804 ), #3986, .F. ) ;
#1482 = SHAPE_DEFINITION_REPRESENTATION ( #4872, #2737 ) ;
#1483 = DIRECTION ( 'NONE',  ( 0.000000000000000000, 0.000000000000000000, 1.000000000000000000 ) ) ;
#1484 = DIRECTION ( 'NONE',  ( 1.000000000000000000, 0.000000000000000000, -0.000000000000000000 ) ) ;
#1485 = ORIENTED_EDGE ( 'NONE', *, *, #4522, .F. ) ;
#1486 = DIRECTION ( 'NONE',  ( 0.000000000000000000, 0.000000000000000000, 1.000000000000000000 ) ) ;
#1487 = ORIENTED_EDGE ( 'NONE', *, *, #1819, .F. ) ;
#1488 = CARTESIAN_POINT ( 'NONE',  ( 60.87999999999999545, 8.499999999999998224, -31.39999999999999858 ) ) ;
#1489 = CARTESIAN_POINT ( 'NONE',  ( 35.93000000000000682, 11.94000000000000128, -20.19999999999999574 ) ) ;
#1490 = DIRECTION ( 'NONE',  ( 0.000000000000000000, 0.000000000000000000, -1.000000000000000000 ) ) ;
#1491 = EDGE_CURVE ( 'NONE', #1157, #85, #2344, .T. ) ;
#1492 = ORIENTED_EDGE ( 'NONE', *, *, #1087, .T. ) ;
#1493 = AXIS2_PLACEMENT_3D ( 'NONE', #4458, #325, #1983 ) ;
#1494 = CYLINDRICAL_SURFACE ( 'NONE', #4371, 3.500000000000003109 ) ;
#1495 = ORIENTED_EDGE ( 'NONE', *, *, #4452, .T. ) ;
#1496 = LINE ( 'NONE', #3141, #816 ) ;
#1497 = DIRECTION ( 'NONE',  ( -1.746512434912466574E-16, -0.000000000000000000, -1.000000000000000000 ) ) ;
#1498 = EDGE_CURVE ( 'NONE', #3811, #249, #736, .T. ) ;
#1499 = VERTEX_POINT ( 'NONE', #1947 ) ;
#1500 = DIRECTION ( 'NONE',  ( 1.000000000000000000, 0.000000000000000000, -1.746512434912466327E-16 ) ) ;
#1501 = DIRECTION ( 'NONE',  ( 0.000000000000000000, 0.000000000000000000, -1.000000000000000000 ) ) ;
#1502 = ORIENTED_EDGE ( 'NONE', *, *, #2724, .T. ) ;
#1503 = DIRECTION ( 'NONE',  ( 1.000000000000000000, 0.000000000000000000, 0.000000000000000000 ) ) ;
#1504 = DIRECTION ( 'NONE',  ( 0.000000000000000000, 0.000000000000000000, -1.000000000000000000 ) ) ;
#1505 = AXIS2_PLACEMENT_3D ( 'NONE', #5152, #202, #5072 ) ;
#1506 = EDGE_CURVE ( 'NONE', #1591, #1862, #3268, .T. ) ;
#1507 = AXIS2_PLACEMENT_3D ( 'NONE', #4740, #198, #3149 ) ;
#1508 = CARTESIAN_POINT ( 'NONE',  ( 7.000000000000000000, 4.000000000000000000, -25.50000000000000000 ) ) ;
#1509 = ORIENTED_EDGE ( 'NONE', *, *, #1718, .T. ) ;
#1510 = DIRECTION ( 'NONE',  ( 0.000000000000000000, -0.6427876096865374755, 0.7660444431189796788 ) ) ;
#1511 = CARTESIAN_POINT ( 'NONE',  ( 43.73158960676030915, 2.199543837151128223, -70.67149398538622052 ) ) ;
#1512 = VERTEX_POINT ( 'NONE', #2031 ) ;
#1513 = DIRECTION ( 'NONE',  ( 0.04896081862546419056, -0.9988006999594686297, 0.000000000000000000 ) ) ;
#1514 = ORIENTED_EDGE ( 'NONE', *, *, #3117, .T. ) ;
#1515 = VECTOR ( 'NONE', #4593, 1000.000000000000000 ) ;
#1516 = FACE_BOUND ( 'NONE', #2698, .T. ) ;
#1517 = DIRECTION ( 'NONE',  ( 0.000000000000000000, 0.000000000000000000, 1.000000000000000000 ) ) ;
#1518 = CARTESIAN_POINT ( 'NONE',  ( 17.55000000000000071, 0.000000000000000000, -77.50000000000000000 ) ) ;
#1519 = VERTEX_POINT ( 'NONE', #371 ) ;
#1520 = EDGE_CURVE ( 'NONE', #602, #4201, #913, .T. ) ;
#1521 = FACE_OUTER_BOUND ( 'NONE', #591, .T. ) ;
#1522 = ORIENTED_EDGE ( 'NONE', *, *, #4562, .T. ) ;
#1523 = CARTESIAN_POINT ( 'NONE',  ( 44.12016158052913539, 2.862293353435863885, -76.19963692708240899 ) ) ;
#1524 = DIRECTION ( 'NONE',  ( -1.000000000000000000, 0.000000000000000000, 0.000000000000000000 ) ) ;
#1525 = ORIENTED_EDGE ( 'NONE', *, *, #1098, .F. ) ;
#1526 = EDGE_CURVE ( 'NONE', #234, #4270, #1545, .T. ) ;
#1527 = CYLINDRICAL_SURFACE ( 'NONE', #4037, 1.650000000000000355 ) ;
#1528 = CARTESIAN_POINT ( 'NONE',  ( 57.98000000000001108, 4.000000000000000000, -44.39999999999999147 ) ) ;
#1529 = VERTEX_POINT ( 'NONE', #3698 ) ;
#1530 = CIRCLE ( 'NONE', #4019, 3.400000000000014122 ) ;
#1531 = CARTESIAN_POINT ( 'NONE',  ( 40.32187771010215727, 2.000000000000000444, -70.41130164176887263 ) ) ;
#1532 = DIRECTION ( 'NONE',  ( -0.000000000000000000, -0.000000000000000000, -1.000000000000000000 ) ) ;
#1533 = VECTOR ( 'NONE', #2345, 1000.000000000000000 ) ;
#1534 = VECTOR ( 'NONE', #165, 1000.000000000000000 ) ;
#1535 = DIRECTION ( 'NONE',  ( -1.000000000000000000, 0.000000000000000000, -0.000000000000000000 ) ) ;
#1536 = AXIS2_PLACEMENT_3D ( 'NONE', #1907, #3920, #3068 ) ;
#1537 = VERTEX_POINT ( 'NONE', #1629 ) ;
#1538 = DIRECTION ( 'NONE',  ( 0.000000000000000000, 0.000000000000000000, -1.000000000000000000 ) ) ;
#1539 = LINE ( 'NONE', #4113, #4280 ) ;
#1540 = EDGE_CURVE ( 'NONE', #3207, #498, #4342, .T. ) ;
#1541 = LINE ( 'NONE', #3206, #131 ) ;
#1542 = ORIENTED_EDGE ( 'NONE', *, *, #1313, .F. ) ;
#1543 = ADVANCED_FACE ( 'NONE', ( #1198 ), #4857, .F. ) ;
#1544 = ADVANCED_FACE ( 'NONE', ( #798 ), #486, .F. ) ;
#1545 = LINE ( 'NONE', #1113, #1419 ) ;
#1546 = CARTESIAN_POINT ( 'NONE',  ( 38.52999999999999403, 14.19999999999999929, -44.39999999999999147 ) ) ;
#1547 = EDGE_CURVE ( 'NONE', #1228, #4363, #425, .T. ) ;
#1548 = CARTESIAN_POINT ( 'NONE',  ( 39.97098562727419591, 1.000000000000000000, -77.50000000000000000 ) ) ;
#1549 = VERTEX_POINT ( 'NONE', #5294 ) ;
#1550 = VECTOR ( 'NONE', #3870, 1000.000000000000000 ) ;
#1551 = VECTOR ( 'NONE', #3424, 1000.000000000000000 ) ;
#1552 = ORIENTED_EDGE ( 'NONE', *, *, #4992, .F. ) ;
#1553 = EDGE_CURVE ( 'NONE', #3174, #2645, #342, .T. ) ;
#1554 = CARTESIAN_POINT ( 'NONE',  ( 45.12849988641480081, 3.896017310692269753, -76.14995857160865000 ) ) ;
#1555 = AXIS2_PLACEMENT_3D ( 'NONE', #3863, #1820, #1444 ) ;
#1556 = LINE ( 'NONE', #3194, #4456 ) ;
#1557 = ORIENTED_EDGE ( 'NONE', *, *, #1888, .T. ) ;
#1558 = LINE ( 'NONE', #4840, #2349 ) ;
#1559 = CARTESIAN_POINT ( 'NONE',  ( 0.000000000000000000, 2.000000000000000000, -76.50000000000000000 ) ) ;
#1560 = EDGE_LOOP ( 'NONE', ( #535, #4725, #3458, #5233 ) ) ;
#1561 = CIRCLE ( 'NONE', #1815, 2.000000000000001776 ) ;
#1562 = DIRECTION ( 'NONE',  ( 0.000000000000000000, 0.000000000000000000, 1.000000000000000000 ) ) ;
#1563 = CARTESIAN_POINT ( 'NONE',  ( 7.000000000000006217, 0.000000000000000000, -5.999999999999990230 ) ) ;
#1564 = ORIENTED_EDGE ( 'NONE', *, *, #1366, .F. ) ;
#1565 = CYLINDRICAL_SURFACE ( 'NONE', #4612, 1.000000000000000888 ) ;
#1566 = LINE ( 'NONE', #387, #3341 ) ;
#1567 = EDGE_CURVE ( 'NONE', #4918, #3461, #1655, .T. ) ;
#1568 = ORIENTED_EDGE ( 'NONE', *, *, #502, .T. ) ;
#1569 = FACE_OUTER_BOUND ( 'NONE', #95, .T. ) ;
#1570 = CARTESIAN_POINT ( 'NONE',  ( 39.05804902036082638, 1.827542175130488333, -69.59264256670243753 ) ) ;
#1571 = CARTESIAN_POINT ( 'NONE',  ( 38.53000000000000114, 13.00000000000000000, -31.39999999999999858 ) ) ;
#1572 = ORIENTED_EDGE ( 'NONE', *, *, #3506, .F. ) ;
#1573 = EDGE_LOOP ( 'NONE', ( #2291, #2870, #5143, #2222, #3587, #4325 ) ) ;
#1574 = ADVANCED_FACE ( 'NONE', ( #4421 ), #4448, .T. ) ;
#1575 = DIRECTION ( 'NONE',  ( -0.4999999999965235586, -0.8660254037864457688, -4.808157873237655725E-12 ) ) ;
#1576 = DIRECTION ( 'NONE',  ( 0.000000000000000000, 1.000000000000000000, 0.000000000000000000 ) ) ;
#1577 = DIRECTION ( 'NONE',  ( 0.000000000000000000, 1.000000000000000000, 0.000000000000000000 ) ) ;
#1578 = FACE_OUTER_BOUND ( 'NONE', #272, .T. ) ;
#1579 = ORIENTED_EDGE ( 'NONE', *, *, #1366, .T. ) ;
#1580 = EDGE_CURVE ( 'NONE', #4755, #2652, #3675, .T. ) ;
#1581 = ORIENTED_EDGE ( 'NONE', *, *, #3406, .F. ) ;
#1582 = DIRECTION ( 'NONE',  ( 0.000000000000000000, -0.000000000000000000, 1.000000000000000000 ) ) ;
#1583 = CYLINDRICAL_SURFACE ( 'NONE', #4542, 1.000000000000000888 ) ;
#1584 = VERTEX_POINT ( 'NONE', #4885 ) ;
#1585 = LINE ( 'NONE', #2352, #5198 ) ;
#1586 = DIRECTION ( 'NONE',  ( 0.000000000000000000, 0.000000000000000000, -1.000000000000000000 ) ) ;
#1587 = ORIENTED_EDGE ( 'NONE', *, *, #2879, .F. ) ;
#1588 = VECTOR ( 'NONE', #3610, 1000.000000000000000 ) ;
#1589 = CARTESIAN_POINT ( 'NONE',  ( 25.09999999999999787, 4.000000000000000000, -44.39999999999999147 ) ) ;
#1590 = DIRECTION ( 'NONE',  ( 0.000000000000000000, 0.000000000000000000, 1.000000000000000000 ) ) ;
#1591 = VERTEX_POINT ( 'NONE', #2839 ) ;
#1592 = DIRECTION ( 'NONE',  ( -0.000000000000000000, -1.000000000000000000, -0.000000000000000000 ) ) ;
#1593 = DIRECTION ( 'NONE',  ( 1.000000000000000000, 0.000000000000000000, 8.747477136766084253E-18 ) ) ;
#1594 = CIRCLE ( 'NONE', #480, 0.5999999999999999778 ) ;
#1595 = ORIENTED_EDGE ( 'NONE', *, *, #2726, .T. ) ;
#1596 = DIRECTION ( 'NONE',  ( 0.000000000000000000, -0.2782343114025134234, -0.9605132315373741125 ) ) ;
#1597 = EDGE_CURVE ( 'NONE', #2118, #27, #399, .T. ) ;
#1598 = DIRECTION ( 'NONE',  ( -0.000000000000000000, -1.000000000000000000, -0.000000000000000000 ) ) ;
#1599 = ORIENTED_EDGE ( 'NONE', *, *, #700, .F. ) ;
#1600 = ORIENTED_EDGE ( 'NONE', *, *, #4209, .T. ) ;
#1601 = CONICAL_SURFACE ( 'NONE', #2621, 3.400000000000014122, 0.7853981633974500554 ) ;
#1602 = CARTESIAN_POINT ( 'NONE',  ( 62.98000000000001108, 4.000000000000000000, -31.39999999999999858 ) ) ;
#1603 = CARTESIAN_POINT ( 'NONE',  ( 60.87999999999999545, 8.499999999999998224, -39.59999999999999432 ) ) ;
#1604 = AXIS2_PLACEMENT_3D ( 'NONE', #1142, #3620, #2758 ) ;
#1605 = FACE_OUTER_BOUND ( 'NONE', #217, .T. ) ;
#1606 = DIRECTION ( 'NONE',  ( 1.387778780781445676E-16, 0.000000000000000000, 1.000000000000000000 ) ) ;
#1607 = EDGE_LOOP ( 'NONE', ( #5064, #2831, #4206, #4148, #2256, #2092, #3163, #3532 ) ) ;
#1608 = ORIENTED_EDGE ( 'NONE', *, *, #4164, .T. ) ;
#1609 = CARTESIAN_POINT ( 'NONE',  ( 45.12901437272579130, 4.000000000000000000, -75.50000000000000000 ) ) ;
#1610 = CARTESIAN_POINT ( 'NONE',  ( 49.39999999999999858, 4.400000000000000355, -0.6000000000000007550 ) ) ;
#1611 = EDGE_CURVE ( 'NONE', #549, #1343, #122, .T. ) ;
#1612 = EDGE_CURVE ( 'NONE', #3215, #4029, #3394, .T. ) ;
#1613 = LINE ( 'NONE', #4459, #1362 ) ;
#1614 = ORIENTED_EDGE ( 'NONE', *, *, #2984, .T. ) ;
#1615 = CARTESIAN_POINT ( 'NONE',  ( 65.54999999999999716, 0.000000000000000000, -37.50000000000000000 ) ) ;
#1616 = CARTESIAN_POINT ( 'NONE',  ( 22.21999999999999531, 6.000000000000000000, -31.39999999999999858 ) ) ;
#1617 = VERTEX_POINT ( 'NONE', #848 ) ;
#1618 = CARTESIAN_POINT ( 'NONE',  ( 83.10000000000000853, 6.000000000000000000, -37.50000000000000711 ) ) ;
#1619 = DIRECTION ( 'NONE',  ( 1.000000000000000000, 0.000000000000000000, 2.135044278125301343E-15 ) ) ;
#1620 = EDGE_LOOP ( 'NONE', ( #4680, #580, #4786, #4247 ) ) ;
#1621 = FACE_OUTER_BOUND ( 'NONE', #803, .T. ) ;
#1622 = CARTESIAN_POINT ( 'NONE',  ( 56.13000000000000256, 11.93999999999999950, -25.59999999999999076 ) ) ;
#1623 = DIRECTION ( 'NONE',  ( 0.000000000000000000, 0.000000000000000000, 1.000000000000000000 ) ) ;
#1624 = VERTEX_POINT ( 'NONE', #3827 ) ;
#1625 = ORIENTED_EDGE ( 'NONE', *, *, #3706, .T. ) ;
#1626 = AXIS2_PLACEMENT_3D ( 'NONE', #3996, #1586, #2820 ) ;
#1627 = AXIS2_PLACEMENT_3D ( 'NONE', #60, #1289, #1693 ) ;
#1628 = CYLINDRICAL_SURFACE ( 'NONE', #21, 1.000000000000000888 ) ;
#1629 = CARTESIAN_POINT ( 'NONE',  ( 7.000000000000006217, 6.000000000000000000, -7.649999999999991473 ) ) ;
#1630 = CARTESIAN_POINT ( 'NONE',  ( 17.55000000000000071, 14.19999999999999929, -58.99999999999998579 ) ) ;
#1631 = LINE ( 'NONE', #4450, #1810 ) ;
#1632 = CARTESIAN_POINT ( 'NONE',  ( 21.51999999999999602, 14.19999999999999929, -40.59999999999999432 ) ) ;
#1633 = EDGE_LOOP ( 'NONE', ( #265, #1485, #4811, #4188, #3102, #3767, #2592, #3024, #4484, #3410, #574, #2047, #164, #4250, #3127, #4998, #3972, #51, #5244, #2251, #5189, #1414, #2567 ) ) ;
#1634 = EDGE_CURVE ( 'NONE', #1296, #4541, #2135, .T. ) ;
#1635 = ORIENTED_EDGE ( 'NONE', *, *, #3903, .T. ) ;
#1636 = DIRECTION ( 'NONE',  ( 0.000000000000000000, 0.000000000000000000, -1.000000000000000000 ) ) ;
#1637 = CARTESIAN_POINT ( 'NONE',  ( 23.61999999999999744, 6.000000000000000000, -31.39999999999999858 ) ) ;
#1638 = ORIENTED_EDGE ( 'NONE', *, *, #4737, .F. ) ;
#1639 = AXIS2_PLACEMENT_3D ( 'NONE', #2767, #4464, #1500 ) ;
#1640 = FACE_OUTER_BOUND ( 'NONE', #4026, .T. ) ;
#1641 = CARTESIAN_POINT ( 'NONE',  ( 60.87999999999999545, 14.19999999999999929, -39.59999999999999432 ) ) ;
#1642 = ORIENTED_EDGE ( 'NONE', *, *, #2624, .F. ) ;
#1643 = CARTESIAN_POINT ( 'NONE',  ( 7.000000000000000000, 4.000000000000000000, -27.14999999999999858 ) ) ;
#1644 = FACE_OUTER_BOUND ( 'NONE', #1222, .T. ) ;
#1645 = VECTOR ( 'NONE', #2054, 1000.000000000000000 ) ;
#1646 = AXIS2_PLACEMENT_3D ( 'NONE', #757, #4110, #417 ) ;
#1647 = EDGE_CURVE ( 'NONE', #3862, #4546, #903, .T. ) ;
#1648 = ORIENTED_EDGE ( 'NONE', *, *, #1856, .T. ) ;
#1649 = LINE ( 'NONE', #4931, #2752 ) ;
#1650 = CARTESIAN_POINT ( 'NONE',  ( 65.54999999999999716, 4.000000000000000000, -67.50000000000000000 ) ) ;
#1651 = DIRECTION ( 'NONE',  ( -0.000000000000000000, -0.000000000000000000, -1.000000000000000000 ) ) ;
#1652 = ORIENTED_EDGE ( 'NONE', *, *, #587, .F. ) ;
#1653 = EDGE_CURVE ( 'NONE', #4309, #5137, #4994, .T. ) ;
#1654 = DIRECTION ( 'NONE',  ( 0.000000000000000000, 0.000000000000000000, 1.000000000000000000 ) ) ;
#1655 = LINE ( 'NONE', #4067, #655 ) ;
#1656 = DIRECTION ( 'NONE',  ( -0.000000000000000000, -1.000000000000000000, -0.000000000000000000 ) ) ;
#1657 = CARTESIAN_POINT ( 'NONE',  ( 38.23893481970532804, 1.999999999999988676, -77.50000000000000000 ) ) ;
#1658 = FACE_OUTER_BOUND ( 'NONE', #2292, .T. ) ;
#1659 = VECTOR ( 'NONE', #2867, 1000.000000000000000 ) ;
#1660 = VERTEX_POINT ( 'NONE', #2589 ) ;
#1661 = EDGE_LOOP ( 'NONE', ( #4116, #3965, #2734, #1839, #2100, #2784, #2825, #4357, #4075, #449, #204, #546, #2946, #3066, #4236, #5052, #4719, #1270, #1568, #3872, #5205, #1847, #2540, #61, #4274, #5323, #3352, #1824 ) ) ;
#1662 = CARTESIAN_POINT ( 'NONE',  ( 45.12901437272579130, 3.000000000000000000, -69.86160258534813750 ) ) ;
#1663 = EDGE_CURVE ( 'NONE', #4536, #3198, #1326, .T. ) ;
#1664 = DIRECTION ( 'NONE',  ( -0.000000000000000000, -1.000000000000000000, -0.000000000000000000 ) ) ;
#1665 = ORIENTED_EDGE ( 'NONE', *, *, #2493, .F. ) ;
#1666 = CARTESIAN_POINT ( 'NONE',  ( 56.13000000000000256, 4.000000000000000000, -31.39999999999999858 ) ) ;
#1667 = DIRECTION ( 'NONE',  ( -0.000000000000000000, -1.000000000000000000, -0.000000000000000000 ) ) ;
#1668 = ORIENTED_EDGE ( 'NONE', *, *, #4595, .T. ) ;
#1669 = LINE ( 'NONE', #4138, #3722 ) ;
#1670 = LINE ( 'NONE', #3718, #86 ) ;
#1671 = EDGE_CURVE ( 'NONE', #4309, #4546, #2969, .T. ) ;
#1672 = DIRECTION ( 'NONE',  ( 0.000000000000000000, 0.000000000000000000, 1.000000000000000000 ) ) ;
#1673 = VECTOR ( 'NONE', #4269, 1000.000000000000000 ) ;
#1674 = VECTOR ( 'NONE', #258, 1000.000000000000000 ) ;
#1675 = DIRECTION ( 'NONE',  ( 0.000000000000000000, 0.000000000000000000, 1.000000000000000000 ) ) ;
#1676 = EDGE_LOOP ( 'NONE', ( #5291, #4137, #4828, #492 ) ) ;
#1677 = EDGE_CURVE ( 'NONE', #12, #2203, #3751, .T. ) ;
#1678 = CARTESIAN_POINT ( 'NONE',  ( 22.21999999999999531, 3.000000000000000000, -39.60000000000000853 ) ) ;
#1679 = LINE ( 'NONE', #4204, #2193 ) ;
#1680 = FACE_OUTER_BOUND ( 'NONE', #4739, .T. ) ;
#1681 = CARTESIAN_POINT ( 'NONE',  ( 0.000000000000000000, 6.000000000000000000, 0.000000000000000000 ) ) ;
#1682 = CARTESIAN_POINT ( 'NONE',  ( 25.09999999999999787, 4.000000000000000000, -42.49999999999998579 ) ) ;
#1683 = VECTOR ( 'NONE', #738, 1000.000000000000000 ) ;
#1684 = ORIENTED_EDGE ( 'NONE', *, *, #1634, .F. ) ;
#1685 = VECTOR ( 'NONE', #3445, 1000.000000000000000 ) ;
#1686 = ORIENTED_EDGE ( 'NONE', *, *, #2531, .T. ) ;
#1687 = CARTESIAN_POINT ( 'NONE',  ( 44.25903444781127405, 2.375482511484302339, -69.35064128249113935 ) ) ;
#1688 = LINE ( 'NONE', #5029, #937 ) ;
#1689 = TOROIDAL_SURFACE ( 'NONE', #3056, 4.500000000000000888, 1.000000000000000000 ) ;
#1690 = ORIENTED_EDGE ( 'NONE', *, *, #1697, .T. ) ;
#1691 = ORIENTED_EDGE ( 'NONE', *, *, #4234, .F. ) ;
#1692 = LINE ( 'NONE', #2196, #2497 ) ;
#1693 = DIRECTION ( 'NONE',  ( 0.000000000000000000, 0.000000000000000000, 1.000000000000000000 ) ) ;
#1694 = VERTEX_POINT ( 'NONE', #4938 ) ;
#1695 = DIRECTION ( 'NONE',  ( 0.000000000000000000, 0.000000000000000000, -1.000000000000000000 ) ) ;
#1696 = LINE ( 'NONE', #4242, #2439 ) ;
#1697 = EDGE_CURVE ( 'NONE', #4755, #2978, #72, .T. ) ;
#1698 = ORIENTED_EDGE ( 'NONE', *, *, #2609, .T. ) ;
#1699 = DIRECTION ( 'NONE',  ( -0.000000000000000000, -0.000000000000000000, 1.000000000000000000 ) ) ;
#1700 = DIRECTION ( 'NONE',  ( -0.7953365272724011170, 0.000000000000000000, -0.6061681354098689134 ) ) ;
#1701 = ORIENTED_EDGE ( 'NONE', *, *, #3425, .F. ) ;
#1702 = CARTESIAN_POINT ( 'NONE',  ( 60.68000000000000682, 8.499999999999998224, -40.59999999999999432 ) ) ;
#1703 = EDGE_CURVE ( 'NONE', #4290, #5112, #1679, .T. ) ;
#1704 = CARTESIAN_POINT ( 'NONE',  ( 28.81999999999999673, 14.19999999999999929, -39.60000000000000853 ) ) ;
#1705 = CARTESIAN_POINT ( 'NONE',  ( 44.97979744150389081, 2.478186834077941381, -77.44586054485012028 ) ) ;
#1706 = EDGE_CURVE ( 'NONE', #167, #1762, #5021, .T. ) ;
#1707 = PLANE ( 'NONE',  #2350 ) ;
#1708 = ORIENTED_EDGE ( 'NONE', *, *, #4409, .F. ) ;
#1709 = CARTESIAN_POINT ( 'NONE',  ( 20.12000000000000099, 4.000000000000000000, -1.599704092027026852E-16 ) ) ;
#1710 = AXIS2_PLACEMENT_3D ( 'NONE', #1093, #380, #2010 ) ;
#1711 = VERTEX_POINT ( 'NONE', #3318 ) ;
#1712 = AXIS2_PLACEMENT_3D ( 'NONE', #866, #3260, #36 ) ;
#1713 = ORIENTED_EDGE ( 'NONE', *, *, #700, .T. ) ;
#1714 = PLANE ( 'NONE',  #5253 ) ;
#1715 = VECTOR ( 'NONE', #440, 1000.000000000000000 ) ;
#1716 = EDGE_CURVE ( 'NONE', #742, #221, #4257, .T. ) ;
#1717 = DIRECTION ( 'NONE',  ( 1.000000000000000000, 0.000000000000000000, 0.000000000000000000 ) ) ;
#1718 = EDGE_CURVE ( 'NONE', #407, #69, #505, .T. ) ;
#1719 = EDGE_LOOP ( 'NONE', ( #2709, #2641, #287, #672, #1877 ) ) ;
#1720 = DIRECTION ( 'NONE',  ( 8.659560562355003116E-17, -0.7071067811865417996, 0.7071067811865531239 ) ) ;
#1721 = LINE ( 'NONE', #4577, #254 ) ;
#1722 = ORIENTED_EDGE ( 'NONE', *, *, #1281, .T. ) ;
#1723 = CARTESIAN_POINT ( 'NONE',  ( 39.05734441133321155, 2.590879751786299590, -76.48735509972919999 ) ) ;
#1724 = LINE ( 'NONE', #3362, #2180 ) ;
#1725 = ORIENTED_EDGE ( 'NONE', *, *, #5135, .F. ) ;
#1726 = VECTOR ( 'NONE', #1155, 1000.000000000000000 ) ;
#1727 = CARTESIAN_POINT ( 'NONE',  ( 39.10496022348976197, 2.499999999999987566, -76.50000000000000000 ) ) ;
#1728 = DIRECTION ( 'NONE',  ( 0.000000000000000000, 0.000000000000000000, 1.000000000000000000 ) ) ;
#1729 = ORIENTED_EDGE ( 'NONE', *, *, #4967, .T. ) ;
#1730 = AXIS2_PLACEMENT_3D ( 'NONE', #1415, #542, #162 ) ;
#1731 = ADVANCED_FACE ( 'NONE', ( #98 ), #2915, .F. ) ;
#1732 = CARTESIAN_POINT ( 'NONE',  ( 56.13000000000000256, 14.19999999999999929, -31.39999999999999858 ) ) ;
#1733 = CARTESIAN_POINT ( 'NONE',  ( 19.54999999999999716, 2.000000000000000000, 0.000000000000000000 ) ) ;
#1734 = CARTESIAN_POINT ( 'NONE',  ( 44.12901437272579130, 2.925824820464431486, -69.86160260223833518 ) ) ;
#1735 = VECTOR ( 'NONE', #4613, 1000.000000000000000 ) ;
#1736 = ORIENTED_EDGE ( 'NONE', *, *, #2954, .T. ) ;
#1737 = FACE_OUTER_BOUND ( 'NONE', #3521, .T. ) ;
#1738 = EDGE_LOOP ( 'NONE', ( #2147, #3681, #2626, #4635 ) ) ;
#1739 = DIRECTION ( 'NONE',  ( -1.387778780781445676E-16, -0.000000000000000000, -1.000000000000000000 ) ) ;
#1740 = ORIENTED_EDGE ( 'NONE', *, *, #4337, .T. ) ;
#1741 = EDGE_CURVE ( 'NONE', #2184, #3198, #4176, .T. ) ;
#1742 = ORIENTED_EDGE ( 'NONE', *, *, #3685, .F. ) ;
#1743 = DIRECTION ( 'NONE',  ( 0.000000000000000000, 0.000000000000000000, 1.000000000000000000 ) ) ;
#1744 = CARTESIAN_POINT ( 'NONE',  ( 55.54999999999999005, 4.000000000000000000, -67.50000000000000000 ) ) ;
#1745 = ADVANCED_FACE ( 'NONE', ( #2513 ), #2538, .T. ) ;
#1746 = ORIENTED_EDGE ( 'NONE', *, *, #4699, .T. ) ;
#1747 = CARTESIAN_POINT ( 'NONE',  ( 33.39999999999999858, 4.000000000000000000, -2.000000000000000000 ) ) ;
#1748 = DIRECTION ( 'NONE',  ( 0.000000000000000000, -0.000000000000000000, -1.000000000000000000 ) ) ;
#1749 = ORIENTED_EDGE ( 'NONE', *, *, #3635, .T. ) ;
#1750 = DIRECTION ( 'NONE',  ( -2.209838822900391329E-16, -0.000000000000000000, -1.000000000000000000 ) ) ;
#1751 = DIRECTION ( 'NONE',  ( -0.000000000000000000, -0.000000000000000000, -1.000000000000000000 ) ) ;
#1752 = ORIENTED_EDGE ( 'NONE', *, *, #3335, .T. ) ;
#1753 = LINE ( 'NONE', #3694, #4996 ) ;
#1754 = CARTESIAN_POINT ( 'NONE',  ( 24.83000000000000540, 5.599999999999998757, -40.59999999999999432 ) ) ;
#1755 = ORIENTED_EDGE ( 'NONE', *, *, #3835, .T. ) ;
#1756 = VECTOR ( 'NONE', #2226, 1000.000000000000000 ) ;
#1757 = EDGE_CURVE ( 'NONE', #206, #2594, #2160, .T. ) ;
#1758 = AXIS2_PLACEMENT_3D ( 'NONE', #2697, #1406, #1486 ) ;
#1759 = CARTESIAN_POINT ( 'NONE',  ( 18.26999999999999957, 4.000000000000000000, -42.49999999999999289 ) ) ;
#1760 = CARTESIAN_POINT ( 'NONE',  ( 44.21508119779211654, 3.298389776565198162, -77.03166257026632024 ) ) ;
#1761 = CARTESIAN_POINT ( 'NONE',  ( 22.21999999999999531, 14.19999999999999929, -39.60000000000000853 ) ) ;
#1762 = VERTEX_POINT ( 'NONE', #2991 ) ;
#1763 = VECTOR ( 'NONE', #3496, 1000.000000000000000 ) ;
#1764 = VERTEX_POINT ( 'NONE', #2182 ) ;
#1765 = CARTESIAN_POINT ( 'NONE',  ( 43.61755846654586577, 1.311305322926973771, -69.95973155539340382 ) ) ;
#1766 = DIRECTION ( 'NONE',  ( 0.000000000000000000, 0.000000000000000000, -1.000000000000000000 ) ) ;
#1767 = VECTOR ( 'NONE', #2613, 1000.000000000000114 ) ;
#1768 = AXIS2_PLACEMENT_3D ( 'NONE', #611, #3508, #1462 ) ;
#1769 = EDGE_LOOP ( 'NONE', ( #441, #2412, #2526, #5107 ) ) ;
#1770 = EDGE_CURVE ( 'NONE', #2232, #2327, #3140, .T. ) ;
#1771 = DIRECTION ( 'NONE',  ( -1.000000000000000000, 0.000000000000000000, 0.000000000000000000 ) ) ;
#1772 = ADVANCED_FACE ( 'NONE', ( #3417 ), #4715, .T. ) ;
#1773 = CIRCLE ( 'NONE', #411, 1.650000000000002132 ) ;
#1774 = CARTESIAN_POINT ( 'NONE',  ( 0.000000000000000000, 4.000000000000000000, 0.000000000000000000 ) ) ;
#1775 = ORIENTED_EDGE ( 'NONE', *, *, #1826, .T. ) ;
#1776 = FACE_OUTER_BOUND ( 'NONE', #4935, .T. ) ;
#1777 = CARTESIAN_POINT ( 'NONE',  ( 39.97098562727419591, 2.000000000000000000, -76.50000000000000000 ) ) ;
#1778 = ORIENTED_EDGE ( 'NONE', *, *, #971, .F. ) ;
#1779 = CARTESIAN_POINT ( 'NONE',  ( 43.62845283814706931, 2.125181014099398080, -70.83161473672357999 ) ) ;
#1780 = DIRECTION ( 'NONE',  ( 0.000000000000000000, 0.000000000000000000, 1.000000000000000000 ) ) ;
#1781 = ORIENTED_EDGE ( 'NONE', *, *, #1706, .F. ) ;
#1782 = DIRECTION ( 'NONE',  ( -0.000000000000000000, 1.000000000000000000, -0.000000000000000000 ) ) ;
#1783 = DIRECTION ( 'NONE',  ( 0.000000000000000000, -0.000000000000000000, 1.000000000000000000 ) ) ;
#1784 = CARTESIAN_POINT ( 'NONE',  ( 44.27386497949316890, 2.432834980086834076, -69.33202916147138239 ) ) ;
#1785 = DIRECTION ( 'NONE',  ( 0.000000000000000000, 0.000000000000000000, 1.000000000000000000 ) ) ;
#1786 = ORIENTED_EDGE ( 'NONE', *, *, #765, .F. ) ;
#1787 = ORIENTED_EDGE ( 'NONE', *, *, #427, .F. ) ;
#1788 = ORIENTED_EDGE ( 'NONE', *, *, #267, .T. ) ;
#1789 = LINE ( 'NONE', #1388, #4951 ) ;
#1790 = CARTESIAN_POINT ( 'NONE',  ( 46.13000000000000256, 2.949999999999999289, -34.89999999999999858 ) ) ;
#1791 = EDGE_CURVE ( 'NONE', #2007, #4836, #1001, .T. ) ;
#1792 = VECTOR ( 'NONE', #674, 1000.000000000000000 ) ;
#1793 = VECTOR ( 'NONE', #567, 1000.000000000000000 ) ;
#1794 = ORIENTED_EDGE ( 'NONE', *, *, #692, .F. ) ;
#1795 = CARTESIAN_POINT ( 'NONE',  ( 17.55000000000000071, 2.000000000000000000, -37.50000000000000000 ) ) ;
#1796 = CARTESIAN_POINT ( 'NONE',  ( 64.82999999999999829, 4.000000000000000000, -31.39999999999999858 ) ) ;
#1797 = ORIENTED_EDGE ( 'NONE', *, *, #4199, .F. ) ;
#1798 = DIRECTION ( 'NONE',  ( 1.000000000000000000, -8.673617379884027583E-16, 0.000000000000000000 ) ) ;
#1799 = PRODUCT_RELATED_PRODUCT_CATEGORY ( 'part', '', ( #5305 ) ) ;
#1800 = ORIENTED_EDGE ( 'NONE', *, *, #2431, .F. ) ;
#1801 = DIRECTION ( 'NONE',  ( 0.000000000000000000, -1.000000000000000000, 0.000000000000000000 ) ) ;
#1802 = LINE ( 'NONE', #1425, #4548 ) ;
#1803 = VERTEX_POINT ( 'NONE', #1885 ) ;
#1804 = CIRCLE ( 'NONE', #2406, 9.999999999999994671 ) ;
#1805 = ADVANCED_FACE ( 'NONE', ( #3877 ), #4307, .T. ) ;
#1806 = VECTOR ( 'NONE', #5317, 1000.000000000000000 ) ;
#1807 = FACE_OUTER_BOUND ( 'NONE', #4282, .T. ) ;
#1808 = CARTESIAN_POINT ( 'NONE',  ( 28.11999999999999744, 14.19999999999999929, -39.60000000000000853 ) ) ;
#1809 = CARTESIAN_POINT ( 'NONE',  ( 44.10820506471053193, 2.795042287906224665, -76.31003263941335035 ) ) ;
#1810 = VECTOR ( 'NONE', #2430, 1000.000000000000000 ) ;
#1811 = LINE ( 'NONE', #5155, #902 ) ;
#1812 = EDGE_LOOP ( 'NONE', ( #2297, #3741, #1401, #2904, #260 ) ) ;
#1813 = ADVANCED_FACE ( 'NONE', ( #1456 ), #1404, .F. ) ;
#1814 = AXIS2_PLACEMENT_3D ( 'NONE', #2009, #3708, #3653 ) ;
#1815 = AXIS2_PLACEMENT_3D ( 'NONE', #629, #3500, #1480 ) ;
#1816 = ORIENTED_EDGE ( 'NONE', *, *, #2447, .F. ) ;
#1817 = CARTESIAN_POINT ( 'NONE',  ( 0.000000000000000000, 0.000000000000000000, -37.50000000000000000 ) ) ;
#1818 = CARTESIAN_POINT ( 'NONE',  ( 55.54999999999999005, 2.000000000000000000, -67.50000000000000000 ) ) ;
#1819 = EDGE_CURVE ( 'NONE', #2403, #4151, #4278, .T. ) ;
#1820 = DIRECTION ( 'NONE',  ( -0.000000000000000000, -1.000000000000000000, -0.000000000000000000 ) ) ;
#1821 = CARTESIAN_POINT ( 'NONE',  ( 28.81999999999999318, 3.000000000000000000, -18.39999999999999858 ) ) ;
#1822 = ORIENTED_EDGE ( 'NONE', *, *, #1972, .T. ) ;
#1823 = CARTESIAN_POINT ( 'NONE',  ( 33.39999999999999858, 5.000000000000000000, -1.599704092027028824E-16 ) ) ;
#1824 = ORIENTED_EDGE ( 'NONE', *, *, #4272, .F. ) ;
#1825 = DIRECTION ( 'NONE',  ( 0.000000000000000000, -1.000000000000000000, -0.000000000000000000 ) ) ;
#1826 = EDGE_CURVE ( 'NONE', #4546, #2798, #3044, .T. ) ;
#1827 = LINE ( 'NONE', #5115, #4461 ) ;
#1828 = ORIENTED_EDGE ( 'NONE', *, *, #1716, .T. ) ;
#1829 = DIRECTION ( 'NONE',  ( -1.000000000000000000, -0.000000000000000000, -0.000000000000000000 ) ) ;
#1830 = PLANE ( 'NONE',  #3106 ) ;
#1831 = DIRECTION ( 'NONE',  ( 0.000000000000000000, 0.000000000000000000, -1.000000000000000000 ) ) ;
#1832 = CARTESIAN_POINT ( 'NONE',  ( 43.85769308660034937, 2.270489286673996077, -69.79104814999136863 ) ) ;
#1833 = ORIENTED_EDGE ( 'NONE', *, *, #2686, .F. ) ;
#1834 = EDGE_CURVE ( 'NONE', #234, #285, #4688, .T. ) ;
#1835 = DIRECTION ( 'NONE',  ( 1.000000000000000000, 0.000000000000000000, 0.000000000000000000 ) ) ;
#1836 = ORIENTED_EDGE ( 'NONE', *, *, #1467, .T. ) ;
#1837 = EDGE_CURVE ( 'NONE', #3782, #2443, #3315, .T. ) ;
#1838 = VECTOR ( 'NONE', #2460, 1000.000000000000000 ) ;
#1839 = ORIENTED_EDGE ( 'NONE', *, *, #1918, .F. ) ;
#1840 = DIRECTION ( 'NONE',  ( 0.000000000000000000, 0.000000000000000000, 1.000000000000000000 ) ) ;
#1841 = CARTESIAN_POINT ( 'NONE',  ( 61.58000000000000540, 14.19999999999999929, -31.39999999999999858 ) ) ;
#1842 = VECTOR ( 'NONE', #1780, 1000.000000000000000 ) ;
#1843 = DIRECTION ( 'NONE',  ( -1.000000000000000000, 0.000000000000000000, 0.000000000000000000 ) ) ;
#1844 = ORIENTED_EDGE ( 'NONE', *, *, #4370, .F. ) ;
#1845 = CARTESIAN_POINT ( 'NONE',  ( 76.09999999999998010, 0.000000000000000000, -22.09999999999998366 ) ) ;
#1846 = CARTESIAN_POINT ( 'NONE',  ( 83.10000000000000853, 4.000000000000000000, -1.208503727704051627E-15 ) ) ;
#1847 = ORIENTED_EDGE ( 'NONE', *, *, #1526, .F. ) ;
#1848 = PLANE ( 'NONE',  #1063 ) ;
#1849 = ORIENTED_EDGE ( 'NONE', *, *, #4562, .F. ) ;
#1850 = CIRCLE ( 'NONE', #3232, 2.000000000000001776 ) ;
#1851 = DIRECTION ( 'NONE',  ( 1.000000000000000000, 0.000000000000000000, -3.953785700232036912E-16 ) ) ;
#1852 = CARTESIAN_POINT ( 'NONE',  ( 35.93000000000000682, 11.93999999999999950, -25.59999999999999076 ) ) ;
#1853 = ORIENTED_EDGE ( 'NONE', *, *, #4912, .F. ) ;
#1854 = DIRECTION ( 'NONE',  ( 1.000000000000000000, 0.000000000000000000, 0.000000000000000000 ) ) ;
#1855 = CARTESIAN_POINT ( 'NONE',  ( 64.82999999999999829, 14.19999999999999929, -39.39999999999999858 ) ) ;
#1856 = EDGE_CURVE ( 'NONE', #221, #2397, #2209, .T. ) ;
#1857 = VECTOR ( 'NONE', #1361, 1000.000000000000000 ) ;
#1858 = CARTESIAN_POINT ( 'NONE',  ( 0.000000000000000000, 14.19999999999999929, 0.000000000000000000 ) ) ;
#1859 = CARTESIAN_POINT ( 'NONE',  ( 43.21587225133338706, 1.925252127955236370, -70.22750301188970923 ) ) ;
#1860 = ORIENTED_EDGE ( 'NONE', *, *, #2644, .T. ) ;
#1861 = DIRECTION ( 'NONE',  ( -0.000000000000000000, -1.000000000000000000, -0.000000000000000000 ) ) ;
#1862 = VERTEX_POINT ( 'NONE', #606 ) ;
#1863 = ADVANCED_FACE ( 'NONE', ( #3100 ), #4661, .F. ) ;
#1864 = CARTESIAN_POINT ( 'NONE',  ( 46.13000000000000256, 11.94999999999999929, -32.82500000000000284 ) ) ;
#1865 = DIRECTION ( 'NONE',  ( -0.000000000000000000, -1.000000000000000000, -0.000000000000000000 ) ) ;
#1866 = ORIENTED_EDGE ( 'NONE', *, *, #2724, .F. ) ;
#1867 = FACE_OUTER_BOUND ( 'NONE', #1101, .T. ) ;
#1868 = EDGE_CURVE ( 'NONE', #3808, #4011, #1053, .T. ) ;
#1869 = ORIENTED_EDGE ( 'NONE', *, *, #3240, .T. ) ;
#1870 = CARTESIAN_POINT ( 'NONE',  ( 37.97095500231817056, 3.986863992879254859, -75.76378097745173079 ) ) ;
#1871 = VECTOR ( 'NONE', #4706, 1000.000000000000000 ) ;
#1872 = LINE ( 'NONE', #3489, #4277 ) ;
#1873 = ORIENTED_EDGE ( 'NONE', *, *, #3539, .T. ) ;
#1874 = CARTESIAN_POINT ( 'NONE',  ( 44.12901437272579130, 3.000000000000000000, -75.50000000000000000 ) ) ;
#1875 = EDGE_CURVE ( 'NONE', #2195, #104, #3125, .T. ) ;
#1876 = CIRCLE ( 'NONE', #1196, 2.075000000000000622 ) ;
#1877 = ORIENTED_EDGE ( 'NONE', *, *, #2667, .T. ) ;
#1878 = LINE ( 'NONE', #598, #3274 ) ;
#1879 = AXIS2_PLACEMENT_3D ( 'NONE', #1563, #5223, #4381 ) ;
#1880 = DIRECTION ( 'NONE',  ( 0.000000000000000000, 0.000000000000000000, -1.000000000000000000 ) ) ;
#1881 = ORIENTED_EDGE ( 'NONE', *, *, #5032, .F. ) ;
#1882 = LINE ( 'NONE', #5199, #2459 ) ;
#1883 = CARTESIAN_POINT ( 'NONE',  ( 18.26999999999999957, 14.19999999999999929, -31.39999999999999858 ) ) ;
#1884 = DIRECTION ( 'NONE',  ( -1.746512434912466574E-16, 0.000000000000000000, -1.000000000000000000 ) ) ;
#1885 = CARTESIAN_POINT ( 'NONE',  ( 0.000000000000000000, 6.000000000000000000, -37.50000000000000000 ) ) ;
#1886 = CARTESIAN_POINT ( 'NONE',  ( 43.73124033034937952, 2.148240545561286741, -69.89620547180184928 ) ) ;
#1887 = ORIENTED_EDGE ( 'NONE', *, *, #3452, .T. ) ;
#1888 = EDGE_CURVE ( 'NONE', #4270, #662, #2260, .T. ) ;
#1889 = LINE ( 'NONE', #5099, #2529 ) ;
#1890 = ORIENTED_EDGE ( 'NONE', *, *, #1251, .F. ) ;
#1891 = EDGE_LOOP ( 'NONE', ( #4500, #1283, #4008, #2377 ) ) ;
#1892 = VECTOR ( 'NONE', #4027, 1000.000000000000000 ) ;
#1893 = CARTESIAN_POINT ( 'NONE',  ( 76.09999999999998010, 0.000000000000000000, -5.999999999999991118 ) ) ;
#1894 = DIRECTION ( 'NONE',  ( 1.000000000000000000, 0.000000000000000000, 0.000000000000000000 ) ) ;
#1895 = FACE_OUTER_BOUND ( 'NONE', #583, .T. ) ;
#1896 = EDGE_CURVE ( 'NONE', #1762, #4309, #3073, .T. ) ;
#1897 = AXIS2_PLACEMENT_3D ( 'NONE', #4477, #2030, #5318 ) ;
#1898 = EDGE_LOOP ( 'NONE', ( #4111, #4347, #663, #78 ) ) ;
#1899 = CARTESIAN_POINT ( 'NONE',  ( 37.97098562727419591, 4.000000000000000000, -75.50000000000000000 ) ) ;
#1900 = DIRECTION ( 'NONE',  ( 0.000000000000000000, 0.000000000000000000, -1.000000000000000000 ) ) ;
#1901 = ORIENTED_EDGE ( 'NONE', *, *, #2086, .T. ) ;
#1902 = EDGE_CURVE ( 'NONE', #4991, #3533, #4252, .T. ) ;
#1903 = CARTESIAN_POINT ( 'NONE',  ( 56.13000000000000256, 11.93999999999999950, -31.39999999999999858 ) ) ;
#1904 = LINE ( 'NONE', #4813, #868 ) ;
#1905 = VERTEX_POINT ( 'NONE', #2287 ) ;
#1906 = CARTESIAN_POINT ( 'NONE',  ( 41.54999999999999716, 2.999999999999999112, -67.13384597600372672 ) ) ;
#1907 = CARTESIAN_POINT ( 'NONE',  ( 0.000000000000000000, 4.000000000000000000, 0.000000000000000000 ) ) ;
#1908 = ORIENTED_EDGE ( 'NONE', *, *, #2941, .F. ) ;
#1909 = CARTESIAN_POINT ( 'NONE',  ( 33.39999999999999858, 4.400000000000000355, -2.000000000000000000 ) ) ;
#1910 = PLANE ( 'NONE',  #3711 ) ;
#1911 = DIRECTION ( 'NONE',  ( 0.000000000000000000, 0.000000000000000000, -1.000000000000000000 ) ) ;
#1912 = CARTESIAN_POINT ( 'NONE',  ( 39.97098562727419591, 3.000000000000000000, -76.50000000000000000 ) ) ;
#1913 = CARTESIAN_POINT ( 'NONE',  ( 43.78026403713488435, 2.238622364977979284, -70.59229357578986708 ) ) ;
#1914 = ORIENTED_EDGE ( 'NONE', *, *, #133, .F. ) ;
#1915 = CARTESIAN_POINT ( 'NONE',  ( 17.55000000000000071, 2.000000000000000000, -58.99999999999998579 ) ) ;
#1916 = ORIENTED_EDGE ( 'NONE', *, *, #5309, .T. ) ;
#1917 = ORIENTED_EDGE ( 'NONE', *, *, #96, .F. ) ;
#1918 = EDGE_CURVE ( 'NONE', #2869, #2110, #255, .T. ) ;
#1919 = CARTESIAN_POINT ( 'NONE',  ( 41.54999999999999716, 2.999999999999999112, -63.63384597600371961 ) ) ;
#1920 = DIRECTION ( 'NONE',  ( 0.000000000000000000, -3.212450881438534706E-16, -1.000000000000000000 ) ) ;
#1921 = ORIENTED_EDGE ( 'NONE', *, *, #4802, .F. ) ;
#1922 = DIRECTION ( 'NONE',  ( 0.000000000000000000, 0.000000000000000000, -1.000000000000000000 ) ) ;
#1923 = ADVANCED_FACE ( 'NONE', ( #3953 ), #2722, .F. ) ;
#1924 = ORIENTED_EDGE ( 'NONE', *, *, #4899, .F. ) ;
#1925 = AXIS2_PLACEMENT_3D ( 'NONE', #4805, #1865, #4395 ) ;
#1926 = CIRCLE ( 'NONE', #1336, 3.400000000000014122 ) ;
#1927 = LINE ( 'NONE', #2300, #1960 ) ;
#1928 = LINE ( 'NONE', #3567, #1673 ) ;
#1929 = FACE_BOUND ( 'NONE', #2199, .T. ) ;
#1930 = ORIENTED_EDGE ( 'NONE', *, *, #3937, .F. ) ;
#1931 = EDGE_CURVE ( 'NONE', #5024, #3204, #4692, .T. ) ;
#1932 = ADVANCED_FACE ( 'NONE', ( #4060 ), #1191, .F. ) ;
#1933 = CARTESIAN_POINT ( 'NONE',  ( 30.23000000000000753, 6.499999999999999112, -44.39999999999999147 ) ) ;
#1934 = DIRECTION ( 'NONE',  ( -1.000000000000000000, 0.000000000000000000, 0.000000000000000000 ) ) ;
#1935 = ORIENTED_EDGE ( 'NONE', *, *, #3814, .T. ) ;
#1936 = VECTOR ( 'NONE', #237, 1000.000000000000000 ) ;
#1937 = CARTESIAN_POINT ( 'NONE',  ( 21.51999999999999602, 6.000000000000000000, -31.39999999999999858 ) ) ;
#1938 = FACE_OUTER_BOUND ( 'NONE', #4587, .T. ) ;
#1939 = VECTOR ( 'NONE', #1483, 1000.000000000000000 ) ;
#1940 = VECTOR ( 'NONE', #4015, 1000.000000000000000 ) ;
#1941 = ORIENTED_EDGE ( 'NONE', *, *, #364, .F. ) ;
#1942 = LINE ( 'NONE', #1219, #3951 ) ;
#1943 = CARTESIAN_POINT ( 'NONE',  ( 43.44168589292475247, 1.980852902963267992, -70.10008659320295976 ) ) ;
#1944 = FACE_OUTER_BOUND ( 'NONE', #1812, .T. ) ;
#1945 = VERTEX_POINT ( 'NONE', #3262 ) ;
#1946 = AXIS2_PLACEMENT_3D ( 'NONE', #2006, #4860, #3936 ) ;
#1947 = CARTESIAN_POINT ( 'NONE',  ( 28.11999999999999744, 4.000000000000000000, -18.39999999999999858 ) ) ;
#1948 = CARTESIAN_POINT ( 'NONE',  ( 23.55000000000000071, 4.000000000000000000, -52.42716227728432443 ) ) ;
#1949 = DIRECTION ( 'NONE',  ( 0.000000000000000000, -0.9605132315373741125, 0.2782343114025134234 ) ) ;
#1950 = ORIENTED_EDGE ( 'NONE', *, *, #4166, .T. ) ;
#1951 = CARTESIAN_POINT ( 'NONE',  ( 64.32999999999999829, 14.19999999999999929, -39.39999999999999858 ) ) ;
#1952 = EDGE_CURVE ( 'NONE', #407, #4600, #2805, .T. ) ;
#1953 = CARTESIAN_POINT ( 'NONE',  ( 41.54999999999999716, -9.899494936611672458, -67.13384597600372672 ) ) ;
#1954 = LINE ( 'NONE', #1150, #479 ) ;
#1955 = DIRECTION ( 'NONE',  ( 0.000000000000000000, 1.000000000000000000, 0.000000000000000000 ) ) ;
#1956 = ORIENTED_EDGE ( 'NONE', *, *, #2091, .T. ) ;
#1957 = CARTESIAN_POINT ( 'NONE',  ( 22.21999999999999886, 3.000000000000000000, -1.599704092027028824E-16 ) ) ;
#1958 = DIRECTION ( 'NONE',  ( 0.000000000000000000, 0.000000000000000000, 1.000000000000000000 ) ) ;
#1959 = ORIENTED_EDGE ( 'NONE', *, *, #808, .T. ) ;
#1960 = VECTOR ( 'NONE', #3218, 1000.000000000000000 ) ;
#1961 = CARTESIAN_POINT ( 'NONE',  ( 37.97098562727419591, 3.000000000000000000, -69.49999999999998579 ) ) ;
#1962 = CARTESIAN_POINT ( 'NONE',  ( 35.31999999999999318, 14.19999999999999929, -44.39999999999999147 ) ) ;
#1963 = EDGE_CURVE ( 'NONE', #2043, #2289, #3566, .T. ) ;
#1964 = AXIS2_PLACEMENT_3D ( 'NONE', #3676, #3294, #4043 ) ;
#1965 = AXIS2_PLACEMENT_3D ( 'NONE', #5257, #1992, #2801 ) ;
#1966 = DIRECTION ( 'NONE',  ( 1.000000000000000000, 0.000000000000000000, 0.000000000000000000 ) ) ;
#1967 = CIRCLE ( 'NONE', #5241, 4.500000000000003553 ) ;
#1968 = ORIENTED_EDGE ( 'NONE', *, *, #2167, .T. ) ;
#1969 = LINE ( 'NONE', #4906, #3355 ) ;
#1970 = CARTESIAN_POINT ( 'NONE',  ( 20.11999999999999744, 6.000000000000000000, -31.39999999999999858 ) ) ;
#1971 = ORIENTED_EDGE ( 'NONE', *, *, #4299, .T. ) ;
#1972 = EDGE_CURVE ( 'NONE', #3636, #3031, #389, .T. ) ;
#1973 = ORIENTED_EDGE ( 'NONE', *, *, #3057, .T. ) ;
#1974 = LINE ( 'NONE', #5268, #2714 ) ;
#1975 = CARTESIAN_POINT ( 'NONE',  ( 7.000000000000000000, 0.000000000000000000, -25.50000000000000000 ) ) ;
#1976 = DIRECTION ( 'NONE',  ( 0.000000000000000000, 0.2782343114025134234, 0.9605132315373741125 ) ) ;
#1977 = VERTEX_POINT ( 'NONE', #283 ) ;
#1978 = AXIS2_PLACEMENT_3D ( 'NONE', #3688, #439, #4924 ) ;
#1979 = ORIENTED_EDGE ( 'NONE', *, *, #4573, .T. ) ;
#1980 = DIRECTION ( 'NONE',  ( 0.000000000000000000, -0.000000000000000000, -1.000000000000000000 ) ) ;
#1981 = VECTOR ( 'NONE', #4982, 1000.000000000000000 ) ;
#1982 = CARTESIAN_POINT ( 'NONE',  ( 38.97098562727419591, 3.000000000000000000, -69.86160258534813750 ) ) ;
#1983 = DIRECTION ( 'NONE',  ( 0.000000000000000000, 0.000000000000000000, 1.000000000000000000 ) ) ;
#1984 = LINE ( 'NONE', #381, #4564 ) ;
#1985 = ORIENTED_EDGE ( 'NONE', *, *, #4728, .T. ) ;
#1986 = ADVANCED_FACE ( 'NONE', ( #3668 ), #2774, .F. ) ;
#1987 = VECTOR ( 'NONE', #1247, 1000.000000000000000 ) ;
#1988 = DIRECTION ( 'NONE',  ( -0.000000000000000000, -1.000000000000000000, -0.000000000000000000 ) ) ;
#1989 = CARTESIAN_POINT ( 'NONE',  ( 54.12999999999999545, 11.94000000000000128, -20.19999999999999574 ) ) ;
#1990 = ORIENTED_EDGE ( 'NONE', *, *, #5251, .F. ) ;
#1991 = CARTESIAN_POINT ( 'NONE',  ( 39.23123469605900482, 2.324304235834071974, -70.43677940418885441 ) ) ;
#1992 = DIRECTION ( 'NONE',  ( -1.000000000000000000, -0.000000000000000000, -0.000000000000000000 ) ) ;
#1993 = ORIENTED_EDGE ( 'NONE', *, *, #4398, .T. ) ;
#1994 = ADVANCED_FACE ( 'NONE', ( #1621 ), #488, .T. ) ;
#1995 = CARTESIAN_POINT ( 'NONE',  ( 76.09999999999998010, 6.000000000000000000, -5.999999999999991118 ) ) ;
#1996 = CARTESIAN_POINT ( 'NONE',  ( 38.95612963235620896, 2.034790738977091618, -69.48487487314976363 ) ) ;
#1997 = CARTESIAN_POINT ( 'NONE',  ( 65.54999999999999716, 2.000000000000000000, -67.50000000000000000 ) ) ;
#1998 = ORIENTED_EDGE ( 'NONE', *, *, #3619, .T. ) ;
#1999 = ORIENTED_EDGE ( 'NONE', *, *, #751, .T. ) ;
#2000 = CARTESIAN_POINT ( 'NONE',  ( 60.68000000000001393, 8.499999999999998224, 0.001000000000001000089 ) ) ;
#2001 = EDGE_CURVE ( 'NONE', #4408, #2448, #1969, .T. ) ;
#2002 = DIRECTION ( 'NONE',  ( -0.7953365272724011170, 0.000000000000000000, 0.6061681354098689134 ) ) ;
#2003 = CARTESIAN_POINT ( 'NONE',  ( 35.31999999999999318, 3.000000000000000000, -40.59999999999999432 ) ) ;
#2004 = EDGE_CURVE ( 'NONE', #2798, #793, #1942, .T. ) ;
#2005 = DIRECTION ( 'NONE',  ( 0.04896081862546419056, -0.9988006999594686297, 0.000000000000000000 ) ) ;
#2006 = CARTESIAN_POINT ( 'NONE',  ( 0.000000000000000000, 11.94999999999999929, 0.000000000000000000 ) ) ;
#2007 = VERTEX_POINT ( 'NONE', #3553 ) ;
#2008 = ORIENTED_EDGE ( 'NONE', *, *, #3734, .T. ) ;
#2009 = CARTESIAN_POINT ( 'NONE',  ( 0.000000000000000000, 6.000000000000000000, 0.000000000000000000 ) ) ;
#2010 = DIRECTION ( 'NONE',  ( 0.000000000000000000, 0.000000000000000000, 1.000000000000000000 ) ) ;
#2011 = DIRECTION ( 'NONE',  ( 0.000000000000000000, 0.000000000000000000, 1.000000000000000000 ) ) ;
#2012 = ORIENTED_EDGE ( 'NONE', *, *, #3285, .T. ) ;
#2013 = AXIS2_PLACEMENT_3D ( 'NONE', #5090, #3819, #140 ) ;
#2014 = VECTOR ( 'NONE', #5288, 1000.000000000000000 ) ;
#2015 = DIRECTION ( 'NONE',  ( 0.000000000000000000, 0.000000000000000000, -1.000000000000000000 ) ) ;
#2016 = DIRECTION ( 'NONE',  ( 1.746512434912466327E-16, -0.000000000000000000, 1.000000000000000000 ) ) ;
#2017 = ORIENTED_EDGE ( 'NONE', *, *, #2618, .F. ) ;
#2018 = CARTESIAN_POINT ( 'NONE',  ( 65.54999999999999716, 4.000000000000000000, -49.99999999999997868 ) ) ;
#2019 = DIRECTION ( 'NONE',  ( -2.135044278125301343E-15, 0.000000000000000000, 1.000000000000000000 ) ) ;
#2020 = TOROIDAL_SURFACE ( 'NONE', #2703, 2.000000000000000000, 1.000000000000000000 ) ;
#2021 = ORIENTED_EDGE ( 'NONE', *, *, #3787, .T. ) ;
#2022 = DIRECTION ( 'NONE',  ( 1.000000000000000000, -0.000000000000000000, -0.000000000000000000 ) ) ;
#2023 = CARTESIAN_POINT ( 'NONE',  ( 40.08040954034996872, 0.9999999999999965583, -70.32081912367684140 ) ) ;
#2024 = LINE ( 'NONE', #2369, #392 ) ;
#2025 = EDGE_LOOP ( 'NONE', ( #3476, #4603, #4717, #2681, #2926 ) ) ;
#2026 = ADVANCED_FACE ( 'NONE', ( #760 ), #2395, .T. ) ;
#2027 = VERTEX_POINT ( 'NONE', #1109 ) ;
#2028 = AXIS2_PLACEMENT_3D ( 'NONE', #3019, #4745, #2669 ) ;
#2029 = AXIS2_PLACEMENT_3D ( 'NONE', #209, #3478, #3079 ) ;
#2030 = DIRECTION ( 'NONE',  ( -1.746512434912466327E-16, 0.000000000000000000, -1.000000000000000000 ) ) ;
#2031 = CARTESIAN_POINT ( 'NONE',  ( 22.21999999999999531, 6.000000000000000000, -31.39999999999999858 ) ) ;
#2032 = CONICAL_SURFACE ( 'NONE', #59, 3.400000000000014122, 0.7853981633974463916 ) ;
#2033 = LINE ( 'NONE', #850, #3185 ) ;
#2034 = CARTESIAN_POINT ( 'NONE',  ( 22.21999999999999886, 3.000000000000000000, -1.599704092027028824E-16 ) ) ;
#2035 = ADVANCED_FACE ( 'NONE', ( #2748 ), #4388, .F. ) ;
#2036 = ORIENTED_EDGE ( 'NONE', *, *, #503, .F. ) ;
#2037 = DIRECTION ( 'NONE',  ( -0.000000000000000000, -1.000000000000000000, -0.000000000000000000 ) ) ;
#2038 = CARTESIAN_POINT ( 'NONE',  ( 61.58000000000000540, 6.000000000000000000, -31.39999999999999858 ) ) ;
#2039 = EDGE_CURVE ( 'NONE', #1157, #2305, #4414, .T. ) ;
#2040 = ORIENTED_EDGE ( 'NONE', *, *, #2962, .F. ) ;
#2041 = CARTESIAN_POINT ( 'NONE',  ( 0.000000000000000000, 0.000000000000000000, -28.16575235469809968 ) ) ;
#2042 = CARTESIAN_POINT ( 'NONE',  ( 41.54999999999999716, 2.000000000000000000, -67.13384597600372672 ) ) ;
#2043 = VERTEX_POINT ( 'NONE', #310 ) ;
#2044 = EDGE_CURVE ( 'NONE', #3724, #3938, #1804, .T. ) ;
#2045 = CARTESIAN_POINT ( 'NONE',  ( 40.32187771010215727, 0.9999999999999988898, -70.41130164176887263 ) ) ;
#2046 = FACE_OUTER_BOUND ( 'NONE', #2158, .T. ) ;
#2047 = ORIENTED_EDGE ( 'NONE', *, *, #5100, .F. ) ;
#2048 = CARTESIAN_POINT ( 'NONE',  ( 38.17208284985801470, 2.231582046948049847, -77.50000000000000000 ) ) ;
#2049 = B_SPLINE_CURVE_WITH_KNOTS ( 'NONE', 3,
 ( #2127, #3768, #1723, #919, #4193, #4520, #4512, #3992, #832, #4018 ),
 .UNSPECIFIED., .F., .F.,
 ( 4, 2, 2, 2, 4 ),
 ( 0.001482246488413390458, 0.001634933214626753959, 0.001787619940840117242, 0.002092993393266840557, 0.002703740298120286753 ),
 .UNSPECIFIED. ) ;
#2050 = CARTESIAN_POINT ( 'NONE',  ( 7.000000000000000000, 4.000000000000000000, -25.50000000000000000 ) ) ;
#2051 = ORIENTED_EDGE ( 'NONE', *, *, #604, .T. ) ;
#2052 = VECTOR ( 'NONE', #1524, 1000.000000000000000 ) ;
#2053 = VECTOR ( 'NONE', #2274, 1000.000000000000000 ) ;
#2054 = DIRECTION ( 'NONE',  ( 1.000000000000000000, -0.000000000000000000, -1.454276447297294337E-17 ) ) ;
#2055 = ADVANCED_FACE ( 'NONE', ( #337 ), #2367, .T. ) ;
#2056 = DIRECTION ( 'NONE',  ( 0.000000000000000000, -0.7071067811865489050, -0.7071067811865460184 ) ) ;
#2057 = CARTESIAN_POINT ( 'NONE',  ( 34.13000000000000256, 13.00000000000000000, -25.59999999999999076 ) ) ;
#2058 = CARTESIAN_POINT ( 'NONE',  ( 76.09999999999998010, 4.000000000000000000, -5.999999999999991118 ) ) ;
#2059 = DIRECTION ( 'NONE',  ( -1.000000000000000000, 0.000000000000000000, 1.746512434912466574E-16 ) ) ;
#2060 = ORIENTED_EDGE ( 'NONE', *, *, #2200, .T. ) ;
#2061 = ORIENTED_EDGE ( 'NONE', *, *, #1376, .T. ) ;
#2062 = PLANE ( 'NONE',  #1814 ) ;
#2063 = ADVANCED_FACE ( 'NONE', ( #1569 ), #3205, .F. ) ;
#2064 = CARTESIAN_POINT ( 'NONE',  ( 54.08000000000000540, 8.499999999999998224, -40.59999999999999432 ) ) ;
#2065 = VECTOR ( 'NONE', #4489, 1000.000000000000000 ) ;
#2066 = VECTOR ( 'NONE', #4212, 1000.000000000000000 ) ;
#2067 = ORIENTED_EDGE ( 'NONE', *, *, #718, .T. ) ;
#2068 = VECTOR ( 'NONE', #4601, 1000.000000000000000 ) ;
#2069 = FACE_OUTER_BOUND ( 'NONE', #2619, .T. ) ;
#2070 = ADVANCED_FACE ( 'NONE', ( #66 ), #3726, .T. ) ;
#2071 = CARTESIAN_POINT ( 'NONE',  ( 0.000000000000000000, 5.000000000000000000, 0.000000000000000000 ) ) ;
#2072 = ORIENTED_EDGE ( 'NONE', *, *, #5084, .F. ) ;
#2073 = CARTESIAN_POINT ( 'NONE',  ( 60.87999999999999545, 6.000000000000000000, -31.39999999999999858 ) ) ;
#2074 = DIRECTION ( 'NONE',  ( 0.000000000000000000, 0.000000000000000000, 1.000000000000000000 ) ) ;
#2075 =( GEOMETRIC_REPRESENTATION_CONTEXT ( 3 ) GLOBAL_UNCERTAINTY_ASSIGNED_CONTEXT ( ( #994 ) ) GLOBAL_UNIT_ASSIGNED_CONTEXT ( ( #3444, #2990, #4227 ) ) REPRESENTATION_CONTEXT ( 'NONE', 'WORKASPACE' ) );
#2076 = AXIS2_PLACEMENT_3D ( 'NONE', #5175, #3526, #2721 ) ;
#2077 = EDGE_LOOP ( 'NONE', ( #5015, #4892, #2080, #65 ) ) ;
#2078 = CARTESIAN_POINT ( 'NONE',  ( 37.97098562722381843, 3.999999999999996447, -75.76890168903078404 ) ) ;
#2079 = DIRECTION ( 'NONE',  ( -1.000000000000000000, 0.000000000000000000, 0.000000000000000000 ) ) ;
#2080 = ORIENTED_EDGE ( 'NONE', *, *, #3615, .F. ) ;
#2081 = DIRECTION ( 'NONE',  ( -1.000000000000000000, 0.000000000000000000, 0.000000000000000000 ) ) ;
#2082 = DIRECTION ( 'NONE',  ( 1.746512434912466574E-16, 0.000000000000000000, 1.000000000000000000 ) ) ;
#2083 = DIRECTION ( 'NONE',  ( 0.000000000000000000, 0.000000000000000000, 1.000000000000000000 ) ) ;
#2084 = PLANE ( 'NONE',  #3821 ) ;
#2085 = DIRECTION ( 'NONE',  ( -1.000000000000000000, 0.000000000000000000, -0.000000000000000000 ) ) ;
#2086 = EDGE_CURVE ( 'NONE', #688, #4108, #952, .T. ) ;
#2087 = VERTEX_POINT ( 'NONE', #2507 ) ;
#2088 = ORIENTED_EDGE ( 'NONE', *, *, #5319, .T. ) ;
#2089 = DIRECTION ( 'NONE',  ( 0.000000000000000000, 0.000000000000000000, -1.000000000000000000 ) ) ;
#2090 = CARTESIAN_POINT ( 'NONE',  ( 39.97098562727419591, 1.000000000000000000, -76.50000000000000000 ) ) ;
#2091 = EDGE_CURVE ( 'NONE', #4104, #2420, #1753, .T. ) ;
#2092 = ORIENTED_EDGE ( 'NONE', *, *, #1168, .F. ) ;
#2093 = DIRECTION ( 'NONE',  ( -0.000000000000000000, -1.000000000000000000, -0.000000000000000000 ) ) ;
#2094 = FACE_OUTER_BOUND ( 'NONE', #148, .T. ) ;
#2095 = ORIENTED_EDGE ( 'NONE', *, *, #1647, .T. ) ;
#2096 = LINE ( 'NONE', #2073, #714 ) ;
#2097 = DIRECTION ( 'NONE',  ( -1.746512434912466574E-16, 0.000000000000000000, -1.000000000000000000 ) ) ;
#2098 = EDGE_CURVE ( 'NONE', #1311, #3724, #1348, .T. ) ;
#2099 = EDGE_CURVE ( 'NONE', #2397, #2110, #1649, .T. ) ;
#2100 = ORIENTED_EDGE ( 'NONE', *, *, #2221, .F. ) ;
#2101 = DIRECTION ( 'NONE',  ( 0.000000000000000000, 0.000000000000000000, 1.000000000000000000 ) ) ;
#2102 = VECTOR ( 'NONE', #1517, 1000.000000000000000 ) ;
#2103 = CARTESIAN_POINT ( 'NONE',  ( 53.73000000000000398, 11.93999999999999950, -25.59999999999999076 ) ) ;
#2104 = ORIENTED_EDGE ( 'NONE', *, *, #1280, .T. ) ;
#2105 = EDGE_LOOP ( 'NONE', ( #2515, #4504, #2795, #1478 ) ) ;
#2106 = ADVANCED_FACE ( 'NONE', ( #2880 ), #4140, .F. ) ;
#2107 = CARTESIAN_POINT ( 'NONE',  ( 23.61999999999999389, 4.000000000000000000, -31.39999999999999858 ) ) ;
#2108 = CARTESIAN_POINT ( 'NONE',  ( 54.08000000000000540, 14.19999999999999929, -39.59999999999999432 ) ) ;
#2109 = CARTESIAN_POINT ( 'NONE',  ( 45.04427348339119419, 2.841083413223338017, -77.31907896706054828 ) ) ;
#2110 = VERTEX_POINT ( 'NONE', #3311 ) ;
#2111 = CARTESIAN_POINT ( 'NONE',  ( 60.87999999999999545, 14.19999999999999929, -31.39999999999999858 ) ) ;
#2112 = LINE ( 'NONE', #3323, #3402 ) ;
#2113 = AXIS2_PLACEMENT_3D ( 'NONE', #19, #1225, #2457 ) ;
#2114 = EDGE_CURVE ( 'NONE', #1471, #1042, #4962, .T. ) ;
#2115 = ORIENTED_EDGE ( 'NONE', *, *, #4462, .T. ) ;
#2116 = AXIS2_PLACEMENT_3D ( 'NONE', #3234, #1596, #4879 ) ;
#2117 = VECTOR ( 'NONE', #1592, 1000.000000000000000 ) ;
#2118 = VERTEX_POINT ( 'NONE', #3745 ) ;
#2119 = FACE_OUTER_BOUND ( 'NONE', #1719, .T. ) ;
#2120 = LINE ( 'NONE', #888, #4894 ) ;
#2121 = CIRCLE ( 'NONE', #575, 8.000000000000007105 ) ;
#2122 = ORIENTED_EDGE ( 'NONE', *, *, #1218, .F. ) ;
#2123 = ADVANCED_FACE ( 'NONE', ( #3119 ), #1450, .T. ) ;
#2124 = CARTESIAN_POINT ( 'NONE',  ( 57.03000000000000114, 4.000000000000000000, -31.39999999999999858 ) ) ;
#2125 = CARTESIAN_POINT ( 'NONE',  ( 46.13000000000000256, 11.94999999999999929, -36.97500000000000142 ) ) ;
#2126 = ORIENTED_EDGE ( 'NONE', *, *, #4135, .F. ) ;
#2127 = CARTESIAN_POINT ( 'NONE',  ( 39.10496022348976197, 2.499999999999989786, -76.50000000000000000 ) ) ;
#2128 = CARTESIAN_POINT ( 'NONE',  ( 26.43000000000001393, 5.599999999999998757, 0.001000000000007938983 ) ) ;
#2129 = VERTEX_POINT ( 'NONE', #4224 ) ;
#2130 = CARTESIAN_POINT ( 'NONE',  ( 38.97664567211082698, 2.892032868808927404, -76.12430897012686160 ) ) ;
#2131 = EDGE_CURVE ( 'NONE', #3376, #3329, #5171, .T. ) ;
#2132 = DIRECTION ( 'NONE',  ( 1.000000000000000000, 0.000000000000000000, -6.938893903907222067E-15 ) ) ;
#2133 = ORIENTED_EDGE ( 'NONE', *, *, #978, .F. ) ;
#2134 = DIRECTION ( 'NONE',  ( 0.000000000000000000, 1.000000000000000000, 0.000000000000000000 ) ) ;
#2135 = LINE ( 'NONE', #2482, #737 ) ;
#2136 = CARTESIAN_POINT ( 'NONE',  ( 44.12901437272579130, 2.999999999999998224, -69.52396775967521592 ) ) ;
#2137 = CARTESIAN_POINT ( 'NONE',  ( 59.54999999999999716, 14.19999999999999929, -54.50216227728432727 ) ) ;
#2138 = ORIENTED_EDGE ( 'NONE', *, *, #29, .F. ) ;
#2139 = ADVANCED_FACE ( 'NONE', ( #4271 ), #3036, .F. ) ;
#2140 = PLANE ( 'NONE',  #2363 ) ;
#2141 = AXIS2_PLACEMENT_3D ( 'NONE', #2733, #350, #3967 ) ;
#2142 = ORIENTED_EDGE ( 'NONE', *, *, #4671, .F. ) ;
#2143 = EDGE_LOOP ( 'NONE', ( #527, #1914, #1375, #161 ) ) ;
#2144 = CARTESIAN_POINT ( 'NONE',  ( 43.01427948797845602, 1.017894626775303735, -70.31519388070620380 ) ) ;
#2145 = CIRCLE ( 'NONE', #5158, 1.000000000000000888 ) ;
#2146 = DIRECTION ( 'NONE',  ( -0.000000000000000000, -1.000000000000000000, -0.000000000000000000 ) ) ;
#2147 = ORIENTED_EDGE ( 'NONE', *, *, #1770, .F. ) ;
#2148 = DIRECTION ( 'NONE',  ( -0.000000000000000000, -1.000000000000000000, -0.000000000000000000 ) ) ;
#2149 = DIRECTION ( 'NONE',  ( 8.659560562354913137E-17, -0.7071067811865489050, 0.7071067811865460184 ) ) ;
#2150 = ORIENTED_EDGE ( 'NONE', *, *, #5119, .F. ) ;
#2151 = CARTESIAN_POINT ( 'NONE',  ( 39.24289999411707441, 2.269821315896837444, -69.79156670460055523 ) ) ;
#2152 = DIRECTION ( 'NONE',  ( -0.000000000000000000, -0.000000000000000000, -1.000000000000000000 ) ) ;
#2153 = ADVANCED_FACE ( 'NONE', ( #1475 ), #867, .T. ) ;
#2154 = ORIENTED_EDGE ( 'NONE', *, *, #912, .F. ) ;
#2155 = AXIS2_PLACEMENT_3D ( 'NONE', #1912, #2340, #5312 ) ;
#2156 = CARTESIAN_POINT ( 'NONE',  ( 38.03561154008660594, 2.960388280768899705, -77.27290318506318556 ) ) ;
#2157 = FACE_OUTER_BOUND ( 'NONE', #2511, .T. ) ;
#2158 = EDGE_LOOP ( 'NONE', ( #1797, #523, #1177, #839, #1261, #1371, #706, #846 ) ) ;
#2159 = SURFACE_STYLE_USAGE ( .BOTH. , #528 ) ;
#2160 = LINE ( 'NONE', #5047, #315 ) ;
#2161 = CARTESIAN_POINT ( 'NONE',  ( 44.09056324235422863, 2.716417490216665342, -69.96008149786219121 ) ) ;
#2162 = VECTOR ( 'NONE', #5228, 1000.000000000000000 ) ;
#2163 = CARTESIAN_POINT ( 'NONE',  ( 33.43000000000000682, 8.499999999999998224, 0.001000000000007938983 ) ) ;
#2164 = EDGE_LOOP ( 'NONE', ( #4765, #2778, #4941, #3598 ) ) ;
#2165 = VERTEX_POINT ( 'NONE', #1399 ) ;
#2166 = ADVANCED_FACE ( 'NONE', ( #4681 ), #4708, .F. ) ;
#2167 = EDGE_CURVE ( 'NONE', #1074, #2657, #1032, .T. ) ;
#2168 = EDGE_LOOP ( 'NONE', ( #2264, #3432, #1587, #3548 ) ) ;
#2169 = LINE ( 'NONE', #4597, #2066 ) ;
#2170 = LINE ( 'NONE', #2271, #2809 ) ;
#2171 = LINE ( 'NONE', #985, #5083 ) ;
#2172 = FACE_OUTER_BOUND ( 'NONE', #2866, .T. ) ;
#2173 = ORIENTED_EDGE ( 'NONE', *, *, #550, .F. ) ;
#2174 = DIRECTION ( 'NONE',  ( 0.000000000000000000, 0.000000000000000000, -1.000000000000000000 ) ) ;
#2175 = ORIENTED_EDGE ( 'NONE', *, *, #2570, .F. ) ;
#2176 = DIRECTION ( 'NONE',  ( -0.000000000000000000, -0.000000000000000000, -1.000000000000000000 ) ) ;
#2177 = CARTESIAN_POINT ( 'NONE',  ( 33.39999999999999858, 4.400000000000000355, -0.6000000000000004219 ) ) ;
#2178 = ORIENTED_EDGE ( 'NONE', *, *, #1671, .F. ) ;
#2179 = LINE ( 'NONE', #1732, #2242 ) ;
#2180 = VECTOR ( 'NONE', #1345, 1000.000000000000000 ) ;
#2181 = AXIS2_PLACEMENT_3D ( 'NONE', #1761, #3396, #5050 ) ;
#2182 = CARTESIAN_POINT ( 'NONE',  ( 61.58000000000000540, 8.499999999999998224, -39.39999999999999858 ) ) ;
#2183 = CARTESIAN_POINT ( 'NONE',  ( 44.05440590627880226, 2.619546708204902430, -76.47293026481793277 ) ) ;
#2184 = VERTEX_POINT ( 'NONE', #3438 ) ;
#2185 = EDGE_CURVE ( 'NONE', #4734, #263, #2633, .T. ) ;
#2186 = DIRECTION ( 'NONE',  ( 0.000000000000000000, 0.000000000000000000, 1.000000000000000000 ) ) ;
#2187 = EDGE_LOOP ( 'NONE', ( #4424, #759, #4583 ) ) ;
#2188 = ORIENTED_EDGE ( 'NONE', *, *, #3924, .F. ) ;
#2189 = VERTEX_POINT ( 'NONE', #3067 ) ;
#2190 = CARTESIAN_POINT ( 'NONE',  ( 44.33367784545339418, 2.999999999999998224, -69.25543444993827791 ) ) ;
#2191 = DIRECTION ( 'NONE',  ( 0.000000000000000000, -1.000000000000000000, 0.000000000000000000 ) ) ;
#2192 = EDGE_CURVE ( 'NONE', #4487, #285, #1878, .T. ) ;
#2193 = VECTOR ( 'NONE', #3805, 1000.000000000000000 ) ;
#2194 = VECTOR ( 'NONE', #1829, 1000.000000000000000 ) ;
#2195 = VERTEX_POINT ( 'NONE', #4736 ) ;
#2196 = CARTESIAN_POINT ( 'NONE',  ( 83.10000000000000853, 4.400000000000000355, -1.208503727704051627E-15 ) ) ;
#2197 = AXIS2_PLACEMENT_3D ( 'NONE', #1790, #983, #3813 ) ;
#2198 = DIRECTION ( 'NONE',  ( 0.000000000000000000, -0.000000000000000000, 1.000000000000000000 ) ) ;
#2199 = EDGE_LOOP ( 'NONE', ( #241, #2452 ) ) ;
#2200 = EDGE_CURVE ( 'NONE', #1617, #4011, #2230, .T. ) ;
#2201 = CARTESIAN_POINT ( 'NONE',  ( 23.23000000000000398, 8.499999999999998224, -42.49999999999998579 ) ) ;
#2202 = CARTESIAN_POINT ( 'NONE',  ( 83.10000000000000853, 4.000000000000000000, -1.208503727704051627E-15 ) ) ;
#2203 = VERTEX_POINT ( 'NONE', #2688 ) ;
#2204 = CARTESIAN_POINT ( 'NONE',  ( 37.97098562727419591, 3.000000000000000000, -69.86160258534813750 ) ) ;
#2205 = EDGE_CURVE ( 'NONE', #2165, #4704, #3823, .T. ) ;
#2206 = DIRECTION ( 'NONE',  ( -0.000000000000000000, -1.000000000000000000, -0.000000000000000000 ) ) ;
#2207 = ORIENTED_EDGE ( 'NONE', *, *, #5234, .F. ) ;
#2208 = CARTESIAN_POINT ( 'NONE',  ( 28.11999999999999744, 14.19999999999999929, -39.60000000000000853 ) ) ;
#2209 = LINE ( 'NONE', #1432, #2710 ) ;
#2210 = CARTESIAN_POINT ( 'NONE',  ( 44.92546710430203660, 2.236895500826891148, -77.48970259837439301 ) ) ;
#2211 = ORIENTED_EDGE ( 'NONE', *, *, #1716, .F. ) ;
#2212 = FACE_OUTER_BOUND ( 'NONE', #2546, .T. ) ;
#2213 = EDGE_CURVE ( 'NONE', #1228, #1584, #5227, .T. ) ;
#2214 = ORIENTED_EDGE ( 'NONE', *, *, #183, .F. ) ;
#2215 = LINE ( 'NONE', #3451, #1683 ) ;
#2216 = AXIS2_PLACEMENT_3D ( 'NONE', #1610, #1148, #271 ) ;
#2217 = DIRECTION ( 'NONE',  ( 0.000000000000000000, 0.000000000000000000, 1.000000000000000000 ) ) ;
#2218 = AXIS2_PLACEMENT_3D ( 'NONE', #5178, #1484, #4773 ) ;
#2219 = VECTOR ( 'NONE', #4877, 1000.000000000000000 ) ;
#2220 = VECTOR ( 'NONE', #1263, 1000.000000000000000 ) ;
#2221 = EDGE_CURVE ( 'NONE', #4665, #2869, #2660, .T. ) ;
#2222 = ORIENTED_EDGE ( 'NONE', *, *, #378, .T. ) ;
#2223 = CARTESIAN_POINT ( 'NONE',  ( 27.54999999999999716, 2.000000000000000000, -75.50000000000000000 ) ) ;
#2224 = CARTESIAN_POINT ( 'NONE',  ( 7.000000000000006217, 4.000000000000000000, -7.649999999999990585 ) ) ;
#2225 = ORIENTED_EDGE ( 'NONE', *, *, #2286, .F. ) ;
#2226 = DIRECTION ( 'NONE',  ( 0.000000000000000000, -0.7071067811865489050, -0.7071067811865462405 ) ) ;
#2227 = ORIENTED_EDGE ( 'NONE', *, *, #4761, .F. ) ;
#2228 = ADVANCED_FACE ( 'NONE', ( #2280 ), #4248, .T. ) ;
#2229 = ADVANCED_FACE ( 'NONE', ( #2606 ), #3004, .F. ) ;
#2230 = LINE ( 'NONE', #3012, #1550 ) ;
#2231 = FACE_OUTER_BOUND ( 'NONE', #2510, .T. ) ;
#2232 = VERTEX_POINT ( 'NONE', #5252 ) ;
#2233 = DIRECTION ( 'NONE',  ( 0.000000000000000000, 0.000000000000000000, -1.000000000000000000 ) ) ;
#2234 = AXIS2_PLACEMENT_3D ( 'NONE', #5113, #4300, #5092 ) ;
#2235 = AXIS2_PLACEMENT_3D ( 'NONE', #79, #4644, #959 ) ;
#2236 = CARTESIAN_POINT ( 'NONE',  ( 46.13000000000000256, 2.949999999999999289, -34.89999999999999858 ) ) ;
#2237 = CARTESIAN_POINT ( 'NONE',  ( 43.90931703237487937, 2.371457877232967970, -70.35929008892111369 ) ) ;
#2238 = AXIS2_PLACEMENT_3D ( 'NONE', #4517, #464, #413 ) ;
#2239 = ORIENTED_EDGE ( 'NONE', *, *, #1216, .F. ) ;
#2240 = DIRECTION ( 'NONE',  ( 0.000000000000000000, 1.000000000000000000, 0.000000000000000000 ) ) ;
#2241 = EDGE_LOOP ( 'NONE', ( #3332, #3678, #1690, #1990 ) ) ;
#2242 = VECTOR ( 'NONE', #4175, 1000.000000000000000 ) ;
#2243 = VERTEX_POINT ( 'NONE', #3573 ) ;
#2244 = CARTESIAN_POINT ( 'NONE',  ( 76.09999999999998010, 0.000000000000000000, -9.400000000000005684 ) ) ;
#2245 = CARTESIAN_POINT ( 'NONE',  ( 60.87999999999999545, 14.19999999999999929, -39.39999999999999858 ) ) ;
#2246 = CARTESIAN_POINT ( 'NONE',  ( 0.000000000000000000, 11.93999999999999950, 0.000000000000000000 ) ) ;
#2247 = ORIENTED_EDGE ( 'NONE', *, *, #1233, .T. ) ;
#2248 = DIRECTION ( 'NONE',  ( 0.000000000000000000, -1.000000000000000000, 0.000000000000000000 ) ) ;
#2249 = EDGE_CURVE ( 'NONE', #997, #5133, #2384, .T. ) ;
#2250 = LINE ( 'NONE', #1846, #3851 ) ;
#2251 = ORIENTED_EDGE ( 'NONE', *, *, #3984, .F. ) ;
#2252 = CARTESIAN_POINT ( 'NONE',  ( 18.76999999999999957, 14.19999999999999929, -31.39999999999999858 ) ) ;
#2253 = ORIENTED_EDGE ( 'NONE', *, *, #947, .F. ) ;
#2254 = CARTESIAN_POINT ( 'NONE',  ( 43.89130299333593399, 2.342820151707224685, -70.39979966252704457 ) ) ;
#2255 = DIRECTION ( 'NONE',  ( -0.000000000000000000, 1.000000000000000000, 0.000000000000000000 ) ) ;
#2256 = ORIENTED_EDGE ( 'NONE', *, *, #1321, .F. ) ;
#2257 = CARTESIAN_POINT ( 'NONE',  ( 11.00000000000000000, 6.000000000000000000, -37.50000000000000000 ) ) ;
#2258 = CARTESIAN_POINT ( 'NONE',  ( 59.48000000000000398, 6.000000000000000000, -1.599704092027034494E-16 ) ) ;
#2259 = ADVANCED_FACE ( 'NONE', ( #3146 ), #2355, .F. ) ;
#2260 = LINE ( 'NONE', #1081, #4953 ) ;
#2261 = DIRECTION ( 'NONE',  ( 0.000000000000000000, 0.000000000000000000, 1.000000000000000000 ) ) ;
#2262 = ORIENTED_EDGE ( 'NONE', *, *, #892, .F. ) ;
#2263 = DIRECTION ( 'NONE',  ( -0.9988006999594686297, -0.04896081862546419056, 0.000000000000000000 ) ) ;
#2264 = ORIENTED_EDGE ( 'NONE', *, *, #4571, .T. ) ;
#2265 = EDGE_CURVE ( 'NONE', #2403, #4642, #5222, .T. ) ;
#2266 = AXIS2_PLACEMENT_3D ( 'NONE', #2917, #1303, #881 ) ;
#2267 = CARTESIAN_POINT ( 'NONE',  ( 76.09999999999998010, 4.000000000000000000, -7.649999999999993250 ) ) ;
#2268 = CARTESIAN_POINT ( 'NONE',  ( 33.39999999999999858, 5.000000000000000000, -1.400000000000000133 ) ) ;
#2269 = ADVANCED_FACE ( 'NONE', ( #299 ), #1527, .F. ) ;
#2270 = CIRCLE ( 'NONE', #5030, 1.600000000000000755 ) ;
#2271 = CARTESIAN_POINT ( 'NONE',  ( 17.55000000000000071, 14.19999999999999929, -58.99999999999998579 ) ) ;
#2272 = ORIENTED_EDGE ( 'NONE', *, *, #4298, .F. ) ;
#2273 = CARTESIAN_POINT ( 'NONE',  ( 53.51992897217816392, -6.000000000000000000, -28.16575235469809968 ) ) ;
#2274 = DIRECTION ( 'NONE',  ( -0.000000000000000000, -1.000000000000000000, -0.000000000000000000 ) ) ;
#2275 = ORIENTED_EDGE ( 'NONE', *, *, #2548, .F. ) ;
#2276 = CARTESIAN_POINT ( 'NONE',  ( 0.000000000000000000, 4.000000000000000000, 0.000000000000000000 ) ) ;
#2277 = ORIENTED_EDGE ( 'NONE', *, *, #540, .F. ) ;
#2278 = ADVANCED_FACE ( 'NONE', ( #1072 ), #3946, .F. ) ;
#2279 = CIRCLE ( 'NONE', #1604, 2.075000000000000622 ) ;
#2280 = FACE_OUTER_BOUND ( 'NONE', #942, .T. ) ;
#2281 = DIRECTION ( 'NONE',  ( 0.000000000000000000, 0.000000000000000000, 1.000000000000000000 ) ) ;
#2282 = ORIENTED_EDGE ( 'NONE', *, *, #4164, .F. ) ;
#2283 = FACE_OUTER_BOUND ( 'NONE', #1769, .T. ) ;
#2284 = DIRECTION ( 'NONE',  ( -1.000000000000000000, 0.000000000000000000, -0.000000000000000000 ) ) ;
#2285 = LINE ( 'NONE', #1455, #618 ) ;
#2286 = EDGE_CURVE ( 'NONE', #4311, #3153, #2923, .T. ) ;
#2287 = CARTESIAN_POINT ( 'NONE',  ( 26.43000000000000682, 5.599999999999998757, -44.39999999999999147 ) ) ;
#2288 = CARTESIAN_POINT ( 'NONE',  ( 43.46939167003619531, 1.203816266875888719, -70.06256671938854197 ) ) ;
#2289 = VERTEX_POINT ( 'NONE', #725 ) ;
#2290 = LINE ( 'NONE', #3928, #1674 ) ;
#2291 = ORIENTED_EDGE ( 'NONE', *, *, #3907, .T. ) ;
#2292 = EDGE_LOOP ( 'NONE', ( #884, #945, #4454, #4825, #3407, #533, #70, #3802, #2935, #669, #450, #620 ) ) ;
#2293 = FACE_OUTER_BOUND ( 'NONE', #4335, .T. ) ;
#2294 = CARTESIAN_POINT ( 'NONE',  ( 20.11999999999999744, 4.000000000000000000, -31.39999999999999858 ) ) ;
#2295 = EDGE_CURVE ( 'NONE', #1591, #2844, #1184, .T. ) ;
#2296 = FACE_OUTER_BOUND ( 'NONE', #4762, .T. ) ;
#2297 = ORIENTED_EDGE ( 'NONE', *, *, #1547, .T. ) ;
#2298 = CARTESIAN_POINT ( 'NONE',  ( 23.55000000000000071, 4.000000000000000000, -56.57716227728433012 ) ) ;
#2299 = AXIS2_PLACEMENT_3D ( 'NONE', #1630, #2458, #799 ) ;
#2300 = CARTESIAN_POINT ( 'NONE',  ( 60.87999999999999545, 3.000000000000000000, -39.59999999999999432 ) ) ;
#2301 = EDGE_LOOP ( 'NONE', ( #586, #1873, #4139, #5315 ) ) ;
#2302 = DIRECTION ( 'NONE',  ( 0.000000000000000000, 0.000000000000000000, 1.000000000000000000 ) ) ;
#2303 = LINE ( 'NONE', #1124, #3008 ) ;
#2304 = CIRCLE ( 'NONE', #5329, 3.500000000000003109 ) ;
#2305 = VERTEX_POINT ( 'NONE', #5280 ) ;
#2306 = CARTESIAN_POINT ( 'NONE',  ( 43.12901437272579130, 2.000000000000000000, -76.50000000000000000 ) ) ;
#2307 = ORIENTED_EDGE ( 'NONE', *, *, #1347, .F. ) ;
#2308 = LINE ( 'NONE', #4657, #4330 ) ;
#2309 = ORIENTED_EDGE ( 'NONE', *, *, #1108, .T. ) ;
#2310 = LINE ( 'NONE', #4794, #2545 ) ;
#2311 = EDGE_CURVE ( 'NONE', #4600, #4789, #1099, .T. ) ;
#2312 = CARTESIAN_POINT ( 'NONE',  ( 22.21999999999999531, 3.000000000000000000, -39.60000000000000853 ) ) ;
#2313 = CARTESIAN_POINT ( 'NONE',  ( 61.49249711183403377, 4.000000000000000000, -30.33252191983982726 ) ) ;
#2314 = CARTESIAN_POINT ( 'NONE',  ( 44.23949488406089614, 2.301980707662424575, -69.37455344874624075 ) ) ;
#2315 = ORIENTED_EDGE ( 'NONE', *, *, #1203, .F. ) ;
#2316 = DIRECTION ( 'NONE',  ( 0.000000000000000000, 0.000000000000000000, -1.000000000000000000 ) ) ;
#2317 = ORIENTED_EDGE ( 'NONE', *, *, #1834, .F. ) ;
#2318 = EDGE_CURVE ( 'NONE', #3278, #208, #383, .T. ) ;
#2319 = AXIS2_PLACEMENT_3D ( 'NONE', #4763, #2176, #1047 ) ;
#2320 = CARTESIAN_POINT ( 'NONE',  ( 26.43000000000000682, 8.499999999999998224, -44.39999999999999147 ) ) ;
#2321 = PLANE ( 'NONE',  #391 ) ;
#2322 = PLANE ( 'NONE',  #4260 ) ;
#2323 = EDGE_CURVE ( 'NONE', #5074, #1357, #4816, .T. ) ;
#2324 = AXIS2_PLACEMENT_3D ( 'NONE', #1000, #2588, #3778 ) ;
#2325 = EDGE_CURVE ( 'NONE', #3490, #1452, #3199, .T. ) ;
#2326 = AXIS2_PLACEMENT_3D ( 'NONE', #2389, #1161, #2903 ) ;
#2327 = VERTEX_POINT ( 'NONE', #2306 ) ;
#2328 = DIRECTION ( 'NONE',  ( -1.000000000000000000, 0.000000000000000000, 0.000000000000000000 ) ) ;
#2329 = ORIENTED_EDGE ( 'NONE', *, *, #139, .T. ) ;
#2330 = PLANE ( 'NONE',  #640 ) ;
#2331 = CARTESIAN_POINT ( 'NONE',  ( 0.000000000000000000, 0.000000000000000000, 0.000000000000000000 ) ) ;
#2332 = VERTEX_POINT ( 'NONE', #1933 ) ;
#2333 = DIRECTION ( 'NONE',  ( 0.000000000000000000, 0.000000000000000000, 1.000000000000000000 ) ) ;
#2334 = CARTESIAN_POINT ( 'NONE',  ( 53.73000000000000398, 11.94999999999999929, -30.39999999999999503 ) ) ;
#2335 = VERTEX_POINT ( 'NONE', #2796 ) ;
#2336 = AXIS2_PLACEMENT_3D ( 'NONE', #3625, #379, #1582 ) ;
#2337 = CARTESIAN_POINT ( 'NONE',  ( 39.52711513515183839, 2.101643091887249515, -70.90003245292328415 ) ) ;
#2338 = CARTESIAN_POINT ( 'NONE',  ( 7.000000000000006217, 0.000000000000000000, -5.999999999999990230 ) ) ;
#2339 = EDGE_LOOP ( 'NONE', ( #302, #949, #713, #5207, #194, #5285 ) ) ;
#2340 = DIRECTION ( 'NONE',  ( 0.000000000000000000, 0.000000000000000000, 1.000000000000000000 ) ) ;
#2341 = CYLINDRICAL_SURFACE ( 'NONE', #4073, 1.649999999999998579 ) ;
#2342 = EDGE_LOOP ( 'NONE', ( #1464, #1038, #4446, #5282, #3575, #1916 ) ) ;
#2343 = EDGE_CURVE ( 'NONE', #4863, #4185, #1128, .T. ) ;
#2344 = LINE ( 'NONE', #2861, #2543 ) ;
#2345 = DIRECTION ( 'NONE',  ( 1.000000000000000000, 0.000000000000000000, 0.000000000000000000 ) ) ;
#2346 = FACE_OUTER_BOUND ( 'NONE', #331, .T. ) ;
#2347 = ORIENTED_EDGE ( 'NONE', *, *, #845, .T. ) ;
#2348 = ORIENTED_EDGE ( 'NONE', *, *, #3372, .F. ) ;
#2349 = VECTOR ( 'NONE', #1181, 1000.000000000000000 ) ;
#2350 = AXIS2_PLACEMENT_3D ( 'NONE', #2111, #3730, #4971 ) ;
#2351 = CARTESIAN_POINT ( 'NONE',  ( 38.97098562727418880, 2.906699786151055065, -69.86160258534823697 ) ) ;
#2352 = CARTESIAN_POINT ( 'NONE',  ( 21.51999999999999602, 8.499999999999998224, -40.59999999999999432 ) ) ;
#2353 = CARTESIAN_POINT ( 'NONE',  ( 22.21999999999999531, 14.19999999999999929, -31.39999999999999858 ) ) ;
#2354 = EDGE_LOOP ( 'NONE', ( #3157, #5060, #4463, #1713 ) ) ;
#2355 = PLANE ( 'NONE',  #531 ) ;
#2356 = EDGE_CURVE ( 'NONE', #4683, #2804, #4910, .T. ) ;
#2357 = PLANE ( 'NONE',  #3777 ) ;
#2358 = EDGE_LOOP ( 'NONE', ( #4246, #458, #2347, #2937 ) ) ;
#2359 = CIRCLE ( 'NONE', #2799, 3.500000000000003109 ) ;
#2360 = CARTESIAN_POINT ( 'NONE',  ( 64.82999999999999829, 8.499999999999998224, -39.39999999999999858 ) ) ;
#2361 = CARTESIAN_POINT ( 'NONE',  ( 37.97098562727419591, 4.000000000000000000, -75.50000000000000000 ) ) ;
#2362 = AXIS2_PLACEMENT_3D ( 'NONE', #2421, #4495, #4850 ) ;
#2363 = AXIS2_PLACEMENT_3D ( 'NONE', #2720, #3873, #103 ) ;
#2364 = EDGE_CURVE ( 'NONE', #2203, #1436, #444, .T. ) ;
#2365 =( NAMED_UNIT ( * ) PLANE_ANGLE_UNIT ( ) SI_UNIT ( $, .RADIAN. ) );
#2366 = VERTEX_POINT ( 'NONE', #3973 ) ;
#2367 = PLANE ( 'NONE',  #1118 ) ;
#2368 = DIRECTION ( 'NONE',  ( -1.000000000000000000, 0.000000000000000000, 0.000000000000000000 ) ) ;
#2369 = CARTESIAN_POINT ( 'NONE',  ( 59.48000000000000398, 6.000000000000000000, -1.599704092027034494E-16 ) ) ;
#2370 = ORIENTED_EDGE ( 'NONE', *, *, #537, .T. ) ;
#2371 = VECTOR ( 'NONE', #2146, 1000.000000000000000 ) ;
#2372 = DIRECTION ( 'NONE',  ( 0.000000000000000000, 0.000000000000000000, -1.000000000000000000 ) ) ;
#2373 = CARTESIAN_POINT ( 'NONE',  ( 65.54999999999999716, 4.000000000000000000, -77.50000000000000000 ) ) ;
#2374 = DIRECTION ( 'NONE',  ( -0.000000000000000000, -1.000000000000000000, -0.000000000000000000 ) ) ;
#2375 = EDGE_CURVE ( 'NONE', #4529, #5000, #4406, .T. ) ;
#2376 = ORIENTED_EDGE ( 'NONE', *, *, #1014, .F. ) ;
#2377 = ORIENTED_EDGE ( 'NONE', *, *, #1302, .F. ) ;
#2378 = FACE_OUTER_BOUND ( 'NONE', #5125, .T. ) ;
#2379 = CARTESIAN_POINT ( 'NONE',  ( 39.47186923431551975, 2.124976614736103553, -70.83208776091544223 ) ) ;
#2380 = CARTESIAN_POINT ( 'NONE',  ( 38.53000000000000114, 11.94999999999999929, -30.39999999999999503 ) ) ;
#2381 = FACE_BOUND ( 'NONE', #5003, .T. ) ;
#2382 = EDGE_CURVE ( 'NONE', #863, #1157, #1288, .T. ) ;
#2383 = ORIENTED_EDGE ( 'NONE', *, *, #1580, .F. ) ;
#2384 = LINE ( 'NONE', #1615, #354 ) ;
#2385 = CARTESIAN_POINT ( 'NONE',  ( 0.000000000000000000, 3.000000000000000000, 0.000000000000000000 ) ) ;
#2386 = ORIENTED_EDGE ( 'NONE', *, *, #1875, .T. ) ;
#2387 = AXIS2_PLACEMENT_3D ( 'NONE', #1392, #4240, #3887 ) ;
#2388 = PLANE ( 'NONE',  #4173 ) ;
#2389 = CARTESIAN_POINT ( 'NONE',  ( 41.54999999999999716, 1.000000000000000888, -67.13384597600372672 ) ) ;
#2390 = ADVANCED_FACE ( 'NONE', ( #2928 ), #1211, .T. ) ;
#2391 = EDGE_CURVE ( 'NONE', #5014, #2443, #837, .T. ) ;
#2392 = VECTOR ( 'NONE', #1369, 1000.000000000000000 ) ;
#2393 = VECTOR ( 'NONE', #4438, 1000.000000000000000 ) ;
#2394 = ORIENTED_EDGE ( 'NONE', *, *, #3013, .F. ) ;
#2395 = PLANE ( 'NONE',  #2843 ) ;
#2396 = DIRECTION ( 'NONE',  ( 0.000000000000000000, 1.000000000000000000, 0.000000000000000000 ) ) ;
#2397 = VERTEX_POINT ( 'NONE', #1747 ) ;
#2398 = VERTEX_POINT ( 'NONE', #2441 ) ;
#2399 = CYLINDRICAL_SURFACE ( 'NONE', #794, 2.075000000000000622 ) ;
#2400 = DIRECTION ( 'NONE',  ( 0.000000000000000000, 0.000000000000000000, -1.000000000000000000 ) ) ;
#2401 = PLANE ( 'NONE',  #4543 ) ;
#2402 = DIRECTION ( 'NONE',  ( 0.000000000000000000, 0.000000000000000000, 1.000000000000000000 ) ) ;
#2403 = VERTEX_POINT ( 'NONE', #2552 ) ;
#2404 = DIRECTION ( 'NONE',  ( 0.000000000000000000, 0.000000000000000000, -1.000000000000000000 ) ) ;
#2405 = EDGE_LOOP ( 'NONE', ( #3798, #482, #1614, #3465, #2214, #2317, #2348, #804 ) ) ;
#2406 = AXIS2_PLACEMENT_3D ( 'NONE', #5230, #3180, #4826 ) ;
#2407 = ORIENTED_EDGE ( 'NONE', *, *, #1826, .F. ) ;
#2408 = CARTESIAN_POINT ( 'NONE',  ( 45.12084900033205770, 3.592629487425225143, -76.73786933543627242 ) ) ;
#2409 = VECTOR ( 'NONE', #1011, 1000.000000000000000 ) ;
#2410 = CARTESIAN_POINT ( 'NONE',  ( 76.09999999999998010, 0.000000000000000000, -5.999999999999991118 ) ) ;
#2411 = DIRECTION ( 'NONE',  ( 0.000000000000000000, 0.000000000000000000, 1.000000000000000000 ) ) ;
#2412 = ORIENTED_EDGE ( 'NONE', *, *, #4209, .F. ) ;
#2413 = AXIS2_PLACEMENT_3D ( 'NONE', #631, #2746, #3579 ) ;
#2414 = EDGE_CURVE ( 'NONE', #4665, #4141, #4081, .T. ) ;
#2415 = DIRECTION ( 'NONE',  ( -1.000000000000000000, -0.000000000000000000, 3.953785700232036912E-16 ) ) ;
#2416 = CARTESIAN_POINT ( 'NONE',  ( 54.08000000000000540, 8.499999999999998224, -39.59999999999999432 ) ) ;
#2417 = ORIENTED_EDGE ( 'NONE', *, *, #2609, .F. ) ;
#2418 = DIRECTION ( 'NONE',  ( 0.000000000000000000, 0.000000000000000000, -1.000000000000000000 ) ) ;
#2419 = CARTESIAN_POINT ( 'NONE',  ( 76.09999999999998010, 4.000000000000000000, -27.15000000000000213 ) ) ;
#2420 = VERTEX_POINT ( 'NONE', #2899 ) ;
#2421 = CARTESIAN_POINT ( 'NONE',  ( 63.54999999999999716, 2.000000000000000000, -67.50000000000000000 ) ) ;
#2422 = CARTESIAN_POINT ( 'NONE',  ( 46.13000000000000256, 2.949999999999999289, -36.97500000000000142 ) ) ;
#2423 = EDGE_CURVE ( 'NONE', #2561, #3490, #1262, .T. ) ;
#2424 = PLANE ( 'NONE',  #396 ) ;
#2425 = ORIENTED_EDGE ( 'NONE', *, *, #2638, .T. ) ;
#2426 = VERTEX_POINT ( 'NONE', #2124 ) ;
#2427 = CARTESIAN_POINT ( 'NONE',  ( 59.54999999999999716, 14.19999999999999929, -54.50216227728432727 ) ) ;
#2428 = CARTESIAN_POINT ( 'NONE',  ( 65.54999999999999716, 4.000000000000000000, -37.50000000000000000 ) ) ;
#2429 = LINE ( 'NONE', #849, #596 ) ;
#2430 = DIRECTION ( 'NONE',  ( 1.746512434912466574E-16, -0.000000000000000000, 1.000000000000000000 ) ) ;
#2431 = EDGE_CURVE ( 'NONE', #4836, #4596, #4134, .T. ) ;
#2432 = CARTESIAN_POINT ( 'NONE',  ( 64.82999999999999829, 4.000000000000000000, -44.39999999999999147 ) ) ;
#2433 = EDGE_LOOP ( 'NONE', ( #984, #2554, #4099, #2309, #3403 ) ) ;
#2434 = EDGE_LOOP ( 'NONE', ( #1638, #5039, #7, #142, #3436, #2072, #1652, #4192, #4898, #880, #3564, #4033, #1998, #1057, #1426 ) ) ;
#2435 = ADVANCED_FACE ( 'NONE', ( #2069 ), #4575, .F. ) ;
#2436 = CARTESIAN_POINT ( 'NONE',  ( 38.53000000000000114, 11.93999999999999950, -29.39999999999999147 ) ) ;
#2437 = DIRECTION ( 'NONE',  ( 0.000000000000000000, 1.000000000000000000, 0.000000000000000000 ) ) ;
#2438 = VERTEX_POINT ( 'NONE', #4159 ) ;
#2439 = VECTOR ( 'NONE', #4988, 1000.000000000000000 ) ;
#2440 = AXIS2_PLACEMENT_3D ( 'NONE', #338, #2396, #1623 ) ;
#2441 = CARTESIAN_POINT ( 'NONE',  ( 21.51999999999999602, 14.19999999999999929, -42.49999999999998579 ) ) ;
#2442 = DIRECTION ( 'NONE',  ( -1.746512434912466574E-16, -0.000000000000000000, -1.000000000000000000 ) ) ;
#2443 = VERTEX_POINT ( 'NONE', #83 ) ;
#2444 = CARTESIAN_POINT ( 'NONE',  ( 59.48000000000000398, 4.000000000000000000, -1.599704092027034494E-16 ) ) ;
#2445 = CARTESIAN_POINT ( 'NONE',  ( 7.000000000000006217, 6.000000000000000000, -4.349999999999988987 ) ) ;
#2446 = CIRCLE ( 'NONE', #4077, 4.500000000000003553 ) ;
#2447 = EDGE_CURVE ( 'NONE', #610, #2129, #861, .T. ) ;
#2448 = VERTEX_POINT ( 'NONE', #2873 ) ;
#2449 = CARTESIAN_POINT ( 'NONE',  ( 59.47999999999999687, 6.000000000000000000, -31.39999999999999858 ) ) ;
#2450 = CARTESIAN_POINT ( 'NONE',  ( 33.03000000000000114, 4.000000000000000000, -17.89999999999999858 ) ) ;
#2451 = ORIENTED_EDGE ( 'NONE', *, *, #4899, .T. ) ;
#2452 = ORIENTED_EDGE ( 'NONE', *, *, #3969, .T. ) ;
#2453 = VECTOR ( 'NONE', #4228, 1000.000000000000000 ) ;
#2454 = VECTOR ( 'NONE', #5102, 1000.000000000000114 ) ;
#2455 = ADVANCED_FACE ( 'NONE', ( #1640 ), #2468, .F. ) ;
#2456 = DIRECTION ( 'NONE',  ( -0.000000000000000000, -0.000000000000000000, -1.000000000000000000 ) ) ;
#2457 = DIRECTION ( 'NONE',  ( 1.000000000000000000, 0.000000000000000000, -1.747005453711992970E-16 ) ) ;
#2458 = DIRECTION ( 'NONE',  ( 0.000000000000000000, 0.000000000000000000, 1.000000000000000000 ) ) ;
#2459 = VECTOR ( 'NONE', #3783, 1000.000000000000000 ) ;
#2460 = DIRECTION ( 'NONE',  ( 0.000000000000000000, 0.000000000000000000, 1.000000000000000000 ) ) ;
#2461 = CARTESIAN_POINT ( 'NONE',  ( 38.53000000000000114, 11.94999999999999929, -39.39999999999999858 ) ) ;
#2462 = ORIENTED_EDGE ( 'NONE', *, *, #2325, .T. ) ;
#2463 = EDGE_CURVE ( 'NONE', #970, #4627, #4190, .T. ) ;
#2464 = ORIENTED_EDGE ( 'NONE', *, *, #2570, .T. ) ;
#2465 = CYLINDRICAL_SURFACE ( 'NONE', #31, 2.075000000000000622 ) ;
#2466 = FACE_OUTER_BOUND ( 'NONE', #5057, .T. ) ;
#2467 = ORIENTED_EDGE ( 'NONE', *, *, #2098, .T. ) ;
#2468 = PLANE ( 'NONE',  #2238 ) ;
#2469 = CYLINDRICAL_SURFACE ( 'NONE', #2571, 2.075000000000000622 ) ;
#2470 = ORIENTED_EDGE ( 'NONE', *, *, #2311, .F. ) ;
#2471 = CARTESIAN_POINT ( 'NONE',  ( 39.08601924358579538, 2.529685597693125843, -70.14073902495887580 ) ) ;
#2472 = DIRECTION ( 'NONE',  ( -0.000000000000000000, 0.000000000000000000, -1.000000000000000000 ) ) ;
#2473 = CARTESIAN_POINT ( 'NONE',  ( 38.97098562727419591, 3.000000000000000000, -75.50000000000001421 ) ) ;
#2474 = DIRECTION ( 'NONE',  ( -0.000000000000000000, 1.000000000000000000, -0.000000000000000000 ) ) ;
#2475 = EDGE_CURVE ( 'NONE', #763, #2007, #4544, .T. ) ;
#2476 = LINE ( 'NONE', #4634, #1842 ) ;
#2477 = EDGE_LOOP ( 'NONE', ( #126, #3261 ) ) ;
#2478 = ORIENTED_EDGE ( 'NONE', *, *, #2754, .T. ) ;
#2479 = VECTOR ( 'NONE', #3669, 1000.000000000000000 ) ;
#2480 = CIRCLE ( 'NONE', #166, 2.075000000000000622 ) ;
#2481 = CARTESIAN_POINT ( 'NONE',  ( 83.10000000000000853, 0.000000000000000000, -1.208503727704051627E-15 ) ) ;
#2482 = CARTESIAN_POINT ( 'NONE',  ( 56.13000000000000256, 13.00000000000000000, -29.39999999999999147 ) ) ;
#2483 = CARTESIAN_POINT ( 'NONE',  ( 49.39999999999999858, 5.000000000000000000, -1.599704092027028824E-16 ) ) ;
#2484 = EDGE_CURVE ( 'NONE', #1519, #3236, #4106, .T. ) ;
#2485 = CARTESIAN_POINT ( 'NONE',  ( 62.98000000000001108, 6.000000000000000000, -31.39999999999999858 ) ) ;
#2486 = CARTESIAN_POINT ( 'NONE',  ( 7.000000000000000000, 6.000000000000000000, -25.50000000000000000 ) ) ;
#2487 = EDGE_LOOP ( 'NONE', ( #279, #4732, #4591, #3554 ) ) ;
#2488 = ORIENTED_EDGE ( 'NONE', *, *, #2644, .F. ) ;
#2489 = LINE ( 'NONE', #461, #4780 ) ;
#2490 = DIRECTION ( 'NONE',  ( -1.000000000000000000, 0.000000000000000000, 1.746512434912466574E-16 ) ) ;
#2491 = EDGE_CURVE ( 'NONE', #3275, #779, #3358, .T. ) ;
#2492 = AXIS2_PLACEMENT_3D ( 'NONE', #995, #547, #1851 ) ;
#2493 = EDGE_CURVE ( 'NONE', #2426, #4600, #1312, .T. ) ;
#2494 = VECTOR ( 'NONE', #1307, 1000.000000000000000 ) ;
#2495 = VERTEX_POINT ( 'NONE', #2953 ) ;
#2496 = ORIENTED_EDGE ( 'NONE', *, *, #859, .T. ) ;
#2497 = VECTOR ( 'NONE', #5105, 1000.000000000000000 ) ;
#2498 = DIRECTION ( 'NONE',  ( 1.000000000000000000, 0.000000000000000000, 0.000000000000000000 ) ) ;
#2499 = EDGE_CURVE ( 'NONE', #1862, #5133, #3305, .T. ) ;
#2500 = DIRECTION ( 'NONE',  ( -1.000000000000000000, -0.000000000000000000, -0.000000000000000000 ) ) ;
#2501 = ORIENTED_EDGE ( 'NONE', *, *, #5217, .T. ) ;
#2502 = CARTESIAN_POINT ( 'NONE',  ( 60.87999999999999545, 14.19999999999999929, -31.39999999999999858 ) ) ;
#2503 = EDGE_CURVE ( 'NONE', #4185, #4201, #3739, .T. ) ;
#2504 = CARTESIAN_POINT ( 'NONE',  ( 53.73000000000000398, 11.94999999999999929, -39.39999999999999858 ) ) ;
#2505 = AXIS2_PLACEMENT_3D ( 'NONE', #5150, #5176, #1966 ) ;
#2506 = AXIS2_PLACEMENT_3D ( 'NONE', #3123, #1024, #4385 ) ;
#2507 = CARTESIAN_POINT ( 'NONE',  ( 7.000000000000006217, 0.000000000000000000, -2.599999999999961897 ) ) ;
#2508 = EDGE_CURVE ( 'NONE', #4624, #3325, #1692, .T. ) ;
#2509 = DIRECTION ( 'NONE',  ( 0.000000000000000000, 0.9605132315373741125, -0.2782343114025134234 ) ) ;
#2510 = EDGE_LOOP ( 'NONE', ( #1887, #2663, #3440, #2017 ) ) ;
#2511 = EDGE_LOOP ( 'NONE', ( #1044, #4556, #1778, #3623 ) ) ;
#2512 = CARTESIAN_POINT ( 'NONE',  ( 63.54999999999999716, 4.000000000000000000, 0.000000000000000000 ) ) ;
#2513 = FACE_OUTER_BOUND ( 'NONE', #2586, .T. ) ;
#2514 = CARTESIAN_POINT ( 'NONE',  ( 43.99503977651465902, 2.500000000002075673, -76.50000000000660805 ) ) ;
#2515 = ORIENTED_EDGE ( 'NONE', *, *, #1442, .T. ) ;
#2516 = LINE ( 'NONE', #4149, #3663 ) ;
#2517 = CARTESIAN_POINT ( 'NONE',  ( 11.00000000000000000, 6.000000000000000000, -37.50000000000000000 ) ) ;
#2518 = ORIENTED_EDGE ( 'NONE', *, *, #4254, .T. ) ;
#2519 = EDGE_CURVE ( 'NONE', #4734, #4434, #1340, .T. ) ;
#2520 = ORIENTED_EDGE ( 'NONE', *, *, #4761, .T. ) ;
#2521 = DIRECTION ( 'NONE',  ( -0.000000000000000000, 1.000000000000000000, -0.000000000000000000 ) ) ;
#2522 = LINE ( 'NONE', #1308, #3934 ) ;
#2523 = EDGE_CURVE ( 'NONE', #3544, #1529, #566, .T. ) ;
#2524 = CARTESIAN_POINT ( 'NONE',  ( 30.23000000000001108, 8.499999999999998224, 0.001000000000007938983 ) ) ;
#2525 = DIRECTION ( 'NONE',  ( -0.000000000000000000, -1.000000000000000000, -0.000000000000000000 ) ) ;
#2526 = ORIENTED_EDGE ( 'NONE', *, *, #4012, .F. ) ;
#2527 = CARTESIAN_POINT ( 'NONE',  ( 53.51992897217816392, 0.000000000000000000, -2.398055443370644468 ) ) ;
#2528 = DIRECTION ( 'NONE',  ( 0.000000000000000000, 0.000000000000000000, 1.000000000000000000 ) ) ;
#2529 = VECTOR ( 'NONE', #5180, 1000.000000000000000 ) ;
#2530 = ORIENTED_EDGE ( 'NONE', *, *, #3790, .T. ) ;
#2531 = EDGE_CURVE ( 'NONE', #2007, #885, #5058, .T. ) ;
#2532 = VERTEX_POINT ( 'NONE', #4216 ) ;
#2533 = CARTESIAN_POINT ( 'NONE',  ( 38.99044020208221895, 2.797768817914322970, -76.31428137591818484 ) ) ;
#2534 = AXIS2_PLACEMENT_3D ( 'NONE', #2177, #3894, #224 ) ;
#2535 = DIRECTION ( 'NONE',  ( -0.000000000000000000, -1.000000000000000000, 0.000000000000000000 ) ) ;
#2536 = ORIENTED_EDGE ( 'NONE', *, *, #2364, .T. ) ;
#2537 = LINE ( 'NONE', #576, #1735 ) ;
#2538 = CYLINDRICAL_SURFACE ( 'NONE', #3659, 2.000000000000001776 ) ;
#2539 = CARTESIAN_POINT ( 'NONE',  ( 44.12926827646296601, 2.986161694313359760, -75.76954939386223487 ) ) ;
#2540 = ORIENTED_EDGE ( 'NONE', *, *, #1834, .T. ) ;
#2541 = CARTESIAN_POINT ( 'NONE',  ( 0.000000000000000000, 4.000000000000000000, -37.50000000000000000 ) ) ;
#2542 = LINE ( 'NONE', #509, #1172 ) ;
#2543 = VECTOR ( 'NONE', #316, 1000.000000000000000 ) ;
#2544 = ORIENTED_EDGE ( 'NONE', *, *, #2563, .F. ) ;
#2545 = VECTOR ( 'NONE', #2691, 1000.000000000000000 ) ;
#2546 = EDGE_LOOP ( 'NONE', ( #4758, #1691, #2188, #2126 ) ) ;
#2547 = CARTESIAN_POINT ( 'NONE',  ( 43.77879462066521654, 1.463367434837164582, -69.83438330388524662 ) ) ;
#2548 = EDGE_CURVE ( 'NONE', #2195, #358, #1039, .T. ) ;
#2549 = CARTESIAN_POINT ( 'NONE',  ( 22.21999999999999531, 14.19999999999999929, -31.39999999999999858 ) ) ;
#2550 = AXIS2_PLACEMENT_3D ( 'NONE', #1286, #28, #53 ) ;
#2551 = ORIENTED_EDGE ( 'NONE', *, *, #3151, .T. ) ;
#2552 = CARTESIAN_POINT ( 'NONE',  ( 28.11999999999999744, 14.19999999999999929, -31.39999999999999858 ) ) ;
#2553 = LINE ( 'NONE', #3359, #4721 ) ;
#2554 = ORIENTED_EDGE ( 'NONE', *, *, #5234, .T. ) ;
#2555 = CARTESIAN_POINT ( 'NONE',  ( 53.73000000000000398, 13.00000000000000000, -31.39999999999999858 ) ) ;
#2556 = LINE ( 'NONE', #4605, #4985 ) ;
#2557 = EDGE_CURVE ( 'NONE', #645, #4476, #4625, .T. ) ;
#2558 = ORIENTED_EDGE ( 'NONE', *, *, #2001, .T. ) ;
#2559 = CARTESIAN_POINT ( 'NONE',  ( 38.95585064291777400, 3.944231277467337815, -76.03484880417592251 ) ) ;
#2560 = FACE_OUTER_BOUND ( 'NONE', #3641, .T. ) ;
#2561 = VERTEX_POINT ( 'NONE', #4702 ) ;
#2562 = EDGE_CURVE ( 'NONE', #905, #4302, #3456, .T. ) ;
#2563 = EDGE_CURVE ( 'NONE', #2988, #4690, #5085, .T. ) ;
#2564 = DIRECTION ( 'NONE',  ( 0.000000000000000000, 0.000000000000000000, 1.000000000000000000 ) ) ;
#2565 = DIRECTION ( 'NONE',  ( 0.000000000000000000, -2.602085213965208275E-15, 1.000000000000000000 ) ) ;
#2566 = CARTESIAN_POINT ( 'NONE',  ( 44.12901437272579130, 4.000000000000000000, -75.50000000000000000 ) ) ;
#2567 = ORIENTED_EDGE ( 'NONE', *, *, #1360, .F. ) ;
#2568 = AXIS2_PLACEMENT_3D ( 'NONE', #4422, #3080, #4724 ) ;
#2569 = FACE_OUTER_BOUND ( 'NONE', #516, .T. ) ;
#2570 = EDGE_CURVE ( 'NONE', #3895, #120, #4297, .T. ) ;
#2571 = AXIS2_PLACEMENT_3D ( 'NONE', #4160, #1667, #4956 ) ;
#2572 = ORIENTED_EDGE ( 'NONE', *, *, #189, .T. ) ;
#2573 = CARTESIAN_POINT ( 'NONE',  ( 56.13000000000000256, 13.00000000000000000, -25.59999999999999076 ) ) ;
#2574 = VECTOR ( 'NONE', #113, 1000.000000000000000 ) ;
#2575 = LINE ( 'NONE', #3405, #1857 ) ;
#2576 = VERTEX_POINT ( 'NONE', #3059 ) ;
#2577 = DIRECTION ( 'NONE',  ( -0.000000000000000000, -0.000000000000000000, 1.000000000000000000 ) ) ;
#2578 = DIRECTION ( 'NONE',  ( 0.000000000000000000, -1.000000000000000000, 0.000000000000000000 ) ) ;
#2579 = ORIENTED_EDGE ( 'NONE', *, *, #3546, .F. ) ;
#2580 = CYLINDRICAL_SURFACE ( 'NONE', #2787, 1.650000000000002132 ) ;
#2581 = ORIENTED_EDGE ( 'NONE', *, *, #156, .T. ) ;
#2582 = AXIS2_PLACEMENT_3D ( 'NONE', #5016, #118, #1672 ) ;
#2583 = EDGE_CURVE ( 'NONE', #3153, #4311, #2927, .T. ) ;
#2584 = DIRECTION ( 'NONE',  ( 0.000000000000000000, 0.000000000000000000, -1.000000000000000000 ) ) ;
#2585 = DIRECTION ( 'NONE',  ( -1.000000000000000000, 0.000000000000000000, 1.747005453711997408E-16 ) ) ;
#2586 = EDGE_LOOP ( 'NONE', ( #4528, #1364, #5215, #2544 ) ) ;
#2587 = CIRCLE ( 'NONE', #276, 4.500000000000003553 ) ;
#2588 = DIRECTION ( 'NONE',  ( -0.000000000000000000, -1.000000000000000000, -0.000000000000000000 ) ) ;
#2589 = CARTESIAN_POINT ( 'NONE',  ( 34.13000000000000256, 11.93999999999999950, -31.39999999999999858 ) ) ;
#2590 = DIRECTION ( 'NONE',  ( -1.000000000000000000, 0.000000000000000000, 0.000000000000000000 ) ) ;
#2591 = LINE ( 'NONE', #4997, #4852 ) ;
#2592 = ORIENTED_EDGE ( 'NONE', *, *, #459, .T. ) ;
#2593 = VERTEX_POINT ( 'NONE', #5033 ) ;
#2594 = VERTEX_POINT ( 'NONE', #2654 ) ;
#2595 = FACE_OUTER_BOUND ( 'NONE', #3707, .T. ) ;
#2596 = EDGE_CURVE ( 'NONE', #3636, #1549, #614, .T. ) ;
#2597 = CARTESIAN_POINT ( 'NONE',  ( 76.09999999999998010, 0.000000000000000000, -25.50000000000000000 ) ) ;
#2598 = ADVANCED_FACE ( 'NONE', ( #2600 ), #3886, .F. ) ;
#2599 = ORIENTED_EDGE ( 'NONE', *, *, #947, .T. ) ;
#2600 = FACE_OUTER_BOUND ( 'NONE', #2433, .T. ) ;
#2601 = DIRECTION ( 'NONE',  ( 0.000000000000000000, 1.000000000000000000, 0.000000000000000000 ) ) ;
#2602 = ORIENTED_EDGE ( 'NONE', *, *, #199, .F. ) ;
#2603 = LINE ( 'NONE', #4581, #1018 ) ;
#2604 = DIRECTION ( 'NONE',  ( -0.000000000000000000, -1.000000000000000000, -0.000000000000000000 ) ) ;
#2605 = ORIENTED_EDGE ( 'NONE', *, *, #327, .T. ) ;
#2606 = FACE_OUTER_BOUND ( 'NONE', #2025, .T. ) ;
#2607 = CARTESIAN_POINT ( 'NONE',  ( 64.82999999999999829, 8.499999999999998224, -39.39999999999999858 ) ) ;
#2608 = EDGE_LOOP ( 'NONE', ( #2417, #2277, #114, #4133 ) ) ;
#2609 = EDGE_CURVE ( 'NONE', #2420, #3795, #215, .T. ) ;
#2610 = CARTESIAN_POINT ( 'NONE',  ( 26.43000000000000682, 5.599999999999998757, -40.59999999999999432 ) ) ;
#2611 = VECTOR ( 'NONE', #3995, 1000.000000000000000 ) ;
#2612 = AXIS2_PLACEMENT_3D ( 'NONE', #2137, #101, #5023 ) ;
#2613 = DIRECTION ( 'NONE',  ( -0.04896081862546419056, 0.9988006999594686297, 8.551067855286709545E-18 ) ) ;
#2614 = FACE_OUTER_BOUND ( 'NONE', #3770, .T. ) ;
#2615 = DIRECTION ( 'NONE',  ( -0.000000000000000000, 1.000000000000000000, -0.000000000000000000 ) ) ;
#2616 = EDGE_LOOP ( 'NONE', ( #4259, #4344, #4707, #1836, #1028, #4950 ) ) ;
#2617 =( BOUNDED_SURFACE ( )  B_SPLINE_SURFACE ( 3, 2, ( 
 ( #4590, #2136, #3780 ),
 ( #1734, #951, #3418 ),
 ( #3828, #4205, #530 ),
 ( #2161, #5048, #1784 ),
 ( #3020, #4662, #2314 ),
 ( #311, #5231, #4362 ),
 ( #3980, #1832, #3926 ),
 ( #2237, #1886, #4308 ),
 ( #203, #3473, #3101 ),
 ( #1913, #3954, #2749 ),
 ( #1511, #1943, #1110 ),
 ( #4746, #3045, #2723 ),
 ( #4689, #1859, #2288 ),
 ( #1054, #1002, #5123 ),
 ( #2640, #284, #3126 ),
 ( #3502, #256, #1082 ) ),
 .UNSPECIFIED., .F., .F., .F. ) 
 B_SPLINE_SURFACE_WITH_KNOTS ( ( 4, 2, 2, 2, 2, 2, 2, 4 ),
 ( 3, 3 ),
 ( 0.001887050679602448461, 0.002323325995844518609, 0.002759601312086588758, 0.003195876628328658906, 0.003632151944570729055, 0.004068427260812799637, 0.004504702577054869352, 0.005377253209539009648 ),
 ( 0.000000000000000000, 1.000000000000000000 ),
 .UNSPECIFIED. ) 
 GEOMETRIC_REPRESENTATION_ITEM ( )  RATIONAL_B_SPLINE_SURFACE ( (
 ( 1.000000000000000000, 0.9474535680634701418, 1.000000000000000000),
 ( 1.000000000000000000, 0.9474418685478201985, 1.000000000000000000),
 ( 1.000000000000000000, 0.9447859049102178552, 1.000000000000000000),
 ( 1.000000000000000000, 0.9349515538014780969, 1.000000000000000000),
 ( 1.000000000000000000, 0.9278259658046313918, 1.000000000000000000),
 ( 1.000000000000000000, 0.9107008822738803522, 1.000000000000000000),
 ( 1.000000000000000000, 0.9005765659857973837, 1.000000000000000000),
 ( 1.000000000000000000, 0.8786549258013709451, 1.000000000000000000),
 ( 1.000000000000000000, 0.8667617946085488523, 1.000000000000000000),
 ( 1.000000000000000000, 0.8415639329124147139, 1.000000000000000000),
 ( 1.000000000000000000, 0.8282467014411506456, 1.000000000000000000),
 ( 1.000000000000000000, 0.8016195461960736734, 1.000000000000000000),
 ( 1.000000000000000000, 0.7881986527257039965, 1.000000000000000000),
 ( 1.000000000000000000, 0.7487872870627685362, 1.000000000000000000),
 ( 1.000000000000000000, 0.7240526470206439802, 1.000000000000000000),
 ( 1.000000000000000000, 0.7071067811865463515, 1.000000000000000000) ) ) 
 REPRESENTATION_ITEM ( '' )  SURFACE ( )  );
#2618 = EDGE_CURVE ( 'NONE', #5279, #1764, #3086, .T. ) ;
#2619 = EDGE_LOOP ( 'NONE', ( #2791, #1522, #678, #4405 ) ) ;
#2620 = PLANE ( 'NONE',  #1337 ) ;
#2621 = AXIS2_PLACEMENT_3D ( 'NONE', #1893, #3859, #3932 ) ;
#2622 = PLANE ( 'NONE',  #1260 ) ;
#2623 = AXIS2_PLACEMENT_3D ( 'NONE', #5097, #175, #578 ) ;
#2624 = EDGE_CURVE ( 'NONE', #1350, #366, #4317, .T. ) ;
#2625 = VECTOR ( 'NONE', #226, 1000.000000000000000 ) ;
#2626 = ORIENTED_EDGE ( 'NONE', *, *, #4129, .F. ) ;
#2627 = DIRECTION ( 'NONE',  ( -0.000000000000000000, -1.000000000000000000, -0.000000000000000000 ) ) ;
#2628 = VECTOR ( 'NONE', #4598, 1000.000000000000000 ) ;
#2629 = LINE ( 'NONE', #4266, #3164 ) ;
#2630 = ORIENTED_EDGE ( 'NONE', *, *, #604, .F. ) ;
#2631 = LINE ( 'NONE', #920, #4283 ) ;
#2632 = EDGE_LOOP ( 'NONE', ( #5247, #4862, #2376, #4399, #1055 ) ) ;
#2633 = LINE ( 'NONE', #170, #270 ) ;
#2634 = DIRECTION ( 'NONE',  ( 0.000000000000000000, 0.000000000000000000, 1.000000000000000000 ) ) ;
#2635 = ORIENTED_EDGE ( 'NONE', *, *, #3713, .T. ) ;
#2636 = CARTESIAN_POINT ( 'NONE',  ( 76.09999999999998010, 0.000000000000000000, -2.599999999999977440 ) ) ;
#2637 = DIRECTION ( 'NONE',  ( -0.000000000000000000, -1.000000000000000000, -0.000000000000000000 ) ) ;
#2638 = EDGE_CURVE ( 'NONE', #157, #208, #2171, .T. ) ;
#2639 = DIRECTION ( 'NONE',  ( -0.000000000000000000, -1.000000000000000000, -0.000000000000000000 ) ) ;
#2640 = CARTESIAN_POINT ( 'NONE',  ( 43.26585547508129537, 1.999999999999999556, -71.24516383712496292 ) ) ;
#2641 = ORIENTED_EDGE ( 'NONE', *, *, #743, .F. ) ;
#2642 = DIRECTION ( 'NONE',  ( 0.000000000000000000, 0.000000000000000000, -1.000000000000000000 ) ) ;
#2643 = ORIENTED_EDGE ( 'NONE', *, *, #3105, .F. ) ;
#2644 = EDGE_CURVE ( 'NONE', #4846, #3400, #136, .T. ) ;
#2645 = VERTEX_POINT ( 'NONE', #4265 ) ;
#2646 = DIRECTION ( 'NONE',  ( 1.000000000000000000, 0.000000000000000000, -1.454276447297294337E-17 ) ) ;
#2647 = VECTOR ( 'NONE', #3626, 1000.000000000000000 ) ;
#2648 = CARTESIAN_POINT ( 'NONE',  ( 24.83000000000000540, 3.999999999999998224, -42.49999999999998579 ) ) ;
#2649 = AXIS2_PLACEMENT_3D ( 'NONE', #658, #2670, #2261 ) ;
#2650 = VECTOR ( 'NONE', #1292, 1000.000000000000000 ) ;
#2651 = VECTOR ( 'NONE', #3974, 1000.000000000000000 ) ;
#2652 = VERTEX_POINT ( 'NONE', #588 ) ;
#2653 = ADVANCED_FACE ( 'NONE', ( #187 ), #1121, .F. ) ;
#2654 = CARTESIAN_POINT ( 'NONE',  ( 53.73000000000000398, 14.19999999999999929, -39.39999999999999858 ) ) ;
#2655 = EDGE_CURVE ( 'NONE', #4509, #3, #873, .T. ) ;
#2656 = CARTESIAN_POINT ( 'NONE',  ( 7.000000000000006217, 4.000000000000000000, -5.999999999999990230 ) ) ;
#2657 = VERTEX_POINT ( 'NONE', #4505 ) ;
#2658 = CARTESIAN_POINT ( 'NONE',  ( 28.81999999999999673, 14.19999999999999929, -31.39999999999999858 ) ) ;
#2659 = EDGE_LOOP ( 'NONE', ( #3997, #2464, #2253, #1579 ) ) ;
#2660 = LINE ( 'NONE', #4656, #5078 ) ;
#2661 = EDGE_CURVE ( 'NONE', #3505, #5104, #1631, .T. ) ;
#2662 = LINE ( 'NONE', #1048, #2964 ) ;
#2663 = ORIENTED_EDGE ( 'NONE', *, *, #2686, .T. ) ;
#2664 = CARTESIAN_POINT ( 'NONE',  ( 53.73000000000000398, 14.19999999999999929, -39.39999999999999858 ) ) ;
#2665 = DIRECTION ( 'NONE',  ( 1.000000000000000000, 0.000000000000000000, 0.000000000000000000 ) ) ;
#2666 = AXIS2_PLACEMENT_3D ( 'NONE', #3919, #1373, #2584 ) ;
#2667 = EDGE_CURVE ( 'NONE', #104, #3329, #2033, .T. ) ;
#2668 = DIRECTION ( 'NONE',  ( 0.000000000000000000, 0.000000000000000000, -1.000000000000000000 ) ) ;
#2669 = DIRECTION ( 'NONE',  ( 0.000000000000000000, 0.000000000000000000, -1.000000000000000000 ) ) ;
#2670 = DIRECTION ( 'NONE',  ( -1.000000000000000000, 0.000000000000000000, 0.000000000000000000 ) ) ;
#2671 = VECTOR ( 'NONE', #1720, 1000.000000000000114 ) ;
#2672 = ORIENTED_EDGE ( 'NONE', *, *, #3734, .F. ) ;
#2673 = DIRECTION ( 'NONE',  ( 0.000000000000000000, 0.000000000000000000, -1.000000000000000000 ) ) ;
#2674 = EDGE_LOOP ( 'NONE', ( #889, #701, #3393, #3038 ) ) ;
#2675 = VECTOR ( 'NONE', #1654, 1000.000000000000000 ) ;
#2676 = LINE ( 'NONE', #1488, #228 ) ;
#2677 = CARTESIAN_POINT ( 'NONE',  ( 65.54999999999999716, 14.19999999999999929, -58.99999999999998579 ) ) ;
#2678 = VERTEX_POINT ( 'NONE', #4916 ) ;
#2679 = DIRECTION ( 'NONE',  ( -0.000000000000000000, -1.000000000000000000, -0.000000000000000000 ) ) ;
#2680 = EDGE_CURVE ( 'NONE', #1436, #3811, #3869, .T. ) ;
#2681 = ORIENTED_EDGE ( 'NONE', *, *, #589, .T. ) ;
#2682 = CARTESIAN_POINT ( 'NONE',  ( 54.08000000000000540, 8.499999999999998224, -40.59999999999999432 ) ) ;
#2683 = CYLINDRICAL_SURFACE ( 'NONE', #3773, 1.650000000000000355 ) ;
#2684 = VERTEX_POINT ( 'NONE', #2485 ) ;
#2685 = CARTESIAN_POINT ( 'NONE',  ( 38.53000000000000114, 14.19999999999999929, -31.39999999999999858 ) ) ;
#2686 = EDGE_CURVE ( 'NONE', #4918, #1617, #4070, .T. ) ;
#2687 = VERTEX_POINT ( 'NONE', #2298 ) ;
#2688 = CARTESIAN_POINT ( 'NONE',  ( 38.76632215454660013, 2.999999999999998224, -69.25543444993827791 ) ) ;
#2689 = FACE_OUTER_BOUND ( 'NONE', #4491, .T. ) ;
#2690 = ORIENTED_EDGE ( 'NONE', *, *, #503, .T. ) ;
#2691 = DIRECTION ( 'NONE',  ( -0.000000000000000000, -1.000000000000000000, -0.000000000000000000 ) ) ;
#2692 = CARTESIAN_POINT ( 'NONE',  ( 23.61999999999999389, 4.000000000000000000, -31.39999999999999858 ) ) ;
#2693 = ADVANCED_FACE ( 'NONE', ( #1605 ), #428, .F. ) ;
#2694 = LINE ( 'NONE', #4796, #539 ) ;
#2695 = DIRECTION ( 'NONE',  ( -1.000000000000000000, 0.000000000000000000, -2.135044278125301343E-15 ) ) ;
#2696 = ORIENTED_EDGE ( 'NONE', *, *, #160, .T. ) ;
#2697 = CARTESIAN_POINT ( 'NONE',  ( 54.08000000000000540, 14.19999999999999929, -39.59999999999999432 ) ) ;
#2698 = EDGE_LOOP ( 'NONE', ( #1271, #3190 ) ) ;
#2699 = CIRCLE ( 'NONE', #1493, 1.650000000000000355 ) ;
#2700 = CIRCLE ( 'NONE', #1154, 1.650000000000002132 ) ;
#2701 = LINE ( 'NONE', #4778, #55 ) ;
#2702 = CARTESIAN_POINT ( 'NONE',  ( 62.98000000000001108, 4.000000000000000000, -1.599704092027028824E-16 ) ) ;
#2703 = AXIS2_PLACEMENT_3D ( 'NONE', #1400, #2634, #4682 ) ;
#2704 = CARTESIAN_POINT ( 'NONE',  ( 53.51992897217816392, 4.000000000000000000, -28.16575235469809968 ) ) ;
#2705 = ORIENTED_EDGE ( 'NONE', *, *, #1331, .T. ) ;
#2706 = EDGE_CURVE ( 'NONE', #4510, #407, #2812, .T. ) ;
#2707 = CARTESIAN_POINT ( 'NONE',  ( 37.98610519170914301, 3.500121116051885473, -76.82922159128578699 ) ) ;
#2708 = DIRECTION ( 'NONE',  ( 0.000000000000000000, 0.000000000000000000, -1.000000000000000000 ) ) ;
#2709 = ORIENTED_EDGE ( 'NONE', *, *, #2131, .F. ) ;
#2710 = VECTOR ( 'NONE', #657, 1000.000000000000000 ) ;
#2711 = FACE_OUTER_BOUND ( 'NONE', #2168, .T. ) ;
#2712 = PLANE ( 'NONE',  #3253 ) ;
#2713 = VECTOR ( 'NONE', #5314, 1000.000000000000114 ) ;
#2714 = VECTOR ( 'NONE', #4831, 1000.000000000000000 ) ;
#2715 = ORIENTED_EDGE ( 'NONE', *, *, #1397, .T. ) ;
#2716 = AXIS2_PLACEMENT_3D ( 'NONE', #4396, #292, #1922 ) ;
#2717 = CARTESIAN_POINT ( 'NONE',  ( 28.11999999999999744, 14.19999999999999929, -31.39999999999999858 ) ) ;
#2718 = PLANE ( 'NONE',  #3654 ) ;
#2719 = ORIENTED_EDGE ( 'NONE', *, *, #2790, .T. ) ;
#2720 = CARTESIAN_POINT ( 'NONE',  ( 83.10000000000000853, 4.000000000000000000, -1.208503727704051627E-15 ) ) ;
#2721 = DIRECTION ( 'NONE',  ( 0.000000000000000000, 0.000000000000000000, 1.000000000000000000 ) ) ;
#2722 = PLANE ( 'NONE',  #3994 ) ;
#2723 = CARTESIAN_POINT ( 'NONE',  ( 43.55484492846984779, 1.262755255987617620, -70.00448959702238483 ) ) ;
#2724 = EDGE_CURVE ( 'NONE', #382, #2027, #3516, .T. ) ;
#2725 = ORIENTED_EDGE ( 'NONE', *, *, #721, .T. ) ;
#2726 = EDGE_CURVE ( 'NONE', #2883, #5197, #827, .T. ) ;
#2727 = DIRECTION ( 'NONE',  ( 0.000000000000000000, 0.000000000000000000, 1.000000000000000000 ) ) ;
#2728 = FACE_OUTER_BOUND ( 'NONE', #1120, .T. ) ;
#2729 = DIRECTION ( 'NONE',  ( -1.000000000000000000, -0.000000000000000000, -0.000000000000000000 ) ) ;
#2730 = ORIENTED_EDGE ( 'NONE', *, *, #1875, .F. ) ;
#2731 = ORIENTED_EDGE ( 'NONE', *, *, #3685, .T. ) ;
#2732 = CIRCLE ( 'NONE', #1964, 2.000000000000001776 ) ;
#2733 = CARTESIAN_POINT ( 'NONE',  ( 59.68000000000000682, 5.000000000000000000, -44.39999999999999147 ) ) ;
#2734 = ORIENTED_EDGE ( 'NONE', *, *, #1045, .T. ) ;
#2735 = CARTESIAN_POINT ( 'NONE',  ( 60.68000000000001393, 3.999999999999999112, -40.59999999999999432 ) ) ;
#2736 = LINE ( 'NONE', #1559, #2052 ) ;
#2737 = ADVANCED_BREP_SHAPE_REPRESENTATION ( 'battery_main_hole_moved', ( #5216, #2505 ), #1126 ) ;
#2738 = AXIS2_PLACEMENT_3D ( 'NONE', #4922, #2437, #2950 ) ;
#2739 = ORIENTED_EDGE ( 'NONE', *, *, #1014, .T. ) ;
#2740 = CARTESIAN_POINT ( 'NONE',  ( 46.13000000000000256, 2.949999999999999289, -32.82500000000000284 ) ) ;
#2741 = CARTESIAN_POINT ( 'NONE',  ( 64.82999999999999829, 4.000000000000000000, -31.39999999999999858 ) ) ;
#2742 = ORIENTED_EDGE ( 'NONE', *, *, #1741, .T. ) ;
#2743 = CARTESIAN_POINT ( 'NONE',  ( 59.68000000000001393, 5.000000000000000000, -1.042318621155760306E-14 ) ) ;
#2744 = CARTESIAN_POINT ( 'NONE',  ( 35.93000000000000682, 4.000000000000000000, -30.33252191983982726 ) ) ;
#2745 = EDGE_CURVE ( 'NONE', #3031, #120, #3454, .T. ) ;
#2746 = DIRECTION ( 'NONE',  ( 0.000000000000000000, 0.000000000000000000, 1.000000000000000000 ) ) ;
#2747 = ORIENTED_EDGE ( 'NONE', *, *, #1272, .T. ) ;
#2748 = FACE_OUTER_BOUND ( 'NONE', #4839, .T. ) ;
#2749 = CARTESIAN_POINT ( 'NONE',  ( 43.79117732457984857, 1.477244730420297580, -69.82374966644148628 ) ) ;
#2750 = CYLINDRICAL_SURFACE ( 'NONE', #4679, 1.000000000000000888 ) ;
#2751 = ORIENTED_EDGE ( 'NONE', *, *, #5319, .F. ) ;
#2752 = VECTOR ( 'NONE', #1699, 1000.000000000000000 ) ;
#2753 = CIRCLE ( 'NONE', #2925, 1.650000000000002132 ) ;
#2754 = EDGE_CURVE ( 'NONE', #1229, #675, #3939, .T. ) ;
#2755 = VECTOR ( 'NONE', #5138, 1000.000000000000000 ) ;
#2756 = DIRECTION ( 'NONE',  ( -1.000000000000000000, -0.000000000000000000, 3.953785700232036912E-16 ) ) ;
#2757 = DIRECTION ( 'NONE',  ( 0.3508920828279517568, 0.000000000000000000, -0.9364159045043296548 ) ) ;
#2758 = DIRECTION ( 'NONE',  ( 0.000000000000000000, 0.000000000000000000, 1.000000000000000000 ) ) ;
#2759 = AXIS2_PLACEMENT_3D ( 'NONE', #201, #5019, #4203 ) ;
#2760 = CIRCLE ( 'NONE', #4829, 3.400000000000028777 ) ;
#2761 = ADVANCED_FACE ( 'NONE', ( #670 ), #5322, .T. ) ;
#2762 = ORIENTED_EDGE ( 'NONE', *, *, #1653, .T. ) ;
#2763 = LINE ( 'NONE', #4401, #2647 ) ;
#2764 = FACE_OUTER_BOUND ( 'NONE', #1573, .T. ) ;
#2765 = PLANE ( 'NONE',  #4123 ) ;
#2766 = EDGE_LOOP ( 'NONE', ( #4480, #774, #2211, #4091 ) ) ;
#2767 = CARTESIAN_POINT ( 'NONE',  ( 64.82999999999999829, 14.19999999999999929, -44.39999999999999147 ) ) ;
#2768 = FACE_OUTER_BOUND ( 'NONE', #473, .T. ) ;
#2769 = ORIENTED_EDGE ( 'NONE', *, *, #582, .T. ) ;
#2770 = CARTESIAN_POINT ( 'NONE',  ( 39.36848878372455829, 2.199472119991930708, -70.67163019129294810 ) ) ;
#2771 = CARTESIAN_POINT ( 'NONE',  ( 39.97098562727420301, 1.000000000000001110, -71.34771754627320206 ) ) ;
#2772 = PLANE ( 'NONE',  #957 ) ;
#2773 = ORIENTED_EDGE ( 'NONE', *, *, #4254, .F. ) ;
#2774 = PLANE ( 'NONE',  #2116 ) ;
#2775 = CARTESIAN_POINT ( 'NONE',  ( 39.47294654120146618, 1.302257761719661122, -69.96004764918046703 ) ) ;
#2776 = EDGE_CURVE ( 'NONE', #1062, #3421, #1173, .T. ) ;
#2777 = DIRECTION ( 'NONE',  ( -1.000000000000000000, 0.000000000000000000, 1.746512434912466574E-16 ) ) ;
#2778 = ORIENTED_EDGE ( 'NONE', *, *, #3534, .F. ) ;
#2779 = ORIENTED_EDGE ( 'NONE', *, *, #211, .T. ) ;
#2780 = DIRECTION ( 'NONE',  ( -0.000000000000000000, -0.000000000000000000, 1.000000000000000000 ) ) ;
#2781 = LINE ( 'NONE', #5211, #3042 ) ;
#2782 = DIRECTION ( 'NONE',  ( -0.000000000000000000, -1.000000000000000000, -0.000000000000000000 ) ) ;
#2783 = ADVANCED_FACE ( 'NONE', ( #4940 ), #2863, .F. ) ;
#2784 = ORIENTED_EDGE ( 'NONE', *, *, #1331, .F. ) ;
#2785 = ORIENTED_EDGE ( 'NONE', *, *, #2706, .F. ) ;
#2786 = CARTESIAN_POINT ( 'NONE',  ( 44.89794516458096751, 2.127756013132407364, -77.50000000000001421 ) ) ;
#2787 = AXIS2_PLACEMENT_3D ( 'NONE', #1318, #468, #2174 ) ;
#2788 = AXIS2_PLACEMENT_3D ( 'NONE', #4554, #948, #899 ) ;
#2789 = LINE ( 'NONE', #295, #5151 ) ;
#2790 = EDGE_CURVE ( 'NONE', #2165, #793, #507, .T. ) ;
#2791 = ORIENTED_EDGE ( 'NONE', *, *, #2091, .F. ) ;
#2792 = ADVANCED_FACE ( 'NONE', ( #1737 ), #1707, .F. ) ;
#2793 = LINE ( 'NONE', #2819, #49 ) ;
#2794 = CARTESIAN_POINT ( 'NONE',  ( 28.81999999999999318, 3.000000000000000000, -18.39999999999999858 ) ) ;
#2795 = ORIENTED_EDGE ( 'NONE', *, *, #1397, .F. ) ;
#2796 = CARTESIAN_POINT ( 'NONE',  ( 57.03000000000000114, 11.93999999999999950, -31.39999999999999858 ) ) ;
#2797 = CYLINDRICAL_SURFACE ( 'NONE', #1201, 0.5999999999999999778 ) ;
#2798 = VERTEX_POINT ( 'NONE', #3347 ) ;
#2799 = AXIS2_PLACEMENT_3D ( 'NONE', #4667, #934, #2089 ) ;
#2800 = LINE ( 'NONE', #1937, #5212 ) ;
#2801 = DIRECTION ( 'NONE',  ( 0.000000000000000000, 0.000000000000000000, 1.000000000000000000 ) ) ;
#2802 = AXIS2_PLACEMENT_3D ( 'NONE', #452, #529, #2082 ) ;
#2803 = CIRCLE ( 'NONE', #5127, 1.000000000000000888 ) ;
#2804 = VERTEX_POINT ( 'NONE', #2994 ) ;
#2805 = LINE ( 'NONE', #2449, #2885 ) ;
#2806 = DIRECTION ( 'NONE',  ( 1.000000000000000000, 0.000000000000000000, 0.000000000000000000 ) ) ;
#2807 = FACE_OUTER_BOUND ( 'NONE', #3195, .T. ) ;
#2808 = ORIENTED_EDGE ( 'NONE', *, *, #4469, .T. ) ;
#2809 = VECTOR ( 'NONE', #960, 1000.000000000000000 ) ;
#2810 = CARTESIAN_POINT ( 'NONE',  ( 7.000000000000006217, 0.000000000000000000, -9.400000000000019895 ) ) ;
#2811 = CARTESIAN_POINT ( 'NONE',  ( 45.12901437272579130, 4.000000000000000000, -75.50000000000000000 ) ) ;
#2812 = LINE ( 'NONE', #1065, #3985 ) ;
#2813 = CARTESIAN_POINT ( 'NONE',  ( 57.98000000000001108, 5.000000000000000000, -40.59999999999999432 ) ) ;
#2814 = EDGE_LOOP ( 'NONE', ( #2605, #4003, #362, #496 ) ) ;
#2815 = EDGE_CURVE ( 'NONE', #2678, #4618, #930, .T. ) ;
#2816 = VERTEX_POINT ( 'NONE', #953 ) ;
#2817 = DIRECTION ( 'NONE',  ( 0.000000000000000000, -0.000000000000000000, 1.000000000000000000 ) ) ;
#2818 = CARTESIAN_POINT ( 'NONE',  ( 61.58000000000000540, 4.000000000000000000, -31.39999999999999858 ) ) ;
#2819 = CARTESIAN_POINT ( 'NONE',  ( 41.54999999999999716, 0.000000000000000000, -71.63384597600371251 ) ) ;
#2820 = DIRECTION ( 'NONE',  ( -1.000000000000000000, 0.000000000000000000, -0.000000000000000000 ) ) ;
#2821 = ORIENTED_EDGE ( 'NONE', *, *, #4069, .T. ) ;
#2822 = VECTOR ( 'NONE', #4886, 1000.000000000000000 ) ;
#2823 = CARTESIAN_POINT ( 'NONE',  ( 59.68000000000000682, 5.000000000000000000, -40.59999999999999432 ) ) ;
#2824 = LINE ( 'NONE', #4845, #3084 ) ;
#2825 = ORIENTED_EDGE ( 'NONE', *, *, #25, .T. ) ;
#2826 = VECTOR ( 'NONE', #4319, 1000.000000000000000 ) ;
#2827 = FACE_OUTER_BOUND ( 'NONE', #1620, .T. ) ;
#2828 = PLANE ( 'NONE',  #4024 ) ;
#2829 = VECTOR ( 'NONE', #1212, 1000.000000000000000 ) ;
#2830 = EDGE_CURVE ( 'NONE', #1474, #1420, #3420, .T. ) ;
#2831 = ORIENTED_EDGE ( 'NONE', *, *, #2563, .T. ) ;
#2832 = DIRECTION ( 'NONE',  ( 0.000000000000000000, 0.000000000000000000, -1.000000000000000000 ) ) ;
#2833 = CARTESIAN_POINT ( 'NONE',  ( 60.87999999999999545, 3.000000000000000000, -39.59999999999999432 ) ) ;
#2834 = FACE_OUTER_BOUND ( 'NONE', #3379, .T. ) ;
#2835 = ORIENTED_EDGE ( 'NONE', *, *, #1741, .F. ) ;
#2836 = VERTEX_POINT ( 'NONE', #3021 ) ;
#2837 = EDGE_CURVE ( 'NONE', #5140, #2593, #975, .T. ) ;
#2838 = CARTESIAN_POINT ( 'NONE',  ( 7.000000000000000000, 1.750000000000021094, -23.85000000000000142 ) ) ;
#2839 = CARTESIAN_POINT ( 'NONE',  ( 72.10000000000000853, 4.000000000000000000, -37.50000000000000711 ) ) ;
#2840 = CARTESIAN_POINT ( 'NONE',  ( 37.97345842572430286, 3.794750374329337372, -76.39234020169500639 ) ) ;
#2841 = CARTESIAN_POINT ( 'NONE',  ( 42.77812228989783705, 1.000000000000000000, -70.41130164176887263 ) ) ;
#2842 = ORIENTED_EDGE ( 'NONE', *, *, #1677, .F. ) ;
#2843 = AXIS2_PLACEMENT_3D ( 'NONE', #5204, #1510, #4798 ) ;
#2844 = VERTEX_POINT ( 'NONE', #3321 ) ;
#2845 = CARTESIAN_POINT ( 'NONE',  ( 44.92994145629864278, 2.254813645404416533, -77.48785823055419542 ) ) ;
#2846 = ADVANCED_FACE ( 'NONE', ( #2569 ), #2084, .F. ) ;
#2847 = DIRECTION ( 'NONE',  ( 0.000000000000000000, 1.000000000000000000, 0.000000000000000000 ) ) ;
#2848 = EDGE_LOOP ( 'NONE', ( #3201, #3494, #4984, #4582 ) ) ;
#2849 = CARTESIAN_POINT ( 'NONE',  ( 17.55000000000000071, 14.19999999999999929, -58.99999999999998579 ) ) ;
#2850 = LINE ( 'NONE', #4465, #4284 ) ;
#2851 = EDGE_LOOP ( 'NONE', ( #3022, #1828, #1648, #519, #438, #3978 ) ) ;
#2852 = CARTESIAN_POINT ( 'NONE',  ( 25.09999999999999787, 14.19999999999999929, -44.39999999999999147 ) ) ;
#2853 = CARTESIAN_POINT ( 'NONE',  ( 61.58000000000000540, 3.000000000000000000, -40.59999999999999432 ) ) ;
#2854 = ADVANCED_FACE ( 'NONE', ( #153 ), #1276, .F. ) ;
#2855 = EDGE_LOOP ( 'NONE', ( #4973, #556, #4322, #2207 ) ) ;
#2856 = DIRECTION ( 'NONE',  ( -0.000000000000000000, -1.000000000000000000, -0.000000000000000000 ) ) ;
#2857 = LINE ( 'NONE', #4473, #2014 ) ;
#2858 = ORIENTED_EDGE ( 'NONE', *, *, #4409, .T. ) ;
#2859 = EDGE_CURVE ( 'NONE', #4846, #3482, #2516, .T. ) ;
#2860 = DIRECTION ( 'NONE',  ( 1.000000000000000000, 0.000000000000000000, -1.746512434912466574E-16 ) ) ;
#2861 = CARTESIAN_POINT ( 'NONE',  ( 17.55000000000000071, 14.19999999999999929, -49.99999999999997868 ) ) ;
#2862 = PLANE ( 'NONE',  #2299 ) ;
#2863 = CYLINDRICAL_SURFACE ( 'NONE', #4945, 1.600000000000000755 ) ;
#2864 = DIRECTION ( 'NONE',  ( -0.000000000000000000, -0.000000000000000000, 1.000000000000000000 ) ) ;
#2865 = ORIENTED_EDGE ( 'NONE', *, *, #3903, .F. ) ;
#2866 = EDGE_LOOP ( 'NONE', ( #2858, #4296 ) ) ;
#2867 = DIRECTION ( 'NONE',  ( 0.000000000000000000, 1.000000000000000000, 0.000000000000000000 ) ) ;
#2868 = PLANE ( 'NONE',  #4523 ) ;
#2869 = VERTEX_POINT ( 'NONE', #4207 ) ;
#2870 = ORIENTED_EDGE ( 'NONE', *, *, #2192, .T. ) ;
#2871 = VECTOR ( 'NONE', #621, 1000.000000000000000 ) ;
#2872 = EDGE_CURVE ( 'NONE', #3461, #3497, #2591, .T. ) ;
#2873 = CARTESIAN_POINT ( 'NONE',  ( 38.53000000000000114, 13.00000000000000000, -25.59999999999999076 ) ) ;
#2874 = APPLICATION_CONTEXT ( 'automotive_design' ) ;
#2875 = DIRECTION ( 'NONE',  ( 0.000000000000000000, -1.000000000000000000, 0.000000000000000000 ) ) ;
#2876 = EDGE_LOOP ( 'NONE', ( #1130, #1581, #3139, #4909, #4819, #2040 ) ) ;
#2877 = CARTESIAN_POINT ( 'NONE',  ( 39.70366661884552428, 2.027989125445303298, -71.11613724620278276 ) ) ;
#2878 = CARTESIAN_POINT ( 'NONE',  ( 53.73000000000000398, 11.94999999999999929, -39.39999999999999858 ) ) ;
#2879 = EDGE_CURVE ( 'NONE', #1803, #1474, #3759, .T. ) ;
#2880 = FACE_OUTER_BOUND ( 'NONE', #1209, .T. ) ;
#2881 = DIRECTION ( 'NONE',  ( 0.000000000000000000, 1.000000000000000000, 0.000000000000000000 ) ) ;
#2882 = CARTESIAN_POINT ( 'NONE',  ( 17.55000000000000071, 4.000000000000000000, -67.50000000000000000 ) ) ;
#2883 = VERTEX_POINT ( 'NONE', #74 ) ;
#2884 = ORIENTED_EDGE ( 'NONE', *, *, #4700, .F. ) ;
#2885 = VECTOR ( 'NONE', #2856, 1000.000000000000000 ) ;
#2886 = AXIS2_PLACEMENT_3D ( 'NONE', #2517, #4972, #1606 ) ;
#2887 = CARTESIAN_POINT ( 'NONE',  ( 53.73000000000000398, 13.00000000000000000, -31.39999999999999858 ) ) ;
#2888 = ADVANCED_FACE ( 'NONE', ( #2944 ), #3829, .F. ) ;
#2889 = CARTESIAN_POINT ( 'NONE',  ( 33.39999999999999858, 4.400000000000000355, -1.400000000000000133 ) ) ;
#2890 = CARTESIAN_POINT ( 'NONE',  ( 21.51999999999999602, 14.19999999999999929, -31.39999999999999858 ) ) ;
#2891 = ADVANCED_FACE ( 'NONE', ( #532 ), #1384, .T. ) ;
#2892 = DIRECTION ( 'NONE',  ( -1.746512434912466574E-16, -0.000000000000000000, -1.000000000000000000 ) ) ;
#2893 = PLANE ( 'NONE',  #4258 ) ;
#2894 = ORIENTED_EDGE ( 'NONE', *, *, #558, .T. ) ;
#2895 = ORIENTED_EDGE ( 'NONE', *, *, #37, .T. ) ;
#2896 = CARTESIAN_POINT ( 'NONE',  ( 0.000000000000000000, 8.499999999999998224, 0.000000000000000000 ) ) ;
#2897 = DIRECTION ( 'NONE',  ( 1.000000000000000000, 0.000000000000000000, 0.000000000000000000 ) ) ;
#2898 = ORIENTED_EDGE ( 'NONE', *, *, #3578, .F. ) ;
#2899 = CARTESIAN_POINT ( 'NONE',  ( 76.09999999999998010, 1.750000000000018430, -23.84999999999999787 ) ) ;
#2900 = CARTESIAN_POINT ( 'NONE',  ( 7.000000000000006217, 0.000000000000000000, -2.599999999999961897 ) ) ;
#2901 = ORIENTED_EDGE ( 'NONE', *, *, #3944, .T. ) ;
#2902 = CARTESIAN_POINT ( 'NONE',  ( 38.94526333076154856, 2.059371193979448567, -69.47254057160841967 ) ) ;
#2903 = DIRECTION ( 'NONE',  ( 0.000000000000000000, 0.000000000000000000, -1.000000000000000000 ) ) ;
#2904 = ORIENTED_EDGE ( 'NONE', *, *, #2996, .F. ) ;
#2905 = CARTESIAN_POINT ( 'NONE',  ( 39.10496022348976908, 2.499999999999969802, -77.50000000000001421 ) ) ;
#2906 = AXIS2_PLACEMENT_3D ( 'NONE', #2410, #3249, #4051 ) ;
#2907 = DIRECTION ( 'NONE',  ( -0.000000000000000000, -0.000000000000000000, 1.000000000000000000 ) ) ;
#2908 = ORIENTED_EDGE ( 'NONE', *, *, #5084, .T. ) ;
#2909 = ADVANCED_FACE ( 'NONE', ( #3807 ), #3781, .F. ) ;
#2910 = VERTEX_POINT ( 'NONE', #1328 ) ;
#2911 = VECTOR ( 'NONE', #1171, 1000.000000000000000 ) ;
#2912 = VECTOR ( 'NONE', #4031, 1000.000000000000000 ) ;
#2913 = VECTOR ( 'NONE', #4056, 1000.000000000000000 ) ;
#2914 = CARTESIAN_POINT ( 'NONE',  ( 62.98000000000001108, 4.000000000000000000, -31.39999999999999858 ) ) ;
#2915 = PLANE ( 'NONE',  #2802 ) ;
#2916 = FACE_OUTER_BOUND ( 'NONE', #3257, .T. ) ;
#2917 = CARTESIAN_POINT ( 'NONE',  ( 22.21999999999999531, 14.19999999999999929, -31.39999999999999858 ) ) ;
#2918 = CARTESIAN_POINT ( 'NONE',  ( 28.81999999999999673, 3.000000000000000000, -39.60000000000000853 ) ) ;
#2919 = ORIENTED_EDGE ( 'NONE', *, *, #3040, .T. ) ;
#2920 = ORIENTED_EDGE ( 'NONE', *, *, #4699, .F. ) ;
#2921 = LINE ( 'NONE', #2948, #182 ) ;
#2922 = FACE_OUTER_BOUND ( 'NONE', #3557, .T. ) ;
#2923 = CIRCLE ( 'NONE', #3612, 2.075000000000000622 ) ;
#2924 = ADVANCED_FACE ( 'NONE', ( #4617 ), #125, .F. ) ;
#2925 = AXIS2_PLACEMENT_3D ( 'NONE', #5278, #4052, #2411 ) ;
#2926 = ORIENTED_EDGE ( 'NONE', *, *, #4622, .F. ) ;
#2927 = CIRCLE ( 'NONE', #4735, 2.075000000000000622 ) ;
#2928 = FACE_OUTER_BOUND ( 'NONE', #568, .T. ) ;
#2929 = CARTESIAN_POINT ( 'NONE',  ( 56.98000000000001108, 5.000000000000000000, -40.59999999999999432 ) ) ;
#2930 = EDGE_LOOP ( 'NONE', ( #4514, #1686, #3524, #3455 ) ) ;
#2931 = DIRECTION ( 'NONE',  ( 1.000000000000000000, 0.000000000000000000, -0.000000000000000000 ) ) ;
#2932 = LINE ( 'NONE', #2201, #4944 ) ;
#2933 = MECHANICAL_DESIGN_GEOMETRIC_PRESENTATION_REPRESENTATION (  '', ( #4483 ), #2075 ) ;
#2934 = ORIENTED_EDGE ( 'NONE', *, *, #1526, .T. ) ;
#2935 = ORIENTED_EDGE ( 'NONE', *, *, #2001, .F. ) ;
#2936 = CARTESIAN_POINT ( 'NONE',  ( 38.92640174543500109, 3.796000927126742308, -76.38931864029366636 ) ) ;
#2937 = ORIENTED_EDGE ( 'NONE', *, *, #2583, .F. ) ;
#2938 = CARTESIAN_POINT ( 'NONE',  ( 49.39999999999999858, 4.400000000000000355, -1.400000000000000133 ) ) ;
#2939 = ORIENTED_EDGE ( 'NONE', *, *, #4235, .T. ) ;
#2940 = FACE_OUTER_BOUND ( 'NONE', #466, .T. ) ;
#2941 = EDGE_CURVE ( 'NONE', #173, #3062, #608, .T. ) ;
#2942 = DIRECTION ( 'NONE',  ( -1.000000000000000000, 0.000000000000000000, -0.000000000000000000 ) ) ;
#2943 = CARTESIAN_POINT ( 'NONE',  ( 44.18316167102516090, 3.747875483320850964, -76.50446122789459480 ) ) ;
#2944 = FACE_OUTER_BOUND ( 'NONE', #1264, .T. ) ;
#2945 = CARTESIAN_POINT ( 'NONE',  ( 65.54999999999999716, 0.000000000000000000, -77.50000000000000000 ) ) ;
#2946 = ORIENTED_EDGE ( 'NONE', *, *, #4343, .F. ) ;
#2947 = EDGE_LOOP ( 'NONE', ( #2751, #1457, #3935, #3388 ) ) ;
#2948 = CARTESIAN_POINT ( 'NONE',  ( 38.52999999999999403, 8.499999999999998224, -39.39999999999999858 ) ) ;
#2949 = EDGE_CURVE ( 'NONE', #1138, #742, #3957, .T. ) ;
#2950 = DIRECTION ( 'NONE',  ( 0.000000000000000000, 0.000000000000000000, 1.000000000000000000 ) ) ;
#2951 = ORIENTED_EDGE ( 'NONE', *, *, #5100, .T. ) ;
#2952 = ADVANCED_FACE ( 'NONE', ( #3531 ), #4334, .F. ) ;
#2953 = CARTESIAN_POINT ( 'NONE',  ( 23.23000000000000398, 8.499999999999998224, -42.49999999999998579 ) ) ;
#2954 = EDGE_CURVE ( 'NONE', #4690, #5221, #3559, .T. ) ;
#2955 = DIRECTION ( 'NONE',  ( 0.000000000000000000, 1.000000000000000000, 0.000000000000000000 ) ) ;
#2956 = ORIENTED_EDGE ( 'NONE', *, *, #3670, .F. ) ;
#2957 = CARTESIAN_POINT ( 'NONE',  ( 39.17115404053498651, 1.648608471333070424, -69.70279419625947526 ) ) ;
#2958 = CARTESIAN_POINT ( 'NONE',  ( 30.23000000000000398, 8.499999999999998224, -40.59999999999999432 ) ) ;
#2959 = VECTOR ( 'NONE', #4869, 1000.000000000000000 ) ;
#2960 = VECTOR ( 'NONE', #1651, 1000.000000000000000 ) ;
#2961 = VERTEX_POINT ( 'NONE', #634 ) ;
#2962 = EDGE_CURVE ( 'NONE', #3686, #1408, #1889, .T. ) ;
#2963 = CARTESIAN_POINT ( 'NONE',  ( 39.00329858937076466, 2.740097070776398525, -76.38645158563016935 ) ) ;
#2964 = VECTOR ( 'NONE', #1477, 1000.000000000000000 ) ;
#2965 = CARTESIAN_POINT ( 'NONE',  ( 35.31999999999999318, 14.19999999999999929, -40.59999999999999432 ) ) ;
#2966 = ORIENTED_EDGE ( 'NONE', *, *, #758, .F. ) ;
#2967 =( BOUNDED_SURFACE ( )  B_SPLINE_SURFACE ( 3, 2, ( 
 ( #2514, #579, #176 ),
 ( #929, #4995, #2970 ),
 ( #3371, #904, #2210 ),
 ( #2183, #4229, #1705 ),
 ( #4177, #1353, #5022 ),
 ( #1382, #974, #2109 ),
 ( #4615, #3853, #2992 ),
 ( #1809, #1760, #152 ),
 ( #123, #3756, #3446 ),
 ( #4639, #1405, #3395 ),
 ( #506, #2943, #1327 ),
 ( #2539, #4559, #5098 ),
 ( #99, #3346, #878 ),
 ( #1300, #2566, #5073 ) ),
 .UNSPECIFIED., .F., .F., .F. ) 
 B_SPLINE_SURFACE_WITH_KNOTS ( ( 4, 2, 2, 2, 2, 2, 4 ),
 ( 3, 3 ),
 ( 0.000000000000000000, 0.0002010712638054788044, 0.0004021425276109576088, 0.0006032137914164364132, 0.0008042850552219152176, 0.001206427582832872826, 0.001608570110443830435 ),
 ( 0.000000000000000000, 1.000000000000000000 ),
 .UNSPECIFIED. ) 
 GEOMETRIC_REPRESENTATION_ITEM ( )  RATIONAL_B_SPLINE_SURFACE ( (
 ( 1.000000000000000000, 0.7071067811875290099, 1.000000000000000000),
 ( 1.000000000000000000, 0.7174984047674578536, 1.000000000000000000),
 ( 1.000000000000000000, 0.7259875392684177475, 1.000000000000000000),
 ( 1.000000000000000000, 0.7392126730303648641, 1.000000000000000000),
 ( 1.000000000000000000, 0.7439675438455908285, 1.000000000000000000),
 ( 1.000000000000000000, 0.7495497455358106631, 1.000000000000000000),
 ( 1.000000000000000000, 0.7504417875966392648, 1.000000000000000000),
 ( 1.000000000000000000, 0.7491656092328055072, 1.000000000000000000),
 ( 1.000000000000000000, 0.7469573412464431961, 1.000000000000000000),
 ( 1.000000000000000000, 0.7376591508143497400, 1.000000000000000000),
 ( 1.000000000000000000, 0.7277730953571073247, 1.000000000000000000),
 ( 1.000000000000000000, 0.7123799133955288632, 1.000000000000000000),
 ( 1.000000000000000000, 0.7069106379194479706, 1.000000000000000000),
 ( 1.000000000000000000, 0.7071067811865475727, 1.000000000000000000) ) ) 
 REPRESENTATION_ITEM ( '' )  SURFACE ( )  );
#2968 = CARTESIAN_POINT ( 'NONE',  ( 41.54999999999999716, 2.000000000000000000, -67.13384597600372672 ) ) ;
#2969 = LINE ( 'NONE', #476, #143 ) ;
#2970 = CARTESIAN_POINT ( 'NONE',  ( 44.89500886910503397, 2.117584408040420474, -77.50000000000595435 ) ) ;
#2971 = CARTESIAN_POINT ( 'NONE',  ( 0.000000000000000000, 2.000000000000000000, -75.50000000000000000 ) ) ;
#2972 = EDGE_LOOP ( 'NONE', ( #3632, #3927, #41, #3246 ) ) ;
#2973 = VECTOR ( 'NONE', #1252, 1000.000000000000000 ) ;
#2974 = ORIENTED_EDGE ( 'NONE', *, *, #3350, .T. ) ;
#2975 = CARTESIAN_POINT ( 'NONE',  ( 55.54999999999999005, 4.000000000000000000, -75.50000000000000000 ) ) ;
#2976 = PLANE ( 'NONE',  #999 ) ;
#2977 = ADVANCED_FACE ( 'NONE', ( #2212 ), #214, .T. ) ;
#2978 = VERTEX_POINT ( 'NONE', #286 ) ;
#2979 = DIRECTION ( 'NONE',  ( -0.000000000000000000, 0.7660444431189796788, 0.6427876096865374755 ) ) ;
#2980 = CARTESIAN_POINT ( 'NONE',  ( 7.000000000000000000, 1.750000000000021094, -25.50000000000000000 ) ) ;
#2981 = VERTEX_POINT ( 'NONE', #1435 ) ;
#2982 = CARTESIAN_POINT ( 'NONE',  ( 38.97098562727419591, 3.000000000000409006, -69.86160258534813750 ) ) ;
#2983 = CARTESIAN_POINT ( 'NONE',  ( 28.11999999999999744, 3.000000000000000000, -39.60000000000000853 ) ) ;
#2984 = EDGE_CURVE ( 'NONE', #1764, #4734, #1811, .T. ) ;
#2985 = ORIENTED_EDGE ( 'NONE', *, *, #199, .T. ) ;
#2986 = CARTESIAN_POINT ( 'NONE',  ( 38.00989479312618613, 3.191075269560026850, -77.12856274435611681 ) ) ;
#2987 = CARTESIAN_POINT ( 'NONE',  ( 41.54999999999999716, 4.000000000000000000, -67.13384597600372672 ) ) ;
#2988 = VERTEX_POINT ( 'NONE', #1915 ) ;
#2989 = ADVANCED_FACE ( 'NONE', ( #3077 ), #3213, .T. ) ;
#2990 =( NAMED_UNIT ( * ) PLANE_ANGLE_UNIT ( ) SI_UNIT ( $, .RADIAN. ) );
#2991 = CARTESIAN_POINT ( 'NONE',  ( 35.32000000000000028, 14.19999999999999929, -39.59999999999999432 ) ) ;
#2992 = CARTESIAN_POINT ( 'NONE',  ( 45.06069176299357082, 2.957098778733410427, -77.26107146689561489 ) ) ;
#2993 = VECTOR ( 'NONE', #2604, 1000.000000000000000 ) ;
#2994 = CARTESIAN_POINT ( 'NONE',  ( 59.68000000000000682, 3.999999999999999112, -40.59999999999999432 ) ) ;
#2995 = ORIENTED_EDGE ( 'NONE', *, *, #4799, .F. ) ;
#2996 = EDGE_CURVE ( 'NONE', #1584, #2327, #661, .T. ) ;
#2997 = ORIENTED_EDGE ( 'NONE', *, *, #4799, .T. ) ;
#2998 = ORIENTED_EDGE ( 'NONE', *, *, #1378, .T. ) ;
#2999 = PLANE ( 'NONE',  #2235 ) ;
#3000 = DIRECTION ( 'NONE',  ( -0.000000000000000000, -1.000000000000000000, -0.000000000000000000 ) ) ;
#3001 = ORIENTED_EDGE ( 'NONE', *, *, #364, .T. ) ;
#3002 = EDGE_CURVE ( 'NONE', #1343, #3136, #1926, .T. ) ;
#3003 = DIRECTION ( 'NONE',  ( 0.000000000000000000, -0.000000000000000000, -1.000000000000000000 ) ) ;
#3004 = CONICAL_SURFACE ( 'NONE', #4214, 4.499999999999990230, 0.7853981633974562726 ) ;
#3005 = CARTESIAN_POINT ( 'NONE',  ( 64.82999999999999829, 4.000000000000000000, -44.39999999999999147 ) ) ;
#3006 = ORIENTED_EDGE ( 'NONE', *, *, #4530, .T. ) ;
#3007 = CARTESIAN_POINT ( 'NONE',  ( 53.73000000000000398, 13.00000000000000000, -31.39999999999999858 ) ) ;
#3008 = VECTOR ( 'NONE', #4896, 1000.000000000000000 ) ;
#3009 = LINE ( 'NONE', #3867, #1806 ) ;
#3010 = ORIENTED_EDGE ( 'NONE', *, *, #3840, .T. ) ;
#3011 = VECTOR ( 'NONE', #2333, 1000.000000000000000 ) ;
#3012 = CARTESIAN_POINT ( 'NONE',  ( 64.60941176470588232, 8.499999999999998224, 0.000000000000000000 ) ) ;
#3013 = EDGE_CURVE ( 'NONE', #4201, #4170, #306, .T. ) ;
#3014 = CARTESIAN_POINT ( 'NONE',  ( 0.000000000000000000, 14.19999999999999929, 0.000000000000000000 ) ) ;
#3015 = ORIENTED_EDGE ( 'NONE', *, *, #3117, .F. ) ;
#3016 = VECTOR ( 'NONE', #475, 1000.000000000000000 ) ;
#3017 = CIRCLE ( 'NONE', #192, 1.650000000000000355 ) ;
#3018 = LINE ( 'NONE', #4251, #3364 ) ;
#3019 = CARTESIAN_POINT ( 'NONE',  ( 7.000000000000000000, 0.000000000000000000, -25.50000000000000000 ) ) ;
#3020 = CARTESIAN_POINT ( 'NONE',  ( 44.06846818625100326, 2.650990353152569146, -70.01475558637322649 ) ) ;
#3021 = CARTESIAN_POINT ( 'NONE',  ( 38.52999999999999403, 8.499999999999998224, -42.39999999999998437 ) ) ;
#3022 = ORIENTED_EDGE ( 'NONE', *, *, #537, .F. ) ;
#3023 = ADVANCED_FACE ( 'NONE', ( #4255 ), #4281, .F. ) ;
#3024 = ORIENTED_EDGE ( 'NONE', *, *, #1066, .T. ) ;
#3025 = DIRECTION ( 'NONE',  ( -0.000000000000000000, -1.000000000000000000, -0.000000000000000000 ) ) ;
#3026 = AXIS2_PLACEMENT_3D ( 'NONE', #4162, #1695, #3383 ) ;
#3027 = FACE_OUTER_BOUND ( 'NONE', #4747, .T. ) ;
#3028 = VERTEX_POINT ( 'NONE', #1458 ) ;
#3029 = DIRECTION ( 'NONE',  ( -0.000000000000000000, -1.000000000000000000, -0.000000000000000000 ) ) ;
#3030 = DIRECTION ( 'NONE',  ( 1.000000000000000000, -0.000000000000000000, 0.000000000000000000 ) ) ;
#3031 = VERTEX_POINT ( 'NONE', #3855 ) ;
#3032 = DIRECTION ( 'NONE',  ( -1.746512434912466574E-16, 0.000000000000000000, -1.000000000000000000 ) ) ;
#3033 = CARTESIAN_POINT ( 'NONE',  ( 59.68000000000000682, 4.000000000000000000, -44.39999999999999147 ) ) ;
#3034 = EDGE_CURVE ( 'NONE', #4620, #3636, #3879, .T. ) ;
#3035 = ORIENTED_EDGE ( 'NONE', *, *, #3413, .F. ) ;
#3036 = PLANE ( 'NONE',  #609 ) ;
#3037 = CARTESIAN_POINT ( 'NONE',  ( 76.09999999999998010, 6.000000000000000000, -5.999999999999991118 ) ) ;
#3038 = ORIENTED_EDGE ( 'NONE', *, *, #2221, .T. ) ;
#3039 = LINE ( 'NONE', #4275, #2194 ) ;
#3040 = EDGE_CURVE ( 'NONE', #3301, #1660, #205, .T. ) ;
#3041 = LINE ( 'NONE', #3369, #5266 ) ;
#3042 = VECTOR ( 'NONE', #4313, 1000.000000000000000 ) ;
#3043 = VECTOR ( 'NONE', #4640, 1000.000000000000000 ) ;
#3044 = LINE ( 'NONE', #230, #1335 ) ;
#3045 = CARTESIAN_POINT ( 'NONE',  ( 43.29100907004859522, 1.936888503608928280, -70.18814652833057721 ) ) ;
#3046 = VERTEX_POINT ( 'NONE', #3475 ) ;
#3047 = CARTESIAN_POINT ( 'NONE',  ( 55.54999999999999005, 2.000000000000000000, -67.50000000000000000 ) ) ;
#3048 = VERTEX_POINT ( 'NONE', #1029 ) ;
#3049 = EDGE_CURVE ( 'NONE', #3544, #5179, #3103, .T. ) ;
#3050 = EDGE_CURVE ( 'NONE', #4675, #997, #2290, .T. ) ;
#3051 = VERTEX_POINT ( 'NONE', #1165 ) ;
#3052 = DIRECTION ( 'NONE',  ( -0.000000000000000000, -1.000000000000000000, -0.000000000000000000 ) ) ;
#3053 = AXIS2_PLACEMENT_3D ( 'NONE', #4502, #4013, #715 ) ;
#3054 = DIRECTION ( 'NONE',  ( -0.000000000000000000, -1.000000000000000000, -0.000000000000000000 ) ) ;
#3055 = AXIS2_PLACEMENT_3D ( 'NONE', #1858, #632, #4361 ) ;
#3056 = AXIS2_PLACEMENT_3D ( 'NONE', #3537, #691, #1490 ) ;
#3057 = EDGE_CURVE ( 'NONE', #1499, #4474, #4035, .T. ) ;
#3058 = ORIENTED_EDGE ( 'NONE', *, *, #1203, .T. ) ;
#3059 = CARTESIAN_POINT ( 'NONE',  ( 38.52999999999999403, 14.19999999999999929, -42.39999999999998437 ) ) ;
#3060 = VECTOR ( 'NONE', #4238, 1000.000000000000000 ) ;
#3061 = PLANE ( 'NONE',  #852 ) ;
#3062 = VERTEX_POINT ( 'NONE', #712 ) ;
#3063 = LINE ( 'NONE', #2658, #2871 ) ;
#3064 = LINE ( 'NONE', #3033, #253 ) ;
#3065 = ADVANCED_FACE ( 'NONE', ( #1944 ), #2750, .F. ) ;
#3066 = ORIENTED_EDGE ( 'NONE', *, *, #3539, .F. ) ;
#3067 = CARTESIAN_POINT ( 'NONE',  ( 59.68000000000000682, 4.000000000000000000, -44.39999999999999147 ) ) ;
#3068 = DIRECTION ( 'NONE',  ( 0.000000000000000000, 0.000000000000000000, -1.000000000000000000 ) ) ;
#3069 = VERTEX_POINT ( 'NONE', #4010 ) ;
#3070 = DIRECTION ( 'NONE',  ( 0.000000000000000000, 1.000000000000000000, 0.000000000000000000 ) ) ;
#3071 = CARTESIAN_POINT ( 'NONE',  ( 35.93000000000000682, 11.94000000000000128, -20.19999999999999574 ) ) ;
#3072 = CARTESIAN_POINT ( 'NONE',  ( 56.98000000000001108, 5.000000000000000000, -44.39999999999999147 ) ) ;
#3073 = LINE ( 'NONE', #1026, #5209 ) ;
#3074 = CARTESIAN_POINT ( 'NONE',  ( 37.97098562727419591, 4.000000000000000000, 0.000000000000000000 ) ) ;
#3075 = ORIENTED_EDGE ( 'NONE', *, *, #1567, .T. ) ;
#3076 = EDGE_CURVE ( 'NONE', #3533, #956, #792, .T. ) ;
#3077 = FACE_OUTER_BOUND ( 'NONE', #298, .T. ) ;
#3078 = ORIENTED_EDGE ( 'NONE', *, *, #2872, .T. ) ;
#3079 = DIRECTION ( 'NONE',  ( 0.000000000000000000, 0.000000000000000000, -1.000000000000000000 ) ) ;
#3080 = DIRECTION ( 'NONE',  ( -0.000000000000000000, -1.000000000000000000, -0.000000000000000000 ) ) ;
#3081 = DIRECTION ( 'NONE',  ( -1.000000000000000000, -0.000000000000000000, -0.000000000000000000 ) ) ;
#3082 = EDGE_CURVE ( 'NONE', #2448, #1624, #734, .T. ) ;
#3083 = CIRCLE ( 'NONE', #1965, 1.000000000000000888 ) ;
#3084 = VECTOR ( 'NONE', #2442, 1000.000000000000000 ) ;
#3085 = ORIENTED_EDGE ( 'NONE', *, *, #3750, .T. ) ;
#3086 = LINE ( 'NONE', #643, #185 ) ;
#3087 = CARTESIAN_POINT ( 'NONE',  ( 26.43000000000001393, 5.599999999999998757, 0.001000000000007938983 ) ) ;
#3088 = ORIENTED_EDGE ( 'NONE', *, *, #368, .F. ) ;
#3089 = EDGE_CURVE ( 'NONE', #1762, #2798, #2857, .T. ) ;
#3090 = CARTESIAN_POINT ( 'NONE',  ( 7.000000000000000000, 0.000000000000000000, -28.90000000000001279 ) ) ;
#3091 = CARTESIAN_POINT ( 'NONE',  ( 83.10000000000000853, 6.000000000000000000, -37.50000000000000711 ) ) ;
#3092 = ORIENTED_EDGE ( 'NONE', *, *, #3619, .F. ) ;
#3093 = DIRECTION ( 'NONE',  ( -0.000000000000000000, -1.000000000000000000, -0.000000000000000000 ) ) ;
#3094 = LINE ( 'NONE', #4738, #1285 ) ;
#3095 = ORIENTED_EDGE ( 'NONE', *, *, #2523, .F. ) ;
#3096 = CARTESIAN_POINT ( 'NONE',  ( 49.39999999999999858, 4.400000000000000355, -1.599704092027028824E-16 ) ) ;
#3097 = DIRECTION ( 'NONE',  ( 0.000000000000000000, 0.000000000000000000, -1.000000000000000000 ) ) ;
#3098 = VECTOR ( 'NONE', #3330, 1000.000000000000000 ) ;
#3099 =( LENGTH_UNIT ( ) NAMED_UNIT ( * ) SI_UNIT ( .MILLI., .METRE. ) );
#3100 = FACE_OUTER_BOUND ( 'NONE', #5208, .T. ) ;
#3101 = CARTESIAN_POINT ( 'NONE',  ( 43.92934635631716134, 1.649274930213739943, -69.70234136839238204 ) ) ;
#3102 = ORIENTED_EDGE ( 'NONE', *, *, #4488, .F. ) ;
#3103 = LINE ( 'NONE', #4748, #982 ) ;
#3104 = ORIENTED_EDGE ( 'NONE', *, *, #577, .T. ) ;
#3105 = EDGE_CURVE ( 'NONE', #69, #4789, #2024, .T. ) ;
#3106 = AXIS2_PLACEMENT_3D ( 'NONE', #2208, #927, #2564 ) ;
#3107 = FACE_OUTER_BOUND ( 'NONE', #1898, .T. ) ;
#3108 = CARTESIAN_POINT ( 'NONE',  ( 0.000000000000000000, 4.000000000000000000, 0.000000000000000000 ) ) ;
#3109 = DIRECTION ( 'NONE',  ( -0.000000000000000000, -1.000000000000000000, -0.000000000000000000 ) ) ;
#3110 = ORIENTED_EDGE ( 'NONE', *, *, #2200, .F. ) ;
#3111 = DIRECTION ( 'NONE',  ( 0.000000000000000000, 0.000000000000000000, -1.000000000000000000 ) ) ;
#3112 = DIRECTION ( 'NONE',  ( 0.000000000000000000, 0.000000000000000000, -1.000000000000000000 ) ) ;
#3113 = ORIENTED_EDGE ( 'NONE', *, *, #2949, .T. ) ;
#3114 = DIRECTION ( 'NONE',  ( 1.000000000000000000, -2.344220913482175107E-16, 0.000000000000000000 ) ) ;
#3115 = DIRECTION ( 'NONE',  ( -0.000000000000000000, -1.000000000000000000, -0.000000000000000000 ) ) ;
#3116 = EDGE_LOOP ( 'NONE', ( #3104, #5101, #3486, #5025 ) ) ;
#3117 = EDGE_CURVE ( 'NONE', #549, #293, #2700, .T. ) ;
#3118 = ADVANCED_FACE ( 'NONE', ( #421 ), #2341, .F. ) ;
#3119 = FACE_OUTER_BOUND ( 'NONE', #2972, .T. ) ;
#3120 = DIRECTION ( 'NONE',  ( -1.000000000000000000, -0.000000000000000000, -0.000000000000000000 ) ) ;
#3121 = VERTEX_POINT ( 'NONE', #1970 ) ;
#3122 = CARTESIAN_POINT ( 'NONE',  ( 56.13000000000000256, 11.93999999999999950, -31.39999999999999858 ) ) ;
#3123 = CARTESIAN_POINT ( 'NONE',  ( 41.54999999999999716, -9.899494936611672458, -67.13384597600372672 ) ) ;
#3124 = LINE ( 'NONE', #1105, #1301 ) ;
#3125 = LINE ( 'NONE', #2313, #4777 ) ;
#3126 = CARTESIAN_POINT ( 'NONE',  ( 42.99121834995307978, 1.000000021465238698, -70.33145066957206382 ) ) ;
#3127 = ORIENTED_EDGE ( 'NONE', *, *, #1506, .T. ) ;
#3128 = CARTESIAN_POINT ( 'NONE',  ( 0.000000000000000000, 5.000000000000000000, -1.400000000000000133 ) ) ;
#3129 = ORIENTED_EDGE ( 'NONE', *, *, #3343, .F. ) ;
#3130 = VECTOR ( 'NONE', #5190, 1000.000000000000000 ) ;
#3131 = VECTOR ( 'NONE', #4498, 1000.000000000000000 ) ;
#3132 = CARTESIAN_POINT ( 'NONE',  ( -8.725658683783765404E-18, 4.400000000000000355, -0.5999999999999999778 ) ) ;
#3133 = DIRECTION ( 'NONE',  ( -0.000000000000000000, -0.000000000000000000, -1.000000000000000000 ) ) ;
#3134 = AXIS2_PLACEMENT_3D ( 'NONE', #1244, #40, #5017 ) ;
#3135 = CARTESIAN_POINT ( 'NONE',  ( 34.13000000000000256, 13.00000000000000000, -25.59999999999999076 ) ) ;
#3136 = VERTEX_POINT ( 'NONE', #1137 ) ;
#3137 = EDGE_CURVE ( 'NONE', #498, #1311, #3671, .T. ) ;
#3138 = CARTESIAN_POINT ( 'NONE',  ( 11.00000000000000000, 4.000000000000000000, -37.50000000000000000 ) ) ;
#3139 = ORIENTED_EDGE ( 'NONE', *, *, #1360, .T. ) ;
#3140 = CIRCLE ( 'NONE', #2623, 1.000000000000000888 ) ;
#3141 = CARTESIAN_POINT ( 'NONE',  ( 25.09999999999999787, 4.022945784064474672, 0.001000000000007938983 ) ) ;
#3142 = DIRECTION ( 'NONE',  ( 1.000000000000000000, 0.000000000000000000, 0.000000000000000000 ) ) ;
#3143 = EDGE_LOOP ( 'NONE', ( #2769, #1816, #3264, #1143, #30, #3382, #4232, #5229 ) ) ;
#3144 = VECTOR ( 'NONE', #429, 1000.000000000000000 ) ;
#3145 = UNCERTAINTY_MEASURE_WITH_UNIT (LENGTH_MEASURE( 1.000000000000000082E-05 ), #3099, 'distance_accuracy_value', 'NONE');
#3146 = FACE_OUTER_BOUND ( 'NONE', #369, .T. ) ;
#3147 = LINE ( 'NONE', #301, #2829 ) ;
#3148 = ORIENTED_EDGE ( 'NONE', *, *, #4976, .T. ) ;
#3149 = DIRECTION ( 'NONE',  ( 0.000000000000000000, 0.000000000000000000, 1.000000000000000000 ) ) ;
#3150 = LINE ( 'NONE', #708, #1386 ) ;
#3151 = EDGE_CURVE ( 'NONE', #4108, #688, #4769, .T. ) ;
#3152 = DIRECTION ( 'NONE',  ( 0.000000000000000000, 0.000000000000000000, -1.000000000000000000 ) ) ;
#3153 = VERTEX_POINT ( 'NONE', #5232 ) ;
#3154 = CARTESIAN_POINT ( 'NONE',  ( 17.55000000000000071, 2.000000000000000000, -77.50000000000000000 ) ) ;
#3155 = ORIENTED_EDGE ( 'NONE', *, *, #67, .F. ) ;
#3156 = CARTESIAN_POINT ( 'NONE',  ( 27.54999999999999716, 2.000000000000000000, -67.50000000000000000 ) ) ;
#3157 = ORIENTED_EDGE ( 'NONE', *, *, #1567, .F. ) ;
#3158 = EDGE_CURVE ( 'NONE', #5137, #34, #1541, .T. ) ;
#3159 = CYLINDRICAL_SURFACE ( 'NONE', #3228, 0.5999999999999999778 ) ;
#3160 = DIRECTION ( 'NONE',  ( -0.9364159045043297658, 0.000000000000000000, -0.3508920828279517568 ) ) ;
#3161 = EDGE_CURVE ( 'NONE', #2027, #3862, #4908, .T. ) ;
#3162 = LINE ( 'NONE', #1465, #3758 ) ;
#3163 = ORIENTED_EDGE ( 'NONE', *, *, #1491, .F. ) ;
#3164 = VECTOR ( 'NONE', #590, 1000.000000000000000 ) ;
#3165 = VECTOR ( 'NONE', #4915, 1000.000000000000000 ) ;
#3166 = CARTESIAN_POINT ( 'NONE',  ( 7.000000000000000000, 6.000000000000000000, -27.14999999999999858 ) ) ;
#3167 = DIRECTION ( 'NONE',  ( 1.000000000000000000, -0.000000000000000000, 0.000000000000000000 ) ) ;
#3168 = FACE_BOUND ( 'NONE', #328, .T. ) ;
#3169 = AXIS2_PLACEMENT_3D ( 'NONE', #543, #5139, #5059 ) ;
#3170 = ORIENTED_EDGE ( 'NONE', *, *, #2531, .F. ) ;
#3171 = ADVANCED_FACE ( 'NONE', ( #2807 ), #2424, .F. ) ;
#3172 = CARTESIAN_POINT ( 'NONE',  ( 7.000000000000006217, 4.000000000000000000, -5.999999999999990230 ) ) ;
#3173 = CARTESIAN_POINT ( 'NONE',  ( 0.000000000000000000, 4.400000000000000355, -1.400000000000000133 ) ) ;
#3174 = VERTEX_POINT ( 'NONE', #3181 ) ;
#3175 = FACE_OUTER_BOUND ( 'NONE', #403, .T. ) ;
#3176 = DIRECTION ( 'NONE',  ( 1.000000000000000000, 0.000000000000000000, -2.209838822900391082E-16 ) ) ;
#3177 = DIRECTION ( 'NONE',  ( -1.000000000000000000, 0.000000000000000000, 0.000000000000000000 ) ) ;
#3178 = ORIENTED_EDGE ( 'NONE', *, *, #1145, .F. ) ;
#3179 = ADVANCED_FACE ( 'NONE', ( #4827 ), #3695, .F. ) ;
#3180 = DIRECTION ( 'NONE',  ( -0.000000000000000000, -1.000000000000000000, -0.000000000000000000 ) ) ;
#3181 = CARTESIAN_POINT ( 'NONE',  ( 7.000000000000006217, 1.750000000000035305, -7.649999999999990585 ) ) ;
#3182 = ORIENTED_EDGE ( 'NONE', *, *, #1046, .T. ) ;
#3183 = AXIS2_PLACEMENT_3D ( 'NONE', #842, #4112, #446 ) ;
#3184 = AXIS2_PLACEMENT_3D ( 'NONE', #1096, #1955, #2011 ) ;
#3185 = VECTOR ( 'NONE', #1468, 1000.000000000000114 ) ;
#3186 = DIRECTION ( 'NONE',  ( 0.8660254037864463239, -0.4999999999965226150, 0.000000000000000000 ) ) ;
#3187 = FACE_OUTER_BOUND ( 'NONE', #3830, .T. ) ;
#3188 = EDGE_CURVE ( 'NONE', #2332, #3490, #4416, .T. ) ;
#3189 = DIRECTION ( 'NONE',  ( 0.000000000000000000, 0.000000000000000000, -1.000000000000000000 ) ) ;
#3190 = ORIENTED_EDGE ( 'NONE', *, *, #3350, .F. ) ;
#3191 = VECTOR ( 'NONE', #1103, 1000.000000000000000 ) ;
#3192 = ORIENTED_EDGE ( 'NONE', *, *, #3563, .T. ) ;
#3193 = CARTESIAN_POINT ( 'NONE',  ( 45.12879360019805830, 3.935194672732068355, -76.02184194539508155 ) ) ;
#3194 = CARTESIAN_POINT ( 'NONE',  ( 33.03000000000000114, 11.93999999999999950, -25.59999999999999076 ) ) ;
#3195 = EDGE_LOOP ( 'NONE', ( #5265, #16, #1153, #4807 ) ) ;
#3196 = LINE ( 'NONE', #3594, #2611 ) ;
#3197 = CARTESIAN_POINT ( 'NONE',  ( 17.55000000000000071, 14.19999999999999929, -49.99999999999997868 ) ) ;
#3198 = VERTEX_POINT ( 'NONE', #365 ) ;
#3199 = LINE ( 'NONE', #4844, #1726 ) ;
#3200 = PLANE ( 'NONE',  #1451 ) ;
#3201 = ORIENTED_EDGE ( 'NONE', *, *, #1317, .T. ) ;
#3202 = CARTESIAN_POINT ( 'NONE',  ( 39.31977882877004049, 2.238602658576030802, -70.59235195395027063 ) ) ;
#3203 = CARTESIAN_POINT ( 'NONE',  ( 61.58000000000001251, 6.000000000000000000, -1.599704092027028824E-16 ) ) ;
#3204 = VERTEX_POINT ( 'NONE', #1997 ) ;
#3205 = PLANE ( 'NONE',  #1293 ) ;
#3206 = CARTESIAN_POINT ( 'NONE',  ( 28.81999999999999673, 14.19999999999999929, -31.39999999999999858 ) ) ;
#3207 = VERTEX_POINT ( 'NONE', #3639 ) ;
#3208 = ADVANCED_FACE ( 'NONE', ( #2834 ), #4963, .F. ) ;
#3209 = DIRECTION ( 'NONE',  ( -0.6061681354098690244, -4.206136379538347563E-15, -0.7953365272724012280 ) ) ;
#3210 = DIRECTION ( 'NONE',  ( 0.000000000000000000, 0.000000000000000000, -1.000000000000000000 ) ) ;
#3211 = CARTESIAN_POINT ( 'NONE',  ( 41.54999999999999716, 2.999999999999999112, -67.13384597600372672 ) ) ;
#3212 = FACE_OUTER_BOUND ( 'NONE', #2608, .T. ) ;
#3213 = TOROIDAL_SURFACE ( 'NONE', #5287, 8.000000000000000000, 2.000000000000000000 ) ;
#3214 = EDGE_CURVE ( 'NONE', #54, #4519, #119, .T. ) ;
#3215 = VERTEX_POINT ( 'NONE', #2103 ) ;
#3216 = CARTESIAN_POINT ( 'NONE',  ( 45.12904531520050710, 3.986866777407411355, -75.76392772908322115 ) ) ;
#3217 = VECTOR ( 'NONE', #762, 1000.000000000000000 ) ;
#3218 = DIRECTION ( 'NONE',  ( 1.752245935330108428E-16, 0.000000000000000000, 1.000000000000000000 ) ) ;
#3219 = ORIENTED_EDGE ( 'NONE', *, *, #1152, .T. ) ;
#3220 = ADVANCED_FACE ( 'NONE', ( #526 ), #3415, .F. ) ;
#3221 = DIRECTION ( 'NONE',  ( -1.000000000000000000, -0.000000000000000000, -0.000000000000000000 ) ) ;
#3222 = PLANE ( 'NONE',  #4105 ) ;
#3223 = EDGE_CURVE ( 'NONE', #4991, #639, #3747, .T. ) ;
#3224 = EDGE_LOOP ( 'NONE', ( #3856, #719 ) ) ;
#3225 = DIRECTION ( 'NONE',  ( 0.000000000000000000, 0.000000000000000000, 1.000000000000000000 ) ) ;
#3226 = DIRECTION ( 'NONE',  ( 1.000000000000000000, 0.000000000000000000, -0.000000000000000000 ) ) ;
#3227 = ORIENTED_EDGE ( 'NONE', *, *, #2364, .F. ) ;
#3228 = AXIS2_PLACEMENT_3D ( 'NONE', #3132, #2646, #980 ) ;
#3229 = EDGE_CURVE ( 'NONE', #4690, #54, #3313, .T. ) ;
#3230 = FACE_OUTER_BOUND ( 'NONE', #1083, .T. ) ;
#3231 = CARTESIAN_POINT ( 'NONE',  ( 35.32000000000000028, 14.19999999999999929, -39.59999999999999432 ) ) ;
#3232 = AXIS2_PLACEMENT_3D ( 'NONE', #1214, #5310, #4876 ) ;
#3233 = ORIENTED_EDGE ( 'NONE', *, *, #4462, .F. ) ;
#3234 = CARTESIAN_POINT ( 'NONE',  ( 54.12999999999999545, 4.000000000000000000, -17.89999999999999858 ) ) ;
#3235 = DIRECTION ( 'NONE',  ( 0.000000000000000000, 0.000000000000000000, 1.000000000000000000 ) ) ;
#3236 = VERTEX_POINT ( 'NONE', #4527 ) ;
#3237 = ORIENTED_EDGE ( 'NONE', *, *, #2323, .T. ) ;
#3238 = VECTOR ( 'NONE', #1843, 1000.000000000000000 ) ;
#3239 = CARTESIAN_POINT ( 'NONE',  ( 33.42999999999999972, 6.499999999999999112, -44.39999999999999147 ) ) ;
#3240 = EDGE_CURVE ( 'NONE', #3307, #976, #2270, .T. ) ;
#3241 = DIRECTION ( 'NONE',  ( 1.000000000000000000, 0.000000000000000000, 0.000000000000000000 ) ) ;
#3242 = CARTESIAN_POINT ( 'NONE',  ( 28.11999999999999744, 4.000000000000000000, -18.39999999999999858 ) ) ;
#3243 = DIRECTION ( 'NONE',  ( 0.000000000000000000, 0.000000000000000000, -1.000000000000000000 ) ) ;
#3244 = CARTESIAN_POINT ( 'NONE',  ( 17.55000000000000071, 0.000000000000000000, -37.50000000000000000 ) ) ;
#3245 = ORIENTED_EDGE ( 'NONE', *, *, #1837, .F. ) ;
#3246 = ORIENTED_EDGE ( 'NONE', *, *, #5154, .F. ) ;
#3247 = CARTESIAN_POINT ( 'NONE',  ( 45.09038394514744397, 3.209538877503050447, -77.09822155618326178 ) ) ;
#3248 = EDGE_CURVE ( 'NONE', #3031, #2657, #3470, .T. ) ;
#3249 = DIRECTION ( 'NONE',  ( 0.000000000000000000, 1.000000000000000000, 0.000000000000000000 ) ) ;
#3250 = ORIENTED_EDGE ( 'NONE', *, *, #3944, .F. ) ;
#3251 = CARTESIAN_POINT ( 'NONE',  ( 21.51999999999999957, 6.000000000000000000, -1.660936431984391172E-16 ) ) ;
#3252 = ORIENTED_EDGE ( 'NONE', *, *, #2391, .T. ) ;
#3253 = AXIS2_PLACEMENT_3D ( 'NONE', #4677, #5062, #1370 ) ;
#3254 = CARTESIAN_POINT ( 'NONE',  ( 17.55000000000000071, 14.19999999999999929, -49.99999999999997868 ) ) ;
#3255 = EDGE_CURVE ( 'NONE', #249, #3048, #2446, .T. ) ;
#3256 = DIRECTION ( 'NONE',  ( 0.000000000000000000, 0.000000000000000000, -1.000000000000000000 ) ) ;
#3257 = EDGE_LOOP ( 'NONE', ( #1542, #4083, #1572, #5260 ) ) ;
#3258 = CIRCLE ( 'NONE', #2216, 0.5999999999999999778 ) ;
#3259 = FACE_OUTER_BOUND ( 'NONE', #2659, .T. ) ;
#3260 = DIRECTION ( 'NONE',  ( -0.000000000000000000, -1.000000000000000000, -0.000000000000000000 ) ) ;
#3261 = ORIENTED_EDGE ( 'NONE', *, *, #38, .T. ) ;
#3262 = CARTESIAN_POINT ( 'NONE',  ( 33.03000000000000114, 4.000000000000000000, -31.39999999999999858 ) ) ;
#3263 = CARTESIAN_POINT ( 'NONE',  ( 28.81999999999999318, 3.000000000000000000, -18.39999999999999858 ) ) ;
#3264 = ORIENTED_EDGE ( 'NONE', *, *, #4470, .F. ) ;
#3265 = DIRECTION ( 'NONE',  ( 0.000000000000000000, 0.000000000000000000, -1.000000000000000000 ) ) ;
#3266 = CARTESIAN_POINT ( 'NONE',  ( 22.21999999999999531, 14.19999999999999929, -39.60000000000000853 ) ) ;
#3267 = CARTESIAN_POINT ( 'NONE',  ( 40.32187771010215727, 1.000000000000000000, -70.41130164176887263 ) ) ;
#3268 = LINE ( 'NONE', #2428, #4864 ) ;
#3269 = DIRECTION ( 'NONE',  ( -1.000000000000000000, 0.000000000000000000, 0.000000000000000000 ) ) ;
#3270 = DIRECTION ( 'NONE',  ( -1.000000000000000000, 0.000000000000000000, 0.000000000000000000 ) ) ;
#3271 = LINE ( 'NONE', #4507, #4433 ) ;
#3272 = EDGE_CURVE ( 'NONE', #3048, #2203, #1162, .T. ) ;
#3273 = ORIENTED_EDGE ( 'NONE', *, *, #2680, .F. ) ;
#3274 = VECTOR ( 'NONE', #1019, 1000.000000000000000 ) ;
#3275 = VERTEX_POINT ( 'NONE', #924 ) ;
#3276 = CARTESIAN_POINT ( 'NONE',  ( 45.12555121381324597, 3.743700802458632904, -76.51430698534238672 ) ) ;
#3277 = CARTESIAN_POINT ( 'NONE',  ( 0.000000000000000000, 14.19999999999999929, 0.000000000000000000 ) ) ;
#3278 = VERTEX_POINT ( 'NONE', #500 ) ;
#3279 = EDGE_LOOP ( 'NONE', ( #1330, #4801, #1941, #1866, #1245, #1487 ) ) ;
#3280 = DIRECTION ( 'NONE',  ( 0.000000000000000000, 0.000000000000000000, 1.000000000000000000 ) ) ;
#3281 = FACE_OUTER_BOUND ( 'NONE', #831, .T. ) ;
#3282 = EDGE_LOOP ( 'NONE', ( #2051, #3847, #4230, #624 ) ) ;
#3283 = CARTESIAN_POINT ( 'NONE',  ( 40.10854896353698962, 1.000000022108821884, -70.33136347770174268 ) ) ;
#3284 = LINE ( 'NONE', #4521, #1449 ) ;
#3285 = EDGE_CURVE ( 'NONE', #5179, #358, #3723, .T. ) ;
#3286 = EDGE_CURVE ( 'NONE', #1236, #1175, #2476, .T. ) ;
#3287 = ORIENTED_EDGE ( 'NONE', *, *, #1476, .T. ) ;
#3288 = CARTESIAN_POINT ( 'NONE',  ( 38.89833411548309527, 3.605986852528284992, -76.69944547512010047 ) ) ;
#3289 = VECTOR ( 'NONE', #943, 1000.000000000000000 ) ;
#3290 = CARTESIAN_POINT ( 'NONE',  ( 43.12901437272579130, 3.000000000000000000, 0.000000000000000000 ) ) ;
#3291 = VERTEX_POINT ( 'NONE', #4200 ) ;
#3292 = LINE ( 'NONE', #1197, #3710 ) ;
#3293 = DIRECTION ( 'NONE',  ( 0.000000000000000000, 0.000000000000000000, -1.000000000000000000 ) ) ;
#3294 = DIRECTION ( 'NONE',  ( -0.000000000000000000, -0.000000000000000000, -1.000000000000000000 ) ) ;
#3295 = DIRECTION ( 'NONE',  ( 0.000000000000000000, 1.000000000000000000, -0.000000000000000000 ) ) ;
#3296 = LINE ( 'NONE', #2461, #3144 ) ;
#3297 = ORIENTED_EDGE ( 'NONE', *, *, #3998, .F. ) ;
#3298 = EDGE_LOOP ( 'NONE', ( #4930, #2407, #2178, #595 ) ) ;
#3299 = FACE_OUTER_BOUND ( 'NONE', #2301, .T. ) ;
#3300 = DIRECTION ( 'NONE',  ( 0.000000000000000000, 0.000000000000000000, 1.000000000000000000 ) ) ;
#3301 = VERTEX_POINT ( 'NONE', #4142 ) ;
#3302 = VECTOR ( 'NONE', #4376, 1000.000000000000000 ) ;
#3303 = VECTOR ( 'NONE', #233, 1000.000000000000000 ) ;
#3304 = ADVANCED_FACE ( 'NONE', ( #2560 ), #4114, .F. ) ;
#3305 = LINE ( 'NONE', #4954, #3614 ) ;
#3306 = LINE ( 'NONE', #893, #1715 ) ;
#3307 = VERTEX_POINT ( 'NONE', #472 ) ;
#3308 = CARTESIAN_POINT ( 'NONE',  ( 25.09999999999999787, 4.000000000000000000, -44.39999999999999147 ) ) ;
#3309 = CARTESIAN_POINT ( 'NONE',  ( 18.26999999999999957, 4.000000000000000000, -54.61224754889930466 ) ) ;
#3310 =( BOUNDED_SURFACE ( )  B_SPLINE_SURFACE ( 3, 2, ( 
 ( #4085, #1531, #2045 ),
 ( #3692, #359, #3283 ),
 ( #2877, #5225, #5256 ),
 ( #2337, #3976, #304 ),
 ( #4820, #729, #1131 ),
 ( #2770, #332, #3603 ),
 ( #3202, #1160, #4440 ),
 ( #1991, #756, #2957 ),
 ( #1344, #840, #1265 ),
 ( #3361, #2151, #4604 ),
 ( #2471, #3796, #2902 ),
 ( #88, #4549, #4987 ),
 ( #4109, #493, #442 ),
 ( #2982, #865, #1291 ) ),
 .UNSPECIFIED., .F., .F., .F. ) 
 B_SPLINE_SURFACE_WITH_KNOTS ( ( 4, 2, 2, 2, 2, 2, 4 ),
 ( 3, 3 ),
 ( 0.0006422897971088698931, 0.001515587080196694001, 0.001952235721740606163, 0.002388884363284518326, 0.002825533004828430055, 0.003262181646372342217, 0.004135478929460166542 ),
 ( 0.000000000000000000, 1.000000000000000000 ),
 .UNSPECIFIED. ) 
 GEOMETRIC_REPRESENTATION_ITEM ( )  RATIONAL_B_SPLINE_SURFACE ( (
 ( 1.000000000000000000, 0.7071067811865472397, 1.000000000000000000),
 ( 1.000000000000000000, 0.7241009983943432760, 1.000000000000000000),
 ( 1.000000000000000000, 0.7485947590629417059, 1.000000000000000000),
 ( 1.000000000000000000, 0.7880744313544425506, 1.000000000000000000),
 ( 1.000000000000000000, 0.8015261071141395188, 1.000000000000000000),
 ( 1.000000000000000000, 0.8282242678272877523, 1.000000000000000000),
 ( 1.000000000000000000, 0.8415531144500814076, 1.000000000000000000),
 ( 1.000000000000000000, 0.8666692008334515585, 1.000000000000000000),
 ( 1.000000000000000000, 0.8785458314040770489, 1.000000000000000000),
 ( 1.000000000000000000, 0.9004739208220752245, 1.000000000000000000),
 ( 1.000000000000000000, 0.9106101556450294510, 1.000000000000000000),
 ( 1.000000000000000000, 0.9362784310011414979, 1.000000000000000000),
 ( 1.000000000000000000, 0.9475800929428648267, 1.000000000000000000),
 ( 1.000000000000000000, 0.9474535680634701418, 1.000000000000000000) ) ) 
 REPRESENTATION_ITEM ( '' )  SURFACE ( )  );
#3311 = CARTESIAN_POINT ( 'NONE',  ( 33.40000000000001279, 4.000000000000000000, -4.857283333972964539E-16 ) ) ;
#3312 = AXIS2_PLACEMENT_3D ( 'NONE', #4237, #3377, #1333 ) ;
#3313 = LINE ( 'NONE', #2882, #4157 ) ;
#3314 = ORIENTED_EDGE ( 'NONE', *, *, #1272, .F. ) ;
#3315 = CIRCLE ( 'NONE', #2028, 3.400000000000014122 ) ;
#3316 = AXIS2_PLACEMENT_3D ( 'NONE', #5161, #5242, #2404 ) ;
#3317 = CARTESIAN_POINT ( 'NONE',  ( 57.98000000000001108, 5.000000000000000000, -44.39999999999999147 ) ) ;
#3318 = CARTESIAN_POINT ( 'NONE',  ( 34.13000000000000256, 13.00000000000000000, -31.39999999999999858 ) ) ;
#3319 = CARTESIAN_POINT ( 'NONE',  ( 61.58000000000000540, 14.19999999999999929, -40.59999999999999432 ) ) ;
#3320 = VECTOR ( 'NONE', #2374, 1000.000000000000000 ) ;
#3321 = CARTESIAN_POINT ( 'NONE',  ( 72.10000000000000853, 4.000000000000000000, -1.048533318501349361E-15 ) ) ;
#3322 = ADVANCED_FACE ( 'NONE', ( #2157 ), #1269, .T. ) ;
#3323 = CARTESIAN_POINT ( 'NONE',  ( 57.03000000000000114, 36.63088900789114888, -31.39999999999999858 ) ) ;
#3324 = ORIENTED_EDGE ( 'NONE', *, *, #3956, .T. ) ;
#3325 = VERTEX_POINT ( 'NONE', #4990 ) ;
#3326 = ADVANCED_FACE ( 'NONE', ( #94 ), #3367, .F. ) ;
#3327 = CARTESIAN_POINT ( 'NONE',  ( 44.04172163588079059, 1.827126252742397483, -69.59287686422591435 ) ) ;
#3328 = DIRECTION ( 'NONE',  ( 1.746512434912466574E-16, 0.000000000000000000, 1.000000000000000000 ) ) ;
#3329 = VERTEX_POINT ( 'NONE', #1295 ) ;
#3330 = DIRECTION ( 'NONE',  ( -1.746512434912466574E-16, -0.000000000000000000, -1.000000000000000000 ) ) ;
#3331 = DIRECTION ( 'NONE',  ( -1.000000000000000000, -0.000000000000000000, -0.000000000000000000 ) ) ;
#3332 = ORIENTED_EDGE ( 'NONE', *, *, #1139, .F. ) ;
#3333 = CARTESIAN_POINT ( 'NONE',  ( 54.12999999999999545, 0.000000000000000000, 0.000000000000000000 ) ) ;
#3334 = LINE ( 'NONE', #2958, #2650 ) ;
#3335 = EDGE_CURVE ( 'NONE', #4536, #1138, #1594, .T. ) ;
#3336 = CARTESIAN_POINT ( 'NONE',  ( 37.97367602158354316, 3.785932800740325010, -76.41025839389405405 ) ) ;
#3337 = AXIS2_PLACEMENT_3D ( 'NONE', #4866, #2328, #1180 ) ;
#3338 = DIRECTION ( 'NONE',  ( -1.000000000000000000, 0.000000000000000000, 0.000000000000000000 ) ) ;
#3339 = ORIENTED_EDGE ( 'NONE', *, *, #664, .F. ) ;
#3340 = AXIS2_PLACEMENT_3D ( 'NONE', #390, #2881, #4526 ) ;
#3341 = VECTOR ( 'NONE', #1593, 1000.000000000000000 ) ;
#3342 = VECTOR ( 'NONE', #3464, 1000.000000000000000 ) ;
#3343 = EDGE_CURVE ( 'NONE', #3325, #3275, #4855, .T. ) ;
#3344 = CARTESIAN_POINT ( 'NONE',  ( 35.93000000000000682, 4.000000000000000000, -17.89999999999999858 ) ) ;
#3345 = DIRECTION ( 'NONE',  ( -0.000000000000000000, -1.000000000000000000, -0.000000000000000000 ) ) ;
#3346 = CARTESIAN_POINT ( 'NONE',  ( 44.12901438250568020, 3.999999961394806736, -75.76853964719150270 ) ) ;
#3347 = CARTESIAN_POINT ( 'NONE',  ( 35.32000000000000028, 3.000000000000000000, -39.59999999999999432 ) ) ;
#3348 = PLANE ( 'NONE',  #2886 ) ;
#3349 = ORIENTED_EDGE ( 'NONE', *, *, #2519, .T. ) ;
#3350 = EDGE_CURVE ( 'NONE', #2289, #2043, #908, .T. ) ;
#3351 = ADVANCED_FACE ( 'NONE', ( #3439 ), #3523, .T. ) ;
#3352 = ORIENTED_EDGE ( 'NONE', *, *, #3105, .T. ) ;
#3353 = CARTESIAN_POINT ( 'NONE',  ( 46.13000000000000256, 2.949999999999999289, -34.89999999999999858 ) ) ;
#3354 = CARTESIAN_POINT ( 'NONE',  ( 65.54999999999999716, 4.000000000000000000, -77.50000000000000000 ) ) ;
#3355 = VECTOR ( 'NONE', #4034, 1000.000000000000000 ) ;
#3356 = ORIENTED_EDGE ( 'NONE', *, *, #2423, .T. ) ;
#3357 = VECTOR ( 'NONE', #3428, 1000.000000000000000 ) ;
#3358 = LINE ( 'NONE', #32, #4822 ) ;
#3359 = CARTESIAN_POINT ( 'NONE',  ( 34.13000000000000256, 13.00000000000000000, -31.39999999999999858 ) ) ;
#3360 = ORIENTED_EDGE ( 'NONE', *, *, #5168, .T. ) ;
#3361 = CARTESIAN_POINT ( 'NONE',  ( 39.11856532524370778, 2.473393903215760137, -70.21232014327736692 ) ) ;
#3362 = CARTESIAN_POINT ( 'NONE',  ( 61.58000000000000540, 3.000000000000000000, -40.59999999999999432 ) ) ;
#3363 = ORIENTED_EDGE ( 'NONE', *, *, #4571, .F. ) ;
#3364 = VECTOR ( 'NONE', #4659, 1000.000000000000000 ) ;
#3365 = VERTEX_POINT ( 'NONE', #4249 ) ;
#3366 = CARTESIAN_POINT ( 'NONE',  ( 38.23893481970533514, 1.999999999999952260, -77.50000000000000000 ) ) ;
#3367 = CYLINDRICAL_SURFACE ( 'NONE', #647, 1.599999999999997202 ) ;
#3368 = ORIENTED_EDGE ( 'NONE', *, *, #2431, .T. ) ;
#3369 = CARTESIAN_POINT ( 'NONE',  ( 53.51992897217816392, -6.000000000000000000, -2.398055443370644468 ) ) ;
#3370 = DIRECTION ( 'NONE',  ( 0.000000000000000000, 0.000000000000000000, 1.000000000000000000 ) ) ;
#3371 = CARTESIAN_POINT ( 'NONE',  ( 44.02724073934995630, 2.559223875521306812, -76.49485130679431677 ) ) ;
#3372 = EDGE_CURVE ( 'NONE', #4125, #234, #2662, .T. ) ;
#3373 = DIRECTION ( 'NONE',  ( -1.000000000000000000, 0.000000000000000000, 0.000000000000000000 ) ) ;
#3374 = FACE_OUTER_BOUND ( 'NONE', #1661, .T. ) ;
#3375 = ORIENTED_EDGE ( 'NONE', *, *, #4835, .T. ) ;
#3376 = VERTEX_POINT ( 'NONE', #1852 ) ;
#3377 = DIRECTION ( 'NONE',  ( -0.000000000000000000, -1.000000000000000000, -0.000000000000000000 ) ) ;
#3378 = DIRECTION ( 'NONE',  ( 0.000000000000000000, 0.000000000000000000, 1.000000000000000000 ) ) ;
#3379 = EDGE_LOOP ( 'NONE', ( #309, #463, #687, #4710, #1163, #3088, #2394 ) ) ;
#3380 = CARTESIAN_POINT ( 'NONE',  ( 54.12999999999999545, 9.640000000000000568, -25.59999999999999076 ) ) ;
#3381 = CARTESIAN_POINT ( 'NONE',  ( 61.58000000000000540, 14.19999999999999929, -31.39999999999999858 ) ) ;
#3382 = ORIENTED_EDGE ( 'NONE', *, *, #808, .F. ) ;
#3383 = DIRECTION ( 'NONE',  ( -1.000000000000000000, 0.000000000000000000, -0.000000000000000000 ) ) ;
#3384 = ADVANCED_FACE ( 'NONE', ( #650, #1374, #573 ), #2718, .T. ) ;
#3385 = CARTESIAN_POINT ( 'NONE',  ( 54.12999999999999545, 9.640000000000000568, -25.59999999999999076 ) ) ;
#3386 = AXIS2_PLACEMENT_3D ( 'NONE', #3942, #4295, #2302 ) ;
#3387 = AXIS2_PLACEMENT_3D ( 'NONE', #5206, #2263, #1513 ) ;
#3388 = ORIENTED_EDGE ( 'NONE', *, *, #4976, .F. ) ;
#3389 = DIRECTION ( 'NONE',  ( -0.000000000000000000, -1.000000000000000000, -0.000000000000000000 ) ) ;
#3390 = EDGE_CURVE ( 'NONE', #956, #3301, #2308, .T. ) ;
#3391 = AXIS2_PLACEMENT_3D ( 'NONE', #2965, #2132, #448 ) ;
#3392 = DIRECTION ( 'NONE',  ( -0.8660254037844311581, -0.5000000000000131006, 0.000000000000000000 ) ) ;
#3393 = ORIENTED_EDGE ( 'NONE', *, *, #2414, .F. ) ;
#3394 = LINE ( 'NONE', #4558, #3484 ) ;
#3395 = CARTESIAN_POINT ( 'NONE',  ( 45.12011658354064281, 3.575703631566443441, -76.76024706313322099 ) ) ;
#3396 = DIRECTION ( 'NONE',  ( 0.000000000000000000, 0.000000000000000000, 1.000000000000000000 ) ) ;
#3397 = ORIENTED_EDGE ( 'NONE', *, *, #3272, .T. ) ;
#3398 = VECTOR ( 'NONE', #1299, 1000.000000000000000 ) ;
#3399 = AXIS2_PLACEMENT_3D ( 'NONE', #2541, #1785, #906 ) ;
#3400 = VERTEX_POINT ( 'NONE', #248 ) ;
#3401 = ADVANCED_FACE ( 'NONE', ( #2689 ), #2020, .T. ) ;
#3402 = VECTOR ( 'NONE', #1202, 1000.000000000000000 ) ;
#3403 = ORIENTED_EDGE ( 'NONE', *, *, #1267, .T. ) ;
#3404 = CARTESIAN_POINT ( 'NONE',  ( 44.14373496394808427, 2.034465143610041604, -69.48502622361142755 ) ) ;
#3405 = CARTESIAN_POINT ( 'NONE',  ( 60.68000000000000682, 5.000000000000000000, -40.59999999999999432 ) ) ;
#3406 = EDGE_CURVE ( 'NONE', #27, #469, #3947, .T. ) ;
#3407 = ORIENTED_EDGE ( 'NONE', *, *, #4235, .F. ) ;
#3408 = DIRECTION ( 'NONE',  ( 1.000000000000000000, 0.000000000000000000, 0.000000000000000000 ) ) ;
#3409 = DIRECTION ( 'NONE',  ( -0.000000000000000000, -1.000000000000000000, -0.000000000000000000 ) ) ;
#3410 = ORIENTED_EDGE ( 'NONE', *, *, #3835, .F. ) ;
#3411 = CARTESIAN_POINT ( 'NONE',  ( 61.58000000000001251, 3.000000000000000000, -1.599704092027028824E-16 ) ) ;
#3412 = ORIENTED_EDGE ( 'NONE', *, *, #2004, .F. ) ;
#3413 = EDGE_CURVE ( 'NONE', #3046, #2332, #677, .T. ) ;
#3414 = CARTESIAN_POINT ( 'NONE',  ( 44.04993800346458954, 2.604954653814444576, -70.05881168990823937 ) ) ;
#3415 = PLANE ( 'NONE',  #3391 ) ;
#3416 = EDGE_LOOP ( 'NONE', ( #2315, #4606 ) ) ;
#3417 = FACE_OUTER_BOUND ( 'NONE', #961, .T. ) ;
#3418 = CARTESIAN_POINT ( 'NONE',  ( 44.33367783544834140, 2.851649640670066876, -69.25543446306562601 ) ) ;
#3419 = VECTOR ( 'NONE', #3115, 1000.000000000000000 ) ;
#3420 = LINE ( 'NONE', #455, #562 ) ;
#3421 = VERTEX_POINT ( 'NONE', #5094 ) ;
#3422 = AXIS2_PLACEMENT_3D ( 'NONE', #2090, #4155, #3683 ) ;
#3423 = ORIENTED_EDGE ( 'NONE', *, *, #3861, .F. ) ;
#3424 = DIRECTION ( 'NONE',  ( -1.000000000000000000, 0.000000000000000000, 0.000000000000000000 ) ) ;
#3425 = EDGE_CURVE ( 'NONE', #4425, #3918, #626, .T. ) ;
#3426 = CARTESIAN_POINT ( 'NONE',  ( 33.42999999999999972, 6.499999999999999112, -40.59999999999999432 ) ) ;
#3427 = ORIENTED_EDGE ( 'NONE', *, *, #3240, .F. ) ;
#3428 = DIRECTION ( 'NONE',  ( -0.000000000000000000, 1.000000000000000000, -0.000000000000000000 ) ) ;
#3429 = VECTOR ( 'NONE', #809, 1000.000000000000000 ) ;
#3430 = ADVANCED_FACE ( 'NONE', ( #172 ), #969, .F. ) ;
#3431 = CARTESIAN_POINT ( 'NONE',  ( 18.76999999999999957, 14.19999999999999929, -42.49999999999999289 ) ) ;
#3432 = ORIENTED_EDGE ( 'NONE', *, *, #2830, .F. ) ;
#3433 = DIRECTION ( 'NONE',  ( 1.000000000000000000, 0.000000000000000000, -1.746512434912466574E-16 ) ) ;
#3434 = AXIS2_PLACEMENT_3D ( 'NONE', #3733, #3762, #5080 ) ;
#3435 = DIRECTION ( 'NONE',  ( 0.000000000000000000, -1.000000000000000000, 0.000000000000000000 ) ) ;
#3436 = ORIENTED_EDGE ( 'NONE', *, *, #4497, .F. ) ;
#3437 = AXIS2_PLACEMENT_3D ( 'NONE', #4729, #3618, #5164 ) ;
#3438 = CARTESIAN_POINT ( 'NONE',  ( 49.39999999999999858, 4.000000000000000000, -1.599704092027028824E-16 ) ) ;
#3439 = FACE_OUTER_BOUND ( 'NONE', #4578, .T. ) ;
#3440 = ORIENTED_EDGE ( 'NONE', *, *, #320, .F. ) ;
#3441 = EDGE_CURVE ( 'NONE', #2836, #2576, #3871, .T. ) ;
#3442 = EDGE_CURVE ( 'NONE', #2684, #5011, #3094, .T. ) ;
#3443 = AXIS2_PLACEMENT_3D ( 'NONE', #333, #3467, #4712 ) ;
#3444 =( LENGTH_UNIT ( ) NAMED_UNIT ( * ) SI_UNIT ( .MILLI., .METRE. ) );
#3445 = DIRECTION ( 'NONE',  ( -0.000000000000000000, -0.000000000000000000, -1.000000000000000000 ) ) ;
#3446 = CARTESIAN_POINT ( 'NONE',  ( 45.09757665682907657, 3.286876734050354631, -77.03678704446215875 ) ) ;
#3447 = DIRECTION ( 'NONE',  ( -0.000000000000000000, -1.000000000000000000, -0.000000000000000000 ) ) ;
#3448 = ORIENTED_EDGE ( 'NONE', *, *, #1498, .F. ) ;
#3449 = ADVANCED_FACE ( 'NONE', ( #2231 ), #4356, .F. ) ;
#3450 = ORIENTED_EDGE ( 'NONE', *, *, #169, .F. ) ;
#3451 = CARTESIAN_POINT ( 'NONE',  ( 35.93000000000000682, 11.93999999999999950, -25.59999999999999076 ) ) ;
#3452 = EDGE_CURVE ( 'NONE', #5279, #4918, #1827, .T. ) ;
#3453 = LINE ( 'NONE', #1334, #3572 ) ;
#3454 = B_SPLINE_CURVE_WITH_KNOTS ( 'NONE', 3,
 ( #1657, #1226, #269, #4097, #4044, #4859, #3677, #2707, #3646, #4348, #2840, #373, #4887, #1870, #22, #1899 ),
 .UNSPECIFIED., .F., .F.,
 ( 4, 2, 2, 2, 2, 2, 2, 4 ),
 ( 0.000000000000000000, 0.0003954400098989571373, 0.0007908800197979142747, 0.001581760039595825514, 0.001977200049494795119, 0.002372640059393764725, 0.002768080069292735198, 0.003163520079191704370 ),
 .UNSPECIFIED. ) ;
#3455 = ORIENTED_EDGE ( 'NONE', *, *, #1233, .F. ) ;
#3456 = LINE ( 'NONE', #3914, #1297 ) ;
#3457 = CARTESIAN_POINT ( 'NONE',  ( 57.02999999999999403, 4.000000000000000000, -17.89999999999999858 ) ) ;
#3458 = ORIENTED_EDGE ( 'NONE', *, *, #4967, .F. ) ;
#3459 = DIRECTION ( 'NONE',  ( -0.000000000000000000, -1.000000000000000000, -0.000000000000000000 ) ) ;
#3460 = CARTESIAN_POINT ( 'NONE',  ( 60.68000000000000682, 8.499999999999998224, -44.39999999999999147 ) ) ;
#3461 = VERTEX_POINT ( 'NONE', #5068 ) ;
#3462 = EDGE_CURVE ( 'NONE', #157, #1803, #1802, .T. ) ;
#3463 = CARTESIAN_POINT ( 'NONE',  ( 43.72401691122666989, 2.188248022305233853, -70.68789517033158631 ) ) ;
#3464 = DIRECTION ( 'NONE',  ( 0.000000000000000000, 1.000000000000000000, 0.000000000000000000 ) ) ;
#3465 = ORIENTED_EDGE ( 'NONE', *, *, #2185, .T. ) ;
#3466 = DIRECTION ( 'NONE',  ( 0.000000000000000000, 0.000000000000000000, 1.000000000000000000 ) ) ;
#3467 = DIRECTION ( 'NONE',  ( 0.000000000000000000, 0.000000000000000000, -1.000000000000000000 ) ) ;
#3468 = CARTESIAN_POINT ( 'NONE',  ( 65.54999999999999716, 0.000000000000000000, -37.50000000000000000 ) ) ;
#3469 = VECTOR ( 'NONE', #1114, 1000.000000000000000 ) ;
#3470 = CIRCLE ( 'NONE', #5292, 0.9999999999999974465 ) ;
#3471 = ADVANCED_FACE ( 'NONE', ( #2768 ), #3200, .F. ) ;
#3472 = CARTESIAN_POINT ( 'NONE',  ( 28.81999999999999673, 14.19999999999999929, -39.60000000000000853 ) ) ;
#3473 = CARTESIAN_POINT ( 'NONE',  ( 43.66245223820906318, 2.096975412337396705, -69.94920443913855479 ) ) ;
#3474 = ORIENTED_EDGE ( 'NONE', *, *, #1257, .F. ) ;
#3475 = CARTESIAN_POINT ( 'NONE',  ( 30.23000000000000753, 6.499999999999999112, -40.59999999999999432 ) ) ;
#3476 = ORIENTED_EDGE ( 'NONE', *, *, #2484, .F. ) ;
#3477 = ORIENTED_EDGE ( 'NONE', *, *, #777, .F. ) ;
#3478 = DIRECTION ( 'NONE',  ( -0.000000000000000000, -1.000000000000000000, -0.000000000000000000 ) ) ;
#3479 = DIRECTION ( 'NONE',  ( 0.000000000000000000, 1.000000000000000000, 0.000000000000000000 ) ) ;
#3480 = EDGE_CURVE ( 'NONE', #4923, #4755, #414, .T. ) ;
#3481 = VECTOR ( 'NONE', #2056, 1000.000000000000114 ) ;
#3482 = VERTEX_POINT ( 'NONE', #2334 ) ;
#3483 = CARTESIAN_POINT ( 'NONE',  ( 56.13000000000000256, 13.00000000000000000, -25.59999999999999076 ) ) ;
#3484 = VECTOR ( 'NONE', #1274, 1000.000000000000000 ) ;
#3485 = VECTOR ( 'NONE', #1854, 1000.000000000000000 ) ;
#3486 = ORIENTED_EDGE ( 'NONE', *, *, #5007, .T. ) ;
#3487 = CARTESIAN_POINT ( 'NONE',  ( 38.53000000000000114, 11.93999999999999950, -30.39999999999999503 ) ) ;
#3488 = CIRCLE ( 'NONE', #4000, 9.999999999999994671 ) ;
#3489 = CARTESIAN_POINT ( 'NONE',  ( 33.42999999999999972, 8.499999999999998224, -44.39999999999999147 ) ) ;
#3490 = VERTEX_POINT ( 'NONE', #4407 ) ;
#3491 = CARTESIAN_POINT ( 'NONE',  ( 44.13127405582893914, 2.971379032107621221, -75.91143424068381762 ) ) ;
#3492 = CARTESIAN_POINT ( 'NONE',  ( 38.76632215454660013, 2.742821539772685835, -69.25543444993827791 ) ) ;
#3493 = CARTESIAN_POINT ( 'NONE',  ( 60.87999999999999545, 8.499999999999998224, -39.39999999999999858 ) ) ;
#3494 = ORIENTED_EDGE ( 'NONE', *, *, #5119, .T. ) ;
#3495 = CARTESIAN_POINT ( 'NONE',  ( 44.12901437272579130, 3.000000000000000000, -69.86160258534813750 ) ) ;
#3496 = DIRECTION ( 'NONE',  ( -1.746512434912466574E-16, -0.000000000000000000, -1.000000000000000000 ) ) ;
#3497 = VERTEX_POINT ( 'NONE', #2741 ) ;
#3498 = DIRECTION ( 'NONE',  ( 1.746512434912466574E-16, 0.000000000000000000, 1.000000000000000000 ) ) ;
#3499 = EDGE_CURVE ( 'NONE', #3400, #5197, #2850, .T. ) ;
#3500 = DIRECTION ( 'NONE',  ( 0.000000000000000000, -1.000000000000000000, 0.000000000000000000 ) ) ;
#3501 = DIRECTION ( 'NONE',  ( -1.000000000000000000, 0.000000000000000000, 0.000000000000000000 ) ) ;
#3502 = CARTESIAN_POINT ( 'NONE',  ( 43.12901437272579130, 2.000000000000000000, -71.34771754627320206 ) ) ;
#3503 = ORIENTED_EDGE ( 'NONE', *, *, #3609, .T. ) ;
#3504 = CARTESIAN_POINT ( 'NONE',  ( 34.13000000000000256, 11.93999999999999950, -31.39999999999999858 ) ) ;
#3505 = VERTEX_POINT ( 'NONE', #1528 ) ;
#3506 = EDGE_CURVE ( 'NONE', #2645, #2087, #3514, .T. ) ;
#3507 = CONICAL_SURFACE ( 'NONE', #5236, 3.400000000000028777, 0.7853981633974461696 ) ;
#3508 = DIRECTION ( 'NONE',  ( -0.000000000000000000, -0.000000000000000000, -1.000000000000000000 ) ) ;
#3509 = LINE ( 'NONE', #5160, #303 ) ;
#3510 = AXIS2_PLACEMENT_3D ( 'NONE', #163, #2601, #2198 ) ;
#3511 = LINE ( 'NONE', #935, #3060 ) ;
#3512 = EDGE_CURVE ( 'NONE', #2981, #1452, #2824, .T. ) ;
#3513 = EDGE_CURVE ( 'NONE', #1803, #1443, #1186, .T. ) ;
#3514 = CIRCLE ( 'NONE', #1879, 3.400000000000028777 ) ;
#3515 = ORIENTED_EDGE ( 'NONE', *, *, #4905, .F. ) ;
#3516 = LINE ( 'NONE', #771, #3649 ) ;
#3517 = DIRECTION ( 'NONE',  ( 0.000000000000000000, -1.000000000000000000, 0.000000000000000000 ) ) ;
#3518 = ORIENTED_EDGE ( 'NONE', *, *, #2356, .T. ) ;
#3519 = CARTESIAN_POINT ( 'NONE',  ( 44.11405859371048166, 2.814452009154226886, -76.29247542774913882 ) ) ;
#3520 = LINE ( 'NONE', #3460, #1195 ) ;
#3521 = EDGE_LOOP ( 'NONE', ( #2061, #2478, #732, #1495, #225, #460, #4115, #4561 ) ) ;
#3522 = CARTESIAN_POINT ( 'NONE',  ( 43.40455276180054511, 2.031069850308798053, -71.10646841838756416 ) ) ;
#3523 = PLANE ( 'NONE',  #4599 ) ;
#3524 = ORIENTED_EDGE ( 'NONE', *, *, #3615, .T. ) ;
#3525 = LINE ( 'NONE', #2664, #571 ) ;
#3526 = DIRECTION ( 'NONE',  ( 0.000000000000000000, 1.000000000000000000, 0.000000000000000000 ) ) ;
#3527 = VECTOR ( 'NONE', #144, 1000.000000000000000 ) ;
#3528 = CARTESIAN_POINT ( 'NONE',  ( 83.10000000000000853, 4.000000000000000000, -1.208503727704051627E-15 ) ) ;
#3529 = PLANE ( 'NONE',  #2218 ) ;
#3530 = EDGE_LOOP ( 'NONE', ( #5298, #1849 ) ) ;
#3531 = FACE_OUTER_BOUND ( 'NONE', #2241, .T. ) ;
#3532 = ORIENTED_EDGE ( 'NONE', *, *, #2382, .F. ) ;
#3533 = VERTEX_POINT ( 'NONE', #4490 ) ;
#3534 = EDGE_CURVE ( 'NONE', #5308, #4476, #3147, .T. ) ;
#3535 = PLANE ( 'NONE',  #4686 ) ;
#3536 = CARTESIAN_POINT ( 'NONE',  ( 27.54999999999999716, 4.000000000000000000, -67.50000000000000000 ) ) ;
#3537 = CARTESIAN_POINT ( 'NONE',  ( 41.54999999999999716, 2.999999999999999112, -67.13384597600372672 ) ) ;
#3538 = ORIENTED_EDGE ( 'NONE', *, *, #3151, .F. ) ;
#3539 = EDGE_CURVE ( 'NONE', #1474, #3291, #3601, .T. ) ;
#3540 = CARTESIAN_POINT ( 'NONE',  ( 39.20901629621909734, 2.342490690487641025, -70.40037741185089715 ) ) ;
#3541 = ORIENTED_EDGE ( 'NONE', *, *, #96, .T. ) ;
#3542 = PLANE ( 'NONE',  #3386 ) ;
#3543 = LINE ( 'NONE', #3251, #612 ) ;
#3544 = VERTEX_POINT ( 'NONE', #1989 ) ;
#3545 = DIRECTION ( 'NONE',  ( 0.000000000000000000, 1.000000000000000000, 0.000000000000000000 ) ) ;
#3546 = EDGE_CURVE ( 'NONE', #968, #3696, #726, .T. ) ;
#3547 = DIRECTION ( 'NONE',  ( 0.000000000000000000, 1.000000000000000000, -0.000000000000000000 ) ) ;
#3548 = ORIENTED_EDGE ( 'NONE', *, *, #3513, .T. ) ;
#3549 = CARTESIAN_POINT ( 'NONE',  ( 46.13000000000000256, 2.949999999999999289, -34.89999999999999858 ) ) ;
#3550 = DIRECTION ( 'NONE',  ( 0.000000000000000000, 0.000000000000000000, -1.000000000000000000 ) ) ;
#3551 = ADVANCED_FACE ( 'NONE', ( #1129 ), #2797, .T. ) ;
#3552 = LINE ( 'NONE', #5202, #879 ) ;
#3553 = CARTESIAN_POINT ( 'NONE',  ( 53.51992897217816392, 0.000000000000000000, -28.16575235469809968 ) ) ;
#3554 = ORIENTED_EDGE ( 'NONE', *, *, #3787, .F. ) ;
#3555 = DIRECTION ( 'NONE',  ( 1.000000000000000000, 0.000000000000000000, 0.000000000000000000 ) ) ;
#3556 = EDGE_LOOP ( 'NONE', ( #1117, #1232, #4378, #3541, #2572, #2997, #4241, #2383, #92 ) ) ;
#3557 = EDGE_LOOP ( 'NONE', ( #1446, #3929, #694, #1860 ) ) ;
#3558 = VECTOR ( 'NONE', #3133, 1000.000000000000000 ) ;
#3559 = CIRCLE ( 'NONE', #4341, 2.000000000000001776 ) ;
#3560 = FACE_OUTER_BOUND ( 'NONE', #4568, .T. ) ;
#3561 = CARTESIAN_POINT ( 'NONE',  ( 43.12901437272579130, 1.000000000000000000, -71.34771754627320206 ) ) ;
#3562 = CARTESIAN_POINT ( 'NONE',  ( 76.09999999999998010, 0.000000000000000000, -25.50000000000000000 ) ) ;
#3563 = EDGE_CURVE ( 'NONE', #779, #1138, #754, .T. ) ;
#3564 = ORIENTED_EDGE ( 'NONE', *, *, #3893, .F. ) ;
#3565 = CARTESIAN_POINT ( 'NONE',  ( 39.05033559200027327, 2.604343304160852579, -70.05944723031976196 ) ) ;
#3566 = CIRCLE ( 'NONE', #1254, 1.650000000000002132 ) ;
#3567 = CARTESIAN_POINT ( 'NONE',  ( 22.21999999999999531, 14.19999999999999929, -39.60000000000000853 ) ) ;
#3568 = CARTESIAN_POINT ( 'NONE',  ( 56.98000000000001108, 8.499999999999998224, -40.59999999999999432 ) ) ;
#3569 = AXIS2_PLACEMENT_3D ( 'NONE', #250, #628, #2233 ) ;
#3570 = ADVANCED_FACE ( 'NONE', ( #810 ), #2357, .T. ) ;
#3571 = EDGE_LOOP ( 'NONE', ( #2672, #1287 ) ) ;
#3572 = VECTOR ( 'NONE', #4623, 1000.000000000000000 ) ;
#3573 = CARTESIAN_POINT ( 'NONE',  ( 54.12999999999999545, 4.000000000000000000, -17.89999999999999858 ) ) ;
#3574 = DIRECTION ( 'NONE',  ( 0.000000000000000000, 0.000000000000000000, 1.000000000000000000 ) ) ;
#3575 = ORIENTED_EDGE ( 'NONE', *, *, #2776, .F. ) ;
#3576 = DIRECTION ( 'NONE',  ( 0.000000000000000000, 0.000000000000000000, 1.000000000000000000 ) ) ;
#3577 = CARTESIAN_POINT ( 'NONE',  ( 17.55000000000000071, 0.000000000000000000, -67.50000000000000000 ) ) ;
#3578 = EDGE_CURVE ( 'NONE', #897, #4363, #2145, .T. ) ;
#3579 = DIRECTION ( 'NONE',  ( 1.000000000000000000, 0.000000000000000000, 0.000000000000000000 ) ) ;
#3580 = ORIENTED_EDGE ( 'NONE', *, *, #3050, .T. ) ;
#3581 = DIRECTION ( 'NONE',  ( -6.938893903907222067E-15, 0.000000000000000000, -1.000000000000000000 ) ) ;
#3582 = DIRECTION ( 'NONE',  ( 0.000000000000000000, 0.000000000000000000, -1.000000000000000000 ) ) ;
#3583 = ORIENTED_EDGE ( 'NONE', *, *, #4118, .F. ) ;
#3584 = CARTESIAN_POINT ( 'NONE',  ( 36.45778126594936452, 4.000000000000000000, -28.16575235469809968 ) ) ;
#3585 = CARTESIAN_POINT ( 'NONE',  ( 23.55000000000000071, 14.19999999999999929, -56.57716227728433012 ) ) ;
#3586 = PLANE ( 'NONE',  #4961 ) ;
#3587 = ORIENTED_EDGE ( 'NONE', *, *, #5251, .T. ) ;
#3588 = ORIENTED_EDGE ( 'NONE', *, *, #4585, .F. ) ;
#3589 = PLANE ( 'NONE',  #5086 ) ;
#3590 = AXIS2_PLACEMENT_3D ( 'NONE', #5106, #216, #4649 ) ;
#3591 = ADVANCED_FACE ( 'NONE', ( #3661 ), #5254, .F. ) ;
#3592 = AXIS2_PLACEMENT_3D ( 'NONE', #1975, #1576, #3210 ) ;
#3593 = DIRECTION ( 'NONE',  ( 0.000000000000000000, 0.000000000000000000, 1.000000000000000000 ) ) ;
#3594 = CARTESIAN_POINT ( 'NONE',  ( 21.51999999999999602, 8.499999999999998224, -42.49999999999998579 ) ) ;
#3595 = CARTESIAN_POINT ( 'NONE',  ( 11.00000000000003730, 4.000000000000000000, -1.599704092027028824E-16 ) ) ;
#3596 = CIRCLE ( 'NONE', #1282, 2.000000000000001776 ) ;
#3597 = AXIS2_PLACEMENT_3D ( 'NONE', #2980, #2525, #33 ) ;
#3598 = ORIENTED_EDGE ( 'NONE', *, *, #4636, .T. ) ;
#3599 = ADVANCED_FACE ( 'NONE', ( #357 ), #3631, .F. ) ;
#3600 = CARTESIAN_POINT ( 'NONE',  ( 59.54999999999999716, 4.000000000000000000, -54.50216227728432727 ) ) ;
#3601 = LINE ( 'NONE', #4082, #4897 ) ;
#3602 = ORIENTED_EDGE ( 'NONE', *, *, #1498, .T. ) ;
#3603 = CARTESIAN_POINT ( 'NONE',  ( 39.38466039862882440, 1.398944239673481693, -69.88545592005105789 ) ) ;
#3604 = DIRECTION ( 'NONE',  ( -0.000000000000000000, 1.000000000000000000, -0.000000000000000000 ) ) ;
#3605 = DIRECTION ( 'NONE',  ( -0.000000000000000000, -1.000000000000000000, -0.000000000000000000 ) ) ;
#3606 = VERTEX_POINT ( 'NONE', #4874 ) ;
#3607 = DIRECTION ( 'NONE',  ( -0.000000000000000000, 1.000000000000000000, 0.000000000000000000 ) ) ;
#3608 = CARTESIAN_POINT ( 'NONE',  ( 25.09999999999999787, 14.19999999999999929, -42.49999999999998579 ) ) ;
#3609 = EDGE_CURVE ( 'NONE', #1512, #3069, #5307, .T. ) ;
#3610 = DIRECTION ( 'NONE',  ( 1.000000000000000000, -0.000000000000000000, -0.000000000000000000 ) ) ;
#3611 = ORIENTED_EDGE ( 'NONE', *, *, #3002, .F. ) ;
#3612 = AXIS2_PLACEMENT_3D ( 'NONE', #3600, #329, #4055 ) ;
#3613 = EDGE_CURVE ( 'NONE', #4215, #2910, #1967, .T. ) ;
#3614 = VECTOR ( 'NONE', #2093, 1000.000000000000000 ) ;
#3615 = EDGE_CURVE ( 'NONE', #885, #1471, #1314, .T. ) ;
#3616 = CARTESIAN_POINT ( 'NONE',  ( 0.000000000000000000, 6.000000000000000000, -2.028101147780417225E-16 ) ) ;
#3617 = DIRECTION ( 'NONE',  ( 0.000000000000000000, 0.000000000000000000, -1.000000000000000000 ) ) ;
#3618 = DIRECTION ( 'NONE',  ( -0.000000000000000000, 1.000000000000000000, -0.000000000000000000 ) ) ;
#3619 = EDGE_CURVE ( 'NONE', #4704, #167, #3306, .T. ) ;
#3620 = DIRECTION ( 'NONE',  ( 0.000000000000000000, 1.000000000000000000, 0.000000000000000000 ) ) ;
#3621 = VERTEX_POINT ( 'NONE', #3381 ) ;
#3622 = VECTOR ( 'NONE', #2637, 1000.000000000000000 ) ;
#3623 = ORIENTED_EDGE ( 'NONE', *, *, #2044, .F. ) ;
#3624 = ADVANCED_FACE ( 'NONE', ( #3281 ), #917, .F. ) ;
#3625 = CARTESIAN_POINT ( 'NONE',  ( 0.000000000000000000, 8.499999999999998224, 0.000000000000000000 ) ) ;
#3626 = DIRECTION ( 'NONE',  ( -0.000000000000000000, -0.000000000000000000, 1.000000000000000000 ) ) ;
#3627 = CARTESIAN_POINT ( 'NONE',  ( 21.51999999999999602, 3.000000000000000000, -40.59999999999999432 ) ) ;
#3628 = DIRECTION ( 'NONE',  ( 0.000000000000000000, 0.000000000000000000, 1.000000000000000000 ) ) ;
#3629 = ORIENTED_EDGE ( 'NONE', *, *, #4452, .F. ) ;
#3630 = CARTESIAN_POINT ( 'NONE',  ( 72.10000000000000853, 4.000000000000000000, -37.50000000000000711 ) ) ;
#3631 = PLANE ( 'NONE',  #4202 ) ;
#3632 = ORIENTED_EDGE ( 'NONE', *, *, #3229, .F. ) ;
#3633 = CARTESIAN_POINT ( 'NONE',  ( 64.82999999999999829, 8.499999999999998224, -44.39999999999999147 ) ) ;
#3634 = FACE_OUTER_BOUND ( 'NONE', #3298, .T. ) ;
#3635 = EDGE_CURVE ( 'NONE', #1624, #1711, #2553, .T. ) ;
#3636 = VERTEX_POINT ( 'NONE', #4545 ) ;
#3637 = CARTESIAN_POINT ( 'NONE',  ( 61.58000000000000540, 14.19999999999999929, -40.59999999999999432 ) ) ;
#3638 = CARTESIAN_POINT ( 'NONE',  ( 26.43000000000000682, 5.599999999999998757, -40.59999999999999432 ) ) ;
#3639 = CARTESIAN_POINT ( 'NONE',  ( 43.99503977651223607, 2.500000000003474998, -76.50000000000000000 ) ) ;
#3640 = ORIENTED_EDGE ( 'NONE', *, *, #1918, .T. ) ;
#3641 = EDGE_LOOP ( 'NONE', ( #4650, #2247, #1112, #91 ) ) ;
#3642 = PRODUCT_DEFINITION ( 'UNKNOWN', '', #4305, #1372 ) ;
#3643 = CARTESIAN_POINT ( 'NONE',  ( 57.98000000000001108, 4.000000000000000000, -40.59999999999999432 ) ) ;
#3644 = DIRECTION ( 'NONE',  ( -0.000000000000000000, -1.000000000000000000, -0.000000000000000000 ) ) ;
#3645 = LINE ( 'NONE', #3242, #2822 ) ;
#3646 = CARTESIAN_POINT ( 'NONE',  ( 37.98140716051929644, 3.585572493875792688, -76.72608155586959811 ) ) ;
#3647 = DIRECTION ( 'NONE',  ( 0.000000000000000000, 0.000000000000000000, 1.000000000000000000 ) ) ;
#3648 = AXIS2_PLACEMENT_3D ( 'NONE', #1015, #3459, #5108 ) ;
#3649 = VECTOR ( 'NONE', #2402, 1000.000000000000000 ) ;
#3650 = EDGE_LOOP ( 'NONE', ( #415, #3865, #1356, #3913 ) ) ;
#3651 = EDGE_CURVE ( 'NONE', #2652, #979, #4107, .T. ) ;
#3652 = ORIENTED_EDGE ( 'NONE', *, *, #1647, .F. ) ;
#3653 = DIRECTION ( 'NONE',  ( 0.000000000000000000, -0.000000000000000000, 1.000000000000000000 ) ) ;
#3654 = AXIS2_PLACEMENT_3D ( 'NONE', #3014, #4273, #996 ) ;
#3655 = CARTESIAN_POINT ( 'NONE',  ( 76.09999999999998010, 0.000000000000000000, -28.90000000000001279 ) ) ;
#3656 = ORIENTED_EDGE ( 'NONE', *, *, #1706, .T. ) ;
#3657 = LINE ( 'NONE', #3568, #5081 ) ;
#3658 = ORIENTED_EDGE ( 'NONE', *, *, #3842, .T. ) ;
#3659 = AXIS2_PLACEMENT_3D ( 'NONE', #1733, #3370, #4614 ) ;
#3660 = DIRECTION ( 'NONE',  ( -1.000000000000000000, 0.000000000000000000, 0.000000000000000000 ) ) ;
#3661 = FACE_OUTER_BOUND ( 'NONE', #894, .T. ) ;
#3662 = ORIENTED_EDGE ( 'NONE', *, *, #3082, .F. ) ;
#3663 = VECTOR ( 'NONE', #5075, 1000.000000000000000 ) ;
#3664 = VECTOR ( 'NONE', #2372, 1000.000000000000000 ) ;
#3665 = LINE ( 'NONE', #3633, #3753 ) ;
#3666 = CARTESIAN_POINT ( 'NONE',  ( 11.00000000000000000, 6.000000000000000000, -37.50000000000000000 ) ) ;
#3667 = CIRCLE ( 'NONE', #3569, 4.499999999999990230 ) ;
#3668 = FACE_OUTER_BOUND ( 'NONE', #4195, .T. ) ;
#3669 = DIRECTION ( 'NONE',  ( 0.000000000000000000, 0.000000000000000000, -1.000000000000000000 ) ) ;
#3670 = EDGE_CURVE ( 'NONE', #914, #5014, #87, .T. ) ;
#3671 = LINE ( 'NONE', #15, #1064 ) ;
#3672 = ORIENTED_EDGE ( 'NONE', *, *, #4622, .T. ) ;
#3673 = CYLINDRICAL_SURFACE ( 'NONE', #1422, 2.000000000000001776 ) ;
#3674 = DIRECTION ( 'NONE',  ( -0.000000000000000000, 1.000000000000000000, -0.000000000000000000 ) ) ;
#3675 = LINE ( 'NONE', #1603, #4084 ) ;
#3676 = CARTESIAN_POINT ( 'NONE',  ( 39.97098562727419591, 3.000000000000000000, -77.50000000000000000 ) ) ;
#3677 = CARTESIAN_POINT ( 'NONE',  ( 38.00706330659836851, 3.220540210339841281, -77.10594371047180573 ) ) ;
#3678 = ORIENTED_EDGE ( 'NONE', *, *, #3480, .T. ) ;
#3679 = DIRECTION ( 'NONE',  ( -1.000000000000000000, 0.000000000000000000, 0.000000000000000000 ) ) ;
#3680 = EDGE_LOOP ( 'NONE', ( #2012, #2275, #1146, #418, #1049 ) ) ;
#3681 = ORIENTED_EDGE ( 'NONE', *, *, #859, .F. ) ;
#3682 = FACE_BOUND ( 'NONE', #3416, .T. ) ;
#3683 = DIRECTION ( 'NONE',  ( 0.000000000000000000, 0.000000000000000000, 1.000000000000000000 ) ) ;
#3684 = ADVANCED_FACE ( 'NONE', ( #4983 ), #4626, .F. ) ;
#3685 = EDGE_CURVE ( 'NONE', #3301, #1945, #4518, .T. ) ;
#3686 = VERTEX_POINT ( 'NONE', #84 ) ;
#3687 = VECTOR ( 'NONE', #20, 1000.000000000000000 ) ;
#3688 = CARTESIAN_POINT ( 'NONE',  ( 36.52999999999999403, 8.499999999999998224, -42.39999999999998437 ) ) ;
#3689 = DIRECTION ( 'NONE',  ( 0.000000000000000000, -0.000000000000000000, -1.000000000000000000 ) ) ;
#3690 = ORIENTED_EDGE ( 'NONE', *, *, #1144, .T. ) ;
#3691 = CIRCLE ( 'NONE', #2738, 2.075000000000000622 ) ;
#3692 = CARTESIAN_POINT ( 'NONE',  ( 39.83394491432149209, 2.000000000000000000, -71.24501424133153193 ) ) ;
#3693 = PLANE ( 'NONE',  #4460 ) ;
#3694 = CARTESIAN_POINT ( 'NONE',  ( 76.09999999999998010, 4.000000000000000000, -23.84999999999999787 ) ) ;
#3695 = PLANE ( 'NONE',  #4771 ) ;
#3696 = VERTEX_POINT ( 'NONE', #2125 ) ;
#3697 = FACE_OUTER_BOUND ( 'NONE', #4375, .T. ) ;
#3698 = CARTESIAN_POINT ( 'NONE',  ( 57.02999999999999403, 11.94000000000000128, -20.19999999999999574 ) ) ;
#3699 = LINE ( 'NONE', #2003, #3687 ) ;
#3700 = VECTOR ( 'NONE', #4436, 1000.000000000000000 ) ;
#3701 = CARTESIAN_POINT ( 'NONE',  ( 38.53000000000000114, 11.94999999999999929, -39.39999999999999858 ) ) ;
#3702 = CIRCLE ( 'NONE', #3434, 9.999999999999994671 ) ;
#3703 = DIRECTION ( 'NONE',  ( 0.000000000000000000, 1.000000000000000000, 0.000000000000000000 ) ) ;
#3704 = EDGE_LOOP ( 'NONE', ( #246, #1746, #5053, #3656, #5044, #2762, #3921 ) ) ;
#3705 = AXIS2_PLACEMENT_3D ( 'NONE', #4291, #2248, #3003 ) ;
#3706 = EDGE_CURVE ( 'NONE', #968, #5074, #4806, .T. ) ;
#3707 = EDGE_LOOP ( 'NONE', ( #3368, #1788, #2779, #5289 ) ) ;
#3708 = DIRECTION ( 'NONE',  ( 0.000000000000000000, 1.000000000000000000, 0.000000000000000000 ) ) ;
#3709 = FACE_OUTER_BOUND ( 'NONE', #2930, .T. ) ;
#3710 = VECTOR ( 'NONE', #3674, 1000.000000000000000 ) ;
#3711 = AXIS2_PLACEMENT_3D ( 'NONE', #4304, #3176, #4328 ) ;
#3712 = ORIENTED_EDGE ( 'NONE', *, *, #4660, .T. ) ;
#3713 = EDGE_CURVE ( 'NONE', #3028, #3307, #3715, .T. ) ;
#3714 = DIRECTION ( 'NONE',  ( 8.545435842250282219E-17, 0.000000000000000000, 1.000000000000000000 ) ) ;
#3715 = LINE ( 'NONE', #1235, #1106 ) ;
#3716 = ORIENTED_EDGE ( 'NONE', *, *, #1321, .T. ) ;
#3717 = CARTESIAN_POINT ( 'NONE',  ( 53.73000000000000398, 11.93999999999999950, -30.39999999999999503 ) ) ;
#3718 = CARTESIAN_POINT ( 'NONE',  ( 38.52999999999999403, 8.499999999999998224, -44.39999999999999147 ) ) ;
#3719 = EDGE_CURVE ( 'NONE', #3062, #2087, #838, .T. ) ;
#3720 = CARTESIAN_POINT ( 'NONE',  ( 39.07149667424813089, 2.557960567488067216, -76.50000001766299818 ) ) ;
#3721 = CARTESIAN_POINT ( 'NONE',  ( 40.32187771010215727, 1.000000000000000000, -70.41130164176887263 ) ) ;
#3722 = VECTOR ( 'NONE', #35, 1000.000000000000000 ) ;
#3723 = LINE ( 'NONE', #3774, #4419 ) ;
#3724 = VERTEX_POINT ( 'NONE', #3794 ) ;
#3725 = ADVANCED_FACE ( 'NONE', ( #862 ), #2469, .F. ) ;
#3726 =( BOUNDED_SURFACE ( )  B_SPLINE_SURFACE ( 3, 2, ( 
 ( #2473, #946, #4989 ),
 ( #4167, #4632, #2078 ),
 ( #1320, #2559, #870 ),
 ( #4552, #2936, #3336 ),
 ( #4584, #499, #898 ),
 ( #2130, #3288, #923 ),
 ( #4197, #1268, #525 ),
 ( #2533, #3772, #2986 ),
 ( #2963, #93, #2156 ),
 ( #4525, #419, #3800 ),
 ( #3720, #4089, #2048 ),
 ( #1727, #2905, #3366 ) ),
 .UNSPECIFIED., .F., .F., .F. ) 
 B_SPLINE_SURFACE_WITH_KNOTS ( ( 4, 2, 2, 2, 2, 4 ),
 ( 3, 3 ),
 ( 0.000000000000000000, 0.0004019469088183836984, 0.0006029203632275755747, 0.0008038938176367673967, 0.001205840726455151149, 0.001607787635273534793 ),
 ( 0.000000000000000000, 1.000000000000000000 ),
 .UNSPECIFIED. ) 
 GEOMETRIC_REPRESENTATION_ITEM ( )  RATIONAL_B_SPLINE_SURFACE ( (
 ( 1.000000000000000000, 0.7071067811865473507, 1.000000000000000000),
 ( 1.000000000000000000, 0.7069271766137631419, 1.000000000000000000),
 ( 1.000000000000000000, 0.7123723123182021943, 1.000000000000000000),
 ( 1.000000000000000000, 0.7239367299148227186, 1.000000000000000000),
 ( 1.000000000000000000, 0.7282709107771637713, 1.000000000000000000),
 ( 1.000000000000000000, 0.7366887454220246712, 1.000000000000000000),
 ( 1.000000000000000000, 0.7407551667190743760, 1.000000000000000000),
 ( 1.000000000000000000, 0.7500446727492352528, 1.000000000000000000),
 ( 1.000000000000000000, 0.7523266299316000438, 1.000000000000000000),
 ( 1.000000000000000000, 0.7412024892214859051, 1.000000000000000000),
 ( 1.000000000000000000, 0.7277983278696866787, 1.000000000000000000),
 ( 1.000000000000000000, 0.7071067811865433539, 1.000000000000000000) ) ) 
 REPRESENTATION_ITEM ( '' )  SURFACE ( )  );
#3727 = DIRECTION ( 'NONE',  ( 0.000000000000000000, 0.9605132315373741125, -0.2782343114025134234 ) ) ;
#3728 = DIRECTION ( 'NONE',  ( 0.000000000000000000, 0.000000000000000000, -1.000000000000000000 ) ) ;
#3729 = CARTESIAN_POINT ( 'NONE',  ( 49.39999999999999858, 5.000000000000000000, -0.6000000000000007550 ) ) ;
#3730 = DIRECTION ( 'NONE',  ( -1.000000000000000000, 0.000000000000000000, 0.000000000000000000 ) ) ;
#3731 = LINE ( 'NONE', #5147, #916 ) ;
#3732 = ORIENTED_EDGE ( 'NONE', *, *, #2323, .F. ) ;
#3733 = CARTESIAN_POINT ( 'NONE',  ( 27.54999999999999716, 2.000000000000000000, -67.50000000000000000 ) ) ;
#3734 = EDGE_CURVE ( 'NONE', #1977, #2438, #2480, .T. ) ;
#3735 = DIRECTION ( 'NONE',  ( 0.000000000000000000, 1.000000000000000000, -0.000000000000000000 ) ) ;
#3736 = ORIENTED_EDGE ( 'NONE', *, *, #4020, .T. ) ;
#3737 = CONICAL_SURFACE ( 'NONE', #1925, 3.400000000000014122, 0.7853981633974463916 ) ;
#3738 = VECTOR ( 'NONE', #1835, 1000.000000000000000 ) ;
#3739 = LINE ( 'NONE', #58, #2068 ) ;
#3740 = PLANE ( 'NONE',  #1627 ) ;
#3741 = ORIENTED_EDGE ( 'NONE', *, *, #427, .T. ) ;
#3742 = CARTESIAN_POINT ( 'NONE',  ( 28.81999999999999673, 4.000000000000000000, -31.39999999999999858 ) ) ;
#3743 = FACE_OUTER_BOUND ( 'NONE', #2487, .T. ) ;
#3744 = ADVANCED_FACE ( 'NONE', ( #2094 ), #3740, .T. ) ;
#3745 = CARTESIAN_POINT ( 'NONE',  ( 18.26999999999999957, 4.000000000000000000, -42.49999999999999289 ) ) ;
#3746 = AXIS2_PLACEMENT_3D ( 'NONE', #1170, #5320, #824 ) ;
#3747 = LINE ( 'NONE', #3801, #821 ) ;
#3748 = VERTEX_POINT ( 'NONE', #2929 ) ;
#3749 = ORIENTED_EDGE ( 'NONE', *, *, #139, .F. ) ;
#3750 = EDGE_CURVE ( 'NONE', #3307, #4170, #1721, .T. ) ;
#3751 = CIRCLE ( 'NONE', #654, 1.000000000000000888 ) ;
#3752 = ADVANCED_FACE ( 'NONE', ( #5010 ), #986, .F. ) ;
#3753 = VECTOR ( 'NONE', #4410, 1000.000000000000000 ) ;
#3754 = CARTESIAN_POINT ( 'NONE',  ( 63.54999999999999716, 4.000000000000000000, -67.50000000000000000 ) ) ;
#3755 = CARTESIAN_POINT ( 'NONE',  ( 76.09999999999998010, 0.000000000000000000, -9.400000000000005684 ) ) ;
#3756 = CARTESIAN_POINT ( 'NONE',  ( 44.21557836862694302, 3.379914812601725771, -76.95695534794354842 ) ) ;
#3757 = ORIENTED_EDGE ( 'NONE', *, *, #3609, .F. ) ;
#3758 = VECTOR ( 'NONE', #3109, 1000.000000000000000 ) ;
#3759 = LINE ( 'NONE', #555, #5201 ) ;
#3760 = DIRECTION ( 'NONE',  ( -0.000000000000000000, -1.000000000000000000, -0.000000000000000000 ) ) ;
#3761 = ORIENTED_EDGE ( 'NONE', *, *, #4842, .T. ) ;
#3762 = DIRECTION ( 'NONE',  ( -0.000000000000000000, -1.000000000000000000, -0.000000000000000000 ) ) ;
#3763 = DIRECTION ( 'NONE',  ( -0.000000000000000000, -1.000000000000000000, -0.000000000000000000 ) ) ;
#3764 = EDGE_LOOP ( 'NONE', ( #4208, #5167, #2520, #376 ) ) ;
#3765 = CARTESIAN_POINT ( 'NONE',  ( 76.09999999999998010, 4.000000000000000000, -25.50000000000000000 ) ) ;
#3766 = CARTESIAN_POINT ( 'NONE',  ( 59.54999999999999716, 14.19999999999999929, -54.50216227728432727 ) ) ;
#3767 = ORIENTED_EDGE ( 'NONE', *, *, #2661, .T. ) ;
#3768 = CARTESIAN_POINT ( 'NONE',  ( 39.07905652953503761, 2.544866514033289118, -76.50000000000002842 ) ) ;
#3769 = DIRECTION ( 'NONE',  ( -0.000000000000000000, -1.000000000000000000, -0.000000000000000000 ) ) ;
#3770 = EDGE_LOOP ( 'NONE', ( #1729, #4854, #1787, #2898 ) ) ;
#3771 = ADVANCED_FACE ( 'NONE', ( #4703 ), #5087, .F. ) ;
#3772 = CARTESIAN_POINT ( 'NONE',  ( 38.88114667417976023, 3.304966984305730548, -77.03787742822525786 ) ) ;
#3773 = AXIS2_PLACEMENT_3D ( 'NONE', #2656, #3409, #3112 ) ;
#3774 = CARTESIAN_POINT ( 'NONE',  ( 54.12999999999999545, 11.93999999999999950, -25.59999999999999076 ) ) ;
#3775 = ORIENTED_EDGE ( 'NONE', *, *, #2475, .F. ) ;
#3776 = VECTOR ( 'NONE', #4493, 1000.000000000000000 ) ;
#3777 = AXIS2_PLACEMENT_3D ( 'NONE', #1100, #3547, #3574 ) ;
#3778 = DIRECTION ( 'NONE',  ( 0.000000000000000000, 0.000000000000000000, -1.000000000000000000 ) ) ;
#3779 = DIRECTION ( 'NONE',  ( -0.000000000000000000, -1.000000000000000000, -0.000000000000000000 ) ) ;
#3780 = CARTESIAN_POINT ( 'NONE',  ( 44.33367784545338708, 2.999999999999998668, -69.25543444993829212 ) ) ;
#3781 = CYLINDRICAL_SURFACE ( 'NONE', #2612, 2.075000000000000622 ) ;
#3782 = VERTEX_POINT ( 'NONE', #644 ) ;
#3783 = DIRECTION ( 'NONE',  ( -0.000000000000000000, -1.000000000000000000, -0.000000000000000000 ) ) ;
#3784 = ORIENTED_EDGE ( 'NONE', *, *, #207, .T. ) ;
#3785 = ORIENTED_EDGE ( 'NONE', *, *, #1046, .F. ) ;
#3786 = CARTESIAN_POINT ( 'NONE',  ( 44.33367784545340129, 2.871142807420556053, -69.25543444993830633 ) ) ;
#3787 = EDGE_CURVE ( 'NONE', #976, #1905, #1445, .T. ) ;
#3788 = PLANE ( 'NONE',  #2550 ) ;
#3789 = VECTOR ( 'NONE', #1988, 1000.000000000000000 ) ;
#3790 = EDGE_CURVE ( 'NONE', #3795, #3918, #1278, .T. ) ;
#3791 = VECTOR ( 'NONE', #1076, 1000.000000000000000 ) ;
#3792 = ORIENTED_EDGE ( 'NONE', *, *, #1410, .T. ) ;
#3793 = DIRECTION ( 'NONE',  ( -1.000000000000000000, 0.000000000000000000, 0.000000000000000000 ) ) ;
#3794 = CARTESIAN_POINT ( 'NONE',  ( 55.54999999999999005, 0.000000000000000000, -77.50000000000000000 ) ) ;
#3795 = VERTEX_POINT ( 'NONE', #1367 ) ;
#3796 = CARTESIAN_POINT ( 'NONE',  ( 39.18406002384656972, 2.341471409674341864, -69.73852724613600174 ) ) ;
#3797 = LINE ( 'NONE', #4629, #1534 ) ;
#3798 = ORIENTED_EDGE ( 'NONE', *, *, #890, .F. ) ;
#3799 = AXIS2_PLACEMENT_3D ( 'NONE', #4865, #1178, #2817 ) ;
#3800 = CARTESIAN_POINT ( 'NONE',  ( 38.11613528033828402, 2.482896061225250417, -77.45763703160177727 ) ) ;
#3801 = CARTESIAN_POINT ( 'NONE',  ( 35.93000000000000682, 4.000000000000000000, -17.89999999999999858 ) ) ;
#3802 = ORIENTED_EDGE ( 'NONE', *, *, #5303, .F. ) ;
#3803 = ADVANCED_FACE ( 'NONE', ( #2172 ), #4757, .F. ) ;
#3804 = PRESENTATION_STYLE_ASSIGNMENT (( #2159 ) ) ;
#3805 = DIRECTION ( 'NONE',  ( -1.746512434912466574E-16, -0.000000000000000000, -1.000000000000000000 ) ) ;
#3806 = PLANE ( 'NONE',  #5065 ) ;
#3807 = FACE_OUTER_BOUND ( 'NONE', #2358, .T. ) ;
#3808 = VERTEX_POINT ( 'NONE', #3005 ) ;
#3809 = ORIENTED_EDGE ( 'NONE', *, *, #3372, .T. ) ;
#3810 = ADVANCED_FACE ( 'NONE', ( #137 ), #2683, .F. ) ;
#3811 = VERTEX_POINT ( 'NONE', #3843 ) ;
#3812 = CARTESIAN_POINT ( 'NONE',  ( 44.18775626226975817, 2.145244441980572070, -69.43499589966135943 ) ) ;
#3813 = DIRECTION ( 'NONE',  ( 0.000000000000000000, 0.000000000000000000, 1.000000000000000000 ) ) ;
#3814 = EDGE_CURVE ( 'NONE', #249, #1228, #4979, .T. ) ;
#3815 = ORIENTED_EDGE ( 'NONE', *, *, #1671, .T. ) ;
#3816 = CARTESIAN_POINT ( 'NONE',  ( 36.52999999999999403, 14.19999999999999929, -44.39999999999999147 ) ) ;
#3817 = DIRECTION ( 'NONE',  ( 0.000000000000000000, -1.000000000000000000, -0.000000000000000000 ) ) ;
#3818 = ORIENTED_EDGE ( 'NONE', *, *, #3034, .T. ) ;
#3819 = DIRECTION ( 'NONE',  ( -0.000000000000000000, -1.000000000000000000, -2.861785987486545423E-15 ) ) ;
#3820 = AXIS2_PLACEMENT_3D ( 'NONE', #3108, #4751, #4832 ) ;
#3821 = AXIS2_PLACEMENT_3D ( 'NONE', #1681, #4231, #1355 ) ;
#3822 = ORIENTED_EDGE ( 'NONE', *, *, #2099, .F. ) ;
#3823 = LINE ( 'NONE', #5144, #3527 ) ;
#3824 = DIRECTION ( 'NONE',  ( -1.746512434912466574E-16, -0.000000000000000000, -1.000000000000000000 ) ) ;
#3825 = EDGE_LOOP ( 'NONE', ( #3690, #1956, #2581, #3450 ) ) ;
#3826 = ADVANCED_FACE ( 'NONE', ( #963 ), #1012, .T. ) ;
#3827 = CARTESIAN_POINT ( 'NONE',  ( 38.53000000000000114, 13.00000000000000000, -31.39999999999999858 ) ) ;
#3828 = CARTESIAN_POINT ( 'NONE',  ( 44.12089100072365966, 2.854480161591883558, -69.88322470276283127 ) ) ;
#3829 = PLANE ( 'NONE',  #3399 ) ;
#3830 = EDGE_LOOP ( 'NONE', ( #2599, #3182, #2067, #931, #2773, #3148, #178, #5091, #4439, #4093 ) ) ;
#3831 = VECTOR ( 'NONE', #4772, 1000.000000000000000 ) ;
#3832 = VECTOR ( 'NONE', #3897, 1000.000000000000000 ) ;
#3833 = CIRCLE ( 'NONE', #1507, 2.000000000000001776 ) ;
#3834 = ORIENTED_EDGE ( 'NONE', *, *, #1791, .T. ) ;
#3835 = EDGE_CURVE ( 'NONE', #3497, #3808, #4674, .T. ) ;
#3836 = ORIENTED_EDGE ( 'NONE', *, *, #355, .T. ) ;
#3837 = DIRECTION ( 'NONE',  ( -0.000000000000000000, 0.000000000000000000, 1.000000000000000000 ) ) ;
#3838 = DIRECTION ( 'NONE',  ( 0.000000000000000000, 0.000000000000000000, -1.000000000000000000 ) ) ;
#3839 = VERTEX_POINT ( 'NONE', #3431 ) ;
#3840 = EDGE_CURVE ( 'NONE', #3808, #2189, #2629, .T. ) ;
#3841 = CARTESIAN_POINT ( 'NONE',  ( 54.12999999999999545, 11.94000000000000128, -20.19999999999999574 ) ) ;
#3842 = EDGE_CURVE ( 'NONE', #1537, #3174, #1041, .T. ) ;
#3843 = CARTESIAN_POINT ( 'NONE',  ( 44.33367784545339418, 2.999999999999998224, -69.25543444993827791 ) ) ;
#3844 = ORIENTED_EDGE ( 'NONE', *, *, #3989, .T. ) ;
#3845 = DIRECTION ( 'NONE',  ( 1.000000000000000000, -0.000000000000000000, -1.454276447297294337E-17 ) ) ;
#3846 = CARTESIAN_POINT ( 'NONE',  ( 33.39999999999999858, 5.000000000000000000, -1.599704092027028824E-16 ) ) ;
#3847 = ORIENTED_EDGE ( 'NONE', *, *, #2941, .T. ) ;
#3848 = CARTESIAN_POINT ( 'NONE',  ( 18.26999999999999957, 4.000000000000000000, -31.39999999999999858 ) ) ;
#3849 = ORIENTED_EDGE ( 'NONE', *, *, #334, .T. ) ;
#3850 = FACE_OUTER_BOUND ( 'NONE', #964, .T. ) ;
#3851 = VECTOR ( 'NONE', #243, 1000.000000000000000 ) ;
#3852 = DIRECTION ( 'NONE',  ( 0.000000000000000000, 1.000000000000000000, 0.000000000000000000 ) ) ;
#3853 = CARTESIAN_POINT ( 'NONE',  ( 44.20319603668521324, 3.134934820901916108, -77.16230901820823362 ) ) ;
#3854 = VECTOR ( 'NONE', #4907, 1000.000000000000000 ) ;
#3855 = CARTESIAN_POINT ( 'NONE',  ( 38.23893481970532804, 1.999999999999988676, -77.50000000000000000 ) ) ;
#3856 = ORIENTED_EDGE ( 'NONE', *, *, #2286, .T. ) ;
#3857 = VECTOR ( 'NONE', #4764, 1000.000000000000000 ) ;
#3858 = ORIENTED_EDGE ( 'NONE', *, *, #718, .F. ) ;
#3859 = DIRECTION ( 'NONE',  ( -0.000000000000000000, -1.000000000000000000, -0.000000000000000000 ) ) ;
#3860 = LINE ( 'NONE', #184, #321 ) ;
#3861 = EDGE_CURVE ( 'NONE', #3051, #1529, #3864, .T. ) ;
#3862 = VERTEX_POINT ( 'NONE', #1821 ) ;
#3863 = CARTESIAN_POINT ( 'NONE',  ( 76.09999999999998010, 0.000000000000000000, -5.999999999999991118 ) ) ;
#3864 = LINE ( 'NONE', #3457, #81 ) ;
#3865 = ORIENTED_EDGE ( 'NONE', *, *, #2638, .F. ) ;
#3866 = DIRECTION ( 'NONE',  ( 0.000000000000000000, -1.000000000000000000, 0.000000000000000000 ) ) ;
#3867 = CARTESIAN_POINT ( 'NONE',  ( 36.45778126594936452, -6.000000000000000000, -28.16575235469809968 ) ) ;
#3868 = ORIENTED_EDGE ( 'NONE', *, *, #37, .F. ) ;
#3869 = CIRCLE ( 'NONE', #4567, 3.500000000000003109 ) ;
#3870 = DIRECTION ( 'NONE',  ( 0.000000000000000000, 0.000000000000000000, -1.000000000000000000 ) ) ;
#3871 = LINE ( 'NONE', #5145, #3342 ) ;
#3872 = ORIENTED_EDGE ( 'NONE', *, *, #289, .F. ) ;
#3873 = DIRECTION ( 'NONE',  ( -1.454276447297294337E-17, 0.000000000000000000, -1.000000000000000000 ) ) ;
#3874 = CIRCLE ( 'NONE', #2324, 9.999999999999994671 ) ;
#3875 = ADVANCED_FACE ( 'NONE', ( #1416 ), #3061, .F. ) ;
#3876 = CARTESIAN_POINT ( 'NONE',  ( 34.13000000000000256, 14.19999999999999929, -31.39999999999999858 ) ) ;
#3877 = FACE_OUTER_BOUND ( 'NONE', #3704, .T. ) ;
#3878 = ORIENTED_EDGE ( 'NONE', *, *, #4289, .T. ) ;
#3879 = LINE ( 'NONE', #177, #3303 ) ;
#3880 = ORIENTED_EDGE ( 'NONE', *, *, #4868, .F. ) ;
#3881 = CARTESIAN_POINT ( 'NONE',  ( 18.78517403394380736, 14.50955029245373495, -42.49999999999999289 ) ) ;
#3882 = CARTESIAN_POINT ( 'NONE',  ( 35.93000000000000682, 4.000000000000000000, -25.59999999999999076 ) ) ;
#3883 = DIRECTION ( 'NONE',  ( 0.000000000000000000, -0.000000000000000000, -1.000000000000000000 ) ) ;
#3884 = ORIENTED_EDGE ( 'NONE', *, *, #4469, .F. ) ;
#3885 = EDGE_CURVE ( 'NONE', #1149, #4476, #2250, .T. ) ;
#3886 = PLANE ( 'NONE',  #3705 ) ;
#3887 = DIRECTION ( 'NONE',  ( 0.000000000000000000, -0.000000000000000000, -1.000000000000000000 ) ) ;
#3888 = ORIENTED_EDGE ( 'NONE', *, *, #25, .F. ) ;
#3889 = CARTESIAN_POINT ( 'NONE',  ( 44.86106518029466628, 2.000000000000000888, -77.50000000000000000 ) ) ;
#3890 = CARTESIAN_POINT ( 'NONE',  ( 38.80557933754143107, 2.489673234911693900, -69.30877049767320841 ) ) ;
#3891 = ORIENTED_EDGE ( 'NONE', *, *, #2837, .T. ) ;
#3892 = CARTESIAN_POINT ( 'NONE',  ( 44.11560020685679717, 2.818994380358263552, -69.89719426815641157 ) ) ;
#3893 = EDGE_CURVE ( 'NONE', #4618, #5112, #1872, .T. ) ;
#3894 = DIRECTION ( 'NONE',  ( -1.000000000000000000, 0.000000000000000000, -0.000000000000000000 ) ) ;
#3895 = VERTEX_POINT ( 'NONE', #5166 ) ;
#3896 = CARTESIAN_POINT ( 'NONE',  ( 28.11999999999999744, 4.000000000000000000, -31.39999999999999858 ) ) ;
#3897 = DIRECTION ( 'NONE',  ( -1.104919411450195664E-16, -0.000000000000000000, -1.000000000000000000 ) ) ;
#3898 = AXIS2_PLACEMENT_3D ( 'NONE', #2971, #3373, #4180 ) ;
#3899 = AXIS2_PLACEMENT_3D ( 'NONE', #3037, #4709, #2281 ) ;
#3900 = CARTESIAN_POINT ( 'NONE',  ( 35.93000000000000682, 4.000000000000000000, -17.89999999999999858 ) ) ;
#3901 = CARTESIAN_POINT ( 'NONE',  ( 33.03000000000000114, 11.94000000000000128, -20.19999999999999574 ) ) ;
#3902 = ORIENTED_EDGE ( 'NONE', *, *, #3223, .T. ) ;
#3903 = EDGE_CURVE ( 'NONE', #3918, #3795, #1530, .T. ) ;
#3904 = DIRECTION ( 'NONE',  ( 0.000000000000000000, 0.000000000000000000, -1.000000000000000000 ) ) ;
#3905 = ORIENTED_EDGE ( 'NONE', *, *, #4573, .F. ) ;
#3906 = ADVANCED_FACE ( 'NONE', ( #1521 ), #1583, .F. ) ;
#3907 = EDGE_CURVE ( 'NONE', #979, #4487, #1927, .T. ) ;
#3908 = CARTESIAN_POINT ( 'NONE',  ( 34.13000000000000256, 13.00000000000000000, -31.39999999999999858 ) ) ;
#3909 = DIRECTION ( 'NONE',  ( 1.000000000000000000, 0.000000000000000000, 0.000000000000000000 ) ) ;
#3910 = CIRCLE ( 'NONE', #3312, 1.650000000000000355 ) ;
#3911 = CARTESIAN_POINT ( 'NONE',  ( 25.09999999999999787, 4.000000000000000000, -42.49999999999998579 ) ) ;
#3912 = AXIS2_PLACEMENT_3D ( 'NONE', #2852, #4030, #2418 ) ;
#3913 = ORIENTED_EDGE ( 'NONE', *, *, #4343, .T. ) ;
#3914 = CARTESIAN_POINT ( 'NONE',  ( 21.51999999999999602, 8.499999999999998224, -40.59999999999999432 ) ) ;
#3915 = DIRECTION ( 'NONE',  ( -1.000000000000000000, 0.000000000000000000, 1.104919411450195541E-16 ) ) ;
#3916 = VERTEX_POINT ( 'NONE', #3166 ) ;
#3917 = DIRECTION ( 'NONE',  ( 0.000000000000000000, 0.000000000000000000, -1.000000000000000000 ) ) ;
#3918 = VERTEX_POINT ( 'NONE', #3655 ) ;
#3919 = CARTESIAN_POINT ( 'NONE',  ( 41.54999999999999716, 1.000000000000000888, -67.13384597600372672 ) ) ;
#3920 = DIRECTION ( 'NONE',  ( 0.000000000000000000, -1.000000000000000000, -0.000000000000000000 ) ) ;
#3921 = ORIENTED_EDGE ( 'NONE', *, *, #550, .T. ) ;
#3922 = CARTESIAN_POINT ( 'NONE',  ( 36.45778126594936452, 0.000000000000000000, -2.398055443370644468 ) ) ;
#3923 = CARTESIAN_POINT ( 'NONE',  ( 17.55000000000000071, 4.000000000000000000, -49.99999999999997868 ) ) ;
#3924 = EDGE_CURVE ( 'NONE', #1315, #1311, #1363, .T. ) ;
#3925 = CARTESIAN_POINT ( 'NONE',  ( 61.58000000000001251, 6.000000000000000000, -1.599704092027028824E-16 ) ) ;
#3926 = CARTESIAN_POINT ( 'NONE',  ( 44.10462759881586692, 1.947861124748955675, -69.52766126208842934 ) ) ;
#3927 = ORIENTED_EDGE ( 'NONE', *, *, #1251, .T. ) ;
#3928 = CARTESIAN_POINT ( 'NONE',  ( 83.10000000000000853, 0.000000000000000000, -37.50000000000000711 ) ) ;
#3929 = ORIENTED_EDGE ( 'NONE', *, *, #4007, .F. ) ;
#3930 = EDGE_LOOP ( 'NONE', ( #2808, #5185, #4957, #2785, #3629, #4320, #4980, #1305, #138, #1466 ) ) ;
#3931 = CIRCLE ( 'NONE', #3340, 4.499999999999990230 ) ;
#3932 = DIRECTION ( 'NONE',  ( 0.000000000000000000, 0.000000000000000000, -1.000000000000000000 ) ) ;
#3933 = LINE ( 'NONE', #262, #561 ) ;
#3934 = VECTOR ( 'NONE', #2897, 1000.000000000000000 ) ;
#3935 = ORIENTED_EDGE ( 'NONE', *, *, #1931, .F. ) ;
#3936 = DIRECTION ( 'NONE',  ( 0.000000000000000000, -0.000000000000000000, 1.000000000000000000 ) ) ;
#3937 = EDGE_CURVE ( 'NONE', #1624, #544, #4810, .T. ) ;
#3938 = VERTEX_POINT ( 'NONE', #1122 ) ;
#3939 = LINE ( 'NONE', #1200, #1411 ) ;
#3940 = CARTESIAN_POINT ( 'NONE',  ( 39.13778945172804669, 2.432243919712179014, -70.25604224745771376 ) ) ;
#3941 = ORIENTED_EDGE ( 'NONE', *, *, #3286, .F. ) ;
#3942 = CARTESIAN_POINT ( 'NONE',  ( 62.98000000000001108, 6.000000000000000000, -31.39999999999999858 ) ) ;
#3943 = DIRECTION ( 'NONE',  ( 0.000000000000000000, -1.000000000000000000, 0.000000000000000000 ) ) ;
#3944 = EDGE_CURVE ( 'NONE', #3839, #469, #2763, .T. ) ;
#3945 = EDGE_LOOP ( 'NONE', ( #1908, #3836, #3658, #1368 ) ) ;
#3946 = PLANE ( 'NONE',  #1639 ) ;
#3947 = LINE ( 'NONE', #3848, #134 ) ;
#3948 = ORIENTED_EDGE ( 'NONE', *, *, #3057, .F. ) ;
#3949 = DIRECTION ( 'NONE',  ( 1.000000000000000000, -0.000000000000000000, -0.000000000000000000 ) ) ;
#3950 = LINE ( 'NONE', #680, #3791 ) ;
#3951 = VECTOR ( 'NONE', #3581, 1000.000000000000000 ) ;
#3952 = CYLINDRICAL_SURFACE ( 'NONE', #4048, 1.649999999999998579 ) ;
#3953 = FACE_OUTER_BOUND ( 'NONE', #2405, .T. ) ;
#3954 = CARTESIAN_POINT ( 'NONE',  ( 43.51788316712636373, 2.012920384691398112, -70.05117716312659581 ) ) ;
#3955 = ORIENTED_EDGE ( 'NONE', *, *, #2706, .T. ) ;
#3956 = EDGE_CURVE ( 'NONE', #779, #4624, #3258, .T. ) ;
#3957 = LINE ( 'NONE', #3128, #4245 ) ;
#3958 = ORIENTED_EDGE ( 'NONE', *, *, #1476, .F. ) ;
#3959 = AXIS2_PLACEMENT_3D ( 'NONE', #1662, #4427, #4948 ) ;
#3960 = AXIS2_PLACEMENT_3D ( 'NONE', #2771, #4411, #730 ) ;
#3961 = CARTESIAN_POINT ( 'NONE',  ( 31.83000000000000540, 6.499999999999999112, -44.39999999999999147 ) ) ;
#3962 = LINE ( 'NONE', #238, #3558 ) ;
#3963 = CARTESIAN_POINT ( 'NONE',  ( 76.09999999999998010, 1.750000000000018430, -27.15000000000000213 ) ) ;
#3964 = EDGE_CURVE ( 'NONE', #5011, #3497, #4457, .T. ) ;
#3965 = ORIENTED_EDGE ( 'NONE', *, *, #2508, .T. ) ;
#3966 = VECTOR ( 'NONE', #1230, 1000.000000000000000 ) ;
#3967 = DIRECTION ( 'NONE',  ( 1.000000000000000000, 0.000000000000000000, 0.000000000000000000 ) ) ;
#3968 = ORIENTED_EDGE ( 'NONE', *, *, #1540, .T. ) ;
#3969 = EDGE_CURVE ( 'NONE', #3136, #1343, #515, .T. ) ;
#3970 = CARTESIAN_POINT ( 'NONE',  ( 44.02102499991996609, 2.545007727192087454, -76.50000000000599698 ) ) ;
#3971 = DIRECTION ( 'NONE',  ( 0.000000000000000000, 0.000000000000000000, -1.000000000000000000 ) ) ;
#3972 = ORIENTED_EDGE ( 'NONE', *, *, #5217, .F. ) ;
#3973 = CARTESIAN_POINT ( 'NONE',  ( 60.87999999999999545, 14.19999999999999929, -31.39999999999999858 ) ) ;
#3974 = DIRECTION ( 'NONE',  ( -0.000000000000000000, 1.000000000000000000, -0.000000000000000000 ) ) ;
#3975 = ORIENTED_EDGE ( 'NONE', *, *, #5136, .F. ) ;
#3976 = CARTESIAN_POINT ( 'NONE',  ( 39.88482550618881817, 1.925159614184960066, -70.22786182147608258 ) ) ;
#3977 = CARTESIAN_POINT ( 'NONE',  ( 38.97098562727419591, 3.000000000000000000, -69.86160258534813750 ) ) ;
#3978 = ORIENTED_EDGE ( 'NONE', *, *, #3343, .T. ) ;
#3979 = DIRECTION ( 'NONE',  ( 1.000000000000000000, 0.000000000000000000, 0.000000000000000000 ) ) ;
#3980 = CARTESIAN_POINT ( 'NONE',  ( 43.98176778769812501, 2.473930561616680457, -70.21160848869482152 ) ) ;
#3981 = DIRECTION ( 'NONE',  ( 1.000000000000000000, -0.000000000000000000, -0.000000000000000000 ) ) ;
#3982 = ORIENTED_EDGE ( 'NONE', *, *, #4861, .T. ) ;
#3983 = VECTOR ( 'NONE', #3114, 1000.000000000000000 ) ;
#3984 = EDGE_CURVE ( 'NONE', #1149, #208, #1207, .T. ) ;
#3985 = VECTOR ( 'NONE', #4122, 1000.000000000000000 ) ;
#3986 = PLANE ( 'NONE',  #3053 ) ;
#3987 = CARTESIAN_POINT ( 'NONE',  ( 36.45778126594936452, 0.000000000000000000, -28.16575235469809968 ) ) ;
#3988 = CARTESIAN_POINT ( 'NONE',  ( 60.87999999999999545, 14.19999999999999929, -31.39999999999999858 ) ) ;
#3989 = EDGE_CURVE ( 'NONE', #1357, #3696, #1016, .T. ) ;
#3990 = ORIENTED_EDGE ( 'NONE', *, *, #2086, .F. ) ;
#3991 = AXIS2_PLACEMENT_3D ( 'NONE', #3961, #290, #584 ) ;
#3992 = CARTESIAN_POINT ( 'NONE',  ( 38.96873040563261270, 2.971427397774608181, -75.91113814643911439 ) ) ;
#3993 = CARTESIAN_POINT ( 'NONE',  ( 39.82293314939979467, 2.000000000000000444, -71.23676163004131467 ) ) ;
#3994 = AXIS2_PLACEMENT_3D ( 'NONE', #3637, #4471, #2832 ) ;
#3995 = DIRECTION ( 'NONE',  ( -0.000000000000000000, 1.000000000000000000, -0.000000000000000000 ) ) ;
#3996 = CARTESIAN_POINT ( 'NONE',  ( 28.81999999999999673, 14.19999999999999929, -31.39999999999999858 ) ) ;
#3997 = ORIENTED_EDGE ( 'NONE', *, *, #1280, .F. ) ;
#3998 = EDGE_CURVE ( 'NONE', #4215, #12, #551, .T. ) ;
#3999 = ADVANCED_FACE ( 'NONE', ( #324 ), #1494, .F. ) ;
#4000 = AXIS2_PLACEMENT_3D ( 'NONE', #1818, #3054, #3838 ) ;
#4001 = CARTESIAN_POINT ( 'NONE',  ( 59.47999999999999687, 4.000000000000000000, -31.39999999999999858 ) ) ;
#4002 = CARTESIAN_POINT ( 'NONE',  ( 45.12901437272579130, 3.000000000000000444, -75.50000000000000000 ) ) ;
#4003 = ORIENTED_EDGE ( 'NONE', *, *, #3413, .T. ) ;
#4004 = LINE ( 'NONE', #707, #1423 ) ;
#4005 = FACE_OUTER_BOUND ( 'NONE', #3930, .T. ) ;
#4006 = APPLICATION_PROTOCOL_DEFINITION ( 'draft international standard', 'automotive_design', 1998, #1398 ) ;
#4007 = EDGE_CURVE ( 'NONE', #3215, #259, #1556, .T. ) ;
#4008 = ORIENTED_EDGE ( 'NONE', *, *, #752, .F. ) ;
#4009 = CARTESIAN_POINT ( 'NONE',  ( 0.000000000000000000, 8.499999999999998224, 0.000000000000000000 ) ) ;
#4010 = CARTESIAN_POINT ( 'NONE',  ( 22.21999999999999886, 6.000000000000000000, -1.599704092027028824E-16 ) ) ;
#4011 = VERTEX_POINT ( 'NONE', #4838 ) ;
#4012 = EDGE_CURVE ( 'NONE', #2189, #4144, #766, .T. ) ;
#4013 = DIRECTION ( 'NONE',  ( 1.000000000000000000, 0.000000000000000000, -1.104919411450195541E-16 ) ) ;
#4014 = LINE ( 'NONE', #3319, #4981 ) ;
#4015 = DIRECTION ( 'NONE',  ( -0.000000000000000000, -1.000000000000000000, -0.000000000000000000 ) ) ;
#4016 = ORIENTED_EDGE ( 'NONE', *, *, #3499, .F. ) ;
#4017 = EDGE_LOOP ( 'NONE', ( #1833, #3075, #3078, #1755, #487, #3110 ) ) ;
#4018 = CARTESIAN_POINT ( 'NONE',  ( 38.97098562727419591, 3.000000000000000000, -75.50000000000001421 ) ) ;
#4019 = AXIS2_PLACEMENT_3D ( 'NONE', #1470, #5218, #1900 ) ;
#4020 = EDGE_CURVE ( 'NONE', #2305, #4776, #2789, .T. ) ;
#4021 = CARTESIAN_POINT ( 'NONE',  ( 38.98456537284209134, 2.818112962944864464, -69.89762356419241485 ) ) ;
#4022 = DIRECTION ( 'NONE',  ( 1.000000000000000000, 0.000000000000000000, 0.000000000000000000 ) ) ;
#4023 = DIRECTION ( 'NONE',  ( 0.000000000000000000, 0.000000000000000000, 1.000000000000000000 ) ) ;
#4024 = AXIS2_PLACEMENT_3D ( 'NONE', #3231, #2019, #1619 ) ;
#4025 = AXIS2_PLACEMENT_3D ( 'NONE', #2385, #4028, #3256 ) ;
#4026 = EDGE_LOOP ( 'NONE', ( #3580, #933, #1921, #1492 ) ) ;
#4027 = DIRECTION ( 'NONE',  ( -0.000000000000000000, 1.000000000000000000, -0.000000000000000000 ) ) ;
#4028 = DIRECTION ( 'NONE',  ( 0.000000000000000000, -1.000000000000000000, -0.000000000000000000 ) ) ;
#4029 = VERTEX_POINT ( 'NONE', #5005 ) ;
#4030 = DIRECTION ( 'NONE',  ( 1.000000000000000000, 0.000000000000000000, 0.000000000000000000 ) ) ;
#4031 = DIRECTION ( 'NONE',  ( -1.000000000000000000, -0.000000000000000000, -0.000000000000000000 ) ) ;
#4032 = ADVANCED_FACE ( 'NONE', ( #2466 ), #4570, .T. ) ;
#4033 = ORIENTED_EDGE ( 'NONE', *, *, #474, .F. ) ;
#4034 = DIRECTION ( 'NONE',  ( 1.000000000000000000, 0.000000000000000000, 0.000000000000000000 ) ) ;
#4035 = LINE ( 'NONE', #4090, #1588 ) ;
#4036 = ORIENTED_EDGE ( 'NONE', *, *, #2596, .F. ) ;
#4037 = AXIS2_PLACEMENT_3D ( 'NONE', #3172, #4355, #5195 ) ;
#4038 = ORIENTED_EDGE ( 'NONE', *, *, #977, .T. ) ;
#4039 = EDGE_CURVE ( 'NONE', #2438, #1977, #1876, .T. ) ;
#4040 = DIRECTION ( 'NONE',  ( -0.000000000000000000, -1.000000000000000000, -0.000000000000000000 ) ) ;
#4041 = VECTOR ( 'NONE', #940, 1000.000000000000000 ) ;
#4042 = DIRECTION ( 'NONE',  ( -1.000000000000000000, 0.000000000000000000, 0.000000000000000000 ) ) ;
#4043 = DIRECTION ( 'NONE',  ( 1.000000000000000000, -8.673617379884027583E-16, 0.000000000000000000 ) ) ;
#4044 = CARTESIAN_POINT ( 'NONE',  ( 38.09002977061410178, 2.634697950543214429, -77.40106314474600424 ) ) ;
#4045 = ORIENTED_EDGE ( 'NONE', *, *, #4069, .F. ) ;
#4046 = CARTESIAN_POINT ( 'NONE',  ( 35.93000000000000682, 4.000000000000000000, -17.89999999999999858 ) ) ;
#4047 = ORIENTED_EDGE ( 'NONE', *, *, #1257, .T. ) ;
#4048 = AXIS2_PLACEMENT_3D ( 'NONE', #1508, #3605, #2668 ) ;
#4049 = ORIENTED_EDGE ( 'NONE', *, *, #845, .F. ) ;
#4050 = LINE ( 'NONE', #2436, #3966 ) ;
#4051 = DIRECTION ( 'NONE',  ( 0.000000000000000000, 0.000000000000000000, -1.000000000000000000 ) ) ;
#4052 = DIRECTION ( 'NONE',  ( 0.000000000000000000, 1.000000000000000000, 0.000000000000000000 ) ) ;
#4053 = VERTEX_POINT ( 'NONE', #513 ) ;
#4054 = EDGE_CURVE ( 'NONE', #4108, #627, #2120, .T. ) ;
#4055 = DIRECTION ( 'NONE',  ( 0.000000000000000000, 0.000000000000000000, 1.000000000000000000 ) ) ;
#4056 = DIRECTION ( 'NONE',  ( -0.000000000000000000, -1.000000000000000000, -0.000000000000000000 ) ) ;
#4057 = ORIENTED_EDGE ( 'NONE', *, *, #502, .F. ) ;
#4058 = CARTESIAN_POINT ( 'NONE',  ( 54.08000000000000540, 8.499999999999998224, -39.59999999999999432 ) ) ;
#4059 = CARTESIAN_POINT ( 'NONE',  ( 33.39999999999999858, 4.400000000000000355, -2.000000000000000000 ) ) ;
#4060 = FACE_OUTER_BOUND ( 'NONE', #2339, .T. ) ;
#4061 = DIRECTION ( 'NONE',  ( -0.000000000000000000, -0.000000000000000000, 1.000000000000000000 ) ) ;
#4062 = DIRECTION ( 'NONE',  ( -0.000000000000000000, -1.000000000000000000, -0.000000000000000000 ) ) ;
#4063 = ORIENTED_EDGE ( 'NONE', *, *, #2859, .T. ) ;
#4064 = ORIENTED_EDGE ( 'NONE', *, *, #3158, .F. ) ;
#4065 = CARTESIAN_POINT ( 'NONE',  ( 46.13000000000000256, 2.949999999999999289, -32.82500000000000284 ) ) ;
#4066 = EDGE_CURVE ( 'NONE', #1175, #2403, #1688, .T. ) ;
#4067 = CARTESIAN_POINT ( 'NONE',  ( 64.32999999999999829, 14.19999999999999929, -54.61224754889930466 ) ) ;
#4068 = DIRECTION ( 'NONE',  ( 1.000000000000000000, -0.000000000000000000, -0.000000000000000000 ) ) ;
#4069 = EDGE_CURVE ( 'NONE', #2243, #3051, #2522, .T. ) ;
#4070 = LINE ( 'NONE', #4756, #642 ) ;
#4071 = DIRECTION ( 'NONE',  ( 0.000000000000000000, 0.000000000000000000, 1.000000000000000000 ) ) ;
#4072 = CIRCLE ( 'NONE', #1159, 8.000000000000007105 ) ;
#4073 = AXIS2_PLACEMENT_3D ( 'NONE', #2050, #1598, #393 ) ;
#4074 = ORIENTED_EDGE ( 'NONE', *, *, #4103, .T. ) ;
#4075 = ORIENTED_EDGE ( 'NONE', *, *, #582, .F. ) ;
#4076 = SPHERICAL_SURFACE ( 'NONE', #3959, 1.000000000000000000 ) ;
#4077 = AXIS2_PLACEMENT_3D ( 'NONE', #2987, #843, #1322 ) ;
#4078 = CARTESIAN_POINT ( 'NONE',  ( 41.54999999999999716, 0.9999999999999731326, -67.13384597600372672 ) ) ;
#4079 = ORIENTED_EDGE ( 'NONE', *, *, #1703, .F. ) ;
#4080 = AXIS2_PLACEMENT_3D ( 'NONE', #3472, #5177, #1831 ) ;
#4081 = LINE ( 'NONE', #4900, #2065 ) ;
#4082 = CARTESIAN_POINT ( 'NONE',  ( 0.000000000000000000, 6.000000000000000000, -2.028101147780417225E-16 ) ) ;
#4083 = ORIENTED_EDGE ( 'NONE', *, *, #3719, .T. ) ;
#4084 = VECTOR ( 'NONE', #3241, 1000.000000000000000 ) ;
#4085 = CARTESIAN_POINT ( 'NONE',  ( 39.97098562727419591, 2.000000000000000000, -71.34771754627320206 ) ) ;
#4086 = CARTESIAN_POINT ( 'NONE',  ( 36.45778126594936452, 4.000000000000000000, -2.398055443370644468 ) ) ;
#4087 = VECTOR ( 'NONE', #3949, 1000.000000000000000 ) ;
#4088 = ORIENTED_EDGE ( 'NONE', *, *, #1179, .T. ) ;
#4089 = CARTESIAN_POINT ( 'NONE',  ( 39.02375635706330570, 2.640649251698301114, -77.44374036524401106 ) ) ;
#4090 = CARTESIAN_POINT ( 'NONE',  ( 28.81999999999999318, 4.000000000000000000, -18.39999999999999858 ) ) ;
#4091 = ORIENTED_EDGE ( 'NONE', *, *, #2949, .F. ) ;
#4092 = EDGE_CURVE ( 'NONE', #1862, #4776, #80, .T. ) ;
#4093 = ORIENTED_EDGE ( 'NONE', *, *, #3255, .T. ) ;
#4094 = PLANE ( 'NONE',  #702 ) ;
#4095 = DIRECTION ( 'NONE',  ( 0.000000000000000000, 0.000000000000000000, -1.000000000000000000 ) ) ;
#4096 = DIRECTION ( 'NONE',  ( 0.000000000000000000, 0.000000000000000000, 1.000000000000000000 ) ) ;
#4097 = CARTESIAN_POINT ( 'NONE',  ( 38.11391985728122478, 2.508550379956482335, -77.43856586348991300 ) ) ;
#4098 = CARTESIAN_POINT ( 'NONE',  ( 49.39999999999999858, 4.400000000000000355, -2.000000000000000000 ) ) ;
#4099 = ORIENTED_EDGE ( 'NONE', *, *, #2996, .T. ) ;
#4100 = ORIENTED_EDGE ( 'NONE', *, *, #3462, .F. ) ;
#4101 = PLANE ( 'NONE',  #2336 ) ;
#4102 = LINE ( 'NONE', #2064, #2628 ) ;
#4103 = EDGE_CURVE ( 'NONE', #1519, #5076, #2304, .T. ) ;
#4104 = VERTEX_POINT ( 'NONE', #4486 ) ;
#4105 = AXIS2_PLACEMENT_3D ( 'NONE', #2331, #780, #352 ) ;
#4106 = LINE ( 'NONE', #489, #2671 ) ;
#4107 = LINE ( 'NONE', #1641, #2574 ) ;
#4108 = VERTEX_POINT ( 'NONE', #806 ) ;
#4109 = CARTESIAN_POINT ( 'NONE',  ( 38.97098562727413196, 2.851433638056501518, -69.86160256755503895 ) ) ;
#4110 = DIRECTION ( 'NONE',  ( -0.000000000000000000, -1.000000000000000000, -0.000000000000000000 ) ) ;
#4111 = ORIENTED_EDGE ( 'NONE', *, *, #4802, .T. ) ;
#4112 = DIRECTION ( 'NONE',  ( 0.000000000000000000, 0.000000000000000000, 1.000000000000000000 ) ) ;
#4113 = CARTESIAN_POINT ( 'NONE',  ( 21.51999999999999602, 8.499999999999998224, -40.59999999999999432 ) ) ;
#4114 = PLANE ( 'NONE',  #5111 ) ;
#4115 = ORIENTED_EDGE ( 'NONE', *, *, #3907, .F. ) ;
#4116 = ORIENTED_EDGE ( 'NONE', *, *, #887, .F. ) ;
#4117 = LINE ( 'NONE', #1602, #1217 ) ;
#4118 = EDGE_CURVE ( 'NONE', #627, #2687, #3691, .T. ) ;
#4119 = DIRECTION ( 'NONE',  ( 0.000000000000000000, 0.000000000000000000, -1.000000000000000000 ) ) ;
#4120 = LINE ( 'NONE', #2890, #3165 ) ;
#4121 = VECTOR ( 'NONE', #3979, 1000.000000000000000 ) ;
#4122 = DIRECTION ( 'NONE',  ( -1.000000000000000000, 0.000000000000000000, 0.000000000000000000 ) ) ;
#4123 = AXIS2_PLACEMENT_3D ( 'NONE', #2794, #4023, #1208 ) ;
#4124 = CYLINDRICAL_SURFACE ( 'NONE', #665, 2.000000000000001776 ) ;
#4125 = VERTEX_POINT ( 'NONE', #2038 ) ;
#4126 = AXIS2_PLACEMENT_3D ( 'NONE', #2223, #4647, #242 ) ;
#4127 = ORIENTED_EDGE ( 'NONE', *, *, #2726, .F. ) ;
#4128 = CARTESIAN_POINT ( 'NONE',  ( 42.89935596734970602, 1.000000000000000000, -70.36587317629178528 ) ) ;
#4129 = EDGE_CURVE ( 'NONE', #1074, #4333, #434, .T. ) ;
#4130 = DIRECTION ( 'NONE',  ( 0.000000000000000000, -1.000000000000000000, -0.000000000000000000 ) ) ;
#4131 = VECTOR ( 'NONE', #2134, 1000.000000000000000 ) ;
#4132 = TOROIDAL_SURFACE ( 'NONE', #2326, 4.500000000000000888, 1.000000000000000000 ) ;
#4133 = ORIENTED_EDGE ( 'NONE', *, *, #3790, .F. ) ;
#4134 = LINE ( 'NONE', #517, #782 ) ;
#4135 = EDGE_CURVE ( 'NONE', #5024, #1315, #2121, .T. ) ;
#4136 = DIRECTION ( 'NONE',  ( 0.000000000000000000, 1.000000000000000000, 0.000000000000000000 ) ) ;
#4137 = ORIENTED_EDGE ( 'NONE', *, *, #3578, .T. ) ;
#4138 = CARTESIAN_POINT ( 'NONE',  ( 65.54999999999999716, 2.000000000000000000, -77.50000000000000000 ) ) ;
#4139 = ORIENTED_EDGE ( 'NONE', *, *, #4685, .T. ) ;
#4140 = PLANE ( 'NONE',  #3183 ) ;
#4141 = VERTEX_POINT ( 'NONE', #1637 ) ;
#4142 = CARTESIAN_POINT ( 'NONE',  ( 33.03000000000000114, 11.93999999999999950, -31.39999999999999858 ) ) ;
#4143 = ORIENTED_EDGE ( 'NONE', *, *, #1757, .T. ) ;
#4144 = VERTEX_POINT ( 'NONE', #485 ) ;
#4145 = LINE ( 'NONE', #4913, #1469 ) ;
#4146 = DIRECTION ( 'NONE',  ( 2.668805347656626678E-16, -0.000000000000000000, -1.000000000000000000 ) ) ;
#4147 = FACE_OUTER_BOUND ( 'NONE', #1891, .T. ) ;
#4148 = ORIENTED_EDGE ( 'NONE', *, *, #3214, .T. ) ;
#4149 = CARTESIAN_POINT ( 'NONE',  ( 53.73000000000000398, 11.93999999999999950, -30.39999999999999503 ) ) ;
#4150 = LINE ( 'NONE', #1682, #2973 ) ;
#4151 = VERTEX_POINT ( 'NONE', #1231 ) ;
#4152 = ORIENTED_EDGE ( 'NONE', *, *, #5193, .F. ) ;
#4153 = LINE ( 'NONE', #512, #4380 ) ;
#4154 = VECTOR ( 'NONE', #3270, 1000.000000000000000 ) ;
#4155 = DIRECTION ( 'NONE',  ( -1.000000000000000000, 0.000000000000000000, 0.000000000000000000 ) ) ;
#4156 = ADVANCED_FACE ( 'NONE', ( #4977, #4187 ), #2868, .F. ) ;
#4157 = VECTOR ( 'NONE', #2535, 1000.000000000000000 ) ;
#4158 = ORIENTED_EDGE ( 'NONE', *, *, #189, .F. ) ;
#4159 = CARTESIAN_POINT ( 'NONE',  ( 59.54999999999999716, 14.19999999999999929, -52.42716227728432443 ) ) ;
#4160 = CARTESIAN_POINT ( 'NONE',  ( 23.55000000000000071, 14.19999999999999929, -54.50216227728432727 ) ) ;
#4161 = EDGE_LOOP ( 'NONE', ( #197, #1698, #2865, #1701 ) ) ;
#4162 = CARTESIAN_POINT ( 'NONE',  ( 21.51999999999999602, 14.19999999999999929, -40.59999999999999432 ) ) ;
#4163 = DIRECTION ( 'NONE',  ( 0.000000000000000000, 1.000000000000000000, 0.000000000000000000 ) ) ;
#4164 = EDGE_CURVE ( 'NONE', #1175, #1512, #4513, .T. ) ;
#4165 = ORIENTED_EDGE ( 'NONE', *, *, #4530, .F. ) ;
#4166 = EDGE_CURVE ( 'NONE', #2532, #4923, #4102, .T. ) ;
#4167 = CARTESIAN_POINT ( 'NONE',  ( 38.97098562727419591, 2.999999988635213999, -75.63445084658836493 ) ) ;
#4168 = CIRCLE ( 'NONE', #3991, 1.599999999999997202 ) ;
#4169 = DIRECTION ( 'NONE',  ( 0.6061681354098688024, 0.000000000000000000, -0.7953365272724011170 ) ) ;
#4170 = VERTEX_POINT ( 'NONE', #435 ) ;
#4171 = VECTOR ( 'NONE', #552, 1000.000000000000000 ) ;
#4172 = ADVANCED_FACE ( 'NONE', ( #3709 ), #3788, .F. ) ;
#4173 = AXIS2_PLACEMENT_3D ( 'NONE', #4467, #5283, #386 ) ;
#4174 = ADVANCED_FACE ( 'NONE', ( #1259 ), #858, .F. ) ;
#4175 = DIRECTION ( 'NONE',  ( -0.000000000000000000, -1.000000000000000000, -0.000000000000000000 ) ) ;
#4176 = LINE ( 'NONE', #877, #1421 ) ;
#4177 = CARTESIAN_POINT ( 'NONE',  ( 44.06645423686997276, 2.650423344473280540, -76.45582878763083556 ) ) ;
#4178 = ORIENTED_EDGE ( 'NONE', *, *, #2745, .F. ) ;
#4179 = VECTOR ( 'NONE', #3081, 1000.000000000000000 ) ;
#4180 = DIRECTION ( 'NONE',  ( 0.000000000000000000, 0.000000000000000000, 1.000000000000000000 ) ) ;
#4181 = ORIENTED_EDGE ( 'NONE', *, *, #558, .F. ) ;
#4182 = DIRECTION ( 'NONE',  ( -1.000000000000000000, 0.000000000000000000, 1.746512434912466574E-16 ) ) ;
#4183 = ADVANCED_FACE ( 'NONE', ( #2922 ), #2976, .F. ) ;
#4184 = ORIENTED_EDGE ( 'NONE', *, *, #3861, .T. ) ;
#4185 = VERTEX_POINT ( 'NONE', #3911 ) ;
#4186 = CARTESIAN_POINT ( 'NONE',  ( 43.23370881073187633, 1.082234258623046452, -70.20471125314195149 ) ) ;
#4187 = FACE_OUTER_BOUND ( 'NONE', #565, .T. ) ;
#4188 = ORIENTED_EDGE ( 'NONE', *, *, #2343, .F. ) ;
#4189 = EDGE_CURVE ( 'NONE', #2438, #3153, #212, .T. ) ;
#4190 = LINE ( 'NONE', #112, #1981 ) ;
#4191 = DIRECTION ( 'NONE',  ( 0.000000000000000000, -1.000000000000000000, 0.000000000000000000 ) ) ;
#4192 = ORIENTED_EDGE ( 'NONE', *, *, #2325, .F. ) ;
#4193 = CARTESIAN_POINT ( 'NONE',  ( 39.01186325064232818, 2.714914962104123752, -76.40617877581239270 ) ) ;
#4194 = DIRECTION ( 'NONE',  ( 1.000000000000000000, -0.000000000000000000, -0.000000000000000000 ) ) ;
#4195 = EDGE_LOOP ( 'NONE', ( #4184, #3095, #918, #2821 ) ) ;
#4196 = VECTOR ( 'NONE', #5295, 1000.000000000000000 ) ;
#4197 = CARTESIAN_POINT ( 'NONE',  ( 38.97919024014405665, 2.869870812130650428, -76.17617463196236827 ) ) ;
#4198 = AXIS2_PLACEMENT_3D ( 'NONE', #1067, #3030, #2708 ) ;
#4199 = EDGE_CURVE ( 'NONE', #336, #4029, #3860, .T. ) ;
#4200 = CARTESIAN_POINT ( 'NONE',  ( 11.00000000000000533, 6.000000000000000000, 0.000000000000000000 ) ) ;
#4201 = VERTEX_POINT ( 'NONE', #2648 ) ;
#4202 = AXIS2_PLACEMENT_3D ( 'NONE', #5281, #1590, #3226 ) ;
#4203 = DIRECTION ( 'NONE',  ( 0.000000000000000000, -0.000000000000000000, 1.000000000000000000 ) ) ;
#4204 = CARTESIAN_POINT ( 'NONE',  ( 33.43000000000000682, 6.499999999999999112, 0.001000000000007938983 ) ) ;
#4205 = CARTESIAN_POINT ( 'NONE',  ( 44.11349015439810728, 2.789548899518509817, -69.54122358007978733 ) ) ;
#4206 = ORIENTED_EDGE ( 'NONE', *, *, #3229, .T. ) ;
#4207 = CARTESIAN_POINT ( 'NONE',  ( 23.61999999999999744, 4.000000000000000000, -1.599704092027028824E-16 ) ) ;
#4208 = ORIENTED_EDGE ( 'NONE', *, *, #307, .F. ) ;
#4209 = EDGE_CURVE ( 'NONE', #4144, #4683, #2575, .T. ) ;
#4210 = EDGE_LOOP ( 'NONE', ( #2122, #3784, #1205, #4574 ) ) ;
#4211 = ORIENTED_EDGE ( 'NONE', *, *, #1031, .T. ) ;
#4212 = DIRECTION ( 'NONE',  ( -1.000000000000000000, -0.000000000000000000, -0.000000000000000000 ) ) ;
#4213 = FACE_OUTER_BOUND ( 'NONE', #4161, .T. ) ;
#4214 = AXIS2_PLACEMENT_3D ( 'NONE', #753, #356, #2015 ) ;
#4215 = VERTEX_POINT ( 'NONE', #4288 ) ;
#4216 = CARTESIAN_POINT ( 'NONE',  ( 56.98000000000001108, 8.499999999999998224, -40.59999999999999432 ) ) ;
#4217 = CIRCLE ( 'NONE', #1897, 1.600000000000000755 ) ;
#4218 = DIRECTION ( 'NONE',  ( 0.000000000000000000, 0.000000000000000000, -1.000000000000000000 ) ) ;
#4219 = ORIENTED_EDGE ( 'NONE', *, *, #2872, .F. ) ;
#4220 = CARTESIAN_POINT ( 'NONE',  ( 56.13000000000000256, 11.93999999999999950, -25.59999999999999076 ) ) ;
#4221 = EDGE_CURVE ( 'NONE', #358, #3329, #1389, .T. ) ;
#4222 = EDGE_LOOP ( 'NONE', ( #3834, #3360, #4843, #3170 ) ) ;
#4223 = VECTOR ( 'NONE', #5293, 1000.000000000000000 ) ;
#4224 = CARTESIAN_POINT ( 'NONE',  ( 21.51999999999999957, 3.000000000000000000, -1.660936431984391172E-16 ) ) ;
#4225 = DIRECTION ( 'NONE',  ( 1.000000000000000000, -0.000000000000000000, -0.000000000000000000 ) ) ;
#4226 = ORIENTED_EDGE ( 'NONE', *, *, #3442, .F. ) ;
#4227 =( NAMED_UNIT ( * ) SI_UNIT ( $, .STERADIAN. ) SOLID_ANGLE_UNIT ( ) );
#4228 = DIRECTION ( 'NONE',  ( -0.000000000000000000, -1.000000000000000000, -0.000000000000000000 ) ) ;
#4229 = CARTESIAN_POINT ( 'NONE',  ( 44.13275728173735502, 2.805657402656790200, -77.36311633378539909 ) ) ;
#4230 = ORIENTED_EDGE ( 'NONE', *, *, #1313, .T. ) ;
#4231 = DIRECTION ( 'NONE',  ( 0.000000000000000000, -1.000000000000000000, 0.000000000000000000 ) ) ;
#4232 = ORIENTED_EDGE ( 'NONE', *, *, #2962, .T. ) ;
#4233 = ORIENTED_EDGE ( 'NONE', *, *, #4066, .T. ) ;
#4234 = EDGE_CURVE ( 'NONE', #1311, #3204, #3488, .T. ) ;
#4235 = EDGE_CURVE ( 'NONE', #4029, #1296, #4698, .T. ) ;
#4236 = ORIENTED_EDGE ( 'NONE', *, *, #2830, .T. ) ;
#4237 = CARTESIAN_POINT ( 'NONE',  ( 7.000000000000006217, 1.750000000000035305, -5.999999999999990230 ) ) ;
#4238 = DIRECTION ( 'NONE',  ( 0.000000000000000000, 0.000000000000000000, -1.000000000000000000 ) ) ;
#4239 = DIRECTION ( 'NONE',  ( 0.000000000000000000, 1.000000000000000000, 0.000000000000000000 ) ) ;
#4240 = DIRECTION ( 'NONE',  ( 0.000000000000000000, -1.000000000000000000, 0.000000000000000000 ) ) ;
#4241 = ORIENTED_EDGE ( 'NONE', *, *, #1376, .F. ) ;
#4242 = CARTESIAN_POINT ( 'NONE',  ( 28.11999999999999744, 3.000000000000000000, -18.39999999999999858 ) ) ;
#4243 = PLANE ( 'NONE',  #1626 ) ;
#4244 = AXIS2_PLACEMENT_3D ( 'NONE', #89, #4163, #2528 ) ;
#4245 = VECTOR ( 'NONE', #4775, 1000.000000000000000 ) ;
#4246 = ORIENTED_EDGE ( 'NONE', *, *, #4189, .F. ) ;
#4247 = ORIENTED_EDGE ( 'NONE', *, *, #3998, .T. ) ;
#4248 = SPHERICAL_SURFACE ( 'NONE', #4560, 1.000000000000000000 ) ;
#4249 = CARTESIAN_POINT ( 'NONE',  ( 63.54999999999999716, 4.000000000000000000, -58.99999999999998579 ) ) ;
#4250 = ORIENTED_EDGE ( 'NONE', *, *, #2295, .F. ) ;
#4251 = CARTESIAN_POINT ( 'NONE',  ( 17.55000000000000071, 4.000000000000000000, -49.99999999999997868 ) ) ;
#4252 = LINE ( 'NONE', #3900, #830 ) ;
#4253 = ORIENTED_EDGE ( 'NONE', *, *, #1963, .T. ) ;
#4254 = EDGE_CURVE ( 'NONE', #3365, #5031, #1035, .T. ) ;
#4255 = FACE_OUTER_BOUND ( 'NONE', #4017, .T. ) ;
#4256 = EDGE_LOOP ( 'NONE', ( #2884, #2974, #3792, #1514 ) ) ;
#4257 = CIRCLE ( 'NONE', #5126, 0.5999999999999998668 ) ;
#4258 = AXIS2_PLACEMENT_3D ( 'NONE', #4535, #851, #2085 ) ;
#4259 = ORIENTED_EDGE ( 'NONE', *, *, #3390, .F. ) ;
#4260 = AXIS2_PLACEMENT_3D ( 'NONE', #346, #5186, #3189 ) ;
#4261 = ORIENTED_EDGE ( 'NONE', *, *, #600, .T. ) ;
#4262 = DIRECTION ( 'NONE',  ( 0.000000000000000000, -1.000000000000000000, 0.000000000000000000 ) ) ;
#4263 = CARTESIAN_POINT ( 'NONE',  ( 49.39999999999999858, 5.000000000000000000, -1.599704092027028824E-16 ) ) ;
#4264 = ADVANCED_FACE ( 'NONE', ( #1867 ), #4670, .F. ) ;
#4265 = CARTESIAN_POINT ( 'NONE',  ( 7.000000000000006217, 0.000000000000000000, -9.400000000000019895 ) ) ;
#4266 = CARTESIAN_POINT ( 'NONE',  ( 64.82999999999999829, 4.000000000000000000, -44.39999999999999147 ) ) ;
#4267 = ORIENTED_EDGE ( 'NONE', *, *, #2499, .T. ) ;
#4268 = ADVANCED_FACE ( 'NONE', ( #4213 ), #497, .F. ) ;
#4269 = DIRECTION ( 'NONE',  ( -0.000000000000000000, -1.000000000000000000, -0.000000000000000000 ) ) ;
#4270 = VERTEX_POINT ( 'NONE', #613 ) ;
#4271 = FACE_OUTER_BOUND ( 'NONE', #1633, .T. ) ;
#4272 = EDGE_CURVE ( 'NONE', #2184, #4789, #3453, .T. ) ;
#4273 = DIRECTION ( 'NONE',  ( 0.000000000000000000, 1.000000000000000000, 0.000000000000000000 ) ) ;
#4274 = ORIENTED_EDGE ( 'NONE', *, *, #239, .F. ) ;
#4275 = CARTESIAN_POINT ( 'NONE',  ( 21.51999999999999602, 8.499999999999998224, -42.49999999999998579 ) ) ;
#4276 = CARTESIAN_POINT ( 'NONE',  ( 38.53000000000000114, 11.94999999999999929, -30.39999999999999503 ) ) ;
#4277 = VECTOR ( 'NONE', #3517, 1000.000000000000000 ) ;
#4278 = LINE ( 'NONE', #1808, #1685 ) ;
#4279 = EDGE_LOOP ( 'NONE', ( #1742, #2919, #4152, #4878, #4875, #2173, #4809, #559 ) ) ;
#4280 = VECTOR ( 'NONE', #2806, 1000.000000000000000 ) ;
#4281 = PLANE ( 'NONE',  #3387 ) ;
#4282 = EDGE_LOOP ( 'NONE', ( #3809, #2934, #633, #2696 ) ) ;
#4283 = VECTOR ( 'NONE', #3769, 1000.000000000000000 ) ;
#4284 = VECTOR ( 'NONE', #4818, 1000.000000000000000 ) ;
#4285 = ADVANCED_FACE ( 'NONE', ( #4645 ), #1412, .F. ) ;
#4286 = ORIENTED_EDGE ( 'NONE', *, *, #3076, .F. ) ;
#4287 = LINE ( 'NONE', #3881, #2454 ) ;
#4288 = CARTESIAN_POINT ( 'NONE',  ( 39.97098562727419591, 2.000000000000000000, -71.34771754627320206 ) ) ;
#4289 = EDGE_CURVE ( 'NONE', #3051, #2426, #4726, .T. ) ;
#4290 = VERTEX_POINT ( 'NONE', #3426 ) ;
#4291 = CARTESIAN_POINT ( 'NONE',  ( 0.000000000000000000, 2.000000000000000000, 0.000000000000000000 ) ) ;
#4292 = AXIS2_PLACEMENT_3D ( 'NONE', #1906, #3545, #704 ) ;
#4293 = CARTESIAN_POINT ( 'NONE',  ( 23.61999999999999389, 6.000000000000000000, -31.39999999999999858 ) ) ;
#4294 = ORIENTED_EDGE ( 'NONE', *, *, #623, .F. ) ;
#4295 = DIRECTION ( 'NONE',  ( -1.000000000000000000, 0.000000000000000000, 0.000000000000000000 ) ) ;
#4296 = ORIENTED_EDGE ( 'NONE', *, *, #4118, .T. ) ;
#4297 = CIRCLE ( 'NONE', #1730, 1.000000000000000000 ) ;
#4298 = EDGE_CURVE ( 'NONE', #863, #2988, #2170, .T. ) ;
#4299 = EDGE_CURVE ( 'NONE', #4474, #34, #3511, .T. ) ;
#4300 = DIRECTION ( 'NONE',  ( -0.000000000000000000, -1.000000000000000000, 0.000000000000000000 ) ) ;
#4301 = CARTESIAN_POINT ( 'NONE',  ( 30.23000000000001464, 6.499999999999999112, 0.001000000000007938983 ) ) ;
#4302 = VERTEX_POINT ( 'NONE', #563 ) ;
#4303 = CARTESIAN_POINT ( 'NONE',  ( 35.31999999999999318, 8.499999999999998224, -44.39999999999999147 ) ) ;
#4304 = CARTESIAN_POINT ( 'NONE',  ( 59.47999999999999687, 6.000000000000000000, -31.39999999999999858 ) ) ;
#4305 = PRODUCT_DEFINITION_FORMATION_WITH_SPECIFIED_SOURCE ( 'ANY', '', #5305, .NOT_KNOWN. ) ;
#4306 = FACE_OUTER_BOUND ( 'NONE', #1204, .T. ) ;
#4307 = PLANE ( 'NONE',  #3055 ) ;
#4308 = CARTESIAN_POINT ( 'NONE',  ( 43.99192643039091877, 1.742915752950338071, -69.64252473205895910 ) ) ;
#4309 = VERTEX_POINT ( 'NONE', #159 ) ;
#4310 = CARTESIAN_POINT ( 'NONE',  ( 24.83000000000000540, 5.599999999999998757, -42.49999999999998579 ) ) ;
#4311 = VERTEX_POINT ( 'NONE', #5082 ) ;
#4312 = DIRECTION ( 'NONE',  ( 1.000000000000000000, -0.000000000000000000, 0.000000000000000000 ) ) ;
#4313 = DIRECTION ( 'NONE',  ( -1.000000000000000000, -0.000000000000000000, -0.000000000000000000 ) ) ;
#4314 = ORIENTED_EDGE ( 'NONE', *, *, #3563, .F. ) ;
#4315 = CARTESIAN_POINT ( 'NONE',  ( 57.03000000000000114, 4.000000000000000000, -25.59999999999999076 ) ) ;
#4316 = ORIENTED_EDGE ( 'NONE', *, *, #1868, .F. ) ;
#4317 = LINE ( 'NONE', #3816, #4386 ) ;
#4318 = ADVANCED_FACE ( 'NONE', ( #3027 ), #2622, .F. ) ;
#4319 = DIRECTION ( 'NONE',  ( 0.000000000000000000, 0.000000000000000000, -1.000000000000000000 ) ) ;
#4320 = ORIENTED_EDGE ( 'NONE', *, *, #4660, .F. ) ;
#4321 = LINE ( 'NONE', #2380, #4418 ) ;
#4322 = ORIENTED_EDGE ( 'NONE', *, *, #752, .T. ) ;
#4323 = CARTESIAN_POINT ( 'NONE',  ( 44.12901437272579130, 2.906649129677909116, -69.86160258534812328 ) ) ;
#4324 = DIRECTION ( 'NONE',  ( 1.000000000000000000, -0.000000000000000000, 0.000000000000000000 ) ) ;
#4325 = ORIENTED_EDGE ( 'NONE', *, *, #641, .T. ) ;
#4326 = CIRCLE ( 'NONE', #3648, 1.650000000000002132 ) ;
#4327 = CARTESIAN_POINT ( 'NONE',  ( 59.47999999999999687, 4.000000000000000000, -31.39999999999999858 ) ) ;
#4328 = DIRECTION ( 'NONE',  ( -2.209838822900391082E-16, 0.000000000000000000, -1.000000000000000000 ) ) ;
#4329 = CARTESIAN_POINT ( 'NONE',  ( 61.58000000000000540, 14.19999999999999929, -39.39999999999999858 ) ) ;
#4330 = VECTOR ( 'NONE', #1880, 1000.000000000000000 ) ;
#4331 = CARTESIAN_POINT ( 'NONE',  ( 64.82999999999999829, 4.000000000000000000, -44.39999999999999147 ) ) ;
#4332 = PLANE ( 'NONE',  #2649 ) ;
#4333 = VERTEX_POINT ( 'NONE', #1548 ) ;
#4334 = PLANE ( 'NONE',  #1758 ) ;
#4335 = EDGE_LOOP ( 'NONE', ( #3129, #1166, #4616, #155 ) ) ;
#4336 = ORIENTED_EDGE ( 'NONE', *, *, #3441, .F. ) ;
#4337 = EDGE_CURVE ( 'NONE', #3724, #4620, #4451, .T. ) ;
#4338 = VECTOR ( 'NONE', #2639, 1000.000000000000000 ) ;
#4339 = CARTESIAN_POINT ( 'NONE',  ( 0.000000000000000000, 6.000000000000000000, 0.000000000000000000 ) ) ;
#4340 = LINE ( 'NONE', #5238, #3469 ) ;
#4341 = AXIS2_PLACEMENT_3D ( 'NONE', #1084, #2642, #4364 ) ;
#4342 = CIRCLE ( 'NONE', #4426, 1.000000000000001998 ) ;
#4343 = EDGE_CURVE ( 'NONE', #3291, #1149, #773, .T. ) ;
#4344 = ORIENTED_EDGE ( 'NONE', *, *, #75, .F. ) ;
#4345 = DIRECTION ( 'NONE',  ( -0.000000000000000000, -0.000000000000000000, -1.000000000000000000 ) ) ;
#4346 = CONICAL_SURFACE ( 'NONE', #2716, 3.400000000000014122, 0.7853981633974463916 ) ;
#4347 = ORIENTED_EDGE ( 'NONE', *, *, #2776, .T. ) ;
#4348 = CARTESIAN_POINT ( 'NONE',  ( 37.97512051880767814, 3.732549192269568383, -76.50776456146518001 ) ) ;
#4349 = CARTESIAN_POINT ( 'NONE',  ( 39.69609227364500725, 2.030868046853650188, -71.10718225402746384 ) ) ;
#4350 = ORIENTED_EDGE ( 'NONE', *, *, #335, .F. ) ;
#4351 = DIRECTION ( 'NONE',  ( 0.000000000000000000, 0.000000000000000000, 1.000000000000000000 ) ) ;
#4352 = CARTESIAN_POINT ( 'NONE',  ( 41.54999999999999716, 1.000000000000000888, -67.13384597600372672 ) ) ;
#4353 = ORIENTED_EDGE ( 'NONE', *, *, #4576, .T. ) ;
#4354 = EDGE_CURVE ( 'NONE', #844, #992, #1061, .T. ) ;
#4355 = DIRECTION ( 'NONE',  ( -0.000000000000000000, -1.000000000000000000, -0.000000000000000000 ) ) ;
#4356 = PLANE ( 'NONE',  #1020 ) ;
#4357 = ORIENTED_EDGE ( 'NONE', *, *, #222, .F. ) ;
#4358 = DIRECTION ( 'NONE',  ( -0.000000000000000000, -0.000000000000000000, -1.000000000000000000 ) ) ;
#4359 = CARTESIAN_POINT ( 'NONE',  ( 28.81999999999999673, 4.000000000000000000, -31.39999999999999858 ) ) ;
#4360 = ADVANCED_FACE ( 'NONE', ( #2296 ), #2322, .F. ) ;
#4361 = DIRECTION ( 'NONE',  ( 0.000000000000000000, 0.000000000000000000, 1.000000000000000000 ) ) ;
#4362 = CARTESIAN_POINT ( 'NONE',  ( 44.15518880336563257, 2.060423132120003942, -69.47203844212198476 ) ) ;
#4363 = VERTEX_POINT ( 'NONE', #4808 ) ;
#4364 = DIRECTION ( 'NONE',  ( -1.000000000000000000, 0.000000000000000000, 0.000000000000000000 ) ) ;
#4365 = ORIENTED_EDGE ( 'NONE', *, *, #5001, .F. ) ;
#4366 = ORIENTED_EDGE ( 'NONE', *, *, #4754, .F. ) ;
#4367 = VECTOR ( 'NONE', #690, 1000.000000000000000 ) ;
#4368 = CARTESIAN_POINT ( 'NONE',  ( 33.39999999999999858, 5.000000000000000000, -1.599704092027028824E-16 ) ) ;
#4369 = LINE ( 'NONE', #1841, #4367 ) ;
#4370 = EDGE_CURVE ( 'NONE', #648, #4053, #3162, .T. ) ;
#4371 = AXIS2_PLACEMENT_3D ( 'NONE', #1953, #696, #3593 ) ;
#4372 = FACE_OUTER_BOUND ( 'NONE', #1390, .T. ) ;
#4373 = ORIENTED_EDGE ( 'NONE', *, *, #2185, .F. ) ;
#4374 = CARTESIAN_POINT ( 'NONE',  ( 39.97098562727419591, 2.000000000000000000, -71.34771754627320206 ) ) ;
#4375 = EDGE_LOOP ( 'NONE', ( #2008, #4934, #2225, #4049 ) ) ;
#4376 = DIRECTION ( 'NONE',  ( 1.000000000000000000, 0.000000000000000000, -0.000000000000000000 ) ) ;
#4377 = DIRECTION ( 'NONE',  ( -0.000000000000000000, 1.000000000000000000, -0.000000000000000000 ) ) ;
#4378 = ORIENTED_EDGE ( 'NONE', *, *, #4737, .T. ) ;
#4379 = DIRECTION ( 'NONE',  ( 1.000000000000000000, 0.000000000000000000, 0.000000000000000000 ) ) ;
#4380 = VECTOR ( 'NONE', #1743, 1000.000000000000000 ) ;
#4381 = DIRECTION ( 'NONE',  ( 0.000000000000000000, 0.000000000000000000, -1.000000000000000000 ) ) ;
#4382 = ORIENTED_EDGE ( 'NONE', *, *, #1611, .F. ) ;
#4383 = CARTESIAN_POINT ( 'NONE',  ( 56.13000000000000256, 14.19999999999999929, -31.39999999999999858 ) ) ;
#4384 = ADVANCED_FACE ( 'NONE', ( #4423, #4372 ), #4833, .T. ) ;
#4385 = DIRECTION ( 'NONE',  ( 0.000000000000000000, 0.000000000000000000, 1.000000000000000000 ) ) ;
#4386 = VECTOR ( 'NONE', #2627, 1000.000000000000000 ) ;
#4387 = ORIENTED_EDGE ( 'NONE', *, *, #4576, .F. ) ;
#4388 = PLANE ( 'NONE',  #4730 ) ;
#4389 = DIRECTION ( 'NONE',  ( -0.000000000000000000, -1.000000000000000000, -0.000000000000000000 ) ) ;
#4390 = ORIENTED_EDGE ( 'NONE', *, *, #56, .T. ) ;
#4391 = PRESENTATION_LAYER_ASSIGNMENT (  '', '', ( #4483 ) ) ;
#4392 = EDGE_CURVE ( 'NONE', #2961, #885, #1116, .T. ) ;
#4393 = CIRCLE ( 'NONE', #1646, 1.650000000000002132 ) ;
#4394 = DIRECTION ( 'NONE',  ( 1.000000000000000000, 0.000000000000000000, 0.000000000000000000 ) ) ;
#4395 = DIRECTION ( 'NONE',  ( 0.000000000000000000, 0.000000000000000000, -1.000000000000000000 ) ) ;
#4396 = CARTESIAN_POINT ( 'NONE',  ( 7.000000000000000000, 0.000000000000000000, -25.50000000000000000 ) ) ;
#4397 = ADVANCED_FACE ( 'NONE', ( #1895 ), #3586, .T. ) ;
#4398 = EDGE_CURVE ( 'NONE', #4151, #382, #1174, .T. ) ;
#4399 = ORIENTED_EDGE ( 'NONE', *, *, #589, .F. ) ;
#4400 = VECTOR ( 'NONE', #4579, 1000.000000000000000 ) ;
#4401 = CARTESIAN_POINT ( 'NONE',  ( 18.76999999999999957, 14.19999999999999929, -54.61224754889930466 ) ) ;
#4402 = PLANE ( 'NONE',  #4766 ) ;
#4403 = CARTESIAN_POINT ( 'NONE',  ( 44.12901437272579130, 3.000000000000000000, -69.86160258534813750 ) ) ;
#4404 = ADVANCED_FACE ( 'NONE', ( #2346 ), #1689, .T. ) ;
#4405 = ORIENTED_EDGE ( 'NONE', *, *, #540, .T. ) ;
#4406 = LINE ( 'NONE', #1957, #3700 ) ;
#4407 = CARTESIAN_POINT ( 'NONE',  ( 30.23000000000000398, 8.499999999999998224, -44.39999999999999147 ) ) ;
#4408 = VERTEX_POINT ( 'NONE', #3135 ) ;
#4409 = EDGE_CURVE ( 'NONE', #2687, #627, #2279, .T. ) ;
#4410 = DIRECTION ( 'NONE',  ( -1.000000000000000000, 0.000000000000000000, 0.000000000000000000 ) ) ;
#4411 = DIRECTION ( 'NONE',  ( 0.9364159045043296548, 6.497690611286872708E-15, -0.3508920828279517568 ) ) ;
#4412 = DIRECTION ( 'NONE',  ( 0.000000000000000000, 0.000000000000000000, 1.000000000000000000 ) ) ;
#4413 = ORIENTED_EDGE ( 'NONE', *, *, #1009, .F. ) ;
#4414 = LINE ( 'NONE', #733, #4121 ) ;
#4415 = CARTESIAN_POINT ( 'NONE',  ( 39.11586428239768054, 1.730788875555892892, -69.65035888386942986 ) ) ;
#4416 = LINE ( 'NONE', #4445, #3217 ) ;
#4417 = ORIENTED_EDGE ( 'NONE', *, *, #2382, .T. ) ;
#4418 = VECTOR ( 'NONE', #3221, 1000.000000000000000 ) ;
#4419 = VECTOR ( 'NONE', #4586, 1000.000000000000000 ) ;
#4420 = ADVANCED_FACE ( 'NONE', ( #375 ), #4781, .F. ) ;
#4421 = FACE_OUTER_BOUND ( 'NONE', #1676, .T. ) ;
#4422 = CARTESIAN_POINT ( 'NONE',  ( 7.000000000000000000, 1.750000000000021094, -25.50000000000000000 ) ) ;
#4423 = FACE_BOUND ( 'NONE', #820, .T. ) ;
#4424 = ORIENTED_EDGE ( 'NONE', *, *, #2503, .T. ) ;
#4425 = VERTEX_POINT ( 'NONE', #3963 ) ;
#4426 = AXIS2_PLACEMENT_3D ( 'NONE', #4914, #1575, #3186 ) ;
#4427 = DIRECTION ( 'NONE',  ( 1.000000000000000000, 0.000000000000000000, 0.000000000000000000 ) ) ;
#4428 = ADVANCED_FACE ( 'NONE', ( #1578 ), #4346, .F. ) ;
#4429 = DIRECTION ( 'NONE',  ( -0.000000000000000000, -1.000000000000000000, -0.000000000000000000 ) ) ;
#4430 = AXIS2_PLACEMENT_3D ( 'NONE', #2236, #3852, #1783 ) ;
#4431 = DIRECTION ( 'NONE',  ( -1.104919411450195664E-16, -0.000000000000000000, -1.000000000000000000 ) ) ;
#4432 = FACE_OUTER_BOUND ( 'NONE', #4630, .T. ) ;
#4433 = VECTOR ( 'NONE', #828, 1000.000000000000000 ) ;
#4434 = VERTEX_POINT ( 'NONE', #4753 ) ;
#4435 = VECTOR ( 'NONE', #3000, 1000.000000000000000 ) ;
#4436 = DIRECTION ( 'NONE',  ( -8.761229676650538441E-17, 0.000000000000000000, -1.000000000000000000 ) ) ;
#4437 = ADVANCED_FACE ( 'NONE', ( #3212 ), #2032, .F. ) ;
#4438 = DIRECTION ( 'NONE',  ( 0.000000000000000000, 0.000000000000000000, 1.000000000000000000 ) ) ;
#4439 = ORIENTED_EDGE ( 'NONE', *, *, #4655, .T. ) ;
#4440 = CARTESIAN_POINT ( 'NONE',  ( 39.30888935566144937, 1.477205317487135350, -69.82379507162815457 ) ) ;
#4441 = DIRECTION ( 'NONE',  ( -0.000000000000000000, -1.000000000000000000, -0.000000000000000000 ) ) ;
#4442 = ORIENTED_EDGE ( 'NONE', *, *, #1037, .T. ) ;
#4443 = DIRECTION ( 'NONE',  ( 0.000000000000000000, 0.000000000000000000, 1.000000000000000000 ) ) ;
#4444 = PLANE ( 'NONE',  #854 ) ;
#4445 = CARTESIAN_POINT ( 'NONE',  ( 30.23000000000000398, 8.499999999999998224, -44.39999999999999147 ) ) ;
#4446 = ORIENTED_EDGE ( 'NONE', *, *, #1506, .F. ) ;
#4447 = ORIENTED_EDGE ( 'NONE', *, *, #1115, .T. ) ;
#4448 = CYLINDRICAL_SURFACE ( 'NONE', #1167, 1.000000000000000888 ) ;
#4449 = CARTESIAN_POINT ( 'NONE',  ( 21.51999999999999602, 8.499999999999998224, -42.49999999999998579 ) ) ;
#4450 = CARTESIAN_POINT ( 'NONE',  ( 57.98000000000001108, 4.000000000000000000, -40.59999999999999432 ) ) ;
#4451 = LINE ( 'NONE', #1518, #744 ) ;
#4452 = EDGE_CURVE ( 'NONE', #2366, #4510, #717, .T. ) ;
#4453 = ORIENTED_EDGE ( 'NONE', *, *, #2249, .F. ) ;
#4454 = ORIENTED_EDGE ( 'NONE', *, *, #4694, .T. ) ;
#4455 = LINE ( 'NONE', #2512, #188 ) ;
#4456 = VECTOR ( 'NONE', #5276, 1000.000000000000000 ) ;
#4457 = LINE ( 'NONE', #2818, #5235 ) ;
#4458 = CARTESIAN_POINT ( 'NONE',  ( 7.000000000000006217, 6.000000000000000000, -5.999999999999990230 ) ) ;
#4459 = CARTESIAN_POINT ( 'NONE',  ( 72.10000000000000853, 6.000000000000000000, -37.50000000000000711 ) ) ;
#4460 = AXIS2_PLACEMENT_3D ( 'NONE', #2878, #841, #2472 ) ;
#4461 = VECTOR ( 'NONE', #4324, 1000.000000000000000 ) ;
#4462 = EDGE_CURVE ( 'NONE', #5104, #3748, #2803, .T. ) ;
#4463 = ORIENTED_EDGE ( 'NONE', *, *, #890, .T. ) ;
#4464 = DIRECTION ( 'NONE',  ( 1.746512434912466327E-16, -0.000000000000000000, 1.000000000000000000 ) ) ;
#4465 = CARTESIAN_POINT ( 'NONE',  ( 38.53000000000000114, 11.93999999999999950, -30.39999999999999503 ) ) ;
#4466 = ORIENTED_EDGE ( 'NONE', *, *, #978, .T. ) ;
#4467 = CARTESIAN_POINT ( 'NONE',  ( 54.08000000000000540, 14.19999999999999929, -40.59999999999999432 ) ) ;
#4468 = CARTESIAN_POINT ( 'NONE',  ( 11.00000000000000533, 4.000000000000000000, -37.50000000000000000 ) ) ;
#4469 = EDGE_CURVE ( 'NONE', #2335, #2426, #2112, .T. ) ;
#4470 = EDGE_CURVE ( 'NONE', #4302, #610, #4481, .T. ) ;
#4471 = DIRECTION ( 'NONE',  ( 1.000000000000000000, 0.000000000000000000, 0.000000000000000000 ) ) ;
#4472 = DIRECTION ( 'NONE',  ( -1.015943470557427520E-15, 0.000000000000000000, 1.000000000000000000 ) ) ;
#4473 = CARTESIAN_POINT ( 'NONE',  ( 35.32000000000000028, 14.19999999999999929, -39.59999999999999432 ) ) ;
#4474 = VERTEX_POINT ( 'NONE', #76 ) ;
#4475 = VECTOR ( 'NONE', #3714, 1000.000000000000000 ) ;
#4476 = VERTEX_POINT ( 'NONE', #1709 ) ;
#4477 = CARTESIAN_POINT ( 'NONE',  ( 24.83000000000000540, 5.599999999999998757, -44.39999999999999147 ) ) ;
#4478 = CARTESIAN_POINT ( 'NONE',  ( 44.12901437272579130, 3.000000000000000000, -69.49999999999998579 ) ) ;
#4479 = DIRECTION ( 'NONE',  ( -0.000000000000000000, -1.000000000000000000, -0.000000000000000000 ) ) ;
#4480 = ORIENTED_EDGE ( 'NONE', *, *, #3335, .F. ) ;
#4481 = LINE ( 'NONE', #1632, #490 ) ;
#4482 = ORIENTED_EDGE ( 'NONE', *, *, #3546, .T. ) ;
#4483 = STYLED_ITEM ( 'NONE', ( #3804 ), #5216 ) ;
#4484 = ORIENTED_EDGE ( 'NONE', *, *, #3840, .F. ) ;
#4485 = PLANE ( 'NONE',  #3799 ) ;
#4486 = CARTESIAN_POINT ( 'NONE',  ( 76.09999999999998010, 6.000000000000000000, -23.84999999999999787 ) ) ;
#4487 = VERTEX_POINT ( 'NONE', #4999 ) ;
#4488 = EDGE_CURVE ( 'NONE', #3505, #4863, #4888, .T. ) ;
#4489 = DIRECTION ( 'NONE',  ( -1.104919411450195664E-16, -0.000000000000000000, -1.000000000000000000 ) ) ;
#4490 = CARTESIAN_POINT ( 'NONE',  ( 33.03000000000000114, 4.000000000000000000, -17.89999999999999858 ) ) ;
#4491 = EDGE_LOOP ( 'NONE', ( #117, #3968, #4641, #789 ) ) ;
#4492 = DIRECTION ( 'NONE',  ( 1.000000000000000000, -0.000000000000000000, -0.000000000000000000 ) ) ;
#4493 = DIRECTION ( 'NONE',  ( -0.000000000000000000, -1.000000000000000000, -0.000000000000000000 ) ) ;
#4494 = ORIENTED_EDGE ( 'NONE', *, *, #3286, .T. ) ;
#4495 = DIRECTION ( 'NONE',  ( 0.000000000000000000, 0.000000000000000000, -1.000000000000000000 ) ) ;
#4496 = CARTESIAN_POINT ( 'NONE',  ( 31.83000000000000540, 6.499999999999999112, -40.59999999999999432 ) ) ;
#4497 = EDGE_CURVE ( 'NONE', #987, #4863, #24, .T. ) ;
#4498 = DIRECTION ( 'NONE',  ( 1.000000000000000000, -0.000000000000000000, -0.000000000000000000 ) ) ;
#4499 = ORIENTED_EDGE ( 'NONE', *, *, #630, .T. ) ;
#4500 = ORIENTED_EDGE ( 'NONE', *, *, #397, .T. ) ;
#4501 = CARTESIAN_POINT ( 'NONE',  ( 56.98000000000001819, 8.499999999999998224, 0.001000000000007938983 ) ) ;
#4502 = CARTESIAN_POINT ( 'NONE',  ( 20.11999999999999744, 6.000000000000000000, -31.39999999999999858 ) ) ;
#4503 = CARTESIAN_POINT ( 'NONE',  ( 21.51999999999999602, 14.19999999999999929, -31.39999999999999858 ) ) ;
#4504 = ORIENTED_EDGE ( 'NONE', *, *, #864, .T. ) ;
#4505 = CARTESIAN_POINT ( 'NONE',  ( 39.10496022348976197, 2.499999999999989786, -76.50000000000000000 ) ) ;
#4506 = ADVANCED_FACE ( 'NONE', ( #1277 ), #3348, .F. ) ;
#4507 = CARTESIAN_POINT ( 'NONE',  ( 65.54999999999999716, 14.19999999999999929, -58.99999999999998579 ) ) ;
#4508 = VECTOR ( 'NONE', #4351, 1000.000000000000000 ) ;
#4509 = VERTEX_POINT ( 'NONE', #2841 ) ;
#4510 = VERTEX_POINT ( 'NONE', #4917 ) ;
#4511 = EDGE_CURVE ( 'NONE', #1694, #3916, #1341, .T. ) ;
#4512 = CARTESIAN_POINT ( 'NONE',  ( 38.97981677319315708, 2.862459884302438251, -76.19928089086056389 ) ) ;
#4513 = LINE ( 'NONE', #2549, #2371 ) ;
#4514 = ORIENTED_EDGE ( 'NONE', *, *, #2475, .T. ) ;
#4515 = ORIENTED_EDGE ( 'NONE', *, *, #1791, .F. ) ;
#4516 = AXIS2_PLACEMENT_3D ( 'NONE', #1164, #5286, #814 ) ;
#4517 = CARTESIAN_POINT ( 'NONE',  ( 83.10000000000000853, 4.000000000000000000, -37.50000000000000711 ) ) ;
#4518 = LINE ( 'NONE', #5035, #857 ) ;
#4519 = VERTEX_POINT ( 'NONE', #3244 ) ;
#4520 = CARTESIAN_POINT ( 'NONE',  ( 38.98582258364762509, 2.815038852123287860, -76.29161672324545407 ) ) ;
#4521 = CARTESIAN_POINT ( 'NONE',  ( 60.88000000000000256, 6.000000000000000000, -1.660936431984398814E-16 ) ) ;
#4522 = EDGE_CURVE ( 'NONE', #4201, #2118, #4150, .T. ) ;
#4523 = AXIS2_PLACEMENT_3D ( 'NONE', #462, #4130, #109 ) ;
#4524 = ORIENTED_EDGE ( 'NONE', *, *, #160, .F. ) ;
#4525 = CARTESIAN_POINT ( 'NONE',  ( 39.04356044811588333, 2.620724014722140893, -76.47881852270231207 ) ) ;
#4526 = DIRECTION ( 'NONE',  ( 0.000000000000000000, 0.000000000000000000, -1.000000000000000000 ) ) ;
#4527 = CARTESIAN_POINT ( 'NONE',  ( 41.54999999999999716, 0.000000000000000000, -62.63384597600372672 ) ) ;
#4528 = ORIENTED_EDGE ( 'NONE', *, *, #4784, .F. ) ;
#4529 = VERTEX_POINT ( 'NONE', #2034 ) ;
#4530 = EDGE_CURVE ( 'NONE', #5133, #3938, #1304, .T. ) ;
#4531 = DIRECTION ( 'NONE',  ( 0.000000000000000000, 0.000000000000000000, -1.000000000000000000 ) ) ;
#4532 = CARTESIAN_POINT ( 'NONE',  ( 59.47999999999999687, 6.000000000000000000, -31.39999999999999858 ) ) ;
#4533 = PLANE ( 'NONE',  #4803 ) ;
#4534 = DIRECTION ( 'NONE',  ( -1.000000000000000000, 0.000000000000000000, 1.747005453711993710E-16 ) ) ;
#4535 = CARTESIAN_POINT ( 'NONE',  ( 33.03000000000000114, 36.63088900789114888, -25.59999999999999076 ) ) ;
#4536 = VERTEX_POINT ( 'NONE', #4098 ) ;
#4537 = EDGE_CURVE ( 'NONE', #1350, #167, #2542, .T. ) ;
#4538 = ORIENTED_EDGE ( 'NONE', *, *, #1653, .F. ) ;
#4539 = CARTESIAN_POINT ( 'NONE',  ( 45.12901437272577709, 3.999999999999999112, -75.63298844348324224 ) ) ;
#4540 = DIRECTION ( 'NONE',  ( 0.000000000000000000, 0.000000000000000000, -1.000000000000000000 ) ) ;
#4541 = VERTEX_POINT ( 'NONE', #1227 ) ;
#4542 = AXIS2_PLACEMENT_3D ( 'NONE', #5301, #4785, #671 ) ;
#4543 = AXIS2_PLACEMENT_3D ( 'NONE', #4503, #3269, #4096 ) ;
#4544 = LINE ( 'NONE', #2041, #5002 ) ;
#4545 = CARTESIAN_POINT ( 'NONE',  ( 27.54999999999999716, 2.000000000000000000, -77.50000000000000000 ) ) ;
#4546 = VERTEX_POINT ( 'NONE', #2918 ) ;
#4547 = AXIS2_PLACEMENT_3D ( 'NONE', #3309, #1189, #4550 ) ;
#4548 = VECTOR ( 'NONE', #3120, 1000.000000000000000 ) ;
#4549 = CARTESIAN_POINT ( 'NONE',  ( 39.03722061465512638, 2.580184772825096839, -69.59832370703831828 ) ) ;
#4550 = DIRECTION ( 'NONE',  ( 0.04896081862546419056, 0.9988006999594686297, 0.000000000000000000 ) ) ;
#4551 = ORIENTED_EDGE ( 'NONE', *, *, #5034, .T. ) ;
#4552 = CARTESIAN_POINT ( 'NONE',  ( 38.97233082151097960, 2.946483201689240605, -75.95512919833426224 ) ) ;
#4553 = ADVANCED_FACE ( 'NONE', ( #478 ), #4124, .T. ) ;
#4554 = CARTESIAN_POINT ( 'NONE',  ( 55.54999999999999005, 4.000000000000000000, -67.50000000000000000 ) ) ;
#4555 = ORIENTED_EDGE ( 'NONE', *, *, #4129, .T. ) ;
#4556 = ORIENTED_EDGE ( 'NONE', *, *, #4234, .T. ) ;
#4557 = LINE ( 'NONE', #2481, #1645 ) ;
#4558 = CARTESIAN_POINT ( 'NONE',  ( 53.73000000000000398, 13.00000000000000000, -25.59999999999999076 ) ) ;
#4559 = CARTESIAN_POINT ( 'NONE',  ( 44.14416819912908352, 3.944124379244765333, -76.03504506697335330 ) ) ;
#4560 = AXIS2_PLACEMENT_3D ( 'NONE', #2204, #4379, #3225 ) ;
#4561 = ORIENTED_EDGE ( 'NONE', *, *, #3651, .F. ) ;
#4562 = EDGE_CURVE ( 'NONE', #4104, #4947, #1773, .T. ) ;
#4563 = CARTESIAN_POINT ( 'NONE',  ( 56.98000000000001108, 8.499999999999998224, -44.39999999999999147 ) ) ;
#4564 = VECTOR ( 'NONE', #5191, 1000.000000000000000 ) ;
#4565 = CARTESIAN_POINT ( 'NONE',  ( 76.09999999999998010, 6.000000000000000000, -25.50000000000000000 ) ) ;
#4566 = ORIENTED_EDGE ( 'NONE', *, *, #474, .T. ) ;
#4567 = AXIS2_PLACEMENT_3D ( 'NONE', #3211, #5271, #3111 ) ;
#4568 = EDGE_LOOP ( 'NONE', ( #3749, #1668, #3611, #4382 ) ) ;
#4569 = CARTESIAN_POINT ( 'NONE',  ( 42.77812228989783705, 1.000000000000000000, -70.41130164176887263 ) ) ;
#4570 = PLANE ( 'NONE',  #5067 ) ;
#4571 = EDGE_CURVE ( 'NONE', #1443, #1420, #5324, .T. ) ;
#4572 = CIRCLE ( 'NONE', #367, 1.000000000000000888 ) ;
#4573 = EDGE_CURVE ( 'NONE', #2305, #648, #3271, .T. ) ;
#4574 = ORIENTED_EDGE ( 'NONE', *, *, #106, .T. ) ;
#4575 = CYLINDRICAL_SURFACE ( 'NONE', #5165, 1.650000000000002132 ) ;
#4576 = EDGE_CURVE ( 'NONE', #206, #2883, #3296, .T. ) ;
#4577 = CARTESIAN_POINT ( 'NONE',  ( 23.23000000000001108, 5.599999999999998757, 0.001000000000007938983 ) ) ;
#4578 = EDGE_LOOP ( 'NONE', ( #353, #4261, #377, #4566 ) ) ;
#4579 = DIRECTION ( 'NONE',  ( -0.000000000000000000, 1.000000000000000000, -0.000000000000000000 ) ) ;
#4580 = ADVANCED_FACE ( 'NONE', ( #1658 ), #2893, .F. ) ;
#4581 = CARTESIAN_POINT ( 'NONE',  ( 83.10000000000000853, 4.000000000000000000, -1.208503727704051627E-15 ) ) ;
#4582 = ORIENTED_EDGE ( 'NONE', *, *, #1302, .T. ) ;
#4583 = ORIENTED_EDGE ( 'NONE', *, *, #692, .T. ) ;
#4584 = CARTESIAN_POINT ( 'NONE',  ( 38.97323334456927313, 2.930291821074979985, -76.01372811961552145 ) ) ;
#4585 = EDGE_CURVE ( 'NONE', #5008, #4642, #3731, .T. ) ;
#4586 = DIRECTION ( 'NONE',  ( 0.000000000000000000, -1.000000000000000000, 0.000000000000000000 ) ) ;
#4587 = EDGE_LOOP ( 'NONE', ( #834, #2643, #268, #244 ) ) ;
#4588 = FACE_OUTER_BOUND ( 'NONE', #3279, .T. ) ;
#4589 = DIRECTION ( 'NONE',  ( 0.000000000000000000, 0.000000000000000000, 1.000000000000000000 ) ) ;
#4590 = CARTESIAN_POINT ( 'NONE',  ( 44.12901437272579130, 2.999999999999999556, -69.86160258534815171 ) ) ;
#4591 = ORIENTED_EDGE ( 'NONE', *, *, #587, .T. ) ;
#4592 = DIRECTION ( 'NONE',  ( -1.746512434912466574E-16, -0.000000000000000000, -1.000000000000000000 ) ) ;
#4593 = DIRECTION ( 'NONE',  ( -0.000000000000000000, -0.000000000000000000, -1.000000000000000000 ) ) ;
#4594 = ORIENTED_EDGE ( 'NONE', *, *, #971, .T. ) ;
#4595 = EDGE_CURVE ( 'NONE', #293, #3136, #1453, .T. ) ;
#4596 = VERTEX_POINT ( 'NONE', #3922 ) ;
#4597 = CARTESIAN_POINT ( 'NONE',  ( 22.21999999999999531, 6.000000000000000000, -31.39999999999999858 ) ) ;
#4598 = DIRECTION ( 'NONE',  ( -1.000000000000000000, 0.000000000000000000, 0.000000000000000000 ) ) ;
#4599 = AXIS2_PLACEMENT_3D ( 'NONE', #5172, #2255, #1021 ) ;
#4600 = VERTEX_POINT ( 'NONE', #4327 ) ;
#4601 = DIRECTION ( 'NONE',  ( -1.000000000000000000, 0.000000000000000000, -1.015943470557427520E-15 ) ) ;
#4602 = DIRECTION ( 'NONE',  ( 0.000000000000000000, -1.000000000000000000, 0.000000000000000000 ) ) ;
#4603 = ORIENTED_EDGE ( 'NONE', *, *, #1317, .F. ) ;
#4604 = CARTESIAN_POINT ( 'NONE',  ( 38.99589057695750682, 1.946787808060354452, -69.52821477124255978 ) ) ;
#4605 = CARTESIAN_POINT ( 'NONE',  ( 64.82999999999999829, 8.499999999999998224, -39.39999999999999858 ) ) ;
#4606 = ORIENTED_EDGE ( 'NONE', *, *, #4511, .F. ) ;
#4607 = EDGE_CURVE ( 'NONE', #221, #4536, #652, .T. ) ;
#4608 = CARTESIAN_POINT ( 'NONE',  ( 38.53000000000000114, 11.93999999999999950, -30.39999999999999503 ) ) ;
#4609 = VECTOR ( 'NONE', #3052, 1000.000000000000000 ) ;
#4610 = DIRECTION ( 'NONE',  ( 0.5000000000000117684, -0.8660254037844318242, 2.103240438232004855E-14 ) ) ;
#4611 = ORIENTED_EDGE ( 'NONE', *, *, #300, .F. ) ;
#4612 = AXIS2_PLACEMENT_3D ( 'NONE', #1961, #3576, #4903 ) ;
#4613 = DIRECTION ( 'NONE',  ( -0.000000000000000000, -1.000000000000000000, -0.000000000000000000 ) ) ;
#4614 = DIRECTION ( 'NONE',  ( 1.000000000000000000, 0.000000000000000000, 0.000000000000000000 ) ) ;
#4615 = CARTESIAN_POINT ( 'NONE',  ( 44.09485307084937489, 2.739274695851708241, -76.38053573940950969 ) ) ;
#4616 = ORIENTED_EDGE ( 'NONE', *, *, #3956, .F. ) ;
#4617 = FACE_OUTER_BOUND ( 'NONE', #1003, .T. ) ;
#4618 = VERTEX_POINT ( 'NONE', #5096 ) ;
#4619 = ORIENTED_EDGE ( 'NONE', *, *, #1663, .F. ) ;
#4620 = VERTEX_POINT ( 'NONE', #4711 ) ;
#4621 = CARTESIAN_POINT ( 'NONE',  ( 36.45778126594936452, -6.000000000000000000, -2.398055443370644468 ) ) ;
#4622 = EDGE_CURVE ( 'NONE', #3236, #2816, #3667, .T. ) ;
#4623 = DIRECTION ( 'NONE',  ( 1.000000000000000000, -0.000000000000000000, -1.454276447297294337E-17 ) ) ;
#4624 = VERTEX_POINT ( 'NONE', #3096 ) ;
#4625 = LINE ( 'NONE', #617, #4041 ) ;
#4626 = PLANE ( 'NONE',  #520 ) ;
#4627 = VERTEX_POINT ( 'NONE', #3122 ) ;
#4628 = LINE ( 'NONE', #2502, #3289 ) ;
#4629 = CARTESIAN_POINT ( 'NONE',  ( 36.45778126594936452, -6.000000000000000000, -2.398055443370644468 ) ) ;
#4630 = EDGE_LOOP ( 'NONE', ( #5255, #1017, #869, #900, #4165, #4453, #1006, #1881, #3363, #819 ) ) ;
#4631 = CIRCLE ( 'NONE', #341, 1.599999999999997202 ) ;
#4632 = CARTESIAN_POINT ( 'NONE',  ( 38.97098561569912079, 3.999999954211590492, -75.76965375889795951 ) ) ;
#4633 = VECTOR ( 'NONE', #4949, 1000.000000000000000 ) ;
#4634 = CARTESIAN_POINT ( 'NONE',  ( 22.21999999999999531, 14.19999999999999929, -39.60000000000000853 ) ) ;
#4635 = ORIENTED_EDGE ( 'NONE', *, *, #1108, .F. ) ;
#4636 = EDGE_CURVE ( 'NONE', #3121, #645, #1882, .T. ) ;
#4637 = EDGE_CURVE ( 'NONE', #5074, #968, #4782, .T. ) ;
#4638 = CARTESIAN_POINT ( 'NONE',  ( 28.81999999999999673, 3.000000000000000000, -31.39999999999999858 ) ) ;
#4639 = CARTESIAN_POINT ( 'NONE',  ( 44.12456546949983505, 2.893925908767373212, -76.13012353058132931 ) ) ;
#4640 = DIRECTION ( 'NONE',  ( -0.000000000000000000, -1.000000000000000000, -0.000000000000000000 ) ) ;
#4641 = ORIENTED_EDGE ( 'NONE', *, *, #300, .T. ) ;
#4642 = VERTEX_POINT ( 'NONE', #3896 ) ;
#4643 = ORIENTED_EDGE ( 'NONE', *, *, #991, .T. ) ;
#4644 = DIRECTION ( 'NONE',  ( -1.000000000000000000, 0.000000000000000000, 0.000000000000000000 ) ) ;
#4645 = FACE_OUTER_BOUND ( 'NONE', #2616, .T. ) ;
#4646 = VECTOR ( 'NONE', #676, 1000.000000000000000 ) ;
#4647 = DIRECTION ( 'NONE',  ( 1.000000000000000000, -0.000000000000000000, 0.000000000000000000 ) ) ;
#4648 = VECTOR ( 'NONE', #424, 1000.000000000000000 ) ;
#4649 = DIRECTION ( 'NONE',  ( 1.000000000000000000, 0.000000000000000000, 0.000000000000000000 ) ) ;
#4650 = ORIENTED_EDGE ( 'NONE', *, *, #1009, .T. ) ;
#4651 = VECTOR ( 'NONE', #4795, 1000.000000000000000 ) ;
#4652 = CARTESIAN_POINT ( 'NONE',  ( 34.13000000000000256, 11.93999999999999950, -25.59999999999999076 ) ) ;
#4653 = LINE ( 'NONE', #2202, #2993 ) ;
#4654 = ORIENTED_EDGE ( 'NONE', *, *, #2004, .T. ) ;
#4655 = EDGE_CURVE ( 'NONE', #897, #249, #998, .T. ) ;
#4656 = CARTESIAN_POINT ( 'NONE',  ( 23.61999999999999744, 6.000000000000000000, -1.599704092027028824E-16 ) ) ;
#4657 = CARTESIAN_POINT ( 'NONE',  ( 33.03000000000000114, 11.93999999999999950, -31.39999999999999858 ) ) ;
#4658 = ORIENTED_EDGE ( 'NONE', *, *, #2375, .T. ) ;
#4659 = DIRECTION ( 'NONE',  ( 1.000000000000000000, 0.000000000000000000, 0.000000000000000000 ) ) ;
#4660 = EDGE_CURVE ( 'NONE', #257, #2366, #4767, .T. ) ;
#4661 = PLANE ( 'NONE',  #4080 ) ;
#4662 = CARTESIAN_POINT ( 'NONE',  ( 44.01533328206653550, 2.503228381017788440, -69.64360397655758561 ) ) ;
#4663 = CARTESIAN_POINT ( 'NONE',  ( 35.31999999999999318, 14.19999999999999929, -40.59999999999999432 ) ) ;
#4664 = ORIENTED_EDGE ( 'NONE', *, *, #1697, .F. ) ;
#4665 = VERTEX_POINT ( 'NONE', #1023 ) ;
#4666 = EDGE_LOOP ( 'NONE', ( #2715, #2558, #432, #1749 ) ) ;
#4667 = CARTESIAN_POINT ( 'NONE',  ( 41.54999999999999716, 0.9999999999999731326, -67.13384597600372672 ) ) ;
#4668 = ADVANCED_FACE ( 'NONE', ( #3374 ), #2140, .F. ) ;
#4669 = B_SPLINE_CURVE_WITH_KNOTS ( 'NONE', 3,
 ( #1874, #1095, #3491, #1523, #3519, #4812, #5141, #218, #3970, #673 ),
 .UNSPECIFIED., .F., .F.,
 ( 4, 2, 2, 2, 4 ),
 ( 0.002705600628812348390, 0.003317195138793748409, 0.003622992393784448418, 0.003775891021279798206, 0.003928789648775148427 ),
 .UNSPECIFIED. ) ;
#4670 = CYLINDRICAL_SURFACE ( 'NONE', #2197, 2.075000000000000622 ) ;
#4671 = EDGE_CURVE ( 'NONE', #257, #2594, #3525, .T. ) ;
#4672 = ORIENTED_EDGE ( 'NONE', *, *, #1902, .F. ) ;
#4673 = CARTESIAN_POINT ( 'NONE',  ( 59.54999999999999716, 4.000000000000000000, -54.50216227728432727 ) ) ;
#4674 = LINE ( 'NONE', #1796, #2826 ) ;
#4675 = VERTEX_POINT ( 'NONE', #603 ) ;
#4676 = CARTESIAN_POINT ( 'NONE',  ( 43.12901437272579130, 3.000000000000000000, -77.50000000000000000 ) ) ;
#4677 = CARTESIAN_POINT ( 'NONE',  ( 60.87999999999999545, 14.19999999999999929, -39.59999999999999432 ) ) ;
#4678 = VECTOR ( 'NONE', #4733, 1000.000000000000000 ) ;
#4679 = AXIS2_PLACEMENT_3D ( 'NONE', #3290, #4933, #5264 ) ;
#4680 = ORIENTED_EDGE ( 'NONE', *, *, #1677, .T. ) ;
#4681 = FACE_OUTER_BOUND ( 'NONE', #2342, .T. ) ;
#4682 = DIRECTION ( 'NONE',  ( 1.000000000000000000, 0.000000000000000000, 0.000000000000000000 ) ) ;
#4683 = VERTEX_POINT ( 'NONE', #5174 ) ;
#4684 = DIRECTION ( 'NONE',  ( 1.000000000000000000, 0.000000000000000000, 0.000000000000000000 ) ) ;
#4685 = EDGE_CURVE ( 'NONE', #3291, #157, #679, .T. ) ;
#4686 = AXIS2_PLACEMENT_3D ( 'NONE', #4368, #4312, #636 ) ;
#4687 = DIRECTION ( 'NONE',  ( 0.000000000000000000, 0.000000000000000000, -1.000000000000000000 ) ) ;
#4688 = LINE ( 'NONE', #3925, #4338 ) ;
#4689 = CARTESIAN_POINT ( 'NONE',  ( 43.57340183140829737, 2.101908134894115765, -70.89934407670266125 ) ) ;
#4690 = VERTEX_POINT ( 'NONE', #1102 ) ;
#4691 = CARTESIAN_POINT ( 'NONE',  ( 43.12901437272579130, 2.000000000000000000, -77.50000000000000000 ) ) ;
#4692 = CIRCLE ( 'NONE', #2362, 2.000000000000001776 ) ;
#4693 = VECTOR ( 'NONE', #1503, 1000.000000000000000 ) ;
#4694 = EDGE_CURVE ( 'NONE', #5179, #970, #1479, .T. ) ;
#4695 = VECTOR ( 'NONE', #1091, 1000.000000000000000 ) ;
#4696 = EDGE_LOOP ( 'NONE', ( #4417, #5157, #1979, #3287 ) ) ;
#4697 = CARTESIAN_POINT ( 'NONE',  ( 21.51999999999999602, 6.000000000000000000, -31.39999999999999858 ) ) ;
#4698 = LINE ( 'NONE', #3483, #64 ) ;
#4699 = EDGE_CURVE ( 'NONE', #2576, #1350, #3833, .T. ) ;
#4700 = EDGE_CURVE ( 'NONE', #2289, #293, #2310, .T. ) ;
#4701 = ORIENTED_EDGE ( 'NONE', *, *, #4199, .T. ) ;
#4702 = CARTESIAN_POINT ( 'NONE',  ( 30.23000000000000398, 8.499999999999998224, -40.59999999999999432 ) ) ;
#4703 = FACE_OUTER_BOUND ( 'NONE', #1607, .T. ) ;
#4704 = VERTEX_POINT ( 'NONE', #4303 ) ;
#4705 = CARTESIAN_POINT ( 'NONE',  ( 19.54999999999999716, 4.000000000000000000, 0.000000000000000000 ) ) ;
#4706 = DIRECTION ( 'NONE',  ( -1.000000000000000000, 0.000000000000000000, 0.000000000000000000 ) ) ;
#4707 = ORIENTED_EDGE ( 'NONE', *, *, #743, .T. ) ;
#4708 = PLANE ( 'NONE',  #2492 ) ;
#4709 = DIRECTION ( 'NONE',  ( 0.000000000000000000, 1.000000000000000000, 0.000000000000000000 ) ) ;
#4710 = ORIENTED_EDGE ( 'NONE', *, *, #564, .F. ) ;
#4711 = CARTESIAN_POINT ( 'NONE',  ( 27.54999999999999716, 0.000000000000000000, -77.50000000000000000 ) ) ;
#4712 = DIRECTION ( 'NONE',  ( -1.000000000000000000, 0.000000000000000000, -0.000000000000000000 ) ) ;
#4713 = FACE_OUTER_BOUND ( 'NONE', #26, .T. ) ;
#4714 = VECTOR ( 'NONE', #4895, 1000.000000000000000 ) ;
#4715 = PLANE ( 'NONE',  #4430 ) ;
#4716 = DIRECTION ( 'NONE',  ( -0.000000000000000000, -0.000000000000000000, -1.000000000000000000 ) ) ;
#4717 = ORIENTED_EDGE ( 'NONE', *, *, #2655, .T. ) ;
#4718 = DIRECTION ( 'NONE',  ( 0.000000000000000000, 0.000000000000000000, -1.000000000000000000 ) ) ;
#4719 = ORIENTED_EDGE ( 'NONE', *, *, #1087, .F. ) ;
#4720 = AXIS2_PLACEMENT_3D ( 'NONE', #569, #2152, #545 ) ;
#4721 = VECTOR ( 'NONE', #3331, 1000.000000000000000 ) ;
#4722 = ADVANCED_FACE ( 'NONE', ( #2283 ), #1050, .F. ) ;
#4723 = CARTESIAN_POINT ( 'NONE',  ( 57.03000000000000114, 11.93999999999999950, -25.59999999999999076 ) ) ;
#4724 = DIRECTION ( 'NONE',  ( 0.000000000000000000, 0.000000000000000000, -1.000000000000000000 ) ) ;
#4725 = ORIENTED_EDGE ( 'NONE', *, *, #3137, .F. ) ;
#4726 = LINE ( 'NONE', #4315, #236 ) ;
#4727 = ORIENTED_EDGE ( 'NONE', *, *, #378, .F. ) ;
#4728 = EDGE_CURVE ( 'NONE', #2495, #905, #3039, .T. ) ;
#4729 = CARTESIAN_POINT ( 'NONE',  ( 41.54999999999999716, 1.000000000000000888, -67.13384597600372672 ) ) ;
#4730 = AXIS2_PLACEMENT_3D ( 'NONE', #1136, #710, #1538 ) ;
#4731 = DIRECTION ( 'NONE',  ( 0.000000000000000000, 0.000000000000000000, -1.000000000000000000 ) ) ;
#4732 = ORIENTED_EDGE ( 'NONE', *, *, #3512, .T. ) ;
#4733 = DIRECTION ( 'NONE',  ( -0.000000000000000000, -0.000000000000000000, 1.000000000000000000 ) ) ;
#4734 = VERTEX_POINT ( 'NONE', #5117 ) ;
#4735 = AXIS2_PLACEMENT_3D ( 'NONE', #4673, #4239, #1391 ) ;
#4736 = CARTESIAN_POINT ( 'NONE',  ( 54.12999999999999545, 4.000000000000000000, -30.33252191983982726 ) ) ;
#4737 = EDGE_CURVE ( 'NONE', #2593, #366, #3665, .T. ) ;
#4738 = CARTESIAN_POINT ( 'NONE',  ( 62.98000000000001108, 6.000000000000000000, -31.39999999999999858 ) ) ;
#4739 = EDGE_LOOP ( 'NONE', ( #925, #2088, #2518, #724, #2272, #3958 ) ) ;
#4740 = CARTESIAN_POINT ( 'NONE',  ( 36.52999999999999403, 14.19999999999999929, -42.39999999999998437 ) ) ;
#4741 = FACE_OUTER_BOUND ( 'NONE', #2876, .T. ) ;
#4742 = COLOUR_RGB ( '',0.7921568627450980005, 0.8196078431372548767, 0.9333333333333333481 ) ;
#4743 = EDGE_CURVE ( 'NONE', #1408, #3121, #2800, .T. ) ;
#4744 = CARTESIAN_POINT ( 'NONE',  ( 20.12000000000000099, 6.000000000000000000, -1.599704092027026852E-16 ) ) ;
#4745 = DIRECTION ( 'NONE',  ( 0.000000000000000000, 1.000000000000000000, 0.000000000000000000 ) ) ;
#4746 = CARTESIAN_POINT ( 'NONE',  ( 43.62833606849718393, 2.131377627822951926, -70.82467348721549172 ) ) ;
#4747 = EDGE_LOOP ( 'NONE', ( #4619, #1752, #4314, #3324, #191, #2742 ) ) ;
#4748 = CARTESIAN_POINT ( 'NONE',  ( 54.12999999999999545, 11.94000000000000128, -20.19999999999999574 ) ) ;
#4749 = ORIENTED_EDGE ( 'NONE', *, *, #2984, .F. ) ;
#4750 = CARTESIAN_POINT ( 'NONE',  ( 36.53000000000000114, 14.19999999999999929, -44.39999999999999147 ) ) ;
#4751 = DIRECTION ( 'NONE',  ( 0.000000000000000000, -1.000000000000000000, -0.000000000000000000 ) ) ;
#4752 = CLOSED_SHELL ( 'NONE', ( #1544, #2153, #3999, #1243, #5070, #4921, #796, #1338, #4428, #4268, #4420, #2693, #3810, #5267, #4580, #4156, #4183, #4285, #1932, #660, #124, #1090, #926, #3208, #3471, #2055, #4929, #3752, #1805, #4867, #4823, #3570, #4032, #2139, #5270, #2854, #42, #711, #1132, #4668, #2455, #2166, #826, #2106, #3771, #2888, #420, #3118, #2269, #388, #2435, #4437, #681, #2653, #1413, #3384, #2259, #788, #3725, #2909, #3803, #3430, #4936, #4506, #1437, #2035, #1004, #823, #3220, #251, #1863, #2792, #1077, #2952, #4770, #1923, #2278, #3744, #5182, #5162, #2924, #4970, #1481, #436, #3875, #2761, #48, #2846, #437, #5194, #1185, #3591, #615, #3351, #4960, #3599, #3449, #1813, #266, #4384, #3624, #3826, #2063, #4264, #1772, #2390, #5063, #1731, #4174, #3326, #405, #3179, #374, #2783, #1441, #4318, #3171, #3684, #3551, #1428, #1543, #4722, #3023, #200, #4360, #955, #4397, #1309, #1986, #4890, #2026, #3304, #4172, #967, #1310, #105, #2598, #4404, #5128, #3401, #1574, #4952, #2228, #4790, #1994, #3065, #3906, #939, #4830, #146, #2123, #3322, #1745, #2989, #4553, #2070, #1, #2977, #2891, #932, #2229 ) ) ;
#4753 = CARTESIAN_POINT ( 'NONE',  ( 60.68000000000000682, 8.499999999999998224, -40.59999999999999432 ) ) ;
#4754 = EDGE_CURVE ( 'NONE', #4434, #1396, #4004, .T. ) ;
#4755 = VERTEX_POINT ( 'NONE', #4058 ) ;
#4756 = CARTESIAN_POINT ( 'NONE',  ( 64.60994055038833039, 8.489212772077859626, -39.39999999999999858 ) ) ;
#4757 = PLANE ( 'NONE',  #594 ) ;
#4758 = ORIENTED_EDGE ( 'NONE', *, *, #1931, .T. ) ;
#4759 = DIRECTION ( 'NONE',  ( 1.746512434912466574E-16, 0.000000000000000000, 1.000000000000000000 ) ) ;
#4760 = CARTESIAN_POINT ( 'NONE',  ( 0.000000000000000000, 4.000000000000000000, -75.50000000000000000 ) ) ;
#4761 = EDGE_CURVE ( 'NONE', #3916, #914, #1237, .T. ) ;
#4762 = EDGE_LOOP ( 'NONE', ( #510, #801, #1030, #2731 ) ) ;
#4763 = CARTESIAN_POINT ( 'NONE',  ( 39.97098562727419591, 3.000000000000000000, -76.50000000000000000 ) ) ;
#4764 = DIRECTION ( 'NONE',  ( 0.000000000000000000, -0.7071067811865489050, -0.7071067811865462405 ) ) ;
#4765 = ORIENTED_EDGE ( 'NONE', *, *, #2557, .T. ) ;
#4766 = AXIS2_PLACEMENT_3D ( 'NONE', #722, #3479, #1034 ) ;
#4767 = LINE ( 'NONE', #4383, #4693 ) ;
#4768 = LINE ( 'NONE', #2692, #3832 ) ;
#4769 = CIRCLE ( 'NONE', #2440, 2.075000000000000622 ) ;
#4770 = ADVANCED_FACE ( 'NONE', ( #3230 ), #2388, .F. ) ;
#4771 = AXIS2_PLACEMENT_3D ( 'NONE', #4881, #2777, #1193 ) ;
#4772 = DIRECTION ( 'NONE',  ( 1.000000000000000000, -0.000000000000000000, -1.454276447297294337E-17 ) ) ;
#4773 = DIRECTION ( 'NONE',  ( -0.000000000000000000, 0.000000000000000000, -1.000000000000000000 ) ) ;
#4774 = ORIENTED_EDGE ( 'NONE', *, *, #2562, .T. ) ;
#4775 = DIRECTION ( 'NONE',  ( -1.000000000000000000, 0.000000000000000000, 0.000000000000000000 ) ) ;
#4776 = VERTEX_POINT ( 'NONE', #2018 ) ;
#4777 = VECTOR ( 'NONE', #973, 1000.000000000000000 ) ;
#4778 = CARTESIAN_POINT ( 'NONE',  ( 18.26999999999999957, 4.000000000000000000, -31.39999999999999858 ) ) ;
#4779 = LINE ( 'NONE', #1089, #514 ) ;
#4780 = VECTOR ( 'NONE', #5159, 1000.000000000000000 ) ;
#4781 = CYLINDRICAL_SURFACE ( 'NONE', #3316, 1.650000000000002132 ) ;
#4782 = CIRCLE ( 'NONE', #149, 2.075000000000000622 ) ;
#4783 = ORIENTED_EDGE ( 'NONE', *, *, #765, .T. ) ;
#4784 = EDGE_CURVE ( 'NONE', #5031, #2988, #1850, .T. ) ;
#4785 = DIRECTION ( 'NONE',  ( 0.000000000000000000, 0.000000000000000000, -1.000000000000000000 ) ) ;
#4786 = ORIENTED_EDGE ( 'NONE', *, *, #106, .F. ) ;
#4787 = LINE ( 'NONE', #698, #5027 ) ;
#4788 = DIRECTION ( 'NONE',  ( 1.000000000000000000, -0.000000000000000000, -4.373738568383180023E-18 ) ) ;
#4789 = VERTEX_POINT ( 'NONE', #2444 ) ;
#4790 = ADVANCED_FACE ( 'NONE', ( #3259 ), #1565, .T. ) ;
#4791 = DIRECTION ( 'NONE',  ( -1.000000000000000000, 0.000000000000000000, -0.000000000000000000 ) ) ;
#4792 = DIRECTION ( 'NONE',  ( -1.000000000000000000, 0.000000000000000000, 0.000000000000000000 ) ) ;
#4793 = ORIENTED_EDGE ( 'NONE', *, *, #876, .F. ) ;
#4794 = CARTESIAN_POINT ( 'NONE',  ( 76.09999999999998010, 4.000000000000000000, -4.349999999999988987 ) ) ;
#4795 = DIRECTION ( 'NONE',  ( 1.000000000000000000, -0.000000000000000000, -0.000000000000000000 ) ) ;
#4796 = CARTESIAN_POINT ( 'NONE',  ( 0.000000000000000000, 4.000000000000000000, -75.50000000000000000 ) ) ;
#4797 = EDGE_LOOP ( 'NONE', ( #501, #3785, #4178, #635 ) ) ;
#4798 = DIRECTION ( 'NONE',  ( 0.000000000000000000, -0.7660444431189796788, -0.6427876096865374755 ) ) ;
#4799 = EDGE_CURVE ( 'NONE', #3606, #1229, #1188, .T. ) ;
#4800 = CARTESIAN_POINT ( 'NONE',  ( 76.09999999999998010, 0.000000000000000000, -5.999999999999991118 ) ) ;
#4801 = ORIENTED_EDGE ( 'NONE', *, *, #912, .T. ) ;
#4802 = EDGE_CURVE ( 'NONE', #992, #1062, #416, .T. ) ;
#4803 = AXIS2_PLACEMENT_3D ( 'NONE', #2373, #426, #2083 ) ;
#4804 = FACE_OUTER_BOUND ( 'NONE', #2164, .T. ) ;
#4805 = CARTESIAN_POINT ( 'NONE',  ( 7.000000000000000000, 0.000000000000000000, -25.50000000000000000 ) ) ;
#4806 = CIRCLE ( 'NONE', #683, 2.075000000000000622 ) ;
#4807 = ORIENTED_EDGE ( 'NONE', *, *, #623, .T. ) ;
#4808 = CARTESIAN_POINT ( 'NONE',  ( 44.12901437272579130, 3.000000000000000000, -75.50000000000000000 ) ) ;
#4809 = ORIENTED_EDGE ( 'NONE', *, *, #3158, .T. ) ;
#4810 = LINE ( 'NONE', #747, #4714 ) ;
#4811 = ORIENTED_EDGE ( 'NONE', *, *, #2503, .F. ) ;
#4812 = CARTESIAN_POINT ( 'NONE',  ( 44.08801594956538139, 2.714516166534687081, -76.40654048400433851 ) ) ;
#4813 = CARTESIAN_POINT ( 'NONE',  ( 18.26999999999999957, 14.19999999999999929, -31.39999999999999858 ) ) ;
#4814 = ORIENTED_EDGE ( 'NONE', *, *, #4497, .T. ) ;
#4815 = VECTOR ( 'NONE', #5306, 1000.000000000000000 ) ;
#4816 = LINE ( 'NONE', #2740, #1892 ) ;
#4817 = AXIS2_PLACEMENT_3D ( 'NONE', #3353, #886, #536 ) ;
#4818 = DIRECTION ( 'NONE',  ( -0.000000000000000000, 1.000000000000000000, -0.000000000000000000 ) ) ;
#4819 = ORIENTED_EDGE ( 'NONE', *, *, #4743, .F. ) ;
#4820 = CARTESIAN_POINT ( 'NONE',  ( 39.47203490412773874, 2.131152770028515775, -70.82520383742334502 ) ) ;
#4821 = DIRECTION ( 'NONE',  ( 1.000000000000000000, -0.000000000000000000, -4.373738568383180023E-18 ) ) ;
#4822 = VECTOR ( 'NONE', #5009, 1000.000000000000000 ) ;
#4823 = ADVANCED_FACE ( 'NONE', ( #3175 ), #4927, .F. ) ;
#4824 = DIRECTION ( 'NONE',  ( 0.000000000000000000, -1.000000000000000000, 0.000000000000000000 ) ) ;
#4825 = ORIENTED_EDGE ( 'NONE', *, *, #334, .F. ) ;
#4826 = DIRECTION ( 'NONE',  ( 0.000000000000000000, 0.000000000000000000, -1.000000000000000000 ) ) ;
#4827 = FACE_OUTER_BOUND ( 'NONE', #128, .T. ) ;
#4828 = ORIENTED_EDGE ( 'NONE', *, *, #1547, .F. ) ;
#4829 = AXIS2_PLACEMENT_3D ( 'NONE', #2338, #281, #1504 ) ;
#4830 = ADVANCED_FACE ( 'NONE', ( #2827 ), #3310, .T. ) ;
#4831 = DIRECTION ( 'NONE',  ( -1.000000000000000000, -0.000000000000000000, -0.000000000000000000 ) ) ;
#4832 = DIRECTION ( 'NONE',  ( 0.000000000000000000, 0.000000000000000000, -1.000000000000000000 ) ) ;
#4833 = PLANE ( 'NONE',  #1946 ) ;
#4834 = ORIENTED_EDGE ( 'NONE', *, *, #4585, .T. ) ;
#4835 = EDGE_CURVE ( 'NONE', #3204, #4053, #1669, .T. ) ;
#4836 = VERTEX_POINT ( 'NONE', #2527 ) ;
#4837 = CARTESIAN_POINT ( 'NONE',  ( 44.98577633580510593, 2.507093806195793473, -77.43890851006028697 ) ) ;
#4838 = CARTESIAN_POINT ( 'NONE',  ( 64.60941176470588232, 8.499999999999998224, -44.39999999999999147 ) ) ;
#4839 = EDGE_LOOP ( 'NONE', ( #4926, #4057, #1525, #4038 ) ) ;
#4840 = CARTESIAN_POINT ( 'NONE',  ( 26.43000000000000682, 5.599999999999998757, -44.39999999999999147 ) ) ;
#4841 = FACE_BOUND ( 'NONE', #1097, .T. ) ;
#4842 = EDGE_CURVE ( 'NONE', #855, #4510, #2096, .T. ) ;
#4843 = ORIENTED_EDGE ( 'NONE', *, *, #4392, .T. ) ;
#4844 = CARTESIAN_POINT ( 'NONE',  ( 35.31999999999999318, 8.499999999999998224, -44.39999999999999147 ) ) ;
#4845 = CARTESIAN_POINT ( 'NONE',  ( 26.43000000000001393, 8.499999999999998224, 0.001000000000007938983 ) ) ;
#4846 = VERTEX_POINT ( 'NONE', #3717 ) ;
#4847 = DIRECTION ( 'NONE',  ( -1.746512434912466574E-16, -0.000000000000000000, -1.000000000000000000 ) ) ;
#4848 = CARTESIAN_POINT ( 'NONE',  ( 45.12901437272579130, 4.000000000000000000, -69.86160258534813750 ) ) ;
#4849 = ORIENTED_EDGE ( 'NONE', *, *, #3013, .T. ) ;
#4850 = DIRECTION ( 'NONE',  ( -1.000000000000000000, 0.000000000000000000, 0.000000000000000000 ) ) ;
#4851 = EDGE_CURVE ( 'NONE', #336, #257, #521, .T. ) ;
#4852 = VECTOR ( 'NONE', #477, 1000.000000000000114 ) ;
#4853 = DIRECTION ( 'NONE',  ( -0.000000000000000000, -1.000000000000000000, -0.000000000000000000 ) ) ;
#4854 = ORIENTED_EDGE ( 'NONE', *, *, #1540, .F. ) ;
#4855 = CIRCLE ( 'NONE', #2534, 0.5999999999999999778 ) ;
#4856 = B_SPLINE_CURVE_WITH_KNOTS ( 'NONE', 3,
 ( #2190, #3786, #560, #483, #1687, #3812, #3404, #3327, #129, #4975, #2547, #1765, #1359, #5054, #4186, #2144, #4128, #4569 ),
 .UNSPECIFIED., .F., .F.,
 ( 4, 2, 2, 2, 2, 2, 2, 2, 4 ),
 ( 0.000000000000000000, 0.0003814944493906877654, 0.0007629888987813755307, 0.001144483348172063188, 0.001525977797562751712, 0.001907472246953440236, 0.002288966696344128544, 0.002670461145734816851, 0.003051955595125505592 ),
 .UNSPECIFIED. ) ;
#4857 = CYLINDRICAL_SURFACE ( 'NONE', #2113, 1.000000000000000888 ) ;
#4858 = CARTESIAN_POINT ( 'NONE',  ( 59.54999999999999716, 14.19999999999999929, -56.57716227728433012 ) ) ;
#4859 = CARTESIAN_POINT ( 'NONE',  ( 38.03092074753762830, 2.995654068601224740, -77.25391084454682300 ) ) ;
#4860 = DIRECTION ( 'NONE',  ( -0.000000000000000000, 1.000000000000000000, 0.000000000000000000 ) ) ;
#4861 = EDGE_CURVE ( 'NONE', #2366, #675, #4628, .T. ) ;
#4862 = ORIENTED_EDGE ( 'NONE', *, *, #2484, .T. ) ;
#4863 = VERTEX_POINT ( 'NONE', #3308 ) ;
#4864 = VECTOR ( 'NONE', #2756, 1000.000000000000000 ) ;
#4865 = CARTESIAN_POINT ( 'NONE',  ( 0.000000000000000000, 14.19999999999999929, 0.000000000000000000 ) ) ;
#4866 = CARTESIAN_POINT ( 'NONE',  ( 55.54999999999999005, 2.000000000000000000, -75.50000000000000000 ) ) ;
#4867 = ADVANCED_FACE ( 'NONE', ( #115 ), #5012, .F. ) ;
#4868 = EDGE_CURVE ( 'NONE', #34, #1945, #467, .T. ) ;
#4869 = DIRECTION ( 'NONE',  ( -0.000000000000000000, -1.000000000000000000, -0.000000000000000000 ) ) ;
#4870 = CARTESIAN_POINT ( 'NONE',  ( 49.39999999999999858, 5.000000000000000000, -1.400000000000000133 ) ) ;
#4871 = ORIENTED_EDGE ( 'NONE', *, *, #2745, .T. ) ;
#4872 = PRODUCT_DEFINITION_SHAPE ( 'NONE', 'NONE',  #3642 ) ;
#4873 = DIRECTION ( 'NONE',  ( 0.000000000000000000, 0.000000000000000000, -1.000000000000000000 ) ) ;
#4874 = CARTESIAN_POINT ( 'NONE',  ( 38.52999999999999403, 8.499999999999998224, -39.39999999999999858 ) ) ;
#4875 = ORIENTED_EDGE ( 'NONE', *, *, #3937, .T. ) ;
#4876 = DIRECTION ( 'NONE',  ( 1.000000000000000000, 0.000000000000000000, 0.000000000000000000 ) ) ;
#4877 = DIRECTION ( 'NONE',  ( -1.709087168450056444E-16, 0.000000000000000000, -1.000000000000000000 ) ) ;
#4878 = ORIENTED_EDGE ( 'NONE', *, *, #3635, .F. ) ;
#4879 = DIRECTION ( 'NONE',  ( 0.000000000000000000, 0.9605132315373741125, -0.2782343114025134234 ) ) ;
#4880 = LINE ( 'NONE', #1650, #5149 ) ;
#4881 = CARTESIAN_POINT ( 'NONE',  ( 23.23000000000001108, 8.499999999999998224, 0.001000000000007938983 ) ) ;
#4882 = ORIENTED_EDGE ( 'NONE', *, *, #892, .T. ) ;
#4883 = EDGE_LOOP ( 'NONE', ( #2150, #4074, #4211, #2536 ) ) ;
#4884 = DIRECTION ( 'NONE',  ( 1.746512434912466327E-16, -0.000000000000000000, 1.000000000000000000 ) ) ;
#4885 = CARTESIAN_POINT ( 'NONE',  ( 43.12901437272579130, 2.000000000000000000, -71.34771754627320206 ) ) ;
#4886 = DIRECTION ( 'NONE',  ( -0.000000000000000000, -0.000000000000000000, 1.000000000000000000 ) ) ;
#4887 = CARTESIAN_POINT ( 'NONE',  ( 37.97120516478015162, 3.935386030618673203, -76.02104687193339316 ) ) ;
#4888 = LINE ( 'NONE', #2432, #5045 ) ;
#4889 = VERTEX_POINT ( 'NONE', #4958 ) ;
#4890 = ADVANCED_FACE ( 'NONE', ( #5037 ), #1316, .F. ) ;
#4891 = CIRCLE ( 'NONE', #2568, 1.649999999999998579 ) ;
#4892 = ORIENTED_EDGE ( 'NONE', *, *, #2114, .F. ) ;
#4893 = CARTESIAN_POINT ( 'NONE',  ( 76.09999999999998010, 6.000000000000000000, -27.15000000000000213 ) ) ;
#4894 = VECTOR ( 'NONE', #3763, 1000.000000000000000 ) ;
#4895 = DIRECTION ( 'NONE',  ( -0.000000000000000000, 1.000000000000000000, -0.000000000000000000 ) ) ;
#4896 = DIRECTION ( 'NONE',  ( -0.000000000000000000, -0.000000000000000000, 1.000000000000000000 ) ) ;
#4897 = VECTOR ( 'NONE', #384, 1000.000000000000000 ) ;
#4898 = ORIENTED_EDGE ( 'NONE', *, *, #3188, .F. ) ;
#4899 = EDGE_CURVE ( 'NONE', #2657, #3895, #2049, .T. ) ;
#4900 = CARTESIAN_POINT ( 'NONE',  ( 23.61999999999999389, 6.000000000000000000, -31.39999999999999858 ) ) ;
#4901 = DIRECTION ( 'NONE',  ( 0.000000000000000000, 0.000000000000000000, 1.000000000000000000 ) ) ;
#4902 = EDGE_LOOP ( 'NONE', ( #313, #1022, #5170, #2730 ) ) ;
#4903 = DIRECTION ( 'NONE',  ( 1.000000000000000000, 0.000000000000000000, 0.000000000000000000 ) ) ;
#4904 = LINE ( 'NONE', #360, #2219 ) ;
#4905 = EDGE_CURVE ( 'NONE', #3400, #259, #4050, .T. ) ;
#4906 = CARTESIAN_POINT ( 'NONE',  ( 38.53000000000000114, 13.00000000000000000, -25.59999999999999076 ) ) ;
#4907 = DIRECTION ( 'NONE',  ( -0.000000000000000000, -1.000000000000000000, -0.000000000000000000 ) ) ;
#4908 = LINE ( 'NONE', #3263, #3131 ) ;
#4909 = ORIENTED_EDGE ( 'NONE', *, *, #4636, .F. ) ;
#4910 = CIRCLE ( 'NONE', #10, 1.000000000000000888 ) ;
#4911 = DIRECTION ( 'NONE',  ( -1.000000000000000000, 0.000000000000000000, 0.000000000000000000 ) ) ;
#4912 = EDGE_CURVE ( 'NONE', #4290, #2678, #5275, .T. ) ;
#4913 = CARTESIAN_POINT ( 'NONE',  ( 54.12999999999999545, 4.000000000000000000, -17.89999999999999858 ) ) ;
#4914 = CARTESIAN_POINT ( 'NONE',  ( 44.86106518030110379, 2.000000000005552003, -76.50000000000660805 ) ) ;
#4915 = DIRECTION ( 'NONE',  ( 0.000000000000000000, 0.000000000000000000, -1.000000000000000000 ) ) ;
#4916 = CARTESIAN_POINT ( 'NONE',  ( 33.42999999999999972, 8.499999999999998224, -40.59999999999999432 ) ) ;
#4917 = CARTESIAN_POINT ( 'NONE',  ( 60.87999999999999545, 6.000000000000000000, -31.39999999999999858 ) ) ;
#4918 = VERTEX_POINT ( 'NONE', #1951 ) ;
#4919 = VERTEX_POINT ( 'NONE', #433 ) ;
#4920 = CARTESIAN_POINT ( 'NONE',  ( 45.00976268870313390, 2.633537009487729730, -77.40146111018012220 ) ) ;
#4921 = ADVANCED_FACE ( 'NONE', ( #1206 ), #2465, .F. ) ;
#4922 = CARTESIAN_POINT ( 'NONE',  ( 23.55000000000000071, 4.000000000000000000, -54.50216227728432727 ) ) ;
#4923 = VERTEX_POINT ( 'NONE', #5300 ) ;
#4924 = DIRECTION ( 'NONE',  ( 0.000000000000000000, 0.000000000000000000, 1.000000000000000000 ) ) ;
#4925 = DIRECTION ( 'NONE',  ( 0.000000000000000000, 0.000000000000000000, 1.000000000000000000 ) ) ;
#4926 = ORIENTED_EDGE ( 'NONE', *, *, #2295, .T. ) ;
#4927 = PLANE ( 'NONE',  #3912 ) ;
#4928 = CARTESIAN_POINT ( 'NONE',  ( 38.53000000000000114, 11.93999999999999950, -25.59999999999999076 ) ) ;
#4929 = ADVANCED_FACE ( 'NONE', ( #349 ), #4101, .T. ) ;
#4930 = ORIENTED_EDGE ( 'NONE', *, *, #3089, .T. ) ;
#4931 = CARTESIAN_POINT ( 'NONE',  ( 33.39999999999999858, 4.000000000000000000, -1.599704092027028824E-16 ) ) ;
#4932 = CARTESIAN_POINT ( 'NONE',  ( 25.09999999999999787, 4.022945784064476449, -44.39999999999999147 ) ) ;
#4933 = DIRECTION ( 'NONE',  ( -0.000000000000000000, 0.000000000000000000, 1.000000000000000000 ) ) ;
#4934 = ORIENTED_EDGE ( 'NONE', *, *, #4189, .T. ) ;
#4935 = EDGE_LOOP ( 'NONE', ( #5163, #5181, #534, #4079 ) ) ;
#4936 = ADVANCED_FACE ( 'NONE', ( #3682, #3299, #1147 ), #2062, .T. ) ;
#4937 = DIRECTION ( 'NONE',  ( 1.000000000000000000, 0.000000000000000000, 0.000000000000000000 ) ) ;
#4938 = CARTESIAN_POINT ( 'NONE',  ( 7.000000000000000000, 6.000000000000000000, -23.85000000000000142 ) ) ;
#4939 = CARTESIAN_POINT ( 'NONE',  ( 17.55000000000000071, 14.19999999999999929, -58.99999999999998579 ) ) ;
#4940 = FACE_OUTER_BOUND ( 'NONE', #958, .T. ) ;
#4941 = ORIENTED_EDGE ( 'NONE', *, *, #5007, .F. ) ;
#4942 = DIRECTION ( 'NONE',  ( 0.000000000000000000, 0.000000000000000000, 1.000000000000000000 ) ) ;
#4943 = B_SPLINE_CURVE_WITH_KNOTS ( 'NONE', 3,
 ( #1609, #4539, #3216, #3193, #1554, #3276, #2408, #5328, #3247, #856, #5245, #4920, #4837, #2845, #2786, #746 ),
 .UNSPECIFIED., .F., .F.,
 ( 4, 2, 2, 2, 2, 2, 2, 4 ),
 ( 0.000000000000000000, 0.0003941955555110310716, 0.0007883911110220621432, 0.001576782222044162234, 0.001970977777555225994, 0.002365173333066289321, 0.002759368888577353081, 0.003153564444088416841 ),
 .UNSPECIFIED. ) ;
#4944 = VECTOR ( 'NONE', #5038, 1000.000000000000000 ) ;
#4945 = AXIS2_PLACEMENT_3D ( 'NONE', #1250, #2892, #4534 ) ;
#4946 = ORIENTED_EDGE ( 'NONE', *, *, #2754, .F. ) ;
#4947 = VERTEX_POINT ( 'NONE', #4893 ) ;
#4948 = DIRECTION ( 'NONE',  ( 0.000000000000000000, 0.000000000000000000, 1.000000000000000000 ) ) ;
#4949 = DIRECTION ( 'NONE',  ( -0.000000000000000000, -0.000000000000000000, -1.000000000000000000 ) ) ;
#4950 = ORIENTED_EDGE ( 'NONE', *, *, #3040, .F. ) ;
#4951 = VECTOR ( 'NONE', #3025, 1000.000000000000000 ) ;
#4952 = ADVANCED_FACE ( 'NONE', ( #409 ), #4076, .T. ) ;
#4953 = VECTOR ( 'NONE', #5122, 1000.000000000000000 ) ;
#4954 = CARTESIAN_POINT ( 'NONE',  ( 65.54999999999999716, 4.000000000000000000, -37.50000000000000000 ) ) ;
#4955 = VECTOR ( 'NONE', #2864, 1000.000000000000000 ) ;
#4956 = DIRECTION ( 'NONE',  ( 0.000000000000000000, 0.000000000000000000, -1.000000000000000000 ) ) ;
#4957 = ORIENTED_EDGE ( 'NONE', *, *, #1952, .F. ) ;
#4958 = CARTESIAN_POINT ( 'NONE',  ( 54.08000000000000540, 3.000000000000000000, -40.59999999999999432 ) ) ;
#4959 = DIRECTION ( 'NONE',  ( 1.000000000000000000, 0.000000000000000000, 0.000000000000000000 ) ) ;
#4960 = ADVANCED_FACE ( 'NONE', ( #1258 ), #3589, .F. ) ;
#4961 = AXIS2_PLACEMENT_3D ( 'NONE', #4046, #1976, #1949 ) ;
#4962 = LINE ( 'NONE', #471, #100 ) ;
#4963 = PLANE ( 'NONE',  #3134 ) ;
#4964 = ORIENTED_EDGE ( 'NONE', *, *, #5303, .T. ) ;
#4965 = EDGE_LOOP ( 'NONE', ( #2951, #4226, #3339, #1557 ) ) ;
#4966 = LINE ( 'NONE', #4993, #4223 ) ;
#4967 = EDGE_CURVE ( 'NONE', #897, #498, #4943, .T. ) ;
#4968 = CARTESIAN_POINT ( 'NONE',  ( 49.39999999999999858, 5.000000000000000000, -2.000000000000000000 ) ) ;
#4969 = LINE ( 'NONE', #4858, #2911 ) ;
#4970 = ADVANCED_FACE ( 'NONE', ( #2378 ), #4485, .T. ) ;
#4971 = DIRECTION ( 'NONE',  ( 0.000000000000000000, 0.000000000000000000, 1.000000000000000000 ) ) ;
#4972 = DIRECTION ( 'NONE',  ( -1.000000000000000000, 0.000000000000000000, 1.387778780781445676E-16 ) ) ;
#4973 = ORIENTED_EDGE ( 'NONE', *, *, #207, .F. ) ;
#4974 = EDGE_LOOP ( 'NONE', ( #1973, #2602, #5173, #3001 ) ) ;
#4975 = CARTESIAN_POINT ( 'NONE',  ( 43.85271225051415200, 1.548629560905383284, -69.77116219245134232 ) ) ;
#4976 = EDGE_CURVE ( 'NONE', #3365, #5024, #4455, .T. ) ;
#4977 = FACE_BOUND ( 'NONE', #2077, .T. ) ;
#4978 = EDGE_CURVE ( 'NONE', #2243, #3544, #4145, .T. ) ;
#4979 = CIRCLE ( 'NONE', #3590, 1.000000000000000888 ) ;
#4980 = ORIENTED_EDGE ( 'NONE', *, *, #4851, .F. ) ;
#4981 = VECTOR ( 'NONE', #343, 1000.000000000000000 ) ;
#4982 = DIRECTION ( 'NONE',  ( 0.000000000000000000, 0.000000000000000000, -1.000000000000000000 ) ) ;
#4983 = FACE_OUTER_BOUND ( 'NONE', #288, .T. ) ;
#4984 = ORIENTED_EDGE ( 'NONE', *, *, #2680, .T. ) ;
#4985 = VECTOR ( 'NONE', #4194, 1000.000000000000000 ) ;
#4986 = VECTOR ( 'NONE', #1501, 1000.000000000000000 ) ;
#4987 = CARTESIAN_POINT ( 'NONE',  ( 38.81888308968915169, 2.420755065366576808, -69.32646599154632838 ) ) ;
#4988 = DIRECTION ( 'NONE',  ( -0.000000000000000000, 1.000000000000000000, -0.000000000000000000 ) ) ;
#4989 = CARTESIAN_POINT ( 'NONE',  ( 37.97098562727419591, 4.000000000000000000, -75.50000000000002842 ) ) ;
#4990 = CARTESIAN_POINT ( 'NONE',  ( 33.39999999999999858, 4.400000000000000355, -1.599704092027028824E-16 ) ) ;
#4991 = VERTEX_POINT ( 'NONE', #3344 ) ;
#4992 = EDGE_CURVE ( 'NONE', #2532, #2593, #1273, .T. ) ;
#4993 = CARTESIAN_POINT ( 'NONE',  ( 20.11999999999999744, 6.000000000000000000, -31.39999999999999858 ) ) ;
#4994 = LINE ( 'NONE', #1704, #1169 ) ;
#4995 = CARTESIAN_POINT ( 'NONE',  ( 44.03685605133557601, 2.572427932479952606, -77.47102885967974828 ) ) ;
#4996 = VECTOR ( 'NONE', #3389, 1000.000000000000000 ) ;
#4997 = CARTESIAN_POINT ( 'NONE',  ( 64.82999999999999829, 4.000000000000000000, -31.39999999999999858 ) ) ;
#4998 = ORIENTED_EDGE ( 'NONE', *, *, #4092, .T. ) ;
#4999 = CARTESIAN_POINT ( 'NONE',  ( 60.88000000000000256, 3.000000000000000000, -1.660936431984398814E-16 ) ) ;
#5000 = VERTEX_POINT ( 'NONE', #1678 ) ;
#5001 = EDGE_CURVE ( 'NONE', #5140, #3505, #4572, .T. ) ;
#5002 = VECTOR ( 'NONE', #891, 1000.000000000000000 ) ;
#5003 = EDGE_LOOP ( 'NONE', ( #745, #4882 ) ) ;
#5004 = CARTESIAN_POINT ( 'NONE',  ( 39.97098562727419591, 2.000000000000000000, -69.49999999999998579 ) ) ;
#5005 = CARTESIAN_POINT ( 'NONE',  ( 53.73000000000000398, 13.00000000000000000, -25.59999999999999076 ) ) ;
#5006 = VECTOR ( 'NONE', #4531, 1000.000000000000000 ) ;
#5007 = EDGE_CURVE ( 'NONE', #3121, #5308, #4966, .T. ) ;
#5008 = VERTEX_POINT ( 'NONE', #2107 ) ;
#5009 = DIRECTION ( 'NONE',  ( 1.000000000000000000, 0.000000000000000000, -1.454276447297294337E-17 ) ) ;
#5010 = FACE_OUTER_BOUND ( 'NONE', #348, .T. ) ;
#5011 = VERTEX_POINT ( 'NONE', #2914 ) ;
#5012 = PLANE ( 'NONE',  #3026 ) ;
#5013 = FACE_OUTER_BOUND ( 'NONE', #4256, .T. ) ;
#5014 = VERTEX_POINT ( 'NONE', #2838 ) ;
#5015 = ORIENTED_EDGE ( 'NONE', *, *, #211, .F. ) ;
#5016 = CARTESIAN_POINT ( 'NONE',  ( 23.55000000000000071, 14.19999999999999929, -54.50216227728432727 ) ) ;
#5017 = DIRECTION ( 'NONE',  ( 1.000000000000000000, 0.000000000000000000, 1.015943470557427520E-15 ) ) ;
#5018 = ORIENTED_EDGE ( 'NONE', *, *, #4595, .F. ) ;
#5019 = DIRECTION ( 'NONE',  ( 0.000000000000000000, 1.000000000000000000, 0.000000000000000000 ) ) ;
#5020 = EDGE_CURVE ( 'NONE', #4541, #336, #1224, .T. ) ;
#5021 = LINE ( 'NONE', #1248, #3398 ) ;
#5022 = CARTESIAN_POINT ( 'NONE',  ( 45.00389409446621158, 2.601693380960942825, -77.41165757177097362 ) ) ;
#5023 = DIRECTION ( 'NONE',  ( 0.000000000000000000, 0.000000000000000000, -1.000000000000000000 ) ) ;
#5024 = VERTEX_POINT ( 'NONE', #3754 ) ;
#5025 = ORIENTED_EDGE ( 'NONE', *, *, #1158, .T. ) ;
#5026 = CARTESIAN_POINT ( 'NONE',  ( 64.82999999999999829, 8.499999999999998224, -44.39999999999999147 ) ) ;
#5027 = VECTOR ( 'NONE', #1043, 1000.000000000000000 ) ;
#5028 = AXIS2_PLACEMENT_3D ( 'NONE', #4310, #1111, #3555 ) ;
#5029 = CARTESIAN_POINT ( 'NONE',  ( 22.21999999999999531, 14.19999999999999929, -31.39999999999999858 ) ) ;
#5030 = AXIS2_PLACEMENT_3D ( 'NONE', #1754, #1349, #3338 ) ;
#5031 = VERTEX_POINT ( 'NONE', #370 ) ;
#5032 = EDGE_CURVE ( 'NONE', #1420, #4675, #4557, .T. ) ;
#5033 = CARTESIAN_POINT ( 'NONE',  ( 56.98000000000001108, 8.499999999999998224, -44.39999999999999147 ) ) ;
#5034 = EDGE_CURVE ( 'NONE', #4683, #4434, #1298, .T. ) ;
#5035 = CARTESIAN_POINT ( 'NONE',  ( 33.03000000000000114, 36.63088900789114888, -31.39999999999999858 ) ) ;
#5036 = ORIENTED_EDGE ( 'NONE', *, *, #524, .T. ) ;
#5037 = FACE_OUTER_BOUND ( 'NONE', #3680, .T. ) ;
#5038 = DIRECTION ( 'NONE',  ( 0.000000000000000000, 1.000000000000000000, 0.000000000000000000 ) ) ;
#5039 = ORIENTED_EDGE ( 'NONE', *, *, #2837, .F. ) ;
#5040 = VECTOR ( 'NONE', #4589, 1000.000000000000000 ) ;
#5041 = VECTOR ( 'NONE', #2615, 1000.000000000000000 ) ;
#5042 = DIRECTION ( 'NONE',  ( 0.000000000000000000, -1.000000000000000000, 0.000000000000000000 ) ) ;
#5043 = CARTESIAN_POINT ( 'NONE',  ( 17.55000000000000071, 0.000000000000000000, -37.50000000000000000 ) ) ;
#5044 = ORIENTED_EDGE ( 'NONE', *, *, #1896, .T. ) ;
#5045 = VECTOR ( 'NONE', #2059, 1000.000000000000000 ) ;
#5046 = SURFACE_STYLE_FILL_AREA ( #1380 ) ;
#5047 = CARTESIAN_POINT ( 'NONE',  ( 53.73000000000000398, 11.94999999999999929, -39.39999999999999858 ) ) ;
#5048 = CARTESIAN_POINT ( 'NONE',  ( 44.05676104641245416, 2.594106546197809671, -69.60107642680084439 ) ) ;
#5049 = ORIENTED_EDGE ( 'NONE', *, *, #459, .F. ) ;
#5050 = DIRECTION ( 'NONE',  ( 1.000000000000000000, 0.000000000000000000, -0.000000000000000000 ) ) ;
#5051 = ORIENTED_EDGE ( 'NONE', *, *, #3441, .T. ) ;
#5052 = ORIENTED_EDGE ( 'NONE', *, *, #5032, .T. ) ;
#5053 = ORIENTED_EDGE ( 'NONE', *, *, #4537, .T. ) ;
#5054 = CARTESIAN_POINT ( 'NONE',  ( 43.33905178998556806, 1.129638361720217032, -70.14418815627198001 ) ) ;
#5055 = DIRECTION ( 'NONE',  ( 0.000000000000000000, -0.000000000000000000, -1.000000000000000000 ) ) ;
#5056 = EDGE_CURVE ( 'NONE', #3215, #4846, #875, .T. ) ;
#5057 = EDGE_LOOP ( 'NONE', ( #2901, #3219, #1959, #5114 ) ) ;
#5058 = LINE ( 'NONE', #2273, #3357 ) ;
#5059 = DIRECTION ( 'NONE',  ( 0.000000000000000000, 0.000000000000000000, -1.000000000000000000 ) ) ;
#5060 = ORIENTED_EDGE ( 'NONE', *, *, #3452, .F. ) ;
#5061 = PLANE ( 'NONE',  #728 ) ;
#5062 = DIRECTION ( 'NONE',  ( 0.000000000000000000, -0.000000000000000000, 1.000000000000000000 ) ) ;
#5063 = ADVANCED_FACE ( 'NONE', ( #2940 ), #4094, .F. ) ;
#5064 = ORIENTED_EDGE ( 'NONE', *, *, #4298, .T. ) ;
#5065 = AXIS2_PLACEMENT_3D ( 'NONE', #553, #2590, #73 ) ;
#5066 = CARTESIAN_POINT ( 'NONE',  ( 43.27712972263138624, 1.999999999999999112, -71.23671451145253286 ) ) ;
#5067 = AXIS2_PLACEMENT_3D ( 'NONE', #3277, #3735, #3300 ) ;
#5068 = CARTESIAN_POINT ( 'NONE',  ( 64.32999999999999829, 14.19999999999999929, -31.39999999999999858 ) ) ;
#5069 = ORIENTED_EDGE ( 'NONE', *, *, #3406, .T. ) ;
#5070 = ADVANCED_FACE ( 'NONE', ( #3697 ), #2399, .F. ) ;
#5071 = CARTESIAN_POINT ( 'NONE',  ( 28.81999999999999673, 14.19999999999999929, -31.39999999999999858 ) ) ;
#5072 = DIRECTION ( 'NONE',  ( 0.000000000000000000, 0.000000000000000000, 1.000000000000000000 ) ) ;
#5073 = CARTESIAN_POINT ( 'NONE',  ( 45.12901437272579130, 4.000000000000000000, -75.50000000000000000 ) ) ;
#5074 = VERTEX_POINT ( 'NONE', #4065 ) ;
#5075 = DIRECTION ( 'NONE',  ( -0.000000000000000000, 1.000000000000000000, -0.000000000000000000 ) ) ;
#5076 = VERTEX_POINT ( 'NONE', #3267 ) ;
#5077 = ORIENTED_EDGE ( 'NONE', *, *, #1145, .T. ) ;
#5078 = VECTOR ( 'NONE', #223, 1000.000000000000000 ) ;
#5079 = ORIENTED_EDGE ( 'NONE', *, *, #5034, .F. ) ;
#5080 = DIRECTION ( 'NONE',  ( 0.000000000000000000, 0.000000000000000000, -1.000000000000000000 ) ) ;
#5081 = VECTOR ( 'NONE', #3943, 1000.000000000000000 ) ;
#5082 = CARTESIAN_POINT ( 'NONE',  ( 59.54999999999999716, 4.000000000000000000, -56.57716227728433012 ) ) ;
#5083 = VECTOR ( 'NONE', #3029, 1000.000000000000000 ) ;
#5084 = EDGE_CURVE ( 'NONE', #1905, #987, #4217, .T. ) ;
#5085 = LINE ( 'NONE', #1795, #2409 ) ;
#5086 = AXIS2_PLACEMENT_3D ( 'NONE', #2896, #323, #1980 ) ;
#5087 = PLANE ( 'NONE',  #4198 ) ;
#5088 = ORIENTED_EDGE ( 'NONE', *, *, #1634, .T. ) ;
#5089 = AXIS2_PLACEMENT_3D ( 'NONE', #1883, #3550, #2284 ) ;
#5090 = CARTESIAN_POINT ( 'NONE',  ( 45.12901437272579130, 3.000000000000000000, -69.86160258534813750 ) ) ;
#5091 = ORIENTED_EDGE ( 'NONE', *, *, #5290, .T. ) ;
#5092 = DIRECTION ( 'NONE',  ( 0.000000000000000000, 0.000000000000000000, -1.000000000000000000 ) ) ;
#5093 = EDGE_CURVE ( 'NONE', #2195, #2243, #18, .T. ) ;
#5094 = CARTESIAN_POINT ( 'NONE',  ( 72.10000000000000853, 6.000000000000000000, -37.50000000000000711 ) ) ;
#5095 = EDGE_LOOP ( 'NONE', ( #3602, #1935, #1058 ) ) ;
#5096 = CARTESIAN_POINT ( 'NONE',  ( 33.42999999999999972, 8.499999999999998224, -44.39999999999999147 ) ) ;
#5097 = CARTESIAN_POINT ( 'NONE',  ( 43.12901437272579130, 1.000000000000000000, -76.50000000000000000 ) ) ;
#5098 = CARTESIAN_POINT ( 'NONE',  ( 45.12952219203769033, 3.944646784829616504, -76.03909879137178507 ) ) ;
#5099 = CARTESIAN_POINT ( 'NONE',  ( 21.51999999999999602, 14.19999999999999929, -31.39999999999999858 ) ) ;
#5100 = EDGE_CURVE ( 'NONE', #662, #5011, #4117, .T. ) ;
#5101 = ORIENTED_EDGE ( 'NONE', *, *, #4743, .T. ) ;
#5102 = DIRECTION ( 'NONE',  ( 0.04896081862546419056, 0.9988006999594686297, 4.974142399568682599E-17 ) ) ;
#5103 = DIRECTION ( 'NONE',  ( 1.000000000000000000, 0.000000000000000000, 0.000000000000000000 ) ) ;
#5104 = VERTEX_POINT ( 'NONE', #3643 ) ;
#5105 = DIRECTION ( 'NONE',  ( -1.000000000000000000, -0.000000000000000000, 1.454276447297294337E-17 ) ) ;
#5106 = CARTESIAN_POINT ( 'NONE',  ( 45.12901437272579130, 3.000000000000000000, -69.86160258534813750 ) ) ;
#5107 = ORIENTED_EDGE ( 'NONE', *, *, #1066, .F. ) ;
#5108 = DIRECTION ( 'NONE',  ( 0.000000000000000000, 0.000000000000000000, -1.000000000000000000 ) ) ;
#5109 = CARTESIAN_POINT ( 'NONE',  ( 36.45778126594936452, 4.000000000000000000, -2.398055443370644468 ) ) ;
#5110 = CIRCLE ( 'NONE', #2013, 1.000000000000000888 ) ;
#5111 = AXIS2_PLACEMENT_3D ( 'NONE', #548, #2079, #1675 ) ;
#5112 = VERTEX_POINT ( 'NONE', #3239 ) ;
#5113 = CARTESIAN_POINT ( 'NONE',  ( 27.54999999999999716, 4.000000000000000000, -67.50000000000000000 ) ) ;
#5114 = ORIENTED_EDGE ( 'NONE', *, *, #5261, .T. ) ;
#5115 = CARTESIAN_POINT ( 'NONE',  ( 0.000000000000000000, 14.19999999999999929, -39.39999999999999858 ) ) ;
#5116 = ORIENTED_EDGE ( 'NONE', *, *, #2491, .T. ) ;
#5117 = CARTESIAN_POINT ( 'NONE',  ( 61.58000000000000540, 8.499999999999998224, -40.59999999999999432 ) ) ;
#5118 = PLANE ( 'NONE',  #3443 ) ;
#5119 = EDGE_CURVE ( 'NONE', #1519, #1436, #3292, .T. ) ;
#5120 = VECTOR ( 'NONE', #1840, 1000.000000000000000 ) ;
#5121 = DIRECTION ( 'NONE',  ( 1.000000000000000000, 0.000000000000000000, 0.000000000000000000 ) ) ;
#5122 = DIRECTION ( 'NONE',  ( -0.000000000000000000, -1.000000000000000000, -0.000000000000000000 ) ) ;
#5123 = CARTESIAN_POINT ( 'NONE',  ( 43.19541007731935167, 1.056564561419757631, -70.23037693506152834 ) ) ;
#5124 = ORIENTED_EDGE ( 'NONE', *, *, #4012, .T. ) ;
#5125 = EDGE_LOOP ( 'NONE', ( #4494, #4233, #511, #422 ) ) ;
#5126 = AXIS2_PLACEMENT_3D ( 'NONE', #2889, #2942, #4119 ) ;
#5127 = AXIS2_PLACEMENT_3D ( 'NONE', #2813, #802, #907 ) ;
#5128 = ADVANCED_FACE ( 'NONE', ( #451 ), #1628, .T. ) ;
#5129 = EDGE_CURVE ( 'NONE', #4141, #5008, #2537, .T. ) ;
#5130 = VECTOR ( 'NONE', #4345, 1000.000000000000000 ) ;
#5131 = LINE ( 'NONE', #3908, #5120 ) ;
#5132 = FACE_OUTER_BOUND ( 'NONE', #2105, .T. ) ;
#5133 = VERTEX_POINT ( 'NONE', #3468 ) ;
#5134 = CARTESIAN_POINT ( 'NONE',  ( 59.54999999999999716, 14.19999999999999929, -52.42716227728432443 ) ) ;
#5135 = EDGE_CURVE ( 'NONE', #4541, #4627, #2179, .T. ) ;
#5136 = EDGE_CURVE ( 'NONE', #4151, #1236, #1351, .T. ) ;
#5137 = VERTEX_POINT ( 'NONE', #5071 ) ;
#5138 = DIRECTION ( 'NONE',  ( -1.000000000000000000, -0.000000000000000000, -0.000000000000000000 ) ) ;
#5139 = DIRECTION ( 'NONE',  ( 0.000000000000000000, 1.000000000000000000, 0.000000000000000000 ) ) ;
#5140 = VERTEX_POINT ( 'NONE', #504 ) ;
#5141 = CARTESIAN_POINT ( 'NONE',  ( 44.07641656969968835, 2.676672056367985331, -76.43969597501333624 ) ) ;
#5142 = EDGE_CURVE ( 'NONE', #976, #2981, #121, .T. ) ;
#5143 = ORIENTED_EDGE ( 'NONE', *, *, #183, .T. ) ;
#5144 = CARTESIAN_POINT ( 'NONE',  ( 35.31999999999999318, 8.499999999999998224, -40.59999999999999432 ) ) ;
#5145 = CARTESIAN_POINT ( 'NONE',  ( 38.52999999999999403, 8.499999999999998224, -42.39999999999998437 ) ) ;
#5146 = ORIENTED_EDGE ( 'NONE', *, *, #5, .F. ) ;
#5147 = CARTESIAN_POINT ( 'NONE',  ( 22.21999999999999531, 4.000000000000000000, -31.39999999999999858 ) ) ;
#5148 = CARTESIAN_POINT ( 'NONE',  ( 7.000000000000006217, 1.750000000000035305, -5.999999999999990230 ) ) ;
#5149 = VECTOR ( 'NONE', #2474, 1000.000000000000000 ) ;
#5150 = CARTESIAN_POINT ( 'NONE',  ( 0.000000000000000000, 0.000000000000000000, 0.000000000000000000 ) ) ;
#5151 = VECTOR ( 'NONE', #4429, 1000.000000000000000 ) ;
#5152 = CARTESIAN_POINT ( 'NONE',  ( 38.52999999999999403, 8.499999999999998224, -44.39999999999999147 ) ) ;
#5153 = ORIENTED_EDGE ( 'NONE', *, *, #3969, .F. ) ;
#5154 = EDGE_CURVE ( 'NONE', #54, #4620, #3874, .T. ) ;
#5155 = CARTESIAN_POINT ( 'NONE',  ( 61.58000000000000540, 8.499999999999998224, -40.59999999999999432 ) ) ;
#5156 = ORIENTED_EDGE ( 'NONE', *, *, #758, .T. ) ;
#5157 = ORIENTED_EDGE ( 'NONE', *, *, #2039, .T. ) ;
#5158 = AXIS2_PLACEMENT_3D ( 'NONE', #4002, #1958, #4792 ) ;
#5159 = DIRECTION ( 'NONE',  ( 1.000000000000000000, 0.000000000000000000, 0.000000000000000000 ) ) ;
#5160 = CARTESIAN_POINT ( 'NONE',  ( 61.58000000000000540, 14.19999999999999929, -31.39999999999999858 ) ) ;
#5161 = CARTESIAN_POINT ( 'NONE',  ( 76.09999999999998010, 4.000000000000000000, -25.50000000000000000 ) ) ;
#5162 = ADVANCED_FACE ( 'NONE', ( #4588 ), #1830, .F. ) ;
#5163 = ORIENTED_EDGE ( 'NONE', *, *, #4912, .T. ) ;
#5164 = DIRECTION ( 'NONE',  ( -1.982541115402063335E-15, 0.000000000000000000, -1.000000000000000000 ) ) ;
#5165 = AXIS2_PLACEMENT_3D ( 'NONE', #3765, #2148, #4 ) ;
#5166 = CARTESIAN_POINT ( 'NONE',  ( 38.97098562727419591, 3.000000000000000000, -75.50000000000001421 ) ) ;
#5167 = ORIENTED_EDGE ( 'NONE', *, *, #4511, .T. ) ;
#5168 = EDGE_CURVE ( 'NONE', #4836, #2961, #3041, .T. ) ;
#5169 = FACE_OUTER_BOUND ( 'NONE', #3116, .T. ) ;
#5170 = ORIENTED_EDGE ( 'NONE', *, *, #2667, .F. ) ;
#5171 = LINE ( 'NONE', #572, #1210 ) ;
#5172 = CARTESIAN_POINT ( 'NONE',  ( 0.000000000000000000, 8.499999999999998224, 0.000000000000000000 ) ) ;
#5173 = ORIENTED_EDGE ( 'NONE', *, *, #3161, .F. ) ;
#5174 = CARTESIAN_POINT ( 'NONE',  ( 60.68000000000000682, 5.000000000000000000, -40.59999999999999432 ) ) ;
#5175 = CARTESIAN_POINT ( 'NONE',  ( 46.13000000000000256, 11.94999999999999929, -34.89999999999999858 ) ) ;
#5176 = DIRECTION ( 'NONE',  ( 0.000000000000000000, 0.000000000000000000, 1.000000000000000000 ) ) ;
#5177 = DIRECTION ( 'NONE',  ( 1.000000000000000000, 0.000000000000000000, 0.000000000000000000 ) ) ;
#5178 = CARTESIAN_POINT ( 'NONE',  ( 53.51992897217816392, -6.000000000000000000, -28.16575235469809968 ) ) ;
#5179 = VERTEX_POINT ( 'NONE', #901 ) ;
#5180 = DIRECTION ( 'NONE',  ( -0.000000000000000000, -1.000000000000000000, -0.000000000000000000 ) ) ;
#5181 = ORIENTED_EDGE ( 'NONE', *, *, #2815, .T. ) ;
#5182 = ADVANCED_FACE ( 'NONE', ( #3850 ), #174, .F. ) ;
#5183 = LINE ( 'NONE', #181, #990 ) ;
#5184 = DIRECTION ( 'NONE',  ( 0.000000000000000000, 0.000000000000000000, -1.000000000000000000 ) ) ;
#5185 = ORIENTED_EDGE ( 'NONE', *, *, #2493, .T. ) ;
#5186 = DIRECTION ( 'NONE',  ( 1.000000000000000000, 0.000000000000000000, 0.000000000000000000 ) ) ;
#5187 = ORIENTED_EDGE ( 'NONE', *, *, #327, .F. ) ;
#5188 = CARTESIAN_POINT ( 'NONE',  ( 39.02479922394795864, 2.667074929206027178, -69.99804057618318609 ) ) ;
#5189 = ORIENTED_EDGE ( 'NONE', *, *, #3885, .T. ) ;
#5190 = DIRECTION ( 'NONE',  ( -1.000000000000000000, 0.000000000000000000, 6.789524367815298172E-16 ) ) ;
#5191 = DIRECTION ( 'NONE',  ( -0.000000000000000000, -1.000000000000000000, -0.000000000000000000 ) ) ;
#5192 = ORIENTED_EDGE ( 'NONE', *, *, #484, .F. ) ;
#5193 = EDGE_CURVE ( 'NONE', #1711, #1660, #1431, .T. ) ;
#5194 = ADVANCED_FACE ( 'NONE', ( #1807 ), #97, .T. ) ;
#5195 = DIRECTION ( 'NONE',  ( 0.000000000000000000, 0.000000000000000000, -1.000000000000000000 ) ) ;
#5196 = CARTESIAN_POINT ( 'NONE',  ( 49.39999999999999858, 5.000000000000000000, -1.599704092027028824E-16 ) ) ;
#5197 = VERTEX_POINT ( 'NONE', #4276 ) ;
#5198 = VECTOR ( 'NONE', #4022, 1000.000000000000000 ) ;
#5199 = CARTESIAN_POINT ( 'NONE',  ( 20.11999999999999744, 6.000000000000000000, -31.39999999999999858 ) ) ;
#5200 = LINE ( 'NONE', #2312, #703 ) ;
#5201 = VECTOR ( 'NONE', #2186, 1000.000000000000000 ) ;
#5202 = CARTESIAN_POINT ( 'NONE',  ( 54.08000000000000540, 3.000000000000000000, -40.59999999999999432 ) ) ;
#5203 = ORIENTED_EDGE ( 'NONE', *, *, #1520, .T. ) ;
#5204 = CARTESIAN_POINT ( 'NONE',  ( 61.49249711183403377, 9.640000000000000568, -25.59999999999999076 ) ) ;
#5205 = ORIENTED_EDGE ( 'NONE', *, *, #1888, .F. ) ;
#5206 = CARTESIAN_POINT ( 'NONE',  ( 64.82999999999999829, 4.000000000000000000, -54.61224754889930466 ) ) ;
#5207 = ORIENTED_EDGE ( 'NONE', *, *, #2523, .T. ) ;
#5208 = EDGE_LOOP ( 'NONE', ( #3815, #3652, #2985, #1971, #4064, #4538 ) ) ;
#5209 = VECTOR ( 'NONE', #2695, 1000.000000000000000 ) ;
#5210 = DIRECTION ( 'NONE',  ( 1.000000000000000000, 0.000000000000000000, 0.000000000000000000 ) ) ;
#5211 = CARTESIAN_POINT ( 'NONE',  ( 33.39999999999999858, 4.000000000000000000, -2.000000000000000000 ) ) ;
#5212 = VECTOR ( 'NONE', #8, 1000.000000000000000 ) ;
#5213 = DIRECTION ( 'NONE',  ( 0.000000000000000000, 0.000000000000000000, -1.000000000000000000 ) ) ;
#5214 = AXIS2_PLACEMENT_3D ( 'NONE', #2597, #2679, #1766 ) ;
#5215 = ORIENTED_EDGE ( 'NONE', *, *, #2954, .F. ) ;
#5216 = MANIFOLD_SOLID_BREP ( 'Chamfer2', #4752 ) ;
#5217 = EDGE_CURVE ( 'NONE', #85, #4776, #3018, .T. ) ;
#5218 = DIRECTION ( 'NONE',  ( 0.000000000000000000, 1.000000000000000000, 0.000000000000000000 ) ) ;
#5219 = CARTESIAN_POINT ( 'NONE',  ( 0.000000000000000000, 6.000000000000000000, 0.000000000000000000 ) ) ;
#5220 = FACE_OUTER_BOUND ( 'NONE', #4974, .T. ) ;
#5221 = VERTEX_POINT ( 'NONE', #972 ) ;
#5222 = LINE ( 'NONE', #2717, #3789 ) ;
#5223 = DIRECTION ( 'NONE',  ( 0.000000000000000000, 1.000000000000000000, 0.000000000000000000 ) ) ;
#5224 = ORIENTED_EDGE ( 'NONE', *, *, #2463, .T. ) ;
#5225 = CARTESIAN_POINT ( 'NONE',  ( 40.10643297602587154, 1.917344005588678568, -70.33346923724518263 ) ) ;
#5226 = FACE_OUTER_BOUND ( 'NONE', #4883, .T. ) ;
#5227 = B_SPLINE_CURVE_WITH_KNOTS ( 'NONE', 3,
 ( #3495, #4323, #3892, #625, #3414, #195, #2254, #3463, #1779, #3522, #5066, #649 ),
 .UNSPECIFIED., .F., .F.,
 ( 4, 2, 2, 2, 2, 4 ),
 ( 0.000000000000000000, 0.0002750601554969897273, 0.0005501203109939794547, 0.001100240621987953055, 0.001650360932981926546, 0.002200481243975900038 ),
 .UNSPECIFIED. ) ;
#5228 = DIRECTION ( 'NONE',  ( -1.000000000000000000, 0.000000000000000000, -1.015943470557427520E-15 ) ) ;
#5229 = ORIENTED_EDGE ( 'NONE', *, *, #577, .F. ) ;
#5230 = CARTESIAN_POINT ( 'NONE',  ( 55.54999999999999005, 0.000000000000000000, -67.50000000000000000 ) ) ;
#5231 = CARTESIAN_POINT ( 'NONE',  ( 43.91646314117139127, 2.342145002688731825, -69.73804956263937527 ) ) ;
#5232 = CARTESIAN_POINT ( 'NONE',  ( 59.54999999999999716, 4.000000000000000000, -52.42716227728432443 ) ) ;
#5233 = ORIENTED_EDGE ( 'NONE', *, *, #5290, .F. ) ;
#5234 = EDGE_CURVE ( 'NONE', #2910, #1584, #2587, .T. ) ;
#5235 = VECTOR ( 'NONE', #778, 1000.000000000000000 ) ;
#5236 = AXIS2_PLACEMENT_3D ( 'NONE', #825, #1656, #3617 ) ;
#5237 = CARTESIAN_POINT ( 'NONE',  ( 45.12901437272579841, 2.999999999999999112, -69.86160258534813750 ) ) ;
#5238 = CARTESIAN_POINT ( 'NONE',  ( 25.09999999999999787, 14.19999999999999929, -42.49999999999998579 ) ) ;
#5239 = VECTOR ( 'NONE', #3604, 1000.000000000000000 ) ;
#5240 = EDGE_CURVE ( 'NONE', #3748, #5140, #1052, .T. ) ;
#5241 = AXIS2_PLACEMENT_3D ( 'NONE', #2042, #2578, #4218 ) ;
#5242 = DIRECTION ( 'NONE',  ( -0.000000000000000000, -1.000000000000000000, -0.000000000000000000 ) ) ;
#5243 = EDGE_LOOP ( 'NONE', ( #1781, #3092, #1323, #2719, #3412, #102 ) ) ;
#5244 = ORIENTED_EDGE ( 'NONE', *, *, #2318, .T. ) ;
#5245 = CARTESIAN_POINT ( 'NONE',  ( 45.04925973715009491, 2.874518334989745849, -77.30336939579355260 ) ) ;
#5246 = CARTESIAN_POINT ( 'NONE',  ( 39.37599108174367046, 2.188275142457190903, -70.68788100330891666 ) ) ;
#5247 = ORIENTED_EDGE ( 'NONE', *, *, #4103, .F. ) ;
#5248 = CARTESIAN_POINT ( 'NONE',  ( 21.51999999999999957, 6.000000000000000000, -1.660936431984391172E-16 ) ) ;
#5249 = FACE_BOUND ( 'NONE', #2477, .T. ) ;
#5250 = ORIENTED_EDGE ( 'NONE', *, *, #1611, .T. ) ;
#5251 = EDGE_CURVE ( 'NONE', #4889, #2978, #3552, .T. ) ;
#5252 = CARTESIAN_POINT ( 'NONE',  ( 43.12901437272579130, 1.000000000000000000, -77.50000000000000000 ) ) ;
#5253 = AXIS2_PLACEMENT_3D ( 'NONE', #4621, #3837, #108 ) ;
#5254 = PLANE ( 'NONE',  #4025 ) ;
#5255 = ORIENTED_EDGE ( 'NONE', *, *, #3214, .F. ) ;
#5256 = CARTESIAN_POINT ( 'NONE',  ( 39.90604814136103329, 1.055978256663402615, -70.23118363378610240 ) ) ;
#5257 = CARTESIAN_POINT ( 'NONE',  ( 41.54999999999999716, 1.000000000000000888, -71.63384597600372672 ) ) ;
#5258 = VECTOR ( 'NONE', #3408, 1000.000000000000000 ) ;
#5259 = LINE ( 'NONE', #1134, #2162 ) ;
#5260 = ORIENTED_EDGE ( 'NONE', *, *, #1553, .F. ) ;
#5261 = EDGE_CURVE ( 'NONE', #2398, #3839, #5259, .T. ) ;
#5262 = DIRECTION ( 'NONE',  ( 0.000000000000000000, -0.000000000000000000, 1.000000000000000000 ) ) ;
#5263 = CARTESIAN_POINT ( 'NONE',  ( 39.85555660696079627, 1.072774882109358341, -70.20474626027863962 ) ) ;
#5264 = DIRECTION ( 'NONE',  ( 1.000000000000000000, 0.000000000000000000, 0.000000000000000000 ) ) ;
#5265 = ORIENTED_EDGE ( 'NONE', *, *, #1856, .F. ) ;
#5266 = VECTOR ( 'NONE', #1782, 1000.000000000000000 ) ;
#5267 = ADVANCED_FACE ( 'NONE', ( #4306 ), #3952, .F. ) ;
#5268 = CARTESIAN_POINT ( 'NONE',  ( 17.55000000000000071, 14.19999999999999929, -58.99999999999998579 ) ) ;
#5269 = CARTESIAN_POINT ( 'NONE',  ( 72.10000000000000853, 6.000000000000000000, 0.000000000000000000 ) ) ;
#5270 = ADVANCED_FACE ( 'NONE', ( #4713 ), #2772, .F. ) ;
#5271 = DIRECTION ( 'NONE',  ( 0.000000000000000000, 1.000000000000000000, 0.000000000000000000 ) ) ;
#5272 = CARTESIAN_POINT ( 'NONE',  ( 83.10000000000000853, 6.000000000000000000, -9.868576364298696126E-16 ) ) ;
#5273 = ORIENTED_EDGE ( 'NONE', *, *, #5093, .F. ) ;
#5274 = ORIENTED_EDGE ( 'NONE', *, *, #4637, .T. ) ;
#5275 = LINE ( 'NONE', #776, #1659 ) ;
#5276 = DIRECTION ( 'NONE',  ( -1.000000000000000000, 0.000000000000000000, 0.000000000000000000 ) ) ;
#5277 = DIRECTION ( 'NONE',  ( 0.000000000000000000, -0.7071067811865417996, -0.7071067811865531239 ) ) ;
#5278 = CARTESIAN_POINT ( 'NONE',  ( 76.09999999999998010, 6.000000000000000000, -25.50000000000000000 ) ) ;
#5279 = VERTEX_POINT ( 'NONE', #4329 ) ;
#5280 = CARTESIAN_POINT ( 'NONE',  ( 65.54999999999999716, 14.19999999999999929, -49.99999999999997868 ) ) ;
#5281 = CARTESIAN_POINT ( 'NONE',  ( 64.82999999999999829, 8.499999999999998224, -39.39999999999999858 ) ) ;
#5282 = ORIENTED_EDGE ( 'NONE', *, *, #977, .F. ) ;
#5283 = DIRECTION ( 'NONE',  ( 0.000000000000000000, 0.000000000000000000, -1.000000000000000000 ) ) ;
#5284 = LINE ( 'NONE', #1238, #5239 ) ;
#5285 = ORIENTED_EDGE ( 'NONE', *, *, #470, .F. ) ;
#5286 = DIRECTION ( 'NONE',  ( 0.000000000000000000, -1.000000000000000000, 0.000000000000000000 ) ) ;
#5287 = AXIS2_PLACEMENT_3D ( 'NONE', #3156, #1861, #4718 ) ;
#5288 = DIRECTION ( 'NONE',  ( -0.000000000000000000, -1.000000000000000000, -0.000000000000000000 ) ) ;
#5289 = ORIENTED_EDGE ( 'NONE', *, *, #5168, .F. ) ;
#5290 = EDGE_CURVE ( 'NONE', #1315, #897, #2694, .T. ) ;
#5291 = ORIENTED_EDGE ( 'NONE', *, *, #4655, .F. ) ;
#5292 = AXIS2_PLACEMENT_3D ( 'NONE', #871, #4610, #3392 ) ;
#5293 = DIRECTION ( 'NONE',  ( 1.104919411450195664E-16, 0.000000000000000000, 1.000000000000000000 ) ) ;
#5294 = CARTESIAN_POINT ( 'NONE',  ( 27.54999999999999716, 4.000000000000000000, -75.50000000000000000 ) ) ;
#5295 = DIRECTION ( 'NONE',  ( -0.000000000000000000, -1.000000000000000000, -0.000000000000000000 ) ) ;
#5296 = CARTESIAN_POINT ( 'NONE',  ( 0.000000000000000000, 6.000000000000000000, 0.000000000000000000 ) ) ;
#5297 = CARTESIAN_POINT ( 'NONE',  ( 0.000000000000000000, 2.000000000000000000, -75.50000000000000000 ) ) ;
#5298 = ORIENTED_EDGE ( 'NONE', *, *, #1144, .F. ) ;
#5299 = ORIENTED_EDGE ( 'NONE', *, *, #2343, .T. ) ;
#5300 = CARTESIAN_POINT ( 'NONE',  ( 54.08000000000000540, 8.499999999999998224, -40.59999999999999432 ) ) ;
#5301 = CARTESIAN_POINT ( 'NONE',  ( 39.97098562727419591, 3.000000000000000000, 0.000000000000000000 ) ) ;
#5302 = VECTOR ( 'NONE', #4492, 1000.000000000000000 ) ;
#5303 = EDGE_CURVE ( 'NONE', #2448, #259, #2285, .T. ) ;
#5304 = ORIENTED_EDGE ( 'NONE', *, *, #307, .T. ) ;
#5305 = PRODUCT ( 'battery_main_hole_moved', 'battery_main_hole_moved', '', ( #1025 ) ) ;
#5306 = DIRECTION ( 'NONE',  ( -1.000000000000000000, -0.000000000000000000, -0.000000000000000000 ) ) ;
#5307 = LINE ( 'NONE', #1616, #2220 ) ;
#5308 = VERTEX_POINT ( 'NONE', #4744 ) ;
#5309 = EDGE_CURVE ( 'NONE', #1062, #997, #3124, .T. ) ;
#5310 = DIRECTION ( 'NONE',  ( 0.000000000000000000, 0.000000000000000000, 1.000000000000000000 ) ) ;
#5311 = LINE ( 'NONE', #4086, #772 ) ;
#5312 = DIRECTION ( 'NONE',  ( 1.000000000000000000, 0.000000000000000000, 0.000000000000000000 ) ) ;
#5313 = CARTESIAN_POINT ( 'NONE',  ( 38.91226136597703089, 2.145243353984934931, -69.43501312778882095 ) ) ;
#5314 = DIRECTION ( 'NONE',  ( 0.000000000000000000, 0.9605132315373741125, -0.2782343114025134234 ) ) ;
#5315 = ORIENTED_EDGE ( 'NONE', *, *, #3462, .T. ) ;
#5316 = CARTESIAN_POINT ( 'NONE',  ( 63.54999999999999716, 2.000000000000000000, 0.000000000000000000 ) ) ;
#5317 = DIRECTION ( 'NONE',  ( -0.000000000000000000, 1.000000000000000000, -0.000000000000000000 ) ) ;
#5318 = DIRECTION ( 'NONE',  ( -1.000000000000000000, 0.000000000000000000, 0.000000000000000000 ) ) ;
#5319 = EDGE_CURVE ( 'NONE', #4053, #3365, #454, .T. ) ;
#5320 = DIRECTION ( 'NONE',  ( 1.015943470557427520E-15, -0.000000000000000000, -1.000000000000000000 ) ) ;
#5321 = CARTESIAN_POINT ( 'NONE',  ( 60.88000000000000256, 6.000000000000000000, -1.660936431984398814E-16 ) ) ;
#5322 = PLANE ( 'NONE',  #1325 ) ;
#5323 = ORIENTED_EDGE ( 'NONE', *, *, #56, .F. ) ;
#5324 = LINE ( 'NONE', #457, #4955 ) ;
#5325 = ORIENTED_EDGE ( 'NONE', *, *, #2519, .F. ) ;
#5326 = VECTOR ( 'NONE', #4716, 1000.000000000000000 ) ;
#5327 = EDGE_LOOP ( 'NONE', ( #1901, #1253, #1708, #3178 ) ) ;
#5328 = CARTESIAN_POINT ( 'NONE',  ( 45.09984732577322575, 3.312859001303468887, -77.01446311828777880 ) ) ;
#5329 = AXIS2_PLACEMENT_3D ( 'NONE', #4078, #1664, #410 ) ;
ENDSEC;
END-ISO-10303-21;
