ISO-10303-21;
HEADER;
FILE_DESCRIPTION (( 'STEP AP214' ),
    '1' );
FILE_NAME ('cable_box_lid.STEP',
    '2026-01-23T00:52:41',
    ( '' ),
    ( '' ),
    'SwSTEP 2.0',
    'SolidWorks 2025',
    '' );
FILE_SCHEMA (( 'AUTOMOTIVE_DESIGN' ));
ENDSEC;

DATA;
#1 = VERTEX_POINT ( 'NONE', #197 ) ;
#2 = CARTESIAN_POINT ( 'NONE',  ( 5.049207500472289389, 34.12534837884204109, 2.000000000000000000 ) ) ;
#3 = PLANE ( 'NONE',  #1500 ) ;
#4 = STYLED_ITEM ( 'NONE', ( #830 ), #1303 ) ;
#5 = ORIENTED_EDGE ( 'NONE', *, *, #2742, .T. ) ;
#6 = CARTESIAN_POINT ( 'NONE',  ( 26.78868308413118271, 0.000000000000000000, 1.499999999999999556 ) ) ;
#7 = AXIS2_PLACEMENT_3D ( 'NONE', #1558, #480, #2164 ) ;
#8 = CARTESIAN_POINT ( 'NONE',  ( 0.000000000000000000, 0.000000000000000000, 2.000000000000000000 ) ) ;
#9 = AXIS2_PLACEMENT_3D ( 'NONE', #2027, #90, #2081 ) ;
#10 = ORIENTED_EDGE ( 'NONE', *, *, #690, .F. ) ;
#11 = CARTESIAN_POINT ( 'NONE',  ( -36.97194292656563874, -35.37465162115807971, 6.499999999999985789 ) ) ;
#12 = ADVANCED_FACE ( 'NONE', ( #2381 ), #179, .F. ) ;
#13 = AXIS2_PLACEMENT_3D ( 'NONE', #685, #211, #2829 ) ;
#14 = PLANE ( 'NONE',  #13 ) ;
#15 = CIRCLE ( 'NONE', #1613, 2.999999999999999112 ) ;
#16 = ORIENTED_EDGE ( 'NONE', *, *, #1137, .T. ) ;
#17 = EDGE_CURVE ( 'NONE', #1461, #550, #2170, .T. ) ;
#18 = CARTESIAN_POINT ( 'NONE',  ( 5.049207500472286725, -35.37465162115796602, 7.000000000000000000 ) ) ;
#19 = VERTEX_POINT ( 'NONE', #2732 ) ;
#20 = CARTESIAN_POINT ( 'NONE',  ( 5.049207500472286725, -35.37465162115796602, 7.000000000000000000 ) ) ;
#21 = DIRECTION ( 'NONE',  ( -1.000000000000000000, 8.256430194546133367E-17, 0.000000000000000000 ) ) ;
#22 = ORIENTED_EDGE ( 'NONE', *, *, #592, .F. ) ;
#23 = CARTESIAN_POINT ( 'NONE',  ( 5.049207500472290278, 27.92534837884204535, 2.000000000000000000 ) ) ;
#24 =( LENGTH_UNIT ( ) NAMED_UNIT ( * ) SI_UNIT ( .MILLI., .METRE. ) );
#25 = ORIENTED_EDGE ( 'NONE', *, *, #1907, .F. ) ;
#26 = LINE ( 'NONE', #485, #394 ) ;
#27 = DIRECTION ( 'NONE',  ( 1.000000000000000000, 0.000000000000000000, 0.000000000000000000 ) ) ;
#28 = DIRECTION ( 'NONE',  ( 0.000000000000000000, -1.000000000000000000, 0.000000000000000000 ) ) ;
#29 = EDGE_CURVE ( 'NONE', #1075, #886, #561, .T. ) ;
#30 = ORIENTED_EDGE ( 'NONE', *, *, #1142, .F. ) ;
#31 = LINE ( 'NONE', #2413, #470 ) ;
#32 = ADVANCED_FACE ( 'NONE', ( #1044 ), #2765, .T. ) ;
#33 = ORIENTED_EDGE ( 'NONE', *, *, #2635, .F. ) ;
#34 = FACE_OUTER_BOUND ( 'NONE', #265, .T. ) ;
#35 = ORIENTED_EDGE ( 'NONE', *, *, #1760, .T. ) ;
#36 = DIRECTION ( 'NONE',  ( 0.000000000000000000, 1.000000000000000000, 0.000000000000000000 ) ) ;
#37 = VERTEX_POINT ( 'NONE', #769 ) ;
#38 = CARTESIAN_POINT ( 'NONE',  ( -37.46131840735563401, 17.83439294907291028, 2.000000000000000000 ) ) ;
#39 = DIRECTION ( 'NONE',  ( 0.000000000000000000, 1.000000000000000000, 0.000000000000000000 ) ) ;
#40 = CARTESIAN_POINT ( 'NONE',  ( -55.51131989884241591, 27.54574907741651302, 2.000000000000000000 ) ) ;
#41 = ORIENTED_EDGE ( 'NONE', *, *, #641, .T. ) ;
#42 = VECTOR ( 'NONE', #1102, 1000.000000000000000 ) ;
#43 = CARTESIAN_POINT ( 'NONE',  ( 22.58868308413118697, -17.16560705092706840, 5.372727272727186865 ) ) ;
#44 = EDGE_CURVE ( 'NONE', #2354, #1, #1204, .T. ) ;
#45 = ORIENTED_EDGE ( 'NONE', *, *, #1760, .F. ) ;
#46 = CARTESIAN_POINT ( 'NONE',  ( -31.96131840735561624, 17.83439294907291028, 0.5000000000000004441 ) ) ;
#47 = EDGE_CURVE ( 'NONE', #1477, #1624, #2366, .T. ) ;
#48 = PLANE ( 'NONE',  #59 ) ;
#49 = ORIENTED_EDGE ( 'NONE', *, *, #2199, .T. ) ;
#50 = CARTESIAN_POINT ( 'NONE',  ( -36.97194292656568138, 30.92534837884262089, 2.000000000000000000 ) ) ;
#51 = LINE ( 'NONE', #2226, #57 ) ;
#52 = CIRCLE ( 'NONE', #736, 69.50000000000042633 ) ;
#53 = ORIENTED_EDGE ( 'NONE', *, *, #1938, .T. ) ;
#54 = AXIS2_PLACEMENT_3D ( 'NONE', #1319, #1539, #245 ) ;
#55 = VECTOR ( 'NONE', #2206, 1000.000000000000000 ) ;
#56 = CARTESIAN_POINT ( 'NONE',  ( 23.58868308413117987, -18.16560705092706840, 6.100000000000000533 ) ) ;
#57 = VECTOR ( 'NONE', #267, 1000.000000000000000 ) ;
#58 = ORIENTED_EDGE ( 'NONE', *, *, #1506, .T. ) ;
#59 = AXIS2_PLACEMENT_3D ( 'NONE', #1826, #916, #2041 ) ;
#60 = CARTESIAN_POINT ( 'NONE',  ( -52.51131989884235196, 25.98834833250714027, 6.499999999999985789 ) ) ;
#61 = ADVANCED_FACE ( 'NONE', ( #2286 ), #332, .F. ) ;
#62 = ORIENTED_EDGE ( 'NONE', *, *, #1991, .T. ) ;
#63 = DIRECTION ( 'NONE',  ( 0.000000000000000000, -1.000000000000000000, 0.000000000000000000 ) ) ;
#64 = CARTESIAN_POINT ( 'NONE',  ( 23.58868308413151027, 12.83439294907292449, 6.100000000000000533 ) ) ;
#65 = CARTESIAN_POINT ( 'NONE',  ( -36.97194292656568138, 27.92534837884204890, 6.499999999999985789 ) ) ;
#66 = ADVANCED_FACE ( 'NONE', ( #2087 ), #994, .T. ) ;
#67 = ORIENTED_EDGE ( 'NONE', *, *, #2791, .F. ) ;
#68 = CARTESIAN_POINT ( 'NONE',  ( 23.08868308413119408, -35.25656248069552134, 6.500000000000013323 ) ) ;
#69 = CARTESIAN_POINT ( 'NONE',  ( -55.07211323870457420, 27.86067139156468642, 6.939206660137852367 ) ) ;
#70 = ORIENTED_EDGE ( 'NONE', *, *, #313, .T. ) ;
#71 = CARTESIAN_POINT ( 'NONE',  ( -55.01131989884243012, -35.25656248069552134, 7.000000000000000000 ) ) ;
#72 = ORIENTED_EDGE ( 'NONE', *, *, #1636, .T. ) ;
#73 = FACE_OUTER_BOUND ( 'NONE', #1909, .T. ) ;
#74 = ORIENTED_EDGE ( 'NONE', *, *, #1802, .T. ) ;
#75 = LINE ( 'NONE', #761, #872 ) ;
#76 = CARTESIAN_POINT ( 'NONE',  ( 22.58868308413117276, 12.83439294907293338, 3.627272727272973007 ) ) ;
#77 = CARTESIAN_POINT ( 'NONE',  ( -58.21131989884241165, -35.45656248069552419, 2.000000000000000000 ) ) ;
#78 = PRODUCT_DEFINITION ( 'UNKNOWN', '', #682, #1567 ) ;
#79 = EDGE_LOOP ( 'NONE', ( #462, #2029, #2005, #1326 ) ) ;
#80 = CARTESIAN_POINT ( 'NONE',  ( 23.58868308413117987, -34.75656248069553556, 7.000000000000000000 ) ) ;
#81 = PLANE ( 'NONE',  #1013 ) ;
#82 = ADVANCED_FACE ( 'NONE', ( #1662 ), #2532, .F. ) ;
#83 = ORIENTED_EDGE ( 'NONE', *, *, #29, .T. ) ;
#84 = CARTESIAN_POINT ( 'NONE',  ( -4.961318407355620685, -22.16560705092670247, -1.000000000000000000 ) ) ;
#85 = ADVANCED_FACE ( 'NONE', ( #2799 ), #2584, .T. ) ;
#86 = EDGE_LOOP ( 'NONE', ( #841, #1534, #1814, #1549 ) ) ;
#87 = LINE ( 'NONE', #1809, #1094 ) ;
#88 = CIRCLE ( 'NONE', #771, 2.499999999999998668 ) ;
#89 = VERTEX_POINT ( 'NONE', #2813 ) ;
#90 = DIRECTION ( 'NONE',  ( 0.000000000000000000, 0.000000000000000000, -1.000000000000000000 ) ) ;
#91 = DIRECTION ( 'NONE',  ( 0.000000000000000000, 1.000000000000000000, 0.000000000000000000 ) ) ;
#92 = B_SPLINE_CURVE_WITH_KNOTS ( 'NONE', 3,
 ( #2649, #497, #483, #1341 ),
 .UNSPECIFIED., .F., .F.,
 ( 4, 4 ),
 ( 0.000000000000000000, 0.0007883261813139606994 ),
 .UNSPECIFIED. ) ;
#93 = ORIENTED_EDGE ( 'NONE', *, *, #17, .T. ) ;
#94 = LINE ( 'NONE', #528, #1358 ) ;
#95 = LINE ( 'NONE', #2426, #1147 ) ;
#96 = ORIENTED_EDGE ( 'NONE', *, *, #1350, .F. ) ;
#97 = EDGE_CURVE ( 'NONE', #2061, #1771, #1301, .T. ) ;
#98 = CARTESIAN_POINT ( 'NONE',  ( -55.51131989884241591, -35.25656248069552134, 2.000000000000000000 ) ) ;
#99 = CIRCLE ( 'NONE', #2336, 5.500000000000018652 ) ;
#100 = VECTOR ( 'NONE', #2760, 1000.000000000000000 ) ;
#101 = EDGE_CURVE ( 'NONE', #2020, #125, #684, .T. ) ;
#102 = VERTEX_POINT ( 'NONE', #50 ) ;
#103 = CARTESIAN_POINT ( 'NONE',  ( -52.67786462031011041, 26.11797497503252785, 6.666544721467749568 ) ) ;
#104 = CIRCLE ( 'NONE', #1233, 5.500000000000018652 ) ;
#105 = VECTOR ( 'NONE', #541, 999.9999999999998863 ) ;
#106 = ORIENTED_EDGE ( 'NONE', *, *, #476, .F. ) ;
#107 = FACE_OUTER_BOUND ( 'NONE', #2025, .T. ) ;
#108 = CARTESIAN_POINT ( 'NONE',  ( 22.58868308413117276, 12.83439294907293160, 6.100000000000000533 ) ) ;
#109 = ORIENTED_EDGE ( 'NONE', *, *, #2808, .T. ) ;
#110 = PLANE ( 'NONE',  #686 ) ;
#111 = CARTESIAN_POINT ( 'NONE',  ( 23.58868308413117987, -17.57982061330016776, 2.900000000000089617 ) ) ;
#112 = ORIENTED_EDGE ( 'NONE', *, *, #931, .F. ) ;
#113 = DIRECTION ( 'NONE',  ( -0.5881716976750459569, 4.030644808337218748E-15, 0.8087360843031886626 ) ) ;
#114 = ORIENTED_EDGE ( 'NONE', *, *, #1920, .T. ) ;
#115 = FACE_OUTER_BOUND ( 'NONE', #1875, .T. ) ;
#116 = EDGE_CURVE ( 'NONE', #2064, #1178, #1529, .T. ) ;
#117 = ORIENTED_EDGE ( 'NONE', *, *, #2030, .F. ) ;
#118 = DIRECTION ( 'NONE',  ( -0.7071067811865475727, -0.000000000000000000, -0.7071067811865475727 ) ) ;
#119 = VECTOR ( 'NONE', #656, 1000.000000000000000 ) ;
#120 = LINE ( 'NONE', #524, #1144 ) ;
#121 = EDGE_CURVE ( 'NONE', #2787, #89, #1248, .T. ) ;
#122 = EDGE_LOOP ( 'NONE', ( #2290, #951, #1995, #2447 ) ) ;
#123 = CARTESIAN_POINT ( 'NONE',  ( -31.96131840735561624, -22.16560705092670247, 0.000000000000000000 ) ) ;
#124 = CARTESIAN_POINT ( 'NONE',  ( 0.03868159264438369993, -22.16560705092670247, 0.5000000000000143219 ) ) ;
#125 = VERTEX_POINT ( 'NONE', #1569 ) ;
#126 = DIRECTION ( 'NONE',  ( 0.7071067811865474617, 0.000000000000000000, 0.7071067811865474617 ) ) ;
#127 = DIRECTION ( 'NONE',  ( -0.5881716976750459569, 4.030644808337218748E-15, -0.8087360843031886626 ) ) ;
#128 = DIRECTION ( 'NONE',  ( 1.000000000000000000, 0.000000000000000000, -0.000000000000000000 ) ) ;
#129 = EDGE_LOOP ( 'NONE', ( #1481, #2012, #844, #83 ) ) ;
#130 = ADVANCED_FACE ( 'NONE', ( #920 ), #2409, .F. ) ;
#131 = CARTESIAN_POINT ( 'NONE',  ( 26.78868308413118271, 0.000000000000000000, 2.000000000000000000 ) ) ;
#132 = FILL_AREA_STYLE ('',( #579 ) ) ;
#133 = ORIENTED_EDGE ( 'NONE', *, *, #641, .F. ) ;
#134 = EDGE_CURVE ( 'NONE', #1574, #1679, #2451, .T. ) ;
#135 = DIRECTION ( 'NONE',  ( -0.000000000000000000, 1.000000000000000000, 0.000000000000000000 ) ) ;
#136 = CARTESIAN_POINT ( 'NONE',  ( -54.51131989884242302, -17.16560705092706840, 5.372727272727186865 ) ) ;
#137 = EDGE_LOOP ( 'NONE', ( #1255, #2651, #944, #811, #192, #908 ) ) ;
#138 = DIRECTION ( 'NONE',  ( 0.000000000000000000, -1.000000000000000000, 0.000000000000000000 ) ) ;
#139 = CARTESIAN_POINT ( 'NONE',  ( -55.01836738512396607, 28.07553667735616187, 6.833355272870493380 ) ) ;
#140 = DIRECTION ( 'NONE',  ( -0.7071067811865474617, 0.000000000000000000, -0.7071067811865474617 ) ) ;
#141 = VECTOR ( 'NONE', #2048, 1000.000000000000000 ) ;
#142 = VECTOR ( 'NONE', #1605, 1000.000000000000000 ) ;
#143 = ORIENTED_EDGE ( 'NONE', *, *, #554, .T. ) ;
#144 = DIRECTION ( 'NONE',  ( 1.000000000000000000, 0.000000000000000000, 0.000000000000000000 ) ) ;
#145 = CIRCLE ( 'NONE', #1466, 5.000000000000004441 ) ;
#146 = SURFACE_SIDE_STYLE ('',( #802 ) ) ;
#147 = EDGE_CURVE ( 'NONE', #2310, #827, #473, .T. ) ;
#148 = AXIS2_PLACEMENT_3D ( 'NONE', #1085, #1486, #846 ) ;
#149 = VERTEX_POINT ( 'NONE', #1550 ) ;
#150 = DIRECTION ( 'NONE',  ( 0.000000000000000000, 0.7071067811865474617, -0.7071067811865474617 ) ) ;
#151 = CARTESIAN_POINT ( 'NONE',  ( -55.71131989884241165, -35.45656248069552419, 1.499999999999999556 ) ) ;
#152 = EDGE_CURVE ( 'NONE', #481, #1990, #1785, .T. ) ;
#153 = VERTEX_POINT ( 'NONE', #2425 ) ;
#154 = DIRECTION ( 'NONE',  ( 0.000000000000000000, 0.000000000000000000, -1.000000000000000000 ) ) ;
#155 = CARTESIAN_POINT ( 'NONE',  ( -53.31131989884274702, 12.83439294907294226, 4.500000000000000888 ) ) ;
#156 = FACE_OUTER_BOUND ( 'NONE', #2187, .T. ) ;
#157 = APPLICATION_CONTEXT ( 'automotive_design' ) ;
#158 = ORIENTED_EDGE ( 'NONE', *, *, #1243, .T. ) ;
#159 = FACE_OUTER_BOUND ( 'NONE', #1211, .T. ) ;
#160 = DIRECTION ( 'NONE',  ( 0.7071067811865474617, 0.000000000000000000, 0.7071067811865474617 ) ) ;
#161 = AXIS2_PLACEMENT_3D ( 'NONE', #2225, #1316, #2439 ) ;
#162 = VERTEX_POINT ( 'NONE', #2669 ) ;
#163 = DIRECTION ( 'NONE',  ( -0.7071067811865474617, 0.000000000000000000, 0.7071067811865474617 ) ) ;
#164 = CARTESIAN_POINT ( 'NONE',  ( 23.58868308413151027, 12.83439294907292449, 2.900000000000000799 ) ) ;
#165 = EDGE_LOOP ( 'NONE', ( #1315, #74, #274 ) ) ;
#166 = EDGE_CURVE ( 'NONE', #2134, #1182, #1070, .T. ) ;
#167 = LINE ( 'NONE', #573, #335 ) ;
#168 = DIRECTION ( 'NONE',  ( 0.5773502691896257311, -0.5773502691896257311, 0.5773502691896257311 ) ) ;
#169 = EDGE_CURVE ( 'NONE', #1670, #1249, #1146, .T. ) ;
#170 = DIRECTION ( 'NONE',  ( 1.000000000000000000, -0.000000000000000000, 0.000000000000000000 ) ) ;
#171 = ORIENTED_EDGE ( 'NONE', *, *, #2721, .F. ) ;
#172 = FACE_OUTER_BOUND ( 'NONE', #1705, .T. ) ;
#173 = DIRECTION ( 'NONE',  ( 1.000000000000000000, -0.000000000000000000, 0.000000000000000000 ) ) ;
#174 = ORIENTED_EDGE ( 'NONE', *, *, #2004, .F. ) ;
#175 = PLANE ( 'NONE',  #502 ) ;
#176 = CARTESIAN_POINT ( 'NONE',  ( -55.51131989884252960, -18.16560705092706840, 2.900000000000000799 ) ) ;
#177 = EDGE_LOOP ( 'NONE', ( #96, #2269, #786, #2642 ) ) ;
#178 = AXIS2_PLACEMENT_3D ( 'NONE', #1084, #250, #1768 ) ;
#179 = PLANE ( 'NONE',  #2811 ) ;
#180 = CARTESIAN_POINT ( 'NONE',  ( -36.97194292656568138, 27.92534837884204890, 7.000000000000000000 ) ) ;
#181 = CARTESIAN_POINT ( 'NONE',  ( -55.71131989884241165, 28.43040892023596200, 0.4999999999999865663 ) ) ;
#182 = EDGE_CURVE ( 'NONE', #2575, #1867, #2196, .T. ) ;
#183 = CARTESIAN_POINT ( 'NONE',  ( -4.961318407355620685, 17.83439294907291028, 0.5000000000000143219 ) ) ;
#184 = EDGE_CURVE ( 'NONE', #2464, #1337, #1025, .T. ) ;
#185 = COLOUR_RGB ( '',0.7921568627450980005, 0.8196078431372548767, 0.9333333333333333481 ) ;
#186 = ORIENTED_EDGE ( 'NONE', *, *, #1530, .T. ) ;
#187 = CARTESIAN_POINT ( 'NONE',  ( -55.71131989884241165, -35.45656248069552419, 0.4999999999999865663 ) ) ;
#188 = CARTESIAN_POINT ( 'NONE',  ( -36.97194292656563164, 34.12534837884262373, 0.4999999999999865663 ) ) ;
#189 = VECTOR ( 'NONE', #2663, 1000.000000000000000 ) ;
#190 = AXIS2_PLACEMENT_3D ( 'NONE', #20, #228, #884 ) ;
#191 = CIRCLE ( 'NONE', #826, 5.500000000000018652 ) ;
#192 = ORIENTED_EDGE ( 'NONE', *, *, #2526, .F. ) ;
#193 = DIRECTION ( 'NONE',  ( -0.000000000000000000, -0.000000000000000000, -1.000000000000000000 ) ) ;
#194 = DIRECTION ( 'NONE',  ( 0.000000000000000000, 0.000000000000000000, 1.000000000000000000 ) ) ;
#195 = VECTOR ( 'NONE', #1063, 1000.000000000000000 ) ;
#196 = ORIENTED_EDGE ( 'NONE', *, *, #363, .T. ) ;
#197 = CARTESIAN_POINT ( 'NONE',  ( -55.01131989884243012, -35.25656248069552134, 6.500000000000013323 ) ) ;
#198 = LINE ( 'NONE', #850, #2708 ) ;
#199 = CARTESIAN_POINT ( 'NONE',  ( -54.51131989884240880, 12.83439294907293160, 2.900000000000000799 ) ) ;
#200 = DIRECTION ( 'NONE',  ( -0.7071067811865474617, 0.000000000000000000, 0.7071067811865474617 ) ) ;
#201 = EDGE_CURVE ( 'NONE', #2051, #2464, #26, .T. ) ;
#202 = ORIENTED_EDGE ( 'NONE', *, *, #1067, .F. ) ;
#203 = CARTESIAN_POINT ( 'NONE',  ( -26.46131840735559848, 17.83439294907291028, 2.000000000000000000 ) ) ;
#204 = FACE_OUTER_BOUND ( 'NONE', #2404, .T. ) ;
#205 = EDGE_CURVE ( 'NONE', #2162, #2529, #239, .T. ) ;
#206 = ORIENTED_EDGE ( 'NONE', *, *, #968, .F. ) ;
#207 = LINE ( 'NONE', #2567, #2279 ) ;
#208 = EDGE_CURVE ( 'NONE', #2493, #1568, #1815, .T. ) ;
#209 = ORIENTED_EDGE ( 'NONE', *, *, #1941, .T. ) ;
#210 = ORIENTED_EDGE ( 'NONE', *, *, #1512, .F. ) ;
#211 = DIRECTION ( 'NONE',  ( 1.000000000000000000, 0.000000000000000000, -0.000000000000000000 ) ) ;
#212 = DIRECTION ( 'NONE',  ( 0.000000000000000000, -1.000000000000000000, 0.000000000000000000 ) ) ;
#213 = VERTEX_POINT ( 'NONE', #710 ) ;
#214 = CARTESIAN_POINT ( 'NONE',  ( -58.21131989884242586, -35.45656248069552419, 0.000000000000000000 ) ) ;
#215 = CARTESIAN_POINT ( 'NONE',  ( 24.63407296008572089, 31.30880243551820286, 1.499999999999999556 ) ) ;
#216 = ADVANCED_FACE ( 'NONE', ( #1089 ), #1332, .F. ) ;
#217 = EDGE_LOOP ( 'NONE', ( #196, #2169, #1414, #1382 ) ) ;
#218 = CARTESIAN_POINT ( 'NONE',  ( -58.71131989884241165, 28.43040892023596200, 1.499999999999999556 ) ) ;
#219 = LINE ( 'NONE', #2608, #745 ) ;
#220 = EDGE_CURVE ( 'NONE', #1806, #883, #266, .T. ) ;
#221 = ORIENTED_EDGE ( 'NONE', *, *, #2370, .F. ) ;
#222 = CARTESIAN_POINT ( 'NONE',  ( -4.961318407355620685, 17.83439294907291028, 0.5000000000000143219 ) ) ;
#223 = CARTESIAN_POINT ( 'NONE',  ( 5.049207500472290278, 27.92534837884204535, 6.499999999999985789 ) ) ;
#224 = VECTOR ( 'NONE', #887, 999.9999999999998863 ) ;
#225 = ORIENTED_EDGE ( 'NONE', *, *, #1019, .T. ) ;
#226 = CARTESIAN_POINT ( 'NONE',  ( 5.049207500473189114, 30.42534837884205956, 7.000000000000000000 ) ) ;
#227 = ORIENTED_EDGE ( 'NONE', *, *, #2709, .F. ) ;
#228 = DIRECTION ( 'NONE',  ( -0.000000000000000000, -0.000000000000000000, -1.000000000000000000 ) ) ;
#229 = FACE_OUTER_BOUND ( 'NONE', #1158, .T. ) ;
#230 = ORIENTED_EDGE ( 'NONE', *, *, #729, .T. ) ;
#231 = DIRECTION ( 'NONE',  ( -0.000000000000000000, 0.000000000000000000, 1.000000000000000000 ) ) ;
#232 = VECTOR ( 'NONE', #2272, 1000.000000000000000 ) ;
#233 = AXIS2_PLACEMENT_3D ( 'NONE', #1841, #733, #1409 ) ;
#234 = LINE ( 'NONE', #1103, #477 ) ;
#235 = ADVANCED_FACE ( 'NONE', ( #1521 ), #638, .F. ) ;
#236 = CIRCLE ( 'NONE', #2519, 2.500000000000002220 ) ;
#237 = AXIS2_PLACEMENT_3D ( 'NONE', #2345, #1713, #2586 ) ;
#238 = ORIENTED_EDGE ( 'NONE', *, *, #2804, .F. ) ;
#239 = LINE ( 'NONE', #68, #981 ) ;
#240 = AXIS2_PLACEMENT_3D ( 'NONE', #389, #1447, #329 ) ;
#241 = DIRECTION ( 'NONE',  ( 0.000000000000000000, 1.000000000000000000, 0.000000000000000000 ) ) ;
#242 = ADVANCED_FACE ( 'NONE', ( #1652 ), #551, .T. ) ;
#243 = AXIS2_PLACEMENT_3D ( 'NONE', #1653, #2528, #570 ) ;
#244 = VERTEX_POINT ( 'NONE', #2055 ) ;
#245 = DIRECTION ( 'NONE',  ( 1.000000000000000000, 0.000000000000000000, 0.000000000000000000 ) ) ;
#246 = VERTEX_POINT ( 'NONE', #540 ) ;
#247 = LINE ( 'NONE', #2, #55 ) ;
#248 = CARTESIAN_POINT ( 'NONE',  ( 23.58868308413117987, -18.16560705092706840, 6.100000000000000533 ) ) ;
#249 = VERTEX_POINT ( 'NONE', #777 ) ;
#250 = DIRECTION ( 'NONE',  ( 0.000000000000000000, 0.000000000000000000, -1.000000000000000000 ) ) ;
#251 = DIRECTION ( 'NONE',  ( -0.000000000000000000, 0.000000000000000000, -1.000000000000000000 ) ) ;
#252 = ORIENTED_EDGE ( 'NONE', *, *, #824, .F. ) ;
#253 = CARTESIAN_POINT ( 'NONE',  ( 5.049207500472289389, 34.12534837884204109, 0.4999999999999865663 ) ) ;
#254 = DIRECTION ( 'NONE',  ( 0.000000000000000000, 0.000000000000000000, -1.000000000000000000 ) ) ;
#255 = VERTEX_POINT ( 'NONE', #765 ) ;
#256 = ADVANCED_FACE ( 'NONE', ( #1159 ), #2525, .F. ) ;
#257 = VECTOR ( 'NONE', #1737, 1000.000000000000114 ) ;
#258 = CARTESIAN_POINT ( 'NONE',  ( -58.71131989884241165, 28.43040892023596200, 0.4999999999999865663 ) ) ;
#259 = ADVANCED_FACE ( 'NONE', ( #1612 ), #1827, .F. ) ;
#260 = ORIENTED_EDGE ( 'NONE', *, *, #450, .T. ) ;
#261 = CARTESIAN_POINT ( 'NONE',  ( -36.97194292656563874, -35.37465162115807971, 2.000000000000000000 ) ) ;
#262 = ORIENTED_EDGE ( 'NONE', *, *, #2389, .F. ) ;
#263 = LINE ( 'NONE', #218, #1313 ) ;
#264 = DIRECTION ( 'NONE',  ( 0.000000000000000000, 0.000000000000000000, 1.000000000000000000 ) ) ;
#265 = EDGE_LOOP ( 'NONE', ( #2668, #1821, #1716, #1871 ) ) ;
#266 = LINE ( 'NONE', #2397, #119 ) ;
#267 = DIRECTION ( 'NONE',  ( 0.000000000000000000, 1.000000000000000000, 0.000000000000000000 ) ) ;
#268 = VERTEX_POINT ( 'NONE', #2483 ) ;
#269 = CARTESIAN_POINT ( 'NONE',  ( 23.58868308413117987, -35.25656248069552134, 6.500000000000013323 ) ) ;
#270 = EDGE_CURVE ( 'NONE', #268, #2162, #2728, .T. ) ;
#271 = ORIENTED_EDGE ( 'NONE', *, *, #1050, .F. ) ;
#272 = CARTESIAN_POINT ( 'NONE',  ( -37.46131840735563401, 17.83439294907291028, 2.000000000000000000 ) ) ;
#273 = EDGE_CURVE ( 'NONE', #583, #782, #94, .T. ) ;
#274 = ORIENTED_EDGE ( 'NONE', *, *, #1632, .F. ) ;
#275 = CARTESIAN_POINT ( 'NONE',  ( -54.51131989884241591, 13.83439294907293160, 7.000000000000000000 ) ) ;
#276 = CARTESIAN_POINT ( 'NONE',  ( -26.46131840735561269, 0.000000000000000000, 0.000000000000000000 ) ) ;
#277 =( NAMED_UNIT ( * ) SI_UNIT ( $, .STERADIAN. ) SOLID_ANGLE_UNIT ( ) );
#278 = UNCERTAINTY_MEASURE_WITH_UNIT (LENGTH_MEASURE( 1.000000000000000082E-05 ), #2538, 'distance_accuracy_value', 'NONE');
#279 = VECTOR ( 'NONE', #1618, 1000.000000000000000 ) ;
#280 = VERTEX_POINT ( 'NONE', #2311 ) ;
#281 = DIRECTION ( 'NONE',  ( 1.000000000000000000, 0.000000000000000000, 0.000000000000000000 ) ) ;
#282 = DIRECTION ( 'NONE',  ( 0.8087360843031885516, 5.579849033620507413E-15, -0.5881716976750460679 ) ) ;
#283 = VECTOR ( 'NONE', #374, 1000.000000000000000 ) ;
#284 = AXIS2_PLACEMENT_3D ( 'NONE', #275, #2678, #2693 ) ;
#285 = ORIENTED_EDGE ( 'NONE', *, *, #1817, .F. ) ;
#286 = VECTOR ( 'NONE', #2241, 1000.000000000000000 ) ;
#287 = CIRCLE ( 'NONE', #650, 63.30000000000001137 ) ;
#288 = CARTESIAN_POINT ( 'NONE',  ( -36.97194292656563874, -35.37465162115807971, 7.000000000000000000 ) ) ;
#289 = CIRCLE ( 'NONE', #431, 69.50000000000000000 ) ;
#290 = EDGE_LOOP ( 'NONE', ( #568, #2047, #1503, #888 ) ) ;
#291 = CARTESIAN_POINT ( 'NONE',  ( -52.84453216983383328, 26.24728648290869160, 6.833212270991409376 ) ) ;
#292 = ORIENTED_EDGE ( 'NONE', *, *, #2260, .T. ) ;
#293 = EDGE_CURVE ( 'NONE', #1178, #1961, #1873, .T. ) ;
#294 = DIRECTION ( 'NONE',  ( 0.000000000000000000, -1.000000000000000000, 0.000000000000000000 ) ) ;
#295 = LINE ( 'NONE', #2695, #518 ) ;
#296 = VERTEX_POINT ( 'NONE', #341 ) ;
#297 = EDGE_CURVE ( 'NONE', #1862, #249, #724, .T. ) ;
#298 = CARTESIAN_POINT ( 'NONE',  ( -26.96131840735561269, 17.83439294907291028, 1.499999999999985789 ) ) ;
#299 = LINE ( 'NONE', #947, #873 ) ;
#300 = ORIENTED_EDGE ( 'NONE', *, *, #1221, .F. ) ;
#301 = LINE ( 'NONE', #269, #286 ) ;
#302 = ORIENTED_EDGE ( 'NONE', *, *, #1087, .T. ) ;
#303 = LINE ( 'NONE', #1194, #867 ) ;
#304 = VERTEX_POINT ( 'NONE', #2254 ) ;
#305 = LINE ( 'NONE', #1166, #1556 ) ;
#306 = FACE_OUTER_BOUND ( 'NONE', #789, .T. ) ;
#307 = B_SPLINE_CURVE_WITH_KNOTS ( 'NONE', 3,
 ( #2022, #291, #103, #60 ),
 .UNSPECIFIED., .F., .F.,
 ( 4, 4 ),
 ( 0.000000000000000000, 0.0008065334429207446885 ),
 .UNSPECIFIED. ) ;
#308 = DIRECTION ( 'NONE',  ( 0.7071067811865474617, 0.000000000000000000, 0.7071067811865474617 ) ) ;
#309 = ADVANCED_FACE ( 'NONE', ( #1212 ), #2278, .T. ) ;
#310 = ORIENTED_EDGE ( 'NONE', *, *, #2494, .F. ) ;
#311 = CARTESIAN_POINT ( 'NONE',  ( -58.71131989884241165, 0.000000000000000000, 0.4999999999999865663 ) ) ;
#312 = CARTESIAN_POINT ( 'NONE',  ( -26.46131840735561269, 17.83439294907291028, 0.000000000000000000 ) ) ;
#313 = EDGE_CURVE ( 'NONE', #2354, #268, #1847, .T. ) ;
#314 = EDGE_LOOP ( 'NONE', ( #2793, #1921, #2473, #730 ) ) ;
#315 = DIRECTION ( 'NONE',  ( 0.000000000000000000, -1.000000000000000000, 0.000000000000000000 ) ) ;
#316 = ORIENTED_EDGE ( 'NONE', *, *, #2079, .F. ) ;
#317 = LINE ( 'NONE', #2287, #2378 ) ;
#318 = CIRCLE ( 'NONE', #178, 5.000000000000004441 ) ;
#319 = ORIENTED_EDGE ( 'NONE', *, *, #205, .T. ) ;
#320 = CARTESIAN_POINT ( 'NONE',  ( -52.51131989884240880, 25.98834833250736409, 6.499999999999985789 ) ) ;
#321 = PLANE ( 'NONE',  #2148 ) ;
#322 = ORIENTED_EDGE ( 'NONE', *, *, #2533, .F. ) ;
#323 = DIRECTION ( 'NONE',  ( 1.000000000000000000, 0.000000000000000000, 0.000000000000000000 ) ) ;
#324 = LINE ( 'NONE', #2280, #702 ) ;
#325 = VECTOR ( 'NONE', #1209, 1000.000000000000000 ) ;
#326 = ORIENTED_EDGE ( 'NONE', *, *, #2107, .T. ) ;
#327 = EDGE_CURVE ( 'NONE', #782, #2043, #1003, .T. ) ;
#328 = AXIS2_PLACEMENT_3D ( 'NONE', #1587, #705, #2232 ) ;
#329 = DIRECTION ( 'NONE',  ( 1.000000000000000000, -5.329244534348783261E-15, 0.000000000000000000 ) ) ;
#330 = AXIS2_PLACEMENT_3D ( 'NONE', #1093, #2643, #1727 ) ;
#331 = VECTOR ( 'NONE', #1751, 1000.000000000000114 ) ;
#332 = PLANE ( 'NONE',  #1715 ) ;
#333 = EDGE_CURVE ( 'NONE', #2166, #519, #1199, .T. ) ;
#334 = DIRECTION ( 'NONE',  ( 0.000000000000000000, -1.000000000000000000, 0.000000000000000000 ) ) ;
#335 = VECTOR ( 'NONE', #1916, 1000.000000000000000 ) ;
#336 = AXIS2_PLACEMENT_3D ( 'NONE', #2352, #1499, #2795 ) ;
#337 = ORIENTED_EDGE ( 'NONE', *, *, #2321, .T. ) ;
#338 = CARTESIAN_POINT ( 'NONE',  ( -36.97194292656563874, 34.12534837884262373, 0.4999999999999865663 ) ) ;
#339 = CARTESIAN_POINT ( 'NONE',  ( 26.78868308413118271, -35.45656248069552419, 0.4999999999999865663 ) ) ;
#340 = VERTEX_POINT ( 'NONE', #1829 ) ;
#341 = CARTESIAN_POINT ( 'NONE',  ( -36.97194292656568138, 30.92534837884262089, 6.500000000000013323 ) ) ;
#342 = CARTESIAN_POINT ( 'NONE',  ( -33.09634962777478506, -12.84159220962789050, -12.91497027106764151 ) ) ;
#343 = ORIENTED_EDGE ( 'NONE', *, *, #1674, .T. ) ;
#344 = CARTESIAN_POINT ( 'NONE',  ( 5.049207500472282284, 33.62534837884204109, 2.000000000000000000 ) ) ;
#345 = ADVANCED_FACE ( 'NONE', ( #1183 ), #2506, .T. ) ;
#346 = VERTEX_POINT ( 'NONE', #2715 ) ;
#347 = FACE_OUTER_BOUND ( 'NONE', #2104, .T. ) ;
#348 = AXIS2_PLACEMENT_3D ( 'NONE', #1878, #1193, #2745 ) ;
#349 = EDGE_CURVE ( 'NONE', #1172, #246, #2415, .T. ) ;
#350 = ORIENTED_EDGE ( 'NONE', *, *, #2245, .F. ) ;
#351 = CARTESIAN_POINT ( 'NONE',  ( -55.71131989884241165, 28.43040892023596200, 2.000000000000000000 ) ) ;
#352 = LINE ( 'NONE', #1882, #420 ) ;
#353 = EDGE_LOOP ( 'NONE', ( #805, #1053, #1220, #2090 ) ) ;
#354 = DIRECTION ( 'NONE',  ( 0.000000000000000000, -1.000000000000000000, 0.000000000000000000 ) ) ;
#355 = LINE ( 'NONE', #1227, #923 ) ;
#356 = EDGE_LOOP ( 'NONE', ( #1101, #210, #1310, #444 ) ) ;
#357 = FACE_OUTER_BOUND ( 'NONE', #2094, .T. ) ;
#358 = DIRECTION ( 'NONE',  ( 6.899468370362299725E-15, -1.000000000000000000, 0.000000000000000000 ) ) ;
#359 = ADVANCED_FACE ( 'NONE', ( #2071 ), #110, .F. ) ;
#360 = EDGE_LOOP ( 'NONE', ( #49, #662, #1764, #2256 ) ) ;
#361 = LINE ( 'NONE', #1054, #2289 ) ;
#362 = LINE ( 'NONE', #1937, #1836 ) ;
#363 = EDGE_CURVE ( 'NONE', #886, #340, #2150, .T. ) ;
#364 = VECTOR ( 'NONE', #1925, 1000.000000000000114 ) ;
#365 = ORIENTED_EDGE ( 'NONE', *, *, #2227, .T. ) ;
#366 = DIRECTION ( 'NONE',  ( 0.000000000000000000, 1.000000000000000000, 0.000000000000000000 ) ) ;
#367 = CARTESIAN_POINT ( 'NONE',  ( 23.78868308413118271, -37.95656248069552419, 2.000000000000000000 ) ) ;
#368 = ORIENTED_EDGE ( 'NONE', *, *, #2370, .T. ) ;
#369 = DIRECTION ( 'NONE',  ( 0.7071067811865475727, 0.000000000000000000, 0.7071067811865475727 ) ) ;
#370 =( GEOMETRIC_REPRESENTATION_CONTEXT ( 3 ) GLOBAL_UNCERTAINTY_ASSIGNED_CONTEXT ( ( #278 ) ) GLOBAL_UNIT_ASSIGNED_CONTEXT ( ( #2538, #2106, #1000 ) ) REPRESENTATION_CONTEXT ( 'NONE', 'WORKASPACE' ) );
#371 = CARTESIAN_POINT ( 'NONE',  ( -55.51131989884241591, -34.75656248069553556, 6.500000000000013323 ) ) ;
#372 = AXIS2_PLACEMENT_3D ( 'NONE', #2346, #128, #787 ) ;
#373 = CONICAL_SURFACE ( 'NONE', #1974, 5.500000000000018652, 0.7853981633974482790 ) ;
#374 = DIRECTION ( 'NONE',  ( 0.7071067811865510144, -0.7071067811865441310, 1.880644016083307294E-14 ) ) ;
#375 = CIRCLE ( 'NONE', #1559, 2.500000000000015987 ) ;
#376 = VECTOR ( 'NONE', #801, 1000.000000000000114 ) ;
#377 = VERTEX_POINT ( 'NONE', #834 ) ;
#378 = DIRECTION ( 'NONE',  ( 0.000000000000000000, -1.000000000000000000, 0.000000000000000000 ) ) ;
#379 = VECTOR ( 'NONE', #2716, 1000.000000000000114 ) ;
#380 = DIRECTION ( 'NONE',  ( 0.000000000000000000, 0.000000000000000000, 1.000000000000000000 ) ) ;
#381 =( BOUNDED_CURVE ( )  B_SPLINE_CURVE ( 3, ( #1631, #545, #1407, #983 ),
 .UNSPECIFIED., .F., .F. ) 
 B_SPLINE_CURVE_WITH_KNOTS ( ( 4, 4 ),
 ( 4.712388980384689674, 6.283185307179586232 ),
 .UNSPECIFIED. ) 
 CURVE ( )  GEOMETRIC_REPRESENTATION_ITEM ( )  RATIONAL_B_SPLINE_CURVE ( ( 1.000000000000000000, 0.8047378541243649375, 0.8047378541243649375, 1.000000000000000000 ) ) 
 REPRESENTATION_ITEM ( '' )  );
#382 = AXIS2_PLACEMENT_3D ( 'NONE', #804, #1681, #1184 ) ;
#383 = EDGE_CURVE ( 'NONE', #1038, #665, #2351, .T. ) ;
#384 = ORIENTED_EDGE ( 'NONE', *, *, #2504, .T. ) ;
#385 = CARTESIAN_POINT ( 'NONE',  ( 22.88908287872508396, 28.48009641286383697, 7.000000000000000000 ) ) ;
#386 = CARTESIAN_POINT ( 'NONE',  ( 20.92189535558065927, 26.24726108239655531, 6.833212271449460751 ) ) ;
#387 = ADVANCED_FACE ( 'NONE', ( #1668 ), #175, .F. ) ;
#388 = EDGE_LOOP ( 'NONE', ( #326, #2393, #1071, #1523 ) ) ;
#389 = CARTESIAN_POINT ( 'NONE',  ( -36.97194292656563874, -35.37465162115807971, 7.000000000000000000 ) ) ;
#390 = DIRECTION ( 'NONE',  ( 0.000000000000000000, 0.000000000000000000, 1.000000000000000000 ) ) ;
#391 = PLANE ( 'NONE',  #1740 ) ;
#392 = ORIENTED_EDGE ( 'NONE', *, *, #2386, .T. ) ;
#393 = PLANE ( 'NONE',  #2063 ) ;
#394 = VECTOR ( 'NONE', #2031, 1000.000000000000000 ) ;
#395 = ORIENTED_EDGE ( 'NONE', *, *, #572, .T. ) ;
#396 = LINE ( 'NONE', #1887, #2144 ) ;
#397 = DIRECTION ( 'NONE',  ( 1.000000000000000000, 0.000000000000000000, 0.000000000000000000 ) ) ;
#398 = EDGE_CURVE ( 'NONE', #255, #2020, #396, .T. ) ;
#399 = EDGE_LOOP ( 'NONE', ( #2714, #368, #1127 ) ) ;
#400 = DIRECTION ( 'NONE',  ( 1.000000000000000000, -1.370567412294658023E-14, 0.000000000000000000 ) ) ;
#401 = FACE_OUTER_BOUND ( 'NONE', #927, .T. ) ;
#402 = EDGE_CURVE ( 'NONE', #2162, #1, #845, .T. ) ;
#403 = FACE_BOUND ( 'NONE', #732, .T. ) ;
#404 = CARTESIAN_POINT ( 'NONE',  ( 5.049207500472286725, -35.37465162115796602, 7.000000000000000000 ) ) ;
#405 = ORIENTED_EDGE ( 'NONE', *, *, #1350, .T. ) ;
#406 = CYLINDRICAL_SURFACE ( 'NONE', #1413, 3.000000000000002665 ) ;
#407 = CARTESIAN_POINT ( 'NONE',  ( -5.461318407355634896, -22.16560705092670247, 2.000000000000000000 ) ) ;
#408 = ORIENTED_EDGE ( 'NONE', *, *, #506, .F. ) ;
#409 = CARTESIAN_POINT ( 'NONE',  ( 5.038681592644388196, 17.83439294907291028, 0.5000000000000143219 ) ) ;
#410 = CARTESIAN_POINT ( 'NONE',  ( -36.97194292656568138, 28.42534837884226917, 7.000000000000000000 ) ) ;
#411 = VERTEX_POINT ( 'NONE', #2363 ) ;
#412 = VECTOR ( 'NONE', #1241, 1000.000000000000000 ) ;
#413 = EDGE_CURVE ( 'NONE', #19, #102, #1900, .T. ) ;
#414 = ORIENTED_EDGE ( 'NONE', *, *, #1918, .F. ) ;
#415 = DIRECTION ( 'NONE',  ( 0.000000000000000000, -0.000000000000000000, -1.000000000000000000 ) ) ;
#416 = CARTESIAN_POINT ( 'NONE',  ( 5.038681592644388196, 17.83439294907291028, -1.000000000000000000 ) ) ;
#417 = EDGE_CURVE ( 'NONE', #280, #2672, #792, .T. ) ;
#418 = VECTOR ( 'NONE', #1537, 1000.000000000000114 ) ;
#419 = CARTESIAN_POINT ( 'NONE',  ( -58.21131989884242586, 28.43040892023596200, 0.000000000000000000 ) ) ;
#420 = VECTOR ( 'NONE', #2751, 1000.000000000000000 ) ;
#421 = EDGE_CURVE ( 'NONE', #411, #1249, #1219, .T. ) ;
#422 = EDGE_LOOP ( 'NONE', ( #692, #1984, #1915, #1040 ) ) ;
#423 = DIRECTION ( 'NONE',  ( 0.7071067811865474617, 0.000000000000000000, 0.7071067811865474617 ) ) ;
#424 = CARTESIAN_POINT ( 'NONE',  ( -55.51131989884241591, 13.83439294907293160, 6.100000000000000533 ) ) ;
#425 = AXIS2_PLACEMENT_3D ( 'NONE', #2050, #1381, #747 ) ;
#426 = AXIS2_PLACEMENT_3D ( 'NONE', #2401, #451, #1765 ) ;
#427 = AXIS2_PLACEMENT_3D ( 'NONE', #1741, #1108, #28 ) ;
#428 = EDGE_LOOP ( 'NONE', ( #2424, #2460, #2215, #2152 ) ) ;
#429 = CARTESIAN_POINT ( 'NONE',  ( 23.58868308413117632, 13.24860651144602386, 6.099999999999757172 ) ) ;
#430 = LINE ( 'NONE', #2181, #2527 ) ;
#431 = AXIS2_PLACEMENT_3D ( 'NONE', #1490, #2384, #838 ) ;
#432 = ORIENTED_EDGE ( 'NONE', *, *, #1274, .T. ) ;
#433 = CARTESIAN_POINT ( 'NONE',  ( 21.38868308413151098, 12.83439294907294226, 4.500000000000000888 ) ) ;
#434 = DIRECTION ( 'NONE',  ( 1.000000000000000000, 0.000000000000000000, 0.000000000000000000 ) ) ;
#435 = CYLINDRICAL_SURFACE ( 'NONE', #871, 69.50000000000000000 ) ;
#436 = EDGE_CURVE ( 'NONE', #340, #2146, #1940, .T. ) ;
#437 = EDGE_LOOP ( 'NONE', ( #580, #504, #227, #1118 ) ) ;
#438 = CARTESIAN_POINT ( 'NONE',  ( 4.733459753475234922E-13, 34.12534837884211214, 1.499999999999999556 ) ) ;
#439 = FACE_OUTER_BOUND ( 'NONE', #2445, .T. ) ;
#440 = EDGE_CURVE ( 'NONE', #296, #102, #1226, .T. ) ;
#441 = ORIENTED_EDGE ( 'NONE', *, *, #486, .T. ) ;
#442 = CARTESIAN_POINT ( 'NONE',  ( 0.000000000000000000, 0.000000000000000000, 0.000000000000000000 ) ) ;
#443 = CARTESIAN_POINT ( 'NONE',  ( -55.09710633646933786, -17.16560705092707195, 3.201246227180523984 ) ) ;
#444 = ORIENTED_EDGE ( 'NONE', *, *, #2619, .F. ) ;
#445 = CARTESIAN_POINT ( 'NONE',  ( 21.38868308413130492, -17.16560705092705774, 4.500000000000000888 ) ) ;
#446 = CARTESIAN_POINT ( 'NONE',  ( 21.08868308413119763, -32.75656248069553556, 7.000000000000000000 ) ) ;
#447 = ORIENTED_EDGE ( 'NONE', *, *, #748, .F. ) ;
#448 = PLANE ( 'NONE',  #1976 ) ;
#449 = ORIENTED_EDGE ( 'NONE', *, *, #205, .F. ) ;
#450 = EDGE_CURVE ( 'NONE', #1611, #1353, #1656, .T. ) ;
#451 = DIRECTION ( 'NONE',  ( 0.000000000000000000, 0.000000000000000000, 1.000000000000000000 ) ) ;
#452 = ORIENTED_EDGE ( 'NONE', *, *, #2301, .T. ) ;
#453 = EDGE_CURVE ( 'NONE', #2049, #1687, #2809, .T. ) ;
#454 = DIRECTION ( 'NONE',  ( 0.8087360843031886626, 0.000000000000000000, 0.5881716976750459569 ) ) ;
#455 = CARTESIAN_POINT ( 'NONE',  ( 5.538681592644402407, 17.83439294907291028, 0.000000000000000000 ) ) ;
#456 = ORIENTED_EDGE ( 'NONE', *, *, #1452, .F. ) ;
#457 = DIRECTION ( 'NONE',  ( 0.000000000000000000, 0.000000000000000000, 1.000000000000000000 ) ) ;
#458 = AXIS2_PLACEMENT_3D ( 'NONE', #569, #2495, #1415 ) ;
#459 = CARTESIAN_POINT ( 'NONE',  ( 0.03868159264438369993, -22.16560705092670247, 1.499999999999985789 ) ) ;
#460 = ORIENTED_EDGE ( 'NONE', *, *, #134, .T. ) ;
#461 = CARTESIAN_POINT ( 'NONE',  ( -52.51131989884240880, -32.25656248069552134, 2.000000000000000000 ) ) ;
#462 = ORIENTED_EDGE ( 'NONE', *, *, #273, .T. ) ;
#463 = FACE_OUTER_BOUND ( 'NONE', #2692, .T. ) ;
#464 = CARTESIAN_POINT ( 'NONE',  ( 5.049207500472286725, -35.37465162115796602, 0.4999999999999865663 ) ) ;
#465 = VERTEX_POINT ( 'NONE', #409 ) ;
#466 = LINE ( 'NONE', #1311, #1266 ) ;
#467 = AXIS2_PLACEMENT_3D ( 'NONE', #320, #118, #1154 ) ;
#468 = CARTESIAN_POINT ( 'NONE',  ( 24.63407296008572089, 31.30880243551820286, 0.4999999999999865663 ) ) ;
#469 = ADVANCED_FACE ( 'NONE', ( #1680 ), #2376, .T. ) ;
#470 = VECTOR ( 'NONE', #1714, 1000.000000000000000 ) ;
#471 = AXIS2_PLACEMENT_3D ( 'NONE', #181, #1492, #1046 ) ;
#472 = ORIENTED_EDGE ( 'NONE', *, *, #744, .T. ) ;
#473 = LINE ( 'NONE', #2640, #2309 ) ;
#474 = AXIS2_PLACEMENT_3D ( 'NONE', #1959, #1504, #434 ) ;
#475 = LINE ( 'NONE', #2268, #1979 ) ;
#476 = EDGE_CURVE ( 'NONE', #1104, #583, #207, .T. ) ;
#477 = VECTOR ( 'NONE', #2780, 1000.000000000000114 ) ;
#478 = FACE_OUTER_BOUND ( 'NONE', #428, .T. ) ;
#479 = ORIENTED_EDGE ( 'NONE', *, *, #152, .T. ) ;
#480 = DIRECTION ( 'NONE',  ( 0.000000000000000000, 0.000000000000000000, -1.000000000000000000 ) ) ;
#481 = VERTEX_POINT ( 'NONE', #2323 ) ;
#482 = DIRECTION ( 'NONE',  ( -0.000000000000000000, 0.000000000000000000, 1.000000000000000000 ) ) ;
#483 = CARTESIAN_POINT ( 'NONE',  ( 23.02181432660776750, 28.09631333516471230, 6.833612290456655636 ) ) ;
#484 = EDGE_LOOP ( 'NONE', ( #490, #1886, #2174, #2488 ) ) ;
#485 = CARTESIAN_POINT ( 'NONE',  ( -5.461318407355634896, -22.16560705092670247, 0.000000000000000000 ) ) ;
#486 = EDGE_CURVE ( 'NONE', #964, #2166, #612, .T. ) ;
#487 = DIRECTION ( 'NONE',  ( 0.000000000000000000, 1.000000000000000000, 0.000000000000000000 ) ) ;
#488 = VECTOR ( 'NONE', #1988, 1000.000000000000114 ) ;
#489 = DIRECTION ( 'NONE',  ( 0.000000000000000000, -0.000000000000000000, -1.000000000000000000 ) ) ;
#490 = ORIENTED_EDGE ( 'NONE', *, *, #587, .T. ) ;
#491 = ADVANCED_FACE ( 'NONE', ( #2110 ), #1485, .T. ) ;
#492 = DIRECTION ( 'NONE',  ( 0.000000000000000000, -0.7071067811865474617, -0.7071067811865474617 ) ) ;
#493 = EDGE_LOOP ( 'NONE', ( #1576, #2539, #441, #1641, #2182, #1263 ) ) ;
#494 = DIRECTION ( 'NONE',  ( -1.000000000000000000, 0.000000000000000000, 0.000000000000000000 ) ) ;
#495 = ORIENTED_EDGE ( 'NONE', *, *, #2124, .F. ) ;
#496 = PLANE ( 'NONE',  #546 ) ;
#497 = CARTESIAN_POINT ( 'NONE',  ( 22.95528528483328401, 28.28826644831006476, 6.666941348073091689 ) ) ;
#498 = VERTEX_POINT ( 'NONE', #1474 ) ;
#499 = CARTESIAN_POINT ( 'NONE',  ( -36.97194292656563874, -35.37465162115807971, 6.499999999999985789 ) ) ;
#500 = DIRECTION ( 'NONE',  ( -1.000000000000000000, 0.000000000000000000, 0.000000000000000000 ) ) ;
#501 = DIRECTION ( 'NONE',  ( 0.000000000000000000, 0.000000000000000000, -1.000000000000000000 ) ) ;
#502 = AXIS2_PLACEMENT_3D ( 'NONE', #385, #581, #193 ) ;
#503 = ADVANCED_FACE ( 'NONE', ( #1707, #2580, #623 ), #914, .F. ) ;
#504 = ORIENTED_EDGE ( 'NONE', *, *, #29, .F. ) ;
#505 = DIRECTION ( 'NONE',  ( -0.000000000000000000, -0.000000000000000000, -1.000000000000000000 ) ) ;
#506 = EDGE_CURVE ( 'NONE', #1453, #2049, #1327, .T. ) ;
#507 = ORIENTED_EDGE ( 'NONE', *, *, #1835, .T. ) ;
#508 = DIRECTION ( 'NONE',  ( 1.000000000000000000, 0.000000000000000000, 0.000000000000000000 ) ) ;
#509 = CARTESIAN_POINT ( 'NONE',  ( 5.049207500472292054, 28.42534837884205956, 7.000000000000000000 ) ) ;
#510 = ORIENTED_EDGE ( 'NONE', *, *, #2562, .T. ) ;
#511 = CARTESIAN_POINT ( 'NONE',  ( 23.08868308413119408, -35.25656248069552134, 6.500000000000013323 ) ) ;
#512 = DIRECTION ( 'NONE',  ( 1.000000000000000000, 0.000000000000000000, 0.000000000000000000 ) ) ;
#513 = AXIS2_PLACEMENT_3D ( 'NONE', #2718, #1391, #2003 ) ;
#514 = AXIS2_PLACEMENT_3D ( 'NONE', #523, #2490, #954 ) ;
#515 = EDGE_LOOP ( 'NONE', ( #1572, #1061, #1742, #1637 ) ) ;
#516 = VECTOR ( 'NONE', #2684, 1000.000000000000114 ) ;
#517 = DIRECTION ( 'NONE',  ( 1.000000000000000000, 0.000000000000000000, 0.000000000000000000 ) ) ;
#518 = VECTOR ( 'NONE', #1355, 1000.000000000000000 ) ;
#519 = VERTEX_POINT ( 'NONE', #2637 ) ;
#520 = CARTESIAN_POINT ( 'NONE',  ( 20.58868308413117987, -32.25656248069552134, 7.000000000000000000 ) ) ;
#521 = EDGE_CURVE ( 'NONE', #2610, #714, #693, .T. ) ;
#522 = ORIENTED_EDGE ( 'NONE', *, *, #644, .F. ) ;
#523 = CARTESIAN_POINT ( 'NONE',  ( 23.78868308413118626, 28.43037995825160991, 0.000000000000000000 ) ) ;
#524 = CARTESIAN_POINT ( 'NONE',  ( 23.58868308413151027, 12.83439294907292449, 6.100000000000000533 ) ) ;
#525 = EDGE_CURVE ( 'NONE', #1351, #2610, #263, .T. ) ;
#526 = DIRECTION ( 'NONE',  ( 0.000000000000000000, -0.7071067811865474617, -0.7071067811865474617 ) ) ;
#527 = ORIENTED_EDGE ( 'NONE', *, *, #2142, .T. ) ;
#528 = CARTESIAN_POINT ( 'NONE',  ( -26.96131840735561269, -22.16560705092670247, -1.000000000000000000 ) ) ;
#529 = CARTESIAN_POINT ( 'NONE',  ( -5.461318407355634896, 17.83439294907291028, 2.000000000000000000 ) ) ;
#530 = EDGE_LOOP ( 'NONE', ( #1787, #2325, #1682 ) ) ;
#531 = CARTESIAN_POINT ( 'NONE',  ( -55.71131989884241165, 28.43040892023596200, 1.499999999999999556 ) ) ;
#532 = ORIENTED_EDGE ( 'NONE', *, *, #997, .T. ) ;
#533 = DIRECTION ( 'NONE',  ( 0.000000000000000000, 0.000000000000000000, -1.000000000000000000 ) ) ;
#534 = EDGE_CURVE ( 'NONE', #827, #1670, #2437, .T. ) ;
#535 = ORIENTED_EDGE ( 'NONE', *, *, #2530, .T. ) ;
#536 = DIRECTION ( 'NONE',  ( -0.7071067811865475727, 0.000000000000000000, 0.7071067811865475727 ) ) ;
#537 = CARTESIAN_POINT ( 'NONE',  ( 26.78868308413118271, 0.000000000000000000, 1.499999999999999556 ) ) ;
#538 = EDGE_CURVE ( 'NONE', #1568, #465, #1086, .T. ) ;
#539 = VERTEX_POINT ( 'NONE', #2624 ) ;
#540 = CARTESIAN_POINT ( 'NONE',  ( -4.961318407355620685, 17.83439294907291028, 1.499999999999985789 ) ) ;
#541 = DIRECTION ( 'NONE',  ( -0.5773502691896257311, -0.5773502691896257311, 0.5773502691896257311 ) ) ;
#542 = ORIENTED_EDGE ( 'NONE', *, *, #2631, .F. ) ;
#543 = CARTESIAN_POINT ( 'NONE',  ( -58.71131989884241165, 28.43040892023596200, 2.000000000000000000 ) ) ;
#544 = VERTEX_POINT ( 'NONE', #875 ) ;
#545 = CARTESIAN_POINT ( 'NONE',  ( -55.09710633646930944, 12.83439294907292449, 3.201246227180681192 ) ) ;
#546 = AXIS2_PLACEMENT_3D ( 'NONE', #1546, #2421, #454 ) ;
#547 = ORIENTED_EDGE ( 'NONE', *, *, #1362, .F. ) ;
#548 = LINE ( 'NONE', #1869, #142 ) ;
#549 = CARTESIAN_POINT ( 'NONE',  ( 22.58868308413118697, -17.16560705092706840, 0.000000000000000000 ) ) ;
#550 = VERTEX_POINT ( 'NONE', #1577 ) ;
#551 = CYLINDRICAL_SURFACE ( 'NONE', #996, 2.999999999999999112 ) ;
#552 = AXIS2_PLACEMENT_3D ( 'NONE', #721, #1155, #1648 ) ;
#553 = FACE_OUTER_BOUND ( 'NONE', #1386, .T. ) ;
#554 = EDGE_CURVE ( 'NONE', #886, #2436, #593, .T. ) ;
#555 = EDGE_LOOP ( 'NONE', ( #1124, #2517, #2080, #1304 ) ) ;
#556 = AXIS2_PLACEMENT_3D ( 'NONE', #1393, #1838, #970 ) ;
#557 = AXIS2_PLACEMENT_3D ( 'NONE', #1985, #1518, #1532 ) ;
#558 = PLANE ( 'NONE',  #2660 ) ;
#559 = EDGE_CURVE ( 'NONE', #1961, #2626, #1297, .T. ) ;
#560 = VECTOR ( 'NONE', #2673, 1000.000000000000000 ) ;
#561 = LINE ( 'NONE', #1711, #2126 ) ;
#562 = CARTESIAN_POINT ( 'NONE',  ( 23.08868308413119408, 27.90423364609826251, 7.000000000000000000 ) ) ;
#563 = AXIS2_PLACEMENT_3D ( 'NONE', #1642, #2543, #1696 ) ;
#564 = AXIS2_PLACEMENT_3D ( 'NONE', #1578, #2010, #681 ) ;
#565 = CARTESIAN_POINT ( 'NONE',  ( -36.96131840735561980, -22.16560705092670247, 1.499999999999985789 ) ) ;
#566 = LINE ( 'NONE', #276, #1748 ) ;
#567 = SHAPE_DEFINITION_REPRESENTATION ( #1710, #1346 ) ;
#568 = ORIENTED_EDGE ( 'NONE', *, *, #97, .T. ) ;
#569 = CARTESIAN_POINT ( 'NONE',  ( -26.46131840735561269, 0.000000000000000000, 0.000000000000000000 ) ) ;
#570 = DIRECTION ( 'NONE',  ( -1.000000000000000000, -6.899468370362299725E-15, 0.000000000000000000 ) ) ;
#571 = ORIENTED_EDGE ( 'NONE', *, *, #2245, .T. ) ;
#572 = EDGE_CURVE ( 'NONE', #610, #1628, #1780, .T. ) ;
#573 = CARTESIAN_POINT ( 'NONE',  ( -56.55670532616316848, 31.30883270405823637, 2.000000000000000000 ) ) ;
#574 = EDGE_CURVE ( 'NONE', #2054, #1288, #88, .T. ) ;
#575 = DIRECTION ( 'NONE',  ( -0.000000000000000000, -0.000000000000000000, 1.000000000000000000 ) ) ;
#576 = DIRECTION ( 'NONE',  ( 1.000000000000000000, 0.000000000000000000, 0.000000000000000000 ) ) ;
#577 = ORIENTED_EDGE ( 'NONE', *, *, #116, .T. ) ;
#578 = CARTESIAN_POINT ( 'NONE',  ( 23.08868308413119408, -35.25656248069552134, 2.000000000000000000 ) ) ;
#579 = FILL_AREA_STYLE_COLOUR ( '', #185 ) ;
#580 = ORIENTED_EDGE ( 'NONE', *, *, #363, .F. ) ;
#581 = DIRECTION ( 'NONE',  ( -0.7071067811865441310, -0.7071067811865510144, 0.000000000000000000 ) ) ;
#582 = CARTESIAN_POINT ( 'NONE',  ( 23.58868308413117987, -34.75656248069553556, 6.500000000000013323 ) ) ;
#583 = VERTEX_POINT ( 'NONE', #2222 ) ;
#584 = DIRECTION ( 'NONE',  ( -0.000000000000000000, 0.000000000000000000, 1.000000000000000000 ) ) ;
#585 = PLANE ( 'NONE',  #1795 ) ;
#586 = DIRECTION ( 'NONE',  ( 0.000000000000000000, 0.000000000000000000, 1.000000000000000000 ) ) ;
#587 = EDGE_CURVE ( 'NONE', #1568, #246, #1966, .T. ) ;
#588 = ORIENTED_EDGE ( 'NONE', *, *, #574, .T. ) ;
#589 = VECTOR ( 'NONE', #2682, 1000.000000000000000 ) ;
#590 = FACE_OUTER_BOUND ( 'NONE', #484, .T. ) ;
#591 = DIRECTION ( 'NONE',  ( -0.7071067811865474617, -0.7071067811865474617, -0.000000000000000000 ) ) ;
#592 = EDGE_CURVE ( 'NONE', #481, #2493, #318, .T. ) ;
#593 = CIRCLE ( 'NONE', #2782, 5.000000000000004441 ) ;
#594 = VERTEX_POINT ( 'NONE', #1128 ) ;
#595 = DIRECTION ( 'NONE',  ( 0.000000000000000000, -1.000000000000000000, 0.000000000000000000 ) ) ;
#596 = CARTESIAN_POINT ( 'NONE',  ( 20.58868308413117987, 25.98832336038012869, 6.499999999999985789 ) ) ;
#597 = ORIENTED_EDGE ( 'NONE', *, *, #1833, .F. ) ;
#598 = DIRECTION ( 'NONE',  ( -0.000000000000000000, 0.000000000000000000, 1.000000000000000000 ) ) ;
#599 = CONICAL_SURFACE ( 'NONE', #956, 69.00000000000042633, 0.7853981633974482790 ) ;
#600 = DIRECTION ( 'NONE',  ( 1.000000000000000000, 0.000000000000000000, 0.000000000000000000 ) ) ;
#601 = AXIS2_PLACEMENT_3D ( 'NONE', #1222, #2319, #1688 ) ;
#602 = LINE ( 'NONE', #2316, #1462 ) ;
#603 = CONICAL_SURFACE ( 'NONE', #2202, 2.500000000000002220, 0.7853981633974457255 ) ;
#604 = ORIENTED_EDGE ( 'NONE', *, *, #476, .T. ) ;
#605 = ADVANCED_FACE ( 'NONE', ( #1733 ), #496, .T. ) ;
#606 = CARTESIAN_POINT ( 'NONE',  ( -36.96131840735561980, 17.83439294907291028, -1.000000000000000000 ) ) ;
#607 = AXIS2_PLACEMENT_3D ( 'NONE', #993, #154, #1672 ) ;
#608 = DIRECTION ( 'NONE',  ( 0.000000000000000000, 0.000000000000000000, -1.000000000000000000 ) ) ;
#609 = AXIS2_PLACEMENT_3D ( 'NONE', #151, #2508, #991 ) ;
#610 = VERTEX_POINT ( 'NONE', #2236 ) ;
#611 = EDGE_CURVE ( 'NONE', #2436, #583, #466, .T. ) ;
#612 = LINE ( 'NONE', #1018, #1175 ) ;
#613 = FACE_OUTER_BOUND ( 'NONE', #530, .T. ) ;
#614 = ORIENTED_EDGE ( 'NONE', *, *, #2530, .F. ) ;
#615 = DIRECTION ( 'NONE',  ( -0.000000000000000000, -0.000000000000000000, -1.000000000000000000 ) ) ;
#616 = LINE ( 'NONE', #416, #1695 ) ;
#617 = CARTESIAN_POINT ( 'NONE',  ( -31.96131840735561624, -22.16560705092670247, -1.000000000000000000 ) ) ;
#618 = VERTEX_POINT ( 'NONE', #1354 ) ;
#619 = DIRECTION ( 'NONE',  ( 0.000000000000000000, -0.000000000000000000, -1.000000000000000000 ) ) ;
#620 = LINE ( 'NONE', #188, #2513 ) ;
#621 = VECTOR ( 'NONE', #2183, 1000.000000000000000 ) ;
#622 = EDGE_LOOP ( 'NONE', ( #1617, #300, #67, #2620 ) ) ;
#623 = FACE_OUTER_BOUND ( 'NONE', #918, .T. ) ;
#624 = FACE_OUTER_BOUND ( 'NONE', #1165, .T. ) ;
#625 = EDGE_CURVE ( 'NONE', #857, #665, #2648, .T. ) ;
#626 = ORIENTED_EDGE ( 'NONE', *, *, #44, .F. ) ;
#627 = DIRECTION ( 'NONE',  ( -6.899468370362299725E-15, -1.000000000000000000, 0.000000000000000000 ) ) ;
#628 = PLANE ( 'NONE',  #1282 ) ;
#629 = ADVANCED_FACE ( 'NONE', ( #666 ), #2335, .T. ) ;
#630 = LINE ( 'NONE', #199, #1463 ) ;
#631 = CARTESIAN_POINT ( 'NONE',  ( 5.049207500472286725, -35.37465162115796602, 2.000000000000000000 ) ) ;
#632 = ORIENTED_EDGE ( 'NONE', *, *, #2403, .T. ) ;
#633 = DIRECTION ( 'NONE',  ( -0.000000000000000000, -0.000000000000000000, 1.000000000000000000 ) ) ;
#634 = CARTESIAN_POINT ( 'NONE',  ( 26.28868308413118271, -35.45656248069552419, 2.000000000000000000 ) ) ;
#635 = EDGE_LOOP ( 'NONE', ( #1892, #759, #1591, #2296 ) ) ;
#636 = CARTESIAN_POINT ( 'NONE',  ( 23.17446952175808406, 12.83439294907292805, 5.798753772819326358 ) ) ;
#637 = CARTESIAN_POINT ( 'NONE',  ( -55.51131989884241591, 13.83439294907293160, 6.100000000000000533 ) ) ;
#638 = CONICAL_SURFACE ( 'NONE', #2234, 63.30000000000033111, 0.7853981633974482790 ) ;
#639 = VERTEX_POINT ( 'NONE', #1073 ) ;
#640 = ORIENTED_EDGE ( 'NONE', *, *, #293, .F. ) ;
#641 = EDGE_CURVE ( 'NONE', #1244, #244, #2822, .T. ) ;
#642 = LINE ( 'NONE', #1724, #2387 ) ;
#643 = FACE_OUTER_BOUND ( 'NONE', #2266, .T. ) ;
#644 = EDGE_CURVE ( 'NONE', #1394, #1374, #1460, .T. ) ;
#645 = FACE_OUTER_BOUND ( 'NONE', #314, .T. ) ;
#646 = ORIENTED_EDGE ( 'NONE', *, *, #2470, .T. ) ;
#647 = DIRECTION ( 'NONE',  ( -0.7071067811865474617, 0.000000000000000000, -0.7071067811865474617 ) ) ;
#648 = DIRECTION ( 'NONE',  ( 0.000000000000000000, 1.000000000000000000, -0.000000000000000000 ) ) ;
#649 = VECTOR ( 'NONE', #1819, 1000.000000000000000 ) ;
#650 = AXIS2_PLACEMENT_3D ( 'NONE', #1396, #1197, #2275 ) ;
#651 = ORIENTED_EDGE ( 'NONE', *, *, #2804, .T. ) ;
#652 = DIRECTION ( 'NONE',  ( 0.000000000000000000, 1.000000000000000000, 0.000000000000000000 ) ) ;
#653 = CARTESIAN_POINT ( 'NONE',  ( -55.51131989884242302, 13.24860651144602208, 6.099999999999755396 ) ) ;
#654 = CIRCLE ( 'NONE', #2069, 66.30000000000055138 ) ;
#655 = EDGE_LOOP ( 'NONE', ( #1776, #432, #2282, #1109 ) ) ;
#656 = DIRECTION ( 'NONE',  ( 1.000000000000000000, 0.000000000000000000, 0.000000000000000000 ) ) ;
#657 = DIRECTION ( 'NONE',  ( 1.000000000000000000, 0.000000000000000000, 0.000000000000000000 ) ) ;
#658 = ADVANCED_FACE ( 'NONE', ( #2262 ), #1824, .F. ) ;
#659 = VERTEX_POINT ( 'NONE', #2723 ) ;
#660 = FACE_OUTER_BOUND ( 'NONE', #1540, .T. ) ;
#661 = EDGE_CURVE ( 'NONE', #1473, #1433, #1275, .T. ) ;
#662 = ORIENTED_EDGE ( 'NONE', *, *, #2317, .F. ) ;
#663 = LINE ( 'NONE', #2633, #915 ) ;
#664 = DIRECTION ( 'NONE',  ( -8.256430194546133367E-17, -1.000000000000000000, 0.000000000000000000 ) ) ;
#665 = VERTEX_POINT ( 'NONE', #750 ) ;
#666 = FACE_OUTER_BOUND ( 'NONE', #1469, .T. ) ;
#667 = LINE ( 'NONE', #1287, #2072 ) ;
#668 = VECTOR ( 'NONE', #1406, 1000.000000000000000 ) ;
#669 = EDGE_LOOP ( 'NONE', ( #767, #202, #1943, #252 ) ) ;
#670 = DIRECTION ( 'NONE',  ( 0.7071067811865474617, 0.7071067811865474617, -0.000000000000000000 ) ) ;
#671 = CARTESIAN_POINT ( 'NONE',  ( 23.78868308413118271, -37.95656248069553840, 0.000000000000000000 ) ) ;
#672 = ORIENTED_EDGE ( 'NONE', *, *, #2338, .F. ) ;
#673 = DIRECTION ( 'NONE',  ( -1.000000000000000000, 0.000000000000000000, 0.000000000000000000 ) ) ;
#674 = ORIENTED_EDGE ( 'NONE', *, *, #572, .F. ) ;
#675 = PLANE ( 'NONE',  #1508 ) ;
#676 = DIRECTION ( 'NONE',  ( 0.000000000000000000, -0.000000000000000000, 1.000000000000000000 ) ) ;
#677 = EDGE_CURVE ( 'NONE', #803, #1285, #1693, .T. ) ;
#678 = EDGE_LOOP ( 'NONE', ( #2313, #2261, #2205, #772 ) ) ;
#679 = CARTESIAN_POINT ( 'NONE',  ( 0.03868159264438369993, 17.83439294907291028, 0.5000000000000143219 ) ) ;
#680 = ADVANCED_FACE ( 'NONE', ( #107 ), #1007, .T. ) ;
#681 = DIRECTION ( 'NONE',  ( 1.000000000000000000, 0.000000000000000000, 0.000000000000000000 ) ) ;
#682 = PRODUCT_DEFINITION_FORMATION_WITH_SPECIFIED_SOURCE ( 'ANY', '', #2535, .NOT_KNOWN. ) ;
#683 = ORIENTED_EDGE ( 'NONE', *, *, #506, .T. ) ;
#684 = LINE ( 'NONE', #2238, #1904 ) ;
#685 = CARTESIAN_POINT ( 'NONE',  ( -58.71131989884241165, 0.000000000000000000, 2.000000000000000000 ) ) ;
#686 = AXIS2_PLACEMENT_3D ( 'NONE', #1859, #1638, #2297 ) ;
#687 = CARTESIAN_POINT ( 'NONE',  ( 26.28868308413119692, -35.45656248069552419, 0.000000000000000000 ) ) ;
#688 = ORIENTED_EDGE ( 'NONE', *, *, #1033, .T. ) ;
#689 = DIRECTION ( 'NONE',  ( 1.000000000000000000, -8.256430194546133367E-17, 0.000000000000000000 ) ) ;
#690 = EDGE_CURVE ( 'NONE', #1433, #827, #695, .T. ) ;
#691 = B_SPLINE_CURVE_WITH_KNOTS ( 'NONE', 3,
 ( #596, #2729, #386, #1669 ),
 .UNSPECIFIED., .F., .F.,
 ( 4, 4 ),
 ( 0.000000000000000000, 0.0008065331343250888236 ),
 .UNSPECIFIED. ) ;
#692 = ORIENTED_EDGE ( 'NONE', *, *, #2367, .T. ) ;
#693 = LINE ( 'NONE', #1755, #1405 ) ;
#694 = CONICAL_SURFACE ( 'NONE', #1412, 69.50000000000000000, 0.7853981633974482790 ) ;
#695 = CIRCLE ( 'NONE', #9, 2.999999999999999112 ) ;
#696 = LINE ( 'NONE', #2680, #1284 ) ;
#697 = ADVANCED_FACE ( 'NONE', ( #928 ), #2249, .F. ) ;
#698 = ORIENTED_EDGE ( 'NONE', *, *, #1123, .F. ) ;
#699 = CARTESIAN_POINT ( 'NONE',  ( 26.78868308413118271, -35.45656248069552419, 0.000000000000000000 ) ) ;
#700 = VECTOR ( 'NONE', #2614, 1000.000000000000114 ) ;
#701 = DIRECTION ( 'NONE',  ( 0.000000000000000000, -0.000000000000000000, -1.000000000000000000 ) ) ;
#702 = VECTOR ( 'NONE', #1860, 1000.000000000000000 ) ;
#703 = LINE ( 'NONE', #1573, #560 ) ;
#704 = ORIENTED_EDGE ( 'NONE', *, *, #121, .T. ) ;
#705 = DIRECTION ( 'NONE',  ( -0.000000000000000000, -0.000000000000000000, -1.000000000000000000 ) ) ;
#706 = EDGE_LOOP ( 'NONE', ( #58, #1767, #2322, #510 ) ) ;
#707 = CARTESIAN_POINT ( 'NONE',  ( 22.88908287872508396, 28.48009641286383697, 2.000000000000000000 ) ) ;
#708 = ADVANCED_FACE ( 'NONE', ( #1179 ), #1634, .F. ) ;
#709 = ORIENTED_EDGE ( 'NONE', *, *, #764, .F. ) ;
#710 = CARTESIAN_POINT ( 'NONE',  ( 23.58868308413117987, 27.78049620745774817, 6.500000000000013323 ) ) ;
#711 = CARTESIAN_POINT ( 'NONE',  ( 20.58868308413117987, -32.25656248069552134, 7.000000000000000000 ) ) ;
#712 = ADVANCED_FACE ( 'NONE', ( #2065, #1647 ), #941, .F. ) ;
#713 = VECTOR ( 'NONE', #879, 1000.000000000000114 ) ;
#714 = VERTEX_POINT ( 'NONE', #720 ) ;
#715 = CARTESIAN_POINT ( 'NONE',  ( 23.78868308413118626, 28.43037995825160991, 0.000000000000000000 ) ) ;
#716 = EDGE_CURVE ( 'NONE', #794, #2162, #548, .T. ) ;
#717 = ORIENTED_EDGE ( 'NONE', *, *, #1802, .F. ) ;
#718 = FACE_OUTER_BOUND ( 'NONE', #2681, .T. ) ;
#719 = EDGE_LOOP ( 'NONE', ( #1356, #2390, #1066, #912 ) ) ;
#720 = CARTESIAN_POINT ( 'NONE',  ( -58.21131989884241165, 28.43040892023596200, 2.000000000000000000 ) ) ;
#721 = CARTESIAN_POINT ( 'NONE',  ( -31.96131840735561624, 17.83439294907291028, 1.499999999999985789 ) ) ;
#722 = FACE_OUTER_BOUND ( 'NONE', #177, .T. ) ;
#723 = VERTEX_POINT ( 'NONE', #973 ) ;
#724 = LINE ( 'NONE', #311, #856 ) ;
#725 = PLANE ( 'NONE',  #1747 ) ;
#726 = ORIENTED_EDGE ( 'NONE', *, *, #1001, .F. ) ;
#727 = EDGE_CURVE ( 'NONE', #346, #618, #2274, .T. ) ;
#728 = LINE ( 'NONE', #1134, #1884 ) ;
#729 = EDGE_CURVE ( 'NONE', #2064, #1750, #75, .T. ) ;
#730 = ORIENTED_EDGE ( 'NONE', *, *, #440, .T. ) ;
#731 = CARTESIAN_POINT ( 'NONE',  ( -0.000000000000000000, -37.95656248069553840, 0.000000000000000000 ) ) ;
#732 = EDGE_LOOP ( 'NONE', ( #672, #1114, #2153, #2037, #1939, #1489, #2797, #2208, #456, #1719 ) ) ;
#733 = DIRECTION ( 'NONE',  ( 0.7071067811865475727, 0.7071067811865475727, 0.000000000000000000 ) ) ;
#734 = DIRECTION ( 'NONE',  ( 0.000000000000000000, -1.000000000000000000, 0.000000000000000000 ) ) ;
#735 = DIRECTION ( 'NONE',  ( 1.000000000000000000, 0.000000000000000000, 0.000000000000000000 ) ) ;
#736 = AXIS2_PLACEMENT_3D ( 'NONE', #1678, #999, #2576 ) ;
#737 = ORIENTED_EDGE ( 'NONE', *, *, #1106, .T. ) ;
#738 = DIRECTION ( 'NONE',  ( -1.000000000000000000, 0.000000000000000000, -0.000000000000000000 ) ) ;
#739 = DIRECTION ( 'NONE',  ( -0.8087360843031885516, 5.579849033620507413E-15, -0.5881716976750460679 ) ) ;
#740 = VECTOR ( 'NONE', #1322, 1000.000000000000000 ) ;
#741 = ORIENTED_EDGE ( 'NONE', *, *, #166, .T. ) ;
#742 = VECTOR ( 'NONE', #1021, 1000.000000000000000 ) ;
#743 = CARTESIAN_POINT ( 'NONE',  ( -26.46131840735559848, -22.16560705092670247, 2.000000000000000000 ) ) ;
#744 = EDGE_CURVE ( 'NONE', #714, #2821, #1196, .T. ) ;
#745 = VECTOR ( 'NONE', #1533, 1000.000000000000000 ) ;
#746 = ORIENTED_EDGE ( 'NONE', *, *, #2703, .F. ) ;
#747 = DIRECTION ( 'NONE',  ( -1.000000000000000000, 0.000000000000000000, 0.000000000000000000 ) ) ;
#748 = EDGE_CURVE ( 'NONE', #2632, #2605, #2518, .T. ) ;
#749 = ORIENTED_EDGE ( 'NONE', *, *, #2004, .T. ) ;
#750 = CARTESIAN_POINT ( 'NONE',  ( -53.31131989884254097, -17.16560705092705774, 4.500000000000000888 ) ) ;
#751 = LINE ( 'NONE', #64, #917 ) ;
#752 = ORIENTED_EDGE ( 'NONE', *, *, #1087, .F. ) ;
#753 = CARTESIAN_POINT ( 'NONE',  ( 0.03868159264438369993, 17.83439294907291028, 1.499999999999985789 ) ) ;
#754 = CARTESIAN_POINT ( 'NONE',  ( -52.51131989884240880, 25.98834833250736409, 6.499999999999985789 ) ) ;
#755 = ORIENTED_EDGE ( 'NONE', *, *, #2175, .F. ) ;
#756 = DIRECTION ( 'NONE',  ( 6.852837061473290116E-15, -1.000000000000000000, -0.000000000000000000 ) ) ;
#757 = EDGE_LOOP ( 'NONE', ( #2035, #2588, #2131, #640 ) ) ;
#758 = DIRECTION ( 'NONE',  ( -1.000000000000000000, 0.000000000000000000, 0.000000000000000000 ) ) ;
#759 = ORIENTED_EDGE ( 'NONE', *, *, #1206, .T. ) ;
#760 = ADVANCED_FACE ( 'NONE', ( #773 ), #1427, .T. ) ;
#761 = CARTESIAN_POINT ( 'NONE',  ( 5.049207500472291166, 30.92534837884204535, 6.500000000000013323 ) ) ;
#762 = LINE ( 'NONE', #774, #1278 ) ;
#763 = ORIENTED_EDGE ( 'NONE', *, *, #780, .F. ) ;
#764 = EDGE_CURVE ( 'NONE', #296, #2134, #305, .T. ) ;
#765 = CARTESIAN_POINT ( 'NONE',  ( -55.01131989884243012, -35.25656248069552134, 2.000000000000000000 ) ) ;
#766 = DIRECTION ( 'NONE',  ( 1.000000000000000000, 0.000000000000000000, 0.000000000000000000 ) ) ;
#767 = ORIENTED_EDGE ( 'NONE', *, *, #727, .T. ) ;
#768 = CARTESIAN_POINT ( 'NONE',  ( 5.038681592644388196, -22.16560705092670247, 0.5000000000000143219 ) ) ;
#769 = CARTESIAN_POINT ( 'NONE',  ( -56.55670532616316848, 31.30883270405823637, 0.4999999999999865663 ) ) ;
#770 = DIRECTION ( 'NONE',  ( -1.000000000000000000, 0.000000000000000000, 0.000000000000000000 ) ) ;
#771 = AXIS2_PLACEMENT_3D ( 'NONE', #2009, #482, #1340 ) ;
#772 = ORIENTED_EDGE ( 'NONE', *, *, #2808, .F. ) ;
#773 = FACE_OUTER_BOUND ( 'NONE', #1153, .T. ) ;
#774 = CARTESIAN_POINT ( 'NONE',  ( 26.78868308413118271, 28.43037995825160991, 0.4999999999999865663 ) ) ;
#775 = EDGE_CURVE ( 'NONE', #498, #2605, #1885, .T. ) ;
#776 = ORIENTED_EDGE ( 'NONE', *, *, #273, .F. ) ;
#777 = CARTESIAN_POINT ( 'NONE',  ( -58.71131989884241165, -35.45656248069552419, 0.4999999999999865663 ) ) ;
#778 = AXIS2_PLACEMENT_3D ( 'NONE', #1505, #2157, #1946 ) ;
#779 = FACE_OUTER_BOUND ( 'NONE', #1150, .T. ) ;
#780 = EDGE_CURVE ( 'NONE', #2529, #1088, #1910, .T. ) ;
#781 = AXIS2_PLACEMENT_3D ( 'NONE', #895, #1113, #2645 ) ;
#782 = VERTEX_POINT ( 'NONE', #1454 ) ;
#783 = AXIS2_PLACEMENT_3D ( 'NONE', #1384, #1589, #508 ) ;
#784 = LINE ( 'NONE', #2572, #742 ) ;
#785 = AXIS2_PLACEMENT_3D ( 'NONE', #1232, #168, #839 ) ;
#786 = ORIENTED_EDGE ( 'NONE', *, *, #1660, .F. ) ;
#787 = DIRECTION ( 'NONE',  ( -0.000000000000000000, 0.000000000000000000, -1.000000000000000000 ) ) ;
#788 = CIRCLE ( 'NONE', #240, 63.80000000000034532 ) ;
#789 = EDGE_LOOP ( 'NONE', ( #527, #836, #2595, #143 ) ) ;
#790 = FACE_OUTER_BOUND ( 'NONE', #1240, .T. ) ;
#791 = ORIENTED_EDGE ( 'NONE', *, *, #2770, .F. ) ;
#792 = LINE ( 'NONE', #2122, #2459 ) ;
#793 = LINE ( 'NONE', #342, #105 ) ;
#794 = VERTEX_POINT ( 'NONE', #578 ) ;
#795 = EDGE_CURVE ( 'NONE', #1075, #2632, #361, .T. ) ;
#796 = FACE_OUTER_BOUND ( 'NONE', #1526, .T. ) ;
#797 = DIRECTION ( 'NONE',  ( 0.000000000000000000, -0.000000000000000000, -1.000000000000000000 ) ) ;
#798 = ADVANCED_FACE ( 'NONE', ( #2776 ), #813, .T. ) ;
#799 = CYLINDRICAL_SURFACE ( 'NONE', #2792, 5.000000000000004441 ) ;
#800 = ORIENTED_EDGE ( 'NONE', *, *, #2076, .F. ) ;
#801 = DIRECTION ( 'NONE',  ( 0.5773502691896285066, -0.5773502691896243988, 0.5773502691896243988 ) ) ;
#802 = SURFACE_STYLE_FILL_AREA ( #132 ) ;
#803 = VERTEX_POINT ( 'NONE', #2091 ) ;
#804 = CARTESIAN_POINT ( 'NONE',  ( 5.049207500472286725, -35.37465162115796602, 7.000000000000000000 ) ) ;
#805 = ORIENTED_EDGE ( 'NONE', *, *, #2303, .T. ) ;
#806 = CARTESIAN_POINT ( 'NONE',  ( 20.58868308413117987, 25.98832336038012869, 7.000000000000000000 ) ) ;
#807 = LINE ( 'NONE', #2784, #1052 ) ;
#808 = EDGE_CURVE ( 'NONE', #594, #2166, #1717, .T. ) ;
#809 = FACE_OUTER_BOUND ( 'NONE', #2803, .T. ) ;
#810 = ADVANCED_FACE ( 'NONE', ( #159 ), #2537, .T. ) ;
#811 = ORIENTED_EDGE ( 'NONE', *, *, #1239, .T. ) ;
#812 = VECTOR ( 'NONE', #945, 1000.000000000000000 ) ;
#813 = PLANE ( 'NONE',  #601 ) ;
#814 = DIRECTION ( 'NONE',  ( -0.8087360843031885516, -5.579849033620507413E-15, -0.5881716976750460679 ) ) ;
#815 = ORIENTED_EDGE ( 'NONE', *, *, #2230, .F. ) ;
#816 = CARTESIAN_POINT ( 'NONE',  ( 23.58868308413117987, 13.83439294907293160, 6.100000000000000533 ) ) ;
#817 = CARTESIAN_POINT ( 'NONE',  ( 24.63407296008572089, 31.30880243551820286, 2.000000000000000000 ) ) ;
#818 = ORIENTED_EDGE ( 'NONE', *, *, #270, .F. ) ;
#819 = PLANE ( 'NONE',  #563 ) ;
#820 = DIRECTION ( 'NONE',  ( 0.000000000000000000, 1.000000000000000000, 0.000000000000000000 ) ) ;
#821 = CONICAL_SURFACE ( 'NONE', #2468, 5.500000000000018652, 0.7853981633974482790 ) ;
#822 = VECTOR ( 'NONE', #378, 1000.000000000000000 ) ;
#823 = PLANE ( 'NONE',  #2201 ) ;
#824 = EDGE_CURVE ( 'NONE', #346, #37, #52, .T. ) ;
#825 = AXIS2_PLACEMENT_3D ( 'NONE', #531, #2498, #2702 ) ;
#826 = AXIS2_PLACEMENT_3D ( 'NONE', #2001, #489, #903 ) ;
#827 = VERTEX_POINT ( 'NONE', #2763 ) ;
#828 = CARTESIAN_POINT ( 'NONE',  ( 20.58868308413117987, -32.25656248069552134, 2.000000000000000000 ) ) ;
#829 = AXIS2_PLACEMENT_3D ( 'NONE', #2531, #584, #1905 ) ;
#830 = PRESENTATION_STYLE_ASSIGNMENT (( #1704 ) ) ;
#831 = EDGE_CURVE ( 'NONE', #886, #1679, #1881, .T. ) ;
#832 = VECTOR ( 'NONE', #1060, 1000.000000000000000 ) ;
#833 = ORIENTED_EDGE ( 'NONE', *, *, #1623, .T. ) ;
#834 = CARTESIAN_POINT ( 'NONE',  ( -55.51131989884252960, -18.16560705092706840, 2.900000000000000799 ) ) ;
#835 = LINE ( 'NONE', #410, #2298 ) ;
#836 = ORIENTED_EDGE ( 'NONE', *, *, #1738, .T. ) ;
#837 = DIRECTION ( 'NONE',  ( -0.1992592561249336702, 0.6784509922231208856, -0.7071067811865481278 ) ) ;
#838 = DIRECTION ( 'NONE',  ( 1.000000000000000000, 0.000000000000000000, 0.000000000000000000 ) ) ;
#839 = DIRECTION ( 'NONE',  ( 0.7071067811865474617, 0.000000000000000000, -0.7071067811865474617 ) ) ;
#840 = DIRECTION ( 'NONE',  ( 0.000000000000000000, 0.000000000000000000, 1.000000000000000000 ) ) ;
#841 = ORIENTED_EDGE ( 'NONE', *, *, #2617, .F. ) ;
#842 = DIRECTION ( 'NONE',  ( -0.000000000000000000, 0.000000000000000000, -1.000000000000000000 ) ) ;
#843 = ADVANCED_FACE ( 'NONE', ( #790 ), #2105, .T. ) ;
#844 = ORIENTED_EDGE ( 'NONE', *, *, #795, .F. ) ;
#845 = LINE ( 'NONE', #1720, #2507 ) ;
#846 = DIRECTION ( 'NONE',  ( 1.000000000000000000, 0.000000000000000000, 0.000000000000000000 ) ) ;
#847 = ADVANCED_FACE ( 'NONE', ( #2549 ), #373, .F. ) ;
#848 = ORIENTED_EDGE ( 'NONE', *, *, #2454, .T. ) ;
#849 = ORIENTED_EDGE ( 'NONE', *, *, #2533, .T. ) ;
#850 = CARTESIAN_POINT ( 'NONE',  ( -36.96131840735561980, -22.16560705092670247, 1.499999999999985789 ) ) ;
#851 = DIRECTION ( 'NONE',  ( 1.000000000000000000, 0.000000000000000000, 0.000000000000000000 ) ) ;
#852 = CARTESIAN_POINT ( 'NONE',  ( 0.03868159264438369993, 17.83439294907291028, -1.000000000000000000 ) ) ;
#853 = ORIENTED_EDGE ( 'NONE', *, *, #525, .F. ) ;
#854 = CARTESIAN_POINT ( 'NONE',  ( 21.08868308413119763, 26.37626110894839826, 7.000000000000000000 ) ) ;
#855 = CARTESIAN_POINT ( 'NONE',  ( 5.049207500472286725, -35.37465162115796602, 2.000000000000000000 ) ) ;
#856 = VECTOR ( 'NONE', #354, 1000.000000000000000 ) ;
#857 = VERTEX_POINT ( 'NONE', #2748 ) ;
#858 = DIRECTION ( 'NONE',  ( 1.000000000000000000, 0.000000000000000000, 0.000000000000000000 ) ) ;
#859 = CARTESIAN_POINT ( 'NONE',  ( -55.51131989884240880, -17.57982061330016776, 2.900000000000093170 ) ) ;
#860 = ADVANCED_FACE ( 'NONE', ( #590 ), #393, .T. ) ;
#861 = ORIENTED_EDGE ( 'NONE', *, *, #1674, .F. ) ;
#862 = DIRECTION ( 'NONE',  ( 1.000000000000000000, 0.000000000000000000, 0.000000000000000000 ) ) ;
#863 = DIRECTION ( 'NONE',  ( 0.1992603046779694020, 0.6784506842649981051, -0.7071067811865465735 ) ) ;
#864 = EDGE_CURVE ( 'NONE', #659, #1806, #2132, .T. ) ;
#865 = FACE_OUTER_BOUND ( 'NONE', #1002, .T. ) ;
#866 = CYLINDRICAL_SURFACE ( 'NONE', #330, 1.000000000000000888 ) ;
#867 = VECTOR ( 'NONE', #2244, 1000.000000000000000 ) ;
#868 = ORIENTED_EDGE ( 'NONE', *, *, #1907, .T. ) ;
#869 = FACE_OUTER_BOUND ( 'NONE', #1168, .T. ) ;
#870 = DIRECTION ( 'NONE',  ( 0.8766263374279016363, -0.4811717619808364987, 0.000000000000000000 ) ) ;
#871 = AXIS2_PLACEMENT_3D ( 'NONE', #631, #1111, #1078 ) ;
#872 = VECTOR ( 'NONE', #2736, 1000.000000000000114 ) ;
#873 = VECTOR ( 'NONE', #2698, 1000.000000000000000 ) ;
#874 = ORIENTED_EDGE ( 'NONE', *, *, #2124, .T. ) ;
#875 = CARTESIAN_POINT ( 'NONE',  ( -56.41580775494304589, 30.82909540675451510, 0.000000000000000000 ) ) ;
#876 = LINE ( 'NONE', #2395, #832 ) ;
#877 = AXIS2_PLACEMENT_3D ( 'NONE', #943, #2210, #735 ) ;
#878 = ORIENTED_EDGE ( 'NONE', *, *, #2423, .T. ) ;
#879 = DIRECTION ( 'NONE',  ( -9.813077866773995225E-15, -0.7071067811865376918, -0.7071067811865573427 ) ) ;
#880 = ORIENTED_EDGE ( 'NONE', *, *, #997, .F. ) ;
#881 = ADVANCED_FACE ( 'NONE', ( #172 ), #1482, .T. ) ;
#882 = CARTESIAN_POINT ( 'NONE',  ( 22.58868308413118697, -17.16560705092706485, 3.627272727272814024 ) ) ;
#883 = VERTEX_POINT ( 'NONE', #828 ) ;
#884 = DIRECTION ( 'NONE',  ( 1.000000000000000000, 4.459163794046963506E-15, 0.000000000000000000 ) ) ;
#885 = CARTESIAN_POINT ( 'NONE',  ( 23.78868308413118271, -38.45656248069552419, 1.499999999999999556 ) ) ;
#886 = VERTEX_POINT ( 'NONE', #1703 ) ;
#887 = DIRECTION ( 'NONE',  ( 0.7071067811865510144, -0.7071067811865441310, 0.000000000000000000 ) ) ;
#888 = ORIENTED_EDGE ( 'NONE', *, *, #1348, .F. ) ;
#889 = DIRECTION ( 'NONE',  ( 1.000000000000000000, 0.000000000000000000, 0.000000000000000000 ) ) ;
#890 = DIRECTION ( 'NONE',  ( -0.000000000000000000, -0.000000000000000000, -1.000000000000000000 ) ) ;
#891 = LINE ( 'NONE', #2172, #418 ) ;
#892 = DIRECTION ( 'NONE',  ( 1.000000000000000000, 0.000000000000000000, 0.000000000000000000 ) ) ;
#893 = ADVANCED_FACE ( 'NONE', ( #2360 ), #406, .T. ) ;
#894 = ORIENTED_EDGE ( 'NONE', *, *, #1192, .T. ) ;
#895 = CARTESIAN_POINT ( 'NONE',  ( 23.58868308413117987, 27.78049620745774817, 6.500000000000013323 ) ) ;
#896 = EDGE_CURVE ( 'NONE', #249, #1300, #2242, .T. ) ;
#897 = ORIENTED_EDGE ( 'NONE', *, *, #383, .T. ) ;
#898 = CARTESIAN_POINT ( 'NONE',  ( -4.961318407355620685, 17.83439294907291028, -1.000000000000000000 ) ) ;
#899 = PLANE ( 'NONE',  #1661 ) ;
#900 = ORIENTED_EDGE ( 'NONE', *, *, #2353, .F. ) ;
#901 = DIRECTION ( 'NONE',  ( 0.000000000000000000, 0.000000000000000000, -1.000000000000000000 ) ) ;
#902 = LINE ( 'NONE', #1594, #2246 ) ;
#903 = DIRECTION ( 'NONE',  ( 1.000000000000000000, 0.000000000000000000, 0.000000000000000000 ) ) ;
#904 = VECTOR ( 'NONE', #1253, 1000.000000000000000 ) ;
#905 = EDGE_LOOP ( 'NONE', ( #2125, #969, #106, #542 ) ) ;
#906 = DIRECTION ( 'NONE',  ( 1.000000000000000000, 0.000000000000000000, 0.000000000000000000 ) ) ;
#907 = CIRCLE ( 'NONE', #2015, 63.30000000000033111 ) ;
#908 = ORIENTED_EDGE ( 'NONE', *, *, #2683, .T. ) ;
#909 = EDGE_CURVE ( 'NONE', #1256, #1430, #1527, .T. ) ;
#910 = DIRECTION ( 'NONE',  ( 1.000000000000000000, 0.000000000000000000, 0.000000000000000000 ) ) ;
#911 = CIRCLE ( 'NONE', #2103, 69.50000000000042633 ) ;
#912 = ORIENTED_EDGE ( 'NONE', *, *, #2403, .F. ) ;
#913 = EDGE_CURVE ( 'NONE', #639, #964, #2656, .T. ) ;
#914 = PLANE ( 'NONE',  #2830 ) ;
#915 = VECTOR ( 'NONE', #2373, 1000.000000000000114 ) ;
#916 = DIRECTION ( 'NONE',  ( -1.000000000000000000, 0.000000000000000000, -0.000000000000000000 ) ) ;
#917 = VECTOR ( 'NONE', #1608, 1000.000000000000000 ) ;
#918 = EDGE_LOOP ( 'NONE', ( #395, #292, #2085, #2644, #35, #1271, #2224, #2306, #186, #1850 ) ) ;
#919 = ADVANCED_FACE ( 'NONE', ( #869 ), #1650, .F. ) ;
#920 = FACE_OUTER_BOUND ( 'NONE', #2330, .T. ) ;
#921 = VECTOR ( 'NONE', #961, 1000.000000000000114 ) ;
#922 = CARTESIAN_POINT ( 'NONE',  ( 0.000000000000000000, -38.45656248069552419, 0.4999999999999865663 ) ) ;
#923 = VECTOR ( 'NONE', #978, 1000.000000000000000 ) ;
#924 = CARTESIAN_POINT ( 'NONE',  ( -55.51131989884241591, -34.75656248069553556, 2.000000000000000000 ) ) ;
#925 = ORIENTED_EDGE ( 'NONE', *, *, #1872, .F. ) ;
#926 = LINE ( 'NONE', #1575, #232 ) ;
#927 = EDGE_LOOP ( 'NONE', ( #1306, #1701, #1014, #853 ) ) ;
#928 = FACE_OUTER_BOUND ( 'NONE', #437, .T. ) ;
#929 = DIRECTION ( 'NONE',  ( -0.7071067811865475727, -0.000000000000000000, -0.7071067811865475727 ) ) ;
#930 = DIRECTION ( 'NONE',  ( 0.000000000000000000, -1.000000000000000000, 0.000000000000000000 ) ) ;
#931 = EDGE_CURVE ( 'NONE', #1351, #2821, #663, .T. ) ;
#932 = ORIENTED_EDGE ( 'NONE', *, *, #984, .F. ) ;
#933 = DIRECTION ( 'NONE',  ( -0.7071067811865475727, 0.000000000000000000, -0.7071067811865475727 ) ) ;
#934 = LINE ( 'NONE', #922, #1797 ) ;
#935 = EDGE_CURVE ( 'NONE', #782, #498, #1068, .T. ) ;
#936 = VERTEX_POINT ( 'NONE', #1307 ) ;
#937 = LINE ( 'NONE', #2486, #2749 ) ;
#938 = VERTEX_POINT ( 'NONE', #2818 ) ;
#939 = CARTESIAN_POINT ( 'NONE',  ( -4.961318407355620685, 17.83439294907291028, 0.5000000000000143219 ) ) ;
#940 = ORIENTED_EDGE ( 'NONE', *, *, #2756, .T. ) ;
#941 = PLANE ( 'NONE',  #2790 ) ;
#942 = LINE ( 'NONE', #509, #1560 ) ;
#943 = CARTESIAN_POINT ( 'NONE',  ( 5.049207500472286725, -35.37465162115796602, 2.000000000000000000 ) ) ;
#944 = ORIENTED_EDGE ( 'NONE', *, *, #2562, .F. ) ;
#945 = DIRECTION ( 'NONE',  ( -1.000000000000000000, 0.000000000000000000, 0.000000000000000000 ) ) ;
#946 = ADVANCED_FACE ( 'NONE', ( #463 ), #675, .T. ) ;
#947 = CARTESIAN_POINT ( 'NONE',  ( 26.28868308413119692, -35.45656248069552419, 0.000000000000000000 ) ) ;
#948 = ORIENTED_EDGE ( 'NONE', *, *, #775, .T. ) ;
#949 = ADVANCED_FACE ( 'NONE', ( #1281 ), #2383, .T. ) ;
#950 = FACE_OUTER_BOUND ( 'NONE', #2677, .T. ) ;
#951 = ORIENTED_EDGE ( 'NONE', *, *, #1295, .F. ) ;
#952 = LINE ( 'NONE', #2500, #1507 ) ;
#953 = ORIENTED_EDGE ( 'NONE', *, *, #1702, .F. ) ;
#954 = DIRECTION ( 'NONE',  ( 1.000000000000000000, 0.000000000000000000, 0.000000000000000000 ) ) ;
#955 = CARTESIAN_POINT ( 'NONE',  ( 23.58868308413151738, 13.83439294907293160, 2.900000000000000799 ) ) ;
#956 = AXIS2_PLACEMENT_3D ( 'NONE', #261, #1528, #2219 ) ;
#957 = CONICAL_SURFACE ( 'NONE', #2563, 69.00000000000000000, 0.7853981633974482790 ) ;
#958 = VECTOR ( 'NONE', #1441, 1000.000000000000000 ) ;
#959 = ORIENTED_EDGE ( 'NONE', *, *, #909, .T. ) ;
#960 = CARTESIAN_POINT ( 'NONE',  ( -55.01131989884243012, -35.37465162115796602, 7.000000000000000000 ) ) ;
#961 = DIRECTION ( 'NONE',  ( 0.6306763345279627897, 0.4522109265959267099, 0.6306763345279625677 ) ) ;
#962 = CONICAL_SURFACE ( 'NONE', #1185, 65.80000000000002558, 0.7853981633974482790 ) ;
#963 = VECTOR ( 'NONE', #2694, 1000.000000000000000 ) ;
#964 = VERTEX_POINT ( 'NONE', #854 ) ;
#965 = AXIS2_PLACEMENT_3D ( 'NONE', #2783, #369, #138 ) ;
#966 = CARTESIAN_POINT ( 'NONE',  ( 22.88908287872507685, 28.48009641286383697, 2.000000000000000000 ) ) ;
#967 = AXIS2_PLACEMENT_3D ( 'NONE', #1967, #194, #1734 ) ;
#968 = EDGE_CURVE ( 'NONE', #2074, #280, #1730, .T. ) ;
#969 = ORIENTED_EDGE ( 'NONE', *, *, #2213, .F. ) ;
#970 = DIRECTION ( 'NONE',  ( 1.000000000000000000, 0.000000000000000000, 0.000000000000000000 ) ) ;
#971 = EDGE_CURVE ( 'NONE', #1473, #2061, #247, .T. ) ;
#972 = ORIENTED_EDGE ( 'NONE', *, *, #534, .T. ) ;
#973 = CARTESIAN_POINT ( 'NONE',  ( 21.38868308413151098, 12.83439294907294226, 4.500000000000000888 ) ) ;
#974 = LINE ( 'NONE', #2679, #1511 ) ;
#975 = CARTESIAN_POINT ( 'NONE',  ( 0.000000000000000000, 0.000000000000000000, 0.000000000000000000 ) ) ;
#976 = ORIENTED_EDGE ( 'NONE', *, *, #1968, .F. ) ;
#977 = CARTESIAN_POINT ( 'NONE',  ( 23.78868308413118271, -35.45656248069552419, 2.000000000000000000 ) ) ;
#978 = DIRECTION ( 'NONE',  ( 0.000000000000000000, 1.000000000000000000, 0.000000000000000000 ) ) ;
#979 = ORIENTED_EDGE ( 'NONE', *, *, #913, .F. ) ;
#980 = CARTESIAN_POINT ( 'NONE',  ( -36.97194292656568138, 30.42534837884263510, 7.000000000000000000 ) ) ;
#981 = VECTOR ( 'NONE', #670, 1000.000000000000114 ) ;
#982 = ORIENTED_EDGE ( 'NONE', *, *, #2578, .F. ) ;
#983 = CARTESIAN_POINT ( 'NONE',  ( -55.51131989884275697, 13.83439294907293160, 2.900000000000000799 ) ) ;
#984 = EDGE_CURVE ( 'NONE', #2636, #2043, #1981, .T. ) ;
#985 = EDGE_LOOP ( 'NONE', ( #1858, #319, #271 ) ) ;
#986 = DIRECTION ( 'NONE',  ( 0.000000000000000000, 0.000000000000000000, 1.000000000000000000 ) ) ;
#987 = LINE ( 'NONE', #1622, #2705 ) ;
#988 = EDGE_CURVE ( 'NONE', #2672, #1473, #1514, .T. ) ;
#989 = ORIENTED_EDGE ( 'NONE', *, *, #625, .F. ) ;
#990 = DIRECTION ( 'NONE',  ( 0.000000000000000000, -0.7071067811865474617, -0.7071067811865474617 ) ) ;
#991 = DIRECTION ( 'NONE',  ( 1.000000000000000000, 0.000000000000000000, 0.000000000000000000 ) ) ;
#992 = ORIENTED_EDGE ( 'NONE', *, *, #1362, .T. ) ;
#993 = CARTESIAN_POINT ( 'NONE',  ( 23.78868308413118271, -35.45656248069552419, 2.000000000000000000 ) ) ;
#994 = PLANE ( 'NONE',  #348 ) ;
#995 = CARTESIAN_POINT ( 'NONE',  ( 23.78868308413118271, -38.45656248069552419, 2.000000000000000000 ) ) ;
#996 = AXIS2_PLACEMENT_3D ( 'NONE', #977, #1169, #1375 ) ;
#997 = EDGE_CURVE ( 'NONE', #610, #249, #2176, .T. ) ;
#998 = ORIENTED_EDGE ( 'NONE', *, *, #1203, .T. ) ;
#999 = DIRECTION ( 'NONE',  ( -0.000000000000000000, -0.000000000000000000, 1.000000000000000000 ) ) ;
#1000 =( NAMED_UNIT ( * ) SI_UNIT ( $, .STERADIAN. ) SOLID_ANGLE_UNIT ( ) );
#1001 = EDGE_CURVE ( 'NONE', #244, #659, #907, .T. ) ;
#1002 = EDGE_LOOP ( 'NONE', ( #1837, #2408, #874, #925 ) ) ;
#1003 = LINE ( 'NONE', #298, #589 ) ;
#1004 = VECTOR ( 'NONE', #591, 1000.000000000000114 ) ;
#1005 = FACE_OUTER_BOUND ( 'NONE', #678, .T. ) ;
#1006 = ORIENTED_EDGE ( 'NONE', *, *, #1835, .F. ) ;
#1007 = CONICAL_SURFACE ( 'NONE', #514, 2.500000000000012434, 0.7853981633974491672 ) ;
#1008 = LINE ( 'NONE', #2100, #1010 ) ;
#1009 = CARTESIAN_POINT ( 'NONE',  ( 5.038681592644388196, -22.16560705092670247, 1.499999999999985789 ) ) ;
#1010 = VECTOR ( 'NONE', #126, 1000.000000000000114 ) ;
#1011 = CIRCLE ( 'NONE', #2613, 69.00000000000042633 ) ;
#1012 = CARTESIAN_POINT ( 'NONE',  ( 5.038681592644388196, 17.83439294907291028, 0.5000000000000143219 ) ) ;
#1013 = AXIS2_PLACEMENT_3D ( 'NONE', #1359, #1120, #39 ) ;
#1014 = ORIENTED_EDGE ( 'NONE', *, *, #521, .F. ) ;
#1015 = DIRECTION ( 'NONE',  ( 1.000000000000000000, 0.000000000000000000, 0.000000000000000000 ) ) ;
#1016 = LINE ( 'NONE', #2308, #2699 ) ;
#1017 = VERTEX_POINT ( 'NONE', #1906 ) ;
#1018 = CARTESIAN_POINT ( 'NONE',  ( 21.08868308413119763, -35.37465162115796602, 7.000000000000000000 ) ) ;
#1019 = EDGE_CURVE ( 'NONE', #2271, #1182, #1791, .T. ) ;
#1020 = EDGE_LOOP ( 'NONE', ( #507, #1443, #1195, #2675 ) ) ;
#1021 = DIRECTION ( 'NONE',  ( -0.000000000000000000, -0.000000000000000000, 1.000000000000000000 ) ) ;
#1022 = ADVANCED_FACE ( 'NONE', ( #2556, #403 ), #1673, .T. ) ;
#1023 = CARTESIAN_POINT ( 'NONE',  ( -36.97194292656563874, -35.37465162115807971, 0.000000000000000000 ) ) ;
#1024 = DIRECTION ( 'NONE',  ( 0.000000000000000000, -1.000000000000000000, 0.000000000000000000 ) ) ;
#1025 = CIRCLE ( 'NONE', #161, 5.500000000000018652 ) ;
#1026 = EDGE_LOOP ( 'NONE', ( #2467, #452, #1927, #133 ) ) ;
#1027 = CARTESIAN_POINT ( 'NONE',  ( -31.96131840735561624, -22.16560705092670247, 2.000000000000000000 ) ) ;
#1028 = CARTESIAN_POINT ( 'NONE',  ( -58.71131989884241165, -35.45656248069552419, 1.499999999999999556 ) ) ;
#1029 = ORIENTED_EDGE ( 'NONE', *, *, #2791, .T. ) ;
#1030 = CARTESIAN_POINT ( 'NONE',  ( 5.049207500472297383, 30.92534837884204535, 2.000000000000000000 ) ) ;
#1031 = DIRECTION ( 'NONE',  ( -6.852837061473290116E-15, -1.000000000000000000, -0.000000000000000000 ) ) ;
#1032 = EDGE_LOOP ( 'NONE', ( #405, #22, #1620, #1935 ) ) ;
#1033 = EDGE_CURVE ( 'NONE', #1990, #1172, #1260, .T. ) ;
#1034 = CARTESIAN_POINT ( 'NONE',  ( 5.049207500472289389, 34.12534837884204109, 0.4999999999999865663 ) ) ;
#1035 = CARTESIAN_POINT ( 'NONE',  ( -55.02544070610037608, 28.24678899385131814, 6.666688402728254026 ) ) ;
#1036 = ADVANCED_FACE ( 'NONE', ( #643 ), #585, .F. ) ;
#1037 = FACE_OUTER_BOUND ( 'NONE', #360, .T. ) ;
#1038 = VERTEX_POINT ( 'NONE', #155 ) ;
#1039 = DIRECTION ( 'NONE',  ( 0.000000000000000000, -1.000000000000000000, 0.000000000000000000 ) ) ;
#1040 = ORIENTED_EDGE ( 'NONE', *, *, #2619, .T. ) ;
#1041 = DIRECTION ( 'NONE',  ( -0.7071067811865474617, 0.7071067811865474617, -0.000000000000000000 ) ) ;
#1042 = FACE_OUTER_BOUND ( 'NONE', #1446, .T. ) ;
#1043 = ORIENTED_EDGE ( 'NONE', *, *, #383, .F. ) ;
#1044 = FACE_OUTER_BOUND ( 'NONE', #669, .T. ) ;
#1045 = DIRECTION ( 'NONE',  ( -0.000000000000000000, -0.000000000000000000, 1.000000000000000000 ) ) ;
#1046 = DIRECTION ( 'NONE',  ( 1.000000000000000000, 0.000000000000000000, 0.000000000000000000 ) ) ;
#1047 = AXIS2_PLACEMENT_3D ( 'NONE', #2177, #2603, #648 ) ;
#1048 = AXIS2_PLACEMENT_3D ( 'NONE', #1470, #2348, #1039 ) ;
#1049 = CARTESIAN_POINT ( 'NONE',  ( -31.92263681471132486, 12.83439294907308792, 0.000000000000000000 ) ) ;
#1050 = EDGE_CURVE ( 'NONE', #268, #2529, #2815, .T. ) ;
#1051 = VECTOR ( 'NONE', #1335, 1000.000000000000000 ) ;
#1052 = VECTOR ( 'NONE', #1697, 1000.000000000000000 ) ;
#1053 = ORIENTED_EDGE ( 'NONE', *, *, #525, .T. ) ;
#1054 = CARTESIAN_POINT ( 'NONE',  ( -36.96131840735561980, -22.16560705092670247, -1.000000000000000000 ) ) ;
#1055 = AXIS2_PLACEMENT_3D ( 'NONE', #1202, #1231, #2344 ) ;
#1056 = CARTESIAN_POINT ( 'NONE',  ( -36.97194292656568138, 30.42534837884263510, 7.000000000000000000 ) ) ;
#1057 = EDGE_CURVE ( 'NONE', #465, #1172, #616, .T. ) ;
#1058 = ORIENTED_EDGE ( 'NONE', *, *, #1991, .F. ) ;
#1059 = DIRECTION ( 'NONE',  ( 0.000000000000000000, 0.000000000000000000, 1.000000000000000000 ) ) ;
#1060 = DIRECTION ( 'NONE',  ( -6.852837061473290116E-15, -1.000000000000000000, -0.000000000000000000 ) ) ;
#1061 = ORIENTED_EDGE ( 'NONE', *, *, #2007, .F. ) ;
#1062 = CARTESIAN_POINT ( 'NONE',  ( 8.785101857159555370E-14, 12.83439294907308792, 0.000000000000000000 ) ) ;
#1063 = DIRECTION ( 'NONE',  ( 0.000000000000000000, -0.000000000000000000, 1.000000000000000000 ) ) ;
#1064 = CARTESIAN_POINT ( 'NONE',  ( -54.51131989884240880, 12.83439294907293338, 3.627272727272975228 ) ) ;
#1065 = CARTESIAN_POINT ( 'NONE',  ( 5.538681592644402407, 0.000000000000000000, 2.000000000000000000 ) ) ;
#1066 = ORIENTED_EDGE ( 'NONE', *, *, #2756, .F. ) ;
#1067 = EDGE_CURVE ( 'NONE', #544, #618, #1011, .T. ) ;
#1068 = LINE ( 'NONE', #1963, #2019 ) ;
#1069 = DIRECTION ( 'NONE',  ( -0.000000000000000000, -0.000000000000000000, -1.000000000000000000 ) ) ;
#1070 = CIRCLE ( 'NONE', #2263, 65.80000000000055138 ) ;
#1071 = ORIENTED_EDGE ( 'NONE', *, *, #1584, .T. ) ;
#1072 = EDGE_CURVE ( 'NONE', #883, #304, #807, .T. ) ;
#1073 = CARTESIAN_POINT ( 'NONE',  ( 5.049207500472290278, 28.42534837884205956, 7.000000000000000000 ) ) ;
#1074 = CARTESIAN_POINT ( 'NONE',  ( -58.71131989884241165, 28.43040892023596200, 1.499999999999999556 ) ) ;
#1075 = VERTEX_POINT ( 'NONE', #1273 ) ;
#1076 = CARTESIAN_POINT ( 'NONE',  ( -56.41580775494304589, 30.82909540675451865, 2.000000000000000000 ) ) ;
#1077 = FACE_OUTER_BOUND ( 'NONE', #353, .T. ) ;
#1078 = DIRECTION ( 'NONE',  ( -1.000000000000000000, 0.000000000000000000, 0.000000000000000000 ) ) ;
#1079 = ORIENTED_EDGE ( 'NONE', *, *, #1001, .T. ) ;
#1080 = DIRECTION ( 'NONE',  ( -0.000000000000000000, 0.000000000000000000, -1.000000000000000000 ) ) ;
#1081 = DIRECTION ( 'NONE',  ( -0.000000000000000000, -0.000000000000000000, 1.000000000000000000 ) ) ;
#1082 = ADVANCED_FACE ( 'NONE', ( #2544 ), #2328, .T. ) ;
#1083 = ORIENTED_EDGE ( 'NONE', *, *, #2331, .T. ) ;
#1084 = CARTESIAN_POINT ( 'NONE',  ( 0.03868159264438369993, -22.16560705092670247, 0.5000000000000143219 ) ) ;
#1085 = CARTESIAN_POINT ( 'NONE',  ( -31.96131840735561624, -22.16560705092670247, 0.000000000000000000 ) ) ;
#1086 = CIRCLE ( 'NONE', #1451, 5.000000000000004441 ) ;
#1087 = EDGE_CURVE ( 'NONE', #162, #1092, #630, .T. ) ;
#1088 = VERTEX_POINT ( 'NONE', #1448 ) ;
#1089 = FACE_OUTER_BOUND ( 'NONE', #356, .T. ) ;
#1090 = DIRECTION ( 'NONE',  ( 1.000000000000000000, 0.000000000000000000, 0.000000000000000000 ) ) ;
#1091 = EDGE_CURVE ( 'NONE', #37, #1862, #1418, .T. ) ;
#1092 = VERTEX_POINT ( 'NONE', #1064 ) ;
#1093 = CARTESIAN_POINT ( 'NONE',  ( 22.58868308413117987, 13.83439294907293160, 0.000000000000000000 ) ) ;
#1094 = VECTOR ( 'NONE', #1364, 1000.000000000000000 ) ;
#1095 = AXIS2_PLACEMENT_3D ( 'NONE', #2712, #1368, #2038 ) ;
#1096 = ORIENTED_EDGE ( 'NONE', *, *, #1868, .T. ) ;
#1097 = CARTESIAN_POINT ( 'NONE',  ( 4.664105739841047319E-13, 33.62534837884211214, 2.000000000000000000 ) ) ;
#1098 = FACE_OUTER_BOUND ( 'NONE', #1552, .T. ) ;
#1099 = AXIS2_PLACEMENT_3D ( 'NONE', #1173, #1597, #1851 ) ;
#1100 = CIRCLE ( 'NONE', #474, 2.999999999999999112 ) ;
#1101 = ORIENTED_EDGE ( 'NONE', *, *, #1298, .F. ) ;
#1102 = DIRECTION ( 'NONE',  ( 0.8087360843031885516, 5.579849033620507413E-15, -0.5881716976750460679 ) ) ;
#1103 = CARTESIAN_POINT ( 'NONE',  ( -37.46131840735561980, -22.16560705092670247, 0.000000000000000000 ) ) ;
#1104 = VERTEX_POINT ( 'NONE', #2599 ) ;
#1105 = DIRECTION ( 'NONE',  ( 0.8087360843031885516, -5.579849033620507413E-15, -0.5881716976750460679 ) ) ;
#1106 = EDGE_CURVE ( 'NONE', #125, #1, #2801, .T. ) ;
#1107 = CARTESIAN_POINT ( 'NONE',  ( -58.21131989884241165, 0.000000000000000000, 2.000000000000000000 ) ) ;
#1108 = DIRECTION ( 'NONE',  ( 0.7071067811865475727, 0.000000000000000000, -0.7071067811865475727 ) ) ;
#1109 = ORIENTED_EDGE ( 'NONE', *, *, #436, .T. ) ;
#1110 = ADVANCED_FACE ( 'NONE', ( #2385 ), #1684, .T. ) ;
#1111 = DIRECTION ( 'NONE',  ( -0.000000000000000000, -0.000000000000000000, -1.000000000000000000 ) ) ;
#1112 = EDGE_LOOP ( 'NONE', ( #1953, #2191, #614, #2070 ) ) ;
#1113 = DIRECTION ( 'NONE',  ( 0.6242330959427624393, 0.6242330959427812020, 0.4697510871295612622 ) ) ;
#1114 = ORIENTED_EDGE ( 'NONE', *, *, #1329, .T. ) ;
#1115 = DIRECTION ( 'NONE',  ( 0.000000000000000000, -1.000000000000000000, 0.000000000000000000 ) ) ;
#1116 = CARTESIAN_POINT ( 'NONE',  ( 23.58868308413117987, 13.83439294907293160, 2.900000000000000799 ) ) ;
#1117 = AXIS2_PLACEMENT_3D ( 'NONE', #1772, #901, #1999 ) ;
#1118 = ORIENTED_EDGE ( 'NONE', *, *, #436, .F. ) ;
#1119 = DIRECTION ( 'NONE',  ( -0.7071067811865475727, 0.7071067811865475727, 0.000000000000000000 ) ) ;
#1120 = DIRECTION ( 'NONE',  ( 0.7071067811865475727, -0.000000000000000000, 0.7071067811865475727 ) ) ;
#1121 = ORIENTED_EDGE ( 'NONE', *, *, #1383, .F. ) ;
#1122 = CARTESIAN_POINT ( 'NONE',  ( -52.51131989884240880, -32.25656248069552134, 7.000000000000000000 ) ) ;
#1123 = EDGE_CURVE ( 'NONE', #125, #1256, #2116, .T. ) ;
#1124 = ORIENTED_EDGE ( 'NONE', *, *, #2042, .F. ) ;
#1125 = DIRECTION ( 'NONE',  ( -0.000000000000000000, -0.000000000000000000, 1.000000000000000000 ) ) ;
#1126 = ADVANCED_FACE ( 'NONE', ( #1216 ), #1890, .F. ) ;
#1127 = ORIENTED_EDGE ( 'NONE', *, *, #1019, .F. ) ;
#1128 = CARTESIAN_POINT ( 'NONE',  ( 20.58868308413117987, -32.25656248069552134, 6.499999999999985789 ) ) ;
#1129 = FACE_OUTER_BOUND ( 'NONE', #1757, .T. ) ;
#1130 = ORIENTED_EDGE ( 'NONE', *, *, #644, .T. ) ;
#1131 = CARTESIAN_POINT ( 'NONE',  ( 23.58868308413117987, -34.75656248069553556, 7.000000000000000000 ) ) ;
#1132 = CARTESIAN_POINT ( 'NONE',  ( 26.28868308413118271, 0.000000000000000000, 2.000000000000000000 ) ) ;
#1133 = ORIENTED_EDGE ( 'NONE', *, *, #2179, .T. ) ;
#1134 = CARTESIAN_POINT ( 'NONE',  ( -55.51131989884274986, 12.83439294907292449, 2.900000000000000799 ) ) ;
#1135 = ORIENTED_EDGE ( 'NONE', *, *, #2635, .T. ) ;
#1136 = LINE ( 'NONE', #731, #279 ) ;
#1137 = EDGE_CURVE ( 'NONE', #1574, #2636, #191, .T. ) ;
#1138 = ORIENTED_EDGE ( 'NONE', *, *, #2199, .F. ) ;
#1139 = DIRECTION ( 'NONE',  ( 0.000000000000000000, 0.000000000000000000, -1.000000000000000000 ) ) ;
#1140 = AXIS2_PLACEMENT_3D ( 'NONE', #1294, #1983, #676 ) ;
#1141 = FACE_OUTER_BOUND ( 'NONE', #1798, .T. ) ;
#1142 = EDGE_CURVE ( 'NONE', #1017, #1172, #891, .T. ) ;
#1143 = VECTOR ( 'NONE', #906, 1000.000000000000000 ) ;
#1144 = VECTOR ( 'NONE', #2294, 1000.000000000000000 ) ;
#1145 = ORIENTED_EDGE ( 'NONE', *, *, #134, .F. ) ;
#1146 = LINE ( 'NONE', #699, #2491 ) ;
#1147 = VECTOR ( 'NONE', #1389, 1000.000000000000000 ) ;
#1148 = LINE ( 'NONE', #1805, #516 ) ;
#1149 = DIRECTION ( 'NONE',  ( 1.000000000000000000, -4.163336342344316516E-15, 0.000000000000000000 ) ) ;
#1150 = EDGE_LOOP ( 'NONE', ( #5, #1924, #2559, #206 ) ) ;
#1151 = DIRECTION ( 'NONE',  ( 0.000000000000000000, 0.000000000000000000, -1.000000000000000000 ) ) ;
#1152 = ADVANCED_FACE ( 'NONE', ( #865 ), #2411, .F. ) ;
#1153 = EDGE_LOOP ( 'NONE', ( #2566, #752, #33, #1006 ) ) ;
#1154 = DIRECTION ( 'NONE',  ( 0.000000000000000000, -1.000000000000000000, 0.000000000000000000 ) ) ;
#1155 = DIRECTION ( 'NONE',  ( 0.000000000000000000, 0.000000000000000000, 1.000000000000000000 ) ) ;
#1156 = LINE ( 'NONE', #2463, #2160 ) ;
#1157 = ADVANCED_FACE ( 'NONE', ( #306 ), #2503, .F. ) ;
#1158 = EDGE_LOOP ( 'NONE', ( #2753, #2591, #1229, #2812 ) ) ;
#1159 = FACE_OUTER_BOUND ( 'NONE', #2706, .T. ) ;
#1160 = DIRECTION ( 'NONE',  ( 1.000000000000000000, 0.000000000000000000, 0.000000000000000000 ) ) ;
#1161 = ORIENTED_EDGE ( 'NONE', *, *, #349, .F. ) ;
#1162 = DIRECTION ( 'NONE',  ( 0.000000000000000000, 0.000000000000000000, 1.000000000000000000 ) ) ;
#1163 = EDGE_LOOP ( 'NONE', ( #114, #365, #1902, #2235 ) ) ;
#1164 = CYLINDRICAL_SURFACE ( 'NONE', #425, 2.999999999999999112 ) ;
#1165 = EDGE_LOOP ( 'NONE', ( #2505, #2762, #109, #41, #1079, #2542 ) ) ;
#1166 = CARTESIAN_POINT ( 'NONE',  ( -36.97194292656568138, 30.92534837884248233, 6.500000000000013323 ) ) ;
#1167 = CARTESIAN_POINT ( 'NONE',  ( -53.01131989884242302, 26.37628672265368834, 7.000000000000000000 ) ) ;
#1168 = EDGE_LOOP ( 'NONE', ( #1544, #2347, #2318, #117 ) ) ;
#1169 = DIRECTION ( 'NONE',  ( 0.000000000000000000, -0.000000000000000000, 1.000000000000000000 ) ) ;
#1170 = CARTESIAN_POINT ( 'NONE',  ( -5.461318407355634896, -22.16560705092670247, 0.000000000000000000 ) ) ;
#1171 = EDGE_CURVE ( 'NONE', #2478, #1611, #1844, .T. ) ;
#1172 = VERTEX_POINT ( 'NONE', #2082 ) ;
#1173 = CARTESIAN_POINT ( 'NONE',  ( -55.71131989884241165, -35.45656248069552419, 2.000000000000000000 ) ) ;
#1174 = EDGE_CURVE ( 'NONE', #153, #639, #942, .T. ) ;
#1175 = VECTOR ( 'NONE', #595, 1000.000000000000000 ) ;
#1176 = ORIENTED_EDGE ( 'NONE', *, *, #2145, .T. ) ;
#1177 = CARTESIAN_POINT ( 'NONE',  ( 23.78868308413118271, -38.45656248069552419, 1.499999999999999556 ) ) ;
#1178 = VERTEX_POINT ( 'NONE', #2028 ) ;
#1179 = FACE_OUTER_BOUND ( 'NONE', #1112, .T. ) ;
#1180 = DIRECTION ( 'NONE',  ( 0.000000000000000000, 0.000000000000000000, 1.000000000000000000 ) ) ;
#1181 = VECTOR ( 'NONE', #2606, 1000.000000000000000 ) ;
#1182 = VERTEX_POINT ( 'NONE', #2068 ) ;
#1183 = FACE_OUTER_BOUND ( 'NONE', #2661, .T. ) ;
#1184 = DIRECTION ( 'NONE',  ( -1.000000000000000000, 0.000000000000000000, 0.000000000000000000 ) ) ;
#1185 = AXIS2_PLACEMENT_3D ( 'NONE', #404, #1262, #770 ) ;
#1186 = VECTOR ( 'NONE', #2391, 1000.000000000000000 ) ;
#1187 = VERTEX_POINT ( 'NONE', #1167 ) ;
#1188 = ADVANCED_FACE ( 'NONE', ( #1141 ), #603, .T. ) ;
#1189 = VECTOR ( 'NONE', #890, 1000.000000000000000 ) ;
#1190 = CARTESIAN_POINT ( 'NONE',  ( 23.08868308413119408, -35.25656248069552134, 6.500000000000013323 ) ) ;
#1191 = VECTOR ( 'NONE', #1031, 1000.000000000000000 ) ;
#1192 = EDGE_CURVE ( 'NONE', #1353, #1993, #751, .T. ) ;
#1193 = DIRECTION ( 'NONE',  ( 9.808138668647667095E-15, 0.7071067811865475727, -0.7071067811865475727 ) ) ;
#1194 = CARTESIAN_POINT ( 'NONE',  ( 23.58868308413117987, -18.16560705092706840, 7.000000000000000000 ) ) ;
#1195 = ORIENTED_EDGE ( 'NONE', *, *, #2046, .T. ) ;
#1196 = LINE ( 'NONE', #2461, #1790 ) ;
#1197 = DIRECTION ( 'NONE',  ( 0.000000000000000000, 0.000000000000000000, 1.000000000000000000 ) ) ;
#1198 = ORIENTED_EDGE ( 'NONE', *, *, #864, .F. ) ;
#1199 = LINE ( 'NONE', #2465, #812 ) ;
#1200 = CARTESIAN_POINT ( 'NONE',  ( 4.733459753475234922E-13, 34.12534837884211214, 1.499999999999999556 ) ) ;
#1201 = ORIENTED_EDGE ( 'NONE', *, *, #1221, .T. ) ;
#1202 = CARTESIAN_POINT ( 'NONE',  ( -55.71131989884241165, -35.45656248069552419, 2.000000000000000000 ) ) ;
#1203 = EDGE_CURVE ( 'NONE', #1611, #723, #120, .T. ) ;
#1204 = LINE ( 'NONE', #2139, #257 ) ;
#1205 = DIRECTION ( 'NONE',  ( -0.000000000000000000, -0.000000000000000000, 1.000000000000000000 ) ) ;
#1206 = EDGE_CURVE ( 'NONE', #296, #2064, #987, .T. ) ;
#1207 = EDGE_LOOP ( 'NONE', ( #2685, #737, #626 ) ) ;
#1208 = DIRECTION ( 'NONE',  ( 1.000000000000000000, -0.000000000000000000, 0.000000000000000000 ) ) ;
#1209 = DIRECTION ( 'NONE',  ( -1.000000000000000000, 1.370567412294658023E-14, 0.000000000000000000 ) ) ;
#1210 = EDGE_CURVE ( 'NONE', #2497, #1867, #1870, .T. ) ;
#1211 = EDGE_LOOP ( 'NONE', ( #2033, #972, #2365, #1201 ) ) ;
#1212 = FACE_OUTER_BOUND ( 'NONE', #2536, .T. ) ;
#1213 = CARTESIAN_POINT ( 'NONE',  ( -52.51131989884240880, -32.25656248069552134, 6.499999999999985789 ) ) ;
#1214 = ORIENTED_EDGE ( 'NONE', *, *, #968, .T. ) ;
#1215 = DIRECTION ( 'NONE',  ( -1.000000000000000000, 0.000000000000000000, 0.000000000000000000 ) ) ;
#1216 = FACE_OUTER_BOUND ( 'NONE', #217, .T. ) ;
#1217 = AXIS2_PLACEMENT_3D ( 'NONE', #960, #2740, #135 ) ;
#1218 = CARTESIAN_POINT ( 'NONE',  ( -55.71131989884241165, -35.45656248069552419, 0.000000000000000000 ) ) ;
#1219 = CIRCLE ( 'NONE', #1830, 2.999999999999999112 ) ;
#1220 = ORIENTED_EDGE ( 'NONE', *, *, #1952, .T. ) ;
#1221 = EDGE_CURVE ( 'NONE', #1249, #2310, #762, .T. ) ;
#1222 = CARTESIAN_POINT ( 'NONE',  ( 4.733459753475234922E-13, 34.12534837884211214, 2.000000000000000000 ) ) ;
#1223 = LINE ( 'NONE', #1056, #325 ) ;
#1224 = VERTEX_POINT ( 'NONE', #2492 ) ;
#1225 = ADVANCED_FACE ( 'NONE', ( #1371 ), #2250, .F. ) ;
#1226 = LINE ( 'NONE', #1691, #2011 ) ;
#1227 = CARTESIAN_POINT ( 'NONE',  ( -37.46131840735563401, 17.83439294907291028, 2.000000000000000000 ) ) ;
#1228 = CONICAL_SURFACE ( 'NONE', #1602, 2.499999999999998668, 0.7853981633974491672 ) ;
#1229 = ORIENTED_EDGE ( 'NONE', *, *, #1956, .F. ) ;
#1230 = VECTOR ( 'NONE', #840, 1000.000000000000000 ) ;
#1231 = DIRECTION ( 'NONE',  ( -0.000000000000000000, 0.000000000000000000, 1.000000000000000000 ) ) ;
#1232 = CARTESIAN_POINT ( 'NONE',  ( 23.08868308413119408, -35.25656248069552134, 6.500000000000013323 ) ) ;
#1233 = AXIS2_PLACEMENT_3D ( 'NONE', #2000, #701, #512 ) ;
#1234 = LINE ( 'NONE', #183, #2334 ) ;
#1235 = VECTOR ( 'NONE', #766, 1000.000000000000000 ) ;
#1236 = ORIENTED_EDGE ( 'NONE', *, *, #625, .T. ) ;
#1237 = DIRECTION ( 'NONE',  ( 0.000000000000000000, -0.000000000000000000, 1.000000000000000000 ) ) ;
#1238 = DIRECTION ( 'NONE',  ( -1.000000000000000000, 1.387080272683752210E-14, 0.000000000000000000 ) ) ;
#1239 = EDGE_CURVE ( 'NONE', #2337, #2478, #1865, .T. ) ;
#1240 = EDGE_LOOP ( 'NONE', ( #1520, #25, #1970, #2596 ) ) ;
#1241 = DIRECTION ( 'NONE',  ( 6.852837061473290116E-15, -1.000000000000000000, -0.000000000000000000 ) ) ;
#1242 = LINE ( 'NONE', #367, #1235 ) ;
#1243 = EDGE_CURVE ( 'NONE', #938, #1300, #974, .T. ) ;
#1244 = VERTEX_POINT ( 'NONE', #1410 ) ;
#1245 = FACE_OUTER_BOUND ( 'NONE', #1784, .T. ) ;
#1246 = CARTESIAN_POINT ( 'NONE',  ( -52.51131989884240880, -32.25656248069552134, 6.499999999999985789 ) ) ;
#1247 = CARTESIAN_POINT ( 'NONE',  ( -36.96131840735561980, 17.83439294907291028, 1.499999999999985789 ) ) ;
#1248 = CIRCLE ( 'NONE', #1861, 63.30000000000033111 ) ;
#1249 = VERTEX_POINT ( 'NONE', #339 ) ;
#1250 = CARTESIAN_POINT ( 'NONE',  ( -4.961318407355620685, -22.16560705092670247, -1.000000000000000000 ) ) ;
#1251 = DIRECTION ( 'NONE',  ( 0.000000000000000000, 0.000000000000000000, -1.000000000000000000 ) ) ;
#1252 = ORIENTED_EDGE ( 'NONE', *, *, #402, .F. ) ;
#1253 = DIRECTION ( 'NONE',  ( -1.000000000000000000, 1.370567412294657865E-14, 0.000000000000000000 ) ) ;
#1254 = CARTESIAN_POINT ( 'NONE',  ( -37.46131840735563401, -22.16560705092670247, 2.000000000000000000 ) ) ;
#1255 = ORIENTED_EDGE ( 'NONE', *, *, #182, .T. ) ;
#1256 = VERTEX_POINT ( 'NONE', #2725 ) ;
#1257 = EDGE_CURVE ( 'NONE', #149, #2228, #287, .T. ) ;
#1258 = PLANE ( 'NONE',  #2204 ) ;
#1259 =( BOUNDED_CURVE ( )  B_SPLINE_CURVE ( 3, ( #637, #653, #2823, #1269 ),
 .UNSPECIFIED., .F., .T. ) 
 B_SPLINE_CURVE_WITH_KNOTS ( ( 4, 4 ),
 ( 3.141592653589786455, 4.712388980384689674 ),
 .UNSPECIFIED. ) 
 CURVE ( )  GEOMETRIC_REPRESENTATION_ITEM ( )  RATIONAL_B_SPLINE_CURVE ( ( 1.000000000000000000, 0.8047378541243634942, 0.8047378541243634942, 1.000000000000000000 ) ) 
 REPRESENTATION_ITEM ( '' )  );
#1260 = LINE ( 'NONE', #1009, #100 ) ;
#1261 = ADVANCED_FACE ( 'NONE', ( #2737 ), #2512, .F. ) ;
#1262 = DIRECTION ( 'NONE',  ( 0.000000000000000000, 0.000000000000000000, -1.000000000000000000 ) ) ;
#1263 = ORIENTED_EDGE ( 'NONE', *, *, #2079, .T. ) ;
#1264 = DIRECTION ( 'NONE',  ( -0.000000000000000000, -0.000000000000000000, -1.000000000000000000 ) ) ;
#1265 = DIRECTION ( 'NONE',  ( 0.000000000000000000, 0.000000000000000000, 1.000000000000000000 ) ) ;
#1266 = VECTOR ( 'NONE', #1115, 1000.000000000000000 ) ;
#1267 = ORIENTED_EDGE ( 'NONE', *, *, #2820, .T. ) ;
#1268 = CARTESIAN_POINT ( 'NONE',  ( -53.31131989884274702, 12.83439294907294226, 4.500000000000000888 ) ) ;
#1269 = CARTESIAN_POINT ( 'NONE',  ( -54.51131989884240880, 12.83439294907293160, 5.372727272727026104 ) ) ;
#1270 = VERTEX_POINT ( 'NONE', #1590 ) ;
#1271 = ORIENTED_EDGE ( 'NONE', *, *, #1918, .T. ) ;
#1272 = CARTESIAN_POINT ( 'NONE',  ( -58.71131989884241165, -35.45656248069552419, 2.000000000000000000 ) ) ;
#1273 = CARTESIAN_POINT ( 'NONE',  ( -36.96131840735561980, -22.16560705092670247, 0.5000000000000004441 ) ) ;
#1274 = EDGE_CURVE ( 'NONE', #1104, #2457, #566, .T. ) ;
#1275 = CIRCLE ( 'NONE', #1744, 69.50000000000000000 ) ;
#1276 = CARTESIAN_POINT ( 'NONE',  ( -55.03253916533167001, 28.41801930192167092, 2.000000000000000000 ) ) ;
#1277 = AXIS2_PLACEMENT_3D ( 'NONE', #852, #2618, #2600 ) ;
#1278 = VECTOR ( 'NONE', #91, 1000.000000000000000 ) ;
#1279 = ADVANCED_FACE ( 'NONE', ( #2462 ), #321, .F. ) ;
#1280 = ORIENTED_EDGE ( 'NONE', *, *, #313, .F. ) ;
#1281 = FACE_OUTER_BOUND ( 'NONE', #2570, .T. ) ;
#1282 = AXIS2_PLACEMENT_3D ( 'NONE', #1302, #2410, #2641 ) ;
#1283 = CARTESIAN_POINT ( 'NONE',  ( -55.51131989884241591, 27.54574907741651302, 7.000000000000000000 ) ) ;
#1284 = VECTOR ( 'NONE', #264, 1000.000000000000000 ) ;
#1285 = VERTEX_POINT ( 'NONE', #407 ) ;
#1286 = DIRECTION ( 'NONE',  ( -1.000000000000000000, 0.000000000000000000, 0.000000000000000000 ) ) ;
#1287 = CARTESIAN_POINT ( 'NONE',  ( -5.461318407355634896, 0.000000000000000000, 2.000000000000000000 ) ) ;
#1288 = VERTEX_POINT ( 'NONE', #1442 ) ;
#1289 = ORIENTED_EDGE ( 'NONE', *, *, #1545, .T. ) ;
#1290 = DIRECTION ( 'NONE',  ( 0.000000000000000000, 0.000000000000000000, 1.000000000000000000 ) ) ;
#1291 = LINE ( 'NONE', #2159, #2471 ) ;
#1292 = EDGE_LOOP ( 'NONE', ( #171, #1399, #1630, #1267 ) ) ;
#1293 = DIRECTION ( 'NONE',  ( 0.000000000000000000, 0.000000000000000000, -1.000000000000000000 ) ) ;
#1294 = CARTESIAN_POINT ( 'NONE',  ( 0.000000000000000000, -38.45656248069552419, 2.000000000000000000 ) ) ;
#1295 = EDGE_CURVE ( 'NONE', #1750, #2134, #1223, .T. ) ;
#1296 = EDGE_LOOP ( 'NONE', ( #2826, #1457, #2499, #2396 ) ) ;
#1297 = LINE ( 'NONE', #707, #224 ) ;
#1298 = EDGE_CURVE ( 'NONE', #1270, #1285, #362, .T. ) ;
#1299 = FACE_BOUND ( 'NONE', #1965, .T. ) ;
#1300 = VERTEX_POINT ( 'NONE', #2320 ) ;
#1301 = LINE ( 'NONE', #253, #713 ) ;
#1302 = CARTESIAN_POINT ( 'NONE',  ( -55.51131989884241591, -34.75656248069553556, 6.500000000000013323 ) ) ;
#1303 = MANIFOLD_SOLID_BREP ( 'Chamfer1', #1947 ) ;
#1304 = ORIENTED_EDGE ( 'NONE', *, *, #1334, .F. ) ;
#1305 = FACE_OUTER_BOUND ( 'NONE', #2514, .T. ) ;
#1306 = ORIENTED_EDGE ( 'NONE', *, *, #931, .T. ) ;
#1307 = CARTESIAN_POINT ( 'NONE',  ( 5.538681592644402407, 17.83439294907291028, 0.000000000000000000 ) ) ;
#1308 = CARTESIAN_POINT ( 'NONE',  ( -55.51131989884241591, 27.54574907741651302, 2.000000000000000000 ) ) ;
#1309 = EDGE_CURVE ( 'NONE', #1670, #1374, #1016, .T. ) ;
#1310 = ORIENTED_EDGE ( 'NONE', *, *, #2454, .F. ) ;
#1311 = CARTESIAN_POINT ( 'NONE',  ( -26.96131840735561269, -22.16560705092670247, 0.5000000000000004441 ) ) ;
#1312 = LINE ( 'NONE', #1926, #2798 ) ;
#1313 = VECTOR ( 'NONE', #36, 1000.000000000000000 ) ;
#1314 = EDGE_CURVE ( 'NONE', #550, #2672, #911, .T. ) ;
#1315 = ORIENTED_EDGE ( 'NONE', *, *, #2770, .T. ) ;
#1316 = DIRECTION ( 'NONE',  ( -0.000000000000000000, 0.000000000000000000, 1.000000000000000000 ) ) ;
#1317 = CARTESIAN_POINT ( 'NONE',  ( -36.97194292656563874, -35.37465162115807971, 2.000000000000000000 ) ) ;
#1318 = EDGE_LOOP ( 'NONE', ( #1818, #2778, #495, #2442 ) ) ;
#1319 = CARTESIAN_POINT ( 'NONE',  ( 5.049207500472286725, -35.37465162115796602, 0.000000000000000000 ) ) ;
#1320 = VECTOR ( 'NONE', #1856, 1000.000000000000114 ) ;
#1321 = ORIENTED_EDGE ( 'NONE', *, *, #1903, .F. ) ;
#1322 = DIRECTION ( 'NONE',  ( -1.000000000000000000, 1.387080272683752210E-14, 0.000000000000000000 ) ) ;
#1323 = CARTESIAN_POINT ( 'NONE',  ( 5.049207500472289389, 34.12534837884204109, 1.499999999999999556 ) ) ;
#1324 = VECTOR ( 'NONE', #1807, 999.9999999999998863 ) ;
#1325 = VECTOR ( 'NONE', #2585, 1000.000000000000000 ) ;
#1326 = ORIENTED_EDGE ( 'NONE', *, *, #611, .T. ) ;
#1327 = LINE ( 'NONE', #1799, #1962 ) ;
#1328 = LINE ( 'NONE', #1813, #2615 ) ;
#1329 = EDGE_CURVE ( 'NONE', #1088, #794, #2764, .T. ) ;
#1330 = CIRCLE ( 'NONE', #148, 5.500000000000005329 ) ;
#1331 = VERTEX_POINT ( 'NONE', #2577 ) ;
#1332 = PLANE ( 'NONE',  #1342 ) ;
#1333 = CARTESIAN_POINT ( 'NONE',  ( -5.461318407355634896, 17.83439294907291028, 2.000000000000000000 ) ) ;
#1334 = EDGE_CURVE ( 'NONE', #1852, #2271, #2133, .T. ) ;
#1335 = DIRECTION ( 'NONE',  ( 0.000000000000000000, 0.000000000000000000, 1.000000000000000000 ) ) ;
#1336 =( BOUNDED_CURVE ( )  B_SPLINE_CURVE ( 3, ( #248, #2006, #1951, #43 ),
 .UNSPECIFIED., .F., .T. ) 
 B_SPLINE_CURVE_WITH_KNOTS ( ( 4, 4 ),
 ( 6.852837061473010070E-15, 1.570796326794896558 ),
 .UNSPECIFIED. ) 
 CURVE ( )  GEOMETRIC_REPRESENTATION_ITEM ( )  RATIONAL_B_SPLINE_CURVE ( ( 1.000000000000000000, 0.8047378541243667138, 0.8047378541243667138, 1.000000000000000000 ) ) 
 REPRESENTATION_ITEM ( '' )  );
#1337 = VERTEX_POINT ( 'NONE', #2092 ) ;
#1338 = CARTESIAN_POINT ( 'NONE',  ( 5.049207500472290278, 27.92534837884204535, 7.000000000000000000 ) ) ;
#1339 = ORIENTED_EDGE ( 'NONE', *, *, #2742, .F. ) ;
#1340 = DIRECTION ( 'NONE',  ( 1.000000000000000000, 0.000000000000000000, 0.000000000000000000 ) ) ;
#1341 = CARTESIAN_POINT ( 'NONE',  ( 23.08868308413119408, 27.90423364609826251, 7.000000000000000000 ) ) ;
#1342 = AXIS2_PLACEMENT_3D ( 'NONE', #1580, #933, #1971 ) ;
#1343 = ORIENTED_EDGE ( 'NONE', *, *, #1171, .T. ) ;
#1344 = DIRECTION ( 'NONE',  ( 0.000000000000000000, 1.000000000000000000, 0.000000000000000000 ) ) ;
#1345 = DIRECTION ( 'NONE',  ( 1.000000000000000000, 0.000000000000000000, 0.000000000000000000 ) ) ;
#1346 = ADVANCED_BREP_SHAPE_REPRESENTATION ( 'cable_box_lid', ( #1303, #2825 ), #2688 ) ;
#1347 = ORIENTED_EDGE ( 'NONE', *, *, #1257, .F. ) ;
#1348 = EDGE_CURVE ( 'NONE', #2061, #346, #620, .T. ) ;
#1349 = CARTESIAN_POINT ( 'NONE',  ( 5.038681592644388196, -22.16560705092670247, 1.499999999999985789 ) ) ;
#1350 = EDGE_CURVE ( 'NONE', #2464, #2493, #2120, .T. ) ;
#1351 = VERTEX_POINT ( 'NONE', #1028 ) ;
#1352 = CYLINDRICAL_SURFACE ( 'NONE', #328, 69.50000000000042633 ) ;
#1353 = VERTEX_POINT ( 'NONE', #1483 ) ;
#1354 = CARTESIAN_POINT ( 'NONE',  ( -36.97194292656563874, 33.62534837884263794, 0.000000000000000000 ) ) ;
#1355 = DIRECTION ( 'NONE',  ( 0.000000000000000000, 1.000000000000000000, 0.000000000000000000 ) ) ;
#1356 = ORIENTED_EDGE ( 'NONE', *, *, #1309, .F. ) ;
#1357 = DIRECTION ( 'NONE',  ( 0.000000000000000000, 0.000000000000000000, 1.000000000000000000 ) ) ;
#1358 = VECTOR ( 'NONE', #2267, 1000.000000000000000 ) ;
#1359 = CARTESIAN_POINT ( 'NONE',  ( -36.96131840735561980, -22.16560705092670247, 1.499999999999985789 ) ) ;
#1360 = ORIENTED_EDGE ( 'NONE', *, *, #2216, .F. ) ;
#1361 = DIRECTION ( 'NONE',  ( 0.000000000000000000, -0.000000000000000000, -1.000000000000000000 ) ) ;
#1362 = EDGE_CURVE ( 'NONE', #1038, #1092, #1911, .T. ) ;
#1363 = EDGE_LOOP ( 'NONE', ( #93, #1488, #2098, #285 ) ) ;
#1364 = DIRECTION ( 'NONE',  ( 0.000000000000000000, -1.000000000000000000, 0.000000000000000000 ) ) ;
#1365 = ADVANCED_FACE ( 'NONE', ( #2789 ), #2285, .F. ) ;
#1366 = AXIS2_PLACEMENT_3D ( 'NONE', #2474, #1151, #758 ) ;
#1367 = VERTEX_POINT ( 'NONE', #1718 ) ;
#1368 = DIRECTION ( 'NONE',  ( -0.000000000000000000, 0.000000000000000000, 1.000000000000000000 ) ) ;
#1369 = AXIS2_PLACEMENT_3D ( 'NONE', #18, #1933, #2587 ) ;
#1370 = VECTOR ( 'NONE', #1293, 1000.000000000000000 ) ;
#1371 = FACE_OUTER_BOUND ( 'NONE', #719, .T. ) ;
#1372 = AXIS2_PLACEMENT_3D ( 'NONE', #2127, #1877, #1215 ) ;
#1373 = AXIS2_PLACEMENT_3D ( 'NONE', #2040, #1812, #2264 ) ;
#1374 = VERTEX_POINT ( 'NONE', #634 ) ;
#1375 = DIRECTION ( 'NONE',  ( 1.000000000000000000, 0.000000000000000000, 0.000000000000000000 ) ) ;
#1376 = CONICAL_SURFACE ( 'NONE', #967, 2.500000000000015987, 0.7853981633974457255 ) ;
#1377 = LINE ( 'NONE', #69, #921 ) ;
#1378 = EDGE_LOOP ( 'NONE', ( #2722, #571, #2611, #1501 ) ) ;
#1379 = LINE ( 'NONE', #40, #1324 ) ;
#1380 = ORIENTED_EDGE ( 'NONE', *, *, #1210, .F. ) ;
#1381 = DIRECTION ( 'NONE',  ( -0.000000000000000000, -0.000000000000000000, -1.000000000000000000 ) ) ;
#1382 = ORIENTED_EDGE ( 'NONE', *, *, #554, .F. ) ;
#1383 = EDGE_CURVE ( 'NONE', #89, #659, #352, .T. ) ;
#1384 = CARTESIAN_POINT ( 'NONE',  ( 0.03868159264438369993, -22.16560705092670247, 2.000000000000000000 ) ) ;
#1385 = CARTESIAN_POINT ( 'NONE',  ( 23.58868308413117632, 13.24860651144602386, 2.900000000000242384 ) ) ;
#1386 = EDGE_LOOP ( 'NONE', ( #1912, #1096, #1236 ) ) ;
#1387 = ADVANCED_FACE ( 'NONE', ( #1543 ), #2634, .F. ) ;
#1388 = DIRECTION ( 'NONE',  ( 1.000000000000000000, 0.000000000000000000, 0.000000000000000000 ) ) ;
#1389 = DIRECTION ( 'NONE',  ( -0.000000000000000000, -0.000000000000000000, -1.000000000000000000 ) ) ;
#1390 = ORIENTED_EDGE ( 'NONE', *, *, #2161, .T. ) ;
#1391 = DIRECTION ( 'NONE',  ( 0.000000000000000000, 0.000000000000000000, 1.000000000000000000 ) ) ;
#1392 = ORIENTED_EDGE ( 'NONE', *, *, #2367, .F. ) ;
#1393 = CARTESIAN_POINT ( 'NONE',  ( 22.58868308413117987, -18.16560705092706840, 7.000000000000000000 ) ) ;
#1394 = VERTEX_POINT ( 'NONE', #2402 ) ;
#1395 = CARTESIAN_POINT ( 'NONE',  ( -37.46131840735561980, 0.000000000000000000, 0.000000000000000000 ) ) ;
#1396 = CARTESIAN_POINT ( 'NONE',  ( 5.049207500472286725, -35.37465162115796602, 6.499999999999985789 ) ) ;
#1397 = APPLICATION_PROTOCOL_DEFINITION ( 'draft international standard', 'automotive_design', 1998, #1676 ) ;
#1398 = ADVANCED_FACE ( 'NONE', ( #1496 ), #2435, .T. ) ;
#1399 = ORIENTED_EDGE ( 'NONE', *, *, #690, .T. ) ;
#1400 = CARTESIAN_POINT ( 'NONE',  ( 22.88908287872507685, 28.48009641286383697, 7.000000000000000000 ) ) ;
#1401 = CARTESIAN_POINT ( 'NONE',  ( -55.51131989884243012, -17.57982061330017132, 6.099999999999911715 ) ) ;
#1402 = ADVANCED_FACE ( 'NONE', ( #1994 ), #3, .T. ) ;
#1403 = ORIENTED_EDGE ( 'NONE', *, *, #2317, .T. ) ;
#1404 = CYLINDRICAL_SURFACE ( 'NONE', #1099, 3.000000000000002665 ) ;
#1405 = VECTOR ( 'NONE', #2180, 1000.000000000000114 ) ;
#1406 = DIRECTION ( 'NONE',  ( 6.852837061473290116E-15, -1.000000000000000000, -0.000000000000000000 ) ) ;
#1407 = CARTESIAN_POINT ( 'NONE',  ( -55.51131989884239459, 13.24860651144601853, 2.900000000000248157 ) ) ;
#1408 = ORIENTED_EDGE ( 'NONE', *, *, #2331, .F. ) ;
#1409 = DIRECTION ( 'NONE',  ( -0.000000000000000000, 0.000000000000000000, -1.000000000000000000 ) ) ;
#1410 = CARTESIAN_POINT ( 'NONE',  ( 5.049207500472290278, 27.92534837884204535, 2.000000000000000000 ) ) ;
#1411 = PRODUCT_CONTEXT ( 'NONE', #157, 'mechanical' ) ;
#1412 = AXIS2_PLACEMENT_3D ( 'NONE', #464, #1125, #910 ) ;
#1413 = AXIS2_PLACEMENT_3D ( 'NONE', #351, #1264, #2147 ) ;
#1414 = ORIENTED_EDGE ( 'NONE', *, *, #1854, .F. ) ;
#1415 = DIRECTION ( 'NONE',  ( 0.000000000000000000, 1.000000000000000000, 0.000000000000000000 ) ) ;
#1416 = DIRECTION ( 'NONE',  ( 0.000000000000000000, -1.000000000000000000, 0.000000000000000000 ) ) ;
#1417 = CIRCLE ( 'NONE', #2565, 5.000000000000004441 ) ;
#1418 = CIRCLE ( 'NONE', #471, 3.000000000000002665 ) ;
#1419 = ORIENTED_EDGE ( 'NONE', *, *, #44, .T. ) ;
#1420 = CIRCLE ( 'NONE', #2796, 2.500000000000015987 ) ;
#1421 = ADVANCED_FACE ( 'NONE', ( #34 ), #599, .T. ) ;
#1422 = CYLINDRICAL_SURFACE ( 'NONE', #1561, 1.000000000000000888 ) ;
#1423 = DIRECTION ( 'NONE',  ( 0.000000000000000000, 1.000000000000000000, 0.000000000000000000 ) ) ;
#1424 = ADVANCED_FACE ( 'NONE', ( #2207 ), #2288, .T. ) ;
#1425 = LINE ( 'NONE', #995, #2607 ) ;
#1426 = ORIENTED_EDGE ( 'NONE', *, *, #2504, .F. ) ;
#1427 = CYLINDRICAL_SURFACE ( 'NONE', #284, 1.000000000000000888 ) ;
#1428 = DIRECTION ( 'NONE',  ( 0.000000000000000000, 1.000000000000000000, 0.000000000000000000 ) ) ;
#1429 =( BOUNDED_CURVE ( )  B_SPLINE_CURVE ( 3, ( #1914, #1901, #111, #1639 ),
 .UNSPECIFIED., .F., .F. ) 
 B_SPLINE_CURVE_WITH_KNOTS ( ( 4, 4 ),
 ( 1.570796326794896558, 3.141592653589786455 ),
 .UNSPECIFIED. ) 
 CURVE ( )  GEOMETRIC_REPRESENTATION_ITEM ( )  RATIONAL_B_SPLINE_CURVE ( ( 1.000000000000000000, 0.8047378541243666028, 0.8047378541243666028, 1.000000000000000000 ) ) 
 REPRESENTATION_ITEM ( '' )  );
#1430 = VERTEX_POINT ( 'NONE', #1308 ) ;
#1431 = DIRECTION ( 'NONE',  ( -1.000000000000000000, 0.000000000000000000, 0.000000000000000000 ) ) ;
#1432 = CARTESIAN_POINT ( 'NONE',  ( -55.09710633646932365, -17.16560705092707195, 5.798753772819480012 ) ) ;
#1433 = VERTEX_POINT ( 'NONE', #215 ) ;
#1434 = AXIS2_PLACEMENT_3D ( 'NONE', #1928, #1437, #400 ) ;
#1435 = CARTESIAN_POINT ( 'NONE',  ( 26.28868308413118271, 28.43037995825160991, 2.000000000000000000 ) ) ;
#1436 = ADVANCED_FACE ( 'NONE', ( #229 ), #1753, .F. ) ;
#1437 = DIRECTION ( 'NONE',  ( -1.370567412294658023E-14, -1.000000000000000000, 0.000000000000000000 ) ) ;
#1438 = LINE ( 'NONE', #2515, #2198 ) ;
#1439 = EDGE_CURVE ( 'NONE', #1993, #2497, #1336, .T. ) ;
#1440 = EDGE_LOOP ( 'NONE', ( #209, #2730, #2243, #1949 ) ) ;
#1441 = DIRECTION ( 'NONE',  ( -0.000000000000000000, -0.000000000000000000, 1.000000000000000000 ) ) ;
#1442 = CARTESIAN_POINT ( 'NONE',  ( 24.49317464742662764, 30.82906535597377484, 2.000000000000000000 ) ) ;
#1443 = ORIENTED_EDGE ( 'NONE', *, *, #47, .T. ) ;
#1444 = DIRECTION ( 'NONE',  ( -0.7740457383000519664, 0.4248662581190404408, 0.4694058560898579091 ) ) ;
#1445 = CYLINDRICAL_SURFACE ( 'NONE', #382, 63.30000000000001137 ) ;
#1446 = EDGE_LOOP ( 'NONE', ( #1029, #2450, #1138, #1588 ) ) ;
#1447 = DIRECTION ( 'NONE',  ( -0.000000000000000000, -0.000000000000000000, -1.000000000000000000 ) ) ;
#1448 = CARTESIAN_POINT ( 'NONE',  ( 23.58868308413117987, -34.75656248069553556, 2.000000000000000000 ) ) ;
#1449 = VECTOR ( 'NONE', #990, 1000.000000000000114 ) ;
#1450 = CARTESIAN_POINT ( 'NONE',  ( -55.71131989884241165, -37.95656248069552419, 2.000000000000000000 ) ) ;
#1451 = AXIS2_PLACEMENT_3D ( 'NONE', #679, #2209, #858 ) ;
#1452 = EDGE_CURVE ( 'NONE', #1961, #19, #1649, .T. ) ;
#1453 = VERTEX_POINT ( 'NONE', #885 ) ;
#1454 = CARTESIAN_POINT ( 'NONE',  ( -26.96131840735561269, -22.16560705092670247, 1.499999999999985789 ) ) ;
#1455 = CARTESIAN_POINT ( 'NONE',  ( -26.96131840735561269, -22.16560705092670247, -1.000000000000000000 ) ) ;
#1456 = ADVANCED_FACE ( 'NONE', ( #1098 ), #1777, .F. ) ;
#1457 = ORIENTED_EDGE ( 'NONE', *, *, #2686, .T. ) ;
#1458 = CARTESIAN_POINT ( 'NONE',  ( -36.96131840735561980, 17.83439294907291028, 0.5000000000000004441 ) ) ;
#1459 = DIRECTION ( 'NONE',  ( 0.1992592561249357519, -0.6784509922231328760, -0.7071067811865360264 ) ) ;
#1460 = CIRCLE ( 'NONE', #1095, 2.500000000000002220 ) ;
#1461 = VERTEX_POINT ( 'NONE', #2417 ) ;
#1462 = VECTOR ( 'NONE', #2785, 1000.000000000000114 ) ;
#1463 = VECTOR ( 'NONE', #2369, 1000.000000000000000 ) ;
#1464 = FACE_OUTER_BOUND ( 'NONE', #86, .T. ) ;
#1465 = CARTESIAN_POINT ( 'NONE',  ( -55.51131989884241591, 28.28052492780677696, 6.500000000000013323 ) ) ;
#1466 = AXIS2_PLACEMENT_3D ( 'NONE', #1536, #2800, #27 ) ;
#1467 = FACE_OUTER_BOUND ( 'NONE', #2273, .T. ) ;
#1468 = VECTOR ( 'NONE', #1459, 1000.000000000000114 ) ;
#1469 = EDGE_LOOP ( 'NONE', ( #158, #1896, #880, #1615 ) ) ;
#1470 = CARTESIAN_POINT ( 'NONE',  ( -26.96131840735561269, -22.16560705092670247, 1.499999999999985789 ) ) ;
#1471 = CARTESIAN_POINT ( 'NONE',  ( 23.58868308413117987, -34.75656248069553556, 2.000000000000000000 ) ) ;
#1472 = ADVANCED_FACE ( 'NONE', ( #439 ), #694, .T. ) ;
#1473 = VERTEX_POINT ( 'NONE', #1323 ) ;
#1474 = CARTESIAN_POINT ( 'NONE',  ( -26.46131840735559848, -22.16560705092670247, 2.000000000000000000 ) ) ;
#1475 = CARTESIAN_POINT ( 'NONE',  ( -26.46131840735559848, 17.83439294907291028, 2.000000000000000000 ) ) ;
#1476 = EDGE_CURVE ( 'NONE', #618, #1771, #2819, .T. ) ;
#1477 = VERTEX_POINT ( 'NONE', #424 ) ;
#1478 = FACE_OUTER_BOUND ( 'NONE', #1664, .T. ) ;
#1479 = DIRECTION ( 'NONE',  ( -0.000000000000000000, -0.000000000000000000, 1.000000000000000000 ) ) ;
#1480 = DIRECTION ( 'NONE',  ( 1.000000000000000000, 0.000000000000000000, -0.000000000000000000 ) ) ;
#1481 = ORIENTED_EDGE ( 'NONE', *, *, #831, .T. ) ;
#1482 = PLANE ( 'NONE',  #2428 ) ;
#1483 = CARTESIAN_POINT ( 'NONE',  ( 23.58868308413117987, 13.83439294907293160, 6.100000000000000533 ) ) ;
#1484 = ORIENTED_EDGE ( 'NONE', *, *, #538, .F. ) ;
#1485 = PLANE ( 'NONE',  #2691 ) ;
#1486 = DIRECTION ( 'NONE',  ( -0.000000000000000000, 0.000000000000000000, 1.000000000000000000 ) ) ;
#1487 = ADVANCED_FACE ( 'NONE', ( #204 ), #1731, .F. ) ;
#1488 = ORIENTED_EDGE ( 'NONE', *, *, #1938, .F. ) ;
#1489 = ORIENTED_EDGE ( 'NONE', *, *, #2042, .T. ) ;
#1490 = CARTESIAN_POINT ( 'NONE',  ( 5.049207500472286725, -35.37465162115796602, 0.4999999999999865663 ) ) ;
#1491 = ADVANCED_FACE ( 'NONE', ( #1516 ), #821, .F. ) ;
#1492 = DIRECTION ( 'NONE',  ( 0.000000000000000000, 0.000000000000000000, 1.000000000000000000 ) ) ;
#1493 = DIRECTION ( 'NONE',  ( 1.000000000000000000, -1.370567412294658023E-14, 0.000000000000000000 ) ) ;
#1494 = ORIENTED_EDGE ( 'NONE', *, *, #2734, .F. ) ;
#1495 = DIRECTION ( 'NONE',  ( 1.000000000000000000, 0.000000000000000000, -0.000000000000000000 ) ) ;
#1496 = FACE_OUTER_BOUND ( 'NONE', #165, .T. ) ;
#1497 = ORIENTED_EDGE ( 'NONE', *, *, #2703, .T. ) ;
#1498 = CARTESIAN_POINT ( 'NONE',  ( -55.71131989884241165, -38.45656248069552419, 1.499999999999999556 ) ) ;
#1499 = DIRECTION ( 'NONE',  ( -6.899468370362299725E-15, -1.000000000000000000, 0.000000000000000000 ) ) ;
#1500 = AXIS2_PLACEMENT_3D ( 'NONE', #1338, #664, #689 ) ;
#1501 = ORIENTED_EDGE ( 'NONE', *, *, #421, .T. ) ;
#1502 = ADVANCED_FACE ( 'NONE', ( #718 ), #957, .T. ) ;
#1503 = ORIENTED_EDGE ( 'NONE', *, *, #727, .F. ) ;
#1504 = DIRECTION ( 'NONE',  ( 0.000000000000000000, 0.000000000000000000, -1.000000000000000000 ) ) ;
#1505 = CARTESIAN_POINT ( 'NONE',  ( -55.51131989884274986, 12.83439294907292449, 6.100000000000000533 ) ) ;
#1506 = EDGE_CURVE ( 'NONE', #1331, #1993, #303, .T. ) ;
#1507 = VECTOR ( 'NONE', #505, 1000.000000000000000 ) ;
#1508 = AXIS2_PLACEMENT_3D ( 'NONE', #2189, #1495, #1080 ) ;
#1509 = CYLINDRICAL_SURFACE ( 'NONE', #1929, 66.30000000000055138 ) ;
#1510 = VECTOR ( 'NONE', #212, 1000.000000000000000 ) ;
#1511 = VECTOR ( 'NONE', #1857, 1000.000000000000114 ) ;
#1512 = EDGE_CURVE ( 'NONE', #246, #1270, #87, .T. ) ;
#1513 = ORIENTED_EDGE ( 'NONE', *, *, #2683, .F. ) ;
#1514 = LINE ( 'NONE', #438, #1186 ) ;
#1515 = CIRCLE ( 'NONE', #2024, 2.500000000000009326 ) ;
#1516 = FACE_OUTER_BOUND ( 'NONE', #1998, .T. ) ;
#1517 = ORIENTED_EDGE ( 'NONE', *, *, #2303, .F. ) ;
#1518 = DIRECTION ( 'NONE',  ( 0.000000000000000000, 0.000000000000000000, 1.000000000000000000 ) ) ;
#1519 = FACE_BOUND ( 'NONE', #422, .T. ) ;
#1520 = ORIENTED_EDGE ( 'NONE', *, *, #935, .T. ) ;
#1521 = FACE_OUTER_BOUND ( 'NONE', #2616, .T. ) ;
#1522 = CARTESIAN_POINT ( 'NONE',  ( -55.03253916533167001, 28.41801930192167447, 6.500000000000013323 ) ) ;
#1523 = ORIENTED_EDGE ( 'NONE', *, *, #824, .T. ) ;
#1524 = DIRECTION ( 'NONE',  ( -0.000000000000000000, -0.000000000000000000, -1.000000000000000000 ) ) ;
#1525 = ADVANCED_FACE ( 'NONE', ( #73 ), #2690, .T. ) ;
#1526 = EDGE_LOOP ( 'NONE', ( #2218, #522, #2113, #350 ) ) ;
#1527 = LINE ( 'NONE', #1950, #1370 ) ;
#1528 = DIRECTION ( 'NONE',  ( 0.000000000000000000, 0.000000000000000000, -1.000000000000000000 ) ) ;
#1529 = CIRCLE ( 'NONE', #1117, 66.30000000000001137 ) ;
#1530 = EDGE_CURVE ( 'NONE', #2412, #938, #1136, .T. ) ;
#1531 = ORIENTED_EDGE ( 'NONE', *, *, #2824, .F. ) ;
#1532 = DIRECTION ( 'NONE',  ( 1.000000000000000000, 0.000000000000000000, 0.000000000000000000 ) ) ;
#1533 = DIRECTION ( 'NONE',  ( -0.8087360843031885516, -5.579849033620507413E-15, -0.5881716976750460679 ) ) ;
#1534 = ORIENTED_EDGE ( 'NONE', *, *, #2046, .F. ) ;
#1535 = DIRECTION ( 'NONE',  ( 0.000000000000000000, 0.000000000000000000, 1.000000000000000000 ) ) ;
#1536 = CARTESIAN_POINT ( 'NONE',  ( -31.96131840735561624, -22.16560705092670247, 0.5000000000000004441 ) ) ;
#1537 = DIRECTION ( 'NONE',  ( -0.7071067811865474617, 0.000000000000000000, -0.7071067811865474617 ) ) ;
#1538 = ORIENTED_EDGE ( 'NONE', *, *, #1796, .F. ) ;
#1539 = DIRECTION ( 'NONE',  ( 0.000000000000000000, -0.000000000000000000, -1.000000000000000000 ) ) ;
#1540 = EDGE_LOOP ( 'NONE', ( #1667, #2646, #1604, #2711 ) ) ;
#1541 = ADVANCED_FACE ( 'NONE', ( #2720 ), #1352, .T. ) ;
#1542 = CARTESIAN_POINT ( 'NONE',  ( -55.71131989884241165, 28.43040892023596200, 0.000000000000000000 ) ) ;
#1543 = FACE_OUTER_BOUND ( 'NONE', #555, .T. ) ;
#1544 = ORIENTED_EDGE ( 'NONE', *, *, #748, .T. ) ;
#1545 = EDGE_CURVE ( 'NONE', #268, #1633, #926, .T. ) ;
#1546 = CARTESIAN_POINT ( 'NONE',  ( -53.31131989884274702, 12.83439294907294226, 4.500000000000000888 ) ) ;
#1547 = CARTESIAN_POINT ( 'NONE',  ( -4.961318407355620685, -22.16560705092670247, 0.5000000000000143219 ) ) ;
#1548 = VECTOR ( 'NONE', #2394, 1000.000000000000000 ) ;
#1549 = ORIENTED_EDGE ( 'NONE', *, *, #1868, .F. ) ;
#1550 = CARTESIAN_POINT ( 'NONE',  ( 20.58868308413117987, 25.98832336038012869, 6.499999999999985789 ) ) ;
#1551 = DIRECTION ( 'NONE',  ( -0.000000000000000000, 0.000000000000000000, 1.000000000000000000 ) ) ;
#1552 = EDGE_LOOP ( 'NONE', ( #72, #683, #2727, #1403 ) ) ;
#1553 = PRESENTATION_LAYER_ASSIGNMENT (  '', '', ( #4 ) ) ;
#1554 = LINE ( 'NONE', #419, #1842 ) ;
#1555 = CONICAL_SURFACE ( 'NONE', #1366, 65.80000000000055138, 0.7853981633974621568 ) ;
#1556 = VECTOR ( 'NONE', #2052, 1000.000000000000000 ) ;
#1557 = ORIENTED_EDGE ( 'NONE', *, *, #1903, .T. ) ;
#1558 = CARTESIAN_POINT ( 'NONE',  ( -55.71131989884241165, 28.43040892023596200, 2.000000000000000000 ) ) ;
#1559 = AXIS2_PLACEMENT_3D ( 'NONE', #1218, #1675, #1908 ) ;
#1560 = VECTOR ( 'NONE', #2521, 1000.000000000000000 ) ;
#1561 = AXIS2_PLACEMENT_3D ( 'NONE', #2302, #1659, #2555 ) ;
#1562 = EDGE_LOOP ( 'NONE', ( #1145, #310, #447, #755 ) ) ;
#1563 = CARTESIAN_POINT ( 'NONE',  ( -58.21131989884242586, 0.000000000000000000, 0.000000000000000000 ) ) ;
#1564 =( NAMED_UNIT ( * ) PLANE_ANGLE_UNIT ( ) SI_UNIT ( $, .RADIAN. ) );
#1565 = VECTOR ( 'NONE', #2768, 1000.000000000000000 ) ;
#1566 = ADVANCED_FACE ( 'NONE', ( #2062 ), #1228, .T. ) ;
#1567 = PRODUCT_DEFINITION_CONTEXT ( 'detailed design', #1676, 'design' ) ;
#1568 = VERTEX_POINT ( 'NONE', #939 ) ;
#1569 = CARTESIAN_POINT ( 'NONE',  ( -55.51131989884241591, -34.75656248069553556, 6.500000000000013323 ) ) ;
#1570 = DIRECTION ( 'NONE',  ( -0.000000000000000000, -0.000000000000000000, -1.000000000000000000 ) ) ;
#1571 = EDGE_CURVE ( 'NONE', #594, #883, #2676, .T. ) ;
#1572 = ORIENTED_EDGE ( 'NONE', *, *, #398, .F. ) ;
#1573 = CARTESIAN_POINT ( 'NONE',  ( -55.51131989884241591, -18.16560705092706840, 7.000000000000000000 ) ) ;
#1574 = VERTEX_POINT ( 'NONE', #272 ) ;
#1575 = CARTESIAN_POINT ( 'NONE',  ( 23.08868308413119408, 28.28049620745773751, 7.000000000000000000 ) ) ;
#1576 = ORIENTED_EDGE ( 'NONE', *, *, #1174, .T. ) ;
#1577 = CARTESIAN_POINT ( 'NONE',  ( -56.55670532616316848, 31.30883270405823637, 1.499999999999999556 ) ) ;
#1578 = CARTESIAN_POINT ( 'NONE',  ( 0.03868159264438369993, -22.16560705092670247, -1.000000000000000000 ) ) ;
#1579 = ORIENTED_EDGE ( 'NONE', *, *, #2617, .T. ) ;
#1580 = CARTESIAN_POINT ( 'NONE',  ( -5.461318407355634896, 0.000000000000000000, 2.000000000000000000 ) ) ;
#1581 = EDGE_CURVE ( 'NONE', #1187, #89, #307, .T. ) ;
#1582 = CARTESIAN_POINT ( 'NONE',  ( -36.97194292656563874, -35.37465162115807971, 6.500000000000013323 ) ) ;
#1583 = EDGE_LOOP ( 'NONE', ( #2008, #2002, #861, #1484 ) ) ;
#1584 = EDGE_CURVE ( 'NONE', #2672, #346, #952, .T. ) ;
#1585 = CARTESIAN_POINT ( 'NONE',  ( -55.71131989884241165, -38.45656248069552419, 1.499999999999999556 ) ) ;
#1586 = ORIENTED_EDGE ( 'NONE', *, *, #661, .F. ) ;
#1587 = CARTESIAN_POINT ( 'NONE',  ( -36.97194292656563874, -35.37465162115807971, 2.000000000000000000 ) ) ;
#1588 = ORIENTED_EDGE ( 'NONE', *, *, #2284, .F. ) ;
#1589 = DIRECTION ( 'NONE',  ( 0.000000000000000000, -0.000000000000000000, -1.000000000000000000 ) ) ;
#1590 = CARTESIAN_POINT ( 'NONE',  ( -4.961318407355620685, -22.16560705092670247, 1.499999999999985789 ) ) ;
#1591 = ORIENTED_EDGE ( 'NONE', *, *, #2353, .T. ) ;
#1592 = DIRECTION ( 'NONE',  ( -0.000000000000000000, -0.000000000000000000, -1.000000000000000000 ) ) ;
#1593 = AXIS2_PLACEMENT_3D ( 'NONE', #2794, #1444, #2167 ) ;
#1594 = CARTESIAN_POINT ( 'NONE',  ( 23.58868308413130421, -17.16560705092707551, 6.100000000000000533 ) ) ;
#1595 = EDGE_CURVE ( 'NONE', #1453, #1394, #2707, .T. ) ;
#1596 = ORIENTED_EDGE ( 'NONE', *, *, #780, .T. ) ;
#1597 = DIRECTION ( 'NONE',  ( -0.000000000000000000, 0.000000000000000000, -1.000000000000000000 ) ) ;
#1598 = ADVANCED_FACE ( 'NONE', ( #115 ), #1555, .T. ) ;
#1599 = MECHANICAL_DESIGN_GEOMETRIC_PRESENTATION_REPRESENTATION (  '', ( #4 ), #370 ) ;
#1600 = ORIENTED_EDGE ( 'NONE', *, *, #2179, .F. ) ;
#1601 = DIRECTION ( 'NONE',  ( -0.000000000000000000, -0.000000000000000000, -1.000000000000000000 ) ) ;
#1602 = AXIS2_PLACEMENT_3D ( 'NONE', #2458, #1853, #494 ) ;
#1603 = ADVANCED_FACE ( 'NONE', ( #2036 ), #1164, .T. ) ;
#1604 = ORIENTED_EDGE ( 'NONE', *, *, #587, .F. ) ;
#1605 = DIRECTION ( 'NONE',  ( 0.000000000000000000, 0.000000000000000000, 1.000000000000000000 ) ) ;
#1606 = VECTOR ( 'NONE', #1616, 1000.000000000000000 ) ;
#1607 = AXIS2_PLACEMENT_3D ( 'NONE', #1027, #619, #1015 ) ;
#1608 = DIRECTION ( 'NONE',  ( -6.852837061473290116E-15, -1.000000000000000000, -0.000000000000000000 ) ) ;
#1609 = DIRECTION ( 'NONE',  ( 9.813077866773586595E-15, 0.7071067811865474617, -0.7071067811865474617 ) ) ;
#1610 = CONICAL_SURFACE ( 'NONE', #2475, 5.000000000000004441, 0.7853981633974482790 ) ;
#1611 = VERTEX_POINT ( 'NONE', #2078 ) ;
#1612 = FACE_OUTER_BOUND ( 'NONE', #905, .T. ) ;
#1613 = AXIS2_PLACEMENT_3D ( 'NONE', #1782, #1997, #1986 ) ;
#1614 = LINE ( 'NONE', #529, #379 ) ;
#1615 = ORIENTED_EDGE ( 'NONE', *, *, #1706, .F. ) ;
#1616 = DIRECTION ( 'NONE',  ( 0.000000000000000000, -1.000000000000000000, 0.000000000000000000 ) ) ;
#1617 = ORIENTED_EDGE ( 'NONE', *, *, #2321, .F. ) ;
#1618 = DIRECTION ( 'NONE',  ( -1.000000000000000000, 0.000000000000000000, 0.000000000000000000 ) ) ;
#1619 = EDGE_CURVE ( 'NONE', #1092, #2781, #381, .T. ) ;
#1620 = ORIENTED_EDGE ( 'NONE', *, *, #1671, .F. ) ;
#1621 = CARTESIAN_POINT ( 'NONE',  ( 5.049207500472286725, -35.37465162115796602, 1.499999999999999556 ) ) ;
#1622 = CARTESIAN_POINT ( 'NONE',  ( 5.049207500472291166, 30.92534837884204535, 6.500000000000013323 ) ) ;
#1623 = EDGE_CURVE ( 'NONE', #465, #481, #317, .T. ) ;
#1624 = VERTEX_POINT ( 'NONE', #1866 ) ;
#1625 = DIRECTION ( 'NONE',  ( -0.000000000000000000, -0.000000000000000000, 1.000000000000000000 ) ) ;
#1626 = CARTESIAN_POINT ( 'NONE',  ( -4.961318407355620685, -22.16560705092670247, 0.5000000000000143219 ) ) ;
#1627 = AXIS2_PLACEMENT_3D ( 'NONE', #1062, #627, #1944 ) ;
#1628 = VERTEX_POINT ( 'NONE', #2102 ) ;
#1629 = LINE ( 'NONE', #743, #1606 ) ;
#1630 = ORIENTED_EDGE ( 'NONE', *, *, #147, .F. ) ;
#1631 = CARTESIAN_POINT ( 'NONE',  ( -54.51131989884240880, 12.83439294907293338, 3.627272727272975228 ) ) ;
#1632 = EDGE_CURVE ( 'NONE', #1178, #213, #2746, .T. ) ;
#1633 = VERTEX_POINT ( 'NONE', #562 ) ;
#1634 = PLANE ( 'NONE',  #467 ) ;
#1635 = CARTESIAN_POINT ( 'NONE',  ( 23.17446952175808406, 12.83439294907292805, 3.201246227180676307 ) ) ;
#1636 = EDGE_CURVE ( 'NONE', #411, #1453, #1425, .T. ) ;
#1637 = ORIENTED_EDGE ( 'NONE', *, *, #101, .F. ) ;
#1638 = DIRECTION ( 'NONE',  ( 0.7071067811865475727, 0.000000000000000000, 0.7071067811865475727 ) ) ;
#1639 = CARTESIAN_POINT ( 'NONE',  ( 23.58868308413129711, -18.16560705092706840, 2.900000000000000799 ) ) ;
#1640 = ADVANCED_FACE ( 'NONE', ( #1037 ), #391, .F. ) ;
#1641 = ORIENTED_EDGE ( 'NONE', *, *, #333, .T. ) ;
#1642 = CARTESIAN_POINT ( 'NONE',  ( -36.96131840735561980, -22.16560705092670247, -1.000000000000000000 ) ) ;
#1643 = CARTESIAN_POINT ( 'NONE',  ( -55.51131989884274986, 12.83439294907292449, 6.100000000000000533 ) ) ;
#1644 = CARTESIAN_POINT ( 'NONE',  ( 5.049207500472284060, 30.42534837884205956, 7.000000000000000000 ) ) ;
#1645 = VECTOR ( 'NONE', #1894, 1000.000000000000114 ) ;
#1646 = ORIENTED_EDGE ( 'NONE', *, *, #1091, .T. ) ;
#1647 = FACE_BOUND ( 'NONE', #706, .T. ) ;
#1648 = DIRECTION ( 'NONE',  ( 1.000000000000000000, 0.000000000000000000, 0.000000000000000000 ) ) ;
#1649 = CIRCLE ( 'NONE', #2240, 66.30000000000001137 ) ;
#1650 = CONICAL_SURFACE ( 'NONE', #426, 5.000000000000004441, 0.7853981633974482790 ) ;
#1651 = ORIENTED_EDGE ( 'NONE', *, *, #293, .T. ) ;
#1652 = FACE_OUTER_BOUND ( 'NONE', #1378, .T. ) ;
#1653 = CARTESIAN_POINT ( 'NONE',  ( -31.92263681471111525, -17.16560705092691208, 0.000000000000000000 ) ) ;
#1654 = ADVANCED_FACE ( 'NONE', ( #156, #2329 ), #2733, .F. ) ;
#1655 = CIRCLE ( 'NONE', #54, 69.00000000000002842 ) ;
#1656 =( BOUNDED_CURVE ( )  B_SPLINE_CURVE ( 3, ( #2779, #636, #429, #816 ),
 .UNSPECIFIED., .F., .F. ) 
 B_SPLINE_CURVE_WITH_KNOTS ( ( 4, 4 ),
 ( 1.570796326794896114, 3.141592653589799777 ),
 .UNSPECIFIED. ) 
 CURVE ( )  GEOMETRIC_REPRESENTATION_ITEM ( )  RATIONAL_B_SPLINE_CURVE ( ( 1.000000000000000000, 0.8047378541243632721, 0.8047378541243632721, 1.000000000000000000 ) ) 
 REPRESENTATION_ITEM ( '' )  );
#1657 = ORIENTED_EDGE ( 'NONE', *, *, #47, .F. ) ;
#1658 = CIRCLE ( 'NONE', #2158, 5.000000000000004441 ) ;
#1659 = DIRECTION ( 'NONE',  ( 0.000000000000000000, 0.000000000000000000, 1.000000000000000000 ) ) ;
#1660 = EDGE_CURVE ( 'NONE', #1568, #2051, #1234, .T. ) ;
#1661 = AXIS2_PLACEMENT_3D ( 'NONE', #1547, #2666, #930 ) ;
#1662 = FACE_OUTER_BOUND ( 'NONE', #635, .T. ) ;
#1663 = LINE ( 'NONE', #2305, #2701 ) ;
#1664 = EDGE_LOOP ( 'NONE', ( #894, #2453, #878, #1513, #1810, #260 ) ) ;
#1665 = CARTESIAN_POINT ( 'NONE',  ( -52.51131989884240880, 25.98834833250736409, 2.000000000000000000 ) ) ;
#1666 = DIRECTION ( 'NONE',  ( 1.000000000000000000, 0.000000000000000000, 0.000000000000000000 ) ) ;
#1667 = ORIENTED_EDGE ( 'NONE', *, *, #1057, .T. ) ;
#1668 = FACE_OUTER_BOUND ( 'NONE', #757, .T. ) ;
#1669 = CARTESIAN_POINT ( 'NONE',  ( 21.08868308413119763, 26.37626110894839826, 7.000000000000000000 ) ) ;
#1670 = VERTEX_POINT ( 'NONE', #2534 ) ;
#1671 = EDGE_CURVE ( 'NONE', #1337, #481, #1663, .T. ) ;
#1672 = DIRECTION ( 'NONE',  ( -1.000000000000000000, 0.000000000000000000, 0.000000000000000000 ) ) ;
#1673 = PLANE ( 'NONE',  #2658 ) ;
#1674 = EDGE_CURVE ( 'NONE', #465, #936, #2574, .T. ) ;
#1675 = DIRECTION ( 'NONE',  ( 0.000000000000000000, -0.000000000000000000, -1.000000000000000000 ) ) ;
#1676 = APPLICATION_CONTEXT ( 'automotive_design' ) ;
#1677 = EDGE_LOOP ( 'NONE', ( #2747, #651, #1390, #2550 ) ) ;
#1678 = CARTESIAN_POINT ( 'NONE',  ( -36.97194292656563874, -35.37465162115807971, 0.4999999999999865663 ) ) ;
#1679 = VERTEX_POINT ( 'NONE', #1247 ) ;
#1680 = FACE_OUTER_BOUND ( 'NONE', #399, .T. ) ;
#1681 = DIRECTION ( 'NONE',  ( -0.000000000000000000, -0.000000000000000000, -1.000000000000000000 ) ) ;
#1682 = ORIENTED_EDGE ( 'NONE', *, *, #182, .F. ) ;
#1683 = LINE ( 'NONE', #806, #1932 ) ;
#1684 = PLANE ( 'NONE',  #785 ) ;
#1685 = CARTESIAN_POINT ( 'NONE',  ( -31.96131840735561624, 17.83439294907291028, 1.499999999999985789 ) ) ;
#1686 = ADVANCED_FACE ( 'NONE', ( #347 ), #799, .F. ) ;
#1687 = VERTEX_POINT ( 'NONE', #1450 ) ;
#1688 = DIRECTION ( 'NONE',  ( -1.000000000000000000, 1.387080272683752210E-14, 0.000000000000000000 ) ) ;
#1689 = EDGE_CURVE ( 'NONE', #1430, #2020, #1438, .T. ) ;
#1690 = ORIENTED_EDGE ( 'NONE', *, *, #2260, .F. ) ;
#1691 = CARTESIAN_POINT ( 'NONE',  ( -36.97194292656568138, 30.92534837884262089, 7.000000000000000000 ) ) ;
#1692 = DIRECTION ( 'NONE',  ( -0.000000000000000000, -0.000000000000000000, -1.000000000000000000 ) ) ;
#1693 = CIRCLE ( 'NONE', #783, 5.500000000000018652 ) ;
#1694 = ORIENTED_EDGE ( 'NONE', *, *, #1833, .T. ) ;
#1695 = VECTOR ( 'NONE', #1479, 1000.000000000000000 ) ;
#1696 = DIRECTION ( 'NONE',  ( 0.000000000000000000, 0.000000000000000000, 1.000000000000000000 ) ) ;
#1697 = DIRECTION ( 'NONE',  ( 0.000000000000000000, 1.000000000000000000, 0.000000000000000000 ) ) ;
#1698 = CIRCLE ( 'NONE', #2752, 69.00000000000042633 ) ;
#1699 = PLANE ( 'NONE',  #2023 ) ;
#1700 = AXIS2_PLACEMENT_3D ( 'NONE', #1200, #2324, #2073 ) ;
#1701 = ORIENTED_EDGE ( 'NONE', *, *, #744, .F. ) ;
#1702 = EDGE_CURVE ( 'NONE', #2354, #125, #602, .T. ) ;
#1703 = CARTESIAN_POINT ( 'NONE',  ( -36.96131840735561980, 17.83439294907291028, 0.5000000000000004441 ) ) ;
#1704 = SURFACE_STYLE_USAGE ( .BOTH. , #146 ) ;
#1705 = EDGE_LOOP ( 'NONE', ( #1321, #384, #2350, #2735 ) ) ;
#1706 = EDGE_CURVE ( 'NONE', #938, #610, #375, .T. ) ;
#1707 = FACE_BOUND ( 'NONE', #1296, .T. ) ;
#1708 = DIRECTION ( 'NONE',  ( 0.000000000000000000, 1.000000000000000000, 0.000000000000000000 ) ) ;
#1709 = ORIENTED_EDGE ( 'NONE', *, *, #1956, .T. ) ;
#1710 = PRODUCT_DEFINITION_SHAPE ( 'NONE', 'NONE',  #78 ) ;
#1711 = CARTESIAN_POINT ( 'NONE',  ( -36.96131840735561980, -22.16560705092670247, 0.5000000000000004441 ) ) ;
#1712 = LINE ( 'NONE', #1272, #195 ) ;
#1713 = DIRECTION ( 'NONE',  ( -0.000000000000000000, -0.000000000000000000, -1.000000000000000000 ) ) ;
#1714 = DIRECTION ( 'NONE',  ( -0.000000000000000000, 0.000000000000000000, -1.000000000000000000 ) ) ;
#1715 = AXIS2_PLACEMENT_3D ( 'NONE', #2077, #1423, #2304 ) ;
#1716 = ORIENTED_EDGE ( 'NONE', *, *, #17, .F. ) ;
#1717 = LINE ( 'NONE', #2589, #376 ) ;
#1718 = CARTESIAN_POINT ( 'NONE',  ( 24.49317464742663120, 30.82906535597378550, 0.000000000000000000 ) ) ;
#1719 = ORIENTED_EDGE ( 'NONE', *, *, #559, .T. ) ;
#1720 = CARTESIAN_POINT ( 'NONE',  ( -55.51131989884241591, -35.25656248069552134, 6.500000000000013323 ) ) ;
#1721 = ADVANCED_FACE ( 'NONE', ( #2546, #2117 ), #823, .T. ) ;
#1722 = ORIENTED_EDGE ( 'NONE', *, *, #1671, .T. ) ;
#1723 = ORIENTED_EDGE ( 'NONE', *, *, #808, .T. ) ;
#1724 = CARTESIAN_POINT ( 'NONE',  ( 24.49317464742662764, 30.82906535597377484, 2.000000000000000000 ) ) ;
#1725 = ADVANCED_FACE ( 'NONE', ( #809 ), #1699, .T. ) ;
#1726 = DIRECTION ( 'NONE',  ( 0.7071067811865474617, -0.7071067811865474617, -0.000000000000000000 ) ) ;
#1727 = DIRECTION ( 'NONE',  ( -1.000000000000000000, 0.000000000000000000, 0.000000000000000000 ) ) ;
#1728 = ORIENTED_EDGE ( 'NONE', *, *, #1623, .F. ) ;
#1729 = VECTOR ( 'NONE', #652, 1000.000000000000000 ) ;
#1730 = LINE ( 'NONE', #1097, #740 ) ;
#1731 = PLANE ( 'NONE',  #1047 ) ;
#1732 = ORIENTED_EDGE ( 'NONE', *, *, #971, .T. ) ;
#1733 = FACE_OUTER_BOUND ( 'NONE', #2342, .T. ) ;
#1734 = DIRECTION ( 'NONE',  ( 1.000000000000000000, 0.000000000000000000, 0.000000000000000000 ) ) ;
#1735 = AXIS2_PLACEMENT_3D ( 'NONE', #2622, #1766, #21 ) ;
#1736 = ORIENTED_EDGE ( 'NONE', *, *, #453, .F. ) ;
#1737 = DIRECTION ( 'NONE',  ( -0.000000000000000000, -0.7071067811865474617, -0.7071067811865474617 ) ) ;
#1738 = EDGE_CURVE ( 'NONE', #2043, #1679, #2609, .T. ) ;
#1739 = LINE ( 'NONE', #671, #700 ) ;
#1740 = AXIS2_PLACEMENT_3D ( 'NONE', #2143, #1879, #170 ) ;
#1741 = CARTESIAN_POINT ( 'NONE',  ( 5.538681592644402407, 0.000000000000000000, 2.000000000000000000 ) ) ;
#1742 = ORIENTED_EDGE ( 'NONE', *, *, #1106, .F. ) ;
#1743 = CIRCLE ( 'NONE', #513, 65.80000000000002558 ) ;
#1744 = AXIS2_PLACEMENT_3D ( 'NONE', #1621, #1139, #2291 ) ;
#1745 = ADVANCED_FACE ( 'NONE', ( #1467 ), #962, .T. ) ;
#1746 = CYLINDRICAL_SURFACE ( 'NONE', #1277, 5.000000000000004441 ) ;
#1747 = AXIS2_PLACEMENT_3D ( 'NONE', #711, #500, #2014 ) ;
#1748 = VECTOR ( 'NONE', #1428, 1000.000000000000000 ) ;
#1749 =( BOUNDED_CURVE ( )  B_SPLINE_CURVE ( 3, ( #136, #1432, #1401, #2340 ),
 .UNSPECIFIED., .F., .T. ) 
 B_SPLINE_CURVE_WITH_KNOTS ( ( 4, 4 ),
 ( 4.712388980384690562, 6.283185307179586232 ),
 .UNSPECIFIED. ) 
 CURVE ( )  GEOMETRIC_REPRESENTATION_ITEM ( )  RATIONAL_B_SPLINE_CURVE ( ( 1.000000000000000000, 0.8047378541243652705, 0.8047378541243652705, 1.000000000000000000 ) ) 
 REPRESENTATION_ITEM ( '' )  );
#1750 = VERTEX_POINT ( 'NONE', #1644 ) ;
#1751 = DIRECTION ( 'NONE',  ( -0.7071067811865474617, 0.000000000000000000, 0.7071067811865474617 ) ) ;
#1752 = CIRCLE ( 'NONE', #2343, 5.500000000000005329 ) ;
#1753 = PLANE ( 'NONE',  #1735 ) ;
#1754 = ORIENTED_EDGE ( 'NONE', *, *, #486, .F. ) ;
#1755 = CARTESIAN_POINT ( 'NONE',  ( -58.71131989884241165, 28.43040892023596200, 1.499999999999999556 ) ) ;
#1756 = DIRECTION ( 'NONE',  ( 0.000000000000000000, 1.000000000000000000, 0.000000000000000000 ) ) ;
#1757 = EDGE_LOOP ( 'NONE', ( #479, #688, #2414, #833 ) ) ;
#1758 = DIRECTION ( 'NONE',  ( 0.000000000000000000, 0.000000000000000000, 1.000000000000000000 ) ) ;
#1759 = DIRECTION ( 'NONE',  ( 0.8087360843031886626, 0.000000000000000000, 0.5881716976750459569 ) ) ;
#1760 = EDGE_CURVE ( 'NONE', #1771, #1367, #1655, .T. ) ;
#1761 = ORIENTED_EDGE ( 'NONE', *, *, #333, .F. ) ;
#1762 = LINE ( 'NONE', #2431, #1051 ) ;
#1763 = ADVANCED_FACE ( 'NONE', ( #2203 ), #448, .T. ) ;
#1764 = ORIENTED_EDGE ( 'NONE', *, *, #1243, .F. ) ;
#1765 = DIRECTION ( 'NONE',  ( 1.000000000000000000, 0.000000000000000000, 0.000000000000000000 ) ) ;
#1766 = DIRECTION ( 'NONE',  ( 5.838177778956937832E-17, 0.7071067811865475727, -0.7071067811865475727 ) ) ;
#1767 = ORIENTED_EDGE ( 'NONE', *, *, #1192, .F. ) ;
#1768 = DIRECTION ( 'NONE',  ( 1.000000000000000000, 0.000000000000000000, 0.000000000000000000 ) ) ;
#1769 = LINE ( 'NONE', #2449, #1801 ) ;
#1770 = UNCERTAINTY_MEASURE_WITH_UNIT (LENGTH_MEASURE( 1.000000000000000082E-05 ), #24, 'distance_accuracy_value', 'NONE');
#1771 = VERTEX_POINT ( 'NONE', #1948 ) ;
#1772 = CARTESIAN_POINT ( 'NONE',  ( 5.049207500472286725, -35.37465162115796602, 6.500000000000013323 ) ) ;
#1773 = LINE ( 'NONE', #2597, #2569 ) ;
#1774 = ORIENTED_EDGE ( 'NONE', *, *, #2338, .T. ) ;
#1775 = CARTESIAN_POINT ( 'NONE',  ( -55.71131989884241165, 28.43040892023596200, 2.000000000000000000 ) ) ;
#1776 = ORIENTED_EDGE ( 'NONE', *, *, #2631, .T. ) ;
#1777 = PLANE ( 'NONE',  #1140 ) ;
#1778 = ADVANCED_FACE ( 'NONE', ( #478 ), #435, .T. ) ;
#1779 = ORIENTED_EDGE ( 'NONE', *, *, #896, .T. ) ;
#1780 = LINE ( 'NONE', #1563, #1729 ) ;
#1781 = ADVANCED_FACE ( 'NONE', ( #1305 ), #1992, .T. ) ;
#1782 = CARTESIAN_POINT ( 'NONE',  ( 23.78868308413118626, 28.43037995825160991, 0.4999999999999865663 ) ) ;
#1783 = AXIS2_PLACEMENT_3D ( 'NONE', #2697, #2084, #738 ) ;
#1784 = EDGE_LOOP ( 'NONE', ( #1419, #1252, #818, #1280 ) ) ;
#1785 = LINE ( 'NONE', #2653, #621 ) ;
#1786 = CARTESIAN_POINT ( 'NONE',  ( -55.01131989884243012, -34.75656248069553556, 7.000000000000000000 ) ) ;
#1787 = ORIENTED_EDGE ( 'NONE', *, *, #2423, .F. ) ;
#1788 = VECTOR ( 'NONE', #814, 1000.000000000000000 ) ;
#1789 = FACE_OUTER_BOUND ( 'NONE', #2553, .T. ) ;
#1790 = VECTOR ( 'NONE', #294, 1000.000000000000000 ) ;
#1791 = B_SPLINE_CURVE_WITH_KNOTS ( 'NONE', 3,
 ( #2357, #1035, #139, #2772 ),
 .UNSPECIFIED., .F., .F.,
 ( 4, 4 ),
 ( 0.000000000000000000, 0.0007172148012727961415 ),
 .UNSPECIFIED. ) ;
#1792 = ORIENTED_EDGE ( 'NONE', *, *, #2213, .T. ) ;
#1793 = CARTESIAN_POINT ( 'NONE',  ( 5.049207500472282284, 33.62534837884205530, 0.000000000000000000 ) ) ;
#1794 = VECTOR ( 'NONE', #501, 1000.000000000000000 ) ;
#1795 = AXIS2_PLACEMENT_3D ( 'NONE', #1246, #2101, #1917 ) ;
#1796 = EDGE_CURVE ( 'NONE', #2049, #1300, #31, .T. ) ;
#1797 = VECTOR ( 'NONE', #1345, 1000.000000000000000 ) ;
#1798 = EDGE_LOOP ( 'NONE', ( #2058, #800, #112, #982 ) ) ;
#1799 = CARTESIAN_POINT ( 'NONE',  ( -55.71131989884241165, -38.45656248069552419, 1.499999999999999556 ) ) ;
#1800 = CARTESIAN_POINT ( 'NONE',  ( -55.51131989884275697, 13.83439294907293160, 2.900000000000000799 ) ) ;
#1801 = VECTOR ( 'NONE', #1609, 1000.000000000000114 ) ;
#1802 = EDGE_CURVE ( 'NONE', #1633, #213, #1960, .T. ) ;
#1803 = EDGE_LOOP ( 'NONE', ( #1899, #1343, #998 ) ) ;
#1804 = DIRECTION ( 'NONE',  ( 0.000000000000000000, 0.000000000000000000, -1.000000000000000000 ) ) ;
#1805 = CARTESIAN_POINT ( 'NONE',  ( 26.78868308413118271, 28.43037995825160991, 0.4999999999999865663 ) ) ;
#1806 = VERTEX_POINT ( 'NONE', #461 ) ;
#1807 = DIRECTION ( 'NONE',  ( 0.4811717619808364987, 0.8766263374279016363, -0.000000000000000000 ) ) ;
#1808 = ORIENTED_EDGE ( 'NONE', *, *, #2489, .T. ) ;
#1809 = CARTESIAN_POINT ( 'NONE',  ( -4.961318407355620685, -22.16560705092670247, 1.499999999999985789 ) ) ;
#1810 = ORIENTED_EDGE ( 'NONE', *, *, #1203, .F. ) ;
#1811 = DIRECTION ( 'NONE',  ( -1.000000000000000000, 0.000000000000000000, 0.000000000000000000 ) ) ;
#1812 = DIRECTION ( 'NONE',  ( -0.000000000000000000, -0.000000000000000000, 1.000000000000000000 ) ) ;
#1813 = CARTESIAN_POINT ( 'NONE',  ( 26.28868308413119692, -35.45656248069552419, 0.000000000000000000 ) ) ;
#1814 = ORIENTED_EDGE ( 'NONE', *, *, #2476, .F. ) ;
#1815 = LINE ( 'NONE', #222, #2674 ) ;
#1816 = FACE_OUTER_BOUND ( 'NONE', #1677, .T. ) ;
#1817 = EDGE_CURVE ( 'NONE', #1461, #714, #236, .T. ) ;
#1818 = ORIENTED_EDGE ( 'NONE', *, *, #1298, .T. ) ;
#1819 = DIRECTION ( 'NONE',  ( 0.000000000000000000, 0.000000000000000000, -1.000000000000000000 ) ) ;
#1820 = ADVANCED_FACE ( 'NONE', ( #2173 ), #866, .T. ) ;
#1821 = ORIENTED_EDGE ( 'NONE', *, *, #1314, .F. ) ;
#1822 = DIRECTION ( 'NONE',  ( 0.000000000000000000, 0.7071067811865474617, 0.7071067811865474617 ) ) ;
#1823 = ORIENTED_EDGE ( 'NONE', *, *, #1506, .F. ) ;
#1824 = PLANE ( 'NONE',  #233 ) ;
#1825 = DIRECTION ( 'NONE',  ( 0.000000000000000000, 0.000000000000000000, -1.000000000000000000 ) ) ;
#1826 = CARTESIAN_POINT ( 'NONE',  ( 5.038681592644388196, -22.16560705092670247, -1.000000000000000000 ) ) ;
#1827 = CONICAL_SURFACE ( 'NONE', #1876, 5.500000000000005329, 0.7853981633974482790 ) ;
#1828 = EDGE_LOOP ( 'NONE', ( #460, #2121, #932, #2248 ) ) ;
#1829 = CARTESIAN_POINT ( 'NONE',  ( -37.46131840735561980, 17.83439294907291028, 0.000000000000000000 ) ) ;
#1830 = AXIS2_PLACEMENT_3D ( 'NONE', #2551, #1059, #2540 ) ;
#1831 = LINE ( 'NONE', #2466, #2523 ) ;
#1832 = VERTEX_POINT ( 'NONE', #687 ) ;
#1833 = EDGE_CURVE ( 'NONE', #1628, #1862, #1554, .T. ) ;
#1834 = DIRECTION ( 'NONE',  ( -0.000000000000000000, -0.000000000000000000, -1.000000000000000000 ) ) ;
#1835 = EDGE_CURVE ( 'NONE', #2781, #1477, #1762, .T. ) ;
#1836 = VECTOR ( 'NONE', #2561, 1000.000000000000114 ) ;
#1837 = ORIENTED_EDGE ( 'NONE', *, *, #1142, .T. ) ;
#1838 = DIRECTION ( 'NONE',  ( 0.000000000000000000, 0.000000000000000000, 1.000000000000000000 ) ) ;
#1839 = AXIS2_PLACEMENT_3D ( 'NONE', #1395, #536, #63 ) ;
#1840 = ORIENTED_EDGE ( 'NONE', *, *, #2076, .T. ) ;
#1841 = CARTESIAN_POINT ( 'NONE',  ( -55.01131989884243012, -35.25656248069552134, 7.000000000000000000 ) ) ;
#1842 = VECTOR ( 'NONE', #200, 1000.000000000000114 ) ;
#1843 = VECTOR ( 'NONE', #1180, 1000.000000000000000 ) ;
#1844 = LINE ( 'NONE', #108, #1843 ) ;
#1845 = AXIS2_PLACEMENT_3D ( 'NONE', #1317, #1290, #657 ) ;
#1846 = ORIENTED_EDGE ( 'NONE', *, *, #1348, .T. ) ;
#1847 = LINE ( 'NONE', #80, #2828 ) ;
#1848 = AXIS2_PLACEMENT_3D ( 'NONE', #124, #2552, #2123 ) ;
#1849 = FACE_OUTER_BOUND ( 'NONE', #1583, .T. ) ;
#1850 = ORIENTED_EDGE ( 'NONE', *, *, #1706, .T. ) ;
#1851 = DIRECTION ( 'NONE',  ( -1.000000000000000000, 0.000000000000000000, 0.000000000000000000 ) ) ;
#1852 = VERTEX_POINT ( 'NONE', #1276 ) ;
#1853 = DIRECTION ( 'NONE',  ( 0.000000000000000000, 0.000000000000000000, -1.000000000000000000 ) ) ;
#1854 = EDGE_CURVE ( 'NONE', #2436, #2457, #1291, .T. ) ;
#1855 = EDGE_LOOP ( 'NONE', ( #2375, #1531, #2372, #2482 ) ) ;
#1856 = DIRECTION ( 'NONE',  ( 0.000000000000000000, -0.7071067811865474617, -0.7071067811865474617 ) ) ;
#1857 = DIRECTION ( 'NONE',  ( 0.000000000000000000, -0.7071067811865474617, 0.7071067811865474617 ) ) ;
#1858 = ORIENTED_EDGE ( 'NONE', *, *, #270, .T. ) ;
#1859 = CARTESIAN_POINT ( 'NONE',  ( -58.71131989884241165, 0.000000000000000000, 0.4999999999999865663 ) ) ;
#1860 = DIRECTION ( 'NONE',  ( 0.8087360843031885516, -5.579849033620507413E-15, -0.5881716976750460679 ) ) ;
#1861 = AXIS2_PLACEMENT_3D ( 'NONE', #499, #1357, #889 ) ;
#1862 = VERTEX_POINT ( 'NONE', #258 ) ;
#1863 = CARTESIAN_POINT ( 'NONE',  ( 0.03868159264438369993, 17.83439294907291028, 0.000000000000000000 ) ) ;
#1864 = ORIENTED_EDGE ( 'NONE', *, *, #2030, .T. ) ;
#1865 =( BOUNDED_CURVE ( )  B_SPLINE_CURVE ( 3, ( #955, #1385, #1635, #76 ),
 .UNSPECIFIED., .F., .T. ) 
 B_SPLINE_CURVE_WITH_KNOTS ( ( 4, 4 ),
 ( -7.105427357601001859E-15, 1.570796326794896780 ),
 .UNSPECIFIED. ) 
 CURVE ( )  GEOMETRIC_REPRESENTATION_ITEM ( )  RATIONAL_B_SPLINE_CURVE ( ( 1.000000000000000000, 0.8047378541243632721, 0.8047378541243632721, 1.000000000000000000 ) ) 
 REPRESENTATION_ITEM ( '' )  );
#1866 = CARTESIAN_POINT ( 'NONE',  ( -55.51131989884241591, -18.16560705092706840, 6.100000000000000533 ) ) ;
#1867 = VERTEX_POINT ( 'NONE', #882 ) ;
#1868 = EDGE_CURVE ( 'NONE', #539, #857, #2802, .T. ) ;
#1869 = CARTESIAN_POINT ( 'NONE',  ( 23.08868308413119408, -35.25656248069552134, 7.000000000000000000 ) ) ;
#1870 = LINE ( 'NONE', #549, #963 ) ;
#1871 = ORIENTED_EDGE ( 'NONE', *, *, #2386, .F. ) ;
#1872 = EDGE_CURVE ( 'NONE', #1017, #803, #2399, .T. ) ;
#1873 = LINE ( 'NONE', #1400, #2097 ) ;
#1874 = PLANE ( 'NONE',  #243 ) ;
#1875 = EDGE_LOOP ( 'NONE', ( #225, #1987, #709, #262 ) ) ;
#1876 = AXIS2_PLACEMENT_3D ( 'NONE', #123, #1592, #1431 ) ;
#1877 = DIRECTION ( 'NONE',  ( 0.000000000000000000, -0.7071067811865475727, 0.7071067811865475727 ) ) ;
#1878 = CARTESIAN_POINT ( 'NONE',  ( 4.664105739841049338E-13, 33.62534837884212635, 0.000000000000000000 ) ) ;
#1879 = DIRECTION ( 'NONE',  ( 0.000000000000000000, 0.7071067811865475727, 0.7071067811865475727 ) ) ;
#1880 = ORIENTED_EDGE ( 'NONE', *, *, #116, .F. ) ;
#1881 = LINE ( 'NONE', #606, #958 ) ;
#1882 = CARTESIAN_POINT ( 'NONE',  ( -52.51131989884235196, 25.98834833250714027, 7.000000000000000000 ) ) ;
#1883 = ADVANCED_FACE ( 'NONE', ( #660 ), #1746, .F. ) ;
#1884 = VECTOR ( 'NONE', #756, 1000.000000000000000 ) ;
#1885 = CIRCLE ( 'NONE', #1607, 5.500000000000018652 ) ;
#1886 = ORIENTED_EDGE ( 'NONE', *, *, #1512, .T. ) ;
#1887 = CARTESIAN_POINT ( 'NONE',  ( -55.01131989884243012, -35.25656248069552134, 2.000000000000000000 ) ) ;
#1888 = CARTESIAN_POINT ( 'NONE',  ( -56.55670532616316848, 31.30883270405822927, 0.4999999999999865663 ) ) ;
#1889 = AXIS2_PLACEMENT_3D ( 'NONE', #715, #1361, #1149 ) ;
#1890 = CONICAL_SURFACE ( 'NONE', #237, 5.500000000000005329, 0.7853981633974482790 ) ;
#1891 = ADVANCED_FACE ( 'NONE', ( #645 ), #1509, .T. ) ;
#1892 = ORIENTED_EDGE ( 'NONE', *, *, #440, .F. ) ;
#1893 = PLANE ( 'NONE',  #1372 ) ;
#1894 = DIRECTION ( 'NONE',  ( 0.7071067811865474617, -0.000000000000000000, -0.7071067811865474617 ) ) ;
#1895 = CARTESIAN_POINT ( 'NONE',  ( 23.58868308413117987, 27.78049620745774817, 6.500000000000013323 ) ) ;
#1896 = ORIENTED_EDGE ( 'NONE', *, *, #896, .F. ) ;
#1897 = DIRECTION ( 'NONE',  ( 0.000000000000000000, 0.000000000000000000, -1.000000000000000000 ) ) ;
#1898 = CARTESIAN_POINT ( 'NONE',  ( -36.97194292656563874, -35.37465162115807971, 1.499999999999999556 ) ) ;
#1899 = ORIENTED_EDGE ( 'NONE', *, *, #2526, .T. ) ;
#1900 = LINE ( 'NONE', #1030, #904 ) ;
#1901 = CARTESIAN_POINT ( 'NONE',  ( 23.17446952175809116, -17.16560705092707195, 3.201246227180521764 ) ) ;
#1902 = ORIENTED_EDGE ( 'NONE', *, *, #152, .F. ) ;
#1903 = EDGE_CURVE ( 'NONE', #1224, #1806, #1978, .T. ) ;
#1904 = VECTOR ( 'NONE', #2212, 1000.000000000000000 ) ;
#1905 = DIRECTION ( 'NONE',  ( 1.000000000000000000, 0.000000000000000000, 0.000000000000000000 ) ) ;
#1906 = CARTESIAN_POINT ( 'NONE',  ( 5.538681592644402407, 17.83439294907291028, 2.000000000000000000 ) ) ;
#1907 = EDGE_CURVE ( 'NONE', #2636, #498, #1629, .T. ) ;
#1908 = DIRECTION ( 'NONE',  ( 1.000000000000000000, 0.000000000000000000, 0.000000000000000000 ) ) ;
#1909 = EDGE_LOOP ( 'NONE', ( #2200, #1380, #2211, #1823 ) ) ;
#1910 = LINE ( 'NONE', #2805, #2564 ) ;
#1911 = LINE ( 'NONE', #2777, #1788 ) ;
#1912 = ORIENTED_EDGE ( 'NONE', *, *, #2598, .T. ) ;
#1913 = DIRECTION ( 'NONE',  ( -0.7071067811865474617, 0.000000000000000000, -0.7071067811865474617 ) ) ;
#1914 = CARTESIAN_POINT ( 'NONE',  ( 22.58868308413118697, -17.16560705092706485, 3.627272727272814024 ) ) ;
#1915 = ORIENTED_EDGE ( 'NONE', *, *, #677, .T. ) ;
#1916 = DIRECTION ( 'NONE',  ( 0.000000000000000000, 0.000000000000000000, 1.000000000000000000 ) ) ;
#1917 = DIRECTION ( 'NONE',  ( 1.000000000000000000, 0.000000000000000000, 0.000000000000000000 ) ) ;
#1918 = EDGE_CURVE ( 'NONE', #1367, #2253, #2108, .T. ) ;
#1919 = DIRECTION ( 'NONE',  ( 0.7071067811865474617, 0.000000000000000000, -0.7071067811865474617 ) ) ;
#1920 = EDGE_CURVE ( 'NONE', #2493, #1270, #2018, .T. ) ;
#1921 = ORIENTED_EDGE ( 'NONE', *, *, #1334, .T. ) ;
#1922 = CARTESIAN_POINT ( 'NONE',  ( -52.51131989884240880, -32.25656248069552134, 7.000000000000000000 ) ) ;
#1923 = DIRECTION ( 'NONE',  ( -0.7071067811865474617, 0.000000000000000000, 0.7071067811865474617 ) ) ;
#1924 = ORIENTED_EDGE ( 'NONE', *, *, #988, .F. ) ;
#1925 = DIRECTION ( 'NONE',  ( 0.000000000000000000, 0.7071067811865474617, 0.7071067811865474617 ) ) ;
#1926 = CARTESIAN_POINT ( 'NONE',  ( 24.63407296008572089, 31.30880243551820996, 0.4999999999999865663 ) ) ;
#1927 = ORIENTED_EDGE ( 'NONE', *, *, #2216, .T. ) ;
#1928 = CARTESIAN_POINT ( 'NONE',  ( 5.049207500472297383, 30.92534837884204535, 7.000000000000000000 ) ) ;
#1929 = AXIS2_PLACEMENT_3D ( 'NONE', #2388, #1524, #673 ) ;
#1930 = DIRECTION ( 'NONE',  ( 1.000000000000000000, 0.000000000000000000, 0.000000000000000000 ) ) ;
#1931 = CARTESIAN_POINT ( 'NONE',  ( 23.33868308413118697, -34.75656248069553556, 6.750000000000007105 ) ) ;
#1932 = VECTOR ( 'NONE', #615, 1000.000000000000000 ) ;
#1933 = DIRECTION ( 'NONE',  ( -0.000000000000000000, -0.000000000000000000, -1.000000000000000000 ) ) ;
#1934 = VECTOR ( 'NONE', #1416, 1000.000000000000000 ) ;
#1935 = ORIENTED_EDGE ( 'NONE', *, *, #184, .F. ) ;
#1936 = DIRECTION ( 'NONE',  ( 0.000000000000000000, 0.000000000000000000, 1.000000000000000000 ) ) ;
#1937 = CARTESIAN_POINT ( 'NONE',  ( -4.961318407355620685, -22.16560705092670247, 1.499999999999985789 ) ) ;
#1938 = EDGE_CURVE ( 'NONE', #2610, #550, #2657, .T. ) ;
#1939 = ORIENTED_EDGE ( 'NONE', *, *, #1689, .F. ) ;
#1940 = LINE ( 'NONE', #2592, #2554 ) ;
#1941 = EDGE_CURVE ( 'NONE', #255, #794, #2687, .T. ) ;
#1942 = LINE ( 'NONE', #817, #2434 ) ;
#1943 = ORIENTED_EDGE ( 'NONE', *, *, #2489, .F. ) ;
#1944 = DIRECTION ( 'NONE',  ( 1.000000000000000000, -6.899468370362299725E-15, 0.000000000000000000 ) ) ;
#1945 = CARTESIAN_POINT ( 'NONE',  ( 26.28868308413119692, 28.43037995825160991, 0.000000000000000000 ) ) ;
#1946 = DIRECTION ( 'NONE',  ( -0.8087360843031886626, 0.000000000000000000, 0.5881716976750459569 ) ) ;
#1947 = CLOSED_SHELL ( 'NONE', ( #503, #2671, #1654, #712, #1022, #810, #1778, #798, #1541, #2265, #1456, #1721, #61, #1781, #82, #1891, #881, #2406, #2545, #1402, #1973, #946, #12, #2165, #85, #2726, #1082, #605, #1725, #2594, #1525, #1820, #760, #2059, #242, #1603, #893, #2026, #1686, #2138, #1157, #1279, #2738, #860, #1883, #2773, #216, #1491, #847, #1152, #2786, #2441, #2509, #2089, #2418, #919, #1261, #843, #697, #259, #1126, #256, #1225, #1566, #2128, #1502, #345, #2547, #1188, #1421, #2281, #1424, #658, #309, #1387, #2233, #469, #130, #2093, #1598, #1110, #1763, #2112, #1745, #1398, #387, #708, #1036, #235, #1487, #1436, #1365, #491, #2647, #680, #1640, #1472, #629, #66, #359, #32, #949 ) ) ;
#1948 = CARTESIAN_POINT ( 'NONE',  ( 5.049207500472282284, 33.62534837884206951, 0.000000000000000000 ) ) ;
#1949 = ORIENTED_EDGE ( 'NONE', *, *, #2007, .T. ) ;
#1950 = CARTESIAN_POINT ( 'NONE',  ( -55.51131989884241591, 27.54574907741651302, 7.000000000000000000 ) ) ;
#1951 = CARTESIAN_POINT ( 'NONE',  ( 23.17446952175809116, -17.16560705092707195, 5.798753772819479124 ) ) ;
#1952 = EDGE_CURVE ( 'NONE', #2610, #1862, #2469, .T. ) ;
#1953 = ORIENTED_EDGE ( 'NONE', *, *, #1581, .F. ) ;
#1954 = DIRECTION ( 'NONE',  ( 1.000000000000000000, 0.000000000000000000, 0.000000000000000000 ) ) ;
#1955 = CARTESIAN_POINT ( 'NONE',  ( -36.96131840735561980, -22.16560705092670247, 1.499999999999985789 ) ) ;
#1956 = EDGE_CURVE ( 'NONE', #639, #2228, #937, .T. ) ;
#1957 = ORIENTED_EDGE ( 'NONE', *, *, #2578, .T. ) ;
#1958 = DIRECTION ( 'NONE',  ( 0.000000000000000000, 1.000000000000000000, 0.000000000000000000 ) ) ;
#1959 = CARTESIAN_POINT ( 'NONE',  ( 23.78868308413118271, -35.45656248069552419, 1.499999999999999556 ) ) ;
#1960 = LINE ( 'NONE', #2186, #2066 ) ;
#1961 = VERTEX_POINT ( 'NONE', #966 ) ;
#1962 = VECTOR ( 'NONE', #1996, 1000.000000000000000 ) ;
#1963 = CARTESIAN_POINT ( 'NONE',  ( -26.96131840735561269, -22.16560705092670247, 1.499999999999985789 ) ) ;
#1964 = DIRECTION ( 'NONE',  ( 1.000000000000000000, 0.000000000000000000, 0.000000000000000000 ) ) ;
#1965 = EDGE_LOOP ( 'NONE', ( #16, #868, #948, #2583 ) ) ;
#1966 = LINE ( 'NONE', #898, #1548 ) ;
#1967 = CARTESIAN_POINT ( 'NONE',  ( 23.78868308413118271, -35.45656248069552419, 0.000000000000000000 ) ) ;
#1968 = EDGE_CURVE ( 'NONE', #1633, #1750, #1743, .T. ) ;
#1969 = AXIS2_PLACEMENT_3D ( 'NONE', #2361, #1265, #2806 ) ;
#1970 = ORIENTED_EDGE ( 'NONE', *, *, #984, .T. ) ;
#1971 = DIRECTION ( 'NONE',  ( 0.000000000000000000, 1.000000000000000000, 0.000000000000000000 ) ) ;
#1972 = LINE ( 'NONE', #180, #1189 ) ;
#1973 = ADVANCED_FACE ( 'NONE', ( #1789 ), #2060, .F. ) ;
#1974 = AXIS2_PLACEMENT_3D ( 'NONE', #2788, #633, #144 ) ;
#1975 = ORIENTED_EDGE ( 'NONE', *, *, #1581, .T. ) ;
#1976 = AXIS2_PLACEMENT_3D ( 'NONE', #226, #2371, #1493 ) ;
#1977 = AXIS2_PLACEMENT_3D ( 'NONE', #131, #2119, #842 ) ;
#1978 = LINE ( 'NONE', #1122, #141 ) ;
#1979 = VECTOR ( 'NONE', #1570, 1000.000000000000000 ) ;
#1980 = EDGE_LOOP ( 'NONE', ( #343, #2775, #1722, #1728 ) ) ;
#1981 = LINE ( 'NONE', #203, #2155 ) ;
#1982 = VECTOR ( 'NONE', #251, 1000.000000000000000 ) ;
#1983 = DIRECTION ( 'NONE',  ( 0.000000000000000000, 1.000000000000000000, 0.000000000000000000 ) ) ;
#1984 = ORIENTED_EDGE ( 'NONE', *, *, #1872, .T. ) ;
#1985 = CARTESIAN_POINT ( 'NONE',  ( -55.71131989884241165, -35.45656248069552419, 0.000000000000000000 ) ) ;
#1986 = DIRECTION ( 'NONE',  ( 1.000000000000000000, 0.000000000000000000, 0.000000000000000000 ) ) ;
#1987 = ORIENTED_EDGE ( 'NONE', *, *, #166, .F. ) ;
#1988 = DIRECTION ( 'NONE',  ( 0.7071067811865474617, 0.000000000000000000, -0.7071067811865474617 ) ) ;
#1989 = CARTESIAN_POINT ( 'NONE',  ( 23.78868308413118271, -35.45656248069552419, 0.000000000000000000 ) ) ;
#1990 = VERTEX_POINT ( 'NONE', #1349 ) ;
#1991 = EDGE_CURVE ( 'NONE', #1182, #2354, #2229, .T. ) ;
#1992 = CYLINDRICAL_SURFACE ( 'NONE', #1369, 66.30000000000001137 ) ;
#1993 = VERTEX_POINT ( 'NONE', #56 ) ;
#1994 = FACE_OUTER_BOUND ( 'NONE', #1026, .T. ) ;
#1995 = ORIENTED_EDGE ( 'NONE', *, *, #729, .F. ) ;
#1996 = DIRECTION ( 'NONE',  ( -1.000000000000000000, 0.000000000000000000, 0.000000000000000000 ) ) ;
#1997 = DIRECTION ( 'NONE',  ( 0.000000000000000000, 0.000000000000000000, 1.000000000000000000 ) ) ;
#1998 = EDGE_LOOP ( 'NONE', ( #848, #1161, #30, #1392 ) ) ;
#1999 = DIRECTION ( 'NONE',  ( 1.000000000000000000, -7.116814260417668513E-15, 0.000000000000000000 ) ) ;
#2000 = CARTESIAN_POINT ( 'NONE',  ( 0.03868159264438369993, 17.83439294907291028, 2.000000000000000000 ) ) ;
#2001 = CARTESIAN_POINT ( 'NONE',  ( -31.96131840735561624, 17.83439294907291028, 2.000000000000000000 ) ) ;
#2002 = ORIENTED_EDGE ( 'NONE', *, *, #2056, .F. ) ;
#2003 = DIRECTION ( 'NONE',  ( 1.000000000000000000, 0.000000000000000000, 0.000000000000000000 ) ) ;
#2004 = EDGE_CURVE ( 'NONE', #213, #2529, #301, .T. ) ;
#2005 = ORIENTED_EDGE ( 'NONE', *, *, #2142, .F. ) ;
#2006 = CARTESIAN_POINT ( 'NONE',  ( 23.58868308413117632, -17.57982061330016776, 6.099999999999912603 ) ) ;
#2007 = EDGE_CURVE ( 'NONE', #1, #255, #2034, .T. ) ;
#2008 = ORIENTED_EDGE ( 'NONE', *, *, #1660, .T. ) ;
#2009 = CARTESIAN_POINT ( 'NONE',  ( 23.78868308413118626, 28.43037995825160991, 2.000000000000000000 ) ) ;
#2010 = DIRECTION ( 'NONE',  ( -0.000000000000000000, -0.000000000000000000, 1.000000000000000000 ) ) ;
#2011 = VECTOR ( 'NONE', #2754, 1000.000000000000000 ) ;
#2012 = ORIENTED_EDGE ( 'NONE', *, *, #2175, .T. ) ;
#2013 = CARTESIAN_POINT ( 'NONE',  ( -36.97194292656563874, -35.37465162115807971, 7.000000000000000000 ) ) ;
#2014 = DIRECTION ( 'NONE',  ( 0.000000000000000000, 0.000000000000000000, 1.000000000000000000 ) ) ;
#2015 = AXIS2_PLACEMENT_3D ( 'NONE', #2621, #390, #851 ) ;
#2016 = EDGE_LOOP ( 'NONE', ( #849, #979, #1709, #1347 ) ) ;
#2017 = AXIS2_PLACEMENT_3D ( 'NONE', #1283, #870, #1069 ) ;
#2018 = LINE ( 'NONE', #84, #2382 ) ;
#2019 = VECTOR ( 'NONE', #423, 1000.000000000000114 ) ;
#2020 = VERTEX_POINT ( 'NONE', #924 ) ;
#2021 = EDGE_CURVE ( 'NONE', #2781, #377, #728, .T. ) ;
#2022 = CARTESIAN_POINT ( 'NONE',  ( -53.01131989884242302, 26.37628672265368834, 7.000000000000000000 ) ) ;
#2023 = AXIS2_PLACEMENT_3D ( 'NONE', #1049, #358, #2358 ) ;
#2024 = AXIS2_PLACEMENT_3D ( 'NONE', #2368, #415, #2171 ) ;
#2025 = EDGE_LOOP ( 'NONE', ( #337, #414, #746, #2380 ) ) ;
#2026 = ADVANCED_FACE ( 'NONE', ( #950 ), #1404, .T. ) ;
#2027 = CARTESIAN_POINT ( 'NONE',  ( 23.78868308413118626, 28.43037995825160991, 1.499999999999999556 ) ) ;
#2028 = CARTESIAN_POINT ( 'NONE',  ( 22.88908287872507330, 28.48009641286383342, 6.500000000000013323 ) ) ;
#2029 = ORIENTED_EDGE ( 'NONE', *, *, #327, .T. ) ;
#2030 = EDGE_CURVE ( 'NONE', #2632, #782, #1417, .T. ) ;
#2031 = DIRECTION ( 'NONE',  ( 0.000000000000000000, -1.000000000000000000, 0.000000000000000000 ) ) ;
#2032 = CARTESIAN_POINT ( 'NONE',  ( 23.58868308413151738, 13.83439294907293160, 2.900000000000000799 ) ) ;
#2033 = ORIENTED_EDGE ( 'NONE', *, *, #147, .T. ) ;
#2034 = LINE ( 'NONE', #71, #649 ) ;
#2035 = ORIENTED_EDGE ( 'NONE', *, *, #1632, .T. ) ;
#2036 = FACE_OUTER_BOUND ( 'NONE', #1292, .T. ) ;
#2037 = ORIENTED_EDGE ( 'NONE', *, *, #398, .T. ) ;
#2038 = DIRECTION ( 'NONE',  ( 1.000000000000000000, 0.000000000000000000, 0.000000000000000000 ) ) ;
#2039 = VECTOR ( 'NONE', #837, 1000.000000000000000 ) ;
#2040 = CARTESIAN_POINT ( 'NONE',  ( -31.96131840735561624, 17.83439294907291028, -1.000000000000000000 ) ) ;
#2041 = DIRECTION ( 'NONE',  ( -0.000000000000000000, 0.000000000000000000, 1.000000000000000000 ) ) ;
#2042 = EDGE_CURVE ( 'NONE', #1430, #1852, #1379, .T. ) ;
#2043 = VERTEX_POINT ( 'NONE', #2659 ) ;
#2044 = DIRECTION ( 'NONE',  ( 1.000000000000000000, 0.000000000000000000, 0.000000000000000000 ) ) ;
#2045 = CARTESIAN_POINT ( 'NONE',  ( 23.78868308413118271, -37.95656248069553840, 0.000000000000000000 ) ) ;
#2046 = EDGE_CURVE ( 'NONE', #1624, #377, #703, .T. ) ;
#2047 = ORIENTED_EDGE ( 'NONE', *, *, #1476, .F. ) ;
#2048 = DIRECTION ( 'NONE',  ( -0.000000000000000000, -0.000000000000000000, -1.000000000000000000 ) ) ;
#2049 = VERTEX_POINT ( 'NONE', #1585 ) ;
#2050 = CARTESIAN_POINT ( 'NONE',  ( 23.78868308413118626, 28.43037995825160991, 2.000000000000000000 ) ) ;
#2051 = VERTEX_POINT ( 'NONE', #2455 ) ;
#2052 = DIRECTION ( 'NONE',  ( 0.000000000000000000, -0.7071067811865671127, 0.7071067811865279218 ) ) ;
#2053 = CARTESIAN_POINT ( 'NONE',  ( -55.71131989884241165, -35.45656248069552419, 2.000000000000000000 ) ) ;
#2054 = VERTEX_POINT ( 'NONE', #1435 ) ;
#2055 = CARTESIAN_POINT ( 'NONE',  ( -36.97194292656568138, 27.92534837884225141, 2.000000000000000000 ) ) ;
#2056 = EDGE_CURVE ( 'NONE', #936, #2051, #99, .T. ) ;
#2057 = CARTESIAN_POINT ( 'NONE',  ( 0.03868159264438369993, 17.83439294907291028, 0.5000000000000143219 ) ) ;
#2058 = ORIENTED_EDGE ( 'NONE', *, *, #453, .T. ) ;
#2059 = ADVANCED_FACE ( 'NONE', ( #1464 ), #1422, .T. ) ;
#2060 = CYLINDRICAL_SURFACE ( 'NONE', #2704, 63.30000000000033111 ) ;
#2061 = VERTEX_POINT ( 'NONE', #1034 ) ;
#2062 = FACE_OUTER_BOUND ( 'NONE', #2195, .T. ) ;
#2063 = AXIS2_PLACEMENT_3D ( 'NONE', #1250, #1208, #2332 ) ;
#2064 = VERTEX_POINT ( 'NONE', #2731 ) ;
#2065 = FACE_OUTER_BOUND ( 'NONE', #2429, .T. ) ;
#2066 = VECTOR ( 'NONE', #2816, 999.9999999999998863 ) ;
#2067 = VECTOR ( 'NONE', #820, 1000.000000000000000 ) ;
#2068 = CARTESIAN_POINT ( 'NONE',  ( -55.01131989884243012, 27.90426175804086029, 7.000000000000000000 ) ) ;
#2069 = AXIS2_PLACEMENT_3D ( 'NONE', #1582, #254, #2214 ) ;
#2070 = ORIENTED_EDGE ( 'NONE', *, *, #2470, .F. ) ;
#2071 = FACE_OUTER_BOUND ( 'NONE', #2501, .T. ) ;
#2072 = VECTOR ( 'NONE', #1756, 1000.000000000000000 ) ;
#2073 = DIRECTION ( 'NONE',  ( 1.000000000000000000, -1.387080272683752210E-14, 0.000000000000000000 ) ) ;
#2074 = VERTEX_POINT ( 'NONE', #344 ) ;
#2075 = CARTESIAN_POINT ( 'NONE',  ( 23.58868308413151027, 12.83439294907292449, 6.100000000000000533 ) ) ;
#2076 = EDGE_CURVE ( 'NONE', #2821, #1687, #2154, .T. ) ;
#2077 = CARTESIAN_POINT ( 'NONE',  ( -55.51131989884241591, -35.25656248069552134, 7.000000000000000000 ) ) ;
#2078 = CARTESIAN_POINT ( 'NONE',  ( 22.58868308413117276, 12.83439294907293160, 5.372727272727027881 ) ) ;
#2079 = EDGE_CURVE ( 'NONE', #1187, #153, #788, .T. ) ;
#2080 = ORIENTED_EDGE ( 'NONE', *, *, #2194, .F. ) ;
#2081 = DIRECTION ( 'NONE',  ( 1.000000000000000000, -4.625929269271486900E-15, 0.000000000000000000 ) ) ;
#2082 = CARTESIAN_POINT ( 'NONE',  ( 5.038681592644388196, 17.83439294907291028, 1.499999999999985789 ) ) ;
#2083 = ORIENTED_EDGE ( 'NONE', *, *, #1091, .F. ) ;
#2084 = DIRECTION ( 'NONE',  ( -0.000000000000000000, -0.7071067811865475727, 0.7071067811865475727 ) ) ;
#2085 = ORIENTED_EDGE ( 'NONE', *, *, #1067, .T. ) ;
#2086 = DIRECTION ( 'NONE',  ( 0.000000000000000000, 1.000000000000000000, 0.000000000000000000 ) ) ;
#2087 = FACE_OUTER_BOUND ( 'NONE', #290, .T. ) ;
#2088 = DIRECTION ( 'NONE',  ( 0.000000000000000000, 0.000000000000000000, 1.000000000000000000 ) ) ;
#2089 = ADVANCED_FACE ( 'NONE', ( #2327 ), #2511, .T. ) ;
#2090 = ORIENTED_EDGE ( 'NONE', *, *, #297, .T. ) ;
#2091 = CARTESIAN_POINT ( 'NONE',  ( 5.538681592644402407, -22.16560705092670247, 2.000000000000000000 ) ) ;
#2092 = CARTESIAN_POINT ( 'NONE',  ( 5.538681592644402407, -22.16560705092670247, 0.000000000000000000 ) ) ;
#2093 = ADVANCED_FACE ( 'NONE', ( #1245 ), #1893, .T. ) ;
#2094 = EDGE_LOOP ( 'NONE', ( #2689, #174, #717, #2807 ) ) ;
#2095 = DIRECTION ( 'NONE',  ( -0.000000000000000000, -0.000000000000000000, -1.000000000000000000 ) ) ;
#2096 = FACE_OUTER_BOUND ( 'NONE', #1032, .T. ) ;
#2097 = VECTOR ( 'NONE', #2095, 1000.000000000000000 ) ;
#2098 = ORIENTED_EDGE ( 'NONE', *, *, #521, .T. ) ;
#2099 = AXIS2_PLACEMENT_3D ( 'NONE', #753, #1625, #323 ) ;
#2100 = CARTESIAN_POINT ( 'NONE',  ( 5.038681592644388196, -22.16560705092670247, 1.499999999999985789 ) ) ;
#2101 = DIRECTION ( 'NONE',  ( 0.000000000000000000, -0.7071067811865475727, -0.7071067811865475727 ) ) ;
#2102 = CARTESIAN_POINT ( 'NONE',  ( -58.21131989884242586, 28.43040892023596200, 0.000000000000000000 ) ) ;
#2103 = AXIS2_PLACEMENT_3D ( 'NONE', #1898, #1251, #1666 ) ;
#2104 = EDGE_LOOP ( 'NONE', ( #2739, #1864, #776, #1792 ) ) ;
#2105 = PLANE ( 'NONE',  #1048 ) ;
#2106 =( NAMED_UNIT ( * ) PLANE_ANGLE_UNIT ( ) SI_UNIT ( $, .RADIAN. ) );
#2107 = EDGE_CURVE ( 'NONE', #37, #550, #167, .T. ) ;
#2108 = CIRCLE ( 'NONE', #1889, 2.500000000000012434 ) ;
#2109 = ORIENTED_EDGE ( 'NONE', *, *, #97, .F. ) ;
#2110 = FACE_OUTER_BOUND ( 'NONE', #622, .T. ) ;
#2111 = LINE ( 'NONE', #164, #1191 ) ;
#2112 = ADVANCED_FACE ( 'NONE', ( #357 ), #2115, .T. ) ;
#2113 = ORIENTED_EDGE ( 'NONE', *, *, #1595, .F. ) ;
#2114 = CIRCLE ( 'NONE', #877, 63.30000000000001137 ) ;
#2115 = PLANE ( 'NONE',  #965 ) ;
#2116 = LINE ( 'NONE', #1465, #2067 ) ;
#2117 = FACE_OUTER_BOUND ( 'NONE', #2696, .T. ) ;
#2118 = ORIENTED_EDGE ( 'NONE', *, *, #1689, .T. ) ;
#2119 = DIRECTION ( 'NONE',  ( 1.000000000000000000, 0.000000000000000000, -0.000000000000000000 ) ) ;
#2120 = LINE ( 'NONE', #2590, #2650 ) ;
#2121 = ORIENTED_EDGE ( 'NONE', *, *, #1738, .F. ) ;
#2122 = CARTESIAN_POINT ( 'NONE',  ( -36.97194292656563874, 33.62534837884262373, 2.000000000000000000 ) ) ;
#2123 = DIRECTION ( 'NONE',  ( -1.000000000000000000, 0.000000000000000000, 0.000000000000000000 ) ) ;
#2124 = EDGE_CURVE ( 'NONE', #1990, #803, #1008, .T. ) ;
#2125 = ORIENTED_EDGE ( 'NONE', *, *, #2709, .T. ) ;
#2126 = VECTOR ( 'NONE', #1958, 1000.000000000000000 ) ;
#2127 = CARTESIAN_POINT ( 'NONE',  ( 5.049207500472286725, -34.75656248069553556, 7.000000000000000000 ) ) ;
#2128 = ADVANCED_FACE ( 'NONE', ( #796 ), #2432, .T. ) ;
#2129 = DIRECTION ( 'NONE',  ( 1.000000000000000000, 0.000000000000000000, 0.000000000000000000 ) ) ;
#2130 = DIRECTION ( 'NONE',  ( -0.7071067811865474617, 0.000000000000000000, 0.7071067811865474617 ) ) ;
#2131 = ORIENTED_EDGE ( 'NONE', *, *, #559, .F. ) ;
#2132 = LINE ( 'NONE', #1665, #822 ) ;
#2133 = LINE ( 'NONE', #2333, #2604 ) ;
#2134 = VERTEX_POINT ( 'NONE', #980 ) ;
#2135 = DIRECTION ( 'NONE',  ( 0.000000000000000000, -1.000000000000000000, 0.000000000000000000 ) ) ;
#2136 = CARTESIAN_POINT ( 'NONE',  ( -36.97194292656563874, 34.12534837884262373, 1.499999999999999556 ) ) ;
#2137 = ORIENTED_EDGE ( 'NONE', *, *, #1854, .T. ) ;
#2138 = ADVANCED_FACE ( 'NONE', ( #2744 ), #819, .F. ) ;
#2139 = CARTESIAN_POINT ( 'NONE',  ( -55.01131989884243012, -35.00656248069552845, 6.750000000000007105 ) ) ;
#2140 = DIRECTION ( 'NONE',  ( 0.000000000000000000, -1.000000000000000000, 0.000000000000000000 ) ) ;
#2141 = DIRECTION ( 'NONE',  ( -0.000000000000000000, 0.000000000000000000, 1.000000000000000000 ) ) ;
#2142 = EDGE_CURVE ( 'NONE', #2436, #2043, #784, .T. ) ;
#2143 = CARTESIAN_POINT ( 'NONE',  ( 0.000000000000000000, -38.45656248069552419, 0.4999999999999865663 ) ) ;
#2144 = VECTOR ( 'NONE', #1041, 1000.000000000000114 ) ;
#2145 = EDGE_CURVE ( 'NONE', #1288, #2074, #2341, .T. ) ;
#2146 = VERTEX_POINT ( 'NONE', #2771 ) ;
#2147 = DIRECTION ( 'NONE',  ( -1.000000000000000000, 0.000000000000000000, 0.000000000000000000 ) ) ;
#2148 = AXIS2_PLACEMENT_3D ( 'NONE', #1455, #173, #608 ) ;
#2149 = ORIENTED_EDGE ( 'NONE', *, *, #2558, .F. ) ;
#2150 = LINE ( 'NONE', #1458, #2188 ) ;
#2151 = DIRECTION ( 'NONE',  ( -0.000000000000000000, 1.000000000000000000, 0.000000000000000000 ) ) ;
#2152 = ORIENTED_EDGE ( 'NONE', *, *, #2230, .T. ) ;
#2153 = ORIENTED_EDGE ( 'NONE', *, *, #1941, .F. ) ;
#2154 = CIRCLE ( 'NONE', #1055, 2.500000000000002220 ) ;
#2155 = VECTOR ( 'NONE', #647, 1000.000000000000114 ) ;
#2156 = DIRECTION ( 'NONE',  ( -0.7071067811865475727, 0.000000000000000000, 0.7071067811865475727 ) ) ;
#2157 = DIRECTION ( 'NONE',  ( -0.5881716976750459569, -4.030644808337218748E-15, -0.8087360843031886626 ) ) ;
#2158 = AXIS2_PLACEMENT_3D ( 'NONE', #459, #1045, #1930 ) ;
#2159 = CARTESIAN_POINT ( 'NONE',  ( -26.96131840735561269, 17.83439294907291028, 0.5000000000000004441 ) ) ;
#2160 = VECTOR ( 'NONE', #2638, 1000.000000000000114 ) ;
#2161 = EDGE_CURVE ( 'NONE', #149, #304, #1683, .T. ) ;
#2162 = VERTEX_POINT ( 'NONE', #1190 ) ;
#2163 = DIRECTION ( 'NONE',  ( 0.000000000000000000, 0.000000000000000000, 1.000000000000000000 ) ) ;
#2164 = DIRECTION ( 'NONE',  ( -1.000000000000000000, 0.000000000000000000, 0.000000000000000000 ) ) ;
#2165 = ADVANCED_FACE ( 'NONE', ( #1478 ), #558, .F. ) ;
#2166 = VERTEX_POINT ( 'NONE', #446 ) ;
#2167 = DIRECTION ( 'NONE',  ( 0.5185337497484360236, 0.000000000000000000, 0.8550571620493138125 ) ) ;
#2168 = CARTESIAN_POINT ( 'NONE',  ( 23.58868308413117987, 27.78049620745774106, 2.000000000000000000 ) ) ;
#2169 = ORIENTED_EDGE ( 'NONE', *, *, #2652, .F. ) ;
#2170 = LINE ( 'NONE', #1076, #2039 ) ;
#2171 = DIRECTION ( 'NONE',  ( 1.000000000000000000, 4.163336342344321249E-15, 0.000000000000000000 ) ) ;
#2172 = CARTESIAN_POINT ( 'NONE',  ( 5.538681592644402407, 17.83439294907291028, 2.000000000000000000 ) ) ;
#2173 = FACE_OUTER_BOUND ( 'NONE', #1855, .T. ) ;
#2174 = ORIENTED_EDGE ( 'NONE', *, *, #1920, .F. ) ;
#2175 = EDGE_CURVE ( 'NONE', #1679, #2632, #198, .T. ) ;
#2176 = LINE ( 'NONE', #214, #331 ) ;
#2177 = CARTESIAN_POINT ( 'NONE',  ( 20.58868308413117987, -32.25656248069552134, 6.499999999999985789 ) ) ;
#2178 = ORIENTED_EDGE ( 'NONE', *, *, #1123, .T. ) ;
#2179 = EDGE_CURVE ( 'NONE', #1288, #1433, #642, .T. ) ;
#2180 = DIRECTION ( 'NONE',  ( 0.7071067811865474617, 0.000000000000000000, 0.7071067811865474617 ) ) ;
#2181 = CARTESIAN_POINT ( 'NONE',  ( -53.01131989884242302, -35.37465162115796602, 7.000000000000000000 ) ) ;
#2182 = ORIENTED_EDGE ( 'NONE', *, *, #2667, .T. ) ;
#2183 = DIRECTION ( 'NONE',  ( -0.000000000000000000, -0.000000000000000000, 1.000000000000000000 ) ) ;
#2184 = LINE ( 'NONE', #2398, #1325 ) ;
#2185 = ORIENTED_EDGE ( 'NONE', *, *, #1817, .T. ) ;
#2186 = CARTESIAN_POINT ( 'NONE',  ( 23.58868308413117987, 27.78049620745774817, 6.500000000000013323 ) ) ;
#2187 = EDGE_LOOP ( 'NONE', ( #2178, #959, #2118, #2623 ) ) ;
#2188 = VECTOR ( 'NONE', #1913, 1000.000000000000114 ) ;
#2189 = CARTESIAN_POINT ( 'NONE',  ( -52.51131989884240880, 25.98834833250736409, 7.000000000000000000 ) ) ;
#2190 = DIRECTION ( 'NONE',  ( 0.000000000000000000, 0.000000000000000000, 1.000000000000000000 ) ) ;
#2191 = ORIENTED_EDGE ( 'NONE', *, *, #2667, .F. ) ;
#2192 = CARTESIAN_POINT ( 'NONE',  ( -55.51131989884253670, -17.16560705092707551, 6.100000000000000533 ) ) ;
#2193 = DIRECTION ( 'NONE',  ( -0.1992603046779694298, -0.6784506842650002145, -0.7071067811865445751 ) ) ;
#2194 = EDGE_CURVE ( 'NONE', #2271, #1256, #1773, .T. ) ;
#2195 = EDGE_LOOP ( 'NONE', ( #940, #10, #1600, #2579 ) ) ;
#2196 = LINE ( 'NONE', #445, #2220 ) ;
#2197 = FACE_OUTER_BOUND ( 'NONE', #1207, .T. ) ;
#2198 = VECTOR ( 'NONE', #1024, 1000.000000000000000 ) ;
#2199 = EDGE_CURVE ( 'NONE', #2412, #411, #1739, .T. ) ;
#2200 = ORIENTED_EDGE ( 'NONE', *, *, #2582, .F. ) ;
#2201 = AXIS2_PLACEMENT_3D ( 'NONE', #2774, #586, #1480 ) ;
#2202 = AXIS2_PLACEMENT_3D ( 'NONE', #2053, #1825, #2713 ) ;
#2203 = FACE_OUTER_BOUND ( 'NONE', #122, .T. ) ;
#2204 = AXIS2_PLACEMENT_3D ( 'NONE', #1107, #2156, #241 ) ;
#2205 = ORIENTED_EDGE ( 'NONE', *, *, #2456, .T. ) ;
#2206 = DIRECTION ( 'NONE',  ( -0.000000000000000000, -0.000000000000000000, -1.000000000000000000 ) ) ;
#2207 = FACE_OUTER_BOUND ( 'NONE', #1363, .T. ) ;
#2208 = ORIENTED_EDGE ( 'NONE', *, *, #413, .F. ) ;
#2209 = DIRECTION ( 'NONE',  ( 0.000000000000000000, 0.000000000000000000, -1.000000000000000000 ) ) ;
#2210 = DIRECTION ( 'NONE',  ( 0.000000000000000000, 0.000000000000000000, 1.000000000000000000 ) ) ;
#2211 = ORIENTED_EDGE ( 'NONE', *, *, #1439, .F. ) ;
#2212 = DIRECTION ( 'NONE',  ( 0.000000000000000000, 0.000000000000000000, 1.000000000000000000 ) ) ;
#2213 = EDGE_CURVE ( 'NONE', #583, #1075, #145, .T. ) ;
#2214 = DIRECTION ( 'NONE',  ( 1.000000000000000000, 7.116814260417611715E-15, 0.000000000000000000 ) ) ;
#2215 = ORIENTED_EDGE ( 'NONE', *, *, #2721, .T. ) ;
#2216 = EDGE_CURVE ( 'NONE', #2787, #244, #1972, .T. ) ;
#2217 = DIRECTION ( 'NONE',  ( 0.7071067811865474617, 0.000000000000000000, -0.7071067811865474617 ) ) ;
#2218 = ORIENTED_EDGE ( 'NONE', *, *, #1309, .T. ) ;
#2219 = DIRECTION ( 'NONE',  ( -1.000000000000000000, 0.000000000000000000, 0.000000000000000000 ) ) ;
#2220 = VECTOR ( 'NONE', #1105, 1000.000000000000000 ) ;
#2221 = ORIENTED_EDGE ( 'NONE', *, *, #1274, .F. ) ;
#2222 = CARTESIAN_POINT ( 'NONE',  ( -26.96131840735561269, -22.16560705092670247, 0.5000000000000004441 ) ) ;
#2223 = CYLINDRICAL_SURFACE ( 'NONE', #564, 5.000000000000004441 ) ;
#2224 = ORIENTED_EDGE ( 'NONE', *, *, #2444, .T. ) ;
#2225 = CARTESIAN_POINT ( 'NONE',  ( 0.03868159264438369993, -22.16560705092670247, 0.000000000000000000 ) ) ;
#2226 = CARTESIAN_POINT ( 'NONE',  ( 23.58868308413117987, -35.25656248069552134, 2.000000000000000000 ) ) ;
#2227 = EDGE_CURVE ( 'NONE', #1270, #1990, #1658, .T. ) ;
#2228 = VERTEX_POINT ( 'NONE', #223 ) ;
#2229 = LINE ( 'NONE', #2270, #2430 ) ;
#2230 = EDGE_CURVE ( 'NONE', #2769, #2061, #289, .T. ) ;
#2231 = ORIENTED_EDGE ( 'NONE', *, *, #2598, .F. ) ;
#2232 = DIRECTION ( 'NONE',  ( -1.000000000000000000, 0.000000000000000000, 0.000000000000000000 ) ) ;
#2233 = ADVANCED_FACE ( 'NONE', ( #2197 ), #628, .T. ) ;
#2234 = AXIS2_PLACEMENT_3D ( 'NONE', #11, #1535, #1388 ) ;
#2235 = ORIENTED_EDGE ( 'NONE', *, *, #592, .T. ) ;
#2236 = CARTESIAN_POINT ( 'NONE',  ( -58.21131989884242586, -35.45656248069552419, 0.000000000000000000 ) ) ;
#2237 = ORIENTED_EDGE ( 'NONE', *, *, #2021, .T. ) ;
#2238 = CARTESIAN_POINT ( 'NONE',  ( -55.51131989884241591, -34.75656248069553556, 7.000000000000000000 ) ) ;
#2239 = DIRECTION ( 'NONE',  ( 0.000000000000000000, 0.000000000000000000, -1.000000000000000000 ) ) ;
#2240 = AXIS2_PLACEMENT_3D ( 'NONE', #855, #2190, #2374 ) ;
#2241 = DIRECTION ( 'NONE',  ( 0.000000000000000000, -1.000000000000000000, 0.000000000000000000 ) ) ;
#2242 = CIRCLE ( 'NONE', #2379, 3.000000000000002665 ) ;
#2243 = ORIENTED_EDGE ( 'NONE', *, *, #402, .T. ) ;
#2244 = DIRECTION ( 'NONE',  ( 0.000000000000000000, 0.000000000000000000, 1.000000000000000000 ) ) ;
#2245 = EDGE_CURVE ( 'NONE', #1670, #1453, #1100, .T. ) ;
#2246 = VECTOR ( 'NONE', #739, 1000.000000000000000 ) ;
#2247 = VECTOR ( 'NONE', #487, 1000.000000000000000 ) ;
#2248 = ORIENTED_EDGE ( 'NONE', *, *, #1137, .F. ) ;
#2249 = PLANE ( 'NONE',  #1839 ) ;
#2250 = PLANE ( 'NONE',  #2750 ) ;
#2251 = EDGE_CURVE ( 'NONE', #102, #1852, #2612, .T. ) ;
#2252 = APPLICATION_PROTOCOL_DEFINITION ( 'draft international standard', 'automotive_design', 1998, #157 ) ;
#2253 = VERTEX_POINT ( 'NONE', #1945 ) ;
#2254 = CARTESIAN_POINT ( 'NONE',  ( 20.58868308413117987, 25.98832336038012869, 2.000000000000000000 ) ) ;
#2255 = CARTESIAN_POINT ( 'NONE',  ( -26.96131840735561269, 17.83439294907291028, 0.5000000000000004441 ) ) ;
#2256 = ORIENTED_EDGE ( 'NONE', *, *, #1530, .F. ) ;
#2257 = DIRECTION ( 'NONE',  ( -1.000000000000000000, 0.000000000000000000, 0.000000000000000000 ) ) ;
#2258 = EDGE_LOOP ( 'NONE', ( #2757, #2601, #1732, #1846 ) ) ;
#2259 = CARTESIAN_POINT ( 'NONE',  ( 5.049207500472286725, -35.37465162115796602, 2.000000000000000000 ) ) ;
#2260 = EDGE_CURVE ( 'NONE', #1628, #544, #1515, .T. ) ;
#2261 = ORIENTED_EDGE ( 'NONE', *, *, #1257, .T. ) ;
#2262 = FACE_OUTER_BOUND ( 'NONE', #515, .T. ) ;
#2263 = AXIS2_PLACEMENT_3D ( 'NONE', #2013, #1758, #281 ) ;
#2264 = DIRECTION ( 'NONE',  ( 1.000000000000000000, 0.000000000000000000, 0.000000000000000000 ) ) ;
#2265 = ADVANCED_FACE ( 'NONE', ( #1077 ), #14, .F. ) ;
#2266 = EDGE_LOOP ( 'NONE', ( #535, #1761, #2300, #1426 ) ) ;
#2267 = DIRECTION ( 'NONE',  ( -0.000000000000000000, -0.000000000000000000, 1.000000000000000000 ) ) ;
#2268 = CARTESIAN_POINT ( 'NONE',  ( 5.049207500472290278, 27.92534837884204535, 7.000000000000000000 ) ) ;
#2269 = ORIENTED_EDGE ( 'NONE', *, *, #201, .F. ) ;
#2270 = CARTESIAN_POINT ( 'NONE',  ( -55.01131989884243012, -35.25656248069552134, 7.000000000000000000 ) ) ;
#2271 = VERTEX_POINT ( 'NONE', #1522 ) ;
#2272 = DIRECTION ( 'NONE',  ( 0.000000000000000000, 1.000000000000000000, 0.000000000000000000 ) ) ;
#2273 = EDGE_LOOP ( 'NONE', ( #230, #976, #791, #1880 ) ) ;
#2274 = LINE ( 'NONE', #338, #1320 ) ;
#2275 = DIRECTION ( 'NONE',  ( 1.000000000000000000, 0.000000000000000000, 0.000000000000000000 ) ) ;
#2276 = DIRECTION ( 'NONE',  ( 1.000000000000000000, 0.000000000000000000, 0.000000000000000000 ) ) ;
#2277 = ORIENTED_EDGE ( 'NONE', *, *, #121, .F. ) ;
#2278 = PLANE ( 'NONE',  #1217 ) ;
#2279 = VECTOR ( 'NONE', #163, 1000.000000000000114 ) ;
#2280 = CARTESIAN_POINT ( 'NONE',  ( 21.38868308413151098, 12.83439294907294226, 4.500000000000000888 ) ) ;
#2281 = ADVANCED_FACE ( 'NONE', ( #401 ), #1258, .T. ) ;
#2282 = ORIENTED_EDGE ( 'NONE', *, *, #2652, .T. ) ;
#2283 = CARTESIAN_POINT ( 'NONE',  ( -31.96131840735561624, -22.16560705092670247, 1.499999999999985789 ) ) ;
#2284 = EDGE_CURVE ( 'NONE', #1832, #2412, #1420, .T. ) ;
#2285 = CONICAL_SURFACE ( 'NONE', #1969, 63.30000000000001137, 0.7853981633974482790 ) ;
#2286 = FACE_OUTER_BOUND ( 'NONE', #1440, .T. ) ;
#2287 = CARTESIAN_POINT ( 'NONE',  ( 5.038681592644388196, -22.16560705092670247, 0.5000000000000143219 ) ) ;
#2288 = CONICAL_SURFACE ( 'NONE', #7, 2.500000000000002220, 0.7853981633974487231 ) ;
#2289 = VECTOR ( 'NONE', #2560, 1000.000000000000000 ) ;
#2290 = ORIENTED_EDGE ( 'NONE', *, *, #764, .T. ) ;
#2291 = DIRECTION ( 'NONE',  ( 1.000000000000000000, -3.594247202023888217E-15, 0.000000000000000000 ) ) ;
#2292 = AXIS2_PLACEMENT_3D ( 'NONE', #1685, #2088, #2557 ) ;
#2293 = VECTOR ( 'NONE', #1726, 1000.000000000000114 ) ;
#2294 = DIRECTION ( 'NONE',  ( -0.8087360843031885516, 5.579849033620507413E-15, -0.5881716976750460679 ) ) ;
#2295 = AXIS2_PLACEMENT_3D ( 'NONE', #768, #2758, #2086 ) ;
#2296 = ORIENTED_EDGE ( 'NONE', *, *, #413, .T. ) ;
#2297 = DIRECTION ( 'NONE',  ( 0.000000000000000000, -1.000000000000000000, 0.000000000000000000 ) ) ;
#2298 = VECTOR ( 'NONE', #526, 1000.000000000000114 ) ;
#2299 = LINE ( 'NONE', #1213, #1565 ) ;
#2300 = ORIENTED_EDGE ( 'NONE', *, *, #808, .F. ) ;
#2301 = EDGE_CURVE ( 'NONE', #2228, #2787, #2184, .T. ) ;
#2302 = CARTESIAN_POINT ( 'NONE',  ( -54.51131989884241591, -18.16560705092706840, 0.000000000000000000 ) ) ;
#2303 = EDGE_CURVE ( 'NONE', #249, #1351, #1712, .T. ) ;
#2304 = DIRECTION ( 'NONE',  ( 0.000000000000000000, -0.000000000000000000, 1.000000000000000000 ) ) ;
#2305 = CARTESIAN_POINT ( 'NONE',  ( 5.538681592644402407, -22.16560705092670247, 0.000000000000000000 ) ) ;
#2306 = ORIENTED_EDGE ( 'NONE', *, *, #2284, .T. ) ;
#2307 = DIRECTION ( 'NONE',  ( 0.000000000000000000, 1.000000000000000000, 0.000000000000000000 ) ) ;
#2308 = CARTESIAN_POINT ( 'NONE',  ( 26.78868308413118271, -35.45656248069552419, 1.499999999999999556 ) ) ;
#2309 = VECTOR ( 'NONE', #457, 1000.000000000000000 ) ;
#2310 = VERTEX_POINT ( 'NONE', #2814 ) ;
#2311 = CARTESIAN_POINT ( 'NONE',  ( -36.97194292656563874, 33.62534837884262373, 2.000000000000000000 ) ) ;
#2312 = CARTESIAN_POINT ( 'NONE',  ( 21.38868308413130492, -17.16560705092705774, 4.500000000000000888 ) ) ;
#2313 = ORIENTED_EDGE ( 'NONE', *, *, #2161, .F. ) ;
#2314 = DIRECTION ( 'NONE',  ( 1.000000000000000000, 0.000000000000000000, 0.000000000000000000 ) ) ;
#2315 = DIRECTION ( 'NONE',  ( -0.8087360843031886626, 0.000000000000000000, 0.5881716976750459569 ) ) ;
#2316 = CARTESIAN_POINT ( 'NONE',  ( -55.51131989884241591, -34.75656248069553556, 6.500000000000013323 ) ) ;
#2317 = EDGE_CURVE ( 'NONE', #1300, #411, #934, .T. ) ;
#2318 = ORIENTED_EDGE ( 'NONE', *, *, #935, .F. ) ;
#2319 = DIRECTION ( 'NONE',  ( 1.387080272683752210E-14, 1.000000000000000000, -0.000000000000000000 ) ) ;
#2320 = CARTESIAN_POINT ( 'NONE',  ( -55.71131989884241165, -38.45656248069552419, 0.4999999999999865663 ) ) ;
#2321 = EDGE_CURVE ( 'NONE', #2310, #2253, #1148, .T. ) ;
#2322 = ORIENTED_EDGE ( 'NONE', *, *, #2824, .T. ) ;
#2323 = CARTESIAN_POINT ( 'NONE',  ( 5.038681592644388196, -22.16560705092670247, 0.5000000000000143219 ) ) ;
#2324 = DIRECTION ( 'NONE',  ( -9.808138668647667095E-15, -0.7071067811865475727, -0.7071067811865475727 ) ) ;
#2325 = ORIENTED_EDGE ( 'NONE', *, *, #1210, .T. ) ;
#2326 = VECTOR ( 'NONE', #2665, 1000.000000000000000 ) ;
#2327 = FACE_OUTER_BOUND ( 'NONE', #1980, .T. ) ;
#2328 = PLANE ( 'NONE',  #778 ) ;
#2329 = FACE_BOUND ( 'NONE', #1020, .T. ) ;
#2330 = EDGE_LOOP ( 'NONE', ( #2719, #763, #449, #2817 ) ) ;
#2331 = EDGE_CURVE ( 'NONE', #162, #1038, #1831, .T. ) ;
#2332 = DIRECTION ( 'NONE',  ( 0.000000000000000000, 0.000000000000000000, -1.000000000000000000 ) ) ;
#2333 = CARTESIAN_POINT ( 'NONE',  ( -55.03253916533167001, 28.41801930192167092, 7.000000000000000000 ) ) ;
#2334 = VECTOR ( 'NONE', #140, 1000.000000000000114 ) ;
#2335 = CONICAL_SURFACE ( 'NONE', #557, 2.500000000000015987, 0.7853981633974457255 ) ;
#2336 = AXIS2_PLACEMENT_3D ( 'NONE', #1863, #598, #2314 ) ;
#2337 = VERTEX_POINT ( 'NONE', #2032 ) ;
#2338 = EDGE_CURVE ( 'NONE', #1088, #2626, #51, .T. ) ;
#2339 = DIRECTION ( 'NONE',  ( 0.7071067811865475727, 0.000000000000000000, -0.7071067811865475727 ) ) ;
#2340 = CARTESIAN_POINT ( 'NONE',  ( -55.51131989884241591, -18.16560705092706840, 6.100000000000000533 ) ) ;
#2341 = CIRCLE ( 'NONE', #829, 69.00000000000000000 ) ;
#2342 = EDGE_LOOP ( 'NONE', ( #2231, #1043, #992, #2359, #2237, #1579 ) ) ;
#2343 = AXIS2_PLACEMENT_3D ( 'NONE', #2407, #2581, #397 ) ;
#2344 = DIRECTION ( 'NONE',  ( 1.000000000000000000, 0.000000000000000000, 0.000000000000000000 ) ) ;
#2345 = CARTESIAN_POINT ( 'NONE',  ( -31.96131840735561624, 17.83439294907291028, 0.000000000000000000 ) ) ;
#2346 = CARTESIAN_POINT ( 'NONE',  ( -55.51131989884241591, 28.28052492780664551, 7.000000000000000000 ) ) ;
#2347 = ORIENTED_EDGE ( 'NONE', *, *, #775, .F. ) ;
#2348 = DIRECTION ( 'NONE',  ( -0.7071067811865475727, 0.000000000000000000, 0.7071067811865475727 ) ) ;
#2349 = PRODUCT_RELATED_PRODUCT_CATEGORY ( 'part', '', ( #2535 ) ) ;
#2350 = ORIENTED_EDGE ( 'NONE', *, *, #1571, .T. ) ;
#2351 = LINE ( 'NONE', #1268, #412 ) ;
#2352 = CARTESIAN_POINT ( 'NONE',  ( -1.177340932726031498E-13, -17.16560705092691208, 0.000000000000000000 ) ) ;
#2353 = EDGE_CURVE ( 'NONE', #2064, #19, #95, .T. ) ;
#2354 = VERTEX_POINT ( 'NONE', #1786 ) ;
#2355 = AXIS2_PLACEMENT_3D ( 'NONE', #2827, #575, #862 ) ;
#2356 = DIRECTION ( 'NONE',  ( 0.000000000000000000, -0.000000000000000000, -1.000000000000000000 ) ) ;
#2357 = CARTESIAN_POINT ( 'NONE',  ( -55.03253916533167001, 28.41801930192167447, 6.500000000000013323 ) ) ;
#2358 = DIRECTION ( 'NONE',  ( -1.000000000000000000, -6.899468370362299725E-15, 0.000000000000000000 ) ) ;
#2359 = ORIENTED_EDGE ( 'NONE', *, *, #1619, .T. ) ;
#2360 = FACE_OUTER_BOUND ( 'NONE', #2743, .T. ) ;
#2361 = CARTESIAN_POINT ( 'NONE',  ( 5.049207500472286725, -35.37465162115796602, 6.499999999999985789 ) ) ;
#2362 = EDGE_LOOP ( 'NONE', ( #989, #2485, #1657, #1135, #1083, #897 ) ) ;
#2363 = CARTESIAN_POINT ( 'NONE',  ( 23.78868308413118271, -38.45656248069552419, 0.4999999999999865663 ) ) ;
#2364 = PLANE ( 'NONE',  #2571 ) ;
#2365 = ORIENTED_EDGE ( 'NONE', *, *, #169, .T. ) ;
#2366 = LINE ( 'NONE', #1643, #668 ) ;
#2367 = EDGE_CURVE ( 'NONE', #2419, #1017, #104, .T. ) ;
#2368 = CARTESIAN_POINT ( 'NONE',  ( -55.71131989884241165, 28.43040892023596200, 0.000000000000000000 ) ) ;
#2369 = DIRECTION ( 'NONE',  ( -0.000000000000000000, -0.000000000000000000, -1.000000000000000000 ) ) ;
#2370 = EDGE_CURVE ( 'NONE', #1256, #1182, #1377, .T. ) ;
#2371 = DIRECTION ( 'NONE',  ( 9.691375113068515298E-15, 0.7071067811865475727, 0.7071067811865475727 ) ) ;
#2372 = ORIENTED_EDGE ( 'NONE', *, *, #450, .F. ) ;
#2373 = DIRECTION ( 'NONE',  ( 0.7071067811865474617, 0.000000000000000000, 0.7071067811865474617 ) ) ;
#2374 = DIRECTION ( 'NONE',  ( 1.000000000000000000, 0.000000000000000000, 0.000000000000000000 ) ) ;
#2375 = ORIENTED_EDGE ( 'NONE', *, *, #1239, .F. ) ;
#2376 = PLANE ( 'NONE',  #1593 ) ;
#2377 = LINE ( 'NONE', #455, #2477 ) ;
#2378 = VECTOR ( 'NONE', #334, 1000.000000000000000 ) ;
#2379 = AXIS2_PLACEMENT_3D ( 'NONE', #187, #1936, #2602 ) ;
#2380 = ORIENTED_EDGE ( 'NONE', *, *, #2820, .F. ) ;
#2381 = FACE_OUTER_BOUND ( 'NONE', #137, .T. ) ;
#2382 = VECTOR ( 'NONE', #2443, 1000.000000000000000 ) ;
#2383 = CONICAL_SURFACE ( 'NONE', #2520, 2.500000000000015987, 0.7853981633974479459 ) ;
#2384 = DIRECTION ( 'NONE',  ( -0.000000000000000000, -0.000000000000000000, 1.000000000000000000 ) ) ;
#2385 = FACE_OUTER_BOUND ( 'NONE', #985, .T. ) ;
#2386 = EDGE_CURVE ( 'NONE', #280, #1461, #1698, .T. ) ;
#2387 = VECTOR ( 'NONE', #863, 1000.000000000000114 ) ;
#2388 = CARTESIAN_POINT ( 'NONE',  ( -36.97194292656563874, -35.37465162115807971, 7.000000000000000000 ) ) ;
#2389 = EDGE_CURVE ( 'NONE', #2271, #296, #654, .T. ) ;
#2390 = ORIENTED_EDGE ( 'NONE', *, *, #534, .F. ) ;
#2391 = DIRECTION ( 'NONE',  ( 1.000000000000000000, -1.387080272683752210E-14, 0.000000000000000000 ) ) ;
#2392 = CARTESIAN_POINT ( 'NONE',  ( 0.03868159264438369993, 17.83439294907291028, 2.000000000000000000 ) ) ;
#2393 = ORIENTED_EDGE ( 'NONE', *, *, #1314, .T. ) ;
#2394 = DIRECTION ( 'NONE',  ( -0.000000000000000000, -0.000000000000000000, 1.000000000000000000 ) ) ;
#2395 = CARTESIAN_POINT ( 'NONE',  ( 21.38868308413151098, 12.83439294907294226, 4.500000000000000888 ) ) ;
#2396 = ORIENTED_EDGE ( 'NONE', *, *, #201, .T. ) ;
#2397 = CARTESIAN_POINT ( 'NONE',  ( -52.51131989884240880, -32.25656248069552134, 2.000000000000000000 ) ) ;
#2398 = CARTESIAN_POINT ( 'NONE',  ( 5.049207500472290278, 27.92534837884204535, 6.499999999999985789 ) ) ;
#2399 = LINE ( 'NONE', #1065, #1510 ) ;
#2400 = ORIENTED_EDGE ( 'NONE', *, *, #2145, .F. ) ;
#2401 = CARTESIAN_POINT ( 'NONE',  ( -31.96131840735561624, -22.16560705092670247, 1.499999999999985789 ) ) ;
#2402 = CARTESIAN_POINT ( 'NONE',  ( 23.78868308413118271, -37.95656248069552419, 2.000000000000000000 ) ) ;
#2403 = EDGE_CURVE ( 'NONE', #1374, #2054, #2670, .T. ) ;
#2404 = EDGE_LOOP ( 'NONE', ( #1723, #1754, #322, #238 ) ) ;
#2405 = DIRECTION ( 'NONE',  ( 1.000000000000000000, 0.000000000000000000, 0.000000000000000000 ) ) ;
#2406 = ADVANCED_FACE ( 'NONE', ( #1816 ), #725, .T. ) ;
#2407 = CARTESIAN_POINT ( 'NONE',  ( -31.96131840735561624, 17.83439294907291028, 0.000000000000000000 ) ) ;
#2408 = ORIENTED_EDGE ( 'NONE', *, *, #1033, .F. ) ;
#2409 = PLANE ( 'NONE',  #2724 ) ;
#2410 = DIRECTION ( 'NONE',  ( -0.5773502691896257311, -0.5773502691896257311, 0.5773502691896257311 ) ) ;
#2411 = PLANE ( 'NONE',  #427 ) ;
#2412 = VERTEX_POINT ( 'NONE', #2045 ) ;
#2413 = CARTESIAN_POINT ( 'NONE',  ( -55.71131989884241165, -38.45656248069552419, 2.000000000000000000 ) ) ;
#2414 = ORIENTED_EDGE ( 'NONE', *, *, #1057, .F. ) ;
#2415 = CIRCLE ( 'NONE', #2099, 5.000000000000004441 ) ;
#2416 = DIRECTION ( 'NONE',  ( 1.000000000000000000, 0.000000000000000000, 0.000000000000000000 ) ) ;
#2417 = CARTESIAN_POINT ( 'NONE',  ( -56.41580775494304589, 30.82909540675451865, 2.000000000000000000 ) ) ;
#2418 = ADVANCED_FACE ( 'NONE', ( #2484 ), #81, .T. ) ;
#2419 = VERTEX_POINT ( 'NONE', #1333 ) ;
#2420 =( BOUNDED_CURVE ( )  B_SPLINE_CURVE ( 3, ( #176, #859, #443, #2810 ),
 .UNSPECIFIED., .F., .F. ) 
 B_SPLINE_CURVE_WITH_KNOTS ( ( 4, 4 ),
 ( 3.141592653589799777, 4.712388980384689674 ),
 .UNSPECIFIED. ) 
 CURVE ( )  GEOMETRIC_REPRESENTATION_ITEM ( )  RATIONAL_B_SPLINE_CURVE ( ( 1.000000000000000000, 0.8047378541243666028, 0.8047378541243666028, 1.000000000000000000 ) ) 
 REPRESENTATION_ITEM ( '' )  );
#2421 = DIRECTION ( 'NONE',  ( -0.5881716976750459569, -4.030644808337218748E-15, 0.8087360843031886626 ) ) ;
#2422 = FACE_OUTER_BOUND ( 'NONE', #1163, .T. ) ;
#2423 = EDGE_CURVE ( 'NONE', #2497, #2575, #902, .T. ) ;
#2424 = ORIENTED_EDGE ( 'NONE', *, *, #971, .F. ) ;
#2425 = CARTESIAN_POINT ( 'NONE',  ( -36.97194292656568138, 28.42534837884226917, 7.000000000000000000 ) ) ;
#2426 = CARTESIAN_POINT ( 'NONE',  ( 5.049207500472291166, 30.92534837884204535, 7.000000000000000000 ) ) ;
#2427 = VECTOR ( 'NONE', #1822, 1000.000000000000114 ) ;
#2428 = AXIS2_PLACEMENT_3D ( 'NONE', #1922, #2307, #1237 ) ;
#2429 = EDGE_LOOP ( 'NONE', ( #1774, #2433, #749, #1596 ) ) ;
#2430 = VECTOR ( 'NONE', #315, 1000.000000000000000 ) ;
#2431 = CARTESIAN_POINT ( 'NONE',  ( -55.51131989884241591, 13.83439294907293160, 6.100000000000000533 ) ) ;
#2432 = CONICAL_SURFACE ( 'NONE', #607, 2.500000000000002220, 0.7853981633974457255 ) ;
#2433 = ORIENTED_EDGE ( 'NONE', *, *, #2759, .T. ) ;
#2434 = VECTOR ( 'NONE', #1692, 1000.000000000000000 ) ;
#2435 = PLANE ( 'NONE',  #781 ) ;
#2436 = VERTEX_POINT ( 'NONE', #2255 ) ;
#2437 = LINE ( 'NONE', #6, #2326 ) ;
#2438 = ORIENTED_EDGE ( 'NONE', *, *, #2107, .F. ) ;
#2439 = DIRECTION ( 'NONE',  ( 1.000000000000000000, 0.000000000000000000, 0.000000000000000000 ) ) ;
#2440 = LINE ( 'NONE', #754, #1934 ) ;
#2441 = ADVANCED_FACE ( 'NONE', ( #1849 ), #1610, .F. ) ;
#2442 = ORIENTED_EDGE ( 'NONE', *, *, #2227, .F. ) ;
#2443 = DIRECTION ( 'NONE',  ( -0.000000000000000000, -0.000000000000000000, 1.000000000000000000 ) ) ;
#2444 = EDGE_CURVE ( 'NONE', #2253, #1832, #299, .T. ) ;
#2445 = EDGE_LOOP ( 'NONE', ( #1497, #45, #2109, #815 ) ) ;
#2446 = DIRECTION ( 'NONE',  ( -1.000000000000000000, 0.000000000000000000, 0.000000000000000000 ) ) ;
#2447 = ORIENTED_EDGE ( 'NONE', *, *, #1206, .F. ) ;
#2448 = DIRECTION ( 'NONE',  ( -0.000000000000000000, -0.000000000000000000, -1.000000000000000000 ) ) ;
#2449 = CARTESIAN_POINT ( 'NONE',  ( 5.049207500472282284, 33.62534837884204109, 2.000000000000000000 ) ) ;
#2450 = ORIENTED_EDGE ( 'NONE', *, *, #421, .F. ) ;
#2451 = LINE ( 'NONE', #38, #488 ) ;
#2452 = CARTESIAN_POINT ( 'NONE',  ( -36.97194292656563874, -35.37465162115807971, 2.000000000000000000 ) ) ;
#2453 = ORIENTED_EDGE ( 'NONE', *, *, #1439, .T. ) ;
#2454 = EDGE_CURVE ( 'NONE', #2419, #246, #1614, .T. ) ;
#2455 = CARTESIAN_POINT ( 'NONE',  ( -5.461318407355634896, 17.83439294907291028, 0.000000000000000000 ) ) ;
#2456 = EDGE_CURVE ( 'NONE', #2228, #1244, #475, .T. ) ;
#2457 = VERTEX_POINT ( 'NONE', #312 ) ;
#2458 = CARTESIAN_POINT ( 'NONE',  ( 23.78868308413118626, 28.43037995825160991, 2.000000000000000000 ) ) ;
#2459 = VECTOR ( 'NONE', #150, 1000.000000000000114 ) ;
#2460 = ORIENTED_EDGE ( 'NONE', *, *, #661, .T. ) ;
#2461 = CARTESIAN_POINT ( 'NONE',  ( -58.21131989884241165, -35.45656248069552419, 2.000000000000000000 ) ) ;
#2462 = FACE_OUTER_BOUND ( 'NONE', #79, .T. ) ;
#2463 = CARTESIAN_POINT ( 'NONE',  ( 26.28868308413118271, 28.43037995825160991, 2.000000000000000000 ) ) ;
#2464 = VERTEX_POINT ( 'NONE', #1170 ) ;
#2465 = CARTESIAN_POINT ( 'NONE',  ( 5.049207500472286725, -32.75656248069553556, 7.000000000000000000 ) ) ;
#2466 = CARTESIAN_POINT ( 'NONE',  ( -55.51131989884274986, 12.83439294907292449, 6.100000000000000533 ) ) ;
#2467 = ORIENTED_EDGE ( 'NONE', *, *, #2456, .F. ) ;
#2468 = AXIS2_PLACEMENT_3D ( 'NONE', #2392, #1081, #1964 ) ;
#2469 = LINE ( 'NONE', #543, #1794 ) ;
#2470 = EDGE_CURVE ( 'NONE', #89, #1224, #2440, .T. ) ;
#2471 = VECTOR ( 'NONE', #2217, 1000.000000000000114 ) ;
#2472 = VECTOR ( 'NONE', #2479, 1000.000000000000114 ) ;
#2473 = ORIENTED_EDGE ( 'NONE', *, *, #2389, .T. ) ;
#2474 = CARTESIAN_POINT ( 'NONE',  ( -36.97194292656563874, -35.37465162115807971, 7.000000000000000000 ) ) ;
#2475 = AXIS2_PLACEMENT_3D ( 'NONE', #2057, #2239, #2654 ) ;
#2476 = EDGE_CURVE ( 'NONE', #857, #1624, #1749, .T. ) ;
#2477 = VECTOR ( 'NONE', #1708, 1000.000000000000000 ) ;
#2478 = VERTEX_POINT ( 'NONE', #2496 ) ;
#2479 = DIRECTION ( 'NONE',  ( -0.7071067811865474617, 0.000000000000000000, 0.7071067811865474617 ) ) ;
#2480 = DIRECTION ( 'NONE',  ( 1.000000000000000000, -1.370567412294658023E-14, -0.000000000000000000 ) ) ;
#2481 = LINE ( 'NONE', #1116, #1982 ) ;
#2482 = ORIENTED_EDGE ( 'NONE', *, *, #1171, .F. ) ;
#2483 = CARTESIAN_POINT ( 'NONE',  ( 23.08868308413119408, -34.75656248069553556, 7.000000000000000000 ) ) ;
#2484 = FACE_OUTER_BOUND ( 'NONE', #1562, .T. ) ;
#2485 = ORIENTED_EDGE ( 'NONE', *, *, #2476, .T. ) ;
#2486 = CARTESIAN_POINT ( 'NONE',  ( 5.049207500472290278, 28.42534837884205956, 7.000000000000000000 ) ) ;
#2487 = ORIENTED_EDGE ( 'NONE', *, *, #1452, .T. ) ;
#2488 = ORIENTED_EDGE ( 'NONE', *, *, #208, .T. ) ;
#2489 = EDGE_CURVE ( 'NONE', #37, #544, #2741, .T. ) ;
#2490 = DIRECTION ( 'NONE',  ( 0.000000000000000000, 0.000000000000000000, 1.000000000000000000 ) ) ;
#2491 = VECTOR ( 'NONE', #2627, 1000.000000000000000 ) ;
#2492 = CARTESIAN_POINT ( 'NONE',  ( -52.51131989884240880, -32.25656248069552134, 6.499999999999985789 ) ) ;
#2493 = VERTEX_POINT ( 'NONE', #1626 ) ;
#2494 = EDGE_CURVE ( 'NONE', #2605, #1574, #355, .T. ) ;
#2495 = DIRECTION ( 'NONE',  ( 0.7071067811865475727, -0.000000000000000000, 0.7071067811865475727 ) ) ;
#2496 = CARTESIAN_POINT ( 'NONE',  ( 22.58868308413117276, 12.83439294907293338, 3.627272727272973007 ) ) ;
#2497 = VERTEX_POINT ( 'NONE', #2755 ) ;
#2498 = DIRECTION ( 'NONE',  ( 0.000000000000000000, 0.000000000000000000, -1.000000000000000000 ) ) ;
#2499 = ORIENTED_EDGE ( 'NONE', *, *, #2056, .T. ) ;
#2500 = CARTESIAN_POINT ( 'NONE',  ( -36.97194292656563874, 34.12534837884262373, 2.000000000000000000 ) ) ;
#2501 = EDGE_LOOP ( 'NONE', ( #532, #2639, #597, #674 ) ) ;
#2502 = CARTESIAN_POINT ( 'NONE',  ( 23.58868308413117987, -35.25656248069552134, 7.000000000000000000 ) ) ;
#2503 = CYLINDRICAL_SURFACE ( 'NONE', #1373, 5.000000000000004441 ) ;
#2504 = EDGE_CURVE ( 'NONE', #1224, #594, #2299, .T. ) ;
#2505 = ORIENTED_EDGE ( 'NONE', *, *, #220, .T. ) ;
#2506 = PLANE ( 'NONE',  #1783 ) ;
#2507 = VECTOR ( 'NONE', #1286, 1000.000000000000000 ) ;
#2508 = DIRECTION ( 'NONE',  ( 0.000000000000000000, 0.000000000000000000, -1.000000000000000000 ) ) ;
#2509 = ADVANCED_FACE ( 'NONE', ( #2096 ), #2662, .F. ) ;
#2510 = EDGE_LOOP ( 'NONE', ( #392, #2185, #472, #1840, #2524, #1130, #632, #588, #1176, #1214 ) ) ;
#2511 = PLANE ( 'NONE',  #2295 ) ;
#2512 = CONICAL_SURFACE ( 'NONE', #552, 5.000000000000004441, 0.7853981633974482790 ) ;
#2513 = VECTOR ( 'NONE', #1238, 1000.000000000000000 ) ;
#2514 = EDGE_LOOP ( 'NONE', ( #577, #1651, #2487, #900 ) ) ;
#2515 = CARTESIAN_POINT ( 'NONE',  ( -55.51131989884241591, 28.28052492780664551, 2.000000000000000000 ) ) ;
#2516 = VECTOR ( 'NONE', #1601, 1000.000000000000000 ) ;
#2517 = ORIENTED_EDGE ( 'NONE', *, *, #909, .F. ) ;
#2518 = LINE ( 'NONE', #565, #2472 ) ;
#2519 = AXIS2_PLACEMENT_3D ( 'NONE', #1775, #2831, #892 ) ;
#2520 = AXIS2_PLACEMENT_3D ( 'NONE', #1542, #2163, #2416 ) ;
#2521 = DIRECTION ( 'NONE',  ( 1.000000000000000000, -8.256430194546133367E-17, 0.000000000000000000 ) ) ;
#2522 = DIRECTION ( 'NONE',  ( 0.000000000000000000, 0.000000000000000000, 1.000000000000000000 ) ) ;
#2523 = VECTOR ( 'NONE', #282, 1000.000000000000000 ) ;
#2524 = ORIENTED_EDGE ( 'NONE', *, *, #2558, .T. ) ;
#2525 = PLANE ( 'NONE',  #458 ) ;
#2526 = EDGE_CURVE ( 'NONE', #723, #2478, #324, .T. ) ;
#2527 = VECTOR ( 'NONE', #2151, 1000.000000000000000 ) ;
#2528 = DIRECTION ( 'NONE',  ( 6.899468370362299725E-15, -1.000000000000000000, 0.000000000000000000 ) ) ;
#2529 = VERTEX_POINT ( 'NONE', #582 ) ;
#2530 = EDGE_CURVE ( 'NONE', #1224, #519, #793, .T. ) ;
#2531 = CARTESIAN_POINT ( 'NONE',  ( 5.049207500472286725, -35.37465162115796602, 2.000000000000000000 ) ) ;
#2532 = PLANE ( 'NONE',  #1434 ) ;
#2533 = EDGE_CURVE ( 'NONE', #149, #964, #691, .T. ) ;
#2534 = CARTESIAN_POINT ( 'NONE',  ( 26.78868308413118271, -35.45656248069552419, 1.499999999999999556 ) ) ;
#2535 = PRODUCT ( 'cable_box_lid', 'cable_box_lid', '', ( #1411 ) ) ;
#2536 = EDGE_LOOP ( 'NONE', ( #221, #698, #953, #1058 ) ) ;
#2537 = PLANE ( 'NONE',  #1977 ) ;
#2538 =( LENGTH_UNIT ( ) NAMED_UNIT ( * ) SI_UNIT ( .MILLI., .METRE. ) );
#2539 = ORIENTED_EDGE ( 'NONE', *, *, #913, .T. ) ;
#2540 = DIRECTION ( 'NONE',  ( 1.000000000000000000, 0.000000000000000000, 0.000000000000000000 ) ) ;
#2541 = PLANE ( 'NONE',  #1700 ) ;
#2542 = ORIENTED_EDGE ( 'NONE', *, *, #864, .T. ) ;
#2543 = DIRECTION ( 'NONE',  ( -1.000000000000000000, 0.000000000000000000, 0.000000000000000000 ) ) ;
#2544 = FACE_OUTER_BOUND ( 'NONE', #2362, .T. ) ;
#2545 = ADVANCED_FACE ( 'NONE', ( #1005 ), #1445, .F. ) ;
#2546 = FACE_BOUND ( 'NONE', #493, .T. ) ;
#2547 = ADVANCED_FACE ( 'NONE', ( #779 ), #2541, .F. ) ;
#2548 = ORIENTED_EDGE ( 'NONE', *, *, #1952, .F. ) ;
#2549 = FACE_OUTER_BOUND ( 'NONE', #1318, .T. ) ;
#2550 = ORIENTED_EDGE ( 'NONE', *, *, #1072, .F. ) ;
#2551 = CARTESIAN_POINT ( 'NONE',  ( 23.78868308413118271, -35.45656248069552419, 0.4999999999999865663 ) ) ;
#2552 = DIRECTION ( 'NONE',  ( 0.000000000000000000, 0.000000000000000000, -1.000000000000000000 ) ) ;
#2553 = EDGE_LOOP ( 'NONE', ( #1360, #704, #2717, #726 ) ) ;
#2554 = VECTOR ( 'NONE', #2135, 1000.000000000000000 ) ;
#2555 = DIRECTION ( 'NONE',  ( 1.000000000000000000, 0.000000000000000000, 0.000000000000000000 ) ) ;
#2556 = FACE_OUTER_BOUND ( 'NONE', #2510, .T. ) ;
#2557 = DIRECTION ( 'NONE',  ( 1.000000000000000000, 0.000000000000000000, 0.000000000000000000 ) ) ;
#2558 = EDGE_CURVE ( 'NONE', #1687, #1394, #1242, .T. ) ;
#2559 = ORIENTED_EDGE ( 'NONE', *, *, #417, .F. ) ;
#2560 = DIRECTION ( 'NONE',  ( -0.000000000000000000, -0.000000000000000000, 1.000000000000000000 ) ) ;
#2561 = DIRECTION ( 'NONE',  ( -0.7071067811865474617, 0.000000000000000000, 0.7071067811865474617 ) ) ;
#2562 = EDGE_CURVE ( 'NONE', #2337, #1331, #2111, .T. ) ;
#2563 = AXIS2_PLACEMENT_3D ( 'NONE', #2259, #533, #2446 ) ;
#2564 = VECTOR ( 'NONE', #1897, 1000.000000000000000 ) ;
#2565 = AXIS2_PLACEMENT_3D ( 'NONE', #2283, #1162, #517 ) ;
#2566 = ORIENTED_EDGE ( 'NONE', *, *, #1619, .F. ) ;
#2567 = CARTESIAN_POINT ( 'NONE',  ( -26.46131840735561269, -22.16560705092670247, 0.000000000000000000 ) ) ;
#2568 = DIRECTION ( 'NONE',  ( -0.000000000000000000, 0.000000000000000000, 1.000000000000000000 ) ) ;
#2569 = VECTOR ( 'NONE', #2628, 1000.000000000000114 ) ;
#2570 = EDGE_LOOP ( 'NONE', ( #1694, #2083, #1808, #1690 ) ) ;
#2571 = AXIS2_PLACEMENT_3D ( 'NONE', #8, #2568, #2625 ) ;
#2572 = CARTESIAN_POINT ( 'NONE',  ( -26.96131840735561269, 17.83439294907291028, -1.000000000000000000 ) ) ;
#2573 = CARTESIAN_POINT ( 'NONE',  ( 0.000000000000000000, 0.000000000000000000, 2.000000000000000000 ) ) ;
#2574 = LINE ( 'NONE', #1012, #2655 ) ;
#2575 = VERTEX_POINT ( 'NONE', #2312 ) ;
#2576 = DIRECTION ( 'NONE',  ( 1.000000000000000000, 0.000000000000000000, 0.000000000000000000 ) ) ;
#2577 = CARTESIAN_POINT ( 'NONE',  ( 23.58868308413129711, -18.16560705092706840, 2.900000000000000799 ) ) ;
#2578 = EDGE_CURVE ( 'NONE', #2049, #1351, #2710, .T. ) ;
#2579 = ORIENTED_EDGE ( 'NONE', *, *, #574, .F. ) ;
#2580 = FACE_BOUND ( 'NONE', #655, .T. ) ;
#2581 = DIRECTION ( 'NONE',  ( -0.000000000000000000, 0.000000000000000000, 1.000000000000000000 ) ) ;
#2582 = EDGE_CURVE ( 'NONE', #1867, #1331, #1429, .T. ) ;
#2583 = ORIENTED_EDGE ( 'NONE', *, *, #2494, .T. ) ;
#2584 = PLANE ( 'NONE',  #1627 ) ;
#2585 = DIRECTION ( 'NONE',  ( -1.000000000000000000, 8.256430194546133367E-17, 0.000000000000000000 ) ) ;
#2586 = DIRECTION ( 'NONE',  ( -1.000000000000000000, 0.000000000000000000, 0.000000000000000000 ) ) ;
#2587 = DIRECTION ( 'NONE',  ( -1.000000000000000000, 0.000000000000000000, 0.000000000000000000 ) ) ;
#2588 = ORIENTED_EDGE ( 'NONE', *, *, #2759, .F. ) ;
#2589 = CARTESIAN_POINT ( 'NONE',  ( -3.777984576860252020, -7.889894819704267981, -17.86666766099126846 ) ) ;
#2590 = CARTESIAN_POINT ( 'NONE',  ( -5.461318407355634896, -22.16560705092670247, 0.000000000000000000 ) ) ;
#2591 = ORIENTED_EDGE ( 'NONE', *, *, #2301, .F. ) ;
#2592 = CARTESIAN_POINT ( 'NONE',  ( -37.46131840735561980, 0.000000000000000000, 0.000000000000000000 ) ) ;
#2593 = PLANE ( 'NONE',  #336 ) ;
#2594 = ADVANCED_FACE ( 'NONE', ( #553 ), #1874, .F. ) ;
#2595 = ORIENTED_EDGE ( 'NONE', *, *, #831, .F. ) ;
#2596 = ORIENTED_EDGE ( 'NONE', *, *, #327, .F. ) ;
#2597 = CARTESIAN_POINT ( 'NONE',  ( -55.03253916533167001, 28.41801930192167447, 6.500000000000016875 ) ) ;
#2598 = EDGE_CURVE ( 'NONE', #665, #539, #219, .T. ) ;
#2599 = CARTESIAN_POINT ( 'NONE',  ( -26.46131840735561269, -22.16560705092670247, 0.000000000000000000 ) ) ;
#2600 = DIRECTION ( 'NONE',  ( 1.000000000000000000, 0.000000000000000000, 0.000000000000000000 ) ) ;
#2601 = ORIENTED_EDGE ( 'NONE', *, *, #988, .T. ) ;
#2602 = DIRECTION ( 'NONE',  ( 1.000000000000000000, 0.000000000000000000, 0.000000000000000000 ) ) ;
#2603 = DIRECTION ( 'NONE',  ( 0.7071067811865450192, -0.000000000000000000, -0.7071067811865500152 ) ) ;
#2604 = VECTOR ( 'NONE', #380, 1000.000000000000000 ) ;
#2605 = VERTEX_POINT ( 'NONE', #1254 ) ;
#2606 = DIRECTION ( 'NONE',  ( -1.000000000000000000, 8.256430194546133367E-17, 0.000000000000000000 ) ) ;
#2607 = VECTOR ( 'NONE', #2761, 1000.000000000000000 ) ;
#2608 = CARTESIAN_POINT ( 'NONE',  ( -53.31131989884254097, -17.16560705092705774, 4.500000000000000888 ) ) ;
#2609 = CIRCLE ( 'NONE', #2292, 5.000000000000004441 ) ;
#2610 = VERTEX_POINT ( 'NONE', #1074 ) ;
#2611 = ORIENTED_EDGE ( 'NONE', *, *, #1636, .F. ) ;
#2612 = CIRCLE ( 'NONE', #1845, 66.30000000000055138 ) ;
#2613 = AXIS2_PLACEMENT_3D ( 'NONE', #1023, #797, #2129 ) ;
#2614 = DIRECTION ( 'NONE',  ( 0.000000000000000000, -0.7071067811865474617, 0.7071067811865474617 ) ) ;
#2615 = VECTOR ( 'NONE', #308, 1000.000000000000114 ) ;
#2616 = EDGE_LOOP ( 'NONE', ( #1975, #2277, #1494, #316 ) ) ;
#2617 = EDGE_CURVE ( 'NONE', #377, #539, #2420, .T. ) ;
#2618 = DIRECTION ( 'NONE',  ( -0.000000000000000000, -0.000000000000000000, 1.000000000000000000 ) ) ;
#2619 = EDGE_CURVE ( 'NONE', #1285, #2419, #667, .T. ) ;
#2620 = ORIENTED_EDGE ( 'NONE', *, *, #2444, .F. ) ;
#2621 = CARTESIAN_POINT ( 'NONE',  ( -36.97194292656563874, -35.37465162115807971, 2.000000000000000000 ) ) ;
#2622 = CARTESIAN_POINT ( 'NONE',  ( 5.049207500472290278, 27.92534837884204535, 6.499999999999985789 ) ) ;
#2623 = ORIENTED_EDGE ( 'NONE', *, *, #101, .T. ) ;
#2624 = CARTESIAN_POINT ( 'NONE',  ( -54.51131989884242302, -17.16560705092706485, 3.627272727272814024 ) ) ;
#2625 = DIRECTION ( 'NONE',  ( 1.000000000000000000, 0.000000000000000000, 0.000000000000000000 ) ) ;
#2626 = VERTEX_POINT ( 'NONE', #2168 ) ;
#2627 = DIRECTION ( 'NONE',  ( -0.000000000000000000, 0.000000000000000000, -1.000000000000000000 ) ) ;
#2628 = DIRECTION ( 'NONE',  ( -0.4811717619808364987, -0.8766263374279016363, -3.275519281697926223E-15 ) ) ;
#2629 = ORIENTED_EDGE ( 'NONE', *, *, #1968, .T. ) ;
#2630 = CARTESIAN_POINT ( 'NONE',  ( -54.51131989884242302, -17.16560705092706840, 0.000000000000000000 ) ) ;
#2631 = EDGE_CURVE ( 'NONE', #2146, #1104, #1330, .T. ) ;
#2632 = VERTEX_POINT ( 'NONE', #1955 ) ;
#2633 = CARTESIAN_POINT ( 'NONE',  ( -58.71131989884241165, -35.45656248069552419, 1.499999999999999556 ) ) ;
#2634 = PLANE ( 'NONE',  #2017 ) ;
#2635 = EDGE_CURVE ( 'NONE', #1477, #162, #1259, .T. ) ;
#2636 = VERTEX_POINT ( 'NONE', #1475 ) ;
#2637 = CARTESIAN_POINT ( 'NONE',  ( -53.01131989884242302, -32.75656248069553556, 7.000000000000000000 ) ) ;
#2638 = DIRECTION ( 'NONE',  ( 0.7071067811865474617, 0.000000000000000000, -0.7071067811865474617 ) ) ;
#2639 = ORIENTED_EDGE ( 'NONE', *, *, #297, .F. ) ;
#2640 = CARTESIAN_POINT ( 'NONE',  ( 26.78868308413118271, 28.43037995825160991, 2.000000000000000000 ) ) ;
#2641 = DIRECTION ( 'NONE',  ( 0.7071067811865474617, 0.000000000000000000, 0.7071067811865474617 ) ) ;
#2642 = ORIENTED_EDGE ( 'NONE', *, *, #208, .F. ) ;
#2643 = DIRECTION ( 'NONE',  ( 0.000000000000000000, 0.000000000000000000, -1.000000000000000000 ) ) ;
#2644 = ORIENTED_EDGE ( 'NONE', *, *, #1476, .T. ) ;
#2645 = DIRECTION ( 'NONE',  ( -0.7071067811865581199, 0.7071067811865369146, 0.000000000000000000 ) ) ;
#2646 = ORIENTED_EDGE ( 'NONE', *, *, #349, .T. ) ;
#2647 = ADVANCED_FACE ( 'NONE', ( #1042 ), #1376, .T. ) ;
#2648 = LINE ( 'NONE', #2192, #42 ) ;
#2649 = CARTESIAN_POINT ( 'NONE',  ( 22.88908287872507330, 28.48009641286383342, 6.500000000000013323 ) ) ;
#2650 = VECTOR ( 'NONE', #160, 1000.000000000000114 ) ;
#2651 = ORIENTED_EDGE ( 'NONE', *, *, #2582, .T. ) ;
#2652 = EDGE_CURVE ( 'NONE', #2457, #340, #1752, .T. ) ;
#2653 = CARTESIAN_POINT ( 'NONE',  ( 5.038681592644388196, -22.16560705092670247, -1.000000000000000000 ) ) ;
#2654 = DIRECTION ( 'NONE',  ( -1.000000000000000000, 0.000000000000000000, 0.000000000000000000 ) ) ;
#2655 = VECTOR ( 'NONE', #1919, 1000.000000000000114 ) ;
#2656 = CIRCLE ( 'NONE', #190, 63.80000000000002558 ) ;
#2657 = CIRCLE ( 'NONE', #825, 3.000000000000002665 ) ;
#2658 = AXIS2_PLACEMENT_3D ( 'NONE', #2573, #2141, #600 ) ;
#2659 = CARTESIAN_POINT ( 'NONE',  ( -26.96131840735561269, 17.83439294907291028, 1.499999999999985789 ) ) ;
#2660 = AXIS2_PLACEMENT_3D ( 'NONE', #2075, #113, #1759 ) ;
#2661 = EDGE_LOOP ( 'NONE', ( #2700, #2149, #1736, #408 ) ) ;
#2662 = CONICAL_SURFACE ( 'NONE', #1848, 5.000000000000004441, 0.7853981633974482790 ) ;
#2663 = DIRECTION ( 'NONE',  ( 1.000000000000000000, -1.387080272683752210E-14, 0.000000000000000000 ) ) ;
#2664 = ORIENTED_EDGE ( 'NONE', *, *, #1295, .T. ) ;
#2665 = DIRECTION ( 'NONE',  ( 0.000000000000000000, -1.000000000000000000, 0.000000000000000000 ) ) ;
#2666 = DIRECTION ( 'NONE',  ( 0.7071067811865475727, 0.000000000000000000, -0.7071067811865475727 ) ) ;
#2667 = EDGE_CURVE ( 'NONE', #519, #1187, #430, .T. ) ;
#2668 = ORIENTED_EDGE ( 'NONE', *, *, #417, .T. ) ;
#2669 = CARTESIAN_POINT ( 'NONE',  ( -54.51131989884240880, 12.83439294907293160, 5.372727272727026104 ) ) ;
#2670 = LINE ( 'NONE', #1132, #2247 ) ;
#2671 = ADVANCED_FACE ( 'NONE', ( #1519, #1299, #624 ), #2364, .T. ) ;
#2672 = VERTEX_POINT ( 'NONE', #2136 ) ;
#2673 = DIRECTION ( 'NONE',  ( -0.000000000000000000, -0.000000000000000000, -1.000000000000000000 ) ) ;
#2674 = VECTOR ( 'NONE', #1344, 1000.000000000000000 ) ;
#2675 = ORIENTED_EDGE ( 'NONE', *, *, #2021, .F. ) ;
#2676 = LINE ( 'NONE', #520, #2516 ) ;
#2677 = EDGE_LOOP ( 'NONE', ( #1538, #1957, #1517, #1779 ) ) ;
#2678 = DIRECTION ( 'NONE',  ( 0.000000000000000000, 0.000000000000000000, -1.000000000000000000 ) ) ;
#2679 = CARTESIAN_POINT ( 'NONE',  ( -55.71131989884241165, -37.95656248069553840, 0.000000000000000000 ) ) ;
#2680 = CARTESIAN_POINT ( 'NONE',  ( 23.58868308413117987, 27.78049620745774106, 7.000000000000000000 ) ) ;
#2681 = EDGE_LOOP ( 'NONE', ( #1133, #1586, #1339, #2400 ) ) ;
#2682 = DIRECTION ( 'NONE',  ( 0.000000000000000000, 1.000000000000000000, 0.000000000000000000 ) ) ;
#2683 = EDGE_CURVE ( 'NONE', #723, #2575, #876, .T. ) ;
#2684 = DIRECTION ( 'NONE',  ( -0.7071067811865474617, 0.000000000000000000, -0.7071067811865474617 ) ) ;
#2685 = ORIENTED_EDGE ( 'NONE', *, *, #1702, .T. ) ;
#2686 = EDGE_CURVE ( 'NONE', #1337, #936, #2377, .T. ) ;
#2687 = LINE ( 'NONE', #98, #1143 ) ;
#2688 =( GEOMETRIC_REPRESENTATION_CONTEXT ( 3 ) GLOBAL_UNCERTAINTY_ASSIGNED_CONTEXT ( ( #1770 ) ) GLOBAL_UNIT_ASSIGNED_CONTEXT ( ( #24, #1564, #277 ) ) REPRESENTATION_CONTEXT ( 'NONE', 'WORKASPACE' ) );
#2689 = ORIENTED_EDGE ( 'NONE', *, *, #1050, .T. ) ;
#2690 = CYLINDRICAL_SURFACE ( 'NONE', #556, 1.000000000000000888 ) ;
#2691 = AXIS2_PLACEMENT_3D ( 'NONE', #2767, #2339, #366 ) ;
#2692 = EDGE_LOOP ( 'NONE', ( #1121, #646, #1557, #1198 ) ) ;
#2693 = DIRECTION ( 'NONE',  ( -1.000000000000000000, 0.000000000000000000, 0.000000000000000000 ) ) ;
#2694 = DIRECTION ( 'NONE',  ( -0.000000000000000000, -0.000000000000000000, -1.000000000000000000 ) ) ;
#2695 = CARTESIAN_POINT ( 'NONE',  ( 20.58868308413117987, -32.25656248069552134, 6.499999999999985789 ) ) ;
#2696 = EDGE_LOOP ( 'NONE', ( #2664, #741, #62, #70, #1289, #2629 ) ) ;
#2697 = CARTESIAN_POINT ( 'NONE',  ( 0.000000000000000000, -37.95656248069552419, 2.000000000000000000 ) ) ;
#2698 = DIRECTION ( 'NONE',  ( 0.000000000000000000, -1.000000000000000000, 0.000000000000000000 ) ) ;
#2699 = VECTOR ( 'NONE', #1923, 1000.000000000000114 ) ;
#2700 = ORIENTED_EDGE ( 'NONE', *, *, #1595, .T. ) ;
#2701 = VECTOR ( 'NONE', #2130, 1000.000000000000114 ) ;
#2702 = DIRECTION ( 'NONE',  ( 1.000000000000000000, 2.312964634635740689E-15, 0.000000000000000000 ) ) ;
#2703 = EDGE_CURVE ( 'NONE', #2769, #1367, #1312, .T. ) ;
#2704 = AXIS2_PLACEMENT_3D ( 'NONE', #288, #1834, #2257 ) ;
#2705 = VECTOR ( 'NONE', #2480, 1000.000000000000000 ) ;
#2706 = EDGE_LOOP ( 'NONE', ( #604, #2766, #2137, #2221 ) ) ;
#2707 = LINE ( 'NONE', #1177, #2427 ) ;
#2708 = VECTOR ( 'NONE', #2140, 1000.000000000000000 ) ;
#2709 = EDGE_CURVE ( 'NONE', #2146, #1075, #234, .T. ) ;
#2710 = CIRCLE ( 'NONE', #609, 3.000000000000002665 ) ;
#2711 = ORIENTED_EDGE ( 'NONE', *, *, #538, .T. ) ;
#2712 = CARTESIAN_POINT ( 'NONE',  ( 23.78868308413118271, -35.45656248069552419, 2.000000000000000000 ) ) ;
#2713 = DIRECTION ( 'NONE',  ( -1.000000000000000000, 0.000000000000000000, 0.000000000000000000 ) ) ;
#2714 = ORIENTED_EDGE ( 'NONE', *, *, #2194, .T. ) ;
#2715 = CARTESIAN_POINT ( 'NONE',  ( -36.97194292656563874, 34.12534837884262373, 0.4999999999999865663 ) ) ;
#2716 = DIRECTION ( 'NONE',  ( 0.7071067811865474617, 0.000000000000000000, -0.7071067811865474617 ) ) ;
#2717 = ORIENTED_EDGE ( 'NONE', *, *, #1383, .T. ) ;
#2718 = CARTESIAN_POINT ( 'NONE',  ( 5.049207500472286725, -35.37465162115796602, 7.000000000000000000 ) ) ;
#2719 = ORIENTED_EDGE ( 'NONE', *, *, #1329, .F. ) ;
#2720 = FACE_OUTER_BOUND ( 'NONE', #388, .T. ) ;
#2721 = EDGE_CURVE ( 'NONE', #1433, #2769, #1942, .T. ) ;
#2722 = ORIENTED_EDGE ( 'NONE', *, *, #169, .F. ) ;
#2723 = CARTESIAN_POINT ( 'NONE',  ( -52.51131989884235196, 25.98834833250714027, 2.000000000000000000 ) ) ;
#2724 = AXIS2_PLACEMENT_3D ( 'NONE', #1131, #1119, #1804 ) ;
#2725 = CARTESIAN_POINT ( 'NONE',  ( -55.51131989884241591, 27.54574907741651302, 6.500000000000013323 ) ) ;
#2726 = ADVANCED_FACE ( 'NONE', ( #613 ), #2593, .F. ) ;
#2727 = ORIENTED_EDGE ( 'NONE', *, *, #1796, .T. ) ;
#2728 = LINE ( 'NONE', #511, #1449 ) ;
#2729 = CARTESIAN_POINT ( 'NONE',  ( 20.75522780606074846, 26.11794978837719583, 6.666544721929551720 ) ) ;
#2730 = ORIENTED_EDGE ( 'NONE', *, *, #716, .T. ) ;
#2731 = CARTESIAN_POINT ( 'NONE',  ( 5.049207500472291166, 30.92534837884204535, 6.500000000000013323 ) ) ;
#2732 = CARTESIAN_POINT ( 'NONE',  ( 5.049207500472291166, 30.92534837884204535, 2.000000000000000000 ) ) ;
#2733 = PLANE ( 'NONE',  #372 ) ;
#2734 = EDGE_CURVE ( 'NONE', #153, #2787, #835, .T. ) ;
#2735 = ORIENTED_EDGE ( 'NONE', *, *, #220, .F. ) ;
#2736 = DIRECTION ( 'NONE',  ( -9.813077866773857963E-15, -0.7071067811865474617, 0.7071067811865474617 ) ) ;
#2737 = FACE_OUTER_BOUND ( 'NONE', #1828, .T. ) ;
#2738 = ADVANCED_FACE ( 'NONE', ( #2422 ), #2223, .F. ) ;
#2739 = ORIENTED_EDGE ( 'NONE', *, *, #795, .T. ) ;
#2740 = DIRECTION ( 'NONE',  ( -0.7071067811865475727, -0.000000000000000000, 0.7071067811865475727 ) ) ;
#2741 = LINE ( 'NONE', #1888, #1468 ) ;
#2742 = EDGE_CURVE ( 'NONE', #2074, #1473, #1769, .T. ) ;
#2743 = EDGE_LOOP ( 'NONE', ( #2548, #53, #2438, #1646 ) ) ;
#2744 = FACE_OUTER_BOUND ( 'NONE', #129, .T. ) ;
#2745 = DIRECTION ( 'NONE',  ( -1.000000000000000000, 1.387080272683752210E-14, 0.000000000000000000 ) ) ;
#2746 = LINE ( 'NONE', #1895, #283 ) ;
#2747 = ORIENTED_EDGE ( 'NONE', *, *, #1571, .F. ) ;
#2748 = CARTESIAN_POINT ( 'NONE',  ( -54.51131989884242302, -17.16560705092706840, 5.372727272727186865 ) ) ;
#2749 = VECTOR ( 'NONE', #492, 1000.000000000000114 ) ;
#2750 = AXIS2_PLACEMENT_3D ( 'NONE', #537, #929, #734 ) ;
#2751 = DIRECTION ( 'NONE',  ( -0.000000000000000000, -0.000000000000000000, -1.000000000000000000 ) ) ;
#2752 = AXIS2_PLACEMENT_3D ( 'NONE', #2452, #1551, #1160 ) ;
#2753 = ORIENTED_EDGE ( 'NONE', *, *, #2734, .T. ) ;
#2754 = DIRECTION ( 'NONE',  ( -0.000000000000000000, -0.000000000000000000, -1.000000000000000000 ) ) ;
#2755 = CARTESIAN_POINT ( 'NONE',  ( 22.58868308413118697, -17.16560705092706840, 5.372727272727186865 ) ) ;
#2756 = EDGE_CURVE ( 'NONE', #2054, #827, #1156, .T. ) ;
#2757 = ORIENTED_EDGE ( 'NONE', *, *, #1584, .F. ) ;
#2758 = DIRECTION ( 'NONE',  ( -0.7071067811865475727, 0.000000000000000000, -0.7071067811865475727 ) ) ;
#2759 = EDGE_CURVE ( 'NONE', #2626, #213, #696, .T. ) ;
#2760 = DIRECTION ( 'NONE',  ( 0.000000000000000000, 1.000000000000000000, 0.000000000000000000 ) ) ;
#2761 = DIRECTION ( 'NONE',  ( -0.000000000000000000, -0.000000000000000000, 1.000000000000000000 ) ) ;
#2762 = ORIENTED_EDGE ( 'NONE', *, *, #1072, .T. ) ;
#2763 = CARTESIAN_POINT ( 'NONE',  ( 26.78868308413118271, 28.43037995825160991, 1.499999999999999556 ) ) ;
#2764 = LINE ( 'NONE', #1471, #1004 ) ;
#2765 = CONICAL_SURFACE ( 'NONE', #2355, 69.50000000000042633, 0.7853981633974482790 ) ;
#2766 = ORIENTED_EDGE ( 'NONE', *, *, #611, .F. ) ;
#2767 = CARTESIAN_POINT ( 'NONE',  ( 26.28868308413119692, 0.000000000000000000, 0.000000000000000000 ) ) ;
#2768 = DIRECTION ( 'NONE',  ( 1.000000000000000000, 0.000000000000000000, 0.000000000000000000 ) ) ;
#2769 = VERTEX_POINT ( 'NONE', #468 ) ;
#2770 = EDGE_CURVE ( 'NONE', #1178, #1633, #92, .T. ) ;
#2771 = CARTESIAN_POINT ( 'NONE',  ( -37.46131840735561980, -22.16560705092670247, 0.000000000000000000 ) ) ;
#2772 = CARTESIAN_POINT ( 'NONE',  ( -55.01131989884243012, 27.90426175804086029, 7.000000000000000000 ) ) ;
#2773 = ADVANCED_FACE ( 'NONE', ( #1129 ), #48, .T. ) ;
#2774 = CARTESIAN_POINT ( 'NONE',  ( 5.049207500472286725, -35.37465162115796602, 7.000000000000000000 ) ) ;
#2775 = ORIENTED_EDGE ( 'NONE', *, *, #2686, .F. ) ;
#2776 = FACE_OUTER_BOUND ( 'NONE', #2258, .T. ) ;
#2777 = CARTESIAN_POINT ( 'NONE',  ( -53.31131989884274702, 12.83439294907294226, 4.500000000000000888 ) ) ;
#2778 = ORIENTED_EDGE ( 'NONE', *, *, #677, .F. ) ;
#2779 = CARTESIAN_POINT ( 'NONE',  ( 22.58868308413117276, 12.83439294907293160, 5.372727272727027881 ) ) ;
#2780 = DIRECTION ( 'NONE',  ( 0.7071067811865474617, 0.000000000000000000, 0.7071067811865474617 ) ) ;
#2781 = VERTEX_POINT ( 'NONE', #1800 ) ;
#2782 = AXIS2_PLACEMENT_3D ( 'NONE', #46, #2448, #2405 ) ;
#2783 = CARTESIAN_POINT ( 'NONE',  ( 23.08868308413119408, -35.37465162115796602, 7.000000000000000000 ) ) ;
#2784 = CARTESIAN_POINT ( 'NONE',  ( 20.58868308413117987, -32.25656248069552134, 2.000000000000000000 ) ) ;
#2785 = DIRECTION ( 'NONE',  ( -0.7071067811865474617, 0.000000000000000000, -0.7071067811865474617 ) ) ;
#2786 = ADVANCED_FACE ( 'NONE', ( #722 ), #899, .T. ) ;
#2787 = VERTEX_POINT ( 'NONE', #65 ) ;
#2788 = CARTESIAN_POINT ( 'NONE',  ( 0.03868159264438369993, -22.16560705092670247, 2.000000000000000000 ) ) ;
#2789 = FACE_OUTER_BOUND ( 'NONE', #2016, .T. ) ;
#2790 = AXIS2_PLACEMENT_3D ( 'NONE', #2502, #1811, #986 ) ;
#2791 = EDGE_CURVE ( 'NONE', #1832, #1249, #1328, .T. ) ;
#2792 = AXIS2_PLACEMENT_3D ( 'NONE', #617, #1205, #576 ) ;
#2793 = ORIENTED_EDGE ( 'NONE', *, *, #2251, .T. ) ;
#2794 = CARTESIAN_POINT ( 'NONE',  ( -55.03253916533167001, 28.41801930192167447, 6.500000000000013323 ) ) ;
#2795 = DIRECTION ( 'NONE',  ( 1.000000000000000000, -6.899468370362299725E-15, 0.000000000000000000 ) ) ;
#2796 = AXIS2_PLACEMENT_3D ( 'NONE', #1989, #2356, #1090 ) ;
#2797 = ORIENTED_EDGE ( 'NONE', *, *, #2251, .F. ) ;
#2798 = VECTOR ( 'NONE', #2193, 1000.000000000000000 ) ;
#2799 = FACE_OUTER_BOUND ( 'NONE', #1803, .T. ) ;
#2800 = DIRECTION ( 'NONE',  ( -0.000000000000000000, -0.000000000000000000, -1.000000000000000000 ) ) ;
#2801 = LINE ( 'NONE', #371, #2293 ) ;
#2802 = LINE ( 'NONE', #2630, #1230 ) ;
#2803 = EDGE_LOOP ( 'NONE', ( #1408, #302, #547 ) ) ;
#2804 = EDGE_CURVE ( 'NONE', #594, #149, #295, .T. ) ;
#2805 = CARTESIAN_POINT ( 'NONE',  ( 23.58868308413117987, -34.75656248069553556, 7.000000000000000000 ) ) ;
#2806 = DIRECTION ( 'NONE',  ( 1.000000000000000000, 0.000000000000000000, 0.000000000000000000 ) ) ;
#2807 = ORIENTED_EDGE ( 'NONE', *, *, #1545, .F. ) ;
#2808 = EDGE_CURVE ( 'NONE', #304, #1244, #2114, .T. ) ;
#2809 = LINE ( 'NONE', #1498, #364 ) ;
#2810 = CARTESIAN_POINT ( 'NONE',  ( -54.51131989884242302, -17.16560705092706485, 3.627272727272814024 ) ) ;
#2811 = AXIS2_PLACEMENT_3D ( 'NONE', #433, #127, #2315 ) ;
#2812 = ORIENTED_EDGE ( 'NONE', *, *, #1174, .F. ) ;
#2813 = CARTESIAN_POINT ( 'NONE',  ( -52.51131989884235196, 25.98834833250714027, 6.499999999999985789 ) ) ;
#2814 = CARTESIAN_POINT ( 'NONE',  ( 26.78868308413118271, 28.43037995825160991, 0.4999999999999865663 ) ) ;
#2815 = LINE ( 'NONE', #1931, #1645 ) ;
#2816 = DIRECTION ( 'NONE',  ( 0.6965227680166681257, -0.1723718865383728482, -0.6965227680166681257 ) ) ;
#2817 = ORIENTED_EDGE ( 'NONE', *, *, #716, .F. ) ;
#2818 = CARTESIAN_POINT ( 'NONE',  ( -55.71131989884241165, -37.95656248069553840, 0.000000000000000000 ) ) ;
#2819 = LINE ( 'NONE', #1793, #189 ) ;
#2820 = EDGE_CURVE ( 'NONE', #2310, #2769, #15, .T. ) ;
#2821 = VERTEX_POINT ( 'NONE', #77 ) ;
#2822 = LINE ( 'NONE', #23, #1181 ) ;
#2823 = CARTESIAN_POINT ( 'NONE',  ( -55.09710633646930233, 12.83439294907292805, 5.798753772819322805 ) ) ;
#2824 = EDGE_CURVE ( 'NONE', #1353, #2337, #2481, .T. ) ;
#2825 = AXIS2_PLACEMENT_3D ( 'NONE', #975, #2522, #2276 ) ;
#2826 = ORIENTED_EDGE ( 'NONE', *, *, #184, .T. ) ;
#2827 = CARTESIAN_POINT ( 'NONE',  ( -36.97194292656563874, -35.37465162115807971, 0.4999999999999865663 ) ) ;
#2828 = VECTOR ( 'NONE', #2044, 1000.000000000000000 ) ;
#2829 = DIRECTION ( 'NONE',  ( -0.000000000000000000, 0.000000000000000000, -1.000000000000000000 ) ) ;
#2830 = AXIS2_PLACEMENT_3D ( 'NONE', #442, #231, #1954 ) ;
#2831 = DIRECTION ( 'NONE',  ( -0.000000000000000000, 0.000000000000000000, 1.000000000000000000 ) ) ;
ENDSEC;
END-ISO-10303-21;
