ISO-10303-21;
HEADER;
FILE_DESCRIPTION (( 'STEP AP214' ),
    '1' );
FILE_NAME ('cable_box.STEP',
    '2026-01-23T00:52:28',
    ( '' ),
    ( '' ),
    'SwSTEP 2.0',
    'SolidWorks 2025',
    '' );
FILE_SCHEMA (( 'AUTOMOTIVE_DESIGN' ));
ENDSEC;

DATA;
#1 = EDGE_CURVE ( 'NONE', #2573, #4809, #3031, .T. ) ;
#2 = ORIENTED_EDGE ( 'NONE', *, *, #979, .F. ) ;
#3 = CARTESIAN_POINT ( 'NONE',  ( -56.21131989884241165, 39.50000000000000000, 35.95656248069552419 ) ) ;
#4 = ADVANCED_FACE ( 'NONE', ( #4423 ), #620, .F. ) ;
#5 = CARTESIAN_POINT ( 'NONE',  ( -4.811316915868822264, 11.50000000000000000, -19.42534837884203824 ) ) ;
#6 = EDGE_CURVE ( 'NONE', #2419, #2083, #4923, .T. ) ;
#7 = LINE ( 'NONE', #38, #812 ) ;
#8 = AXIS2_PLACEMENT_3D ( 'NONE', #4400, #2474, #4429 ) ;
#9 = FACE_BOUND ( 'NONE', #2887, .T. ) ;
#10 = VECTOR ( 'NONE', #1953, 1000.000000000000114 ) ;
#11 = CARTESIAN_POINT ( 'NONE',  ( -10.99034142024715699, 39.04007931791591801, -33.11193697895924259 ) ) ;
#12 = ORIENTED_EDGE ( 'NONE', *, *, #2970, .T. ) ;
#13 = FACE_OUTER_BOUND ( 'NONE', #2241, .T. ) ;
#14 = EDGE_LOOP ( 'NONE', ( #5897, #756, #4109, #4348 ) ) ;
#15 = AXIS2_PLACEMENT_3D ( 'NONE', #4218, #1204, #6009 ) ;
#16 = VECTOR ( 'NONE', #3849, 1000.000000000000000 ) ;
#17 = FACE_OUTER_BOUND ( 'NONE', #459, .T. ) ;
#18 = PLANE ( 'NONE',  #738 ) ;
#19 = CARTESIAN_POINT ( 'NONE',  ( -21.79293404923228294, 39.01813077758239245, -33.92157131621102906 ) ) ;
#20 = EDGE_LOOP ( 'NONE', ( #1407, #1227, #1533, #1723, #5773, #329, #2897, #2627, #2849, #4754, #687, #3278, #3583, #5916, #3578, #1808, #1206 ) ) ;
#21 = ADVANCED_FACE ( 'NONE', ( #2528 ), #1571, .F. ) ;
#22 = ORIENTED_EDGE ( 'NONE', *, *, #5571, .T. ) ;
#23 = DIRECTION ( 'NONE',  ( 0.000000000000000000, 0.000000000000000000, 1.000000000000000000 ) ) ;
#24 = ORIENTED_EDGE ( 'NONE', *, *, #5867, .T. ) ;
#25 = CARTESIAN_POINT ( 'NONE',  ( 5.049207500472282284, 39.50000000000000000, -33.62534837884204109 ) ) ;
#26 = DIRECTION ( 'NONE',  ( 0.000000000000000000, 0.000000000000000000, -1.000000000000000000 ) ) ;
#27 = DIRECTION ( 'NONE',  ( 0.000000000000000000, -1.000000000000000000, 1.156482317317871725E-16 ) ) ;
#28 = LINE ( 'NONE', #3791, #3444 ) ;
#29 = AXIS2_PLACEMENT_3D ( 'NONE', #3474, #4485, #2932 ) ;
#30 = VERTEX_POINT ( 'NONE', #3944 ) ;
#31 = ADVANCED_FACE ( 'NONE', ( #2497 ), #1034, .F. ) ;
#32 = ADVANCED_FACE ( 'NONE', ( #2565 ), #185, .F. ) ;
#33 = CARTESIAN_POINT ( 'NONE',  ( -3.461318407355619353, 27.50000000000000000, 37.95656248069552419 ) ) ;
#34 = VERTEX_POINT ( 'NONE', #563 ) ;
#35 = ORIENTED_EDGE ( 'NONE', *, *, #2315, .F. ) ;
#36 = LINE ( 'NONE', #2850, #46 ) ;
#37 = DIRECTION ( 'NONE',  ( -0.000000000000000000, 1.000000000000000000, -0.000000000000000000 ) ) ;
#38 = CARTESIAN_POINT ( 'NONE',  ( 5.507537244363045481, -7.818854160231822448, 20.63770832046365200 ) ) ;
#39 = EDGE_CURVE ( 'NONE', #5796, #1622, #1062, .T. ) ;
#40 = DIRECTION ( 'NONE',  ( 0.000000000000000000, 0.000000000000000000, 1.000000000000000000 ) ) ;
#41 = DIRECTION ( 'NONE',  ( 0.000000000000000000, 0.000000000000000000, 1.000000000000000000 ) ) ;
#42 = ORIENTED_EDGE ( 'NONE', *, *, #1194, .T. ) ;
#43 = ORIENTED_EDGE ( 'NONE', *, *, #1550, .T. ) ;
#44 = CYLINDRICAL_SURFACE ( 'NONE', #650, 0.5000000000000004441 ) ;
#45 = CARTESIAN_POINT ( 'NONE',  ( -25.91131840735561553, 2.500000000000000000, -21.42534837884203824 ) ) ;
#46 = VECTOR ( 'NONE', #3352, 1000.000000000000000 ) ;
#47 = CIRCLE ( 'NONE', #850, 69.50000000000042633 ) ;
#48 = CARTESIAN_POINT ( 'NONE',  ( -22.02423602492866195, 39.01300096871672451, -34.01702173562221532 ) ) ;
#49 = ORIENTED_EDGE ( 'NONE', *, *, #983, .T. ) ;
#50 = VERTEX_POINT ( 'NONE', #4015 ) ;
#51 = CARTESIAN_POINT ( 'NONE',  ( -11.00538364511715983, 39.04050069571866999, -33.08484768312359137 ) ) ;
#52 = AXIS2_PLACEMENT_3D ( 'NONE', #1046, #6207, #77 ) ;
#53 = ORIENTED_EDGE ( 'NONE', *, *, #729, .T. ) ;
#54 = FACE_OUTER_BOUND ( 'NONE', #5001, .T. ) ;
#55 = FACE_BOUND ( 'NONE', #349, .T. ) ;
#56 = FACE_OUTER_BOUND ( 'NONE', #174, .T. ) ;
#57 = VECTOR ( 'NONE', #5573, 1000.000000000000114 ) ;
#58 = CARTESIAN_POINT ( 'NONE',  ( -22.29979517294442104, 39.00724992933847801, -34.09070301405919423 ) ) ;
#59 = VECTOR ( 'NONE', #2738, 1000.000000000000000 ) ;
#60 = ORIENTED_EDGE ( 'NONE', *, *, #4699, .F. ) ;
#61 = EDGE_CURVE ( 'NONE', #2314, #192, #1098, .T. ) ;
#62 = CIRCLE ( 'NONE', #4566, 5.000000000000000000 ) ;
#63 = DIRECTION ( 'NONE',  ( -0.000000000000000000, -1.000000000000000000, -0.000000000000000000 ) ) ;
#64 = CONICAL_SURFACE ( 'NONE', #874, 5.500000000000009770, 0.7853981633974439491 ) ;
#65 = ORIENTED_EDGE ( 'NONE', *, *, #794, .T. ) ;
#66 = EDGE_LOOP ( 'NONE', ( #1527, #633, #1480, #3052 ) ) ;
#67 = ADVANCED_FACE ( 'NONE', ( #3439 ), #456, .F. ) ;
#68 = EDGE_CURVE ( 'NONE', #1733, #1572, #4452, .T. ) ;
#69 = CARTESIAN_POINT ( 'NONE',  ( 22.97404909036450249, 37.00000000000000000, -10.83439294907367412 ) ) ;
#70 = CARTESIAN_POINT ( 'NONE',  ( -56.21131989884242586, 9.500000000000000000, 17.16560705092670958 ) ) ;
#71 = FACE_BOUND ( 'NONE', #4709, .T. ) ;
#72 = FACE_OUTER_BOUND ( 'NONE', #2075, .T. ) ;
#73 = ORIENTED_EDGE ( 'NONE', *, *, #5853, .F. ) ;
#74 = ORIENTED_EDGE ( 'NONE', *, *, #965, .F. ) ;
#75 = DIRECTION ( 'NONE',  ( 6.935401363418760262E-15, 0.000000000000000000, 1.000000000000000000 ) ) ;
#76 = VECTOR ( 'NONE', #1583, 1000.000000000000000 ) ;
#77 = DIRECTION ( 'NONE',  ( -1.000000000000000000, 0.000000000000000000, -6.938893903907222067E-15 ) ) ;
#78 = LINE ( 'NONE', #5554, #2677 ) ;
#79 = EDGE_LOOP ( 'NONE', ( #2615, #839, #2349, #4236 ) ) ;
#80 = ORIENTED_EDGE ( 'NONE', *, *, #796, .F. ) ;
#81 = CARTESIAN_POINT ( 'NONE',  ( -27.11131989884241023, 11.50000000000000000, -18.92534837884203824 ) ) ;
#82 = EDGE_CURVE ( 'NONE', #2199, #5002, #526, .T. ) ;
#83 = ORIENTED_EDGE ( 'NONE', *, *, #4221, .T. ) ;
#84 = FACE_OUTER_BOUND ( 'NONE', #3378, .T. ) ;
#85 = DIRECTION ( 'NONE',  ( 0.000000000000000000, 1.000000000000000000, -0.000000000000000000 ) ) ;
#86 = EDGE_CURVE ( 'NONE', #2546, #3381, #5268, .T. ) ;
#87 = DIRECTION ( 'NONE',  ( -0.7071067811865475727, -4.088782444488998195E-16, -0.7071067811865475727 ) ) ;
#88 = DIRECTION ( 'NONE',  ( 0.000000000000000000, 0.000000000000000000, 1.000000000000000000 ) ) ;
#89 = AXIS2_PLACEMENT_3D ( 'NONE', #3262, #5712, #5185 ) ;
#90 = VERTEX_POINT ( 'NONE', #2369 ) ;
#91 = CARTESIAN_POINT ( 'NONE',  ( -15.96131840735561624, 3.000000000000000000, -27.12534837884204109 ) ) ;
#92 = ADVANCED_FACE ( 'NONE', ( #5707 ), #753, .T. ) ;
#93 = AXIS2_PLACEMENT_3D ( 'NONE', #1150, #140, #2520 ) ;
#94 = DIRECTION ( 'NONE',  ( 1.000000000000000000, -0.000000000000000000, -0.000000000000000000 ) ) ;
#95 = VERTEX_POINT ( 'NONE', #2460 ) ;
#96 = DIRECTION ( 'NONE',  ( 1.000000000000000000, -0.000000000000000000, -0.000000000000000000 ) ) ;
#97 = LINE ( 'NONE', #4864, #3208 ) ;
#98 = CARTESIAN_POINT ( 'NONE',  ( 23.78868308413118271, 39.00000000000000000, 35.45656248069552419 ) ) ;
#99 = CARTESIAN_POINT ( 'NONE',  ( -10.21131840735561447, 11.50000000000000000, -31.12534837884203753 ) ) ;
#100 = EDGE_CURVE ( 'NONE', #6076, #977, #3847, .T. ) ;
#101 = ORIENTED_EDGE ( 'NONE', *, *, #4265, .F. ) ;
#102 = ADVANCED_FACE ( 'NONE', ( #54 ), #2835, .T. ) ;
#103 = VERTEX_POINT ( 'NONE', #4881 ) ;
#104 = CARTESIAN_POINT ( 'NONE',  ( -56.21131989884242586, -1.484274849911243752E-15, -12.83439294907329575 ) ) ;
#105 = CARTESIAN_POINT ( 'NONE',  ( -36.97194292656563874, 2.500000000000000000, 35.37465162115807971 ) ) ;
#106 = LINE ( 'NONE', #4874, #2977 ) ;
#107 = VERTEX_POINT ( 'NONE', #5237 ) ;
#108 = CARTESIAN_POINT ( 'NONE',  ( 24.28868308413120047, 4.499999999999999112, 12.16560705092670780 ) ) ;
#109 = CIRCLE ( 'NONE', #1913, 2.500000000000002220 ) ;
#110 = VECTOR ( 'NONE', #4822, 1000.000000000000114 ) ;
#111 = ORIENTED_EDGE ( 'NONE', *, *, #1191, .T. ) ;
#112 = ORIENTED_EDGE ( 'NONE', *, *, #3033, .F. ) ;
#113 = CARTESIAN_POINT ( 'NONE',  ( -37.11131989884241733, 2.000000000000001776, -26.12534837884203753 ) ) ;
#114 = FACE_OUTER_BOUND ( 'NONE', #589, .T. ) ;
#115 = CARTESIAN_POINT ( 'NONE',  ( -28.46131840735561980, 28.00000000000000000, 35.45656248069552419 ) ) ;
#116 = LINE ( 'NONE', #4538, #5859 ) ;
#117 = ADVANCED_FACE ( 'NONE', ( #1908 ), #1998, .F. ) ;
#118 = ORIENTED_EDGE ( 'NONE', *, *, #1180, .T. ) ;
#119 = LINE ( 'NONE', #3941, #5222 ) ;
#120 = CARTESIAN_POINT ( 'NONE',  ( -56.55670532616316848, 0.5000000000000004441, -31.30883270405823637 ) ) ;
#121 = DIRECTION ( 'NONE',  ( 1.000000000000000000, -0.000000000000000000, -0.000000000000000000 ) ) ;
#122 = ORIENTED_EDGE ( 'NONE', *, *, #3240, .F. ) ;
#123 = LINE ( 'NONE', #3920, #947 ) ;
#124 = PLANE ( 'NONE',  #4918 ) ;
#125 = CYLINDRICAL_SURFACE ( 'NONE', #1566, 3.000000000000002665 ) ;
#126 = CARTESIAN_POINT ( 'NONE',  ( 26.28868308413118271, 0.000000000000000000, -28.43037995825160991 ) ) ;
#127 = EDGE_LOOP ( 'NONE', ( #4367, #324 ) ) ;
#128 = CARTESIAN_POINT ( 'NONE',  ( -5.699805706780941653E-15, 11.50000000000001066, -31.12534837884210859 ) ) ;
#129 = ORIENTED_EDGE ( 'NONE', *, *, #5104, .F. ) ;
#130 = FACE_OUTER_BOUND ( 'NONE', #3919, .T. ) ;
#131 = DIRECTION ( 'NONE',  ( -0.7071067811865475727, 0.7071067811865475727, -0.000000000000000000 ) ) ;
#132 = EDGE_CURVE ( 'NONE', #992, #4001, #937, .T. ) ;
#133 = CARTESIAN_POINT ( 'NONE',  ( 5.188683084131174184, 2.000000000000001776, 30.45656248069552063 ) ) ;
#134 = EDGE_LOOP ( 'NONE', ( #4622, #2896, #829, #4096 ) ) ;
#135 = CARTESIAN_POINT ( 'NONE',  ( -55.71131989884275271, 38.59999999999999432, 15.16560705092632055 ) ) ;
#136 = ORIENTED_EDGE ( 'NONE', *, *, #736, .T. ) ;
#137 = DIRECTION ( 'NONE',  ( 0.000000000000000000, 0.000000000000000000, -1.000000000000000000 ) ) ;
#138 = ORIENTED_EDGE ( 'NONE', *, *, #1789, .T. ) ;
#139 = CARTESIAN_POINT ( 'NONE',  ( 24.28868308413120047, 9.499999999999998224, -12.83439294907329753 ) ) ;
#140 = DIRECTION ( 'NONE',  ( -0.000000000000000000, 1.000000000000000000, -0.000000000000000000 ) ) ;
#141 = CARTESIAN_POINT ( 'NONE',  ( -3.461318407355619353, 22.50000000000000000, 37.95656248069552419 ) ) ;
#142 = DIRECTION ( 'NONE',  ( -1.395336702878296385E-14, 0.000000000000000000, 1.000000000000000000 ) ) ;
#143 = VECTOR ( 'NONE', #4345, 1000.000000000000000 ) ;
#144 = ORIENTED_EDGE ( 'NONE', *, *, #3355, .T. ) ;
#145 = CARTESIAN_POINT ( 'NONE',  ( 26.28868308413116850, 14.49999999999999467, -7.834392949073296641 ) ) ;
#146 = VECTOR ( 'NONE', #1152, 1000.000000000000000 ) ;
#147 = VECTOR ( 'NONE', #4495, 999.9999999999998863 ) ;
#148 = ADVANCED_FACE ( 'NONE', ( #84 ), #5767, .F. ) ;
#149 = DIRECTION ( 'NONE',  ( 0.000000000000000000, 1.000000000000000000, 0.000000000000000000 ) ) ;
#150 = AXIS2_PLACEMENT_3D ( 'NONE', #997, #2428, #4352 ) ;
#151 = VECTOR ( 'NONE', #3797, 1000.000000000000000 ) ;
#152 = LINE ( 'NONE', #2968, #6186 ) ;
#153 = EDGE_LOOP ( 'NONE', ( #5599, #111, #1596, #1800 ) ) ;
#154 = EDGE_CURVE ( 'NONE', #4962, #1622, #2927, .T. ) ;
#155 = VERTEX_POINT ( 'NONE', #1475 ) ;
#156 = CONICAL_SURFACE ( 'NONE', #3658, 5.500000000000009770, 0.7853981633974439491 ) ;
#157 = EDGE_CURVE ( 'NONE', #3307, #3267, #580, .T. ) ;
#158 = CONICAL_SURFACE ( 'NONE', #3663, 5.500000000000011546, 0.7853981633974457255 ) ;
#159 = CARTESIAN_POINT ( 'NONE',  ( -58.21131989884239744, 14.49999999999999645, 17.16560705092670602 ) ) ;
#160 = LINE ( 'NONE', #5468, #4059 ) ;
#161 = ADVANCED_FACE ( 'NONE', ( #490 ), #4843, .T. ) ;
#162 = LINE ( 'NONE', #3448, #2559 ) ;
#163 = DIRECTION ( 'NONE',  ( 0.000000000000000000, -1.000000000000000000, 0.000000000000000000 ) ) ;
#164 = VECTOR ( 'NONE', #4634, 1000.000000000000000 ) ;
#165 = ORIENTED_EDGE ( 'NONE', *, *, #2258, .T. ) ;
#166 = ORIENTED_EDGE ( 'NONE', *, *, #5330, .T. ) ;
#167 = FACE_OUTER_BOUND ( 'NONE', #4219, .T. ) ;
#168 = DIRECTION ( 'NONE',  ( 1.000000000000000000, -0.000000000000000000, -0.000000000000000000 ) ) ;
#169 = ADVANCED_FACE ( 'NONE', ( #3430 ), #6214, .F. ) ;
#170 = DIRECTION ( 'NONE',  ( -0.1992592561249330041, 0.7071067811865459074, -0.6784509922231234391 ) ) ;
#171 = VERTEX_POINT ( 'NONE', #3374 ) ;
#172 = CARTESIAN_POINT ( 'NONE',  ( 23.78868308413133903, 35.39999999999999858, -10.83439294907367945 ) ) ;
#173 = VERTEX_POINT ( 'NONE', #25 ) ;
#174 = EDGE_LOOP ( 'NONE', ( #5548, #241, #3857, #4283 ) ) ;
#175 = VECTOR ( 'NONE', #724, 1000.000000000000114 ) ;
#176 = CARTESIAN_POINT ( 'NONE',  ( -58.21131989884239744, 4.499999999999999112, -7.834392949073296641 ) ) ;
#177 = CARTESIAN_POINT ( 'NONE',  ( 26.78868308413118271, 39.50000000000000000, -28.43037995825160991 ) ) ;
#178 = CARTESIAN_POINT ( 'NONE',  ( 23.78868308413118271, 2.500000000000000000, 35.45656248069552419 ) ) ;
#179 = ORIENTED_EDGE ( 'NONE', *, *, #436, .F. ) ;
#180 = DIRECTION ( 'NONE',  ( 0.000000000000000000, -1.000000000000000000, -0.000000000000000000 ) ) ;
#181 = EDGE_CURVE ( 'NONE', #5058, #3719, #3253, .T. ) ;
#182 = CARTESIAN_POINT ( 'NONE',  ( -10.49631514403453458, 39.02687729818742923, -33.68958432134977699 ) ) ;
#183 = CARTESIAN_POINT ( 'NONE',  ( 26.28868308413118626, 39.50000000000000000, 35.45656248069552419 ) ) ;
#184 = EDGE_LOOP ( 'NONE', ( #136, #976, #4930, #1674 ) ) ;
#185 = CYLINDRICAL_SURFACE ( 'NONE', #1256, 2.499999999999998668 ) ;
#186 = CARTESIAN_POINT ( 'NONE',  ( -55.71131989884241165, 14.49999999999999467, -7.834392949073296641 ) ) ;
#187 = AXIS2_PLACEMENT_3D ( 'NONE', #4910, #5453, #704 ) ;
#188 = LINE ( 'NONE', #3540, #1359 ) ;
#189 = FACE_OUTER_BOUND ( 'NONE', #5190, .T. ) ;
#190 = EDGE_CURVE ( 'NONE', #5519, #1806, #2253, .T. ) ;
#191 = DIRECTION ( 'NONE',  ( -1.000000000000000000, 0.000000000000000000, -6.938893903907222067E-15 ) ) ;
#192 = VERTEX_POINT ( 'NONE', #5737 ) ;
#193 = EDGE_LOOP ( 'NONE', ( #2625, #2329, #2306, #5813 ) ) ;
#194 = EDGE_CURVE ( 'NONE', #4137, #2546, #3756, .T. ) ;
#195 = CARTESIAN_POINT ( 'NONE',  ( -58.71131989884241165, 38.99999999999999289, 35.45656248069552419 ) ) ;
#196 = EDGE_CURVE ( 'NONE', #2321, #2096, #3341, .T. ) ;
#197 = CYLINDRICAL_SURFACE ( 'NONE', #887, 5.000000000000000000 ) ;
#198 = FACE_OUTER_BOUND ( 'NONE', #3595, .T. ) ;
#199 = ORIENTED_EDGE ( 'NONE', *, *, #4644, .F. ) ;
#200 = FACE_OUTER_BOUND ( 'NONE', #4655, .T. ) ;
#201 = ORIENTED_EDGE ( 'NONE', *, *, #2245, .F. ) ;
#202 = LINE ( 'NONE', #672, #3866 ) ;
#203 = ORIENTED_EDGE ( 'NONE', *, *, #1295, .F. ) ;
#204 = LINE ( 'NONE', #1089, #3953 ) ;
#205 = FACE_OUTER_BOUND ( 'NONE', #792, .T. ) ;
#206 = CARTESIAN_POINT ( 'NONE',  ( 26.78868308413118271, 9.500000000000000000, 17.66560705092671668 ) ) ;
#207 = CARTESIAN_POINT ( 'NONE',  ( -8.511318407355615179, 11.50000000000000000, -19.42534837884203824 ) ) ;
#208 = AXIS2_PLACEMENT_3D ( 'NONE', #1607, #4373, #3517 ) ;
#209 = AXIS2_PLACEMENT_3D ( 'NONE', #5091, #865, #4248 ) ;
#210 = EDGE_LOOP ( 'NONE', ( #4668, #1007, #1113, #3397 ) ) ;
#211 = CARTESIAN_POINT ( 'NONE',  ( -54.53191730300587636, 36.65802943555933524, 15.16560705092632766 ) ) ;
#212 = VECTOR ( 'NONE', #4623, 1000.000000000000000 ) ;
#213 = AXIS2_PLACEMENT_3D ( 'NONE', #2155, #776, #1790 ) ;
#214 = CARTESIAN_POINT ( 'NONE',  ( -10.86833795366588618, 39.03664523761258209, -33.30221602652188295 ) ) ;
#215 = DIRECTION ( 'NONE',  ( -0.000000000000000000, -1.000000000000000000, -0.000000000000000000 ) ) ;
#216 = EDGE_CURVE ( 'NONE', #1815, #5632, #4908, .T. ) ;
#217 = EDGE_LOOP ( 'NONE', ( #3680, #4717, #4778, #418 ) ) ;
#218 = DIRECTION ( 'NONE',  ( 0.000000000000000000, 9.462128050782567119E-16, -1.000000000000000000 ) ) ;
#219 = DIRECTION ( 'NONE',  ( 1.000000000000000000, 0.000000000000000000, 0.000000000000000000 ) ) ;
#220 = PLANE ( 'NONE',  #6192 ) ;
#221 = LINE ( 'NONE', #4114, #4718 ) ;
#222 = EDGE_LOOP ( 'NONE', ( #5697, #5715, #602, #3889 ) ) ;
#223 = VERTEX_POINT ( 'NONE', #5948 ) ;
#224 = EDGE_CURVE ( 'NONE', #3999, #5787, #2942, .T. ) ;
#225 = LINE ( 'NONE', #2982, #5158 ) ;
#226 = DIRECTION ( 'NONE',  ( -0.000000000000000000, -1.000000000000000000, -0.000000000000000000 ) ) ;
#227 = ORIENTED_EDGE ( 'NONE', *, *, #3016, .T. ) ;
#228 = DIRECTION ( 'NONE',  ( 0.000000000000000000, 0.000000000000000000, 1.000000000000000000 ) ) ;
#229 = ORIENTED_EDGE ( 'NONE', *, *, #181, .T. ) ;
#230 = ORIENTED_EDGE ( 'NONE', *, *, #3913, .T. ) ;
#231 = EDGE_CURVE ( 'NONE', #786, #1306, #5390, .T. ) ;
#232 = DIRECTION ( 'NONE',  ( 0.6839411288813307399, -0.7295372041400842722, 4.745794929826089353E-15 ) ) ;
#233 = DIRECTION ( 'NONE',  ( -0.000000000000000000, -0.7071067811865475727, 0.7071067811865475727 ) ) ;
#234 = DIRECTION ( 'NONE',  ( -7.756454450290232216E-15, -0.8290375725550414021, 0.5591929034707473489 ) ) ;
#235 = ORIENTED_EDGE ( 'NONE', *, *, #5481, .T. ) ;
#236 = FACE_OUTER_BOUND ( 'NONE', #4890, .T. ) ;
#237 = DIRECTION ( 'NONE',  ( 0.000000000000000000, 0.000000000000000000, 1.000000000000000000 ) ) ;
#238 = ADVANCED_FACE ( 'NONE', ( #4975 ), #5452, .F. ) ;
#239 = DIRECTION ( 'NONE',  ( -0.7071067811865501263, 0.7071067811865449082, 8.671568101627234233E-17 ) ) ;
#240 = CONICAL_SURFACE ( 'NONE', #5361, 2.500000000000002220, 0.7853981633974387311 ) ;
#241 = ORIENTED_EDGE ( 'NONE', *, *, #3064, .T. ) ;
#242 = ADVANCED_FACE ( 'NONE', ( #676 ), #5861, .F. ) ;
#243 = VECTOR ( 'NONE', #2472, 1000.000000000000000 ) ;
#244 = AXIS2_PLACEMENT_3D ( 'NONE', #1845, #1309, #6084 ) ;
#245 = CARTESIAN_POINT ( 'NONE',  ( -3.674212271570409971, 13.33710613578520388, -19.08824224305683259 ) ) ;
#246 = LINE ( 'NONE', #279, #2150 ) ;
#247 = CARTESIAN_POINT ( 'NONE',  ( -56.21131989884242586, 9.499999999999998224, -7.834392949073296641 ) ) ;
#248 = VECTOR ( 'NONE', #4487, 1000.000000000000114 ) ;
#249 = VECTOR ( 'NONE', #3075, 1000.000000000000000 ) ;
#250 = CARTESIAN_POINT ( 'NONE',  ( -25.91131840735561553, 11.00000000000000000, -23.42534837884203824 ) ) ;
#251 = ORIENTED_EDGE ( 'NONE', *, *, #3029, .T. ) ;
#252 = CARTESIAN_POINT ( 'NONE',  ( -58.71131989884241165, 4.499999999999999112, -7.834392949073296641 ) ) ;
#253 = ORIENTED_EDGE ( 'NONE', *, *, #4194, .T. ) ;
#254 = EDGE_CURVE ( 'NONE', #3102, #5519, #2584, .T. ) ;
#255 = DIRECTION ( 'NONE',  ( -1.000000000000000000, 0.000000000000000000, -1.395336702878296543E-14 ) ) ;
#256 = DIRECTION ( 'NONE',  ( -1.000000000000000000, 0.000000000000000000, 0.000000000000000000 ) ) ;
#257 = CONICAL_SURFACE ( 'NONE', #5875, 2.499999999999998668, 0.7853981633974487231 ) ;
#258 = ORIENTED_EDGE ( 'NONE', *, *, #881, .F. ) ;
#259 = DIRECTION ( 'NONE',  ( 0.000000000000000000, 1.000000000000000000, 0.000000000000000000 ) ) ;
#260 = VERTEX_POINT ( 'NONE', #2145 ) ;
#261 = VECTOR ( 'NONE', #1355, 1000.000000000000000 ) ;
#262 = DIRECTION ( 'NONE',  ( 0.000000000000000000, 0.000000000000000000, -1.000000000000000000 ) ) ;
#263 = ORIENTED_EDGE ( 'NONE', *, *, #4425, .T. ) ;
#264 = DIRECTION ( 'NONE',  ( 0.5773502691896258421, -0.5773502691896257311, -0.5773502691896257311 ) ) ;
#265 = DIRECTION ( 'NONE',  ( 1.000000000000000000, -0.000000000000000000, -0.000000000000000000 ) ) ;
#266 = CARTESIAN_POINT ( 'NONE',  ( -10.25433725822386677, 39.02101241773466000, -33.85453200911251059 ) ) ;
#267 = ORIENTED_EDGE ( 'NONE', *, *, #4775, .T. ) ;
#268 = EDGE_CURVE ( 'NONE', #2769, #3369, #610, .T. ) ;
#269 = CARTESIAN_POINT ( 'NONE',  ( 38.28868010115761678, 7.940688408169488846E-15, 17.16560705092671313 ) ) ;
#270 = ORIENTED_EDGE ( 'NONE', *, *, #1600, .T. ) ;
#271 = CARTESIAN_POINT ( 'NONE',  ( -28.46131840735561980, 17.50000000000000000, 35.45656248069552419 ) ) ;
#272 = EDGE_CURVE ( 'NONE', #3533, #5095, #204, .T. ) ;
#273 = CARTESIAN_POINT ( 'NONE',  ( -33.46131840735562690, 27.50000000000000000, 37.95656248069552419 ) ) ;
#274 = AXIS2_PLACEMENT_3D ( 'NONE', #3459, #5941, #5504 ) ;
#275 = CARTESIAN_POINT ( 'NONE',  ( -21.53253539260736105, 39.49999999999999289, -33.10282358471616959 ) ) ;
#276 = ORIENTED_EDGE ( 'NONE', *, *, #231, .F. ) ;
#277 = AXIS2_PLACEMENT_3D ( 'NONE', #783, #5215, #1828 ) ;
#278 = DIRECTION ( 'NONE',  ( 0.000000000000000000, 0.000000000000000000, 1.000000000000000000 ) ) ;
#279 = CARTESIAN_POINT ( 'NONE',  ( -55.71131989884257507, 38.59999999999999432, -10.83439294907367945 ) ) ;
#280 = CARTESIAN_POINT ( 'NONE',  ( -10.18583707902978830, 39.50000000000000711, -33.29852533572288564 ) ) ;
#281 = CARTESIAN_POINT ( 'NONE',  ( 5.049207500472286725, 39.50000000000000000, 37.95656248069552419 ) ) ;
#282 = ORIENTED_EDGE ( 'NONE', *, *, #4230, .T. ) ;
#283 = CARTESIAN_POINT ( 'NONE',  ( -9.011318407355615179, 2.500000000000000000, -21.42534837884203824 ) ) ;
#284 = EDGE_LOOP ( 'NONE', ( #2186, #4124, #112, #1327 ) ) ;
#285 = FACE_OUTER_BOUND ( 'NONE', #5494, .T. ) ;
#286 = CARTESIAN_POINT ( 'NONE',  ( 24.28868308413118626, 39.50000000000000000, 35.95656248069552419 ) ) ;
#287 = ADVANCED_FACE ( 'NONE', ( #2519 ), #2119, .T. ) ;
#288 = ORIENTED_EDGE ( 'NONE', *, *, #5106, .T. ) ;
#289 = DIRECTION ( 'NONE',  ( 0.1992592561249322825, 0.7071067811865530128, 0.6784509922231161116 ) ) ;
#290 = EDGE_CURVE ( 'NONE', #4809, #5204, #1685, .T. ) ;
#291 = ORIENTED_EDGE ( 'NONE', *, *, #4192, .T. ) ;
#292 = ORIENTED_EDGE ( 'NONE', *, *, #4138, .F. ) ;
#293 = CARTESIAN_POINT ( 'NONE',  ( 5.049207500473243293, 39.50000000000000000, -33.62534837884204109 ) ) ;
#294 = DIRECTION ( 'NONE',  ( 0.000000000000000000, -1.156482317317871725E-16, -1.000000000000000000 ) ) ;
#295 = DIRECTION ( 'NONE',  ( 0.000000000000000000, 0.000000000000000000, -1.000000000000000000 ) ) ;
#296 = ORIENTED_EDGE ( 'NONE', *, *, #1691, .F. ) ;
#297 = DIRECTION ( 'NONE',  ( 0.000000000000000000, 0.000000000000000000, 1.000000000000000000 ) ) ;
#298 = ORIENTED_EDGE ( 'NONE', *, *, #2679, .F. ) ;
#299 = CARTESIAN_POINT ( 'NONE',  ( 17.78868308413117916, 0.9499999999999836353, 25.45656248069551708 ) ) ;
#300 = AXIS2_PLACEMENT_3D ( 'NONE', #5591, #3633, #2192 ) ;
#301 = EDGE_CURVE ( 'NONE', #1815, #1172, #3587, .T. ) ;
#302 = AXIS2_PLACEMENT_3D ( 'NONE', #520, #5825, #1530 ) ;
#303 = DIRECTION ( 'NONE',  ( -1.000000000000000000, 0.000000000000000000, 0.000000000000000000 ) ) ;
#304 = CARTESIAN_POINT ( 'NONE',  ( -21.55924884216967996, 39.50000000000000711, -33.13298523520307981 ) ) ;
#305 = CIRCLE ( 'NONE', #1615, 69.00000000000042633 ) ;
#306 = ORIENTED_EDGE ( 'NONE', *, *, #927, .T. ) ;
#307 = AXIS2_PLACEMENT_3D ( 'NONE', #1776, #3200, #5127 ) ;
#308 =( GEOMETRIC_REPRESENTATION_CONTEXT ( 3 ) GLOBAL_UNCERTAINTY_ASSIGNED_CONTEXT ( ( #1587 ) ) GLOBAL_UNIT_ASSIGNED_CONTEXT ( ( #5546, #1243, #6054 ) ) REPRESENTATION_CONTEXT ( 'NONE', 'WORKASPACE' ) );
#309 = CARTESIAN_POINT ( 'NONE',  ( 23.95524351956865772, 39.16656043543746790, -28.55505686141411914 ) ) ;
#310 = FACE_OUTER_BOUND ( 'NONE', #316, .T. ) ;
#311 = CARTESIAN_POINT ( 'NONE',  ( -9.356752605582480342, 39.00201817659829118, -34.12533563526064029 ) ) ;
#312 = FACE_OUTER_BOUND ( 'NONE', #5656, .T. ) ;
#313 = LINE ( 'NONE', #6000, #707 ) ;
#314 = VERTEX_POINT ( 'NONE', #176 ) ;
#315 = CARTESIAN_POINT ( 'NONE',  ( 23.78868308413152022, 38.59999999999999432, 15.16560705092632055 ) ) ;
#316 = EDGE_LOOP ( 'NONE', ( #2737, #73, #2634, #1448 ) ) ;
#317 = DIRECTION ( 'NONE',  ( 1.226344921636310289E-16, -0.000000000000000000, -1.000000000000000000 ) ) ;
#318 = DIRECTION ( 'NONE',  ( 0.000000000000000000, 0.000000000000000000, -1.000000000000000000 ) ) ;
#319 = LINE ( 'NONE', #2121, #5230 ) ;
#320 = ORIENTED_EDGE ( 'NONE', *, *, #1720, .F. ) ;
#321 = LINE ( 'NONE', #2234, #3005 ) ;
#322 = VERTEX_POINT ( 'NONE', #1181 ) ;
#323 = LINE ( 'NONE', #3203, #1869 ) ;
#324 = ORIENTED_EDGE ( 'NONE', *, *, #1888, .F. ) ;
#325 = EDGE_CURVE ( 'NONE', #1844, #6180, #3973, .T. ) ;
#326 = CARTESIAN_POINT ( 'NONE',  ( -21.52124203494368615, 39.50000000000000000, -33.09180039038299270 ) ) ;
#327 = LINE ( 'NONE', #5605, #3998 ) ;
#328 = CARTESIAN_POINT ( 'NONE',  ( -9.773697361116175486, 39.01035441102217760, -34.05520732183311594 ) ) ;
#329 = ORIENTED_EDGE ( 'NONE', *, *, #5254, .T. ) ;
#330 = ORIENTED_EDGE ( 'NONE', *, *, #614, .T. ) ;
#331 = CARTESIAN_POINT ( 'NONE',  ( 17.78868308413117916, 2.500000000000000000, 25.45656248069551708 ) ) ;
#332 = EDGE_LOOP ( 'NONE', ( #2030, #3136, #3751, #403 ) ) ;
#333 = EDGE_CURVE ( 'NONE', #2380, #4314, #1960, .T. ) ;
#334 = DIRECTION ( 'NONE',  ( 0.000000000000000000, 1.000000000000000000, -0.000000000000000000 ) ) ;
#335 = CARTESIAN_POINT ( 'NONE',  ( -4.811316915868821376, 0.000000000000000000, -26.62534837884203753 ) ) ;
#336 = CARTESIAN_POINT ( 'NONE',  ( -20.78058845591247916, 39.04449219663846549, -32.77778709583476058 ) ) ;
#337 = VERTEX_POINT ( 'NONE', #1559 ) ;
#338 = ADVANCED_FACE ( 'NONE', ( #3085 ), #1592, .F. ) ;
#339 = LINE ( 'NONE', #816, #5039 ) ;
#340 = AXIS2_PLACEMENT_3D ( 'NONE', #2664, #2723, #5529 ) ;
#341 = DIRECTION ( 'NONE',  ( -0.7071067811865459074, 3.271025955591206543E-16, 0.7071067811865491270 ) ) ;
#342 = CARTESIAN_POINT ( 'NONE',  ( -9.913079880111279607, 39.50000000000000711, -33.47140620396778843 ) ) ;
#343 = EDGE_CURVE ( 'NONE', #5572, #3886, #3498, .T. ) ;
#344 = DIRECTION ( 'NONE',  ( -0.5773502691896236216, 0.5773502691896253980, 0.5773502691896280625 ) ) ;
#345 = EDGE_LOOP ( 'NONE', ( #4438, #478, #973, #2455 ) ) ;
#346 = CARTESIAN_POINT ( 'NONE',  ( -54.39668590507573498, 37.00000000000000000, -10.83439294907366879 ) ) ;
#347 = VECTOR ( 'NONE', #2431, 1000.000000000000000 ) ;
#348 = VECTOR ( 'NONE', #2913, 1000.000000000000000 ) ;
#349 = EDGE_LOOP ( 'NONE', ( #6117, #2493, #4828, #1682, #1642, #5946, #144, #4698 ) ) ;
#350 = DIRECTION ( 'NONE',  ( -0.7071067811865459074, -0.7071067811865492381, -8.671568101627182464E-17 ) ) ;
#351 = EDGE_CURVE ( 'NONE', #1887, #2601, #5416, .T. ) ;
#352 = DIRECTION ( 'NONE',  ( -1.000000000000000000, -0.000000000000000000, -0.000000000000000000 ) ) ;
#353 = AXIS2_PLACEMENT_3D ( 'NONE', #1149, #5003, #1652 ) ;
#354 = LINE ( 'NONE', #416, #1514 ) ;
#355 = ORIENTED_EDGE ( 'NONE', *, *, #4240, .F. ) ;
#356 = DIRECTION ( 'NONE',  ( 0.7071067811865425767, 0.7071067811865525687, 0.000000000000000000 ) ) ;
#357 = ORIENTED_EDGE ( 'NONE', *, *, #1477, .T. ) ;
#358 = CARTESIAN_POINT ( 'NONE',  ( -9.247910475848483358, 39.50000000000000000, -33.62534837884224004 ) ) ;
#359 = ORIENTED_EDGE ( 'NONE', *, *, #4964, .T. ) ;
#360 = VECTOR ( 'NONE', #2898, 1000.000000000000000 ) ;
#361 = CARTESIAN_POINT ( 'NONE',  ( -37.11131989884241733, 2.000000000000001776, -26.12534837884203753 ) ) ;
#362 = CARTESIAN_POINT ( 'NONE',  ( -58.71131989884241165, 20.00000000000000711, 12.16560705092670602 ) ) ;
#363 = EDGE_CURVE ( 'NONE', #4615, #2980, #863, .T. ) ;
#364 = VECTOR ( 'NONE', #1128, 1000.000000000000000 ) ;
#365 = CARTESIAN_POINT ( 'NONE',  ( -10.81809328833631589, 39.03527715891994632, -33.36785920249131010 ) ) ;
#366 = ORIENTED_EDGE ( 'NONE', *, *, #5087, .F. ) ;
#367 = VERTEX_POINT ( 'NONE', #872 ) ;
#368 = CARTESIAN_POINT ( 'NONE',  ( -13.48643453363629341, 3.524883873719320437, -15.95023225256135824 ) ) ;
#369 = ORIENTED_EDGE ( 'NONE', *, *, #5398, .F. ) ;
#370 = VECTOR ( 'NONE', #1114, 1000.000000000000000 ) ;
#371 = DIRECTION ( 'NONE',  ( 0.000000000000000000, 0.000000000000000000, 1.000000000000000000 ) ) ;
#372 = DIRECTION ( 'NONE',  ( 0.000000000000000000, 0.000000000000000000, 1.000000000000000000 ) ) ;
#373 = CARTESIAN_POINT ( 'NONE',  ( -22.67482495024486511, 39.50000000000000000, -33.62534837884243188 ) ) ;
#374 = ORIENTED_EDGE ( 'NONE', *, *, #5304, .F. ) ;
#375 = EDGE_CURVE ( 'NONE', #1748, #3424, #2238, .T. ) ;
#376 = EDGE_CURVE ( 'NONE', #1883, #3914, #5669, .T. ) ;
#377 = CARTESIAN_POINT ( 'NONE',  ( -5.511318407355614291, 11.50000000000000000, -23.92534837884204180 ) ) ;
#378 = DIRECTION ( 'NONE',  ( 0.000000000000000000, -0.000000000000000000, 1.000000000000000000 ) ) ;
#379 = CARTESIAN_POINT ( 'NONE',  ( -10.51157475787497120, 39.49999999999999289, -32.94121548977995673 ) ) ;
#380 = CARTESIAN_POINT ( 'NONE',  ( -36.97194292656568138, 2.500000000000002220, -31.12534837884248162 ) ) ;
#381 = PLANE ( 'NONE',  #5962 ) ;
#382 = ORIENTED_EDGE ( 'NONE', *, *, #3789, .T. ) ;
#383 = LINE ( 'NONE', #3229, #2354 ) ;
#384 = ORIENTED_EDGE ( 'NONE', *, *, #3158, .F. ) ;
#385 = LINE ( 'NONE', #4556, #3445 ) ;
#386 = CARTESIAN_POINT ( 'NONE',  ( 5.188683084131180401, 0.5000000000000004441, -26.12534837884203753 ) ) ;
#387 = EDGE_CURVE ( 'NONE', #3643, #155, #3207, .T. ) ;
#388 = AXIS2_PLACEMENT_3D ( 'NONE', #2954, #1991, #5816 ) ;
#389 = CARTESIAN_POINT ( 'NONE',  ( -3.461318407355619353, 22.50000000000000000, 35.45656248069552419 ) ) ;
#390 = LINE ( 'NONE', #793, #4021 ) ;
#391 = ORIENTED_EDGE ( 'NONE', *, *, #723, .T. ) ;
#392 = ORIENTED_EDGE ( 'NONE', *, *, #5564, .F. ) ;
#393 = CARTESIAN_POINT ( 'NONE',  ( 38.28868010115761678, 9.499999999999998224, 12.16560705092670780 ) ) ;
#394 = LINE ( 'NONE', #362, #4104 ) ;
#395 = CARTESIAN_POINT ( 'NONE',  ( -10.35688514449280362, 39.02346008988151738, -33.79099130256825134 ) ) ;
#396 = ORIENTED_EDGE ( 'NONE', *, *, #2097, .T. ) ;
#397 = EDGE_LOOP ( 'NONE', ( #4043, #2997, #4333, #5610 ) ) ;
#398 = CARTESIAN_POINT ( 'NONE',  ( 38.28868010115761678, 14.49999999999999467, -12.83439294907329753 ) ) ;
#399 = EDGE_LOOP ( 'NONE', ( #5117, #4180, #570, #714 ) ) ;
#400 = LINE ( 'NONE', #5545, #4974 ) ;
#401 = DIRECTION ( 'NONE',  ( 0.000000000000000000, 0.000000000000000000, 1.000000000000000000 ) ) ;
#402 = CARTESIAN_POINT ( 'NONE',  ( -21.83512251251777769, 39.50000000000000711, -33.37072424220022526 ) ) ;
#403 = ORIENTED_EDGE ( 'NONE', *, *, #3192, .F. ) ;
#404 = EDGE_CURVE ( 'NONE', #1765, #1980, #4098, .T. ) ;
#405 = LINE ( 'NONE', #2461, #1997 ) ;
#406 = CARTESIAN_POINT ( 'NONE',  ( -9.011318407355615179, 11.00000000000000000, -21.42534837884203824 ) ) ;
#407 = PLANE ( 'NONE',  #277 ) ;
#408 = AXIS2_PLACEMENT_3D ( 'NONE', #3072, #3008, #626 ) ;
#409 = CIRCLE ( 'NONE', #5421, 3.000000000000002665 ) ;
#410 = CARTESIAN_POINT ( 'NONE',  ( -10.98258652734678620, 39.03985012776189478, -33.12534837884226135 ) ) ;
#411 = VERTEX_POINT ( 'NONE', #5063 ) ;
#412 = DIRECTION ( 'NONE',  ( 5.430604157131410851E-17, 0.000000000000000000, -1.000000000000000000 ) ) ;
#413 = ORIENTED_EDGE ( 'NONE', *, *, #5330, .F. ) ;
#414 = CARTESIAN_POINT ( 'NONE',  ( -28.46131840735561980, 22.50000000000000000, 35.45656248069552419 ) ) ;
#415 = LINE ( 'NONE', #475, #10 ) ;
#416 = CARTESIAN_POINT ( 'NONE',  ( 23.78868308413118271, 39.00000000000000000, 35.45656248069552419 ) ) ;
#417 = DIRECTION ( 'NONE',  ( 0.7071067811865500152, 0.7071067811865451302, 0.000000000000000000 ) ) ;
#418 = ORIENTED_EDGE ( 'NONE', *, *, #3531, .F. ) ;
#419 = EDGE_CURVE ( 'NONE', #3110, #6010, #3239, .T. ) ;
#420 = VERTEX_POINT ( 'NONE', #4692 ) ;
#421 = DIRECTION ( 'NONE',  ( -1.000000000000000000, 0.000000000000000000, 1.226344921636310289E-16 ) ) ;
#422 = FACE_OUTER_BOUND ( 'NONE', #6083, .T. ) ;
#423 = CARTESIAN_POINT ( 'NONE',  ( -21.50348372682158526, 39.02497095452726228, -33.75004252057917853 ) ) ;
#424 = EDGE_LOOP ( 'NONE', ( #3709, #2283, #3828, #4794 ) ) ;
#425 = ADVANCED_FACE ( 'NONE', ( #1303 ), #2704, .T. ) ;
#426 = ORIENTED_EDGE ( 'NONE', *, *, #5223, .T. ) ;
#427 = CARTESIAN_POINT ( 'NONE',  ( -4.311316915868820487, 0.5000000000000004441, -26.12534837884203753 ) ) ;
#428 = ORIENTED_EDGE ( 'NONE', *, *, #1865, .F. ) ;
#429 = DIRECTION ( 'NONE',  ( 0.7071067811865425767, -0.7071067811865525687, 0.000000000000000000 ) ) ;
#430 = ADVANCED_FACE ( 'NONE', ( #4195 ), #3646, .F. ) ;
#431 = CARTESIAN_POINT ( 'NONE',  ( 23.78868308413118271, 39.49999999999999289, 17.66560705092670602 ) ) ;
#432 = EDGE_LOOP ( 'NONE', ( #2319, #1524, #5724, #2987 ) ) ;
#433 = PRODUCT ( 'cable_box', 'cable_box', '', ( #1420 ) ) ;
#434 = EDGE_CURVE ( 'NONE', #5345, #5095, #1273, .T. ) ;
#435 = FACE_OUTER_BOUND ( 'NONE', #1775, .T. ) ;
#436 = EDGE_CURVE ( 'NONE', #5180, #940, #5609, .T. ) ;
#437 = DIRECTION ( 'NONE',  ( -1.000000000000000000, 0.000000000000000000, 0.000000000000000000 ) ) ;
#438 = ORIENTED_EDGE ( 'NONE', *, *, #1709, .F. ) ;
#439 = CARTESIAN_POINT ( 'NONE',  ( -3.461318407355616245, 17.50000000000000000, 35.95656248069552419 ) ) ;
#440 = AXIS2_PLACEMENT_3D ( 'NONE', #4518, #1220, #5038 ) ;
#441 = DIRECTION ( 'NONE',  ( 1.000000000000000000, -0.000000000000000000, 0.000000000000000000 ) ) ;
#442 = DIRECTION ( 'NONE',  ( 0.000000000000000000, -0.000000000000000000, -1.000000000000000000 ) ) ;
#443 = CARTESIAN_POINT ( 'NONE',  ( 17.78868308413117916, 0.000000000000000000, 25.45656248069551708 ) ) ;
#444 = CIRCLE ( 'NONE', #3249, 2.999999999999999112 ) ;
#445 = CARTESIAN_POINT ( 'NONE',  ( -9.011318407355615179, 11.50000000000000000, -21.42534837884203824 ) ) ;
#446 = VECTOR ( 'NONE', #3384, 1000.000000000000000 ) ;
#447 = ORIENTED_EDGE ( 'NONE', *, *, #4144, .F. ) ;
#448 = ADVANCED_FACE ( 'NONE', ( #2733 ), #4593, .F. ) ;
#449 = ORIENTED_EDGE ( 'NONE', *, *, #4077, .T. ) ;
#450 = VECTOR ( 'NONE', #2636, 999.9999999999998863 ) ;
#451 = CIRCLE ( 'NONE', #1056, 67.00000000000000000 ) ;
#452 = PLANE ( 'NONE',  #3350 ) ;
#453 = CARTESIAN_POINT ( 'NONE',  ( -54.53191730300569873, 37.34197056444066476, -10.83439294907367056 ) ) ;
#454 = DIRECTION ( 'NONE',  ( -0.000000000000000000, -1.000000000000000000, -0.000000000000000000 ) ) ;
#455 = ORIENTED_EDGE ( 'NONE', *, *, #494, .T. ) ;
#456 = CONICAL_SURFACE ( 'NONE', #2154, 5.500000000000009770, 0.7853981633974439491 ) ;
#457 = CARTESIAN_POINT ( 'NONE',  ( 5.049207500472286725, 2.500000000000000000, 35.37465162115796602 ) ) ;
#458 = CIRCLE ( 'NONE', #5371, 5.000000000000000000 ) ;
#459 = EDGE_LOOP ( 'NONE', ( #5056, #802, #5266, #2128 ) ) ;
#460 = VECTOR ( 'NONE', #1672, 1000.000000000000000 ) ;
#461 = DIRECTION ( 'NONE',  ( 0.000000000000000000, 0.000000000000000000, -1.000000000000000000 ) ) ;
#462 = CARTESIAN_POINT ( 'NONE',  ( 23.78868308413118626, 0.5000000000000004441, -28.43037995825160991 ) ) ;
#463 = CARTESIAN_POINT ( 'NONE',  ( -10.21131840735561447, 11.50000000000000000, -23.92534837884204180 ) ) ;
#464 = ADVANCED_FACE ( 'NONE', ( #4659 ), #6112, .F. ) ;
#465 = EDGE_LOOP ( 'NONE', ( #4463, #1873, #1071, #2368, #5138, #4097, #2172, #1044 ) ) ;
#466 = VECTOR ( 'NONE', #1719, 999.9999999999998863 ) ;
#467 = EDGE_CURVE ( 'NONE', #2534, #6110, #1840, .T. ) ;
#468 = EDGE_CURVE ( 'NONE', #5002, #3886, #4626, .T. ) ;
#469 = LINE ( 'NONE', #1915, #261 ) ;
#470 = VERTEX_POINT ( 'NONE', #3742 ) ;
#471 = DIRECTION ( 'NONE',  ( -1.000000000000000000, 0.000000000000000000, 0.000000000000000000 ) ) ;
#472 = ORIENTED_EDGE ( 'NONE', *, *, #419, .T. ) ;
#473 = CARTESIAN_POINT ( 'NONE',  ( -55.71131989884241165, 2.500000000000000000, 38.45656248069552419 ) ) ;
#474 = DIRECTION ( 'NONE',  ( 0.6839411288813306289, -0.7295372041400842722, 0.000000000000000000 ) ) ;
#475 = CARTESIAN_POINT ( 'NONE',  ( -10.21131840735561447, 11.00000000000000000, -23.92534837884204180 ) ) ;
#476 = DIRECTION ( 'NONE',  ( 0.000000000000000000, 0.000000000000000000, 1.000000000000000000 ) ) ;
#477 = DIRECTION ( 'NONE',  ( 1.000000000000000000, 0.000000000000000000, 1.387080272683752052E-14 ) ) ;
#478 = ORIENTED_EDGE ( 'NONE', *, *, #5441, .T. ) ;
#479 = ORIENTED_EDGE ( 'NONE', *, *, #1755, .F. ) ;
#480 = FACE_OUTER_BOUND ( 'NONE', #3235, .T. ) ;
#481 = DIRECTION ( 'NONE',  ( 1.000000000000000000, 0.000000000000000000, 2.569959995324641954E-14 ) ) ;
#482 = EDGE_CURVE ( 'NONE', #4232, #367, #2012, .T. ) ;
#483 = EDGE_CURVE ( 'NONE', #1928, #2674, #1464, .T. ) ;
#484 = DIRECTION ( 'NONE',  ( 0.000000000000000000, 0.000000000000000000, -1.000000000000000000 ) ) ;
#485 = ORIENTED_EDGE ( 'NONE', *, *, #965, .T. ) ;
#486 = ORIENTED_EDGE ( 'NONE', *, *, #1039, .F. ) ;
#487 = CARTESIAN_POINT ( 'NONE',  ( 38.28868010115761678, 14.49999999999999467, -7.834392949073296641 ) ) ;
#488 = ORIENTED_EDGE ( 'NONE', *, *, #3174, .F. ) ;
#489 = VECTOR ( 'NONE', #5417, 1000.000000000000000 ) ;
#490 = FACE_OUTER_BOUND ( 'NONE', #5148, .T. ) ;
#491 = LINE ( 'NONE', #1943, #16 ) ;
#492 = CARTESIAN_POINT ( 'NONE',  ( 17.78868308413117916, 0.9499999999999838574, 23.70656248069551353 ) ) ;
#493 = ORIENTED_EDGE ( 'NONE', *, *, #4448, .T. ) ;
#494 = EDGE_CURVE ( 'NONE', #2373, #4410, #1403, .T. ) ;
#495 = FACE_BOUND ( 'NONE', #5130, .T. ) ;
#496 = ORIENTED_EDGE ( 'NONE', *, *, #4050, .F. ) ;
#497 = VERTEX_POINT ( 'NONE', #4806 ) ;
#498 = DIRECTION ( 'NONE',  ( 0.000000000000000000, 0.000000000000000000, 1.000000000000000000 ) ) ;
#499 = DIRECTION ( 'NONE',  ( 1.000000000000000000, 0.000000000000000000, 0.000000000000000000 ) ) ;
#500 = PLANE ( 'NONE',  #2206 ) ;
#501 = VECTOR ( 'NONE', #4645, 1000.000000000000114 ) ;
#502 = AXIS2_PLACEMENT_3D ( 'NONE', #1412, #2837, #4760 ) ;
#503 = DIRECTION ( 'NONE',  ( 1.226344921636310289E-16, 0.000000000000000000, 1.000000000000000000 ) ) ;
#504 = CARTESIAN_POINT ( 'NONE',  ( -10.98258652734678620, 39.03985012776189478, -33.12534837884226135 ) ) ;
#505 = ORIENTED_EDGE ( 'NONE', *, *, #4150, .T. ) ;
#506 = VERTEX_POINT ( 'NONE', #3365 ) ;
#507 = VECTOR ( 'NONE', #4561, 1000.000000000000000 ) ;
#508 = AXIS2_PLACEMENT_3D ( 'NONE', #4011, #5830, #1535 ) ;
#509 = CARTESIAN_POINT ( 'NONE',  ( 23.78868308413133903, 38.59999999999999432, -10.83439294907367945 ) ) ;
#510 = LINE ( 'NONE', #453, #3346 ) ;
#511 = EDGE_CURVE ( 'NONE', #5278, #5058, #3304, .T. ) ;
#512 = DIRECTION ( 'NONE',  ( 0.000000000000000000, 0.000000000000000000, -1.000000000000000000 ) ) ;
#513 = ORIENTED_EDGE ( 'NONE', *, *, #4968, .F. ) ;
#514 = ORIENTED_EDGE ( 'NONE', *, *, #2144, .T. ) ;
#515 = DIRECTION ( 'NONE',  ( -1.000000000000000000, 0.000000000000000000, 0.000000000000000000 ) ) ;
#516 = ORIENTED_EDGE ( 'NONE', *, *, #6125, .F. ) ;
#517 = ADVANCED_FACE ( 'NONE', ( #480 ), #2828, .F. ) ;
#518 = CARTESIAN_POINT ( 'NONE',  ( -56.21131989884242586, 4.499999999999999112, 0.000000000000000000 ) ) ;
#519 = CARTESIAN_POINT ( 'NONE',  ( -36.97194292656563874, 39.50000000000000000, 35.37465162115807971 ) ) ;
#520 = CARTESIAN_POINT ( 'NONE',  ( 5.188683084131180401, -44.50000000000000000, -26.12534837884203753 ) ) ;
#521 = CARTESIAN_POINT ( 'NONE',  ( -22.45864111468274515, 39.00408175962323298, -34.11654796400688383 ) ) ;
#522 = ORIENTED_EDGE ( 'NONE', *, *, #4221, .F. ) ;
#523 = EDGE_CURVE ( 'NONE', #1815, #2366, #2330, .T. ) ;
#524 = CARTESIAN_POINT ( 'NONE',  ( -55.71131989884241165, 2.500000000000000000, 35.45656248069552419 ) ) ;
#525 = ADVANCED_FACE ( 'NONE', ( #4748 ), #3421, .F. ) ;
#526 = LINE ( 'NONE', #2910, #4564 ) ;
#527 = EDGE_LOOP ( 'NONE', ( #3404, #627, #870, #5472 ) ) ;
#528 = LINE ( 'NONE', #1364, #2252 ) ;
#529 = PLANE ( 'NONE',  #5518 ) ;
#530 = ADVANCED_FACE ( 'NONE', ( #987 ), #3559, .F. ) ;
#531 = LINE ( 'NONE', #5749, #1212 ) ;
#532 = CARTESIAN_POINT ( 'NONE',  ( -21.71131840735561980, 11.00000000000000000, -31.12534837884241412 ) ) ;
#533 = ORIENTED_EDGE ( 'NONE', *, *, #1477, .F. ) ;
#534 = VECTOR ( 'NONE', #2974, 1000.000000000000000 ) ;
#535 = EDGE_LOOP ( 'NONE', ( #3571, #5442, #138, #6056 ) ) ;
#536 = ADVANCED_FACE ( 'NONE', ( #4253 ), #2392, .T. ) ;
#537 = CIRCLE ( 'NONE', #1351, 4.999999999999997335 ) ;
#538 = DIRECTION ( 'NONE',  ( 0.000000000000000000, 0.000000000000000000, -1.000000000000000000 ) ) ;
#539 = CARTESIAN_POINT ( 'NONE',  ( 1.538681592644383977, 17.50000000000000355, 35.95656248069552419 ) ) ;
#540 = AXIS2_PLACEMENT_3D ( 'NONE', #5455, #234, #2522 ) ;
#541 = VECTOR ( 'NONE', #1109, 1000.000000000000000 ) ;
#542 = DIRECTION ( 'NONE',  ( 0.000000000000000000, 0.000000000000000000, 1.000000000000000000 ) ) ;
#543 = ORIENTED_EDGE ( 'NONE', *, *, #6087, .T. ) ;
#544 = EDGE_LOOP ( 'NONE', ( #5642, #3538, #5279, #2770 ) ) ;
#545 = DIRECTION ( 'NONE',  ( 0.000000000000000000, 0.000000000000000000, -1.000000000000000000 ) ) ;
#546 = ORIENTED_EDGE ( 'NONE', *, *, #2507, .F. ) ;
#547 = VECTOR ( 'NONE', #4159, 1000.000000000000000 ) ;
#548 = AXIS2_PLACEMENT_3D ( 'NONE', #4641, #341, #1826 ) ;
#549 = CIRCLE ( 'NONE', #2550, 5.500000000000009770 ) ;
#550 = AXIS2_PLACEMENT_3D ( 'NONE', #4304, #499, #1922 ) ;
#551 = EDGE_CURVE ( 'NONE', #636, #4365, #3902, .T. ) ;
#552 = DIRECTION ( 'NONE',  ( 0.000000000000000000, 0.000000000000000000, 1.000000000000000000 ) ) ;
#553 = LINE ( 'NONE', #2963, #5098 ) ;
#554 = CYLINDRICAL_SURFACE ( 'NONE', #1914, 5.000000000000000888 ) ;
#555 = CARTESIAN_POINT ( 'NONE',  ( 0.000000000000000000, 0.000000000000000000, -26.62534837884203753 ) ) ;
#556 = VECTOR ( 'NONE', #2669, 1000.000000000000114 ) ;
#557 = EDGE_LOOP ( 'NONE', ( #330, #6156, #4786, #5289 ) ) ;
#558 = VECTOR ( 'NONE', #1861, 1000.000000000000000 ) ;
#559 = EDGE_CURVE ( 'NONE', #2926, #2534, #902, .T. ) ;
#560 = CARTESIAN_POINT ( 'NONE',  ( -55.71131989884241165, 9.499999999999998224, -13.33439294907330819 ) ) ;
#561 = ADVANCED_FACE ( 'NONE', ( #17 ), #44, .T. ) ;
#562 = AXIS2_PLACEMENT_3D ( 'NONE', #3348, #4363, #1978 ) ;
#563 = CARTESIAN_POINT ( 'NONE',  ( -4.811316915868828481, 2.500000000000000000, 30.95656248069552063 ) ) ;
#564 = VERTEX_POINT ( 'NONE', #5790 ) ;
#565 = CARTESIAN_POINT ( 'NONE',  ( 24.28868308413120047, 19.49999999999999645, -7.602844200049099625E-16 ) ) ;
#566 = LINE ( 'NONE', #2101, #5722 ) ;
#567 = DIRECTION ( 'NONE',  ( -0.000000000000000000, -1.000000000000000000, -0.000000000000000000 ) ) ;
#568 = CARTESIAN_POINT ( 'NONE',  ( -6.011318407355614291, 2.500000000000000000, -21.42534837884203824 ) ) ;
#569 = ORIENTED_EDGE ( 'NONE', *, *, #1216, .F. ) ;
#570 = ORIENTED_EDGE ( 'NONE', *, *, #551, .F. ) ;
#571 = ADVANCED_FACE ( 'NONE', ( #6176 ), #452, .F. ) ;
#572 = LINE ( 'NONE', #1613, #1248 ) ;
#573 = CARTESIAN_POINT ( 'NONE',  ( 26.78868308413118271, 9.499999999999998224, -12.83439294907329753 ) ) ;
#574 = FACE_OUTER_BOUND ( 'NONE', #831, .T. ) ;
#575 = VERTEX_POINT ( 'NONE', #5316 ) ;
#576 = DIRECTION ( 'NONE',  ( -0.000000000000000000, 1.000000000000000000, -0.000000000000000000 ) ) ;
#577 = ORIENTED_EDGE ( 'NONE', *, *, #6095, .F. ) ;
#578 = DIRECTION ( 'NONE',  ( 0.000000000000000000, 0.000000000000000000, 1.000000000000000000 ) ) ;
#579 = ORIENTED_EDGE ( 'NONE', *, *, #4628, .F. ) ;
#580 = LINE ( 'NONE', #3400, #1762 ) ;
#581 = LINE ( 'NONE', #4238, #3898 ) ;
#582 = PLANE ( 'NONE',  #2906 ) ;
#583 = CARTESIAN_POINT ( 'NONE',  ( -55.71131989884275271, 35.39999999999999858, 15.16560705092632055 ) ) ;
#584 = ORIENTED_EDGE ( 'NONE', *, *, #1461, .F. ) ;
#585 = DIRECTION ( 'NONE',  ( -0.000000000000000000, 0.000000000000000000, 1.000000000000000000 ) ) ;
#586 = CARTESIAN_POINT ( 'NONE',  ( -20.91735178097620818, 39.04050069571866288, -33.08484768312374058 ) ) ;
#587 = VECTOR ( 'NONE', #799, 1000.000000000000000 ) ;
#588 = ORIENTED_EDGE ( 'NONE', *, *, #351, .F. ) ;
#589 = EDGE_LOOP ( 'NONE', ( #6019, #4299, #5260, #833 ) ) ;
#590 = ADVANCED_FACE ( 'NONE', ( #1433 ), #4836, .T. ) ;
#591 = PLANE ( 'NONE',  #6058 ) ;
#592 = DIRECTION ( 'NONE',  ( -0.000000000000000000, -1.000000000000000000, 0.000000000000000000 ) ) ;
#593 = DIRECTION ( 'NONE',  ( 1.226344921636310289E-16, 0.000000000000000000, -1.000000000000000000 ) ) ;
#594 = CARTESIAN_POINT ( 'NONE',  ( -49.71131989884241165, 0.9499999999999872990, 23.70656248069551708 ) ) ;
#595 = ORIENTED_EDGE ( 'NONE', *, *, #2196, .T. ) ;
#596 = ORIENTED_EDGE ( 'NONE', *, *, #5754, .F. ) ;
#597 = VECTOR ( 'NONE', #41, 1000.000000000000000 ) ;
#598 = DIRECTION ( 'NONE',  ( 0.7071067811865525687, 0.000000000000000000, 0.7071067811865425767 ) ) ;
#599 = CARTESIAN_POINT ( 'NONE',  ( 24.28868308413120047, 19.49999999999999645, -7.834392949073296641 ) ) ;
#600 = CIRCLE ( 'NONE', #4117, 6.732050807568875861 ) ;
#601 = CARTESIAN_POINT ( 'NONE',  ( -3.461318407355619353, 22.50000000000000000, 38.45656248069552419 ) ) ;
#602 = ORIENTED_EDGE ( 'NONE', *, *, #3479, .F. ) ;
#603 = LINE ( 'NONE', #2515, #2767 ) ;
#604 = ADVANCED_FACE ( 'NONE', ( #5256 ), #959, .F. ) ;
#605 = CIRCLE ( 'NONE', #3514, 69.00000000000042633 ) ;
#606 = CIRCLE ( 'NONE', #2504, 5.000000000000000888 ) ;
#607 = ORIENTED_EDGE ( 'NONE', *, *, #1352, .F. ) ;
#608 = CARTESIAN_POINT ( 'NONE',  ( -10.36862154652753709, 39.50000000000000711, -33.17295619040869070 ) ) ;
#609 = ORIENTED_EDGE ( 'NONE', *, *, #1492, .F. ) ;
#610 = LINE ( 'NONE', #3020, #4058 ) ;
#611 = DIRECTION ( 'NONE',  ( 0.000000000000000000, 0.000000000000000000, -1.000000000000000000 ) ) ;
#612 = CARTESIAN_POINT ( 'NONE',  ( -21.71131840735561980, 11.00000000000000000, -23.42534837884203824 ) ) ;
#613 = DIRECTION ( 'NONE',  ( 0.000000000000000000, -1.000000000000000000, 4.625929269271486900E-16 ) ) ;
#614 = EDGE_CURVE ( 'NONE', #1572, #4572, #1547, .T. ) ;
#615 = EDGE_LOOP ( 'NONE', ( #5579, #1468, #3485, #1459 ) ) ;
#616 = CARTESIAN_POINT ( 'NONE',  ( -3.461318407355619353, 27.50000000000000000, 35.95656248069552419 ) ) ;
#617 = CARTESIAN_POINT ( 'NONE',  ( -10.65835452184367860, 39.03101156917946213, -33.54642433391092027 ) ) ;
#618 = EDGE_CURVE ( 'NONE', #4031, #6075, #572, .T. ) ;
#619 = LINE ( 'NONE', #560, #5064 ) ;
#620 = PLANE ( 'NONE',  #4859 ) ;
#621 = VERTEX_POINT ( 'NONE', #3520 ) ;
#622 = EDGE_CURVE ( 'NONE', #2251, #3237, #3546, .T. ) ;
#623 = CARTESIAN_POINT ( 'NONE',  ( -49.71131989884241165, 2.500000000000000000, 25.45656248069552419 ) ) ;
#624 = LINE ( 'NONE', #5496, #3758 ) ;
#625 = CARTESIAN_POINT ( 'NONE',  ( -55.71131989884241165, 39.50000000000000000, 37.95656248069552419 ) ) ;
#626 = DIRECTION ( 'NONE',  ( 0.000000000000000000, 0.000000000000000000, -1.000000000000000000 ) ) ;
#627 = ORIENTED_EDGE ( 'NONE', *, *, #4320, .T. ) ;
#628 = VECTOR ( 'NONE', #2772, 1000.000000000000000 ) ;
#629 = EDGE_LOOP ( 'NONE', ( #2123, #1140, #3899, #1319 ) ) ;
#630 = CARTESIAN_POINT ( 'NONE',  ( -27.11131989884241023, 11.50000000000000000, -18.92534837884203824 ) ) ;
#631 = DIRECTION ( 'NONE',  ( 0.000000000000000000, 1.000000000000000000, 0.000000000000000000 ) ) ;
#632 = LINE ( 'NONE', #4468, #2479 ) ;
#633 = ORIENTED_EDGE ( 'NONE', *, *, #3854, .F. ) ;
#634 = CARTESIAN_POINT ( 'NONE',  ( -4.811316915868822264, 11.00000000000000000, -31.12534837884217609 ) ) ;
#635 = ADVANCED_FACE ( 'NONE', ( #167 ), #2017, .F. ) ;
#636 = VERTEX_POINT ( 'NONE', #696 ) ;
#637 = CARTESIAN_POINT ( 'NONE',  ( -9.863286370804987158, 39.50000000000000000, -33.52826606357415073 ) ) ;
#638 = ORIENTED_EDGE ( 'NONE', *, *, #132, .F. ) ;
#639 = DIRECTION ( 'NONE',  ( -0.000000000000000000, 0.000000000000000000, 1.000000000000000000 ) ) ;
#640 = VECTOR ( 'NONE', #278, 1000.000000000000000 ) ;
#641 = LINE ( 'NONE', #4068, #5212 ) ;
#642 = CARTESIAN_POINT ( 'NONE',  ( 5.188683084131174184, 0.5000000000000004441, 30.45656248069552063 ) ) ;
#643 = FACE_OUTER_BOUND ( 'NONE', #2866, .T. ) ;
#644 = VECTOR ( 'NONE', #1964, 1000.000000000000000 ) ;
#645 = ORIENTED_EDGE ( 'NONE', *, *, #4351, .T. ) ;
#646 = PLANE ( 'NONE',  #4960 ) ;
#647 = AXIS2_PLACEMENT_3D ( 'NONE', #3823, #5799, #3377 ) ;
#648 = CONICAL_SURFACE ( 'NONE', #4654, 5.500000000000009770, 0.7853981633974439491 ) ;
#649 = FACE_OUTER_BOUND ( 'NONE', #2700, .T. ) ;
#650 = AXIS2_PLACEMENT_3D ( 'NONE', #6206, #75, #5814 ) ;
#651 = ADVANCED_FACE ( 'NONE', ( #5346 ), #3995, .F. ) ;
#652 = VECTOR ( 'NONE', #3179, 1000.000000000000000 ) ;
#653 = CARTESIAN_POINT ( 'NONE',  ( -58.21131989884239744, 14.49999999999999467, 12.16560705092670602 ) ) ;
#654 = EDGE_CURVE ( 'NONE', #1779, #4904, #3487, .T. ) ;
#655 = ORIENTED_EDGE ( 'NONE', *, *, #6004, .F. ) ;
#656 = EDGE_CURVE ( 'NONE', #3483, #192, #5362, .T. ) ;
#657 = EDGE_LOOP ( 'NONE', ( #2917, #5953, #5449, #2815, #6218 ) ) ;
#658 = AXIS2_PLACEMENT_3D ( 'NONE', #271, #4042, #5515 ) ;
#659 = LINE ( 'NONE', #4988, #4353 ) ;
#660 = DIRECTION ( 'NONE',  ( 0.7071067811865486830, 0.7071067811865463515, -8.671568101627216977E-17 ) ) ;
#661 = DIRECTION ( 'NONE',  ( 0.000000000000000000, 0.000000000000000000, 1.000000000000000000 ) ) ;
#662 = CARTESIAN_POINT ( 'NONE',  ( -27.11131989884241023, 2.500000000000000000, -31.12534837884248518 ) ) ;
#663 = CONICAL_SURFACE ( 'NONE', #1977, 5.500000000000009770, 0.7853981633974439491 ) ;
#664 = ORIENTED_EDGE ( 'NONE', *, *, #1365, .T. ) ;
#665 = CARTESIAN_POINT ( 'NONE',  ( -21.71131840735561980, 2.500000000000000444, -23.92534837884204180 ) ) ;
#666 = ORIENTED_EDGE ( 'NONE', *, *, #4453, .T. ) ;
#667 = CARTESIAN_POINT ( 'NONE',  ( -27.61131989884240667, 2.000000000000001776, 30.45656248069552063 ) ) ;
#668 = FACE_OUTER_BOUND ( 'NONE', #4501, .T. ) ;
#669 = PLANE ( 'NONE',  #779 ) ;
#670 = ORIENTED_EDGE ( 'NONE', *, *, #725, .T. ) ;
#671 = ORIENTED_EDGE ( 'NONE', *, *, #3951, .T. ) ;
#672 = CARTESIAN_POINT ( 'NONE',  ( -3.461318407355619353, 12.00000000000000000, 35.45656248069552419 ) ) ;
#673 = ORIENTED_EDGE ( 'NONE', *, *, #2567, .F. ) ;
#674 = AXIS2_PLACEMENT_3D ( 'NONE', #2198, #6006, #5089 ) ;
#675 = EDGE_CURVE ( 'NONE', #4767, #4310, #5907, .T. ) ;
#676 = FACE_OUTER_BOUND ( 'NONE', #3163, .T. ) ;
#677 = ADVANCED_FACE ( 'NONE', ( #130 ), #648, .F. ) ;
#678 = CARTESIAN_POINT ( 'NONE',  ( 26.28868308413116850, 4.499999999999999112, -7.834392949073296641 ) ) ;
#679 = FACE_OUTER_BOUND ( 'NONE', #5987, .T. ) ;
#680 = LINE ( 'NONE', #4444, #5047 ) ;
#681 = ORIENTED_EDGE ( 'NONE', *, *, #4605, .T. ) ;
#682 = LINE ( 'NONE', #1214, #4559 ) ;
#683 = CARTESIAN_POINT ( 'NONE',  ( -10.73264564130130161, 39.03296822522096221, -33.46886418732315605 ) ) ;
#684 = ADVANCED_FACE ( 'NONE', ( #4965 ), #2044, .T. ) ;
#685 = CONICAL_SURFACE ( 'NONE', #3891, 5.500000000000001776, 0.7853981633974491672 ) ;
#686 = DIRECTION ( 'NONE',  ( -1.000000000000000000, 0.000000000000000000, -5.430604157131410851E-17 ) ) ;
#687 = ORIENTED_EDGE ( 'NONE', *, *, #1508, .T. ) ;
#688 = CARTESIAN_POINT ( 'NONE',  ( -4.311316915868820487, -44.50000000000000000, -26.12534837884203753 ) ) ;
#689 = AXIS2_PLACEMENT_3D ( 'NONE', #1029, #2928, #4845 ) ;
#690 = CARTESIAN_POINT ( 'NONE',  ( 22.60928048829464387, 37.34197056444066476, 15.16560705092632766 ) ) ;
#691 = CARTESIAN_POINT ( 'NONE',  ( 24.49317464742662764, 39.50000000000000000, -30.82906535597377484 ) ) ;
#692 = EDGE_CURVE ( 'NONE', #2859, #2199, #3961, .T. ) ;
#693 = FACE_OUTER_BOUND ( 'NONE', #5794, .T. ) ;
#694 = ORIENTED_EDGE ( 'NONE', *, *, #4827, .T. ) ;
#695 = EDGE_LOOP ( 'NONE', ( #382, #4711, #4532, #1959 ) ) ;
#696 = CARTESIAN_POINT ( 'NONE',  ( -21.71131840735561980, 11.50000000000000000, -31.16022644181686374 ) ) ;
#697 = DIRECTION ( 'NONE',  ( 0.7071067811865474617, 0.7071067811865474617, 9.866520446437221695E-15 ) ) ;
#698 = ORIENTED_EDGE ( 'NONE', *, *, #4425, .F. ) ;
#699 = DIRECTION ( 'NONE',  ( 0.000000000000000000, 0.000000000000000000, -1.000000000000000000 ) ) ;
#700 = ORIENTED_EDGE ( 'NONE', *, *, #5174, .T. ) ;
#701 = CARTESIAN_POINT ( 'NONE',  ( -4.811316915868822264, 2.500000000000000000, -31.12534837884217609 ) ) ;
#702 = ORIENTED_EDGE ( 'NONE', *, *, #1634, .T. ) ;
#703 = DIRECTION ( 'NONE',  ( -0.000000000000000000, -1.000000000000000000, -0.000000000000000000 ) ) ;
#704 = DIRECTION ( 'NONE',  ( 0.000000000000000000, 0.000000000000000000, -1.000000000000000000 ) ) ;
#705 = EDGE_CURVE ( 'NONE', #3286, #6180, #2575, .T. ) ;
#706 = CARTESIAN_POINT ( 'NONE',  ( -58.21131989884239744, 4.499999999999999112, 0.000000000000000000 ) ) ;
#707 = VECTOR ( 'NONE', #2226, 1000.000000000000000 ) ;
#708 = AXIS2_PLACEMENT_3D ( 'NONE', #2929, #1151, #4847 ) ;
#709 = VERTEX_POINT ( 'NONE', #195 ) ;
#710 = DIRECTION ( 'NONE',  ( 0.000000000000000000, 0.000000000000000000, -1.000000000000000000 ) ) ;
#711 = AXIS2_PLACEMENT_3D ( 'NONE', #5958, #239, #4078 ) ;
#712 = CARTESIAN_POINT ( 'NONE',  ( -10.61957318294114572, 39.03000463596330150, -33.58378598752211275 ) ) ;
#713 = FACE_OUTER_BOUND ( 'NONE', #5528, .T. ) ;
#714 = ORIENTED_EDGE ( 'NONE', *, *, #4012, .F. ) ;
#715 = DIRECTION ( 'NONE',  ( 0.5773502691896257311, 0.5773502691896257311, 0.5773502691896257311 ) ) ;
#716 = CARTESIAN_POINT ( 'NONE',  ( -58.71131989884241165, 2.500000000000008438, 17.66560705092672379 ) ) ;
#717 = CARTESIAN_POINT ( 'NONE',  ( -55.71131989884241165, 2.500000000000000000, -28.43040892023596200 ) ) ;
#718 = DIRECTION ( 'NONE',  ( 0.000000000000000000, 0.000000000000000000, 1.000000000000000000 ) ) ;
#719 = EDGE_LOOP ( 'NONE', ( #122, #3009, #6035, #1525 ) ) ;
#720 = PLANE ( 'NONE',  #3764 ) ;
#721 = ORIENTED_EDGE ( 'NONE', *, *, #5261, .T. ) ;
#722 = CARTESIAN_POINT ( 'NONE',  ( -4.811316915868824928, 2.500000000000000000, -5.900334066158607930E-16 ) ) ;
#723 = EDGE_CURVE ( 'NONE', #2337, #2707, #5940, .T. ) ;
#724 = DIRECTION ( 'NONE',  ( -0.7071067811865474617, 0.000000000000000000, 0.7071067811865474617 ) ) ;
#725 = EDGE_CURVE ( 'NONE', #4474, #4932, #225, .T. ) ;
#726 = ORIENTED_EDGE ( 'NONE', *, *, #194, .F. ) ;
#727 = CARTESIAN_POINT ( 'NONE',  ( 5.049207500472286725, 39.50000000000000000, 35.37465162115796602 ) ) ;
#728 = EDGE_LOOP ( 'NONE', ( #588, #1302, #1342, #694 ) ) ;
#729 = EDGE_CURVE ( 'NONE', #5020, #2389, #2439, .T. ) ;
#730 = ORIENTED_EDGE ( 'NONE', *, *, #5736, .T. ) ;
#731 = DIRECTION ( 'NONE',  ( 0.000000000000000000, 1.000000000000000000, 0.000000000000000000 ) ) ;
#732 = FACE_OUTER_BOUND ( 'NONE', #2610, .T. ) ;
#733 = DIRECTION ( 'NONE',  ( 0.000000000000000000, 0.000000000000000000, -1.000000000000000000 ) ) ;
#734 = ORIENTED_EDGE ( 'NONE', *, *, #5277, .T. ) ;
#735 = LINE ( 'NONE', #3116, #1862 ) ;
#736 = EDGE_CURVE ( 'NONE', #5092, #788, #1045, .T. ) ;
#737 = CARTESIAN_POINT ( 'NONE',  ( -11.17391163189176950, 39.04544313314465143, -32.67473556019938030 ) ) ;
#738 = AXIS2_PLACEMENT_3D ( 'NONE', #1020, #3334, #5756 ) ;
#739 = DIRECTION ( 'NONE',  ( -1.000000000000000000, -0.000000000000000000, -0.000000000000000000 ) ) ;
#740 = CARTESIAN_POINT ( 'NONE',  ( -21.42642028205881033, 39.02687729818742923, -33.68958432134991909 ) ) ;
#741 = CONICAL_SURFACE ( 'NONE', #647, 5.500000000000009770, 0.7853981633974439491 ) ;
#742 = ORIENTED_EDGE ( 'NONE', *, *, #897, .T. ) ;
#743 = AXIS2_PLACEMENT_3D ( 'NONE', #5629, #2230, #6139 ) ;
#744 = AXIS2_PLACEMENT_3D ( 'NONE', #1742, #6145, #1376 ) ;
#745 = CIRCLE ( 'NONE', #3450, 66.50000000000055422 ) ;
#746 = VECTOR ( 'NONE', #966, 1000.000000000000000 ) ;
#747 = CIRCLE ( 'NONE', #550, 5.500000000000009770 ) ;
#748 = EDGE_CURVE ( 'NONE', #636, #1783, #5878, .T. ) ;
#749 = CARTESIAN_POINT ( 'NONE',  ( -49.71131989884241165, 0.000000000000000000, 27.20656248069552774 ) ) ;
#750 = EDGE_CURVE ( 'NONE', #155, #3977, #4933, .T. ) ;
#751 = CARTESIAN_POINT ( 'NONE',  ( -55.71131989884241165, 9.500000000000000000, 17.66560705092671668 ) ) ;
#752 = CARTESIAN_POINT ( 'NONE',  ( -9.820713201676882775, 39.50000000000000000, -33.51253383431573951 ) ) ;
#753 = TOROIDAL_SURFACE ( 'NONE', #5866, 6.732050807568876749, 2.000000000000000000 ) ;
#754 = VECTOR ( 'NONE', #5558, 1000.000000000000000 ) ;
#755 = CARTESIAN_POINT ( 'NONE',  ( 26.78868308413118271, 20.00000000000000711, -7.834392949073296641 ) ) ;
#756 = ORIENTED_EDGE ( 'NONE', *, *, #2742, .F. ) ;
#757 = DIRECTION ( 'NONE',  ( 1.000000000000000000, -0.000000000000000000, -0.000000000000000000 ) ) ;
#758 = ORIENTED_EDGE ( 'NONE', *, *, #5853, .T. ) ;
#759 = PRODUCT_RELATED_PRODUCT_CATEGORY ( 'part', '', ( #433 ) ) ;
#760 = LINE ( 'NONE', #6038, #3141 ) ;
#761 = CARTESIAN_POINT ( 'NONE',  ( -3.461318407355619353, 22.50000000000000000, 38.45656248069552419 ) ) ;
#762 = AXIS2_PLACEMENT_3D ( 'NONE', #5250, #952, #2855 ) ;
#763 = ORIENTED_EDGE ( 'NONE', *, *, #2960, .T. ) ;
#764 = PLANE ( 'NONE',  #5927 ) ;
#765 = EDGE_LOOP ( 'NONE', ( #4148, #447, #3930, #4101 ) ) ;
#766 = DIRECTION ( 'NONE',  ( 0.000000000000000000, 0.000000000000000000, -1.000000000000000000 ) ) ;
#767 = EDGE_LOOP ( 'NONE', ( #1232, #3338, #1349, #3246 ) ) ;
#768 = EDGE_CURVE ( 'NONE', #786, #1105, #1803, .T. ) ;
#769 = DIRECTION ( 'NONE',  ( -0.000000000000000000, -1.000000000000000000, -0.000000000000000000 ) ) ;
#770 = DIRECTION ( 'NONE',  ( -1.164054068700397441E-14, 0.5591929034707477930, 0.8290375725550411801 ) ) ;
#771 = FACE_OUTER_BOUND ( 'NONE', #2359, .T. ) ;
#772 = ORIENTED_EDGE ( 'NONE', *, *, #2322, .T. ) ;
#773 = DIRECTION ( 'NONE',  ( 0.000000000000000000, 1.000000000000000000, 0.000000000000000000 ) ) ;
#774 = ORIENTED_EDGE ( 'NONE', *, *, #6188, .T. ) ;
#775 = CARTESIAN_POINT ( 'NONE',  ( -6.011318407355614291, 11.50000000000000000, -23.42534837884203824 ) ) ;
#776 = DIRECTION ( 'NONE',  ( -1.395336702878296385E-14, 0.000000000000000000, 1.000000000000000000 ) ) ;
#777 = CARTESIAN_POINT ( 'NONE',  ( -21.32994870504667162, 39.49999999999999289, -32.80017495378346837 ) ) ;
#778 = EDGE_LOOP ( 'NONE', ( #296, #4814, #5848, #6050, #5135, #3851, #1401, #2156 ) ) ;
#779 = AXIS2_PLACEMENT_3D ( 'NONE', #3631, #2543, #4969 ) ;
#780 = CARTESIAN_POINT ( 'NONE',  ( 0.000000000000000000, 0.5000000000000004441, 38.45656248069552419 ) ) ;
#781 = CARTESIAN_POINT ( 'NONE',  ( -6.011318407355614291, 11.00000000000000000, -21.42534837884203824 ) ) ;
#782 = CARTESIAN_POINT ( 'NONE',  ( -10.64297290770467619, 39.50000000000000711, -32.69010865719372561 ) ) ;
#783 = CARTESIAN_POINT ( 'NONE',  ( 5.049207500472286725, 39.50000000000000000, 35.37465162115796602 ) ) ;
#784 = LINE ( 'NONE', #5968, #3309 ) ;
#785 = ADVANCED_FACE ( 'NONE', ( #285 ), #3105, .F. ) ;
#786 = VERTEX_POINT ( 'NONE', #6103 ) ;
#787 = FACE_OUTER_BOUND ( 'NONE', #3222, .T. ) ;
#788 = VERTEX_POINT ( 'NONE', #2168 ) ;
#789 = LINE ( 'NONE', #5152, #1458 ) ;
#790 = DIRECTION ( 'NONE',  ( 1.000000000000000000, 0.000000000000000000, 0.000000000000000000 ) ) ;
#791 = DIRECTION ( 'NONE',  ( 1.000000000000000000, -0.000000000000000000, -0.000000000000000000 ) ) ;
#792 = EDGE_LOOP ( 'NONE', ( #5479, #577, #2268, #5876 ) ) ;
#793 = CARTESIAN_POINT ( 'NONE',  ( -56.55670532616316848, 38.99999999999999289, -31.30883270405822927 ) ) ;
#794 = EDGE_CURVE ( 'NONE', #1659, #1402, #1734, .T. ) ;
#795 = ORIENTED_EDGE ( 'NONE', *, *, #3407, .F. ) ;
#796 = EDGE_CURVE ( 'NONE', #4137, #2136, #6005, .T. ) ;
#797 = ORIENTED_EDGE ( 'NONE', *, *, #5981, .T. ) ;
#798 = CARTESIAN_POINT ( 'NONE',  ( -15.96136771304668045, 39.50000000000000000, -33.12534837884233241 ) ) ;
#799 = DIRECTION ( 'NONE',  ( 6.935401363418759473E-15, -1.451039654367012785E-31, 1.000000000000000000 ) ) ;
#800 = EDGE_CURVE ( 'NONE', #2707, #411, #789, .T. ) ;
#801 = CARTESIAN_POINT ( 'NONE',  ( -10.12673108489192586, 39.01806232097091254, -33.92276756175505170 ) ) ;
#802 = ORIENTED_EDGE ( 'NONE', *, *, #4781, .F. ) ;
#803 = LINE ( 'NONE', #368, #2254 ) ;
#804 = VERTEX_POINT ( 'NONE', #2197 ) ;
#805 = DIRECTION ( 'NONE',  ( 0.7071067811865475727, 0.000000000000000000, -0.7071067811865475727 ) ) ;
#806 = VECTOR ( 'NONE', #1829, 1000.000000000000114 ) ;
#807 = EDGE_CURVE ( 'NONE', #5793, #4232, #2629, .T. ) ;
#808 = AXIS2_PLACEMENT_3D ( 'NONE', #4651, #6141, #3298 ) ;
#809 = EDGE_CURVE ( 'NONE', #4310, #6204, #385, .T. ) ;
#810 = FACE_OUTER_BOUND ( 'NONE', #424, .T. ) ;
#811 = CARTESIAN_POINT ( 'NONE',  ( -21.64425024297494460, 39.50000000000002132, -33.21917658535240747 ) ) ;
#812 = VECTOR ( 'NONE', #3865, 1000.000000000000000 ) ;
#813 = ORIENTED_EDGE ( 'NONE', *, *, #5540, .T. ) ;
#814 = VECTOR ( 'NONE', #417, 1000.000000000000114 ) ;
#815 = ADVANCED_FACE ( 'NONE', ( #6069 ), #4089, .T. ) ;
#816 = CARTESIAN_POINT ( 'NONE',  ( -22.21131840735561980, 11.50000000000000000, -23.42534837884203824 ) ) ;
#817 = LINE ( 'NONE', #5552, #1859 ) ;
#818 = CARTESIAN_POINT ( 'NONE',  ( -9.329654805088184233, 39.49999999999997158, -33.62533882115604911 ) ) ;
#819 = CARTESIAN_POINT ( 'NONE',  ( 26.28868308413118271, 39.50000000000000000, 35.45656248069552419 ) ) ;
#820 = CARTESIAN_POINT ( 'NONE',  ( -9.247910475848476253, 38.99999999999999289, -34.12534837884224004 ) ) ;
#821 = ORIENTED_EDGE ( 'NONE', *, *, #3979, .T. ) ;
#822 = DIRECTION ( 'NONE',  ( 0.000000000000000000, 0.000000000000000000, -1.000000000000000000 ) ) ;
#823 = ORIENTED_EDGE ( 'NONE', *, *, #1006, .F. ) ;
#824 = EDGE_CURVE ( 'NONE', #4560, #6010, #3232, .T. ) ;
#825 = DIRECTION ( 'NONE',  ( -0.000000000000000000, -1.000000000000000000, -0.000000000000000000 ) ) ;
#826 = CARTESIAN_POINT ( 'NONE',  ( -55.71131989884241165, 3.999999999999989786, 12.16560705092670780 ) ) ;
#827 = AXIS2_PLACEMENT_3D ( 'NONE', #2878, #3856, #3981 ) ;
#828 = CYLINDRICAL_SURFACE ( 'NONE', #808, 0.5000000000000004441 ) ;
#829 = ORIENTED_EDGE ( 'NONE', *, *, #254, .F. ) ;
#830 = CARTESIAN_POINT ( 'NONE',  ( -21.71131840735561980, 11.50000000000000000, -31.16022644181693835 ) ) ;
#831 = EDGE_LOOP ( 'NONE', ( #4061, #438, #2229, #1746 ) ) ;
#832 = PLANE ( 'NONE',  #4466 ) ;
#833 = ORIENTED_EDGE ( 'NONE', *, *, #5223, .F. ) ;
#834 = CARTESIAN_POINT ( 'NONE',  ( 3.792455389420783973, 0.6037723052896086795, -24.72912068413163666 ) ) ;
#835 = EDGE_CURVE ( 'NONE', #1667, #3719, #861, .T. ) ;
#836 = DIRECTION ( 'NONE',  ( -1.000000000000000000, -4.625929269271485914E-16, 0.000000000000000000 ) ) ;
#837 = ADVANCED_FACE ( 'NONE', ( #3196 ), #1330, .F. ) ;
#838 = CARTESIAN_POINT ( 'NONE',  ( -9.247910475848476253, 38.99999999999999289, -34.12534837884224004 ) ) ;
#839 = ORIENTED_EDGE ( 'NONE', *, *, #2592, .F. ) ;
#840 = ORIENTED_EDGE ( 'NONE', *, *, #5829, .T. ) ;
#841 = LINE ( 'NONE', #3749, #59 ) ;
#842 = ORIENTED_EDGE ( 'NONE', *, *, #5460, .F. ) ;
#843 = DIRECTION ( 'NONE',  ( 0.1992603046779694020, 0.7071067811865465735, -0.6784506842649981051 ) ) ;
#844 = CARTESIAN_POINT ( 'NONE',  ( -6.011318407355614291, 2.500000000000000000, -23.42534837884203824 ) ) ;
#845 = CARTESIAN_POINT ( 'NONE',  ( -21.27976251838869715, 39.49999999999999289, -32.69010865719386771 ) ) ;
#846 = ORIENTED_EDGE ( 'NONE', *, *, #5213, .F. ) ;
#847 = ADVANCED_FACE ( 'NONE', ( #3674 ), #5860, .T. ) ;
#848 = LINE ( 'NONE', #3095, #5852 ) ;
#849 = CIRCLE ( 'NONE', #2438, 2.500000000000002220 ) ;
#850 = AXIS2_PLACEMENT_3D ( 'NONE', #1833, #37, #895 ) ;
#851 = CARTESIAN_POINT ( 'NONE',  ( 26.78868308413118271, 20.00000000000000711, 0.000000000000000000 ) ) ;
#852 = CARTESIAN_POINT ( 'NONE',  ( -10.16974499664212672, 39.49999999999998579, -33.31112413769601233 ) ) ;
#853 = VECTOR ( 'NONE', #1901, 1000.000000000000000 ) ;
#854 = ADVANCED_FACE ( 'NONE', ( #5595 ), #5021, .F. ) ;
#855 = DIRECTION ( 'NONE',  ( 0.000000000000000000, 0.000000000000000000, -1.000000000000000000 ) ) ;
#856 = VERTEX_POINT ( 'NONE', #1228 ) ;
#857 = CARTESIAN_POINT ( 'NONE',  ( -55.71131989884241165, 9.499999999999998224, 12.16560705092670780 ) ) ;
#858 = AXIS2_PLACEMENT_3D ( 'NONE', #3503, #5007, #710 ) ;
#859 = AXIS2_PLACEMENT_3D ( 'NONE', #1452, #3356, #5660 ) ;
#860 = ORIENTED_EDGE ( 'NONE', *, *, #3951, .F. ) ;
#861 = LINE ( 'NONE', #4215, #4955 ) ;
#862 = CARTESIAN_POINT ( 'NONE',  ( 26.78868308413118271, 9.499999999999998224, 12.16560705092670780 ) ) ;
#863 = CIRCLE ( 'NONE', #4166, 2.500000000000002220 ) ;
#864 = VECTOR ( 'NONE', #1589, 1000.000000000000000 ) ;
#865 = DIRECTION ( 'NONE',  ( 1.000000000000000000, -0.000000000000000000, -0.000000000000000000 ) ) ;
#866 = ORIENTED_EDGE ( 'NONE', *, *, #3928, .T. ) ;
#867 = LINE ( 'NONE', #830, #4323 ) ;
#868 = ORIENTED_EDGE ( 'NONE', *, *, #5460, .T. ) ;
#869 = CARTESIAN_POINT ( 'NONE',  ( 5.049207500472286725, 0.000000000000000000, 35.37465162115796602 ) ) ;
#870 = ORIENTED_EDGE ( 'NONE', *, *, #376, .F. ) ;
#871 = CONICAL_SURFACE ( 'NONE', #6077, 5.500000000000001776, 0.7853981633974491672 ) ;
#872 = CARTESIAN_POINT ( 'NONE',  ( -22.67482495024486511, 39.50000000000000000, -33.62534837884242478 ) ) ;
#873 = CARTESIAN_POINT ( 'NONE',  ( -20.91735178097620818, 39.04050069571866288, -33.08484768312374058 ) ) ;
#874 = AXIS2_PLACEMENT_3D ( 'NONE', #1606, #2598, #3007 ) ;
#875 = CARTESIAN_POINT ( 'NONE',  ( -10.94302461901596857, 39.03872396908707998, -33.19376032806724908 ) ) ;
#876 = EDGE_LOOP ( 'NONE', ( #2566, #4696, #5568, #1737 ) ) ;
#877 = ORIENTED_EDGE ( 'NONE', *, *, #2981, .F. ) ;
#878 = DIRECTION ( 'NONE',  ( 0.5773502691896257311, 0.5773502691896257311, -0.5773502691896257311 ) ) ;
#879 = ORIENTED_EDGE ( 'NONE', *, *, #3767, .T. ) ;
#880 = VECTOR ( 'NONE', #576, 1000.000000000000000 ) ;
#881 = EDGE_CURVE ( 'NONE', #5407, #3643, #4183, .T. ) ;
#882 = DIRECTION ( 'NONE',  ( -1.000000000000000000, -0.000000000000000000, -0.000000000000000000 ) ) ;
#883 = CARTESIAN_POINT ( 'NONE',  ( 23.78868308413118271, 39.50000000000000000, 37.95656248069552419 ) ) ;
#884 = CARTESIAN_POINT ( 'NONE',  ( -21.78936248396998465, 39.01820472342059531, -33.92009214567647746 ) ) ;
#885 = ORIENTED_EDGE ( 'NONE', *, *, #897, .F. ) ;
#886 = ADVANCED_FACE ( 'NONE', ( #2264 ), #5503, .T. ) ;
#887 = AXIS2_PLACEMENT_3D ( 'NONE', #5410, #5444, #1110 ) ;
#888 = LINE ( 'NONE', #4354, #2794 ) ;
#889 = DIRECTION ( 'NONE',  ( -0.7071067811865475727, 0.7071067811865475727, -0.000000000000000000 ) ) ;
#890 = EDGE_CURVE ( 'NONE', #2115, #5881, #760, .T. ) ;
#891 = CARTESIAN_POINT ( 'NONE',  ( -20.92479436403884563, 39.04029642463101624, -33.09843564175852038 ) ) ;
#892 = ORIENTED_EDGE ( 'NONE', *, *, #216, .F. ) ;
#893 = DIRECTION ( 'NONE',  ( -1.000000000000000000, -0.000000000000000000, -1.387080272683752052E-14 ) ) ;
#894 = ORIENTED_EDGE ( 'NONE', *, *, #979, .T. ) ;
#895 = DIRECTION ( 'NONE',  ( 0.000000000000000000, 0.000000000000000000, 1.000000000000000000 ) ) ;
#896 = CARTESIAN_POINT ( 'NONE',  ( -20.93630489857978461, 39.00000000000000000, -33.12534837884240346 ) ) ;
#897 = EDGE_CURVE ( 'NONE', #2260, #4880, #4685, .T. ) ;
#898 = CARTESIAN_POINT ( 'NONE',  ( 22.60928048829464387, 36.65802943555933524, 15.16560705092632766 ) ) ;
#899 = LINE ( 'NONE', #4249, #814 ) ;
#900 = ORIENTED_EDGE ( 'NONE', *, *, #2177, .T. ) ;
#901 = EDGE_LOOP ( 'NONE', ( #2801, #3120, #60, #3655 ) ) ;
#902 = LINE ( 'NONE', #509, #1756 ) ;
#903 = LINE ( 'NONE', #2734, #587 ) ;
#904 = CARTESIAN_POINT ( 'NONE',  ( -22.59790930552394528, 39.00142618813685402, -34.12534837884241767 ) ) ;
#905 = ORIENTED_EDGE ( 'NONE', *, *, #983, .F. ) ;
#906 = ORIENTED_EDGE ( 'NONE', *, *, #946, .F. ) ;
#907 = CARTESIAN_POINT ( 'NONE',  ( -58.21131989884239744, 14.49999999999999645, 17.16560705092670602 ) ) ;
#908 = ORIENTED_EDGE ( 'NONE', *, *, #5908, .T. ) ;
#909 = EDGE_CURVE ( 'NONE', #1651, #2748, #47, .T. ) ;
#910 = LINE ( 'NONE', #2280, #164 ) ;
#911 = CARTESIAN_POINT ( 'NONE',  ( 23.78868308413133903, 38.59999999999999432, -10.83439294907367945 ) ) ;
#912 = DIRECTION ( 'NONE',  ( -0.000000000000000000, 1.000000000000000000, -0.000000000000000000 ) ) ;
#913 = ORIENTED_EDGE ( 'NONE', *, *, #1271, .T. ) ;
#914 = DIRECTION ( 'NONE',  ( 0.000000000000000000, 0.000000000000000000, -1.000000000000000000 ) ) ;
#915 = ADVANCED_FACE ( 'NONE', ( #3773 ), #4335, .F. ) ;
#916 = VECTOR ( 'NONE', #2013, 1000.000000000000000 ) ;
#917 = AXIS2_PLACEMENT_3D ( 'NONE', #3676, #1298, #5695 ) ;
#918 = DIRECTION ( 'NONE',  ( 1.000000000000000000, -0.000000000000000000, -0.000000000000000000 ) ) ;
#919 = ORIENTED_EDGE ( 'NONE', *, *, #3407, .T. ) ;
#920 = CARTESIAN_POINT ( 'NONE',  ( -3.461318407355616245, 12.00000000000000000, 35.45656248069552419 ) ) ;
#921 = LINE ( 'NONE', #4798, #348 ) ;
#922 = FACE_OUTER_BOUND ( 'NONE', #1741, .T. ) ;
#923 = DIRECTION ( 'NONE',  ( 0.7071067811865477948, 0.000000000000000000, -0.7071067811865473507 ) ) ;
#924 = CARTESIAN_POINT ( 'NONE',  ( 5.049207500472282284, 0.000000000000000000, -33.62534837884204109 ) ) ;
#925 = ORIENTED_EDGE ( 'NONE', *, *, #1223, .F. ) ;
#926 = ORIENTED_EDGE ( 'NONE', *, *, #4240, .T. ) ;
#927 = EDGE_CURVE ( 'NONE', #5820, #4173, #2440, .T. ) ;
#928 = CARTESIAN_POINT ( 'NONE',  ( -22.51971581941457146, 39.50000000000000000, -33.62533024321862740 ) ) ;
#929 = LINE ( 'NONE', #5701, #951 ) ;
#930 = EDGE_CURVE ( 'NONE', #3492, #6017, #1654, .T. ) ;
#931 = CARTESIAN_POINT ( 'NONE',  ( -21.67694582596790198, 39.02081166667252177, -33.85946398147099501 ) ) ;
#932 = EDGE_CURVE ( 'NONE', #3579, #5203, #2795, .T. ) ;
#933 = ORIENTED_EDGE ( 'NONE', *, *, #3240, .T. ) ;
#934 = ORIENTED_EDGE ( 'NONE', *, *, #5376, .T. ) ;
#935 = CARTESIAN_POINT ( 'NONE',  ( -55.71131989884241165, 0.5000000000000004441, 35.45656248069552419 ) ) ;
#936 = ORIENTED_EDGE ( 'NONE', *, *, #2258, .F. ) ;
#937 = LINE ( 'NONE', #5823, #3657 ) ;
#938 = LINE ( 'NONE', #5648, #5928 ) ;
#939 = LINE ( 'NONE', #2464, #1157 ) ;
#940 = VERTEX_POINT ( 'NONE', #4741 ) ;
#941 = EDGE_CURVE ( 'NONE', #4031, #3704, #4712, .T. ) ;
#942 = DIRECTION ( 'NONE',  ( 0.000000000000000000, -1.000000000000000000, 0.000000000000000000 ) ) ;
#943 = CARTESIAN_POINT ( 'NONE',  ( -20.91735178097620818, 39.04050069571866288, -33.08484768312374058 ) ) ;
#944 = EDGE_LOOP ( 'NONE', ( #2391, #3138, #4526, #4691 ) ) ;
#945 = DIRECTION ( 'NONE',  ( 0.000000000000000000, -1.000000000000000000, 0.000000000000000000 ) ) ;
#946 = EDGE_CURVE ( 'NONE', #1239, #90, #4772, .T. ) ;
#947 = VECTOR ( 'NONE', #5339, 1000.000000000000000 ) ;
#948 = EDGE_CURVE ( 'NONE', #107, #2271, #1894, .T. ) ;
#949 = DIRECTION ( 'NONE',  ( 6.935401363418761051E-15, -0.000000000000000000, 1.000000000000000000 ) ) ;
#950 = CARTESIAN_POINT ( 'NONE',  ( -25.71131940168014651, 12.40000049716226371, -20.32534887600430551 ) ) ;
#951 = VECTOR ( 'NONE', #481, 1000.000000000000000 ) ;
#952 = DIRECTION ( 'NONE',  ( 0.000000000000000000, 0.000000000000000000, -1.000000000000000000 ) ) ;
#953 = AXIS2_PLACEMENT_3D ( 'NONE', #5920, #4508, #3976 ) ;
#954 = DIRECTION ( 'NONE',  ( 1.000000000000000000, -0.000000000000000000, -0.000000000000000000 ) ) ;
#955 = AXIS2_PLACEMENT_3D ( 'NONE', #3548, #5443, #2511 ) ;
#956 = ORIENTED_EDGE ( 'NONE', *, *, #3094, .F. ) ;
#957 = ORIENTED_EDGE ( 'NONE', *, *, #3504, .F. ) ;
#958 = VECTOR ( 'NONE', #5699, 1000.000000000000000 ) ;
#959 = PLANE ( 'NONE',  #4959 ) ;
#960 = VECTOR ( 'NONE', #1382, 1000.000000000000000 ) ;
#961 = DIRECTION ( 'NONE',  ( -0.000000000000000000, 1.000000000000000000, -0.000000000000000000 ) ) ;
#962 = CARTESIAN_POINT ( 'NONE',  ( -21.69865570924489262, 39.02030529476752463, -33.87175374883799606 ) ) ;
#963 = ORIENTED_EDGE ( 'NONE', *, *, #5128, .T. ) ;
#964 = AXIS2_PLACEMENT_3D ( 'NONE', #2962, #5298, #3788 ) ;
#965 = EDGE_CURVE ( 'NONE', #5389, #4308, #921, .T. ) ;
#966 = DIRECTION ( 'NONE',  ( -4.625929269271485914E-16, 1.000000000000000000, 0.000000000000000000 ) ) ;
#967 = AXIS2_PLACEMENT_3D ( 'NONE', #3127, #3635, #4614 ) ;
#968 = ORIENTED_EDGE ( 'NONE', *, *, #2301, .F. ) ;
#969 = AXIS2_PLACEMENT_3D ( 'NONE', #2417, #4800, #476 ) ;
#970 = DIRECTION ( 'NONE',  ( -1.000000000000000000, 0.000000000000000000, -1.387080272683752052E-14 ) ) ;
#971 = CARTESIAN_POINT ( 'NONE',  ( 26.28868308413116850, 19.49999999999999645, -7.834392949073296641 ) ) ;
#972 = CARTESIAN_POINT ( 'NONE',  ( -10.89148881748231901, 39.20810226695977008, -32.91724611188248417 ) ) ;
#973 = ORIENTED_EDGE ( 'NONE', *, *, #2696, .T. ) ;
#974 = CIRCLE ( 'NONE', #2563, 1.750000000000005107 ) ;
#975 = PLANE ( 'NONE',  #5381 ) ;
#976 = ORIENTED_EDGE ( 'NONE', *, *, #4409, .F. ) ;
#977 = VERTEX_POINT ( 'NONE', #1952 ) ;
#978 = CARTESIAN_POINT ( 'NONE',  ( -21.23861729532957909, 39.49999999999997158, -32.57634603770213744 ) ) ;
#979 = EDGE_CURVE ( 'NONE', #5474, #5572, #3802, .T. ) ;
#980 = LINE ( 'NONE', #5247, #1863 ) ;
#981 = DIRECTION ( 'NONE',  ( 0.000000000000000000, 0.000000000000000000, -1.000000000000000000 ) ) ;
#982 = FACE_OUTER_BOUND ( 'NONE', #3115, .T. ) ;
#983 = EDGE_CURVE ( 'NONE', #2926, #5817, #3326, .T. ) ;
#984 = DIRECTION ( 'NONE',  ( -0.5773502691896257311, 0.5773502691896257311, 0.5773502691896257311 ) ) ;
#985 = ORIENTED_EDGE ( 'NONE', *, *, #5516, .T. ) ;
#986 = EDGE_LOOP ( 'NONE', ( #2193, #4407, #4945, #5045 ) ) ;
#987 = FACE_OUTER_BOUND ( 'NONE', #4633, .T. ) ;
#988 = EDGE_CURVE ( 'NONE', #4783, #5820, #980, .T. ) ;
#989 = LINE ( 'NONE', #4405, #4953 ) ;
#990 = ADVANCED_FACE ( 'NONE', ( #4246 ), #3832, .F. ) ;
#991 = FACE_OUTER_BOUND ( 'NONE', #5262, .T. ) ;
#992 = VERTEX_POINT ( 'NONE', #3863 ) ;
#993 = ORIENTED_EDGE ( 'NONE', *, *, #2860, .F. ) ;
#994 = FACE_OUTER_BOUND ( 'NONE', #4375, .T. ) ;
#995 = ORIENTED_EDGE ( 'NONE', *, *, #3411, .F. ) ;
#996 = CONICAL_SURFACE ( 'NONE', #93, 69.50000000000042633, 0.7853981633974482790 ) ;
#997 = CARTESIAN_POINT ( 'NONE',  ( -58.21131989884239744, 14.49999999999999467, -7.834392949073296641 ) ) ;
#998 = ADVANCED_FACE ( 'NONE', ( #2383 ), #3735, .F. ) ;
#999 = DIRECTION ( 'NONE',  ( 0.000000000000000000, 1.000000000000000000, 0.000000000000000000 ) ) ;
#1000 = CARTESIAN_POINT ( 'NONE',  ( 24.28868308413118626, 39.50000000000000000, 35.37465162115796602 ) ) ;
#1001 = PLANE ( 'NONE',  #540 ) ;
#1002 = ORIENTED_EDGE ( 'NONE', *, *, #2816, .T. ) ;
#1003 = EDGE_CURVE ( 'NONE', #5234, #1431, #747, .T. ) ;
#1004 = CARTESIAN_POINT ( 'NONE',  ( 24.28868308413120047, 14.49999999999999467, -7.834392949073296641 ) ) ;
#1005 = DIRECTION ( 'NONE',  ( -0.000000000000000000, 1.000000000000000000, -1.156482317317871725E-16 ) ) ;
#1006 = EDGE_CURVE ( 'NONE', #3901, #5500, #4856, .T. ) ;
#1007 = ORIENTED_EDGE ( 'NONE', *, *, #333, .T. ) ;
#1008 = DIRECTION ( 'NONE',  ( -0.000000000000000000, -1.000000000000000000, 0.000000000000000000 ) ) ;
#1009 = DIRECTION ( 'NONE',  ( 1.226344921636310289E-16, 0.000000000000000000, 1.000000000000000000 ) ) ;
#1010 = VECTOR ( 'NONE', #3099, 1000.000000000000114 ) ;
#1011 = CARTESIAN_POINT ( 'NONE',  ( -21.71131840735561980, 13.50000000000001599, -34.12534837884241057 ) ) ;
#1012 = FACE_OUTER_BOUND ( 'NONE', #4499, .T. ) ;
#1013 = EDGE_CURVE ( 'NONE', #2601, #1424, #528, .T. ) ;
#1014 = ORIENTED_EDGE ( 'NONE', *, *, #1003, .F. ) ;
#1015 = VERTEX_POINT ( 'NONE', #3296 ) ;
#1016 = EDGE_CURVE ( 'NONE', #2179, #4332, #5220, .T. ) ;
#1017 = CONICAL_SURFACE ( 'NONE', #1917, 5.500000000000009770, 0.7853981633974439491 ) ;
#1018 = AXIS2_PLACEMENT_3D ( 'NONE', #273, #6022, #4602 ) ;
#1019 = DIRECTION ( 'NONE',  ( -0.000000000000000000, 1.000000000000000000, -0.000000000000000000 ) ) ;
#1020 = CARTESIAN_POINT ( 'NONE',  ( 0.000000000000000000, 0.000000000000000000, 0.000000000000000000 ) ) ;
#1021 = CARTESIAN_POINT ( 'NONE',  ( -21.12323761365686181, 39.03470259304827294, -33.40455445976250815 ) ) ;
#1022 = ORIENTED_EDGE ( 'NONE', *, *, #3988, .F. ) ;
#1023 = ORIENTED_EDGE ( 'NONE', *, *, #5399, .F. ) ;
#1024 = PLANE ( 'NONE',  #4266 ) ;
#1025 = ORIENTED_EDGE ( 'NONE', *, *, #4331, .T. ) ;
#1026 = EDGE_CURVE ( 'NONE', #1436, #1363, #659, .T. ) ;
#1027 = CARTESIAN_POINT ( 'NONE',  ( -15.96131840735561624, 3.000000000000000000, -24.62534837884204109 ) ) ;
#1028 = ADVANCED_FACE ( 'NONE', ( #5871 ), #3034, .T. ) ;
#1029 = CARTESIAN_POINT ( 'NONE',  ( -55.71131989884241165, 39.50000000000000000, 35.45656248069552419 ) ) ;
#1030 = LINE ( 'NONE', #4443, #4915 ) ;
#1031 = DIRECTION ( 'NONE',  ( -0.000000000000000000, -1.000000000000000000, -0.000000000000000000 ) ) ;
#1032 = ORIENTED_EDGE ( 'NONE', *, *, #5947, .F. ) ;
#1033 = DIRECTION ( 'NONE',  ( -0.000000000000000000, 1.000000000000000000, -0.000000000000000000 ) ) ;
#1034 = PLANE ( 'NONE',  #3762 ) ;
#1035 = ADVANCED_FACE ( 'NONE', ( #2099 ), #3985, .T. ) ;
#1036 = ORIENTED_EDGE ( 'NONE', *, *, #1508, .F. ) ;
#1037 = LINE ( 'NONE', #159, #4450 ) ;
#1038 = DIRECTION ( 'NONE',  ( -5.430604157131410851E-17, 0.000000000000000000, 1.000000000000000000 ) ) ;
#1039 = EDGE_CURVE ( 'NONE', #575, #4962, #1037, .T. ) ;
#1040 = LINE ( 'NONE', #1011, #2654 ) ;
#1041 = CARTESIAN_POINT ( 'NONE',  ( -33.46131840735562690, 22.49999999999999645, 35.95656248069552419 ) ) ;
#1042 = ORIENTED_EDGE ( 'NONE', *, *, #559, .F. ) ;
#1043 = AXIS2_PLACEMENT_3D ( 'NONE', #623, #1072, #4489 ) ;
#1044 = ORIENTED_EDGE ( 'NONE', *, *, #1139, .T. ) ;
#1045 = LINE ( 'NONE', #2951, #2843 ) ;
#1046 = CARTESIAN_POINT ( 'NONE',  ( -54.89668590507591972, 37.00000000000000000, 15.16560705092632411 ) ) ;
#1047 = VECTOR ( 'NONE', #1886, 1000.000000000000000 ) ;
#1048 = VECTOR ( 'NONE', #1080, 1000.000000000000000 ) ;
#1049 = DIRECTION ( 'NONE',  ( -0.000000000000000000, 0.000000000000000000, -1.000000000000000000 ) ) ;
#1050 = ORIENTED_EDGE ( 'NONE', *, *, #2590, .T. ) ;
#1051 = CARTESIAN_POINT ( 'NONE',  ( -56.21131989884242586, 4.499999999999999112, 12.16560705092670780 ) ) ;
#1052 = EDGE_LOOP ( 'NONE', ( #291, #5119, #488, #596 ) ) ;
#1053 = CYLINDRICAL_SURFACE ( 'NONE', #2060, 4.999999999999999112 ) ;
#1054 = VERTEX_POINT ( 'NONE', #2501 ) ;
#1055 = VECTOR ( 'NONE', #2026, 1000.000000000000000 ) ;
#1056 = AXIS2_PLACEMENT_3D ( 'NONE', #3070, #3513, #4047 ) ;
#1057 = CONICAL_SURFACE ( 'NONE', #2751, 5.499999999999998224, 0.7853981633974457255 ) ;
#1058 = VECTOR ( 'NONE', #4925, 1000.000000000000000 ) ;
#1059 = DIRECTION ( 'NONE',  ( -0.000000000000000000, -1.000000000000000000, -0.000000000000000000 ) ) ;
#1060 = DIRECTION ( 'NONE',  ( 0.000000000000000000, 0.000000000000000000, 1.000000000000000000 ) ) ;
#1061 = PLANE ( 'NONE',  #3814 ) ;
#1062 = CIRCLE ( 'NONE', #4269, 5.000000000000000000 ) ;
#1063 = LINE ( 'NONE', #1125, #1354 ) ;
#1064 = ORIENTED_EDGE ( 'NONE', *, *, #2279, .T. ) ;
#1065 = ADVANCED_FACE ( 'NONE', ( #1133 ), #2938, .F. ) ;
#1066 = CARTESIAN_POINT ( 'NONE',  ( -56.41580775494304589, 39.50000000000000000, -30.82909540675451865 ) ) ;
#1067 = DIRECTION ( 'NONE',  ( -1.000000000000000000, 0.000000000000000000, -6.938893903907222067E-15 ) ) ;
#1068 = VECTOR ( 'NONE', #3987, 1000.000000000000000 ) ;
#1069 = ORIENTED_EDGE ( 'NONE', *, *, #1392, .T. ) ;
#1070 = EDGE_CURVE ( 'NONE', #3523, #6110, #5551, .T. ) ;
#1071 = ORIENTED_EDGE ( 'NONE', *, *, #1352, .T. ) ;
#1072 = DIRECTION ( 'NONE',  ( -0.000000000000000000, -1.000000000000000000, -0.000000000000000000 ) ) ;
#1073 = EDGE_CURVE ( 'NONE', #2469, #1887, #5808, .T. ) ;
#1074 = LINE ( 'NONE', #4519, #4854 ) ;
#1075 = DIRECTION ( 'NONE',  ( 0.000000000000000000, 0.000000000000000000, -1.000000000000000000 ) ) ;
#1076 = CARTESIAN_POINT ( 'NONE',  ( -56.21131989884242586, 4.499999999999999112, -7.834392949073294865 ) ) ;
#1077 = ORIENTED_EDGE ( 'NONE', *, *, #3682, .T. ) ;
#1078 = ORIENTED_EDGE ( 'NONE', *, *, #468, .F. ) ;
#1079 = EDGE_CURVE ( 'NONE', #3925, #5204, #3511, .T. ) ;
#1080 = DIRECTION ( 'NONE',  ( 1.000000000000000000, 0.000000000000000000, 0.000000000000000000 ) ) ;
#1081 = FACE_OUTER_BOUND ( 'NONE', #5705, .T. ) ;
#1082 = CARTESIAN_POINT ( 'NONE',  ( 26.28868308413118271, 0.000000000000000000, 0.000000000000000000 ) ) ;
#1083 = VERTEX_POINT ( 'NONE', #1512 ) ;
#1084 = CYLINDRICAL_SURFACE ( 'NONE', #4771, 69.50000000000042633 ) ;
#1085 = ORIENTED_EDGE ( 'NONE', *, *, #2068, .F. ) ;
#1086 = DIRECTION ( 'NONE',  ( 1.000000000000000000, 0.000000000000000000, 0.000000000000000000 ) ) ;
#1087 = ADVANCED_FACE ( 'NONE', ( #4956 ), #1853, .F. ) ;
#1088 = ORIENTED_EDGE ( 'NONE', *, *, #3687, .F. ) ;
#1089 = CARTESIAN_POINT ( 'NONE',  ( -21.71131840735561980, 2.500000000000000000, -23.42534837884203824 ) ) ;
#1090 = FACE_OUTER_BOUND ( 'NONE', #1052, .T. ) ;
#1091 = DIRECTION ( 'NONE',  ( -1.000000000000000000, 0.000000000000000000, 0.000000000000000000 ) ) ;
#1092 = DIRECTION ( 'NONE',  ( -0.5773502691896266192, -0.5773502691896240657, 0.5773502691896265082 ) ) ;
#1093 = VERTEX_POINT ( 'NONE', #3413 ) ;
#1094 = LINE ( 'NONE', #3566, #2944 ) ;
#1095 = EDGE_CURVE ( 'NONE', #1928, #1649, #123, .T. ) ;
#1096 = CARTESIAN_POINT ( 'NONE',  ( -4.811316915868828481, 0.000000000000000000, 30.45656248069552063 ) ) ;
#1097 = CARTESIAN_POINT ( 'NONE',  ( -21.14401115919214647, 39.36126861461082882, -32.76407976423158175 ) ) ;
#1098 = LINE ( 'NONE', #5400, #5274 ) ;
#1099 = ORIENTED_EDGE ( 'NONE', *, *, #5926, .F. ) ;
#1100 = CARTESIAN_POINT ( 'NONE',  ( -5.511318407355614291, 11.50000000000000000, 0.000000000000000000 ) ) ;
#1101 = ADVANCED_FACE ( 'NONE', ( #1539 ), #4018, .T. ) ;
#1102 = CARTESIAN_POINT ( 'NONE',  ( -37.11131989884241733, 0.5000000000000004441, -26.12534837884203753 ) ) ;
#1103 = DIRECTION ( 'NONE',  ( 0.000000000000000000, 0.000000000000000000, -1.000000000000000000 ) ) ;
#1104 = CARTESIAN_POINT ( 'NONE',  ( -10.21131840735561447, 7.000000000000000888, -40.12534837884211214 ) ) ;
#1105 = VERTEX_POINT ( 'NONE', #1165 ) ;
#1106 = EDGE_LOOP ( 'NONE', ( #3107, #253, #4445, #2365 ) ) ;
#1107 = AXIS2_PLACEMENT_3D ( 'NONE', #5858, #6197, #4300 ) ;
#1108 = VECTOR ( 'NONE', #3911, 1000.000000000000000 ) ;
#1109 = DIRECTION ( 'NONE',  ( -0.000000000000000000, -0.000000000000000000, 1.000000000000000000 ) ) ;
#1110 = DIRECTION ( 'NONE',  ( 0.000000000000000000, 0.000000000000000000, -1.000000000000000000 ) ) ;
#1111 = VECTOR ( 'NONE', #4713, 1000.000000000000000 ) ;
#1112 = DIRECTION ( 'NONE',  ( -1.000000000000000000, -0.000000000000000000, -0.000000000000000000 ) ) ;
#1113 = ORIENTED_EDGE ( 'NONE', *, *, #3798, .T. ) ;
#1114 = DIRECTION ( 'NONE',  ( -5.430604157131410851E-17, 0.000000000000000000, 1.000000000000000000 ) ) ;
#1115 = VECTOR ( 'NONE', #3271, 1000.000000000000114 ) ;
#1116 = AXIS2_PLACEMENT_3D ( 'NONE', #4789, #4730, #1885 ) ;
#1117 = ORIENTED_EDGE ( 'NONE', *, *, #1095, .T. ) ;
#1118 = ORIENTED_EDGE ( 'NONE', *, *, #2032, .T. ) ;
#1119 = EDGE_CURVE ( 'NONE', #1809, #5787, #4426, .T. ) ;
#1120 = DIRECTION ( 'NONE',  ( 1.000000000000000000, -0.000000000000000000, -0.000000000000000000 ) ) ;
#1121 = ADVANCED_FACE ( 'NONE', ( #4892 ), #591, .F. ) ;
#1122 = LINE ( 'NONE', #5029, #2388 ) ;
#1123 = ADVANCED_FACE ( 'NONE', ( #3539 ), #3438, .F. ) ;
#1124 = DIRECTION ( 'NONE',  ( -0.000000000000000000, -0.000000000000000000, -1.000000000000000000 ) ) ;
#1125 = CARTESIAN_POINT ( 'NONE',  ( 26.78868308413118271, 3.999999999999988010, 12.16560705092670780 ) ) ;
#1126 = VERTEX_POINT ( 'NONE', #5898 ) ;
#1127 = DIRECTION ( 'NONE',  ( 0.000000000000000000, 0.000000000000000000, -1.000000000000000000 ) ) ;
#1128 = DIRECTION ( 'NONE',  ( -1.226344921636310289E-16, 0.000000000000000000, 1.000000000000000000 ) ) ;
#1129 = VECTOR ( 'NONE', #4889, 1000.000000000000000 ) ;
#1130 = DIRECTION ( 'NONE',  ( -0.000000000000000000, -0.000000000000000000, -1.000000000000000000 ) ) ;
#1131 = ORIENTED_EDGE ( 'NONE', *, *, #1013, .T. ) ;
#1132 = EDGE_LOOP ( 'NONE', ( #3435, #514, #6185 ) ) ;
#1133 = FACE_OUTER_BOUND ( 'NONE', #210, .T. ) ;
#1134 = DIRECTION ( 'NONE',  ( -1.387080272683752052E-14, -0.000000000000000000, 1.000000000000000000 ) ) ;
#1135 = CARTESIAN_POINT ( 'NONE',  ( 26.28868308413118271, 39.50000000000000000, 35.37465162115796602 ) ) ;
#1136 = DIRECTION ( 'NONE',  ( 0.000000000000000000, 0.000000000000000000, 1.000000000000000000 ) ) ;
#1137 = EDGE_CURVE ( 'NONE', #192, #103, #5432, .T. ) ;
#1138 = VERTEX_POINT ( 'NONE', #5079 ) ;
#1139 = EDGE_CURVE ( 'NONE', #2003, #2419, #4255, .T. ) ;
#1140 = ORIENTED_EDGE ( 'NONE', *, *, #2732, .F. ) ;
#1141 = DIRECTION ( 'NONE',  ( -1.226344921636310289E-16, 0.000000000000000000, -1.000000000000000000 ) ) ;
#1142 = CARTESIAN_POINT ( 'NONE',  ( 17.78868308413117916, 0.9499999999999838574, 27.20656248069551708 ) ) ;
#1143 = CARTESIAN_POINT ( 'NONE',  ( -28.46131840735561980, 27.50000000000000000, 35.45656248069552419 ) ) ;
#1144 = VERTEX_POINT ( 'NONE', #749 ) ;
#1145 = DIRECTION ( 'NONE',  ( 0.7071067811865480168, 0.000000000000000000, 0.7071067811865470176 ) ) ;
#1146 = ORIENTED_EDGE ( 'NONE', *, *, #5895, .F. ) ;
#1147 = ADVANCED_FACE ( 'NONE', ( #2129 ), #5143, .F. ) ;
#1148 = ORIENTED_EDGE ( 'NONE', *, *, #3488, .F. ) ;
#1149 = CARTESIAN_POINT ( 'NONE',  ( -49.71131989884241165, 0.9499999999999872990, 25.45656248069552419 ) ) ;
#1150 = CARTESIAN_POINT ( 'NONE',  ( -36.97194292656563874, 0.5000000000000004441, 35.37465162115807971 ) ) ;
#1151 = DIRECTION ( 'NONE',  ( -0.000000000000000000, 0.000000000000000000, 1.000000000000000000 ) ) ;
#1152 = DIRECTION ( 'NONE',  ( 0.000000000000000000, 0.000000000000000000, 1.000000000000000000 ) ) ;
#1153 = EDGE_CURVE ( 'NONE', #3886, #2859, #1794, .T. ) ;
#1154 = AXIS2_PLACEMENT_3D ( 'NONE', #5384, #4467, #4967 ) ;
#1155 = ORIENTED_EDGE ( 'NONE', *, *, #4638, .F. ) ;
#1156 = DIRECTION ( 'NONE',  ( 0.000000000000000000, -0.7071067811865474617, -0.7071067811865474617 ) ) ;
#1157 = VECTOR ( 'NONE', #88, 1000.000000000000000 ) ;
#1158 = CARTESIAN_POINT ( 'NONE',  ( -10.01044342365314321, 39.01544701669908477, -33.97492898614024170 ) ) ;
#1159 = VECTOR ( 'NONE', #5510, 1000.000000000000000 ) ;
#1160 = CONICAL_SURFACE ( 'NONE', #858, 69.00000000000042633, 0.7853981633974415066 ) ;
#1161 = FACE_OUTER_BOUND ( 'NONE', #5822, .T. ) ;
#1162 = ORIENTED_EDGE ( 'NONE', *, *, #1451, .T. ) ;
#1163 = CONICAL_SURFACE ( 'NONE', #3560, 1.750000000000005107, 0.7853981633974466137 ) ;
#1164 = VECTOR ( 'NONE', #1346, 1000.000000000000000 ) ;
#1165 = CARTESIAN_POINT ( 'NONE',  ( -36.97194292656568138, 39.00000000000000000, -31.12534837884262373 ) ) ;
#1166 = CARTESIAN_POINT ( 'NONE',  ( -25.91131840735561553, 11.00000000000000000, -21.42534837884203824 ) ) ;
#1167 = DIRECTION ( 'NONE',  ( 0.000000000000000000, 0.000000000000000000, -1.000000000000000000 ) ) ;
#1168 = FACE_OUTER_BOUND ( 'NONE', #2889, .T. ) ;
#1169 = AXIS2_PLACEMENT_3D ( 'NONE', #172, #3080, #2482 ) ;
#1170 = ORIENTED_EDGE ( 'NONE', *, *, #1709, .T. ) ;
#1171 = CARTESIAN_POINT ( 'NONE',  ( 2.038681592644381535, 22.50000000000000355, 35.45656248069552419 ) ) ;
#1172 = VERTEX_POINT ( 'NONE', #4045 ) ;
#1173 = EDGE_CURVE ( 'NONE', #3047, #3369, #848, .T. ) ;
#1174 = DIRECTION ( 'NONE',  ( -0.000000000000000000, -1.000000000000000000, -0.000000000000000000 ) ) ;
#1175 = CARTESIAN_POINT ( 'NONE',  ( -54.39668590507573498, 37.00000000000000000, -10.83439294907367056 ) ) ;
#1176 = ORIENTED_EDGE ( 'NONE', *, *, #1961, .F. ) ;
#1177 = CARTESIAN_POINT ( 'NONE',  ( 5.688683084131177736, 2.500000000000000000, 6.976287611022653682E-16 ) ) ;
#1178 = ORIENTED_EDGE ( 'NONE', *, *, #3683, .T. ) ;
#1179 = ORIENTED_EDGE ( 'NONE', *, *, #4888, .T. ) ;
#1180 = EDGE_CURVE ( 'NONE', #4503, #5733, #3186, .T. ) ;
#1181 = CARTESIAN_POINT ( 'NONE',  ( 2.038681592644385088, 17.50000000000000355, 38.45656248069552419 ) ) ;
#1182 = EDGE_CURVE ( 'NONE', #173, #5227, #1725, .T. ) ;
#1183 = CARTESIAN_POINT ( 'NONE',  ( -25.91131840735561553, 11.50000000000000000, -21.42534837884203824 ) ) ;
#1184 = DIRECTION ( 'NONE',  ( -0.7071067811865506814, 0.7071067811865443531, 0.000000000000000000 ) ) ;
#1185 = ORIENTED_EDGE ( 'NONE', *, *, #3016, .F. ) ;
#1186 = CARTESIAN_POINT ( 'NONE',  ( -21.71131840735561980, 11.50000000000000000, -23.92534837884204180 ) ) ;
#1187 = FACE_OUTER_BOUND ( 'NONE', #765, .T. ) ;
#1188 = CARTESIAN_POINT ( 'NONE',  ( -33.96131840735562690, 17.49999999999999645, 38.45656248069552419 ) ) ;
#1189 = ORIENTED_EDGE ( 'NONE', *, *, #4095, .F. ) ;
#1190 = B_SPLINE_CURVE_WITH_KNOTS ( 'NONE', 3,
 ( #1804, #3167, #1834, #896 ),
 .UNSPECIFIED., .F., .F.,
 ( 4, 4 ),
 ( 0.000000000000000000, 6.033103160303367559E-05 ),
 .UNSPECIFIED. ) ;
#1191 = EDGE_CURVE ( 'NONE', #3533, #2918, #339, .T. ) ;
#1192 = DIRECTION ( 'NONE',  ( 0.7071067811865451302, 0.7071067811865500152, 0.000000000000000000 ) ) ;
#1193 = CARTESIAN_POINT ( 'NONE',  ( -22.91131840735561909, 11.50000000000000000, -18.92534837884203824 ) ) ;
#1194 = EDGE_CURVE ( 'NONE', #2321, #3760, #3478, .T. ) ;
#1195 = DIRECTION ( 'NONE',  ( 0.000000000000000000, 1.000000000000000000, -1.156482317317871725E-16 ) ) ;
#1196 = DIRECTION ( 'NONE',  ( 0.000000000000000000, 0.7071067811865425767, 0.7071067811865524577 ) ) ;
#1197 = EDGE_LOOP ( 'NONE', ( #306, #1483, #251, #3214, #65, #5197, #4464, #2879 ) ) ;
#1198 = CARTESIAN_POINT ( 'NONE',  ( -14.71131840735561802, 2.499999999999998668, -31.12534837884210859 ) ) ;
#1199 = ORIENTED_EDGE ( 'NONE', *, *, #6125, .T. ) ;
#1200 = CARTESIAN_POINT ( 'NONE',  ( 38.28868010115761678, 19.49999999999999645, 0.000000000000000000 ) ) ;
#1201 = DIRECTION ( 'NONE',  ( -0.000000000000000000, -1.000000000000000000, 0.000000000000000000 ) ) ;
#1202 = ADVANCED_FACE ( 'NONE', ( #2255 ), #4176, .T. ) ;
#1203 = ORIENTED_EDGE ( 'NONE', *, *, #5481, .F. ) ;
#1204 = DIRECTION ( 'NONE',  ( -0.000000000000000000, -1.000000000000000000, -0.000000000000000000 ) ) ;
#1205 = ORIENTED_EDGE ( 'NONE', *, *, #909, .F. ) ;
#1206 = ORIENTED_EDGE ( 'NONE', *, *, #5990, .F. ) ;
#1207 = DIRECTION ( 'NONE',  ( -6.280397680075400477E-33, -1.000000000000000000, 1.156482317317871725E-16 ) ) ;
#1208 = VECTOR ( 'NONE', #1895, 1000.000000000000000 ) ;
#1209 = CARTESIAN_POINT ( 'NONE',  ( 26.28868308413116850, 19.49999999999999645, 12.16560705092670602 ) ) ;
#1210 = CARTESIAN_POINT ( 'NONE',  ( -9.965091087861557284, 39.01444374913310043, -33.99349593829534655 ) ) ;
#1211 = CIRCLE ( 'NONE', #4223, 5.500000000000005329 ) ;
#1212 = VECTOR ( 'NONE', #5284, 1000.000000000000000 ) ;
#1213 = ORIENTED_EDGE ( 'NONE', *, *, #1006, .T. ) ;
#1214 = CARTESIAN_POINT ( 'NONE',  ( -6.011318407355614291, 11.50000000000000000, -21.42534837884203824 ) ) ;
#1215 = EDGE_CURVE ( 'NONE', #506, #4737, #6094, .T. ) ;
#1216 = EDGE_CURVE ( 'NONE', #4631, #5474, #3697, .T. ) ;
#1217 = CARTESIAN_POINT ( 'NONE',  ( -56.41580775494304589, 0.000000000000000000, -30.82909540675451510 ) ) ;
#1218 = PLANE ( 'NONE',  #711 ) ;
#1219 = ORIENTED_EDGE ( 'NONE', *, *, #5994, .F. ) ;
#1220 = DIRECTION ( 'NONE',  ( 1.000000000000000000, 0.000000000000000000, 0.000000000000000000 ) ) ;
#1221 = DIRECTION ( 'NONE',  ( -0.6839411288813306289, -0.7295372041400842722, 0.000000000000000000 ) ) ;
#1222 = CARTESIAN_POINT ( 'NONE',  ( -9.744543778940826684, 39.49999999999998579, -33.54141295860160454 ) ) ;
#1223 = EDGE_CURVE ( 'NONE', #5508, #506, #3157, .T. ) ;
#1224 = CARTESIAN_POINT ( 'NONE',  ( 23.78868308413118626, 14.49999999999999467, -13.33439294907331174 ) ) ;
#1225 = ORIENTED_EDGE ( 'NONE', *, *, #3992, .T. ) ;
#1226 = PLANE ( 'NONE',  #967 ) ;
#1227 = ORIENTED_EDGE ( 'NONE', *, *, #729, .F. ) ;
#1228 = CARTESIAN_POINT ( 'NONE',  ( -21.71131840735561980, 11.00000000000000000, -23.92534837884204180 ) ) ;
#1229 = DIRECTION ( 'NONE',  ( -1.000000000000000000, -0.000000000000000000, -0.000000000000000000 ) ) ;
#1230 = ORIENTED_EDGE ( 'NONE', *, *, #796, .T. ) ;
#1231 = FACE_OUTER_BOUND ( 'NONE', #2544, .T. ) ;
#1232 = ORIENTED_EDGE ( 'NONE', *, *, #5399, .T. ) ;
#1233 = VERTEX_POINT ( 'NONE', #5995 ) ;
#1234 = CARTESIAN_POINT ( 'NONE',  ( -25.91131840735561553, 11.50000000000000000, -23.42534837884203824 ) ) ;
#1235 = CARTESIAN_POINT ( 'NONE',  ( -33.46131840735562690, 27.50000000000000000, 13.45656248069557925 ) ) ;
#1236 = LINE ( 'NONE', #3143, #5766 ) ;
#1237 = ORIENTED_EDGE ( 'NONE', *, *, #467, .T. ) ;
#1238 = DIRECTION ( 'NONE',  ( 0.000000000000000000, 0.000000000000000000, -1.000000000000000000 ) ) ;
#1239 = VERTEX_POINT ( 'NONE', #5617 ) ;
#1240 = VECTOR ( 'NONE', #3224, 1000.000000000000000 ) ;
#1241 = DIRECTION ( 'NONE',  ( 0.000000000000000000, 0.000000000000000000, -1.000000000000000000 ) ) ;
#1242 = AXIS2_PLACEMENT_3D ( 'NONE', #6146, #4594, #2672 ) ;
#1243 =( NAMED_UNIT ( * ) PLANE_ANGLE_UNIT ( ) SI_UNIT ( $, .RADIAN. ) );
#1244 = CARTESIAN_POINT ( 'NONE',  ( -21.45723096573263433, 39.49999999999999289, -33.00799911460216407 ) ) ;
#1245 = ADVANCED_FACE ( 'NONE', ( #1695, #5522 ), #4606, .F. ) ;
#1246 = AXIS2_PLACEMENT_3D ( 'NONE', #5986, #4629, #1713 ) ;
#1247 = EDGE_LOOP ( 'NONE', ( #1609, #3228, #4055, #821 ) ) ;
#1248 = VECTOR ( 'NONE', #4995, 1000.000000000000000 ) ;
#1249 = AXIS2_PLACEMENT_3D ( 'NONE', #4004, #4536, #639 ) ;
#1250 = AXIS2_PLACEMENT_3D ( 'NONE', #4727, #4258, #297 ) ;
#1251 = DIRECTION ( 'NONE',  ( -1.000000000000000000, -0.000000000000000000, -1.387080272683752052E-14 ) ) ;
#1252 = DIRECTION ( 'NONE',  ( 0.000000000000000000, 0.000000000000000000, -1.000000000000000000 ) ) ;
#1253 = EDGE_CURVE ( 'NONE', #4301, #3047, #2220, .T. ) ;
#1254 = CARTESIAN_POINT ( 'NONE',  ( -9.569098664514672947, 39.50000000000000711, -33.59131490348742943 ) ) ;
#1255 = DIRECTION ( 'NONE',  ( 0.7071067811865475727, 0.000000000000000000, -0.7071067811865475727 ) ) ;
#1256 = AXIS2_PLACEMENT_3D ( 'NONE', #3918, #2934, #4858 ) ;
#1257 = VECTOR ( 'NONE', #3603, 1000.000000000000114 ) ;
#1258 = CARTESIAN_POINT ( 'NONE',  ( -3.461318407355616245, 12.50000000000000000, 37.95656248069552419 ) ) ;
#1259 = ORIENTED_EDGE ( 'NONE', *, *, #5829, .F. ) ;
#1260 = CARTESIAN_POINT ( 'NONE',  ( -37.61131989884240312, 2.500000000000000000, 30.95656248069552063 ) ) ;
#1261 = ORIENTED_EDGE ( 'NONE', *, *, #4014, .T. ) ;
#1262 = EDGE_CURVE ( 'NONE', #3721, #1667, #3665, .T. ) ;
#1263 = DIRECTION ( 'NONE',  ( -1.000000000000000000, 0.000000000000000000, 0.000000000000000000 ) ) ;
#1264 = LINE ( 'NONE', #5193, #4392 ) ;
#1265 = FACE_OUTER_BOUND ( 'NONE', #153, .T. ) ;
#1266 = VECTOR ( 'NONE', #1553, 1000.000000000000000 ) ;
#1267 = ORIENTED_EDGE ( 'NONE', *, *, #4206, .F. ) ;
#1268 = CARTESIAN_POINT ( 'NONE',  ( -54.53191730300569873, 36.65802943555933524, -10.83439294907367056 ) ) ;
#1269 = ORIENTED_EDGE ( 'NONE', *, *, #5742, .T. ) ;
#1270 = VERTEX_POINT ( 'NONE', #6057 ) ;
#1271 = EDGE_CURVE ( 'NONE', #1431, #2739, #1322, .T. ) ;
#1272 = ADVANCED_FACE ( 'NONE', ( #6029 ), #5652, .T. ) ;
#1273 = LINE ( 'NONE', #1234, #1858 ) ;
#1274 = FACE_OUTER_BOUND ( 'NONE', #5323, .T. ) ;
#1275 = CARTESIAN_POINT ( 'NONE',  ( -10.89730784466383540, 39.03744805856084810, -33.26346407311699949 ) ) ;
#1276 = ADVANCED_FACE ( 'NONE', ( #1476 ), #3882, .F. ) ;
#1277 = ORIENTED_EDGE ( 'NONE', *, *, #4453, .F. ) ;
#1278 = DIRECTION ( 'NONE',  ( 9.813077866773586595E-15, 0.7071067811865474617, -0.7071067811865474617 ) ) ;
#1279 = AXIS2_PLACEMENT_3D ( 'NONE', #5022, #631, #2539 ) ;
#1280 = EDGE_LOOP ( 'NONE', ( #1903, #595, #730, #2499 ) ) ;
#1281 = DIRECTION ( 'NONE',  ( 0.000000000000000000, 1.000000000000000000, 0.000000000000000000 ) ) ;
#1282 = CARTESIAN_POINT ( 'NONE',  ( 23.78868308413152022, 35.39999999999999858, 15.16560705092632055 ) ) ;
#1283 = CARTESIAN_POINT ( 'NONE',  ( -22.00965554598208129, 39.49999999999999289, -33.47140620396795185 ) ) ;
#1284 = VERTEX_POINT ( 'NONE', #4207 ) ;
#1285 = ADVANCED_FACE ( 'NONE', ( #114 ), #1353, .F. ) ;
#1286 = AXIS2_PLACEMENT_3D ( 'NONE', #1082, #3929, #2984 ) ;
#1287 = DIRECTION ( 'NONE',  ( 4.625929269271485914E-16, -1.000000000000000000, 0.000000000000000000 ) ) ;
#1288 = DIRECTION ( 'NONE',  ( 0.5773502691896257311, -0.5773502691896257311, 0.5773502691896257311 ) ) ;
#1289 = CARTESIAN_POINT ( 'NONE',  ( -9.529596445912002167, 39.49999999999998579, -33.59936435525488463 ) ) ;
#1290 = DIRECTION ( 'NONE',  ( -0.000000000000000000, -1.000000000000000000, -0.000000000000000000 ) ) ;
#1291 = ORIENTED_EDGE ( 'NONE', *, *, #6091, .T. ) ;
#1292 = LINE ( 'NONE', #252, #754 ) ;
#1293 = ORIENTED_EDGE ( 'NONE', *, *, #1669, .T. ) ;
#1294 = AXIS2_PLACEMENT_3D ( 'NONE', #3466, #5183, #5391 ) ;
#1295 = EDGE_CURVE ( 'NONE', #3846, #3959, #3432, .T. ) ;
#1296 = CARTESIAN_POINT ( 'NONE',  ( -23.74465174068895124, 11.83333333333333215, -19.75868171217537039 ) ) ;
#1297 = CARTESIAN_POINT ( 'NONE',  ( 0.000000000000000000, 0.000000000000000000, 30.95656248069552063 ) ) ;
#1298 = DIRECTION ( 'NONE',  ( 0.000000000000000000, 1.000000000000000000, 0.000000000000000000 ) ) ;
#1299 = ORIENTED_EDGE ( 'NONE', *, *, #224, .F. ) ;
#1300 = DIRECTION ( 'NONE',  ( 0.7071067811865477948, 0.000000000000000000, -0.7071067811865473507 ) ) ;
#1301 = ORIENTED_EDGE ( 'NONE', *, *, #4194, .F. ) ;
#1302 = ORIENTED_EDGE ( 'NONE', *, *, #2567, .T. ) ;
#1303 = FACE_OUTER_BOUND ( 'NONE', #3681, .T. ) ;
#1304 = DIRECTION ( 'NONE',  ( 1.000000000000000000, -0.000000000000000000, -0.000000000000000000 ) ) ;
#1305 = CARTESIAN_POINT ( 'NONE',  ( -10.68082119894341986, 39.03160419332141373, -33.52282083465231466 ) ) ;
#1306 = VERTEX_POINT ( 'NONE', #4388 ) ;
#1307 = EDGE_CURVE ( 'NONE', #2546, #4137, #2435, .T. ) ;
#1308 = VERTEX_POINT ( 'NONE', #5328 ) ;
#1309 = DIRECTION ( 'NONE',  ( 0.000000000000000000, 0.000000000000000000, -1.000000000000000000 ) ) ;
#1310 = ORIENTED_EDGE ( 'NONE', *, *, #5261, .F. ) ;
#1311 = CARTESIAN_POINT ( 'NONE',  ( -9.011318407355615179, 11.00000000000000000, -18.92534837884203824 ) ) ;
#1312 = ADVANCED_FACE ( 'NONE', ( #2429 ), #5824, .F. ) ;
#1313 = B_SPLINE_CURVE_WITH_KNOTS ( 'NONE', 3,
 ( #5450, #3556, #637, #608, #4502, #3495 ),
 .UNSPECIFIED., .F., .F.,
 ( 4, 2, 4 ),
 ( 0.000000000000000000, 0.5000000000000000000, 1.000000000000000000 ),
 .UNSPECIFIED. ) ;
#1314 = CIRCLE ( 'NONE', #4315, 3.000000000000002665 ) ;
#1315 = CIRCLE ( 'NONE', #708, 4.500000000000002665 ) ;
#1316 = PLANE ( 'NONE',  #1018 ) ;
#1317 = CARTESIAN_POINT ( 'NONE',  ( -21.69437082886852863, 39.02039733501117524, -33.87016562449002777 ) ) ;
#1318 = VECTOR ( 'NONE', #5872, 1000.000000000000000 ) ;
#1319 = ORIENTED_EDGE ( 'NONE', *, *, #5078, .F. ) ;
#1320 = AXIS2_PLACEMENT_3D ( 'NONE', #2386, #2856, #6170 ) ;
#1321 = VECTOR ( 'NONE', #303, 1000.000000000000000 ) ;
#1322 = LINE ( 'NONE', #4110, #1240 ) ;
#1323 = CARTESIAN_POINT ( 'NONE',  ( -5.699805706780941653E-15, 11.50000000000001066, -40.12534837884211214 ) ) ;
#1324 = CARTESIAN_POINT ( 'NONE',  ( -9.675526597071074875, 39.00831810737667382, -34.07997041170248309 ) ) ;
#1325 = CARTESIAN_POINT ( 'NONE',  ( 0.000000000000000000, 0.000000000000000000, 0.000000000000000000 ) ) ;
#1326 = DIRECTION ( 'NONE',  ( -1.000000000000000000, 0.000000000000000000, 0.000000000000000000 ) ) ;
#1327 = ORIENTED_EDGE ( 'NONE', *, *, #5760, .F. ) ;
#1328 = CARTESIAN_POINT ( 'NONE',  ( -58.71131989884241165, 2.500000000000000000, -28.43040892023596200 ) ) ;
#1329 = ORIENTED_EDGE ( 'NONE', *, *, #4506, .T. ) ;
#1330 = PLANE ( 'NONE',  #1450 ) ;
#1331 = LINE ( 'NONE', #2231, #5424 ) ;
#1332 = LINE ( 'NONE', #5598, #4516 ) ;
#1333 = ADVANCED_FACE ( 'NONE', ( #1999 ), #3185, .F. ) ;
#1334 = ORIENTED_EDGE ( 'NONE', *, *, #86, .F. ) ;
#1335 = CARTESIAN_POINT ( 'NONE',  ( 24.49317464742662764, 0.000000000000000000, -30.82906535597377484 ) ) ;
#1336 = EDGE_LOOP ( 'NONE', ( #5513, #2235, #516, #5156 ) ) ;
#1337 = ORIENTED_EDGE ( 'NONE', *, *, #1492, .T. ) ;
#1338 = CARTESIAN_POINT ( 'NONE',  ( -22.07339693289876337, 39.50000000000000000, -33.50871401929189375 ) ) ;
#1339 = LINE ( 'NONE', #5167, #5555 ) ;
#1340 = CARTESIAN_POINT ( 'NONE',  ( -58.71131989884241165, 14.49999999999999467, -7.834392949073296641 ) ) ;
#1341 = EDGE_CURVE ( 'NONE', #2003, #3914, #553, .T. ) ;
#1342 = ORIENTED_EDGE ( 'NONE', *, *, #4879, .F. ) ;
#1343 = ORIENTED_EDGE ( 'NONE', *, *, #5985, .T. ) ;
#1344 = DIRECTION ( 'NONE',  ( -0.6839411288813307399, -0.7295372041400842722, -4.745794929826089353E-15 ) ) ;
#1345 = ORIENTED_EDGE ( 'NONE', *, *, #2560, .T. ) ;
#1346 = DIRECTION ( 'NONE',  ( -1.000000000000000000, 0.000000000000000000, 0.000000000000000000 ) ) ;
#1347 = EDGE_CURVE ( 'NONE', #1765, #2573, #1529, .T. ) ;
#1348 = CARTESIAN_POINT ( 'NONE',  ( -21.36372863209807704, 39.02845748116494917, -33.63758509009376496 ) ) ;
#1349 = ORIENTED_EDGE ( 'NONE', *, *, #4106, .F. ) ;
#1350 = AXIS2_PLACEMENT_3D ( 'NONE', #3848, #85, #2787 ) ;
#1351 = AXIS2_PLACEMENT_3D ( 'NONE', #2065, #1130, #3917 ) ;
#1352 = EDGE_CURVE ( 'NONE', #2611, #1846, #581, .T. ) ;
#1353 = PLANE ( 'NONE',  #1645 ) ;
#1354 = VECTOR ( 'NONE', #3087, 1000.000000000000000 ) ;
#1355 = DIRECTION ( 'NONE',  ( 1.226344921636310289E-16, 0.000000000000000000, 1.000000000000000000 ) ) ;
#1356 = PLANE ( 'NONE',  #89 ) ;
#1357 = DIRECTION ( 'NONE',  ( -0.7071067811865474617, 0.7071067811865474617, 0.000000000000000000 ) ) ;
#1358 = VECTOR ( 'NONE', #1207, 1000.000000000000000 ) ;
#1359 = VECTOR ( 'NONE', #3447, 1000.000000000000000 ) ;
#1360 = ORIENTED_EDGE ( 'NONE', *, *, #4092, .T. ) ;
#1361 = CARTESIAN_POINT ( 'NONE',  ( 23.78868308413118271, 39.00000000000000000, 35.45656248069552419 ) ) ;
#1362 = AXIS2_PLACEMENT_3D ( 'NONE', #487, #2367, #4813 ) ;
#1363 = VERTEX_POINT ( 'NONE', #3728 ) ;
#1364 = CARTESIAN_POINT ( 'NONE',  ( 26.28868308413116850, 19.49999999999999645, 0.000000000000000000 ) ) ;
#1365 = EDGE_CURVE ( 'NONE', #50, #2800, #888, .T. ) ;
#1366 = DIRECTION ( 'NONE',  ( -1.226344921636310289E-16, 0.000000000000000000, 1.000000000000000000 ) ) ;
#1367 = CLOSED_SHELL ( 'NONE', ( #3303, #32, #1579, #5211, #1827, #4133, #338, #2490, #1245, #2711, #5952, #2757, #3383, #5900, #1729, #5068, #1101, #3897, #3803, #1065, #3370, #3801, #242, #6168, #1405, #3010, #1276, #604, #2411, #651, #1312, #3024, #6196, #1028, #590, #1916, #571, #1581, #837, #3091, #525, #517, #4616, #1532, #2911, #3429, #2577, #3496, #2797, #2246, #2007, #4476, #4669, #3666, #3025, #2208, #161, #815, #2086, #2022, #1506, #4, #854, #6215, #1534, #2764, #5525, #3290, #3661, #5491, #2785, #1924, #1123, #3231, #5969, #3113, #5201, #1333, #6061, #21, #530, #6052, #2784, #785, #4753, #1285, #3720, #3392, #1416, #1147, #2486, #3337, #2599, #6149, #3394, #5061, #6194, #4355, #2471, #635, #3471, #148, #1854, #5008, #2378, #5248, #1522, #3738, #3243, #4329, #3622, #2415, #4792, #169, #5466, #5782, #3575, #1272, #4795, #2496, #1444, #1035, #1848, #4163, #536, #6111, #3512, #4640, #5305, #915, #4514, #31, #464, #3695, #4739, #990, #2374, #4378, #2681, #2164, #3834, #5832, #998, #425, #92, #4403, #1601, #5934, #3543, #2100, #847, #6135, #5588, #4816, #448, #4831, #3596, #5634, #6030, #2653, #2877, #3486, #3201, #1648, #4720, #3121, #1541, #886, #3705, #6015, #430, #117, #1795, #5101, #5036, #1981, #677, #287, #1793, #3417, #5348, #2108, #5672, #6116, #4126, #1202, #4687, #3210, #1611, #2433, #2334, #3610, #67, #102, #684, #5456, #1087, #2356, #1121, #4297, #3528, #5382, #238, #3778, #5640, #3964, #2387, #5789, #561, #4268 ) ) ;
#1368 = VECTOR ( 'NONE', #2476, 1000.000000000000000 ) ;
#1369 = DIRECTION ( 'NONE',  ( -0.7071067811865500152, 0.000000000000000000, -0.7071067811865451302 ) ) ;
#1370 = DIRECTION ( 'NONE',  ( -1.000000000000000000, -0.000000000000000000, -0.000000000000000000 ) ) ;
#1371 = EDGE_CURVE ( 'NONE', #1424, #5219, #4414, .T. ) ;
#1372 = ORIENTED_EDGE ( 'NONE', *, *, #5727, .F. ) ;
#1373 = DIRECTION ( 'NONE',  ( -1.000000000000000000, 0.000000000000000000, 0.000000000000000000 ) ) ;
#1374 = VERTEX_POINT ( 'NONE', #5854 ) ;
#1375 = VECTOR ( 'NONE', #4334, 1000.000000000000000 ) ;
#1376 = DIRECTION ( 'NONE',  ( 0.000000000000000000, 0.000000000000000000, 1.000000000000000000 ) ) ;
#1377 = CARTESIAN_POINT ( 'NONE',  ( -14.71131840735561802, 11.50000000000000355, -31.16022644181686374 ) ) ;
#1378 = AXIS2_PLACEMENT_3D ( 'NONE', #4491, #3071, #1195 ) ;
#1379 = CARTESIAN_POINT ( 'NONE',  ( -22.19844982932814759, 39.00932587840747345, -34.06801785925728865 ) ) ;
#1380 = AXIS2_PLACEMENT_3D ( 'NONE', #524, #942, #4766 ) ;
#1381 = ORIENTED_EDGE ( 'NONE', *, *, #551, .T. ) ;
#1382 = DIRECTION ( 'NONE',  ( -0.000000000000000000, 1.000000000000000000, -0.000000000000000000 ) ) ;
#1383 = ORIENTED_EDGE ( 'NONE', *, *, #4080, .T. ) ;
#1384 = CARTESIAN_POINT ( 'NONE',  ( -58.21131989884239744, 14.49999999999999467, -12.83439294907329753 ) ) ;
#1385 = EDGE_CURVE ( 'NONE', #2748, #1015, #1560, .T. ) ;
#1386 = DIRECTION ( 'NONE',  ( -5.430604157131410851E-17, 0.000000000000000000, 1.000000000000000000 ) ) ;
#1387 = CARTESIAN_POINT ( 'NONE',  ( -5.511318407355614291, 11.50000000000000000, -20.92534837884203824 ) ) ;
#1388 = ORIENTED_EDGE ( 'NONE', *, *, #3879, .F. ) ;
#1389 = CIRCLE ( 'NONE', #2778, 2.499999999999998668 ) ;
#1390 = DIRECTION ( 'NONE',  ( 0.5773502691896257311, 0.5773502691896257311, -0.5773502691896257311 ) ) ;
#1391 = CARTESIAN_POINT ( 'NONE',  ( 26.28868308413116850, -1.484274849911243752E-15, -12.83439294907329575 ) ) ;
#1392 = EDGE_CURVE ( 'NONE', #1306, #1843, #405, .T. ) ;
#1393 = EDGE_LOOP ( 'NONE', ( #1395, #681, #2779, #4342 ) ) ;
#1394 = DIRECTION ( 'NONE',  ( 0.6839411288813307399, -0.7295372041400842722, -4.745794929826089353E-15 ) ) ;
#1395 = ORIENTED_EDGE ( 'NONE', *, *, #5736, .F. ) ;
#1396 = DIRECTION ( 'NONE',  ( 0.000000000000000000, 0.000000000000000000, -1.000000000000000000 ) ) ;
#1397 = EDGE_CURVE ( 'NONE', #2869, #367, #3864, .T. ) ;
#1398 = DIRECTION ( 'NONE',  ( -0.7071067811865506814, 0.7071067811865443531, 0.000000000000000000 ) ) ;
#1399 = DIRECTION ( 'NONE',  ( -1.000000000000000000, -0.000000000000000000, -0.000000000000000000 ) ) ;
#1400 = CARTESIAN_POINT ( 'NONE',  ( -10.99794106205384026, 39.04029642463099492, -33.09843564175960040 ) ) ;
#1401 = ORIENTED_EDGE ( 'NONE', *, *, #5213, .T. ) ;
#1402 = VERTEX_POINT ( 'NONE', #377 ) ;
#1403 = LINE ( 'NONE', #4379, #5364 ) ;
#1404 = DIRECTION ( 'NONE',  ( 0.000000000000000000, 0.000000000000000000, 1.000000000000000000 ) ) ;
#1405 = ADVANCED_FACE ( 'NONE', ( #55, #2316 ), #1973, .T. ) ;
#1406 = CARTESIAN_POINT ( 'NONE',  ( -21.71131840735561980, 11.50000000000000000, -31.12534837884241412 ) ) ;
#1407 = ORIENTED_EDGE ( 'NONE', *, *, #5318, .F. ) ;
#1408 = ORIENTED_EDGE ( 'NONE', *, *, #2236, .F. ) ;
#1409 = FACE_OUTER_BOUND ( 'NONE', #527, .T. ) ;
#1410 = EDGE_LOOP ( 'NONE', ( #6099, #2518, #374, #486 ) ) ;
#1411 = DIRECTION ( 'NONE',  ( 0.000000000000000000, 0.000000000000000000, -1.000000000000000000 ) ) ;
#1412 = CARTESIAN_POINT ( 'NONE',  ( 5.049207500472286725, 39.50000000000000000, 35.37465162115796602 ) ) ;
#1413 = CARTESIAN_POINT ( 'NONE',  ( 23.78868308413118626, 39.50000000000000000, -28.43037995825160991 ) ) ;
#1414 = ORIENTED_EDGE ( 'NONE', *, *, #800, .T. ) ;
#1415 = EDGE_CURVE ( 'NONE', #3846, #5412, #3112, .T. ) ;
#1416 = ADVANCED_FACE ( 'NONE', ( #732 ), #996, .T. ) ;
#1417 = VECTOR ( 'NONE', #4024, 1000.000000000000000 ) ;
#1418 = AXIS2_PLACEMENT_3D ( 'NONE', #4650, #352, #5153 ) ;
#1419 = LINE ( 'NONE', #406, #2462 ) ;
#1420 = PRODUCT_CONTEXT ( 'NONE', #3696, 'mechanical' ) ;
#1421 = AXIS2_PLACEMENT_3D ( 'NONE', #4776, #5750, #1488 ) ;
#1422 = AXIS2_PLACEMENT_3D ( 'NONE', #2586, #5950, #3639 ) ;
#1423 = DIRECTION ( 'NONE',  ( -0.7071067811865476838, -0.7071067811865473507, -8.671568101627204651E-17 ) ) ;
#1424 = VERTEX_POINT ( 'NONE', #1209 ) ;
#1425 = CARTESIAN_POINT ( 'NONE',  ( 5.049207500472286725, 39.50000000000000000, 35.37465162115796602 ) ) ;
#1426 = DIRECTION ( 'NONE',  ( 1.000000000000000000, 0.000000000000000000, 0.000000000000000000 ) ) ;
#1427 = DIRECTION ( 'NONE',  ( -0.000000000000000000, -0.000000000000000000, 1.000000000000000000 ) ) ;
#1428 = EDGE_CURVE ( 'NONE', #2398, #5796, #1122, .T. ) ;
#1429 = FACE_OUTER_BOUND ( 'NONE', #5812, .T. ) ;
#1430 = CARTESIAN_POINT ( 'NONE',  ( -25.91131840735561553, 2.500000000000000000, -23.42534837884203824 ) ) ;
#1431 = VERTEX_POINT ( 'NONE', #2085 ) ;
#1432 = VERTEX_POINT ( 'NONE', #2639 ) ;
#1433 = FACE_OUTER_BOUND ( 'NONE', #345, .T. ) ;
#1434 = FACE_BOUND ( 'NONE', #5778, .T. ) ;
#1435 = CARTESIAN_POINT ( 'NONE',  ( -21.01928552205844269, 39.03759744588032277, -33.26219442303415974 ) ) ;
#1436 = VERTEX_POINT ( 'NONE', #2147 ) ;
#1437 = VERTEX_POINT ( 'NONE', #4568 ) ;
#1438 = CARTESIAN_POINT ( 'NONE',  ( -33.96131840735562690, 17.49999999999999645, 35.45656248069552419 ) ) ;
#1439 = ORIENTED_EDGE ( 'NONE', *, *, #4987, .T. ) ;
#1440 = CARTESIAN_POINT ( 'NONE',  ( -15.96131840735561624, 2.500000000000000000, -27.12534837884204109 ) ) ;
#1441 = CARTESIAN_POINT ( 'NONE',  ( -22.67482495024485800, 38.99999999999999289, -34.12534837884242478 ) ) ;
#1442 = DIRECTION ( 'NONE',  ( -1.000000000000000000, 0.000000000000000000, 0.000000000000000000 ) ) ;
#1443 = EDGE_LOOP ( 'NONE', ( #1462, #1002, #1813, #1499 ) ) ;
#1444 = ADVANCED_FACE ( 'NONE', ( #2057 ), #3974, .T. ) ;
#1445 = CARTESIAN_POINT ( 'NONE',  ( 2.038681592644392637, 2.500000000000001332, 38.45656248069552419 ) ) ;
#1446 = EDGE_LOOP ( 'NONE', ( #2076, #6191, #258, #1408 ) ) ;
#1447 = FACE_OUTER_BOUND ( 'NONE', #3747, .T. ) ;
#1448 = ORIENTED_EDGE ( 'NONE', *, *, #1013, .F. ) ;
#1449 = LINE ( 'NONE', #4274, #558 ) ;
#1450 = AXIS2_PLACEMENT_3D ( 'NONE', #1769, #3581, #3608 ) ;
#1451 = EDGE_CURVE ( 'NONE', #1958, #5608, #4037, .T. ) ;
#1452 = CARTESIAN_POINT ( 'NONE',  ( -31.92263681471112946, 0.000000000000000000, 15.16560705092670602 ) ) ;
#1453 = DIRECTION ( 'NONE',  ( -0.7071067811865459074, 0.7071067811865492381, 8.671568101627182464E-17 ) ) ;
#1454 = VECTOR ( 'NONE', #1404, 1000.000000000000000 ) ;
#1455 = DIRECTION ( 'NONE',  ( 0.000000000000000000, 0.000000000000000000, 1.000000000000000000 ) ) ;
#1456 = VECTOR ( 'NONE', #893, 1000.000000000000000 ) ;
#1457 = DIRECTION ( 'NONE',  ( 0.000000000000000000, 0.000000000000000000, -1.000000000000000000 ) ) ;
#1458 = VECTOR ( 'NONE', #825, 1000.000000000000000 ) ;
#1459 = ORIENTED_EDGE ( 'NONE', *, *, #3900, .F. ) ;
#1460 = LINE ( 'NONE', #3838, #1969 ) ;
#1461 = EDGE_CURVE ( 'NONE', #4535, #3483, #3499, .T. ) ;
#1462 = ORIENTED_EDGE ( 'NONE', *, *, #1720, .T. ) ;
#1463 = AXIS2_PLACEMENT_3D ( 'NONE', #3333, #1520, #2802 ) ;
#1464 = LINE ( 'NONE', #3782, #958 ) ;
#1465 = VECTOR ( 'NONE', #4041, 1000.000000000000000 ) ;
#1466 = DIRECTION ( 'NONE',  ( -0.7071067811865474617, 0.7071067811865474617, -0.000000000000000000 ) ) ;
#1467 = CARTESIAN_POINT ( 'NONE',  ( -28.46131840735561980, 12.50000000000000000, 37.95656248069552419 ) ) ;
#1468 = ORIENTED_EDGE ( 'NONE', *, *, #3431, .F. ) ;
#1469 = ORIENTED_EDGE ( 'NONE', *, *, #5186, .F. ) ;
#1470 = DIRECTION ( 'NONE',  ( -1.000000000000000000, 0.000000000000000000, 0.000000000000000000 ) ) ;
#1471 = CIRCLE ( 'NONE', #3358, 3.000000000000002665 ) ;
#1472 = EDGE_CURVE ( 'NONE', #4625, #2826, #3021, .T. ) ;
#1473 = ORIENTED_EDGE ( 'NONE', *, *, #404, .F. ) ;
#1474 = CIRCLE ( 'NONE', #4374, 2.999999999999999112 ) ;
#1475 = CARTESIAN_POINT ( 'NONE',  ( -27.11131989884241023, 11.00000000000000000, -18.92534837884203824 ) ) ;
#1476 = FACE_OUTER_BOUND ( 'NONE', #2432, .T. ) ;
#1477 = EDGE_CURVE ( 'NONE', #1667, #2398, #5606, .T. ) ;
#1478 = CARTESIAN_POINT ( 'NONE',  ( -27.11131989884240667, 2.500000000000000000, 30.45656248069552063 ) ) ;
#1479 = FACE_OUTER_BOUND ( 'NONE', #66, .T. ) ;
#1480 = ORIENTED_EDGE ( 'NONE', *, *, #1567, .F. ) ;
#1481 = DIRECTION ( 'NONE',  ( 0.000000000000000000, 9.462128050782567119E-16, 1.000000000000000000 ) ) ;
#1482 = EDGE_CURVE ( 'NONE', #977, #1590, #1593, .T. ) ;
#1483 = ORIENTED_EDGE ( 'NONE', *, *, #2125, .T. ) ;
#1484 = ORIENTED_EDGE ( 'NONE', *, *, #5265, .T. ) ;
#1485 = CARTESIAN_POINT ( 'NONE',  ( -25.07421326589506094, 12.53710663294743810, 18.41945584774808253 ) ) ;
#1486 = LINE ( 'NONE', #4370, #1208 ) ;
#1487 = DIRECTION ( 'NONE',  ( 0.000000000000000000, 0.000000000000000000, 1.000000000000000000 ) ) ;
#1488 = DIRECTION ( 'NONE',  ( -1.000000000000000000, 0.000000000000000000, 0.000000000000000000 ) ) ;
#1489 = EDGE_CURVE ( 'NONE', #4365, #1083, #3562, .T. ) ;
#1490 = ORIENTED_EDGE ( 'NONE', *, *, #6203, .T. ) ;
#1491 = DIRECTION ( 'NONE',  ( -0.7071067811865500152, 0.000000000000000000, 0.7071067811865451302 ) ) ;
#1492 = EDGE_CURVE ( 'NONE', #314, #5234, #2176, .T. ) ;
#1493 = ORIENTED_EDGE ( 'NONE', *, *, #2509, .T. ) ;
#1494 = DIRECTION ( 'NONE',  ( 0.000000000000000000, -0.000000000000000000, -1.000000000000000000 ) ) ;
#1495 = CONICAL_SURFACE ( 'NONE', #5700, 5.500000000000011546, 0.7853981633974457255 ) ;
#1496 = CARTESIAN_POINT ( 'NONE',  ( -21.96131840735561980, 11.25000000000000000, -23.92534837884204180 ) ) ;
#1497 = CARTESIAN_POINT ( 'NONE',  ( -21.67807703715805800, 39.02078523347306316, -33.86010977202457184 ) ) ;
#1498 = ORIENTED_EDGE ( 'NONE', *, *, #4396, .T. ) ;
#1499 = ORIENTED_EDGE ( 'NONE', *, *, #4818, .T. ) ;
#1500 = CARTESIAN_POINT ( 'NONE',  ( 23.78868308413118626, 14.49999999999999467, -7.834392949073296641 ) ) ;
#1501 = EDGE_LOOP ( 'NONE', ( #2839, #3494, #2684, #5217 ) ) ;
#1502 = DIRECTION ( 'NONE',  ( -1.000000000000000000, 0.000000000000000000, -6.938893903907222067E-15 ) ) ;
#1503 = CARTESIAN_POINT ( 'NONE',  ( -9.711318407355614468, 11.50000000000000000, -23.42534837884203824 ) ) ;
#1504 = DIRECTION ( 'NONE',  ( -1.000000000000000000, 0.000000000000000000, 2.569959995324641954E-14 ) ) ;
#1505 = LINE ( 'NONE', #5209, #347 ) ;
#1506 = ADVANCED_FACE ( 'NONE', ( #205 ), #5918, .F. ) ;
#1507 = EDGE_LOOP ( 'NONE', ( #3830, #3134, #6068, #2111 ) ) ;
#1508 = EDGE_CURVE ( 'NONE', #1105, #6204, #641, .T. ) ;
#1509 = FACE_OUTER_BOUND ( 'NONE', #2214, .T. ) ;
#1510 = DIRECTION ( 'NONE',  ( 1.000000000000000000, -0.000000000000000000, 0.000000000000000000 ) ) ;
#1511 = ORIENTED_EDGE ( 'NONE', *, *, #1215, .T. ) ;
#1512 = CARTESIAN_POINT ( 'NONE',  ( -23.71131840735559138, 0.5000000000000004441, -34.12534837884243899 ) ) ;
#1513 = PLANE ( 'NONE',  #1711 ) ;
#1514 = VECTOR ( 'NONE', #2232, 1000.000000000000114 ) ;
#1515 = DIRECTION ( 'NONE',  ( 0.000000000000000000, 1.000000000000000000, -0.000000000000000000 ) ) ;
#1516 = CARTESIAN_POINT ( 'NONE',  ( 5.049207500472282284, 39.50000000000000000, -33.62534837884204109 ) ) ;
#1517 = ORIENTED_EDGE ( 'NONE', *, *, #4534, .T. ) ;
#1518 = ORIENTED_EDGE ( 'NONE', *, *, #4802, .F. ) ;
#1519 = VECTOR ( 'NONE', #5010, 1000.000000000000114 ) ;
#1520 = DIRECTION ( 'NONE',  ( 0.000000000000000000, 0.000000000000000000, 1.000000000000000000 ) ) ;
#1521 = DIRECTION ( 'NONE',  ( -1.226344921636310289E-16, 0.000000000000000000, 1.000000000000000000 ) ) ;
#1522 = ADVANCED_FACE ( 'NONE', ( #1712 ), #6014, .T. ) ;
#1523 = CARTESIAN_POINT ( 'NONE',  ( -4.811316915868822264, 2.500000000000000000, -18.92534837884203824 ) ) ;
#1524 = ORIENTED_EDGE ( 'NONE', *, *, #2699, .T. ) ;
#1525 = ORIENTED_EDGE ( 'NONE', *, *, #5891, .T. ) ;
#1526 = DIRECTION ( 'NONE',  ( 1.000000000000000000, -0.000000000000000000, 5.430604157131410235E-17 ) ) ;
#1527 = ORIENTED_EDGE ( 'NONE', *, *, #4724, .T. ) ;
#1528 = CARTESIAN_POINT ( 'NONE',  ( -37.11131989884241023, 2.000000000000001776, 30.45656248069552063 ) ) ;
#1529 = LINE ( 'NONE', #3260, #4704 ) ;
#1530 = DIRECTION ( 'NONE',  ( -1.226344921636310289E-16, 0.000000000000000000, 1.000000000000000000 ) ) ;
#1531 = LINE ( 'NONE', #706, #146 ) ;
#1532 = ADVANCED_FACE ( 'NONE', ( #3617 ), #5004, .T. ) ;
#1533 = ORIENTED_EDGE ( 'NONE', *, *, #4337, .F. ) ;
#1534 = ADVANCED_FACE ( 'NONE', ( #1090 ), #2613, .F. ) ;
#1535 = DIRECTION ( 'NONE',  ( 0.000000000000000000, 0.000000000000000000, 1.000000000000000000 ) ) ;
#1536 = DIRECTION ( 'NONE',  ( 0.000000000000000000, 0.7071067811865474617, -0.7071067811865474617 ) ) ;
#1537 = EDGE_CURVE ( 'NONE', #2748, #2516, #1802, .T. ) ;
#1538 = ORIENTED_EDGE ( 'NONE', *, *, #946, .T. ) ;
#1539 = FACE_OUTER_BOUND ( 'NONE', #2709, .T. ) ;
#1540 = CARTESIAN_POINT ( 'NONE',  ( 23.78868308413118271, 39.49999999999999289, 17.66560705092670602 ) ) ;
#1541 = ADVANCED_FACE ( 'NONE', ( #3275 ), #5639, .F. ) ;
#1542 = FACE_OUTER_BOUND ( 'NONE', #4986, .T. ) ;
#1543 = CARTESIAN_POINT ( 'NONE',  ( -58.21131989884241165, 0.000000000000000000, 35.45656248069552419 ) ) ;
#1544 = EDGE_LOOP ( 'NONE', ( #3015, #4756, #892, #4583 ) ) ;
#1545 = AXIS2_PLACEMENT_3D ( 'NONE', #780, #1758, #4546 ) ;
#1546 = VERTEX_POINT ( 'NONE', #873 ) ;
#1547 = LINE ( 'NONE', #4432, #147 ) ;
#1548 = DIRECTION ( 'NONE',  ( 0.000000000000000000, -0.000000000000000000, -1.000000000000000000 ) ) ;
#1549 = VECTOR ( 'NONE', #4481, 1000.000000000000000 ) ;
#1550 = EDGE_CURVE ( 'NONE', #6110, #2251, #903, .T. ) ;
#1551 = LINE ( 'NONE', #3460, #3288 ) ;
#1552 = ORIENTED_EDGE ( 'NONE', *, *, #2036, .F. ) ;
#1553 = DIRECTION ( 'NONE',  ( 0.000000000000000000, 0.000000000000000000, 1.000000000000000000 ) ) ;
#1554 = ORIENTED_EDGE ( 'NONE', *, *, #1814, .T. ) ;
#1555 = DIRECTION ( 'NONE',  ( -1.000000000000000000, 0.000000000000000000, 0.000000000000000000 ) ) ;
#1556 = ORIENTED_EDGE ( 'NONE', *, *, #290, .T. ) ;
#1557 = AXIS2_PLACEMENT_3D ( 'NONE', #5144, #4579, #1221 ) ;
#1558 = AXIS2_PLACEMENT_3D ( 'NONE', #1500, #1526, #3427 ) ;
#1559 = CARTESIAN_POINT ( 'NONE',  ( -55.71131989884241165, 14.49999999999999645, 17.66560705092670958 ) ) ;
#1560 = LINE ( 'NONE', #3375, #6213 ) ;
#1561 = CARTESIAN_POINT ( 'NONE',  ( 24.49317464742662764, 39.50000000000000000, -30.82906535597377484 ) ) ;
#1562 = DIRECTION ( 'NONE',  ( 1.000000000000000000, 0.000000000000000000, 1.395336702878296385E-14 ) ) ;
#1563 = VECTOR ( 'NONE', #2661, 1000.000000000000114 ) ;
#1564 = VERTEX_POINT ( 'NONE', #4661 ) ;
#1565 = LINE ( 'NONE', #4242, #2310 ) ;
#1566 = AXIS2_PLACEMENT_3D ( 'NONE', #717, #5469, #1075 ) ;
#1567 = EDGE_CURVE ( 'NONE', #103, #1054, #327, .T. ) ;
#1568 = CARTESIAN_POINT ( 'NONE',  ( -10.21131840735561447, 2.500000000000000000, -31.12534837884203753 ) ) ;
#1569 = VECTOR ( 'NONE', #923, 999.9999999999998863 ) ;
#1570 = VECTOR ( 'NONE', #4141, 1000.000000000000000 ) ;
#1571 = PLANE ( 'NONE',  #2950 ) ;
#1572 = VERTEX_POINT ( 'NONE', #5574 ) ;
#1573 = DIRECTION ( 'NONE',  ( -1.000000000000000000, 0.000000000000000000, 0.000000000000000000 ) ) ;
#1574 = CARTESIAN_POINT ( 'NONE',  ( -5.674212271570410415, 14.33710613578520565, -18.08824224305683259 ) ) ;
#1575 = CARTESIAN_POINT ( 'NONE',  ( -28.46131840735561980, 12.50000000000000000, 35.95656248069552419 ) ) ;
#1576 = EDGE_CURVE ( 'NONE', #5507, #5278, #394, .T. ) ;
#1577 = CARTESIAN_POINT ( 'NONE',  ( -55.71131989884241165, 9.499999999999998224, -12.83439294907329753 ) ) ;
#1578 = EDGE_LOOP ( 'NONE', ( #609, #1552, #3018, #1014 ) ) ;
#1579 = ADVANCED_FACE ( 'NONE', ( #1274 ), #5132, .F. ) ;
#1580 = ORIENTED_EDGE ( 'NONE', *, *, #705, .T. ) ;
#1581 = ADVANCED_FACE ( 'NONE', ( #4162 ), #6079, .F. ) ;
#1582 = CARTESIAN_POINT ( 'NONE',  ( -21.71131840735561980, 11.50000000000000000, -40.12534837884211214 ) ) ;
#1583 = DIRECTION ( 'NONE',  ( 1.000000000000000000, 0.000000000000000000, 0.000000000000000000 ) ) ;
#1584 = LINE ( 'NONE', #133, #6105 ) ;
#1585 = ORIENTED_EDGE ( 'NONE', *, *, #5186, .T. ) ;
#1586 = CARTESIAN_POINT ( 'NONE',  ( 23.78868308413118271, 20.00000000000000711, 35.45656248069552419 ) ) ;
#1587 = UNCERTAINTY_MEASURE_WITH_UNIT (LENGTH_MEASURE( 1.000000000000000082E-05 ), #5546, 'distance_accuracy_value', 'NONE');
#1588 = ORIENTED_EDGE ( 'NONE', *, *, #2552, .T. ) ;
#1589 = DIRECTION ( 'NONE',  ( 1.000000000000000000, 0.000000000000000000, -0.000000000000000000 ) ) ;
#1590 = VERTEX_POINT ( 'NONE', #3685 ) ;
#1591 = VECTOR ( 'NONE', #5113, 1000.000000000000000 ) ;
#1592 = CYLINDRICAL_SURFACE ( 'NONE', #2444, 1.750000000000001554 ) ;
#1593 = LINE ( 'NONE', #177, #5899 ) ;
#1594 = DIRECTION ( 'NONE',  ( -1.000000000000000000, 0.000000000000000000, 0.000000000000000000 ) ) ;
#1595 = DIRECTION ( 'NONE',  ( -0.6839411288813307399, -0.7295372041400842722, -4.745794929826089353E-15 ) ) ;
#1596 = ORIENTED_EDGE ( 'NONE', *, *, #3133, .T. ) ;
#1597 = LINE ( 'NONE', #5423, #6071 ) ;
#1598 = FACE_OUTER_BOUND ( 'NONE', #778, .T. ) ;
#1599 = LINE ( 'NONE', #3506, #2591 ) ;
#1600 = EDGE_CURVE ( 'NONE', #1270, #5401, #3142, .T. ) ;
#1601 = ADVANCED_FACE ( 'NONE', ( #2207 ), #5043, .T. ) ;
#1602 = CARTESIAN_POINT ( 'NONE',  ( -21.71131840735561980, 11.00000000000000000, -23.42534837884203824 ) ) ;
#1603 = ORIENTED_EDGE ( 'NONE', *, *, #1472, .T. ) ;
#1604 = CARTESIAN_POINT ( 'NONE',  ( 0.000000000000000000, 0.000000000000000000, 37.95656248069552419 ) ) ;
#1605 = DIRECTION ( 'NONE',  ( -1.000000000000000000, 0.000000000000000000, -1.339942661296842433E-14 ) ) ;
#1606 = CARTESIAN_POINT ( 'NONE',  ( -58.71131989884241165, 9.499999999999998224, -7.834392949073296641 ) ) ;
#1607 = CARTESIAN_POINT ( 'NONE',  ( -58.21131989884239744, 9.499999999999998224, 12.16560705092670780 ) ) ;
#1608 = VERTEX_POINT ( 'NONE', #4226 ) ;
#1609 = ORIENTED_EDGE ( 'NONE', *, *, #2663, .F. ) ;
#1610 = AXIS2_PLACEMENT_3D ( 'NONE', #2572, #3896, #191 ) ;
#1611 = ADVANCED_FACE ( 'NONE', ( #4627 ), #1954, .F. ) ;
#1612 = VECTOR ( 'NONE', #503, 1000.000000000000000 ) ;
#1613 = CARTESIAN_POINT ( 'NONE',  ( -4.811316915868822264, 11.50000000000000000, -18.92534837884203824 ) ) ;
#1614 = CARTESIAN_POINT ( 'NONE',  ( 0.000000000000000000, 11.50000000000000000, 0.000000000000000000 ) ) ;
#1615 = AXIS2_PLACEMENT_3D ( 'NONE', #5964, #592, #3921 ) ;
#1616 = FACE_OUTER_BOUND ( 'NONE', #3808, .T. ) ;
#1617 = ORIENTED_EDGE ( 'NONE', *, *, #3988, .T. ) ;
#1618 = PLANE ( 'NONE',  #1169 ) ;
#1619 = CIRCLE ( 'NONE', #15, 67.00000000000055422 ) ;
#1620 = VECTOR ( 'NONE', #1386, 1000.000000000000000 ) ;
#1621 = ORIENTED_EDGE ( 'NONE', *, *, #4907, .F. ) ;
#1622 = VERTEX_POINT ( 'NONE', #5065 ) ;
#1623 = DIRECTION ( 'NONE',  ( 0.7071067811865525687, 0.000000000000000000, -0.7071067811865425767 ) ) ;
#1624 = DIRECTION ( 'NONE',  ( -0.000000000000000000, -1.000000000000000000, -0.000000000000000000 ) ) ;
#1625 = LINE ( 'NONE', #2058, #4920 ) ;
#1626 = DIRECTION ( 'NONE',  ( -0.000000000000000000, -0.000000000000000000, 1.000000000000000000 ) ) ;
#1627 = EDGE_LOOP ( 'NONE', ( #493, #3199, #5386, #5414 ) ) ;
#1628 = CARTESIAN_POINT ( 'NONE',  ( -4.811316915868822264, 2.500000000000000000, -26.62534837884203753 ) ) ;
#1629 = CARTESIAN_POINT ( 'NONE',  ( -11.08343418747185183, 39.04275881265085957, -32.92782881415281082 ) ) ;
#1630 = CARTESIAN_POINT ( 'NONE',  ( 26.28868308413116850, 19.49999999999999645, -7.834392949073296641 ) ) ;
#1631 = ORIENTED_EDGE ( 'NONE', *, *, #4014, .F. ) ;
#1632 = EDGE_CURVE ( 'NONE', #367, #4001, #3716, .T. ) ;
#1633 = DIRECTION ( 'NONE',  ( -0.7071067811865500152, 0.000000000000000000, -0.7071067811865451302 ) ) ;
#1634 = EDGE_CURVE ( 'NONE', #1806, #497, #2538, .T. ) ;
#1635 = CARTESIAN_POINT ( 'NONE',  ( 17.78868308413117916, 2.500000000000000000, 27.20656248069551708 ) ) ;
#1636 = DIRECTION ( 'NONE',  ( -2.512159072030160191E-32, -1.000000000000000000, 4.625929269271486900E-16 ) ) ;
#1637 = CARTESIAN_POINT ( 'NONE',  ( 22.60928048829446269, 36.65802943555933524, -10.83439294907367056 ) ) ;
#1638 = DIRECTION ( 'NONE',  ( 9.813077866773518753E-15, -0.7071067811865525687, -0.7071067811865425767 ) ) ;
#1639 = EDGE_CURVE ( 'NONE', #2373, #4939, #1339, .T. ) ;
#1640 = VERTEX_POINT ( 'NONE', #2303 ) ;
#1641 = EDGE_CURVE ( 'NONE', #3787, #2918, #6046, .T. ) ;
#1642 = ORIENTED_EDGE ( 'NONE', *, *, #3131, .T. ) ;
#1643 = DIRECTION ( 'NONE',  ( 6.938893903907222067E-15, -0.000000000000000000, 1.000000000000000000 ) ) ;
#1644 = CARTESIAN_POINT ( 'NONE',  ( 23.78868308413117916, 39.50000000000000000, 37.95656248069552419 ) ) ;
#1645 = AXIS2_PLACEMENT_3D ( 'NONE', #5797, #3936, #6126 ) ;
#1646 = VERTEX_POINT ( 'NONE', #1377 ) ;
#1647 = LINE ( 'NONE', #2545, #4676 ) ;
#1648 = ADVANCED_FACE ( 'NONE', ( #422 ), #1743, .T. ) ;
#1649 = VERTEX_POINT ( 'NONE', #5097 ) ;
#1650 = FACE_OUTER_BOUND ( 'NONE', #5037, .T. ) ;
#1651 = VERTEX_POINT ( 'NONE', #2863 ) ;
#1652 = DIRECTION ( 'NONE',  ( 0.000000000000000000, 0.000000000000000000, 1.000000000000000000 ) ) ;
#1653 = CONICAL_SURFACE ( 'NONE', #4160, 69.00000000000000000, 0.7853981633974415066 ) ;
#1654 = CIRCLE ( 'NONE', #4758, 5.499999999999998224 ) ;
#1655 = DIRECTION ( 'NONE',  ( -0.000000000000000000, -1.000000000000000000, -0.000000000000000000 ) ) ;
#1656 = DIRECTION ( 'NONE',  ( 0.000000000000000000, 0.7071067811865451302, -0.7071067811865500152 ) ) ;
#1657 = CARTESIAN_POINT ( 'NONE',  ( 26.78868308413118271, 20.00000000000000711, 0.000000000000000000 ) ) ;
#1658 = EDGE_CURVE ( 'NONE', #3364, #5058, #3366, .T. ) ;
#1659 = VERTEX_POINT ( 'NONE', #3810 ) ;
#1660 = DIRECTION ( 'NONE',  ( 0.000000000000000000, 0.7071067811865475727, 0.7071067811865475727 ) ) ;
#1661 = VECTOR ( 'NONE', #4540, 1000.000000000000000 ) ;
#1662 = CARTESIAN_POINT ( 'NONE',  ( 2.038681592644381535, 22.50000000000000355, 35.45656248069552419 ) ) ;
#1663 = EDGE_CURVE ( 'NONE', #2707, #3643, #5292, .T. ) ;
#1664 = AXIS2_PLACEMENT_3D ( 'NONE', #5728, #2890, #2862 ) ;
#1665 = VECTOR ( 'NONE', #5344, 999.9999999999998863 ) ;
#1666 = FACE_OUTER_BOUND ( 'NONE', #5839, .T. ) ;
#1667 = VERTEX_POINT ( 'NONE', #5232 ) ;
#1668 = AXIS2_PLACEMENT_3D ( 'NONE', #5780, #4302, #498 ) ;
#1669 = EDGE_CURVE ( 'NONE', #90, #2859, #989, .T. ) ;
#1670 = CARTESIAN_POINT ( 'NONE',  ( 24.28868308413118982, 39.50000000000000000, -28.80355791499061624 ) ) ;
#1671 = DIRECTION ( 'NONE',  ( -1.226344921636310289E-16, 0.000000000000000000, -1.000000000000000000 ) ) ;
#1672 = DIRECTION ( 'NONE',  ( -1.000000000000000000, 0.000000000000000000, 0.000000000000000000 ) ) ;
#1673 = CARTESIAN_POINT ( 'NONE',  ( 26.78868308413118271, 38.99999999999999289, 0.000000000000000000 ) ) ;
#1674 = ORIENTED_EDGE ( 'NONE', *, *, #3599, .F. ) ;
#1675 = LINE ( 'NONE', #3958, #4861 ) ;
#1676 = ORIENTED_EDGE ( 'NONE', *, *, #748, .F. ) ;
#1677 = DIRECTION ( 'NONE',  ( -1.000000000000000000, -0.000000000000000000, -0.000000000000000000 ) ) ;
#1678 = PLANE ( 'NONE',  #1154 ) ;
#1679 = ORIENTED_EDGE ( 'NONE', *, *, #1428, .T. ) ;
#1680 = CARTESIAN_POINT ( 'NONE',  ( 17.78868308413117916, 0.000000000000000000, 23.70656248069551353 ) ) ;
#1681 = EDGE_CURVE ( 'NONE', #6204, #4624, #3549, .T. ) ;
#1682 = ORIENTED_EDGE ( 'NONE', *, *, #4582, .T. ) ;
#1683 = EDGE_LOOP ( 'NONE', ( #1337, #3694, #1023, #1259 ) ) ;
#1684 = VECTOR ( 'NONE', #318, 1000.000000000000000 ) ;
#1685 = LINE ( 'NONE', #3561, #3858 ) ;
#1686 = CARTESIAN_POINT ( 'NONE',  ( -10.21131840735561447, 11.00000000000000000, -23.92534837884204180 ) ) ;
#1687 = CARTESIAN_POINT ( 'NONE',  ( -10.20715806589703512, 39.01990967224914897, -33.88159916949542350 ) ) ;
#1688 = ORIENTED_EDGE ( 'NONE', *, *, #5713, .T. ) ;
#1689 = DIRECTION ( 'NONE',  ( -0.000000000000000000, -1.000000000000000000, -0.000000000000000000 ) ) ;
#1690 = CARTESIAN_POINT ( 'NONE',  ( -9.909063597845976901, 39.01323009509590634, -34.01343448518805701 ) ) ;
#1691 = EDGE_CURVE ( 'NONE', #2115, #6212, #929, .T. ) ;
#1692 = PRODUCT_DEFINITION_FORMATION_WITH_SPECIFIED_SOURCE ( 'ANY', '', #433, .NOT_KNOWN. ) ;
#1693 = CARTESIAN_POINT ( 'NONE',  ( 26.28868308413116850, 4.499999999999999112, -7.834392949073296641 ) ) ;
#1694 = VERTEX_POINT ( 'NONE', #2422 ) ;
#1695 = FACE_BOUND ( 'NONE', #2846, .T. ) ;
#1696 = AXIS2_PLACEMENT_3D ( 'NONE', #5949, #265, #611 ) ;
#1697 = CARTESIAN_POINT ( 'NONE',  ( -25.91131840735561553, 11.00000000000000000, -21.42534837884203824 ) ) ;
#1698 = CARTESIAN_POINT ( 'NONE',  ( -10.62725014913394794, 39.49999999999999289, -32.72720870532515391 ) ) ;
#1699 = DIRECTION ( 'NONE',  ( 0.000000000000000000, -1.000000000000000000, 0.000000000000000000 ) ) ;
#1700 = ORIENTED_EDGE ( 'NONE', *, *, #3879, .T. ) ;
#1701 = CARTESIAN_POINT ( 'NONE',  ( -10.21131840735561447, 11.00000000000000000, -23.92534837884204180 ) ) ;
#1702 = ORIENTED_EDGE ( 'NONE', *, *, #6, .F. ) ;
#1703 = CARTESIAN_POINT ( 'NONE',  ( -27.11131989884241023, 0.000000000000000000, 3.324782947680283335E-15 ) ) ;
#1704 = DIRECTION ( 'NONE',  ( -0.000000000000000000, 0.7071067811865475727, 0.7071067811865475727 ) ) ;
#1705 = ORIENTED_EDGE ( 'NONE', *, *, #5516, .F. ) ;
#1706 = LINE ( 'NONE', #4653, #5726 ) ;
#1707 = ORIENTED_EDGE ( 'NONE', *, *, #82, .T. ) ;
#1708 = ORIENTED_EDGE ( 'NONE', *, *, #692, .T. ) ;
#1709 = EDGE_CURVE ( 'NONE', #3362, #2469, #5264, .T. ) ;
#1710 = DIRECTION ( 'NONE',  ( 1.387080272683752052E-14, 0.000000000000000000, -1.000000000000000000 ) ) ;
#1711 = AXIS2_PLACEMENT_3D ( 'NONE', #3804, #5340, #981 ) ;
#1712 = FACE_OUTER_BOUND ( 'NONE', #3079, .T. ) ;
#1713 = DIRECTION ( 'NONE',  ( 1.000000000000000000, 0.000000000000000000, 0.000000000000000000 ) ) ;
#1714 = CIRCLE ( 'NONE', #8, 5.000000000000000000 ) ;
#1715 = CIRCLE ( 'NONE', #5322, 5.500000000000013323 ) ;
#1716 = EDGE_LOOP ( 'NONE', ( #5379, #3945, #2955, #3128 ) ) ;
#1717 = FACE_OUTER_BOUND ( 'NONE', #332, .T. ) ;
#1718 = VERTEX_POINT ( 'NONE', #539 ) ;
#1719 = DIRECTION ( 'NONE',  ( 0.7071067811865512365, 0.000000000000000000, -0.7071067811865439090 ) ) ;
#1720 = EDGE_CURVE ( 'NONE', #1126, #709, #2480, .T. ) ;
#1721 = SURFACE_STYLE_USAGE ( .BOTH. , #4107 ) ;
#1722 = CARTESIAN_POINT ( 'NONE',  ( -21.93737315141143895, 39.01489347360274706, -33.98504240003943977 ) ) ;
#1723 = ORIENTED_EDGE ( 'NONE', *, *, #2949, .T. ) ;
#1724 = EDGE_CURVE ( 'NONE', #2419, #337, #3305, .T. ) ;
#1725 = LINE ( 'NONE', #4639, #3744 ) ;
#1726 = DIRECTION ( 'NONE',  ( 0.000000000000000000, 1.000000000000000000, -4.625929269271486900E-16 ) ) ;
#1727 = CARTESIAN_POINT ( 'NONE',  ( -10.08761291357557965, 39.49999999999999289, -33.37072424220005473 ) ) ;
#1728 = CARTESIAN_POINT ( 'NONE',  ( 26.28868308413118271, 39.50000000000000000, 35.37465162115796602 ) ) ;
#1729 = ADVANCED_FACE ( 'NONE', ( #4312, #3422, #4380, #4807, #1434, #5347 ), #18, .F. ) ;
#1730 = CARTESIAN_POINT ( 'NONE',  ( -18.25068294566321825, -16.86063695317924882, 11.59592552751617944 ) ) ;
#1731 = ORIENTED_EDGE ( 'NONE', *, *, #1948, .F. ) ;
#1732 = DIRECTION ( 'NONE',  ( 0.000000000000000000, 0.000000000000000000, 1.000000000000000000 ) ) ;
#1733 = VERTEX_POINT ( 'NONE', #1990 ) ;
#1734 = LINE ( 'NONE', #4649, #3040 ) ;
#1735 = EDGE_CURVE ( 'NONE', #1284, #5519, #510, .T. ) ;
#1736 = CARTESIAN_POINT ( 'NONE',  ( 38.28868010115761678, 9.499999999999998224, -7.834392949073296641 ) ) ;
#1737 = ORIENTED_EDGE ( 'NONE', *, *, #5337, .F. ) ;
#1738 = LINE ( 'NONE', #3710, #3718 ) ;
#1739 = ORIENTED_EDGE ( 'NONE', *, *, #5265, .F. ) ;
#1740 = DIRECTION ( 'NONE',  ( -0.000000000000000000, -1.000000000000000000, 0.000000000000000000 ) ) ;
#1741 = EDGE_LOOP ( 'NONE', ( #734, #2335, #5527, #1388 ) ) ;
#1742 = CARTESIAN_POINT ( 'NONE',  ( -21.71131840735561980, 11.00000000000000000, -31.12534837884203753 ) ) ;
#1743 = PLANE ( 'NONE',  #2841 ) ;
#1744 = EDGE_CURVE ( 'NONE', #260, #411, #4285, .T. ) ;
#1745 = CARTESIAN_POINT ( 'NONE',  ( -55.71131989884241165, 39.50000000000000000, 35.45656248069552419 ) ) ;
#1746 = ORIENTED_EDGE ( 'NONE', *, *, #3580, .F. ) ;
#1747 = LINE ( 'NONE', #3653, #4667 ) ;
#1748 = VERTEX_POINT ( 'NONE', #3873 ) ;
#1749 = AXIS2_PLACEMENT_3D ( 'NONE', #69, #1982, #4397 ) ;
#1750 = CARTESIAN_POINT ( 'NONE',  ( -22.21131840735561980, 11.00000000000000000, -23.42534837884203824 ) ) ;
#1751 = AXIS2_PLACEMENT_3D ( 'NONE', #1235, #836, #4693 ) ;
#1752 = CARTESIAN_POINT ( 'NONE',  ( -22.59308062100514292, 39.49999999999998579, -33.62533882115621253 ) ) ;
#1753 = AXIS2_PLACEMENT_3D ( 'NONE', #1340, #3244, #512 ) ;
#1754 = ORIENTED_EDGE ( 'NONE', *, *, #351, .T. ) ;
#1755 = EDGE_CURVE ( 'NONE', #1233, #1284, #4658, .T. ) ;
#1756 = VECTOR ( 'NONE', #4344, 1000.000000000000000 ) ;
#1757 = VECTOR ( 'NONE', #5070, 1000.000000000000000 ) ;
#1758 = DIRECTION ( 'NONE',  ( 0.000000000000000000, 0.7071067811865475727, -0.7071067811865475727 ) ) ;
#1759 = FACE_OUTER_BOUND ( 'NONE', #1410, .T. ) ;
#1760 = CARTESIAN_POINT ( 'NONE',  ( -9.622940253148907885, 39.00724992933847801, -34.09070301405901660 ) ) ;
#1761 = LINE ( 'NONE', #2789, #1591 ) ;
#1762 = VECTOR ( 'NONE', #3315, 1000.000000000000000 ) ;
#1763 = VECTOR ( 'NONE', #4525, 1000.000000000000000 ) ;
#1764 = CARTESIAN_POINT ( 'NONE',  ( 23.78868308413118271, 0.5000000000000004441, 38.45656248069552419 ) ) ;
#1765 = VERTEX_POINT ( 'NONE', #3903 ) ;
#1766 = DIRECTION ( 'NONE',  ( -0.000000000000000000, -0.000000000000000000, -1.000000000000000000 ) ) ;
#1767 = ORIENTED_EDGE ( 'NONE', *, *, #1365, .F. ) ;
#1768 = VECTOR ( 'NONE', #2995, 1000.000000000000000 ) ;
#1769 = CARTESIAN_POINT ( 'NONE',  ( -33.46131840735562690, 27.50000000000000000, 13.45656248069557925 ) ) ;
#1770 = DIRECTION ( 'NONE',  ( 0.000000000000000000, 0.000000000000000000, -1.000000000000000000 ) ) ;
#1771 = EDGE_CURVE ( 'NONE', #856, #3787, #5791, .T. ) ;
#1772 = CARTESIAN_POINT ( 'NONE',  ( -28.46131840735561980, 27.50000000000000000, 35.95656248069552419 ) ) ;
#1773 = AXIS2_PLACEMENT_3D ( 'NONE', #2956, #5882, #5944 ) ;
#1774 = EDGE_CURVE ( 'NONE', #1308, #4040, #3393, .T. ) ;
#1775 = EDGE_LOOP ( 'NONE', ( #1830, #3634, #3109, #6136, #4834, #5740 ) ) ;
#1776 = CARTESIAN_POINT ( 'NONE',  ( -49.71131989884241165, 2.500000000000000000, 25.45656248069552419 ) ) ;
#1777 = ORIENTED_EDGE ( 'NONE', *, *, #1878, .T. ) ;
#1778 = EDGE_CURVE ( 'NONE', #2051, #1815, #3783, .T. ) ;
#1779 = VERTEX_POINT ( 'NONE', #5257 ) ;
#1780 = CARTESIAN_POINT ( 'NONE',  ( -21.68342753424560598, 39.49999999999999289, -33.25649543380378503 ) ) ;
#1781 = DIRECTION ( 'NONE',  ( 0.000000000000000000, 0.000000000000000000, -1.000000000000000000 ) ) ;
#1782 = CARTESIAN_POINT ( 'NONE',  ( -10.02059158431013053, 39.01567349775368143, -33.97054000218784608 ) ) ;
#1783 = VERTEX_POINT ( 'NONE', #2953 ) ;
#1784 = ORIENTED_EDGE ( 'NONE', *, *, #3862, .T. ) ;
#1785 = LINE ( 'NONE', #5578, #960 ) ;
#1786 = VECTOR ( 'NONE', #226, 1000.000000000000000 ) ;
#1787 = ORIENTED_EDGE ( 'NONE', *, *, #5990, .T. ) ;
#1788 = DIRECTION ( 'NONE',  ( 0.000000000000000000, 1.000000000000000000, 0.000000000000000000 ) ) ;
#1789 = EDGE_CURVE ( 'NONE', #6180, #1733, #4873, .T. ) ;
#1790 = DIRECTION ( 'NONE',  ( 1.000000000000000000, 0.000000000000000000, 1.395336702878296385E-14 ) ) ;
#1791 = CARTESIAN_POINT ( 'NONE',  ( -21.25132829957478364, 39.50000000000000711, -32.61467741658667308 ) ) ;
#1792 = ORIENTED_EDGE ( 'NONE', *, *, #5134, .F. ) ;
#1793 = ADVANCED_FACE ( 'NONE', ( #3044 ), #1678, .T. ) ;
#1794 = LINE ( 'NONE', #5963, #6163 ) ;
#1795 = ADVANCED_FACE ( 'NONE', ( #4433 ), #197, .F. ) ;
#1796 = CARTESIAN_POINT ( 'NONE',  ( -55.71131989884241165, 39.50000000000002132, 17.66560705092669892 ) ) ;
#1797 = CARTESIAN_POINT ( 'NONE',  ( -10.36348658392367206, 39.49999999999999289, -33.13298523520293770 ) ) ;
#1798 = CARTESIAN_POINT ( 'NONE',  ( -22.21131840735561980, 11.50000000000000000, -31.12534837884205174 ) ) ;
#1799 = DIRECTION ( 'NONE',  ( 0.000000000000000000, 1.000000000000000000, 0.000000000000000000 ) ) ;
#1800 = ORIENTED_EDGE ( 'NONE', *, *, #434, .T. ) ;
#1801 = VERTEX_POINT ( 'NONE', #4900 ) ;
#1802 = CIRCLE ( 'NONE', #5307, 2.999999999999999112 ) ;
#1803 = LINE ( 'NONE', #4586, #4456 ) ;
#1804 = CARTESIAN_POINT ( 'NONE',  ( -20.91735178097620818, 39.04050069571866288, -33.08484768312374058 ) ) ;
#1805 = PLANE ( 'NONE',  #3607 ) ;
#1806 = VERTEX_POINT ( 'NONE', #1175 ) ;
#1807 = DIRECTION ( 'NONE',  ( 0.000000000000000000, 0.000000000000000000, 1.000000000000000000 ) ) ;
#1808 = ORIENTED_EDGE ( 'NONE', *, *, #5757, .T. ) ;
#1809 = VERTEX_POINT ( 'NONE', #1142 ) ;
#1810 = CARTESIAN_POINT ( 'NONE',  ( -21.25564680280945495, 39.50000000000000000, -32.62534844210115637 ) ) ;
#1811 = CARTESIAN_POINT ( 'NONE',  ( 26.78868308413118271, 14.49999999999999467, -7.834392949073296641 ) ) ;
#1812 = CARTESIAN_POINT ( 'NONE',  ( -9.782263573700262782, 39.01053365129334338, -34.05285983636762381 ) ) ;
#1813 = ORIENTED_EDGE ( 'NONE', *, *, #5408, .T. ) ;
#1814 = EDGE_CURVE ( 'NONE', #4826, #2729, #3078, .T. ) ;
#1815 = VERTEX_POINT ( 'NONE', #4029 ) ;
#1816 = DIRECTION ( 'NONE',  ( -1.000000000000000000, 0.000000000000000000, 0.000000000000000000 ) ) ;
#1817 = ORIENTED_EDGE ( 'NONE', *, *, #5520, .T. ) ;
#1818 = FACE_OUTER_BOUND ( 'NONE', #3272, .T. ) ;
#1819 = AXIS2_PLACEMENT_3D ( 'NONE', #4145, #1699, #4179 ) ;
#1820 = CIRCLE ( 'NONE', #5819, 5.000000000000000888 ) ;
#1821 = CARTESIAN_POINT ( 'NONE',  ( 5.188683084131180401, 2.000000000000001776, -26.12534837884203753 ) ) ;
#1822 = CARTESIAN_POINT ( 'NONE',  ( -20.81839526279432917, 39.04337317596876744, -32.87836208331103194 ) ) ;
#1823 = ORIENTED_EDGE ( 'NONE', *, *, #5674, .T. ) ;
#1824 = VECTOR ( 'NONE', #3220, 1000.000000000000000 ) ;
#1825 = DIRECTION ( 'NONE',  ( 1.000000000000000000, 0.000000000000000000, 0.000000000000000000 ) ) ;
#1826 = DIRECTION ( 'NONE',  ( 0.000000000000000000, 1.000000000000000000, -4.625929269271486900E-16 ) ) ;
#1827 = ADVANCED_FACE ( 'NONE', ( #668 ), #2174, .F. ) ;
#1828 = DIRECTION ( 'NONE',  ( 0.000000000000000000, -0.000000000000000000, 1.000000000000000000 ) ) ;
#1829 = DIRECTION ( 'NONE',  ( -0.7071067811865451302, -0.7071067811865500152, 0.000000000000000000 ) ) ;
#1830 = ORIENTED_EDGE ( 'NONE', *, *, #4976, .T. ) ;
#1831 = FACE_OUTER_BOUND ( 'NONE', #5018, .T. ) ;
#1832 = ORIENTED_EDGE ( 'NONE', *, *, #2323, .T. ) ;
#1833 = CARTESIAN_POINT ( 'NONE',  ( -36.97194292656563874, 0.5000000000000004441, 35.37465162115807971 ) ) ;
#1834 = CARTESIAN_POINT ( 'NONE',  ( -20.92984433239037401, 39.01346638435119729, -33.11188199449119907 ) ) ;
#1835 = FACE_OUTER_BOUND ( 'NONE', #3906, .T. ) ;
#1836 = DIRECTION ( 'NONE',  ( 0.7071067811865500152, 0.000000000000000000, -0.7071067811865451302 ) ) ;
#1837 = ORIENTED_EDGE ( 'NONE', *, *, #5269, .T. ) ;
#1838 = DIRECTION ( 'NONE',  ( 1.000000000000000000, 0.000000000000000000, 0.000000000000000000 ) ) ;
#1839 = ORIENTED_EDGE ( 'NONE', *, *, #2221, .F. ) ;
#1840 = LINE ( 'NONE', #3274, #57 ) ;
#1841 = CARTESIAN_POINT ( 'NONE',  ( -22.21131840735561980, 11.00000000000000000, -23.42534837884203824 ) ) ;
#1842 = DIRECTION ( 'NONE',  ( -1.000000000000000000, -0.000000000000000000, -0.000000000000000000 ) ) ;
#1843 = VERTEX_POINT ( 'NONE', #2078 ) ;
#1844 = VERTEX_POINT ( 'NONE', #3582 ) ;
#1845 = CARTESIAN_POINT ( 'NONE',  ( -14.71131840735561802, 7.000000000000000888, -31.16022644181681400 ) ) ;
#1846 = VERTEX_POINT ( 'NONE', #3013 ) ;
#1847 = DIRECTION ( 'NONE',  ( -1.000000000000000000, 0.000000000000000000, 0.000000000000000000 ) ) ;
#1848 = ADVANCED_FACE ( 'NONE', ( #1081 ), #4996, .T. ) ;
#1849 = LINE ( 'NONE', #3822, #4022 ) ;
#1850 = CARTESIAN_POINT ( 'NONE',  ( -21.19008978479205041, 39.03296822522094089, -33.46886418732331236 ) ) ;
#1851 = EDGE_CURVE ( 'NONE', #4767, #2115, #2018, .T. ) ;
#1852 = ORIENTED_EDGE ( 'NONE', *, *, #5619, .F. ) ;
#1853 = CONICAL_SURFACE ( 'NONE', #2840, 5.500000000000009770, 0.7853981633974439491 ) ;
#1854 = ADVANCED_FACE ( 'NONE', ( #2576 ), #4557, .T. ) ;
#1855 = AXIS2_PLACEMENT_3D ( 'NONE', #2614, #4943, #5487 ) ;
#1856 = LINE ( 'NONE', #4271, #2364 ) ;
#1857 = DIRECTION ( 'NONE',  ( 0.000000000000000000, 0.000000000000000000, -1.000000000000000000 ) ) ;
#1858 = VECTOR ( 'NONE', #769, 1000.000000000000000 ) ;
#1859 = VECTOR ( 'NONE', #4111, 1000.000000000000000 ) ;
#1860 = ORIENTED_EDGE ( 'NONE', *, *, #6, .T. ) ;
#1861 = DIRECTION ( 'NONE',  ( 8.659560562354919300E-17, 0.7071067811865487940, -0.7071067811865463515 ) ) ;
#1862 = VECTOR ( 'NONE', #5032, 1000.000000000000000 ) ;
#1863 = VECTOR ( 'NONE', #5191, 1000.000000000000000 ) ;
#1864 = ORIENTED_EDGE ( 'NONE', *, *, #5742, .F. ) ;
#1865 = EDGE_CURVE ( 'NONE', #940, #4624, #4496, .T. ) ;
#1866 = DIRECTION ( 'NONE',  ( -1.226344921636310289E-16, 0.000000000000000000, -1.000000000000000000 ) ) ;
#1867 = DIRECTION ( 'NONE',  ( 0.7071067811865440200, 0.7071067811865511255, 3.840017025447457111E-17 ) ) ;
#1868 = AXIS2_PLACEMENT_3D ( 'NONE', #4817, #1884, #461 ) ;
#1869 = VECTOR ( 'NONE', #1373, 1000.000000000000000 ) ;
#1870 = DIRECTION ( 'NONE',  ( 0.000000000000000000, -0.000000000000000000, 1.000000000000000000 ) ) ;
#1871 = CARTESIAN_POINT ( 'NONE',  ( -5.311316915868822264, 11.50000000000000000, -19.42534837884203824 ) ) ;
#1872 = EDGE_LOOP ( 'NONE', ( #2477, #2508, #4570, #5645 ) ) ;
#1873 = ORIENTED_EDGE ( 'NONE', *, *, #2836, .T. ) ;
#1874 = DIRECTION ( 'NONE',  ( 1.226344921636310289E-16, 0.000000000000000000, 1.000000000000000000 ) ) ;
#1875 = DIRECTION ( 'NONE',  ( 0.000000000000000000, 0.000000000000000000, 1.000000000000000000 ) ) ;
#1876 = CONICAL_SURFACE ( 'NONE', #2158, 2.499999999999998668, 0.7853981633974491672 ) ;
#1877 = EDGE_CURVE ( 'NONE', #5508, #3047, #5493, .T. ) ;
#1878 = EDGE_CURVE ( 'NONE', #3424, #5415, #2983, .T. ) ;
#1879 = CARTESIAN_POINT ( 'NONE',  ( -21.40041515016658380, 39.02754132622546024, -33.66891391121610866 ) ) ;
#1880 = ORIENTED_EDGE ( 'NONE', *, *, #1744, .T. ) ;
#1881 = ORIENTED_EDGE ( 'NONE', *, *, #2570, .T. ) ;
#1882 = CARTESIAN_POINT ( 'NONE',  ( 23.78868308413118271, 9.500000000000000000, 17.66560705092672023 ) ) ;
#1883 = VERTEX_POINT ( 'NONE', #3550 ) ;
#1884 = DIRECTION ( 'NONE',  ( 1.000000000000000000, 0.000000000000000000, 0.000000000000000000 ) ) ;
#1885 = DIRECTION ( 'NONE',  ( 0.000000000000000000, -0.000000000000000000, -1.000000000000000000 ) ) ;
#1886 = DIRECTION ( 'NONE',  ( 1.000000000000000000, 0.000000000000000000, 0.000000000000000000 ) ) ;
#1887 = VERTEX_POINT ( 'NONE', #599 ) ;
#1888 = EDGE_CURVE ( 'NONE', #3381, #2136, #1389, .T. ) ;
#1889 = DIRECTION ( 'NONE',  ( 0.000000000000000000, -1.000000000000000000, 4.625929269271486900E-16 ) ) ;
#1890 = APPLICATION_PROTOCOL_DEFINITION ( 'draft international standard', 'automotive_design', 1998, #3696 ) ;
#1891 = DIRECTION ( 'NONE',  ( 0.000000000000000000, 0.000000000000000000, -1.000000000000000000 ) ) ;
#1892 = ORIENTED_EDGE ( 'NONE', *, *, #3763, .T. ) ;
#1893 = DIRECTION ( 'NONE',  ( 1.000000000000000000, 0.000000000000000000, 0.000000000000000000 ) ) ;
#1894 = LINE ( 'NONE', #6199, #3257 ) ;
#1895 = DIRECTION ( 'NONE',  ( 0.5773502691896230665, 0.5773502691896271743, 0.5773502691896271743 ) ) ;
#1896 = CARTESIAN_POINT ( 'NONE',  ( -37.61131989884241023, 0.000000000000000000, 4.612445115398409003E-15 ) ) ;
#1897 = CARTESIAN_POINT ( 'NONE',  ( -54.89668590507573498, 37.00000000000000000, -10.83439294907367234 ) ) ;
#1898 = EDGE_LOOP ( 'NONE', ( #2595, #1025, #5970, #355 ) ) ;
#1899 = EDGE_LOOP ( 'NONE', ( #579, #22, #4088, #3026 ) ) ;
#1900 = CARTESIAN_POINT ( 'NONE',  ( -3.461318407355616245, 17.50000000000000000, 13.45656248069557925 ) ) ;
#1901 = DIRECTION ( 'NONE',  ( 5.430604157131410851E-17, 0.000000000000000000, -1.000000000000000000 ) ) ;
#1902 = CARTESIAN_POINT ( 'NONE',  ( -21.30374676849633531, 39.02999701239201613, -33.58354255093144758 ) ) ;
#1903 = ORIENTED_EDGE ( 'NONE', *, *, #1669, .F. ) ;
#1904 = VERTEX_POINT ( 'NONE', #4529 ) ;
#1905 = CARTESIAN_POINT ( 'NONE',  ( -55.71131989884241165, 0.000000000000000000, -28.43040892023596200 ) ) ;
#1906 = ORIENTED_EDGE ( 'NONE', *, *, #467, .F. ) ;
#1907 = EDGE_CURVE ( 'NONE', #856, #2918, #5477, .T. ) ;
#1908 = FACE_OUTER_BOUND ( 'NONE', #6008, .T. ) ;
#1909 = DIRECTION ( 'NONE',  ( 1.226344921636310289E-16, 0.000000000000000000, 1.000000000000000000 ) ) ;
#1910 = PLANE ( 'NONE',  #4554 ) ;
#1911 = ORIENTED_EDGE ( 'NONE', *, *, #3870, .F. ) ;
#1912 = EDGE_CURVE ( 'NONE', #3990, #4319, #3169, .T. ) ;
#1913 = AXIS2_PLACEMENT_3D ( 'NONE', #5044, #1799, #718 ) ;
#1914 = AXIS2_PLACEMENT_3D ( 'NONE', #2521, #5919, #5357 ) ;
#1915 = CARTESIAN_POINT ( 'NONE',  ( -27.11131989884240667, 2.500000000000000000, 30.45656248069552063 ) ) ;
#1916 = ADVANCED_FACE ( 'NONE', ( #2630 ), #3927, .F. ) ;
#1917 = AXIS2_PLACEMENT_3D ( 'NONE', #3135, #5057, #2698 ) ;
#1918 = ORIENTED_EDGE ( 'NONE', *, *, #3258, .T. ) ;
#1919 = FACE_OUTER_BOUND ( 'NONE', #1544, .T. ) ;
#1920 = ORIENTED_EDGE ( 'NONE', *, *, #2628, .T. ) ;
#1921 = DIRECTION ( 'NONE',  ( -1.000000000000000000, 0.000000000000000000, 0.000000000000000000 ) ) ;
#1922 = DIRECTION ( 'NONE',  ( 0.000000000000000000, 0.000000000000000000, -1.000000000000000000 ) ) ;
#1923 = LINE ( 'NONE', #5809, #3818 ) ;
#1924 = ADVANCED_FACE ( 'NONE', ( #6104 ), #3638, .T. ) ;
#1925 = EDGE_CURVE ( 'NONE', #5735, #2260, #6093, .T. ) ;
#1926 = DIRECTION ( 'NONE',  ( 0.000000000000000000, 0.000000000000000000, 1.000000000000000000 ) ) ;
#1927 = LINE ( 'NONE', #5696, #1115 ) ;
#1928 = VERTEX_POINT ( 'NONE', #3707 ) ;
#1929 = PLANE ( 'NONE',  #2452 ) ;
#1930 = ORIENTED_EDGE ( 'NONE', *, *, #3192, .T. ) ;
#1931 = EDGE_CURVE ( 'NONE', #6075, #4809, #2765, .T. ) ;
#1932 = CARTESIAN_POINT ( 'NONE',  ( -33.46131840735561980, 12.50000000000000000, 13.45656248069557925 ) ) ;
#1933 = CARTESIAN_POINT ( 'NONE',  ( -22.91131840735561909, 11.00000000000000000, -21.42534837884203824 ) ) ;
#1934 = LINE ( 'NONE', #3811, #2046 ) ;
#1935 = ORIENTED_EDGE ( 'NONE', *, *, #5376, .F. ) ;
#1936 = ORIENTED_EDGE ( 'NONE', *, *, #5530, .F. ) ;
#1937 = DIRECTION ( 'NONE',  ( -0.000000000000000000, -1.000000000000000000, 0.000000000000000000 ) ) ;
#1938 = VERTEX_POINT ( 'NONE', #2265 ) ;
#1939 = EDGE_CURVE ( 'NONE', #2425, #1608, #1264, .T. ) ;
#1940 = DIRECTION ( 'NONE',  ( 1.000000000000000000, -0.000000000000000000, -0.000000000000000000 ) ) ;
#1941 = DIRECTION ( 'NONE',  ( 0.7071067811865475727, 0.7071067811865475727, -0.000000000000000000 ) ) ;
#1942 = EDGE_CURVE ( 'NONE', #1546, #3307, #1190, .T. ) ;
#1943 = CARTESIAN_POINT ( 'NONE',  ( -28.46131840735561980, 12.50000000000000000, 35.95656248069552419 ) ) ;
#1944 = CARTESIAN_POINT ( 'NONE',  ( -3.461318407355616245, 12.50000000000000000, 35.45656248069552419 ) ) ;
#1945 = ORIENTED_EDGE ( 'NONE', *, *, #930, .F. ) ;
#1946 = EDGE_CURVE ( 'NONE', #3787, #6212, #3130, .T. ) ;
#1947 = DIRECTION ( 'NONE',  ( 5.782411586589357639E-16, -1.000000000000000000, 0.000000000000000000 ) ) ;
#1948 = EDGE_CURVE ( 'NONE', #4737, #1649, #5195, .T. ) ;
#1949 = ORIENTED_EDGE ( 'NONE', *, *, #3219, .T. ) ;
#1950 = ORIENTED_EDGE ( 'NONE', *, *, #4850, .F. ) ;
#1951 = CARTESIAN_POINT ( 'NONE',  ( -21.22743718668036905, 39.50000000000000000, -32.53738876486024623 ) ) ;
#1952 = CARTESIAN_POINT ( 'NONE',  ( 26.78868308413118271, 0.5000000000000004441, -28.43037995825160991 ) ) ;
#1953 = DIRECTION ( 'NONE',  ( -0.7071067811865474617, -0.7071067811865474617, 0.000000000000000000 ) ) ;
#1954 = CONICAL_SURFACE ( 'NONE', #3946, 5.500000000000009770, 0.7853981633974439491 ) ;
#1955 = CARTESIAN_POINT ( 'NONE',  ( -55.71131989884241165, 0.000000000000000000, 35.45656248069552419 ) ) ;
#1956 = VECTOR ( 'NONE', #4762, 999.9999999999998863 ) ;
#1957 = CARTESIAN_POINT ( 'NONE',  ( -9.711318407355614468, 11.25000000000000000, -23.67534837884203824 ) ) ;
#1958 = VERTEX_POINT ( 'NONE', #286 ) ;
#1959 = ORIENTED_EDGE ( 'NONE', *, *, #68, .F. ) ;
#1960 = CIRCLE ( 'NONE', #3053, 1.750000000000005107 ) ;
#1961 = EDGE_CURVE ( 'NONE', #3399, #5129, #3675, .T. ) ;
#1962 = DIRECTION ( 'NONE',  ( 0.000000000000000000, 0.000000000000000000, -1.000000000000000000 ) ) ;
#1963 = CIRCLE ( 'NONE', #2851, 4.999999999999999112 ) ;
#1964 = DIRECTION ( 'NONE',  ( 1.000000000000000000, 0.000000000000000000, 0.000000000000000000 ) ) ;
#1965 = CARTESIAN_POINT ( 'NONE',  ( -22.23913777993641006, 39.00848566771901460, -34.07770649682350950 ) ) ;
#1966 = ORIENTED_EDGE ( 'NONE', *, *, #4071, .F. ) ;
#1967 = ORIENTED_EDGE ( 'NONE', *, *, #1482, .F. ) ;
#1968 = CARTESIAN_POINT ( 'NONE',  ( 26.28868308413116850, 9.499999999999998224, 12.16560705092670780 ) ) ;
#1969 = VECTOR ( 'NONE', #4376, 1000.000000000000114 ) ;
#1970 = ORIENTED_EDGE ( 'NONE', *, *, #4982, .T. ) ;
#1971 = CONICAL_SURFACE ( 'NONE', #3062, 66.50000000000000000, 0.7853981633974482790 ) ;
#1972 = CARTESIAN_POINT ( 'NONE',  ( -54.89668590507573498, 37.00000000000000000, -10.83439294907367412 ) ) ;
#1973 = PLANE ( 'NONE',  #689 ) ;
#1974 = DIRECTION ( 'NONE',  ( 0.000000000000000000, 0.000000000000000000, 1.000000000000000000 ) ) ;
#1975 = CARTESIAN_POINT ( 'NONE',  ( -22.67482495024485800, 38.99999999999999289, -34.12534837884242478 ) ) ;
#1976 = EDGE_LOOP ( 'NONE', ( #2308, #3691, #5710, #12 ) ) ;
#1977 = AXIS2_PLACEMENT_3D ( 'NONE', #6153, #882, #4700 ) ;
#1978 = DIRECTION ( 'NONE',  ( 1.000000000000000000, 0.000000000000000000, -0.000000000000000000 ) ) ;
#1979 = CARTESIAN_POINT ( 'NONE',  ( 4.063799210411883855, -6.375116126280663487, -17.75023225256133586 ) ) ;
#1980 = VERTEX_POINT ( 'NONE', #3736 ) ;
#1981 = ADVANCED_FACE ( 'NONE', ( #5596 ), #6140, .F. ) ;
#1982 = DIRECTION ( 'NONE',  ( -6.938893903907222067E-15, 0.000000000000000000, -1.000000000000000000 ) ) ;
#1983 = FACE_OUTER_BOUND ( 'NONE', #5849, .T. ) ;
#1984 = FACE_BOUND ( 'NONE', #3771, .T. ) ;
#1985 = DIRECTION ( 'NONE',  ( 0.000000000000000000, 0.000000000000000000, 1.000000000000000000 ) ) ;
#1986 = ORIENTED_EDGE ( 'NONE', *, *, #4863, .T. ) ;
#1987 = ORIENTED_EDGE ( 'NONE', *, *, #705, .F. ) ;
#1988 = CARTESIAN_POINT ( 'NONE',  ( 5.188683084131174184, -44.50000000000000000, 30.45656248069552063 ) ) ;
#1989 = AXIS2_PLACEMENT_3D ( 'NONE', #1325, #4735, #2346 ) ;
#1990 = CARTESIAN_POINT ( 'NONE',  ( 26.28868308413116850, 9.499999999999998224, -12.83439294907329753 ) ) ;
#1991 = DIRECTION ( 'NONE',  ( 0.000000000000000000, -1.000000000000000000, 0.000000000000000000 ) ) ;
#1992 = ORIENTED_EDGE ( 'NONE', *, *, #3763, .F. ) ;
#1993 = EDGE_CURVE ( 'NONE', #1437, #90, #2665, .T. ) ;
#1994 = ORIENTED_EDGE ( 'NONE', *, *, #4997, .F. ) ;
#1995 = DIRECTION ( 'NONE',  ( -0.000000000000000000, -1.000000000000000000, -0.000000000000000000 ) ) ;
#1996 = EDGE_LOOP ( 'NONE', ( #3636, #1892, #6003, #3837, #5698, #1787 ) ) ;
#1997 = VECTOR ( 'NONE', #2901, 1000.000000000000114 ) ;
#1998 = CYLINDRICAL_SURFACE ( 'NONE', #1868, 4.999999999999999112 ) ;
#1999 = FACE_OUTER_BOUND ( 'NONE', #1872, .T. ) ;
#2000 = LINE ( 'NONE', #3500, #5622 ) ;
#2001 = CARTESIAN_POINT ( 'NONE',  ( -22.14276676280453771, 39.01047910182764156, -34.05423544085066112 ) ) ;
#2002 = EDGE_CURVE ( 'NONE', #103, #1432, #3379, .T. ) ;
#2003 = VERTEX_POINT ( 'NONE', #826 ) ;
#2004 = CARTESIAN_POINT ( 'NONE',  ( -3.461318407355619353, 28.00000000000000000, 35.45656248069552419 ) ) ;
#2005 = DIRECTION ( 'NONE',  ( 0.000000000000000000, -0.7071067811865490160, -0.7071067811865460184 ) ) ;
#2006 = ORIENTED_EDGE ( 'NONE', *, *, #4150, .F. ) ;
#2007 = ADVANCED_FACE ( 'NONE', ( #3233 ), #5630, .F. ) ;
#2008 = DIRECTION ( 'NONE',  ( 0.000000000000000000, 0.000000000000000000, -1.000000000000000000 ) ) ;
#2009 = DIRECTION ( 'NONE',  ( -0.000000000000000000, -1.000000000000000000, -0.000000000000000000 ) ) ;
#2010 = CIRCLE ( 'NONE', #3103, 1.750000000000005107 ) ;
#2011 = DIRECTION ( 'NONE',  ( -1.000000000000000000, -4.956352788505162282E-16, -1.387080272683752052E-14 ) ) ;
#2012 = B_SPLINE_CURVE_WITH_KNOTS ( 'NONE', 3,
 ( #1810, #6013, #4127, #6045, #3175, #326, #6078, #1780, #3684, #2272, #1338, #2919, #928, #3840 ),
 .UNSPECIFIED., .F., .F.,
 ( 4, 2, 2, 2, 2, 2, 4 ),
 ( 0.000000000000000000, 0.1250000000000000000, 0.2500000000000000000, 0.3750000000000000000, 0.5000000000000000000, 0.7500000000000000000, 1.000000000000000000 ),
 .UNSPECIFIED. ) ;
#2013 = DIRECTION ( 'NONE',  ( -0.000000000000000000, -1.000000000000000000, -0.000000000000000000 ) ) ;
#2014 = ORIENTED_EDGE ( 'NONE', *, *, #3557, .T. ) ;
#2015 = CARTESIAN_POINT ( 'NONE',  ( 5.188683084131180401, 0.5000000000000004441, -26.12534837884203753 ) ) ;
#2016 = ORIENTED_EDGE ( 'NONE', *, *, #2619, .T. ) ;
#2017 = PLANE ( 'NONE',  #2542 ) ;
#2018 = LINE ( 'NONE', #3996, #2973 ) ;
#2019 = PLANE ( 'NONE',  #1286 ) ;
#2020 = ORIENTED_EDGE ( 'NONE', *, *, #1392, .F. ) ;
#2021 = FACE_OUTER_BOUND ( 'NONE', #1106, .T. ) ;
#2022 = ADVANCED_FACE ( 'NONE', ( #2694 ), #5662, .F. ) ;
#2023 = UNCERTAINTY_MEASURE_WITH_UNIT (LENGTH_MEASURE( 1.000000000000000082E-05 ), #4707, 'distance_accuracy_value', 'NONE');
#2024 = ORIENTED_EDGE ( 'NONE', *, *, #3853, .F. ) ;
#2025 = ORIENTED_EDGE ( 'NONE', *, *, #4976, .F. ) ;
#2026 = DIRECTION ( 'NONE',  ( 0.5773502691896237327, -0.5773502691896255090, 0.5773502691896280625 ) ) ;
#2027 = DIRECTION ( 'NONE',  ( 0.000000000000000000, -1.000000000000000000, 0.000000000000000000 ) ) ;
#2028 = FACE_OUTER_BOUND ( 'NONE', #3256, .T. ) ;
#2029 = FACE_OUTER_BOUND ( 'NONE', #5502, .T. ) ;
#2030 = ORIENTED_EDGE ( 'NONE', *, *, #5087, .T. ) ;
#2031 = CARTESIAN_POINT ( 'NONE',  ( -22.91131840735561909, 11.00000000000000000, -18.92534837884203824 ) ) ;
#2032 = EDGE_CURVE ( 'NONE', #5058, #2398, #1331, .T. ) ;
#2033 = DIRECTION ( 'NONE',  ( -0.000000000000000000, 1.000000000000000000, -0.000000000000000000 ) ) ;
#2034 = EDGE_CURVE ( 'NONE', #1437, #4560, #4151, .T. ) ;
#2035 = ORIENTED_EDGE ( 'NONE', *, *, #2949, .F. ) ;
#2036 = EDGE_CURVE ( 'NONE', #470, #314, #3002, .T. ) ;
#2037 = ORIENTED_EDGE ( 'NONE', *, *, #932, .F. ) ;
#2038 = DIRECTION ( 'NONE',  ( -0.7071067811865451302, 0.7071067811865500152, 0.000000000000000000 ) ) ;
#2039 = CARTESIAN_POINT ( 'NONE',  ( -27.11131989884241023, 0.000000000000000000, 3.324782947680283335E-15 ) ) ;
#2040 = CARTESIAN_POINT ( 'NONE',  ( 38.28868010115761678, 9.500000000000000000, 17.16560705092670958 ) ) ;
#2041 = FACE_OUTER_BOUND ( 'NONE', #1996, .T. ) ;
#2042 = ORIENTED_EDGE ( 'NONE', *, *, #5850, .F. ) ;
#2043 = ORIENTED_EDGE ( 'NONE', *, *, #4987, .F. ) ;
#2044 = PLANE ( 'NONE',  #4950 ) ;
#2045 = CARTESIAN_POINT ( 'NONE',  ( -3.461318407355619353, 27.50000000000000000, 35.95656248069552419 ) ) ;
#2046 = VECTOR ( 'NONE', #4808, 1000.000000000000114 ) ;
#2047 = LINE ( 'NONE', #1728, #5800 ) ;
#2048 = ORIENTED_EDGE ( 'NONE', *, *, #835, .T. ) ;
#2049 = DIRECTION ( 'NONE',  ( -0.000000000000000000, -1.000000000000000000, -0.000000000000000000 ) ) ;
#2050 = ORIENTED_EDGE ( 'NONE', *, *, #2921, .T. ) ;
#2051 = VERTEX_POINT ( 'NONE', #386 ) ;
#2052 = AXIS2_PLACEMENT_3D ( 'NONE', #1440, #5327, #552 ) ;
#2053 = CIRCLE ( 'NONE', #5772, 66.50000000000000000 ) ;
#2054 = EDGE_CURVE ( 'NONE', #5779, #2366, #5311, .T. ) ;
#2055 = DIRECTION ( 'NONE',  ( 0.000000000000000000, 0.000000000000000000, 1.000000000000000000 ) ) ;
#2056 = EDGE_CURVE ( 'NONE', #5126, #1938, #1486, .T. ) ;
#2057 = FACE_OUTER_BOUND ( 'NONE', #2775, .T. ) ;
#2058 = CARTESIAN_POINT ( 'NONE',  ( -4.811316915868822264, 11.50000000000000000, -31.12534837884217609 ) ) ;
#2059 = CARTESIAN_POINT ( 'NONE',  ( -10.66708862328393081, 39.50000000000000000, -32.62534844210099294 ) ) ;
#2060 = AXIS2_PLACEMENT_3D ( 'NONE', #2958, #5263, #578 ) ;
#2061 = ORIENTED_EDGE ( 'NONE', *, *, #2970, .F. ) ;
#2062 = DIRECTION ( 'NONE',  ( 1.000000000000000000, -0.000000000000000000, -0.000000000000000000 ) ) ;
#2063 = VECTOR ( 'NONE', #4083, 999.9999999999998863 ) ;
#2064 = DIRECTION ( 'NONE',  ( -1.226344921636310289E-16, 0.000000000000000000, 1.000000000000000000 ) ) ;
#2065 = CARTESIAN_POINT ( 'NONE',  ( -28.46131840735561980, 22.50000000000000000, 35.95656248069552419 ) ) ;
#2066 = AXIS2_PLACEMENT_3D ( 'NONE', #4032, #5387, #4000 ) ;
#2067 = CARTESIAN_POINT ( 'NONE',  ( 26.28868308413116850, 14.49999999999999467, -12.83439294907329753 ) ) ;
#2068 = EDGE_CURVE ( 'NONE', #1646, #2389, #5718, .T. ) ;
#2069 = VERTEX_POINT ( 'NONE', #6200 ) ;
#2070 = DIRECTION ( 'NONE',  ( 0.000000000000000000, 0.000000000000000000, -1.000000000000000000 ) ) ;
#2071 = CARTESIAN_POINT ( 'NONE',  ( 23.78868308413118626, 39.00000000000000000, -28.43037995825160991 ) ) ;
#2072 = CARTESIAN_POINT ( 'NONE',  ( -33.46131840735561980, 12.50000000000000000, 37.95656248069552419 ) ) ;
#2073 = DIRECTION ( 'NONE',  ( -6.935401363418760262E-15, 0.000000000000000000, 1.000000000000000000 ) ) ;
#2074 = VECTOR ( 'NONE', #4216, 1000.000000000000000 ) ;
#2075 = EDGE_LOOP ( 'NONE', ( #4552, #2736, #4924, #5939 ) ) ;
#2076 = ORIENTED_EDGE ( 'NONE', *, *, #2117, .T. ) ;
#2077 = CARTESIAN_POINT ( 'NONE',  ( 22.97404909036468368, 37.00000000000000000, 15.16560705092632411 ) ) ;
#2078 = CARTESIAN_POINT ( 'NONE',  ( 5.049207500472294718, 39.00000000000000000, -31.12534837884203753 ) ) ;
#2079 = CARTESIAN_POINT ( 'NONE',  ( -55.71131989884241165, 38.99999999999999289, 38.45656248069552419 ) ) ;
#2080 = ORIENTED_EDGE ( 'NONE', *, *, #301, .F. ) ;
#2081 = CARTESIAN_POINT ( 'NONE',  ( -21.71131840735561980, 11.00000000000000000, -31.12534837884203753 ) ) ;
#2082 = ORIENTED_EDGE ( 'NONE', *, *, #1774, .T. ) ;
#2083 = VERTEX_POINT ( 'NONE', #70 ) ;
#2084 = DIRECTION ( 'NONE',  ( 0.5773502691896256200, -0.5773502691896258421, 0.5773502691896258421 ) ) ;
#2085 = CARTESIAN_POINT ( 'NONE',  ( -58.71131989884241165, 9.499999999999998224, -13.33439294907330641 ) ) ;
#2086 = ADVANCED_FACE ( 'NONE', ( #1983 ), #529, .T. ) ;
#2087 = PLANE ( 'NONE',  #2604 ) ;
#2088 = CARTESIAN_POINT ( 'NONE',  ( -56.21131989884242586, 19.49999999999999645, 12.16560705092670602 ) ) ;
#2089 = ORIENTED_EDGE ( 'NONE', *, *, #2130, .T. ) ;
#2090 = EDGE_CURVE ( 'NONE', #1054, #5401, #2883, .T. ) ;
#2091 = DIRECTION ( 'NONE',  ( -1.000000000000000000, 0.000000000000000000, 0.000000000000000000 ) ) ;
#2092 = VECTOR ( 'NONE', #5511, 1000.000000000000114 ) ;
#2093 = DIRECTION ( 'NONE',  ( 0.000000000000000000, -1.000000000000000000, 0.000000000000000000 ) ) ;
#2094 = EDGE_CURVE ( 'NONE', #3217, #2826, #3894, .T. ) ;
#2095 = PLANE ( 'NONE',  #5163 ) ;
#2096 = VERTEX_POINT ( 'NONE', #6165 ) ;
#2097 = EDGE_CURVE ( 'NONE', #5779, #34, #1923, .T. ) ;
#2098 = VERTEX_POINT ( 'NONE', #5221 ) ;
#2099 = FACE_OUTER_BOUND ( 'NONE', #2195, .T. ) ;
#2100 = ADVANCED_FACE ( 'NONE', ( #3385 ), #1513, .T. ) ;
#2101 = CARTESIAN_POINT ( 'NONE',  ( 5.049207500472289389, 2.500000000000000000, -34.12534837884204109 ) ) ;
#2102 = DIRECTION ( 'NONE',  ( -0.7071067811865524577, -0.7071067811865425767, -0.000000000000000000 ) ) ;
#2103 = LINE ( 'NONE', #1516, #2811 ) ;
#2104 = EDGE_LOOP ( 'NONE', ( #3351, #3712, #5635, #2536 ) ) ;
#2105 = ORIENTED_EDGE ( 'NONE', *, *, #1180, .F. ) ;
#2106 = VECTOR ( 'NONE', #1836, 1000.000000000000114 ) ;
#2107 = DIRECTION ( 'NONE',  ( 1.000000000000000000, 0.000000000000000000, 0.000000000000000000 ) ) ;
#2108 = ADVANCED_FACE ( 'NONE', ( #922 ), #2914, .F. ) ;
#2109 = CARTESIAN_POINT ( 'NONE',  ( -55.71131989884245428, 39.50000000000000000, -28.43040892023610056 ) ) ;
#2110 = DIRECTION ( 'NONE',  ( 1.226344921636310289E-16, 0.000000000000000000, 1.000000000000000000 ) ) ;
#2111 = ORIENTED_EDGE ( 'NONE', *, *, #941, .F. ) ;
#2112 = LINE ( 'NONE', #1586, #370 ) ;
#2113 = VECTOR ( 'NONE', #984, 999.9999999999998863 ) ;
#2114 = MECHANICAL_DESIGN_GEOMETRIC_PRESENTATION_REPRESENTATION (  '', ( #6138 ), #308 ) ;
#2115 = VERTEX_POINT ( 'NONE', #2384 ) ;
#2116 = CARTESIAN_POINT ( 'NONE',  ( -36.97194292656563164, 0.5000000000000004441, -34.12534837884262373 ) ) ;
#2117 = EDGE_CURVE ( 'NONE', #5881, #155, #3357, .T. ) ;
#2118 = ORIENTED_EDGE ( 'NONE', *, *, #3826, .T. ) ;
#2119 = PLANE ( 'NONE',  #3652 ) ;
#2120 = DIRECTION ( 'NONE',  ( 0.000000000000000000, 0.000000000000000000, -1.000000000000000000 ) ) ;
#2121 = CARTESIAN_POINT ( 'NONE',  ( 1.538681592644377982, 27.50000000000000000, 37.95656248069552419 ) ) ;
#2122 = LINE ( 'NONE', #2992, #3647 ) ;
#2123 = ORIENTED_EDGE ( 'NONE', *, *, #4545, .T. ) ;
#2124 = DIRECTION ( 'NONE',  ( -0.000000000000000000, -0.000000000000000000, 1.000000000000000000 ) ) ;
#2125 = EDGE_CURVE ( 'NONE', #4173, #4732, #2823, .T. ) ;
#2126 = CARTESIAN_POINT ( 'NONE',  ( -10.76817846698802228, 39.03391852343496993, -33.42864865334060198 ) ) ;
#2127 = VECTOR ( 'NONE', #1947, 1000.000000000000000 ) ;
#2128 = ORIENTED_EDGE ( 'NONE', *, *, #1550, .F. ) ;
#2129 = FACE_OUTER_BOUND ( 'NONE', #4906, .T. ) ;
#2130 = EDGE_CURVE ( 'NONE', #5572, #223, #2352, .T. ) ;
#2131 = DIRECTION ( 'NONE',  ( 0.5773502691896257311, -0.5773502691896257311, -0.5773502691896257311 ) ) ;
#2132 = DIRECTION ( 'NONE',  ( 1.000000000000000000, 0.000000000000000000, 1.387080272683752052E-14 ) ) ;
#2133 = CARTESIAN_POINT ( 'NONE',  ( 24.63407296008572089, 38.99999999999999289, -31.30880243551820286 ) ) ;
#2134 = VERTEX_POINT ( 'NONE', #2853 ) ;
#2135 = LINE ( 'NONE', #5625, #3962 ) ;
#2136 = VERTEX_POINT ( 'NONE', #5283 ) ;
#2137 = CARTESIAN_POINT ( 'NONE',  ( -14.71131840735561802, 7.000000000000000888, -31.12534837884210859 ) ) ;
#2138 = DIRECTION ( 'NONE',  ( 0.000000000000000000, -1.000000000000000000, 0.000000000000000000 ) ) ;
#2139 = EDGE_LOOP ( 'NONE', ( #5488, #2141, #4103, #1146 ) ) ;
#2140 = CARTESIAN_POINT ( 'NONE',  ( 26.28868308413118982, 39.50000000000000000, -28.43037995825160991 ) ) ;
#2141 = ORIENTED_EDGE ( 'NONE', *, *, #1472, .F. ) ;
#2142 = DIRECTION ( 'NONE',  ( -0.000000000000000000, -0.000000000000000000, -1.000000000000000000 ) ) ;
#2143 = ORIENTED_EDGE ( 'NONE', *, *, #4050, .T. ) ;
#2144 = EDGE_CURVE ( 'NONE', #1659, #5412, #415, .T. ) ;
#2145 = CARTESIAN_POINT ( 'NONE',  ( -25.91131840735561553, 2.500000000000000000, -21.42534837884203824 ) ) ;
#2146 = VECTOR ( 'NONE', #4416, 1000.000000000000000 ) ;
#2147 = CARTESIAN_POINT ( 'NONE',  ( -21.71131840735561980, 2.500000000000000000, -31.16022644181693835 ) ) ;
#2148 = DIRECTION ( 'NONE',  ( -1.000000000000000000, -0.000000000000000000, -0.000000000000000000 ) ) ;
#2149 = EDGE_LOOP ( 'NONE', ( #2270, #5463, #1203, #905 ) ) ;
#2150 = VECTOR ( 'NONE', #2622, 1000.000000000000000 ) ;
#2151 = PLANE ( 'NONE',  #3255 ) ;
#2152 = CIRCLE ( 'NONE', #1558, 5.500000000000011546 ) ;
#2153 = FACE_OUTER_BOUND ( 'NONE', #1501, .T. ) ;
#2154 = AXIS2_PLACEMENT_3D ( 'NONE', #2971, #121, #5932 ) ;
#2155 = CARTESIAN_POINT ( 'NONE',  ( 5.049207500472291166, 39.50000000000000000, -31.12534837884203753 ) ) ;
#2156 = ORIENTED_EDGE ( 'NONE', *, *, #1946, .T. ) ;
#2157 = CONICAL_SURFACE ( 'NONE', #3263, 5.499999999999998224, 0.7853981633974457255 ) ;
#2158 = AXIS2_PLACEMENT_3D ( 'NONE', #3835, #5785, #1487 ) ;
#2159 = DIRECTION ( 'NONE',  ( -1.000000000000000000, 0.000000000000000000, 0.000000000000000000 ) ) ;
#2160 = CARTESIAN_POINT ( 'NONE',  ( 5.188683084131174184, 2.000000000000001776, 30.45656248069552063 ) ) ;
#2161 = AXIS2_PLACEMENT_3D ( 'NONE', #6157, #3380, #914 ) ;
#2162 = CARTESIAN_POINT ( 'NONE',  ( -28.46131840735561980, 12.00000000000000000, 35.45656248069552419 ) ) ;
#2163 = DIRECTION ( 'NONE',  ( -0.7071067811865500152, 0.7071067811865451302, 0.000000000000000000 ) ) ;
#2164 = ADVANCED_FACE ( 'NONE', ( #3327 ), #500, .T. ) ;
#2165 = ORIENTED_EDGE ( 'NONE', *, *, #4448, .F. ) ;
#2166 = LINE ( 'NONE', #4116, #1257 ) ;
#2167 = ORIENTED_EDGE ( 'NONE', *, *, #2921, .F. ) ;
#2168 = CARTESIAN_POINT ( 'NONE',  ( -33.46131840735561980, 17.49999999999999645, 35.95656248069552419 ) ) ;
#2169 = DIRECTION ( 'NONE',  ( -0.7071067811865500152, 0.000000000000000000, 0.7071067811865450192 ) ) ;
#2170 = ORIENTED_EDGE ( 'NONE', *, *, #5567, .T. ) ;
#2171 = DIRECTION ( 'NONE',  ( -1.226344921636310289E-16, 0.000000000000000000, 1.000000000000000000 ) ) ;
#2172 = ORIENTED_EDGE ( 'NONE', *, *, #4437, .T. ) ;
#2173 = ORIENTED_EDGE ( 'NONE', *, *, #4251, .F. ) ;
#2174 = CONICAL_SURFACE ( 'NONE', #1279, 1.750000000000001554, 0.7853981633974465026 ) ;
#2175 = DIRECTION ( 'NONE',  ( -1.000000000000000000, 0.000000000000000000, 0.000000000000000000 ) ) ;
#2176 = LINE ( 'NONE', #4005, #5803 ) ;
#2177 = EDGE_CURVE ( 'NONE', #3349, #2321, #2325, .T. ) ;
#2178 = CARTESIAN_POINT ( 'NONE',  ( -9.856893988904163351, 39.01210904501065357, -34.03078281803566796 ) ) ;
#2179 = VERTEX_POINT ( 'NONE', #4305 ) ;
#2180 = DIRECTION ( 'NONE',  ( -0.000000000000000000, -0.000000000000000000, 1.000000000000000000 ) ) ;
#2181 = AXIS2_PLACEMENT_3D ( 'NONE', #2454, #2578, #3490 ) ;
#2182 = ORIENTED_EDGE ( 'NONE', *, *, #3188, .F. ) ;
#2183 = CARTESIAN_POINT ( 'NONE',  ( -10.53839302707553749, 39.02793500739045385, -33.65516129152342018 ) ) ;
#2184 = FILL_AREA_STYLE_COLOUR ( '', #5628 ) ;
#2185 = CARTESIAN_POINT ( 'NONE',  ( -22.23624853468905016, 39.50000000000000711, -33.56077064648317076 ) ) ;
#2186 = ORIENTED_EDGE ( 'NONE', *, *, #3687, .T. ) ;
#2187 = EDGE_CURVE ( 'NONE', #34, #1564, #7, .T. ) ;
#2188 = DIRECTION ( 'NONE',  ( -0.000000000000000000, 1.000000000000000000, -1.156482317317871725E-16 ) ) ;
#2189 = PLANE ( 'NONE',  #5365 ) ;
#2190 = CARTESIAN_POINT ( 'NONE',  ( -10.30763781930465406, 39.50000000000000711, -33.19115534514375554 ) ) ;
#2191 = EDGE_CURVE ( 'NONE', #2869, #564, #600, .T. ) ;
#2192 = DIRECTION ( 'NONE',  ( -1.000000000000000000, 0.000000000000000000, 0.000000000000000000 ) ) ;
#2193 = ORIENTED_EDGE ( 'NONE', *, *, #1961, .T. ) ;
#2194 = LINE ( 'NONE', #1328, #5062 ) ;
#2195 = EDGE_LOOP ( 'NONE', ( #118, #1950, #5896, #4193 ) ) ;
#2196 = EDGE_CURVE ( 'NONE', #90, #1938, #2569, .T. ) ;
#2197 = CARTESIAN_POINT ( 'NONE',  ( 26.28868308413118626, 0.000000000000000000, 35.45656248069552419 ) ) ;
#2198 = CARTESIAN_POINT ( 'NONE',  ( -14.71131840735561802, 7.000000000000000888, -34.12534837884231109 ) ) ;
#2199 = VERTEX_POINT ( 'NONE', #4398 ) ;
#2200 = LINE ( 'NONE', #5600, #212 ) ;
#2201 = ORIENTED_EDGE ( 'NONE', *, *, #3314, .F. ) ;
#2202 = ORIENTED_EDGE ( 'NONE', *, *, #3746, .T. ) ;
#2203 = VECTOR ( 'NONE', #3989, 1000.000000000000000 ) ;
#2204 = VECTOR ( 'NONE', #4234, 999.9999999999998863 ) ;
#2205 = DIRECTION ( 'NONE',  ( -9.808138668647741248E-15, -0.7071067811865421326, 0.7071067811865530128 ) ) ;
#2206 = AXIS2_PLACEMENT_3D ( 'NONE', #2416, #4278, #4336 ) ;
#2207 = FACE_OUTER_BOUND ( 'NONE', #6148, .T. ) ;
#2208 = ADVANCED_FACE ( 'NONE', ( #4020 ), #124, .T. ) ;
#2209 = CARTESIAN_POINT ( 'NONE',  ( -10.74484795958942485, 39.03330084468534267, -33.45441077950385278 ) ) ;
#2210 = VECTOR ( 'NONE', #1300, 999.9999999999998863 ) ;
#2211 = VECTOR ( 'NONE', #5178, 1000.000000000000000 ) ;
#2212 = ORIENTED_EDGE ( 'NONE', *, *, #2285, .T. ) ;
#2213 = DIRECTION ( 'NONE',  ( -1.000000000000000000, -0.000000000000000000, -0.000000000000000000 ) ) ;
#2214 = EDGE_LOOP ( 'NONE', ( #655, #900, #5976, #3410 ) ) ;
#2215 = FACE_OUTER_BOUND ( 'NONE', #3993, .T. ) ;
#2216 = CARTESIAN_POINT ( 'NONE',  ( -33.46131840735562690, 27.50000000000000000, 35.95656248069552419 ) ) ;
#2217 = CARTESIAN_POINT ( 'NONE',  ( -21.70527107001121081, 39.50000000000000711, -33.27270806335330633 ) ) ;
#2218 = ORIENTED_EDGE ( 'NONE', *, *, #5603, .F. ) ;
#2219 = EDGE_CURVE ( 'NONE', #3165, #192, #566, .T. ) ;
#2220 = LINE ( 'NONE', #2655, #640 ) ;
#2221 = EDGE_CURVE ( 'NONE', #3662, #171, #305, .T. ) ;
#2222 = DIRECTION ( 'NONE',  ( 0.000000000000000000, 0.000000000000000000, -1.000000000000000000 ) ) ;
#2223 = EDGE_CURVE ( 'NONE', #5690, #1809, #5925, .T. ) ;
#2224 = DIRECTION ( 'NONE',  ( 1.000000000000000000, -0.000000000000000000, 5.430604157131410235E-17 ) ) ;
#2225 = CARTESIAN_POINT ( 'NONE',  ( -10.21131840735561447, 11.50000000000000000, -23.42534837884203824 ) ) ;
#2226 = DIRECTION ( 'NONE',  ( -0.000000000000000000, 1.000000000000000000, -0.000000000000000000 ) ) ;
#2227 = ORIENTED_EDGE ( 'NONE', *, *, #5619, .T. ) ;
#2228 = DIRECTION ( 'NONE',  ( 0.000000000000000000, 1.000000000000000000, 0.000000000000000000 ) ) ;
#2229 = ORIENTED_EDGE ( 'NONE', *, *, #4733, .T. ) ;
#2230 = DIRECTION ( 'NONE',  ( -0.000000000000000000, 0.7071067811865490160, 0.7071067811865460184 ) ) ;
#2231 = CARTESIAN_POINT ( 'NONE',  ( 38.28868010115761678, 19.49999999999999645, -7.834392949073296641 ) ) ;
#2232 = DIRECTION ( 'NONE',  ( 0.5773502691896283956, 0.5773502691896245098, 0.5773502691896245098 ) ) ;
#2233 = ORIENTED_EDGE ( 'NONE', *, *, #5895, .T. ) ;
#2234 = CARTESIAN_POINT ( 'NONE',  ( -58.71131989884241165, 38.99999999999999289, -28.43040892023596200 ) ) ;
#2235 = ORIENTED_EDGE ( 'NONE', *, *, #2679, .T. ) ;
#2236 = EDGE_CURVE ( 'NONE', #5881, #5407, #97, .T. ) ;
#2237 = ORIENTED_EDGE ( 'NONE', *, *, #1632, .T. ) ;
#2238 = LINE ( 'NONE', #4567, #450 ) ;
#2239 = CARTESIAN_POINT ( 'NONE',  ( -14.71131840735561802, 7.000000000000000888, -40.12534837884211214 ) ) ;
#2240 = CARTESIAN_POINT ( 'NONE',  ( -10.78991734230314492, 39.03451125123532961, -33.40262514694160245 ) ) ;
#2241 = EDGE_LOOP ( 'NONE', ( #3544, #3839, #4824, #5236 ) ) ;
#2242 = ORIENTED_EDGE ( 'NONE', *, *, #5706, .T. ) ;
#2243 = DIRECTION ( 'NONE',  ( -1.000000000000000000, 0.000000000000000000, 0.000000000000000000 ) ) ;
#2244 = EDGE_LOOP ( 'NONE', ( #4252, #6160, #5762, #4784, #1050 ) ) ;
#2245 = EDGE_CURVE ( 'NONE', #30, #1659, #624, .T. ) ;
#2246 = ADVANCED_FACE ( 'NONE', ( #3004 ), #4926, .F. ) ;
#2247 = CARTESIAN_POINT ( 'NONE',  ( -55.71131989884241165, 3.999999999999988010, -7.834392949073296641 ) ) ;
#2248 = DIRECTION ( 'NONE',  ( 1.000000000000000000, 0.000000000000000000, 0.000000000000000000 ) ) ;
#2249 = CARTESIAN_POINT ( 'NONE',  ( -21.44783023842284564, 39.02634345208588940, -33.70638272398073099 ) ) ;
#2250 = AXIS2_PLACEMENT_3D ( 'NONE', #4288, #5731, #484 ) ;
#2251 = VERTEX_POINT ( 'NONE', #690 ) ;
#2252 = VECTOR ( 'NONE', #5693, 1000.000000000000000 ) ;
#2253 = CIRCLE ( 'NONE', #4366, 0.5000000000000004441 ) ;
#2254 = VECTOR ( 'NONE', #878, 999.9999999999998863 ) ;
#2255 = FACE_OUTER_BOUND ( 'NONE', #2139, .T. ) ;
#2256 = LINE ( 'NONE', #781, #1570 ) ;
#2257 = CARTESIAN_POINT ( 'NONE',  ( -10.69529823941301139, 39.50000000000000000, -32.53738876486008991 ) ) ;
#2258 = EDGE_CURVE ( 'NONE', #3558, #4783, #5433, .T. ) ;
#2259 = FACE_OUTER_BOUND ( 'NONE', #2924, .T. ) ;
#2260 = VERTEX_POINT ( 'NONE', #4427 ) ;
#2261 = DIRECTION ( 'NONE',  ( -6.935401363418760262E-15, 0.000000000000000000, 1.000000000000000000 ) ) ;
#2262 = ORIENTED_EDGE ( 'NONE', *, *, #3133, .F. ) ;
#2263 = AXIS2_PLACEMENT_3D ( 'NONE', #247, #2532, #1167 ) ;
#2264 = FACE_OUTER_BOUND ( 'NONE', #4630, .T. ) ;
#2265 = CARTESIAN_POINT ( 'NONE',  ( -37.11131989884241733, 0.5000000000000004441, -26.12534837884203753 ) ) ;
#2266 = FACE_OUTER_BOUND ( 'NONE', #3428, .T. ) ;
#2267 = CONICAL_SURFACE ( 'NONE', #3972, 1.750000000000001554, 0.7853981633974465026 ) ;
#2268 = ORIENTED_EDGE ( 'NONE', *, *, #2187, .F. ) ;
#2269 = CARTESIAN_POINT ( 'NONE',  ( -4.811316915868822264, 11.00000000000000000, -18.92534837884203824 ) ) ;
#2270 = ORIENTED_EDGE ( 'NONE', *, *, #559, .T. ) ;
#2271 = VERTEX_POINT ( 'NONE', #4989 ) ;
#2272 = CARTESIAN_POINT ( 'NONE',  ( -21.93209249668424476, 39.50000000000000711, -33.43885446750998369 ) ) ;
#2273 = CARTESIAN_POINT ( 'NONE',  ( 38.28868010115761678, -1.484274849911243752E-15, -12.83439294907329575 ) ) ;
#2274 = CARTESIAN_POINT ( 'NONE',  ( -10.25999749922608117, 39.02114565781553068, -33.85123510542745606 ) ) ;
#2275 = ORIENTED_EDGE ( 'NONE', *, *, #2036, .T. ) ;
#2276 = ORIENTED_EDGE ( 'NONE', *, *, #2400, .F. ) ;
#2277 = CARTESIAN_POINT ( 'NONE',  ( -49.71131989884241165, 0.9499999999999872990, 27.20656248069552774 ) ) ;
#2278 = EDGE_LOOP ( 'NONE', ( #1261, #4072, #1966, #1864 ) ) ;
#2279 = EDGE_CURVE ( 'NONE', #95, #5129, #5402, .T. ) ;
#2280 = CARTESIAN_POINT ( 'NONE',  ( -21.71131840735561980, 11.50000000000000000, -23.92534837884204180 ) ) ;
#2281 = CARTESIAN_POINT ( 'NONE',  ( 23.78868308413118271, 39.50000000000000000, 35.45656248069552419 ) ) ;
#2282 = CARTESIAN_POINT ( 'NONE',  ( -21.91229200244019637, 39.01544701669908477, -33.97492898614039092 ) ) ;
#2283 = ORIENTED_EDGE ( 'NONE', *, *, #2305, .F. ) ;
#2284 = VECTOR ( 'NONE', #170, 1000.000000000000000 ) ;
#2285 = EDGE_CURVE ( 'NONE', #4809, #1980, #2597, .T. ) ;
#2286 = CARTESIAN_POINT ( 'NONE',  ( -3.461318407355616245, 17.50000000000000000, 38.45656248069552419 ) ) ;
#2287 = EDGE_CURVE ( 'NONE', #4624, #2271, #188, .T. ) ;
#2288 = CARTESIAN_POINT ( 'NONE',  ( -37.11131989884241733, -44.50000000000000000, -26.12534837884203753 ) ) ;
#2289 = DIRECTION ( 'NONE',  ( 0.000000000000000000, 0.000000000000000000, -1.000000000000000000 ) ) ;
#2290 = PLANE ( 'NONE',  #5498 ) ;
#2291 = CARTESIAN_POINT ( 'NONE',  ( 26.28868308413116850, 9.499999999999998224, -7.834392949073296641 ) ) ;
#2292 = ORIENTED_EDGE ( 'NONE', *, *, #4286, .F. ) ;
#2293 = DIRECTION ( 'NONE',  ( 0.000000000000000000, 1.000000000000000000, 0.000000000000000000 ) ) ;
#2294 = ORIENTED_EDGE ( 'NONE', *, *, #2196, .F. ) ;
#2295 = DIRECTION ( 'NONE',  ( 0.000000000000000000, 0.7071067811865475727, -0.7071067811865475727 ) ) ;
#2296 = DIRECTION ( 'NONE',  ( 0.000000000000000000, 0.000000000000000000, -1.000000000000000000 ) ) ;
#2297 = CARTESIAN_POINT ( 'NONE',  ( 5.049207500472291166, 39.00000000000000000, -31.12534837884203753 ) ) ;
#2298 = CARTESIAN_POINT ( 'NONE',  ( 17.78868308413117916, 2.499999999999999556, 28.75656248069552845 ) ) ;
#2299 = ORIENTED_EDGE ( 'NONE', *, *, #5603, .T. ) ;
#2300 = ORIENTED_EDGE ( 'NONE', *, *, #3282, .F. ) ;
#2301 = EDGE_CURVE ( 'NONE', #2341, #5632, #1074, .T. ) ;
#2302 = DIRECTION ( 'NONE',  ( 0.5773502691896263972, 0.5773502691896241767, -0.5773502691896266192 ) ) ;
#2303 = CARTESIAN_POINT ( 'NONE',  ( -56.21131989884242586, 4.499999999999999112, -7.834392949073296641 ) ) ;
#2304 = CARTESIAN_POINT ( 'NONE',  ( -21.32478964981783065, 39.02945848824010966, -33.60291578351952779 ) ) ;
#2305 = EDGE_CURVE ( 'NONE', #1105, #940, #745, .T. ) ;
#2306 = ORIENTED_EDGE ( 'NONE', *, *, #1, .F. ) ;
#2307 = LINE ( 'NONE', #5644, #6177 ) ;
#2308 = ORIENTED_EDGE ( 'NONE', *, *, #2696, .F. ) ;
#2309 = DIRECTION ( 'NONE',  ( 1.000000000000000000, 0.000000000000000000, 0.000000000000000000 ) ) ;
#2310 = VECTOR ( 'NONE', #1357, 1000.000000000000114 ) ;
#2311 = CIRCLE ( 'NONE', #3206, 4.999999999999997335 ) ;
#2312 = LINE ( 'NONE', #911, #2211 ) ;
#2313 = CARTESIAN_POINT ( 'NONE',  ( -22.04613817743219784, 39.50000000000002132, -33.48872083916970865 ) ) ;
#2314 = VERTEX_POINT ( 'NONE', #5901 ) ;
#2315 = EDGE_CURVE ( 'NONE', #3925, #4031, #160, .T. ) ;
#2316 = FACE_OUTER_BOUND ( 'NONE', #397, .T. ) ;
#2317 = LINE ( 'NONE', #4330, #6193 ) ;
#2318 = FACE_OUTER_BOUND ( 'NONE', #1336, .T. ) ;
#2319 = ORIENTED_EDGE ( 'NONE', *, *, #3287, .T. ) ;
#2320 = LINE ( 'NONE', #3860, #2458 ) ;
#2321 = VERTEX_POINT ( 'NONE', #2071 ) ;
#2322 = EDGE_CURVE ( 'NONE', #3579, #2337, #3986, .T. ) ;
#2323 = EDGE_CURVE ( 'NONE', #1306, #3760, #451, .T. ) ;
#2324 = CARTESIAN_POINT ( 'NONE',  ( 23.78868308413133903, 35.39999999999999858, -10.83439294907367945 ) ) ;
#2325 = LINE ( 'NONE', #5249, #3313 ) ;
#2326 = DIRECTION ( 'NONE',  ( -1.000000000000000000, 0.000000000000000000, 0.000000000000000000 ) ) ;
#2327 = CARTESIAN_POINT ( 'NONE',  ( -33.96131840735561980, 22.49999999999999645, 38.45656248069552419 ) ) ;
#2328 = ORIENTED_EDGE ( 'NONE', *, *, #376, .T. ) ;
#2329 = ORIENTED_EDGE ( 'NONE', *, *, #2285, .F. ) ;
#2330 = LINE ( 'NONE', #1988, #4460 ) ;
#2331 = DIRECTION ( 'NONE',  ( 0.7071067811865500152, -0.7071067811865451302, 0.000000000000000000 ) ) ;
#2332 = CARTESIAN_POINT ( 'NONE',  ( -21.28072555310060920, 39.03059164344097809, -33.56145975579483576 ) ) ;
#2333 = ORIENTED_EDGE ( 'NONE', *, *, #5850, .T. ) ;
#2334 = ADVANCED_FACE ( 'NONE', ( #310 ), #6059, .F. ) ;
#2335 = ORIENTED_EDGE ( 'NONE', *, *, #1073, .F. ) ;
#2336 = CARTESIAN_POINT ( 'NONE',  ( -58.71131989884241165, 9.500000000000000000, 17.66560705092671668 ) ) ;
#2337 = VERTEX_POINT ( 'NONE', #1697 ) ;
#2338 = CARTESIAN_POINT ( 'NONE',  ( -22.21131840735561980, 11.50000000000000000, -23.92534837884204180 ) ) ;
#2339 = DIRECTION ( 'NONE',  ( 1.226344921636310289E-16, 0.000000000000000000, -1.000000000000000000 ) ) ;
#2340 = LINE ( 'NONE', #463, #5155 ) ;
#2341 = VERTEX_POINT ( 'NONE', #2716 ) ;
#2342 = VECTOR ( 'NONE', #2159, 1000.000000000000000 ) ;
#2343 = VECTOR ( 'NONE', #1442, 1000.000000000000000 ) ;
#2344 = VECTOR ( 'NONE', #2537, 1000.000000000000000 ) ;
#2345 = PLANE ( 'NONE',  #2161 ) ;
#2346 = DIRECTION ( 'NONE',  ( 1.000000000000000000, 0.000000000000000000, 0.000000000000000000 ) ) ;
#2347 = CARTESIAN_POINT ( 'NONE',  ( -27.11131989884241023, 11.00000000000000000, -18.92534837884203824 ) ) ;
#2348 = AXIS2_PLACEMENT_3D ( 'NONE', #1323, #5996, #4549 ) ;
#2349 = ORIENTED_EDGE ( 'NONE', *, *, #1095, .F. ) ;
#2350 = PLANE ( 'NONE',  #4865 ) ;
#2351 = DIRECTION ( 'NONE',  ( -0.000000000000000000, -0.000000000000000000, 1.000000000000000000 ) ) ;
#2352 = LINE ( 'NONE', #5748, #1111 ) ;
#2353 = VECTOR ( 'NONE', #1005, 1000.000000000000000 ) ;
#2354 = VECTOR ( 'NONE', #5046, 1000.000000000000114 ) ;
#2355 = LINE ( 'NONE', #5721, #5115 ) ;
#2356 = ADVANCED_FACE ( 'NONE', ( #2753 ), #3159, .F. ) ;
#2357 = DIRECTION ( 'NONE',  ( -0.000000000000000000, -1.000000000000000000, -0.000000000000000000 ) ) ;
#2358 = CONICAL_SURFACE ( 'NONE', #969, 2.500000000000002220, 0.7853981633974457255 ) ;
#2359 = EDGE_LOOP ( 'NONE', ( #5086, #5643, #1705, #3230 ) ) ;
#2360 = ORIENTED_EDGE ( 'NONE', *, *, #4421, .T. ) ;
#2361 = DIRECTION ( 'NONE',  ( 0.000000000000000000, -1.000000000000000000, 0.000000000000000000 ) ) ;
#2362 = DIRECTION ( 'NONE',  ( 6.935401363418759473E-15, 1.451039654367012785E-31, -1.000000000000000000 ) ) ;
#2363 = CARTESIAN_POINT ( 'NONE',  ( -22.16154371790786826, 39.01009326852575754, -34.05856096463527649 ) ) ;
#2364 = VECTOR ( 'NONE', #4239, 1000.000000000000000 ) ;
#2365 = ORIENTED_EDGE ( 'NONE', *, *, #909, .T. ) ;
#2366 = VERTEX_POINT ( 'NONE', #2160 ) ;
#2367 = DIRECTION ( 'NONE',  ( -1.000000000000000000, 0.000000000000000000, 0.000000000000000000 ) ) ;
#2368 = ORIENTED_EDGE ( 'NONE', *, *, #4911, .T. ) ;
#2369 = CARTESIAN_POINT ( 'NONE',  ( -37.11131989884241023, 0.5000000000000004441, 30.45656248069552063 ) ) ;
#2370 = EDGE_CURVE ( 'NONE', #4898, #2573, #817, .T. ) ;
#2371 = DIRECTION ( 'NONE',  ( 0.000000000000000000, 1.000000000000000000, 0.000000000000000000 ) ) ;
#2372 = LINE ( 'NONE', #555, #2343 ) ;
#2373 = VERTEX_POINT ( 'NONE', #6096 ) ;
#2374 = ADVANCED_FACE ( 'NONE', ( #5589 ), #4082, .F. ) ;
#2375 = EDGE_CURVE ( 'NONE', #3102, #2459, #246, .T. ) ;
#2376 = CARTESIAN_POINT ( 'NONE',  ( 23.78868308413133903, 38.59999999999999432, -10.83439294907367945 ) ) ;
#2377 = EDGE_LOOP ( 'NONE', ( #5430, #3605, #2988, #80 ) ) ;
#2378 = ADVANCED_FACE ( 'NONE', ( #3598 ), #2189, .T. ) ;
#2379 = FACE_OUTER_BOUND ( 'NONE', #1446, .T. ) ;
#2380 = VERTEX_POINT ( 'NONE', #6127 ) ;
#2381 = FACE_OUTER_BOUND ( 'NONE', #5162, .T. ) ;
#2382 = B_SPLINE_SURFACE_WITH_KNOTS ( 'NONE', 1, 3, ( 
 ( #5112, #818, #6097, #1289, #1254, #3160, #3600, #1222, #5524, #4679, #752, #5145, #342, #2658, #2717, #1727, #4209, #852, #280, #3189, #5620, #4580, #2190, #1797, #4142, #5081, #5997, #379, #4112, #4643, #6128, #1698, #782, #2687, #4608, #2257 ),
 ( #3699, #311, #6060, #1760, #1324, #3668, #3226, #1690, #2617, #4511, #1158, #5989, #5929, #3063, #2561, #4447, #5396, #4484, #182, #2183, #2593, #712, #617, #683, #2126, #4105, #214, #5009, #4574, #5893, #3980, #1629, #4983, #2648, #4947, #737 ) ),
 .UNSPECIFIED., .F., .F., .F.,
 ( 2, 2 ),
 ( 4, 2, 2, 2, 2, 2, 2, 2, 2, 2, 2, 2, 2, 2, 2, 2, 2, 4 ),
 ( 0.000000000000000000, 1.000000000000000000 ),
 ( 0.004851605394249156912, 0.005093357290113171079, 0.005214233238045178596, 0.005335109185977186114, 0.005395547159943189439, 0.005455985133909193631, 0.005576861081841201148, 0.005697737029773208665, 0.005818612977705216183, 0.005879050951671219508, 0.005939488925637223700, 0.006060364873569231217, 0.006181240821501238734, 0.006302116769433246252, 0.006422992717365253769, 0.006543868665297261286, 0.006664744613229267936, 0.006785620561161275453 ),
 .UNSPECIFIED. ) ;
#2383 = FACE_OUTER_BOUND ( 'NONE', #4079, .T. ) ;
#2384 = CARTESIAN_POINT ( 'NONE',  ( -26.61131989884241023, 11.50000000000000000, -31.12534837884216188 ) ) ;
#2385 = PLANE ( 'NONE',  #762 ) ;
#2386 = CARTESIAN_POINT ( 'NONE',  ( -54.89668590507591972, 37.00000000000000000, 15.16560705092632411 ) ) ;
#2387 = ADVANCED_FACE ( 'NONE', ( #1759 ), #5040, .T. ) ;
#2388 = VECTOR ( 'NONE', #3588, 1000.000000000000000 ) ;
#2389 = VERTEX_POINT ( 'NONE', #2686 ) ;
#2390 = CARTESIAN_POINT ( 'NONE',  ( -23.91131840735561553, 12.00000000000000000, -20.42534837884203824 ) ) ;
#2391 = ORIENTED_EDGE ( 'NONE', *, *, #5288, .F. ) ;
#2392 = PLANE ( 'NONE',  #5961 ) ;
#2393 = DIRECTION ( 'NONE',  ( 0.000000000000000000, 1.000000000000000000, -4.625929269271486900E-16 ) ) ;
#2394 = CARTESIAN_POINT ( 'NONE',  ( -33.96131840735562690, 22.49999999999999645, 35.45656248069552419 ) ) ;
#2395 = ORIENTED_EDGE ( 'NONE', *, *, #1070, .T. ) ;
#2396 = ORIENTED_EDGE ( 'NONE', *, *, #750, .T. ) ;
#2397 = DIRECTION ( 'NONE',  ( 1.000000000000000000, 0.000000000000000000, 0.000000000000000000 ) ) ;
#2398 = VERTEX_POINT ( 'NONE', #3698 ) ;
#2399 = DIRECTION ( 'NONE',  ( -1.000000000000000000, 0.000000000000000000, 0.000000000000000000 ) ) ;
#2400 = EDGE_CURVE ( 'NONE', #5203, #5345, #2656, .T. ) ;
#2401 = DIRECTION ( 'NONE',  ( -0.000000000000000000, 1.000000000000000000, 0.000000000000000000 ) ) ;
#2402 = DIRECTION ( 'NONE',  ( 0.000000000000000000, -1.000000000000000000, 0.000000000000000000 ) ) ;
#2403 = ORIENTED_EDGE ( 'NONE', *, *, #1385, .F. ) ;
#2404 = CONICAL_SURFACE ( 'NONE', #5521, 5.500000000000011546, 0.7853981633974457255 ) ;
#2405 = CONICAL_SURFACE ( 'NONE', #5012, 5.500000000000001776, 0.7853981633974491672 ) ;
#2406 = VECTOR ( 'NONE', #3775, 999.9999999999998863 ) ;
#2407 = PLANE ( 'NONE',  #3774 ) ;
#2408 = AXIS2_PLACEMENT_3D ( 'NONE', #3299, #954, #3360 ) ;
#2409 = AXIS2_PLACEMENT_3D ( 'NONE', #5300, #2401, #401 ) ;
#2410 = ORIENTED_EDGE ( 'NONE', *, *, #1461, .T. ) ;
#2411 = ADVANCED_FACE ( 'NONE', ( #5014 ), #4678, .F. ) ;
#2412 = EDGE_LOOP ( 'NONE', ( #3843, #6092, #1088, #5677 ) ) ;
#2413 = FACE_OUTER_BOUND ( 'NONE', #5637, .T. ) ;
#2414 = CARTESIAN_POINT ( 'NONE',  ( 26.78868308413118271, 2.500000000000008438, 17.66560705092672379 ) ) ;
#2415 = ADVANCED_FACE ( 'NONE', ( #4208 ), #5080, .F. ) ;
#2416 = CARTESIAN_POINT ( 'NONE',  ( 22.28868308413133903, 37.00000000000000000, -10.83439294907366879 ) ) ;
#2417 = CARTESIAN_POINT ( 'NONE',  ( 23.78868308413118271, 0.000000000000000000, 35.45656248069552419 ) ) ;
#2418 = LINE ( 'NONE', #2825, #2106 ) ;
#2419 = VERTEX_POINT ( 'NONE', #751 ) ;
#2420 = ORIENTED_EDGE ( 'NONE', *, *, #4990, .F. ) ;
#2421 = DIRECTION ( 'NONE',  ( 0.7071067811865475727, 0.000000000000000000, 0.7071067811865475727 ) ) ;
#2422 = CARTESIAN_POINT ( 'NONE',  ( 5.049207500472294718, 2.500000000000000000, -31.12534837884203753 ) ) ;
#2423 = CARTESIAN_POINT ( 'NONE',  ( -21.92059412276292818, 39.01526495082474355, -33.97813525973565874 ) ) ;
#2424 = EDGE_LOOP ( 'NONE', ( #4597, #359, #5077, #5198 ) ) ;
#2425 = VERTEX_POINT ( 'NONE', #6031 ) ;
#2426 = LINE ( 'NONE', #4349, #2649 ) ;
#2427 = EDGE_LOOP ( 'NONE', ( #6150, #1832, #2050, #1162, #908, #449 ) ) ;
#2428 = DIRECTION ( 'NONE',  ( -1.000000000000000000, -0.000000000000000000, -0.000000000000000000 ) ) ;
#2429 = FACE_OUTER_BOUND ( 'NONE', #6172, .T. ) ;
#2430 = DIRECTION ( 'NONE',  ( -0.000000000000000000, -0.000000000000000000, 1.000000000000000000 ) ) ;
#2431 = DIRECTION ( 'NONE',  ( 5.782411586589357639E-16, -1.000000000000000000, 0.000000000000000000 ) ) ;
#2432 = EDGE_LOOP ( 'NONE', ( #1036, #5542, #4470, #2820 ) ) ;
#2433 = ADVANCED_FACE ( 'NONE', ( #5111 ), #3629, .F. ) ;
#2434 = CARTESIAN_POINT ( 'NONE',  ( -8.511318407355615179, 11.50000000000000000, 0.000000000000000000 ) ) ;
#2435 = CIRCLE ( 'NONE', #1350, 2.499999999999998668 ) ;
#2436 = EDGE_LOOP ( 'NONE', ( #772, #3497, #2276, #2037 ) ) ;
#2437 = ORIENTED_EDGE ( 'NONE', *, *, #82, .F. ) ;
#2438 = AXIS2_PLACEMENT_3D ( 'NONE', #1413, #3319, #5239 ) ;
#2439 = CIRCLE ( 'NONE', #2638, 4.500000000000002665 ) ;
#2440 = LINE ( 'NONE', #5, #3948 ) ;
#2441 = CARTESIAN_POINT ( 'NONE',  ( -4.630171076100694449, -7.818854160231827777, 20.63770832046364490 ) ) ;
#2442 = AXIS2_PLACEMENT_3D ( 'NONE', #5317, #2892, #2829 ) ;
#2443 = CARTESIAN_POINT ( 'NONE',  ( 1.538681592644383977, 17.50000000000000355, 35.95656248069552419 ) ) ;
#2444 = AXIS2_PLACEMENT_3D ( 'NONE', #5917, #3111, #5028 ) ;
#2445 = CIRCLE ( 'NONE', #1250, 3.300000000000011369 ) ;
#2446 = DIRECTION ( 'NONE',  ( 0.7071067811865425767, 0.7071067811865525687, 0.000000000000000000 ) ) ;
#2447 = ORIENTED_EDGE ( 'NONE', *, *, #3033, .T. ) ;
#2448 = LINE ( 'NONE', #4341, #4368 ) ;
#2449 = ORIENTED_EDGE ( 'NONE', *, *, #1774, .F. ) ;
#2450 = VECTOR ( 'NONE', #2084, 999.9999999999998863 ) ;
#2451 = CARTESIAN_POINT ( 'NONE',  ( -21.71131840735561624, 11.50000000000001421, -31.16022644181693124 ) ) ;
#2452 = AXIS2_PLACEMENT_3D ( 'NONE', #3363, #5287, #4052 ) ;
#2453 = DIRECTION ( 'NONE',  ( 0.000000000000000000, 0.000000000000000000, 1.000000000000000000 ) ) ;
#2454 = CARTESIAN_POINT ( 'NONE',  ( -33.46131840735561980, 12.50000000000000000, 37.95656248069552419 ) ) ;
#2455 = ORIENTED_EDGE ( 'NONE', *, *, #1347, .T. ) ;
#2456 = ORIENTED_EDGE ( 'NONE', *, *, #4740, .T. ) ;
#2457 = DIRECTION ( 'NONE',  ( 0.000000000000000000, 0.000000000000000000, -1.000000000000000000 ) ) ;
#2458 = VECTOR ( 'NONE', #1394, 1000.000000000000114 ) ;
#2459 = VERTEX_POINT ( 'NONE', #3225 ) ;
#2460 = CARTESIAN_POINT ( 'NONE',  ( 23.78868308413118271, 14.49999999999999645, 17.66560705092671668 ) ) ;
#2461 = CARTESIAN_POINT ( 'NONE',  ( 5.049207500472294718, 39.50000000000000000, -31.62534837884203753 ) ) ;
#2462 = VECTOR ( 'NONE', #3289, 1000.000000000000000 ) ;
#2463 = CARTESIAN_POINT ( 'NONE',  ( -55.71131989884257507, 38.59999999999999432, -10.83439294907367945 ) ) ;
#2464 = CARTESIAN_POINT ( 'NONE',  ( -28.46131840735561980, 12.50000000000000000, 38.45656248069552419 ) ) ;
#2465 = EDGE_LOOP ( 'NONE', ( #1538, #6143, #3373, #5532 ) ) ;
#2466 = EDGE_CURVE ( 'NONE', #3558, #4503, #2256, .T. ) ;
#2467 = CARTESIAN_POINT ( 'NONE',  ( -49.71131989884241165, 2.500000000000000000, 27.20656248069552774 ) ) ;
#2468 = CARTESIAN_POINT ( 'NONE',  ( -56.21131989884242586, 14.49999999999999467, 12.16560705092670602 ) ) ;
#2469 = VERTEX_POINT ( 'NONE', #4177 ) ;
#2470 = DIRECTION ( 'NONE',  ( 1.000000000000000000, 0.000000000000000000, 1.226344921636310289E-16 ) ) ;
#2471 = ADVANCED_FACE ( 'NONE', ( #3729 ), #5688, .F. ) ;
#2472 = DIRECTION ( 'NONE',  ( 1.000000000000000000, 0.000000000000000000, 0.000000000000000000 ) ) ;
#2473 = FACE_OUTER_BOUND ( 'NONE', #5314, .T. ) ;
#2474 = DIRECTION ( 'NONE',  ( 1.000000000000000000, -0.000000000000000000, -0.000000000000000000 ) ) ;
#2475 = ORIENTED_EDGE ( 'NONE', *, *, #656, .F. ) ;
#2476 = DIRECTION ( 'NONE',  ( 0.5773502691896257311, -0.5773502691896258421, -0.5773502691896258421 ) ) ;
#2477 = ORIENTED_EDGE ( 'NONE', *, *, #3825, .F. ) ;
#2478 = DIRECTION ( 'NONE',  ( 1.000000000000000000, 0.000000000000000000, 0.000000000000000000 ) ) ;
#2479 = VECTOR ( 'NONE', #2110, 1000.000000000000000 ) ;
#2480 = LINE ( 'NONE', #4749, #6166 ) ;
#2481 = DIRECTION ( 'NONE',  ( -0.000000000000000000, -1.000000000000000000, -0.000000000000000000 ) ) ;
#2482 = DIRECTION ( 'NONE',  ( 0.6839411288813306289, -0.7295372041400842722, 0.000000000000000000 ) ) ;
#2483 = ORIENTED_EDGE ( 'NONE', *, *, #1194, .F. ) ;
#2484 = CARTESIAN_POINT ( 'NONE',  ( 5.049207500472291166, 2.500000000000000000, -31.12534837884203753 ) ) ;
#2485 = ORIENTED_EDGE ( 'NONE', *, *, #5536, .F. ) ;
#2486 = ADVANCED_FACE ( 'NONE', ( #435 ), #975, .T. ) ;
#2487 = AXIS2_PLACEMENT_3D ( 'NONE', #1183, #2120, #3086 ) ;
#2488 = CARTESIAN_POINT ( 'NONE',  ( 26.78868308413118271, 0.5000000000000004441, -28.43037995825160991 ) ) ;
#2489 = DIRECTION ( 'NONE',  ( -1.000000000000000000, 0.000000000000000000, 0.000000000000000000 ) ) ;
#2490 = ADVANCED_FACE ( 'NONE', ( #495, #2907 ), #2345, .T. ) ;
#2491 = DIRECTION ( 'NONE',  ( 0.000000000000000000, 0.000000000000000000, -1.000000000000000000 ) ) ;
#2492 = CARTESIAN_POINT ( 'NONE',  ( -56.21131989884241165, 39.50000000000000000, 35.37465162115796602 ) ) ;
#2493 = ORIENTED_EDGE ( 'NONE', *, *, #3750, .T. ) ;
#2494 = CARTESIAN_POINT ( 'NONE',  ( 5.188683084131180401, 0.5000000000000004441, -26.12534837884203753 ) ) ;
#2495 = LINE ( 'NONE', #1568, #1129 ) ;
#2496 = ADVANCED_FACE ( 'NONE', ( #5184 ), #2407, .T. ) ;
#2497 = FACE_OUTER_BOUND ( 'NONE', #5228, .T. ) ;
#2498 = CIRCLE ( 'NONE', #4914, 4.999999999999997335 ) ;
#2499 = ORIENTED_EDGE ( 'NONE', *, *, #1153, .T. ) ;
#2500 = AXIS2_PLACEMENT_3D ( 'NONE', #4247, #1867, #1038 ) ;
#2501 = CARTESIAN_POINT ( 'NONE',  ( -14.71131840735561802, 2.499999999999998668, -31.16022644181686374 ) ) ;
#2502 = DIRECTION ( 'NONE',  ( 0.000000000000000000, 0.000000000000000000, 1.000000000000000000 ) ) ;
#2503 = AXIS2_PLACEMENT_3D ( 'NONE', #6132, #855, #437 ) ;
#2504 = AXIS2_PLACEMENT_3D ( 'NONE', #3938, #1124, #2991 ) ;
#2505 = DIRECTION ( 'NONE',  ( 0.000000000000000000, 0.000000000000000000, -1.000000000000000000 ) ) ;
#2506 = CARTESIAN_POINT ( 'NONE',  ( -10.21131840735561447, 11.00000000000000000, -31.12534837884225070 ) ) ;
#2507 = EDGE_CURVE ( 'NONE', #3369, #788, #5776, .T. ) ;
#2508 = ORIENTED_EDGE ( 'NONE', *, *, #5828, .F. ) ;
#2509 = EDGE_CURVE ( 'NONE', #3704, #5820, #2317, .T. ) ;
#2510 = ORIENTED_EDGE ( 'NONE', *, *, #4781, .T. ) ;
#2511 = DIRECTION ( 'NONE',  ( 0.000000000000000000, 0.000000000000000000, 1.000000000000000000 ) ) ;
#2512 = CARTESIAN_POINT ( 'NONE',  ( -15.96131840735561624, 0.000000000000000000, -27.12534837884204109 ) ) ;
#2513 = DIRECTION ( 'NONE',  ( 1.000000000000000000, 0.000000000000000000, 0.000000000000000000 ) ) ;
#2514 = ORIENTED_EDGE ( 'NONE', *, *, #2749, .T. ) ;
#2515 = CARTESIAN_POINT ( 'NONE',  ( 4.322173538980244525E-13, 2.500000000000000000, -31.16022644181661150 ) ) ;
#2516 = VERTEX_POINT ( 'NONE', #4825 ) ;
#2517 = CARTESIAN_POINT ( 'NONE',  ( -3.461318407355616245, 17.50000000000000000, 35.45656248069552419 ) ) ;
#2518 = ORIENTED_EDGE ( 'NONE', *, *, #654, .F. ) ;
#2519 = FACE_OUTER_BOUND ( 'NONE', #4377, .T. ) ;
#2520 = DIRECTION ( 'NONE',  ( 0.000000000000000000, 0.000000000000000000, 1.000000000000000000 ) ) ;
#2521 = CARTESIAN_POINT ( 'NONE',  ( -3.461318407355619353, 22.50000000000000000, 13.45656248069557925 ) ) ;
#2522 = DIRECTION ( 'NONE',  ( -1.000000000000000000, 0.000000000000000000, -1.387080272683752052E-14 ) ) ;
#2523 = EDGE_CURVE ( 'NONE', #2337, #260, #2788, .T. ) ;
#2524 = EDGE_LOOP ( 'NONE', ( #1490, #2449, #6124, #5294 ) ) ;
#2525 = LINE ( 'NONE', #5988, #1465 ) ;
#2526 = CARTESIAN_POINT ( 'NONE',  ( 38.28868010115761678, 9.500000000000000000, 17.16560705092670958 ) ) ;
#2527 = DIRECTION ( 'NONE',  ( 6.938893903907222067E-15, 0.000000000000000000, -1.000000000000000000 ) ) ;
#2528 = FACE_OUTER_BOUND ( 'NONE', #79, .T. ) ;
#2529 = EDGE_LOOP ( 'NONE', ( #428, #5370, #4259, #5601 ) ) ;
#2530 = CARTESIAN_POINT ( 'NONE',  ( -55.71131989884241165, 20.00000000000000711, -28.43040892023596200 ) ) ;
#2531 = CARTESIAN_POINT ( 'NONE',  ( 17.78868308413117916, 0.9499999999999838574, 25.45656248069551708 ) ) ;
#2532 = DIRECTION ( 'NONE',  ( 1.000000000000000000, -0.000000000000000000, -0.000000000000000000 ) ) ;
#2533 = DIRECTION ( 'NONE',  ( 0.000000000000000000, 0.000000000000000000, 1.000000000000000000 ) ) ;
#2534 = VERTEX_POINT ( 'NONE', #2376 ) ;
#2535 = VECTOR ( 'NONE', #2568, 1000.000000000000000 ) ;
#2536 = ORIENTED_EDGE ( 'NONE', *, *, #3308, .F. ) ;
#2537 = DIRECTION ( 'NONE',  ( -0.000000000000000000, -1.000000000000000000, -0.000000000000000000 ) ) ;
#2538 = CIRCLE ( 'NONE', #1242, 0.5000000000000004441 ) ;
#2539 = DIRECTION ( 'NONE',  ( 0.000000000000000000, 0.000000000000000000, 1.000000000000000000 ) ) ;
#2540 = EDGE_CURVE ( 'NONE', #2199, #4631, #1856, .T. ) ;
#2541 = VECTOR ( 'NONE', #4790, 1000.000000000000000 ) ;
#2542 = AXIS2_PLACEMENT_3D ( 'NONE', #3926, #2107, #4028 ) ;
#2543 = DIRECTION ( 'NONE',  ( -9.808138668647665517E-15, -0.7071067811865475727, 0.7071067811865475727 ) ) ;
#2544 = EDGE_LOOP ( 'NONE', ( #3172, #3940, #6209, #3050 ) ) ;
#2545 = CARTESIAN_POINT ( 'NONE',  ( 17.78868308413117916, 0.9499999999999836353, 27.20656248069551708 ) ) ;
#2546 = VERTEX_POINT ( 'NONE', #4793 ) ;
#2547 = CARTESIAN_POINT ( 'NONE',  ( 26.78868308413118271, 20.00000000000000711, 12.16560705092670602 ) ) ;
#2548 = ORIENTED_EDGE ( 'NONE', *, *, #1634, .F. ) ;
#2549 = AXIS2_PLACEMENT_3D ( 'NONE', #5755, #538, #5231 ) ;
#2550 = AXIS2_PLACEMENT_3D ( 'NONE', #3620, #2213, #1238 ) ;
#2551 = DIRECTION ( 'NONE',  ( 0.000000000000000000, 1.000000000000000000, 0.000000000000000000 ) ) ;
#2552 = EDGE_CURVE ( 'NONE', #1622, #2083, #3321, .T. ) ;
#2553 = DIRECTION ( 'NONE',  ( -1.000000000000000000, 0.000000000000000000, 0.000000000000000000 ) ) ;
#2554 = DIRECTION ( 'NONE',  ( 1.000000000000000000, 0.000000000000000000, 0.000000000000000000 ) ) ;
#2555 = CARTESIAN_POINT ( 'NONE',  ( 5.049207500472291166, 39.50000000000000000, -31.12534837884203753 ) ) ;
#2556 = AXIS2_PLACEMENT_3D ( 'NONE', #457, #1995, #5235 ) ;
#2557 = ORIENTED_EDGE ( 'NONE', *, *, #3673, .T. ) ;
#2558 = CARTESIAN_POINT ( 'NONE',  ( -3.461318407355619353, 28.00000000000000000, 38.45656248069552419 ) ) ;
#2559 = VECTOR ( 'NONE', #661, 1000.000000000000000 ) ;
#2560 = EDGE_CURVE ( 'NONE', #4040, #3286, #4277, .T. ) ;
#2561 = CARTESIAN_POINT ( 'NONE',  ( -10.27481709981485558, 39.02148894613637253, -33.84332061973208283 ) ) ;
#2562 = DIRECTION ( 'NONE',  ( -1.000000000000000000, -0.000000000000000000, -0.000000000000000000 ) ) ;
#2563 = AXIS2_PLACEMENT_3D ( 'NONE', #4261, #334, #4202 ) ;
#2564 = VERTEX_POINT ( 'NONE', #3765 ) ;
#2565 = FACE_OUTER_BOUND ( 'NONE', #2377, .T. ) ;
#2566 = ORIENTED_EDGE ( 'NONE', *, *, #1658, .T. ) ;
#2567 = EDGE_CURVE ( 'NONE', #1887, #1844, #4076, .T. ) ;
#2568 = DIRECTION ( 'NONE',  ( 5.430604157131410851E-17, 0.000000000000000000, -1.000000000000000000 ) ) ;
#2569 = LINE ( 'NONE', #1102, #1318 ) ;
#2570 = EDGE_CURVE ( 'NONE', #3704, #3558, #1419, .T. ) ;
#2571 = CARTESIAN_POINT ( 'NONE',  ( 0.000000000000000000, 0.000000000000000000, -26.62534837884203753 ) ) ;
#2572 = CARTESIAN_POINT ( 'NONE',  ( 7.513330016051004896E-14, 0.000000000000000000, -10.83439294907329220 ) ) ;
#2573 = VERTEX_POINT ( 'NONE', #4298 ) ;
#2574 = EDGE_LOOP ( 'NONE', ( #1118, #1679, #5359, #5059 ) ) ;
#2575 = LINE ( 'NONE', #3077, #3753 ) ;
#2576 = FACE_OUTER_BOUND ( 'NONE', #1197, .T. ) ;
#2577 = ADVANCED_FACE ( 'NONE', ( #5242 ), #6219, .T. ) ;
#2578 = DIRECTION ( 'NONE',  ( 0.000000000000000000, -0.7071067811865475727, -0.7071067811865475727 ) ) ;
#2579 = ORIENTED_EDGE ( 'NONE', *, *, #290, .F. ) ;
#2580 = LINE ( 'NONE', #135, #880 ) ;
#2581 = ORIENTED_EDGE ( 'NONE', *, *, #157, .F. ) ;
#2582 = LINE ( 'NONE', #4905, #2756 ) ;
#2583 = ORIENTED_EDGE ( 'NONE', *, *, #4944, .T. ) ;
#2584 = LINE ( 'NONE', #4504, #2848 ) ;
#2585 = CARTESIAN_POINT ( 'NONE',  ( 24.63407296008572089, 2.500000000000000000, -31.30880243551820286 ) ) ;
#2586 = CARTESIAN_POINT ( 'NONE',  ( -28.46131840735561980, 22.50000000000000000, 38.45656248069552419 ) ) ;
#2587 = CARTESIAN_POINT ( 'NONE',  ( 17.78868308413117916, 0.9499999999999836353, 23.70656248069551353 ) ) ;
#2588 = VERTEX_POINT ( 'NONE', #33 ) ;
#2589 = CARTESIAN_POINT ( 'NONE',  ( -28.46131840735561980, 22.50000000000000000, 38.45656248069552419 ) ) ;
#2590 = EDGE_CURVE ( 'NONE', #223, #3977, #469, .T. ) ;
#2591 = VECTOR ( 'NONE', #3030, 1000.000000000000114 ) ;
#2592 = EDGE_CURVE ( 'NONE', #1649, #322, #5741, .T. ) ;
#2593 = CARTESIAN_POINT ( 'NONE',  ( -10.55900679399526965, 39.02845748116494207, -33.63758509009361575 ) ) ;
#2594 = DIRECTION ( 'NONE',  ( -5.430604157131410851E-17, 0.000000000000000000, 1.000000000000000000 ) ) ;
#2595 = ORIENTED_EDGE ( 'NONE', *, *, #434, .F. ) ;
#2596 = DIRECTION ( 'NONE',  ( 1.226344921636310289E-16, 0.000000000000000000, -1.000000000000000000 ) ) ;
#2597 = LINE ( 'NONE', #4458, #243 ) ;
#2598 = DIRECTION ( 'NONE',  ( -1.000000000000000000, -0.000000000000000000, -0.000000000000000000 ) ) ;
#2599 = ADVANCED_FACE ( 'NONE', ( #5276 ), #4035, .T. ) ;
#2600 = CARTESIAN_POINT ( 'NONE',  ( 0.000000000000000000, 0.000000000000000000, 30.95656248069552063 ) ) ;
#2601 = VERTEX_POINT ( 'NONE', #1630 ) ;
#2602 = ORIENTED_EDGE ( 'NONE', *, *, #3580, .T. ) ;
#2603 = AXIS2_PLACEMENT_3D ( 'NONE', #5811, #5937, #4492 ) ;
#2604 = AXIS2_PLACEMENT_3D ( 'NONE', #4006, #87, #5888 ) ;
#2605 = CARTESIAN_POINT ( 'NONE',  ( -27.61131989884241378, -44.50000000000000000, -26.12534837884203753 ) ) ;
#2606 = DIRECTION ( 'NONE',  ( 0.000000000000000000, 1.000000000000000000, -0.000000000000000000 ) ) ;
#2607 = ORIENTED_EDGE ( 'NONE', *, *, #1907, .T. ) ;
#2608 = LINE ( 'NONE', #4500, #5781 ) ;
#2609 = AXIS2_PLACEMENT_3D ( 'NONE', #4575, #2248, #5107 ) ;
#2610 = EDGE_LOOP ( 'NONE', ( #1291, #1205, #2025, #1839 ) ) ;
#2611 = VERTEX_POINT ( 'NONE', #3887 ) ;
#2612 = DIRECTION ( 'NONE',  ( 0.000000000000000000, 0.000000000000000000, 1.000000000000000000 ) ) ;
#2613 = PLANE ( 'NONE',  #6007 ) ;
#2614 = CARTESIAN_POINT ( 'NONE',  ( 23.78868308413118271, 0.5000000000000004441, 35.45656248069552419 ) ) ;
#2615 = ORIENTED_EDGE ( 'NONE', *, *, #3825, .T. ) ;
#2616 = CARTESIAN_POINT ( 'NONE',  ( -58.71131989884241165, 0.5000000000000004441, 0.000000000000000000 ) ) ;
#2617 = CARTESIAN_POINT ( 'NONE',  ( -9.934716214872970852, 39.01378595056386445, -34.00428092107812716 ) ) ;
#2618 = FACE_OUTER_BOUND ( 'NONE', #1627, .T. ) ;
#2619 = EDGE_CURVE ( 'NONE', #1270, #1093, #2495, .T. ) ;
#2620 = ORIENTED_EDGE ( 'NONE', *, *, #890, .F. ) ;
#2621 = CARTESIAN_POINT ( 'NONE',  ( -37.11131989884241023, 2.500000000000000000, 30.95656248069552063 ) ) ;
#2622 = DIRECTION ( 'NONE',  ( -6.935401363418761051E-15, -0.000000000000000000, 1.000000000000000000 ) ) ;
#2623 = DIRECTION ( 'NONE',  ( -1.000000000000000000, 0.000000000000000000, 0.000000000000000000 ) ) ;
#2624 = LINE ( 'NONE', #2689, #3205 ) ;
#2625 = ORIENTED_EDGE ( 'NONE', *, *, #404, .T. ) ;
#2626 = DIRECTION ( 'NONE',  ( 0.7071067811865500152, 0.000000000000000000, 0.7071067811865451302 ) ) ;
#2627 = ORIENTED_EDGE ( 'NONE', *, *, #5128, .F. ) ;
#2628 = EDGE_CURVE ( 'NONE', #3267, #3307, #3019, .T. ) ;
#2629 = LINE ( 'NONE', #3166, #4054 ) ;
#2630 = FACE_OUTER_BOUND ( 'NONE', #1716, .T. ) ;
#2631 = ORIENTED_EDGE ( 'NONE', *, *, #2301, .T. ) ;
#2632 = CARTESIAN_POINT ( 'NONE',  ( -58.71131989884241165, 20.00000000000000711, 0.000000000000000000 ) ) ;
#2633 = ORIENTED_EDGE ( 'NONE', *, *, #4437, .F. ) ;
#2634 = ORIENTED_EDGE ( 'NONE', *, *, #1371, .F. ) ;
#2635 = EDGE_CURVE ( 'NONE', #1546, #4232, #5818, .T. ) ;
#2636 = DIRECTION ( 'NONE',  ( 0.000000000000000000, 0.7071067811865525687, -0.7071067811865425767 ) ) ;
#2637 = VECTOR ( 'NONE', #5419, 999.9999999999998863 ) ;
#2638 = AXIS2_PLACEMENT_3D ( 'NONE', #2137, #4056, #5972 ) ;
#2639 = CARTESIAN_POINT ( 'NONE',  ( -14.71131840735557539, 13.50000000000001954, -34.12534837884231109 ) ) ;
#2640 = DIRECTION ( 'NONE',  ( -0.6839411288813307399, -0.7295372041400842722, 4.745794929826089353E-15 ) ) ;
#2641 = EDGE_CURVE ( 'NONE', #6220, #2134, #3536, .T. ) ;
#2642 = VERTEX_POINT ( 'NONE', #5461 ) ;
#2643 = VECTOR ( 'NONE', #2175, 1000.000000000000000 ) ;
#2644 = VECTOR ( 'NONE', #2131, 999.9999999999998863 ) ;
#2645 = CARTESIAN_POINT ( 'NONE',  ( -8.511318407355615179, 11.50000000000000000, -20.92534837884203824 ) ) ;
#2646 = VECTOR ( 'NONE', #2243, 1000.000000000000000 ) ;
#2647 = VECTOR ( 'NONE', #949, 1000.000000000000000 ) ;
#2648 = CARTESIAN_POINT ( 'NONE',  ( -11.14214697018088707, 39.04449219663846549, -32.77778709583463268 ) ) ;
#2649 = VECTOR ( 'NONE', #5734, 1000.000000000000000 ) ;
#2650 = DIRECTION ( 'NONE',  ( 0.000000000000000000, 0.000000000000000000, -1.000000000000000000 ) ) ;
#2651 = CARTESIAN_POINT ( 'NONE',  ( -21.38924767651291603, 39.49999999999999289, -32.90650663872443715 ) ) ;
#2652 = ORIENTED_EDGE ( 'NONE', *, *, #2090, .T. ) ;
#2653 = ADVANCED_FACE ( 'NONE', ( #5397 ), #4512, .F. ) ;
#2654 = VECTOR ( 'NONE', #2011, 1000.000000000000000 ) ;
#2655 = CARTESIAN_POINT ( 'NONE',  ( -33.46131840735562690, 22.49999999999999645, 38.45656248069552419 ) ) ;
#2656 = LINE ( 'NONE', #4607, #2943 ) ;
#2657 = VECTOR ( 'NONE', #2818, 1000.000000000000000 ) ;
#2658 = CARTESIAN_POINT ( 'NONE',  ( -9.984460372496323899, 39.49999999999999289, -33.43396131307797248 ) ) ;
#2659 = LINE ( 'NONE', #2600, #3606 ) ;
#2660 = ORIENTED_EDGE ( 'NONE', *, *, #1039, .T. ) ;
#2661 = DIRECTION ( 'NONE',  ( -0.7071067811865500152, -0.7071067811865451302, 0.000000000000000000 ) ) ;
#2662 = ORIENTED_EDGE ( 'NONE', *, *, #3137, .T. ) ;
#2663 = EDGE_CURVE ( 'NONE', #1172, #1564, #152, .T. ) ;
#2664 = CARTESIAN_POINT ( 'NONE',  ( 23.78868308413118626, 39.50000000000000000, -28.43037995825160991 ) ) ;
#2665 = LINE ( 'NONE', #4587, #4085 ) ;
#2666 = EDGE_LOOP ( 'NONE', ( #1117, #1731, #2420, #4769 ) ) ;
#2667 = DIRECTION ( 'NONE',  ( 0.000000000000000000, 0.000000000000000000, -1.000000000000000000 ) ) ;
#2668 = ORIENTED_EDGE ( 'NONE', *, *, #1641, .T. ) ;
#2669 = DIRECTION ( 'NONE',  ( 0.7071067811865474617, -0.7071067811865474617, 9.866520446437221695E-15 ) ) ;
#2670 = ORIENTED_EDGE ( 'NONE', *, *, #2054, .F. ) ;
#2671 = CARTESIAN_POINT ( 'NONE',  ( -56.04454772490132797, 39.33322782605891632, -28.67947776233837587 ) ) ;
#2672 = DIRECTION ( 'NONE',  ( -1.000000000000000000, 0.000000000000000000, -6.938893903907222067E-15 ) ) ;
#2673 = PLANE ( 'NONE',  #1246 ) ;
#2674 = VERTEX_POINT ( 'NONE', #2996 ) ;
#2675 = EDGE_CURVE ( 'NONE', #6064, #5505, #619, .T. ) ;
#2676 = LINE ( 'NONE', #3147, #652 ) ;
#2677 = VECTOR ( 'NONE', #5349, 1000.000000000000114 ) ;
#2678 = ORIENTED_EDGE ( 'NONE', *, *, #5998, .T. ) ;
#2679 = EDGE_CURVE ( 'NONE', #4301, #1374, #537, .T. ) ;
#2680 = LINE ( 'NONE', #2810, #466 ) ;
#2681 = ADVANCED_FACE ( 'NONE', ( #1161 ), #5894, .F. ) ;
#2682 = DIRECTION ( 'NONE',  ( 0.7071067811865465735, 3.271025955591193724E-16, -0.7071067811865485719 ) ) ;
#2683 = CARTESIAN_POINT ( 'NONE',  ( -21.73689834706356905, 39.49999999999999289, -33.29852533572302775 ) ) ;
#2684 = ORIENTED_EDGE ( 'NONE', *, *, #5431, .F. ) ;
#2685 = DIRECTION ( 'NONE',  ( -1.000000000000000000, 0.000000000000000000, -1.387080272683752052E-14 ) ) ;
#2686 = CARTESIAN_POINT ( 'NONE',  ( -14.71131840735561802, 11.50000000000000355, -31.12534837884210859 ) ) ;
#2687 = CARTESIAN_POINT ( 'NONE',  ( -10.67140712651859857, 39.49999999999999289, -32.61467741658653807 ) ) ;
#2688 = FACE_OUTER_BOUND ( 'NONE', #3701, .T. ) ;
#2689 = CARTESIAN_POINT ( 'NONE',  ( 0.000000000000000000, 0.5000000000000004441, 38.45656248069552419 ) ) ;
#2690 = EDGE_LOOP ( 'NONE', ( #101, #6118, #267, #5977 ) ) ;
#2691 = LINE ( 'NONE', #315, #4171 ) ;
#2692 = ORIENTED_EDGE ( 'NONE', *, *, #5757, .F. ) ;
#2693 = DIRECTION ( 'NONE',  ( -9.813077866773618150E-15, -0.7071067811865500152, 0.7071067811865451302 ) ) ;
#2694 = FACE_OUTER_BOUND ( 'NONE', #3502, .T. ) ;
#2695 = CARTESIAN_POINT ( 'NONE',  ( 26.78868308413118271, 0.000000000000000000, 35.45656248069552419 ) ) ;
#2696 = EDGE_CURVE ( 'NONE', #2051, #1765, #3065, .T. ) ;
#2697 = ORIENTED_EDGE ( 'NONE', *, *, #2969, .F. ) ;
#2698 = DIRECTION ( 'NONE',  ( 0.000000000000000000, 0.000000000000000000, -1.000000000000000000 ) ) ;
#2699 = EDGE_CURVE ( 'NONE', #2380, #1144, #3942, .T. ) ;
#2700 = EDGE_LOOP ( 'NONE', ( #42, #4902, #1069, #3779 ) ) ;
#2701 = ORIENTED_EDGE ( 'NONE', *, *, #3703, .T. ) ;
#2702 = CIRCLE ( 'NONE', #1819, 69.50000000000000000 ) ;
#2703 = AXIS2_PLACEMENT_3D ( 'NONE', #2297, #3057, #4217 ) ;
#2704 = PLANE ( 'NONE',  #4558 ) ;
#2705 = DIRECTION ( 'NONE',  ( 0.000000000000000000, 0.000000000000000000, -1.000000000000000000 ) ) ;
#2706 = CARTESIAN_POINT ( 'NONE',  ( -10.04559078869484878, 39.01623045218357078, -33.95990947965119489 ) ) ;
#2707 = VERTEX_POINT ( 'NONE', #4922 ) ;
#2708 = CARTESIAN_POINT ( 'NONE',  ( -55.71131989884241165, 2.500000000000000000, 35.45656248069552419 ) ) ;
#2709 = EDGE_LOOP ( 'NONE', ( #392, #1178, #3011, #2959, #3426, #3144, #5103, #919, #5845, #2946 ) ) ;
#2710 = CARTESIAN_POINT ( 'NONE',  ( -25.91131840735561553, 11.50000000000000000, -23.42534837884203824 ) ) ;
#2711 = ADVANCED_FACE ( 'NONE', ( #4393, #5367, #1509 ), #2095, .T. ) ;
#2712 = LINE ( 'NONE', #1478, #5329 ) ;
#2713 = CARTESIAN_POINT ( 'NONE',  ( -22.39313898018133742, 39.50000000000000000, -33.59936435525507648 ) ) ;
#2714 = ORIENTED_EDGE ( 'NONE', *, *, #1912, .T. ) ;
#2715 = DIRECTION ( 'NONE',  ( 0.000000000000000000, 1.000000000000000000, 0.000000000000000000 ) ) ;
#2716 = CARTESIAN_POINT ( 'NONE',  ( -4.811316915868828481, 0.000000000000000000, 30.95656248069552063 ) ) ;
#2717 = CARTESIAN_POINT ( 'NONE',  ( -10.01936844164893614, 39.50000000000000711, -33.41382755950961325 ) ) ;
#2718 = APPLICATION_PROTOCOL_DEFINITION ( 'draft international standard', 'automotive_design', 1998, #5984 ) ;
#2719 = CARTESIAN_POINT ( 'NONE',  ( -28.46131840735561980, 17.50000000000000000, 35.95656248069552419 ) ) ;
#2720 = ORIENTED_EDGE ( 'NONE', *, *, #4237, .F. ) ;
#2721 = DIRECTION ( 'NONE',  ( -1.000000000000000000, 0.000000000000000000, 0.000000000000000000 ) ) ;
#2722 = ORIENTED_EDGE ( 'NONE', *, *, #618, .F. ) ;
#2723 = DIRECTION ( 'NONE',  ( 0.000000000000000000, -1.000000000000000000, 0.000000000000000000 ) ) ;
#2724 = CARTESIAN_POINT ( 'NONE',  ( -18.07421326589492949, -9.037106632947471851, 39.99366911364299426 ) ) ;
#2725 = PLANE ( 'NONE',  #4719 ) ;
#2726 = ORIENTED_EDGE ( 'NONE', *, *, #61, .T. ) ;
#2727 = FACE_OUTER_BOUND ( 'NONE', #876, .T. ) ;
#2728 = EDGE_CURVE ( 'NONE', #4880, #2069, #1599, .T. ) ;
#2729 = VERTEX_POINT ( 'NONE', #2004 ) ;
#2730 = LINE ( 'NONE', #4191, #556 ) ;
#2731 = ORIENTED_EDGE ( 'NONE', *, *, #1724, .F. ) ;
#2732 = EDGE_CURVE ( 'NONE', #4332, #4290, #4521, .T. ) ;
#2733 = FACE_OUTER_BOUND ( 'NONE', #4327, .T. ) ;
#2734 = CARTESIAN_POINT ( 'NONE',  ( 22.60928048829446269, 37.34197056444066476, -10.83439294907367056 ) ) ;
#2735 = CARTESIAN_POINT ( 'NONE',  ( -10.08829426576051347, 39.01719056658014750, -33.94083757936376600 ) ) ;
#2736 = ORIENTED_EDGE ( 'NONE', *, *, #6028, .F. ) ;
#2737 = ORIENTED_EDGE ( 'NONE', *, *, #2873, .T. ) ;
#2738 = DIRECTION ( 'NONE',  ( 0.000000000000000000, 0.000000000000000000, 1.000000000000000000 ) ) ;
#2739 = VERTEX_POINT ( 'NONE', #3437 ) ;
#2740 = VECTOR ( 'NONE', #1595, 1000.000000000000114 ) ;
#2741 = AXIS2_PLACEMENT_3D ( 'NONE', #1200, #3129, #5122 ) ;
#2742 = EDGE_CURVE ( 'NONE', #4962, #5278, #4324, .T. ) ;
#2743 = DIRECTION ( 'NONE',  ( -0.000000000000000000, -0.000000000000000000, 1.000000000000000000 ) ) ;
#2744 = VECTOR ( 'NONE', #1466, 1000.000000000000114 ) ;
#2745 = SURFACE_STYLE_FILL_AREA ( #4635 ) ;
#2746 = CARTESIAN_POINT ( 'NONE',  ( -22.51245701907239294, 39.50000000000000711, -33.61874806771560031 ) ) ;
#2747 = AXIS2_PLACEMENT_3D ( 'NONE', #1391, #3291, #3323 ) ;
#2748 = VERTEX_POINT ( 'NONE', #120 ) ;
#2749 = EDGE_CURVE ( 'NONE', #3267, #5109, #3876, .T. ) ;
#2750 = AXIS2_PLACEMENT_3D ( 'NONE', #293, #2205, #5638 ) ;
#2751 = AXIS2_PLACEMENT_3D ( 'NONE', #2589, #2124, #5514 ) ;
#2752 = DIRECTION ( 'NONE',  ( -0.7071067811865512365, 0.7071067811865439090, 0.000000000000000000 ) ) ;
#2753 = FACE_OUTER_BOUND ( 'NONE', #5703, .T. ) ;
#2754 = CARTESIAN_POINT ( 'NONE',  ( -14.71131840735561802, 7.000000000000000888, -31.16022644181681400 ) ) ;
#2755 = CARTESIAN_POINT ( 'NONE',  ( 24.28868308413120047, 9.499999999999998224, -12.83439294907329753 ) ) ;
#2756 = VECTOR ( 'NONE', #137, 1000.000000000000000 ) ;
#2757 = ADVANCED_FACE ( 'NONE', ( #5864 ), #5582, .T. ) ;
#2758 = CARTESIAN_POINT ( 'NONE',  ( 26.78868308413118271, 0.5000000000000004441, 35.45656248069552419 ) ) ;
#2759 = ORIENTED_EDGE ( 'NONE', *, *, #3683, .F. ) ;
#2760 = CARTESIAN_POINT ( 'NONE',  ( -58.21131989884239744, 4.499999999999999112, 12.16560705092670780 ) ) ;
#2761 = ORIENTED_EDGE ( 'NONE', *, *, #5050, .T. ) ;
#2762 = AXIS2_PLACEMENT_3D ( 'NONE', #1750, #5073, #805 ) ;
#2763 = DIRECTION ( 'NONE',  ( 0.5773502691896257311, -0.5773502691896257311, 0.5773502691896257311 ) ) ;
#2764 = ADVANCED_FACE ( 'NONE', ( #810 ), #3006, .F. ) ;
#2765 = LINE ( 'NONE', #3197, #2074 ) ;
#2766 = FACE_OUTER_BOUND ( 'NONE', #5602, .T. ) ;
#2767 = VECTOR ( 'NONE', #4436, 1000.000000000000000 ) ;
#2768 = CARTESIAN_POINT ( 'NONE',  ( -36.97194292656563874, 39.50000000000000000, 35.37465162115807971 ) ) ;
#2769 = VERTEX_POINT ( 'NONE', #1188 ) ;
#2770 = ORIENTED_EDGE ( 'NONE', *, *, #5713, .F. ) ;
#2771 = DIRECTION ( 'NONE',  ( 0.000000000000000000, 0.000000000000000000, 1.000000000000000000 ) ) ;
#2772 = DIRECTION ( 'NONE',  ( -1.000000000000000000, 0.000000000000000000, -1.387080272683752052E-14 ) ) ;
#2773 = EDGE_CURVE ( 'NONE', #3237, #5817, #5140, .T. ) ;
#2774 = CARTESIAN_POINT ( 'NONE',  ( -10.67247551233335123, 39.03138532799941629, -33.53130121581743595 ) ) ;
#2775 = EDGE_LOOP ( 'NONE', ( #165, #129, #2105, #4289 ) ) ;
#2776 = VERTEX_POINT ( 'NONE', #844 ) ;
#2777 = LINE ( 'NONE', #2277, #3353 ) ;
#2778 = AXIS2_PLACEMENT_3D ( 'NONE', #2512, #2138, #3489 ) ;
#2779 = ORIENTED_EDGE ( 'NONE', *, *, #4548, .T. ) ;
#2780 = CARTESIAN_POINT ( 'NONE',  ( 24.49317464742662764, 0.000000000000000000, -30.82906535597377484 ) ) ;
#2781 = FACE_OUTER_BOUND ( 'NONE', #719, .T. ) ;
#2782 = CARTESIAN_POINT ( 'NONE',  ( -21.68977658649600215, 39.49999999999998579, -33.25952591228086419 ) ) ;
#2783 = ORIENTED_EDGE ( 'NONE', *, *, #1016, .T. ) ;
#2784 = ADVANCED_FACE ( 'NONE', ( #713 ), #1316, .F. ) ;
#2785 = ADVANCED_FACE ( 'NONE', ( #2618 ), #3659, .T. ) ;
#2786 = AXIS2_PLACEMENT_3D ( 'NONE', #4382, #1255, #5411 ) ;
#2787 = DIRECTION ( 'NONE',  ( 0.000000000000000000, 0.000000000000000000, 1.000000000000000000 ) ) ;
#2788 = LINE ( 'NONE', #2844, #4871 ) ;
#2789 = CARTESIAN_POINT ( 'NONE',  ( -3.461318407355619353, 27.50000000000000000, 38.45656248069552419 ) ) ;
#2790 = LINE ( 'NONE', #2347, #3508 ) ;
#2791 = ORIENTED_EDGE ( 'NONE', *, *, #3531, .T. ) ;
#2792 = LINE ( 'NONE', #6161, #5973 ) ;
#2793 = ORIENTED_EDGE ( 'NONE', *, *, #5041, .T. ) ;
#2794 = VECTOR ( 'NONE', #2489, 1000.000000000000000 ) ;
#2795 = LINE ( 'NONE', #4276, #5671 ) ;
#2796 = DIRECTION ( 'NONE',  ( 1.000000000000000000, 0.000000000000000000, 0.000000000000000000 ) ) ;
#2797 = ADVANCED_FACE ( 'NONE', ( #1666 ), #1218, .F. ) ;
#2798 = CARTESIAN_POINT ( 'NONE',  ( 38.28868010115761678, 4.499999999999999112, 0.000000000000000000 ) ) ;
#2799 = CARTESIAN_POINT ( 'NONE',  ( -36.97194292656563874, 38.99999999999999289, 35.37465162115807971 ) ) ;
#2800 = VERTEX_POINT ( 'NONE', #335 ) ;
#2801 = ORIENTED_EDGE ( 'NONE', *, *, #3287, .F. ) ;
#2802 = DIRECTION ( 'NONE',  ( 1.000000000000000000, 0.000000000000000000, -0.000000000000000000 ) ) ;
#2803 = CARTESIAN_POINT ( 'NONE',  ( 23.78868308413118271, 39.50000000000000000, 35.45656248069552419 ) ) ;
#2804 = CARTESIAN_POINT ( 'NONE',  ( -22.08670281841611427, 39.01166184442848817, -34.03768205646011324 ) ) ;
#2805 = EDGE_LOOP ( 'NONE', ( #2182, #298, #2165, #1945 ) ) ;
#2806 = ORIENTED_EDGE ( 'NONE', *, *, #5254, .F. ) ;
#2807 = CARTESIAN_POINT ( 'NONE',  ( -28.46131840735561980, 12.00000000000000000, 38.45656248069552419 ) ) ;
#2808 = ORIENTED_EDGE ( 'NONE', *, *, #4343, .T. ) ;
#2809 = VECTOR ( 'NONE', #1427, 1000.000000000000000 ) ;
#2810 = CARTESIAN_POINT ( 'NONE',  ( 26.28868308413116850, 9.499999999999998224, -12.83439294907329753 ) ) ;
#2811 = VECTOR ( 'NONE', #1638, 999.9999999999998863 ) ;
#2812 = CIRCLE ( 'NONE', #1422, 5.499999999999998224 ) ;
#2813 = LINE ( 'NONE', #971, #3821 ) ;
#2814 = DIRECTION ( 'NONE',  ( 0.000000000000000000, 1.000000000000000000, 0.000000000000000000 ) ) ;
#2815 = ORIENTED_EDGE ( 'NONE', *, *, #1931, .F. ) ;
#2816 = EDGE_CURVE ( 'NONE', #709, #1138, #6089, .T. ) ;
#2817 = B_SPLINE_CURVE_WITH_KNOTS ( 'NONE', 3,
 ( #4801, #1400, #11, #504 ),
 .UNSPECIFIED., .F., .F.,
 ( 4, 4 ),
 ( 0.000000000000000000, 1.000000000000000000 ),
 .UNSPECIFIED. ) ;
#2818 = DIRECTION ( 'NONE',  ( -0.000000000000000000, -0.000000000000000000, -1.000000000000000000 ) ) ;
#2819 = DIRECTION ( 'NONE',  ( 1.000000000000000000, 0.000000000000000000, 0.000000000000000000 ) ) ;
#2820 = ORIENTED_EDGE ( 'NONE', *, *, #1681, .F. ) ;
#2821 = CARTESIAN_POINT ( 'NONE',  ( -36.97194292656563874, 2.500000000000000000, -34.12534837884262373 ) ) ;
#2822 = DIRECTION ( 'NONE',  ( -1.000000000000000000, 0.000000000000000000, 0.000000000000000000 ) ) ;
#2823 = LINE ( 'NONE', #3833, #6024 ) ;
#2824 = LINE ( 'NONE', #2443, #1569 ) ;
#2825 = CARTESIAN_POINT ( 'NONE',  ( -56.21131989884242586, 14.49999999999999467, -12.83439294907329753 ) ) ;
#2826 = VERTEX_POINT ( 'NONE', #1693 ) ;
#2827 = ORIENTED_EDGE ( 'NONE', *, *, #5078, .T. ) ;
#2828 = CYLINDRICAL_SURFACE ( 'NONE', #2549, 4.999999999999997335 ) ;
#2829 = DIRECTION ( 'NONE',  ( 0.000000000000000000, 0.000000000000000000, 1.000000000000000000 ) ) ;
#2830 = CARTESIAN_POINT ( 'NONE',  ( -21.27117938327834779, 39.03083952493933140, -33.55211741479114096 ) ) ;
#2831 = ORIENTED_EDGE ( 'NONE', *, *, #2144, .F. ) ;
#2832 = EDGE_CURVE ( 'NONE', #2588, #5508, #3182, .T. ) ;
#2833 = DIRECTION ( 'NONE',  ( 0.000000000000000000, 0.000000000000000000, 1.000000000000000000 ) ) ;
#2834 = VERTEX_POINT ( 'NONE', #5517 ) ;
#2835 = PLANE ( 'NONE',  #4765 ) ;
#2836 = EDGE_CURVE ( 'NONE', #337, #2611, #3515, .T. ) ;
#2837 = DIRECTION ( 'NONE',  ( -0.000000000000000000, -1.000000000000000000, -0.000000000000000000 ) ) ;
#2838 = LINE ( 'NONE', #1944, #4851 ) ;
#2839 = ORIENTED_EDGE ( 'NONE', *, *, #2940, .T. ) ;
#2840 = AXIS2_PLACEMENT_3D ( 'NONE', #186, #96, #2008 ) ;
#2841 = AXIS2_PLACEMENT_3D ( 'NONE', #3649, #6178, #3176 ) ;
#2842 = CIRCLE ( 'NONE', #4660, 5.000000000000000888 ) ;
#2843 = VECTOR ( 'NONE', #598, 999.9999999999998863 ) ;
#2844 = CARTESIAN_POINT ( 'NONE',  ( -25.91131840735561553, 11.50000000000000000, -21.42534837884203824 ) ) ;
#2845 = EDGE_CURVE ( 'NONE', #5507, #1779, #5121, .T. ) ;
#2846 = EDGE_LOOP ( 'NONE', ( #5665, #3971, #5394, #4747, #700, #4205, #913, #797 ) ) ;
#2847 = DIRECTION ( 'NONE',  ( -0.000000000000000000, -1.000000000000000000, 0.000000000000000000 ) ) ;
#2848 = VECTOR ( 'NONE', #232, 1000.000000000000114 ) ;
#2849 = ORIENTED_EDGE ( 'NONE', *, *, #5674, .F. ) ;
#2850 = CARTESIAN_POINT ( 'NONE',  ( -55.71131989884257507, 38.59999999999999432, -10.83439294907367945 ) ) ;
#2851 = AXIS2_PLACEMENT_3D ( 'NONE', #5795, #3311, #2833 ) ;
#2852 = DIRECTION ( 'NONE',  ( -0.7295372041400842722, -0.6839411288813306289, -5.059633320257849375E-15 ) ) ;
#2853 = CARTESIAN_POINT ( 'NONE',  ( 26.78868308413118271, 38.99999999999999289, 35.45656248069552419 ) ) ;
#2854 = CIRCLE ( 'NONE', #5275, 1.750000000000001554 ) ;
#2855 = DIRECTION ( 'NONE',  ( -1.000000000000000000, 0.000000000000000000, -0.000000000000000000 ) ) ;
#2856 = DIRECTION ( 'NONE',  ( -6.938893903907222067E-15, -0.000000000000000000, 1.000000000000000000 ) ) ;
#2857 = MANIFOLD_SOLID_BREP ( 'Fillet6', #1367 ) ;
#2858 = CIRCLE ( 'NONE', #5686, 5.500000000000015099 ) ;
#2859 = VERTEX_POINT ( 'NONE', #5769 ) ;
#2860 = EDGE_CURVE ( 'NONE', #3977, #4631, #2712, .T. ) ;
#2861 = EDGE_LOOP ( 'NONE', ( #1225, #6109, #4585, #3586 ) ) ;
#2862 = DIRECTION ( 'NONE',  ( 1.000000000000000000, 0.000000000000000000, 0.000000000000000000 ) ) ;
#2863 = CARTESIAN_POINT ( 'NONE',  ( -36.97194292656563874, 0.5000000000000004441, -34.12534837884262373 ) ) ;
#2864 = VECTOR ( 'NONE', #5846, 1000.000000000000000 ) ;
#2865 = CARTESIAN_POINT ( 'NONE',  ( -20.94014889874656760, 39.03985012776178820, -33.12534837884240346 ) ) ;
#2866 = EDGE_LOOP ( 'NONE', ( #4472, #5751, #3389 ) ) ;
#2867 = EDGE_LOOP ( 'NONE', ( #2043, #1360, #24, #3519 ) ) ;
#2868 = CARTESIAN_POINT ( 'NONE',  ( -27.61131989884241378, 2.000000000000001776, -26.12534837884203753 ) ) ;
#2869 = VERTEX_POINT ( 'NONE', #1441 ) ;
#2870 = DIRECTION ( 'NONE',  ( 0.7071067811865439090, 0.7071067811865512365, 0.000000000000000000 ) ) ;
#2871 = DIRECTION ( 'NONE',  ( 0.7071067811865500152, 0.7071067811865451302, 0.000000000000000000 ) ) ;
#2872 = LINE ( 'NONE', #3285, #6169 ) ;
#2873 = EDGE_CURVE ( 'NONE', #2601, #4486, #2813, .T. ) ;
#2874 = ORIENTED_EDGE ( 'NONE', *, *, #2940, .F. ) ;
#2875 = AXIS2_PLACEMENT_3D ( 'NONE', #1614, #2606, #3521 ) ;
#2876 = EDGE_CURVE ( 'NONE', #4572, #2931, #6189, .T. ) ;
#2877 = ADVANCED_FACE ( 'NONE', ( #3318 ), #4262, .T. ) ;
#2878 = CARTESIAN_POINT ( 'NONE',  ( 5.049207500472286725, 0.5000000000000004441, 35.37465162115796602 ) ) ;
#2879 = ORIENTED_EDGE ( 'NONE', *, *, #988, .T. ) ;
#2880 = EDGE_LOOP ( 'NONE', ( #5658, #5308, #5890, #3871 ) ) ;
#2881 = DIRECTION ( 'NONE',  ( 0.000000000000000000, 0.7071067811865474617, 0.7071067811865474617 ) ) ;
#2882 = DIRECTION ( 'NONE',  ( -0.000000000000000000, -0.7071067811865475727, 0.7071067811865475727 ) ) ;
#2883 = LINE ( 'NONE', #4830, #2809 ) ;
#2884 = CARTESIAN_POINT ( 'NONE',  ( -15.96131840735561624, 0.000000000000000000, -24.62534837884204109 ) ) ;
#2885 = DIRECTION ( 'NONE',  ( 0.000000000000000000, -1.000000000000000000, 0.000000000000000000 ) ) ;
#2886 = AXIS2_PLACEMENT_3D ( 'NONE', #2286, #3910, #1825 ) ;
#2887 = EDGE_LOOP ( 'NONE', ( #4674, #1213 ) ) ;
#2888 = LINE ( 'NONE', #4804, #4066 ) ;
#2889 = EDGE_LOOP ( 'NONE', ( #3088, #4250, #3670, #3153 ) ) ;
#2890 = DIRECTION ( 'NONE',  ( -0.000000000000000000, -0.000000000000000000, 1.000000000000000000 ) ) ;
#2891 = B_SPLINE_CURVE_WITH_KNOTS ( 'NONE', 3,
 ( #6081, #875, #1275, #365, #2240, #2209, #3177, #4129, #1305, #2774, #3650, #3618, #6016, #5512, #4197, #395, #6047, #3686, #5576, #2274, #266, #3717, #5099, #1687, #3589, #801, #2735, #3211, #2706, #6115, #1782, #1210, #5607, #2178, #3114, #4100, #1812, #328, #4164, #5133, #5641, #838 ),
 .UNSPECIFIED., .F., .F.,
 ( 4, 2, 2, 1, 1, 2, 2, 2, 2, 1, 1, 1, 2, 2, 2, 2, 1, 2, 2, 2, 1, 1, 2, 2, 4 ),
 ( 0.000000000000000000, 0.1250000000000638656, 0.1875000000000958122, 0.2187500000001116884, 0.2343750000001229017, 0.2421875000001252332, 0.2500000000001275646, 0.3750000000001131872, 0.4375000000001090239, 0.4687500000001051936, 0.4843750000001046940, 0.4921875000001044165, 0.4960937500001013634, 0.5000000000000982547, 0.5625000000000734968, 0.5937500000000619504, 0.6093750000000570655, 0.6171875000000538458, 0.6250000000000506262, 0.6875000000000347500, 0.7187500000000296430, 0.7343750000000285327, 0.7421875000000264233, 0.7500000000000242029, 1.000000000000000000 ),
 .UNSPECIFIED. ) ;
#2892 = DIRECTION ( 'NONE',  ( -1.000000000000000000, -0.000000000000000000, -0.000000000000000000 ) ) ;
#2893 = EDGE_CURVE ( 'NONE', #5446, #3442, #491, .T. ) ;
#2894 = EDGE_CURVE ( 'NONE', #977, #4319, #5683, .T. ) ;
#2895 = CARTESIAN_POINT ( 'NONE',  ( -21.93270679283386215, 39.01499762011945194, -33.98300570077566363 ) ) ;
#2896 = ORIENTED_EDGE ( 'NONE', *, *, #1735, .T. ) ;
#2897 = ORIENTED_EDGE ( 'NONE', *, *, #1079, .T. ) ;
#2898 = DIRECTION ( 'NONE',  ( 0.7071067811865426878, 0.000000000000000000, -0.7071067811865524577 ) ) ;
#2899 = ORIENTED_EDGE ( 'NONE', *, *, #1428, .F. ) ;
#2900 = DIRECTION ( 'NONE',  ( -1.226344921636310289E-16, -0.000000000000000000, -1.000000000000000000 ) ) ;
#2901 = DIRECTION ( 'NONE',  ( 0.000000000000000000, -0.7071067811865474617, 0.7071067811865474617 ) ) ;
#2902 = CARTESIAN_POINT ( 'NONE',  ( 26.78868308413118271, 9.499999999999998224, -13.33439294907330641 ) ) ;
#2903 = DIRECTION ( 'NONE',  ( 0.000000000000000000, 0.000000000000000000, 1.000000000000000000 ) ) ;
#2904 = EDGE_LOOP ( 'NONE', ( #5405, #1269, #2403, #4877 ) ) ;
#2905 = VECTOR ( 'NONE', #3868, 1000.000000000000114 ) ;
#2906 = AXIS2_PLACEMENT_3D ( 'NONE', #3884, #3532, #4389 ) ;
#2907 = FACE_OUTER_BOUND ( 'NONE', #4267, .T. ) ;
#2908 = AXIS2_PLACEMENT_3D ( 'NONE', #727, #6108, #1807 ) ;
#2909 = VECTOR ( 'NONE', #27, 1000.000000000000000 ) ;
#2910 = CARTESIAN_POINT ( 'NONE',  ( -27.61131989884241378, 2.000000000000001776, -26.12534837884203753 ) ) ;
#2911 = ADVANCED_FACE ( 'NONE', ( #2781 ), #4701, .T. ) ;
#2912 = ORIENTED_EDGE ( 'NONE', *, *, #1789, .F. ) ;
#2913 = DIRECTION ( 'NONE',  ( 0.000000000000000000, 0.000000000000000000, 1.000000000000000000 ) ) ;
#2914 = PLANE ( 'NONE',  #2500 ) ;
#2915 = PLANE ( 'NONE',  #3154 ) ;
#2916 = PLANE ( 'NONE',  #1421 ) ;
#2917 = ORIENTED_EDGE ( 'NONE', *, *, #2187, .T. ) ;
#2918 = VERTEX_POINT ( 'NONE', #5238 ) ;
#2919 = CARTESIAN_POINT ( 'NONE',  ( -22.36597469403098515, 39.50000000000000000, -33.60140488259001046 ) ) ;
#2920 = CARTESIAN_POINT ( 'NONE',  ( 23.78868308413118626, 3.999999999999989786, -7.834392949073294865 ) ) ;
#2921 = EDGE_CURVE ( 'NONE', #3760, #1958, #3790, .T. ) ;
#2922 = DIRECTION ( 'NONE',  ( 0.000000000000000000, -1.000000000000000000, 0.000000000000000000 ) ) ;
#2923 = ORIENTED_EDGE ( 'NONE', *, *, #4409, .T. ) ;
#2924 = EDGE_LOOP ( 'NONE', ( #2874, #1767, #4973, #6085 ) ) ;
#2925 = CYLINDRICAL_SURFACE ( 'NONE', #1362, 5.000000000000000000 ) ;
#2926 = VERTEX_POINT ( 'NONE', #5270 ) ;
#2927 = LINE ( 'NONE', #4293, #5369 ) ;
#2928 = DIRECTION ( 'NONE',  ( 0.000000000000000000, 0.000000000000000000, -1.000000000000000000 ) ) ;
#2929 = CARTESIAN_POINT ( 'NONE',  ( -14.71131840735561802, 7.000000000000000888, -31.12534837884210859 ) ) ;
#2930 = CARTESIAN_POINT ( 'NONE',  ( -10.66708862328393081, 39.50000000000000000, -32.62534844210099294 ) ) ;
#2931 = VERTEX_POINT ( 'NONE', #2902 ) ;
#2932 = DIRECTION ( 'NONE',  ( -1.000000000000000000, 0.000000000000000000, -1.387778780781445360E-14 ) ) ;
#2933 = AXIS2_PLACEMENT_3D ( 'NONE', #688, #2470, #2596 ) ;
#2934 = DIRECTION ( 'NONE',  ( -0.000000000000000000, -1.000000000000000000, -0.000000000000000000 ) ) ;
#2935 = VECTOR ( 'NONE', #5802, 1000.000000000000000 ) ;
#2936 = EDGE_LOOP ( 'NONE', ( #5457, #5883, #5913, #1621, #4690 ) ) ;
#2937 = CIRCLE ( 'NONE', #1753, 5.500000000000007994 ) ;
#2938 = CYLINDRICAL_SURFACE ( 'NONE', #1043, 1.750000000000005107 ) ;
#2939 = DIRECTION ( 'NONE',  ( 0.000000000000000000, 0.000000000000000000, 1.000000000000000000 ) ) ;
#2940 = EDGE_CURVE ( 'NONE', #2800, #4898, #938, .T. ) ;
#2941 = LINE ( 'NONE', #4866, #4074 ) ;
#2942 = CIRCLE ( 'NONE', #5170, 1.750000000000001554 ) ;
#2943 = VECTOR ( 'NONE', #1288, 999.9999999999998863 ) ;
#2944 = VECTOR ( 'NONE', #3978, 1000.000000000000114 ) ;
#2945 = LINE ( 'NONE', #2506, #1417 ) ;
#2946 = ORIENTED_EDGE ( 'NONE', *, *, #5586, .T. ) ;
#2947 = DIRECTION ( 'NONE',  ( -0.7071067811865474617, 0.000000000000000000, 0.7071067811865474617 ) ) ;
#2948 = ORIENTED_EDGE ( 'NONE', *, *, #2090, .F. ) ;
#2949 = EDGE_CURVE ( 'NONE', #5557, #30, #1849, .T. ) ;
#2950 = AXIS2_PLACEMENT_3D ( 'NONE', #4951, #5865, #3475 ) ;
#2951 = CARTESIAN_POINT ( 'NONE',  ( -33.96131840735562690, 17.49999999999999645, 35.45656248069552419 ) ) ;
#2952 = CONICAL_SURFACE ( 'NONE', #4966, 5.500000000000009770, 0.7853981633974439491 ) ;
#2953 = CARTESIAN_POINT ( 'NONE',  ( -21.71131840735561980, 11.50000000000000000, -31.12534837884241412 ) ) ;
#2954 = CARTESIAN_POINT ( 'NONE',  ( -55.71131989884241165, 39.50000000000000000, -28.43040892023596200 ) ) ;
#2955 = ORIENTED_EDGE ( 'NONE', *, *, #4628, .T. ) ;
#2956 = CARTESIAN_POINT ( 'NONE',  ( -15.96131840735561624, 0.000000000000000000, -27.12534837884204109 ) ) ;
#2957 = EDGE_LOOP ( 'NONE', ( #1237, #43, #1099, #877 ) ) ;
#2958 = CARTESIAN_POINT ( 'NONE',  ( 38.28868010115761678, 9.499999999999998224, 12.16560705092670780 ) ) ;
#2959 = ORIENTED_EDGE ( 'NONE', *, *, #3504, .T. ) ;
#2960 = EDGE_CURVE ( 'NONE', #5129, #1308, #1715, .T. ) ;
#2961 = AXIS2_PLACEMENT_3D ( 'NONE', #2710, #2309, #1241 ) ;
#2962 = CARTESIAN_POINT ( 'NONE',  ( -4.811316915868822264, 11.50000000000000000, -18.92534837884203824 ) ) ;
#2963 = CARTESIAN_POINT ( 'NONE',  ( -55.71131989884241165, 3.999999999999989786, 12.16560705092670780 ) ) ;
#2964 = CARTESIAN_POINT ( 'NONE',  ( 23.78868308413152022, 38.59999999999999432, 15.16560705092632055 ) ) ;
#2965 = PLANE ( 'NONE',  #4954 ) ;
#2966 = ORIENTED_EDGE ( 'NONE', *, *, #2223, .F. ) ;
#2967 = CARTESIAN_POINT ( 'NONE',  ( 23.78868308413118271, 20.00000000000000711, 12.16560705092670602 ) ) ;
#2968 = CARTESIAN_POINT ( 'NONE',  ( -4.311316915868827593, -44.50000000000000000, 30.45656248069552063 ) ) ;
#2969 = EDGE_CURVE ( 'NONE', #5415, #6220, #6131, .T. ) ;
#2970 = EDGE_CURVE ( 'NONE', #2366, #1765, #5208, .T. ) ;
#2971 = CARTESIAN_POINT ( 'NONE',  ( -55.71131989884241165, 9.499999999999998224, -7.834392949073296641 ) ) ;
#2972 = ORIENTED_EDGE ( 'NONE', *, *, #5318, .T. ) ;
#2973 = VECTOR ( 'NONE', #697, 1000.000000000000114 ) ;
#2974 = DIRECTION ( 'NONE',  ( -0.000000000000000000, -1.000000000000000000, -0.000000000000000000 ) ) ;
#2975 = CARTESIAN_POINT ( 'NONE',  ( -37.11131989884241733, 2.000000000000001776, -26.12534837884203753 ) ) ;
#2976 = LINE ( 'NONE', #4958, #5066 ) ;
#2977 = VECTOR ( 'NONE', #2481, 1000.000000000000000 ) ;
#2978 = FACE_OUTER_BOUND ( 'NONE', #4440, .T. ) ;
#2979 = ORIENTED_EDGE ( 'NONE', *, *, #157, .T. ) ;
#2980 = VERTEX_POINT ( 'NONE', #3252 ) ;
#2981 = EDGE_CURVE ( 'NONE', #2534, #3083, #2312, .T. ) ;
#2982 = CARTESIAN_POINT ( 'NONE',  ( 23.78868308413118271, 39.50000000000000000, 38.45656248069552419 ) ) ;
#2983 = LINE ( 'NONE', #1644, #76 ) ;
#2984 = DIRECTION ( 'NONE',  ( 0.000000000000000000, -0.000000000000000000, -1.000000000000000000 ) ) ;
#2985 = ORIENTED_EDGE ( 'NONE', *, *, #4451, .F. ) ;
#2986 = DIRECTION ( 'NONE',  ( 0.000000000000000000, 0.000000000000000000, -1.000000000000000000 ) ) ;
#2987 = ORIENTED_EDGE ( 'NONE', *, *, #3798, .F. ) ;
#2988 = ORIENTED_EDGE ( 'NONE', *, *, #1888, .T. ) ;
#2989 = DIRECTION ( 'NONE',  ( -1.000000000000000000, 0.000000000000000000, 0.000000000000000000 ) ) ;
#2990 = CARTESIAN_POINT ( 'NONE',  ( 0.000000000000000000, 11.50000000000000000, -20.92534837884203824 ) ) ;
#2991 = DIRECTION ( 'NONE',  ( -1.000000000000000000, 0.000000000000000000, 0.000000000000000000 ) ) ;
#2992 = CARTESIAN_POINT ( 'NONE',  ( 26.28868308413116850, 7.940688408169488846E-15, 17.16560705092671313 ) ) ;
#2993 = ORIENTED_EDGE ( 'NONE', *, *, #4528, .T. ) ;
#2994 = CYLINDRICAL_SURFACE ( 'NONE', #5366, 4.500000000000002665 ) ;
#2995 = DIRECTION ( 'NONE',  ( -1.000000000000000000, 0.000000000000000000, 0.000000000000000000 ) ) ;
#2996 = CARTESIAN_POINT ( 'NONE',  ( 1.538681592644380869, 22.50000000000000355, 35.95656248069552419 ) ) ;
#2997 = ORIENTED_EDGE ( 'NONE', *, *, #5754, .T. ) ;
#2998 = VECTOR ( 'NONE', #2446, 999.9999999999998863 ) ;
#2999 = VECTOR ( 'NONE', #4038, 1000.000000000000000 ) ;
#3000 = ORIENTED_EDGE ( 'NONE', *, *, #4265, .T. ) ;
#3001 = EDGE_CURVE ( 'NONE', #5415, #4932, #4294, .T. ) ;
#3002 = CIRCLE ( 'NONE', #1418, 4.999999999999999112 ) ;
#3003 = DIRECTION ( 'NONE',  ( -0.000000000000000000, 1.000000000000000000, -4.625929269271486900E-16 ) ) ;
#3004 = FACE_OUTER_BOUND ( 'NONE', #3041, .T. ) ;
#3005 = VECTOR ( 'NONE', #356, 999.9999999999998863 ) ;
#3006 = CONICAL_SURFACE ( 'NONE', #3213, 66.50000000000055422, 0.7853981633974482790 ) ;
#3007 = DIRECTION ( 'NONE',  ( 0.000000000000000000, 0.000000000000000000, 1.000000000000000000 ) ) ;
#3008 = DIRECTION ( 'NONE',  ( 1.000000000000000000, 0.000000000000000000, 0.000000000000000000 ) ) ;
#3009 = ORIENTED_EDGE ( 'NONE', *, *, #4362, .T. ) ;
#3010 = ADVANCED_FACE ( 'NONE', ( #6154 ), #5708, .F. ) ;
#3011 = ORIENTED_EDGE ( 'NONE', *, *, #2191, .T. ) ;
#3012 = DIRECTION ( 'NONE',  ( 0.000000000000000000, 0.000000000000000000, 1.000000000000000000 ) ) ;
#3013 = CARTESIAN_POINT ( 'NONE',  ( -55.71131989884241165, 20.00000000000000711, -7.834392949073296641 ) ) ;
#3014 = FACE_OUTER_BOUND ( 'NONE', #2278, .T. ) ;
#3015 = ORIENTED_EDGE ( 'NONE', *, *, #5334, .T. ) ;
#3016 = EDGE_CURVE ( 'NONE', #977, #3483, #6027, .T. ) ;
#3017 = ORIENTED_EDGE ( 'NONE', *, *, #6095, .T. ) ;
#3018 = ORIENTED_EDGE ( 'NONE', *, *, #5651, .F. ) ;
#3019 = CIRCLE ( 'NONE', #29, 5.000000000000000888 ) ;
#3020 = CARTESIAN_POINT ( 'NONE',  ( -33.96131840735562690, 17.49999999999999645, 38.45656248069552419 ) ) ;
#3021 = LINE ( 'NONE', #678, #3592 ) ;
#3022 = LINE ( 'NONE', #1561, #110 ) ;
#3023 = LINE ( 'NONE', #1657, #4053 ) ;
#3024 = ADVANCED_FACE ( 'NONE', ( #4415 ), #5798, .T. ) ;
#3025 = ADVANCED_FACE ( 'NONE', ( #2028 ), #1061, .T. ) ;
#3026 = ORIENTED_EDGE ( 'NONE', *, *, #5828, .T. ) ;
#3027 = DIRECTION ( 'NONE',  ( -9.808138668647741248E-15, -0.7071067811865421326, 0.7071067811865530128 ) ) ;
#3028 = LINE ( 'NONE', #4010, #1164 ) ;
#3029 = EDGE_CURVE ( 'NONE', #4732, #30, #1625, .T. ) ;
#3030 = DIRECTION ( 'NONE',  ( -0.7071067811865500152, 0.000000000000000000, -0.7071067811865451302 ) ) ;
#3031 = LINE ( 'NONE', #1979, #248 ) ;
#3032 = ORIENTED_EDGE ( 'NONE', *, *, #4143, .T. ) ;
#3033 = EDGE_CURVE ( 'NONE', #3518, #4535, #3022, .T. ) ;
#3034 = PLANE ( 'NONE',  #2933 ) ;
#3035 = DIRECTION ( 'NONE',  ( -1.226344921636310289E-16, 0.000000000000000000, -1.000000000000000000 ) ) ;
#3036 = DIRECTION ( 'NONE',  ( 0.000000000000000000, 0.000000000000000000, 1.000000000000000000 ) ) ;
#3037 = PLANE ( 'NONE',  #1610 ) ;
#3038 = ORIENTED_EDGE ( 'NONE', *, *, #5549, .F. ) ;
#3039 = LINE ( 'NONE', #1171, #249 ) ;
#3040 = VECTOR ( 'NONE', #4619, 1000.000000000000000 ) ;
#3041 = EDGE_LOOP ( 'NONE', ( #472, #3553, #5315, #3310 ) ) ;
#3042 = CARTESIAN_POINT ( 'NONE',  ( -58.71131989884241165, 9.500000000000000000, 17.66560705092672023 ) ) ;
#3043 = VECTOR ( 'NONE', #168, 1000.000000000000000 ) ;
#3044 = FACE_OUTER_BOUND ( 'NONE', #2524, .T. ) ;
#3045 = VECTOR ( 'NONE', #3965, 1000.000000000000000 ) ;
#3046 = DIRECTION ( 'NONE',  ( 1.000000000000000000, 0.000000000000000000, 0.000000000000000000 ) ) ;
#3047 = VERTEX_POINT ( 'NONE', #3975 ) ;
#3048 = DIRECTION ( 'NONE',  ( 1.226344921636310289E-16, 0.000000000000000000, -1.000000000000000000 ) ) ;
#3049 = EDGE_CURVE ( 'NONE', #1928, #2588, #1820, .T. ) ;
#3050 = ORIENTED_EDGE ( 'NONE', *, *, #3888, .F. ) ;
#3051 = CARTESIAN_POINT ( 'NONE',  ( 23.78868308413118626, 14.49999999999999467, -13.33439294907331174 ) ) ;
#3052 = ORIENTED_EDGE ( 'NONE', *, *, #5192, .T. ) ;
#3053 = AXIS2_PLACEMENT_3D ( 'NONE', #3465, #731, #2055 ) ;
#3054 = CIRCLE ( 'NONE', #3759, 3.300000000000011369 ) ;
#3055 = DIRECTION ( 'NONE',  ( 1.000000000000000000, 0.000000000000000000, 1.395336702878296385E-14 ) ) ;
#3056 = DIRECTION ( 'NONE',  ( 0.000000000000000000, 0.7071067811865475727, -0.7071067811865475727 ) ) ;
#3057 = DIRECTION ( 'NONE',  ( 9.866520446437223272E-15, -0.7071067811865475727, -0.7071067811865475727 ) ) ;
#3058 = CARTESIAN_POINT ( 'NONE',  ( 1.538681592644383977, 17.50000000000000355, 37.95656248069552419 ) ) ;
#3059 = VECTOR ( 'NONE', #4411, 1000.000000000000000 ) ;
#3060 = ORIENTED_EDGE ( 'NONE', *, *, #1658, .F. ) ;
#3061 = CARTESIAN_POINT ( 'NONE',  ( -5.311316915868822264, 11.50000000000000000, -31.12534837884216188 ) ) ;
#3062 = AXIS2_PLACEMENT_3D ( 'NONE', #5459, #3473, #237 ) ;
#3063 = CARTESIAN_POINT ( 'NONE',  ( -10.22836459722480207, 39.02039733501118235, -33.87016562448987855 ) ) ;
#3064 = EDGE_CURVE ( 'NONE', #4826, #2674, #606, .T. ) ;
#3065 = LINE ( 'NONE', #4984, #5661 ) ;
#3066 = AXIS2_PLACEMENT_3D ( 'NONE', #4903, #699, #5912 ) ;
#3067 = EDGE_LOOP ( 'NONE', ( #726, #4993 ) ) ;
#3068 = EDGE_CURVE ( 'NONE', #3456, #3442, #4942, .T. ) ;
#3069 = CARTESIAN_POINT ( 'NONE',  ( -4.811316915868822264, 11.50000000000000000, -31.12534837884217609 ) ) ;
#3070 = CARTESIAN_POINT ( 'NONE',  ( 5.049207500472286725, 39.50000000000000000, 35.37465162115796602 ) ) ;
#3071 = DIRECTION ( 'NONE',  ( 0.000000000000000000, -1.156482317317871725E-16, -1.000000000000000000 ) ) ;
#3072 = CARTESIAN_POINT ( 'NONE',  ( -6.011318407355614291, 11.50000000000000000, -23.42534837884203824 ) ) ;
#3073 = AXIS2_PLACEMENT_3D ( 'NONE', #761, #2296, #5123 ) ;
#3074 = ORIENTED_EDGE ( 'NONE', *, *, #3258, .F. ) ;
#3075 = DIRECTION ( 'NONE',  ( -5.782411586589357639E-16, 1.000000000000000000, 0.000000000000000000 ) ) ;
#3076 = ORIENTED_EDGE ( 'NONE', *, *, #1215, .F. ) ;
#3077 = CARTESIAN_POINT ( 'NONE',  ( 23.78868308413118626, 9.499999999999998224, -13.33439294907330641 ) ) ;
#3078 = LINE ( 'NONE', #2045, #3677 ) ;
#3079 = EDGE_LOOP ( 'NONE', ( #3619, #391, #1414, #5868 ) ) ;
#3080 = DIRECTION ( 'NONE',  ( -0.7295372041400842722, -0.6839411288813306289, 5.059633320257849375E-15 ) ) ;
#3081 = EDGE_LOOP ( 'NONE', ( #4604, #4013, #1299, #6073 ) ) ;
#3082 = CARTESIAN_POINT ( 'NONE',  ( -26.41131840735561909, 11.50000000000000000, -23.92534837884204180 ) ) ;
#3083 = VERTEX_POINT ( 'NONE', #2964 ) ;
#3084 = EDGE_CURVE ( 'NONE', #5407, #4188, #1030, .T. ) ;
#3085 = FACE_OUTER_BOUND ( 'NONE', #3081, .T. ) ;
#3086 = DIRECTION ( 'NONE',  ( -1.000000000000000000, 0.000000000000000000, -0.000000000000000000 ) ) ;
#3087 = DIRECTION ( 'NONE',  ( 0.000000000000000000, 0.000000000000000000, 1.000000000000000000 ) ) ;
#3088 = ORIENTED_EDGE ( 'NONE', *, *, #6051, .T. ) ;
#3089 = DIRECTION ( 'NONE',  ( -1.000000000000000000, 0.000000000000000000, 0.000000000000000000 ) ) ;
#3090 = DIRECTION ( 'NONE',  ( 1.000000000000000000, -0.000000000000000000, -0.000000000000000000 ) ) ;
#3091 = ADVANCED_FACE ( 'NONE', ( #56 ), #554, .F. ) ;
#3092 = CARTESIAN_POINT ( 'NONE',  ( -11.00538364511715983, 39.04050069571866999, -33.08484768312359137 ) ) ;
#3093 = ORIENTED_EDGE ( 'NONE', *, *, #3354, .T. ) ;
#3094 = EDGE_CURVE ( 'NONE', #940, #107, #4480, .T. ) ;
#3095 = CARTESIAN_POINT ( 'NONE',  ( -33.46131840735562690, 27.50000000000000000, 37.95656248069552419 ) ) ;
#3096 = DIRECTION ( 'NONE',  ( 0.000000000000000000, 1.000000000000000000, -4.625929269271486900E-16 ) ) ;
#3097 = CARTESIAN_POINT ( 'NONE',  ( -28.46131840735561980, 27.99999999999999645, 35.45656248069552419 ) ) ;
#3098 = EDGE_CURVE ( 'NONE', #1904, #2096, #4884, .T. ) ;
#3099 = DIRECTION ( 'NONE',  ( 0.7071067811865474617, 0.000000000000000000, 0.7071067811865474617 ) ) ;
#3100 = ORIENTED_EDGE ( 'NONE', *, *, #4997, .T. ) ;
#3101 = CARTESIAN_POINT ( 'NONE',  ( -58.71131989884241165, 14.49999999999999467, -13.33439294907330819 ) ) ;
#3102 = VERTEX_POINT ( 'NONE', #2463 ) ;
#3103 = AXIS2_PLACEMENT_3D ( 'NONE', #5903, #3416, #2533 ) ;
#3104 = CIRCLE ( 'NONE', #917, 1.750000000000005107 ) ;
#3105 = PLANE ( 'NONE',  #6067 ) ;
#3106 = DIRECTION ( 'NONE',  ( 0.000000000000000000, 0.000000000000000000, 1.000000000000000000 ) ) ;
#3107 = ORIENTED_EDGE ( 'NONE', *, *, #1385, .T. ) ;
#3108 = CARTESIAN_POINT ( 'NONE',  ( -9.711318407355614468, 2.500000000000000000, -23.42534837884203824 ) ) ;
#3109 = ORIENTED_EDGE ( 'NONE', *, *, #5192, .F. ) ;
#3110 = VERTEX_POINT ( 'NONE', #5454 ) ;
#3111 = DIRECTION ( 'NONE',  ( -0.000000000000000000, -1.000000000000000000, -0.000000000000000000 ) ) ;
#3112 = LINE ( 'NONE', #1686, #2092 ) ;
#3113 = ADVANCED_FACE ( 'NONE', ( #5392 ), #2087, .T. ) ;
#3114 = CARTESIAN_POINT ( 'NONE',  ( -9.827188200586688183, 39.01147770387326119, -34.04004157900951100 ) ) ;
#3115 = EDGE_LOOP ( 'NONE', ( #670, #4703, #2299, #3651 ) ) ;
#3116 = CARTESIAN_POINT ( 'NONE',  ( 22.60928048829446269, 36.65802943555933524, -10.83439294907367056 ) ) ;
#3117 = DIRECTION ( 'NONE',  ( 0.000000000000000000, 0.000000000000000000, 1.000000000000000000 ) ) ;
#3118 = CARTESIAN_POINT ( 'NONE',  ( -10.99289109370299045, 39.01346638435119729, -33.11188199449106406 ) ) ;
#3119 = CARTESIAN_POINT ( 'NONE',  ( -21.83791522294912824, 39.01710342290550670, -33.94317832594546047 ) ) ;
#3120 = ORIENTED_EDGE ( 'NONE', *, *, #5549, .T. ) ;
#3121 = ADVANCED_FACE ( 'NONE', ( #3468 ), #582, .F. ) ;
#3122 = CARTESIAN_POINT ( 'NONE',  ( 23.78868308413118626, 39.00000000000000000, -28.43037995825160991 ) ) ;
#3123 = DIRECTION ( 'NONE',  ( 1.000000000000000000, 0.000000000000000000, -0.000000000000000000 ) ) ;
#3124 = FACE_OUTER_BOUND ( 'NONE', #4027, .T. ) ;
#3125 = DIRECTION ( 'NONE',  ( 1.000000000000000000, 0.000000000000000000, 0.000000000000000000 ) ) ;
#3126 = ORIENTED_EDGE ( 'NONE', *, *, #2068, .T. ) ;
#3127 = CARTESIAN_POINT ( 'NONE',  ( -1.300532435173051076E-13, 11.50000000000001066, -31.16022644181661150 ) ) ;
#3128 = ORIENTED_EDGE ( 'NONE', *, *, #3223, .T. ) ;
#3129 = DIRECTION ( 'NONE',  ( 0.000000000000000000, -1.000000000000000000, 0.000000000000000000 ) ) ;
#3130 = LINE ( 'NONE', #6070, #1684 ) ;
#3131 = EDGE_CURVE ( 'NONE', #2729, #3492, #3402, .T. ) ;
#3132 = VECTOR ( 'NONE', #1251, 1000.000000000000000 ) ;
#3133 = EDGE_CURVE ( 'NONE', #2918, #5345, #4912, .T. ) ;
#3134 = ORIENTED_EDGE ( 'NONE', *, *, #927, .F. ) ;
#3135 = CARTESIAN_POINT ( 'NONE',  ( 26.78868308413118271, 9.499999999999998224, -7.834392949073296641 ) ) ;
#3136 = ORIENTED_EDGE ( 'NONE', *, *, #1877, .F. ) ;
#3137 = EDGE_CURVE ( 'NONE', #5401, #5020, #1315, .T. ) ;
#3138 = ORIENTED_EDGE ( 'NONE', *, *, #39, .T. ) ;
#3139 = CARTESIAN_POINT ( 'NONE',  ( -22.91131840735561909, 11.00000000000000000, -18.92534837884203824 ) ) ;
#3140 = VECTOR ( 'NONE', #2640, 1000.000000000000114 ) ;
#3141 = VECTOR ( 'NONE', #3706, 1000.000000000000000 ) ;
#3142 = LINE ( 'NONE', #4196, #4140 ) ;
#3143 = CARTESIAN_POINT ( 'NONE',  ( -22.91131840735561909, 2.500000000000000000, -18.92534837884203824 ) ) ;
#3144 = ORIENTED_EDGE ( 'NONE', *, *, #1137, .T. ) ;
#3145 = VECTOR ( 'NONE', #3391, 1000.000000000000000 ) ;
#3146 = VECTOR ( 'NONE', #1636, 1000.000000000000000 ) ;
#3147 = CARTESIAN_POINT ( 'NONE',  ( -6.011318407355614291, 2.500000000000000000, -21.42534837884203824 ) ) ;
#3148 = VECTOR ( 'NONE', #2091, 1000.000000000000000 ) ;
#3149 = ORIENTED_EDGE ( 'NONE', *, *, #2287, .T. ) ;
#3150 = FACE_OUTER_BOUND ( 'NONE', #728, .T. ) ;
#3151 = VECTOR ( 'NONE', #5019, 1000.000000000000000 ) ;
#3152 = CARTESIAN_POINT ( 'NONE',  ( -21.41116066821838970, 39.50000000000000711, -32.94121548978007752 ) ) ;
#3153 = ORIENTED_EDGE ( 'NONE', *, *, #2836, .F. ) ;
#3154 = AXIS2_PLACEMENT_3D ( 'NONE', #4774, #1515, #40 ) ;
#3155 = AXIS2_PLACEMENT_3D ( 'NONE', #3754, #2743, #4729 ) ;
#3156 = EDGE_CURVE ( 'NONE', #1843, #1105, #2000, .T. ) ;
#3157 = LINE ( 'NONE', #4081, #3345 ) ;
#3158 = EDGE_CURVE ( 'NONE', #2260, #5286, #6072, .T. ) ;
#3159 = PLANE ( 'NONE',  #3954 ) ;
#3160 = CARTESIAN_POINT ( 'NONE',  ( -9.647557770890520246, 39.49999999999999289, -33.57201367534840841 ) ) ;
#3161 = CARTESIAN_POINT ( 'NONE',  ( 23.78868308413118626, 14.49999999999999467, 12.16560705092670602 ) ) ;
#3162 = DIRECTION ( 'NONE',  ( -0.7071067811865475727, -0.7071067811865475727, 0.000000000000000000 ) ) ;
#3163 = EDGE_LOOP ( 'NONE', ( #3038, #3382, #5841, #823 ) ) ;
#3164 = LINE ( 'NONE', #2760, #1563 ) ;
#3165 = VERTEX_POINT ( 'NONE', #4688 ) ;
#3166 = CARTESIAN_POINT ( 'NONE',  ( 5.049207500473229970, 39.50000000000000000, -32.62534837884204109 ) ) ;
#3167 = CARTESIAN_POINT ( 'NONE',  ( -20.92352832710014354, 39.02696784294374766, -33.09838053589865581 ) ) ;
#3168 = CARTESIAN_POINT ( 'NONE',  ( -10.98643052751358162, 39.00000000000000000, -33.12534837884226135 ) ) ;
#3169 = CIRCLE ( 'NONE', #3982, 2.499999999999998668 ) ;
#3170 = ORIENTED_EDGE ( 'NONE', *, *, #4143, .F. ) ;
#3171 = CARTESIAN_POINT ( 'NONE',  ( -4.311316915868820487, 0.5000000000000004441, -26.12534837884203753 ) ) ;
#3172 = ORIENTED_EDGE ( 'NONE', *, *, #3789, .F. ) ;
#3173 = ORIENTED_EDGE ( 'NONE', *, *, #1641, .F. ) ;
#3174 = EDGE_CURVE ( 'NONE', #3349, #1958, #354, .T. ) ;
#3175 = CARTESIAN_POINT ( 'NONE',  ( -21.42858489613987771, 39.50000000000000000, -32.96982758495860111 ) ) ;
#3176 = DIRECTION ( 'NONE',  ( 0.000000000000000000, 1.000000000000000000, -4.625929269271486900E-16 ) ) ;
#3177 = CARTESIAN_POINT ( 'NONE',  ( -10.72161224816397329, 39.03268032359276418, -33.48021221994796548 ) ) ;
#3178 = ORIENTED_EDGE ( 'NONE', *, *, #363, .T. ) ;
#3179 = DIRECTION ( 'NONE',  ( -1.000000000000000000, 0.000000000000000000, 0.000000000000000000 ) ) ;
#3180 = ORIENTED_EDGE ( 'NONE', *, *, #6051, .F. ) ;
#3181 = CARTESIAN_POINT ( 'NONE',  ( 4.733459753475234922E-13, 38.99999999999999289, -34.12534837884211214 ) ) ;
#3182 = LINE ( 'NONE', #3594, #1321 ) ;
#3183 = CARTESIAN_POINT ( 'NONE',  ( -21.93827505359701036, 39.50000000000000711, -33.43396131307814301 ) ) ;
#3184 = ORIENTED_EDGE ( 'NONE', *, *, #2876, .T. ) ;
#3185 = CONICAL_SURFACE ( 'NONE', #2886, 5.500000000000001776, 0.7853981633974491672 ) ;
#3186 = LINE ( 'NONE', #245, #3640 ) ;
#3187 = DIRECTION ( 'NONE',  ( -0.7071067811865409114, 3.271025955591230209E-16, 0.7071067811865542341 ) ) ;
#3188 = EDGE_CURVE ( 'NONE', #1374, #3492, #5566, .T. ) ;
#3189 = CARTESIAN_POINT ( 'NONE',  ( -10.21746435608214654, 39.49999999999999289, -33.27270806335312159 ) ) ;
#3190 = DIRECTION ( 'NONE',  ( -0.7071067811865506814, -0.7071067811865443531, 0.000000000000000000 ) ) ;
#3191 = CARTESIAN_POINT ( 'NONE',  ( -9.247910475848483358, 39.50000000000000000, -33.62534837884224004 ) ) ;
#3192 = EDGE_CURVE ( 'NONE', #4257, #506, #2812, .T. ) ;
#3193 = VERTEX_POINT ( 'NONE', #3737 ) ;
#3194 = CARTESIAN_POINT ( 'NONE',  ( -58.71131989884241165, 20.00000000000000711, 12.16560705092670602 ) ) ;
#3195 = ORIENTED_EDGE ( 'NONE', *, *, #656, .T. ) ;
#3196 = FACE_OUTER_BOUND ( 'NONE', #5252, .T. ) ;
#3197 = CARTESIAN_POINT ( 'NONE',  ( -4.811316915868822264, 2.500000000000000000, -18.92534837884203824 ) ) ;
#3198 = PLANE ( 'NONE',  #2703 ) ;
#3199 = ORIENTED_EDGE ( 'NONE', *, *, #4964, .F. ) ;
#3200 = DIRECTION ( 'NONE',  ( -0.000000000000000000, -1.000000000000000000, -0.000000000000000000 ) ) ;
#3201 = ADVANCED_FACE ( 'NONE', ( #1835 ), #2725, .F. ) ;
#3202 = ORIENTED_EDGE ( 'NONE', *, *, #3682, .F. ) ;
#3203 = CARTESIAN_POINT ( 'NONE',  ( -31.92263681471123249, 11.50000000000000000, -20.92534837884203824 ) ) ;
#3204 = ORIENTED_EDGE ( 'NONE', *, *, #1182, .F. ) ;
#3205 = VECTOR ( 'NONE', #3125, 1000.000000000000000 ) ;
#3206 = AXIS2_PLACEMENT_3D ( 'NONE', #5124, #3776, #3234 ) ;
#3207 = LINE ( 'NONE', #3139, #2643 ) ;
#3208 = VECTOR ( 'NONE', #5935, 1000.000000000000000 ) ;
#3209 = DIRECTION ( 'NONE',  ( 1.000000000000000000, 0.000000000000000000, 0.000000000000000000 ) ) ;
#3210 = ADVANCED_FACE ( 'NONE', ( #3270 ), #4611, .F. ) ;
#3211 = CARTESIAN_POINT ( 'NONE',  ( -10.06786933522513650, 39.01672923167516416, -33.95019203102097549 ) ) ;
#3212 = VECTOR ( 'NONE', #3679, 1000.000000000000114 ) ;
#3213 = AXIS2_PLACEMENT_3D ( 'NONE', #5492, #3569, #5614 ) ;
#3214 = ORIENTED_EDGE ( 'NONE', *, *, #2245, .T. ) ;
#3215 = ORIENTED_EDGE ( 'NONE', *, *, #1415, .T. ) ;
#3216 = DIRECTION ( 'NONE',  ( -4.625929269271485914E-16, 1.000000000000000000, 0.000000000000000000 ) ) ;
#3217 = VERTEX_POINT ( 'NONE', #4186 ) ;
#3218 = LINE ( 'NONE', #775, #3567 ) ;
#3219 = EDGE_CURVE ( 'NONE', #1748, #709, #409, .T. ) ;
#3220 = DIRECTION ( 'NONE',  ( 0.000000000000000000, 0.000000000000000000, -1.000000000000000000 ) ) ;
#3221 = CARTESIAN_POINT ( 'NONE',  ( -20.88512794662521443, 39.04142601158316239, -33.02511714543050658 ) ) ;
#3222 = EDGE_LOOP ( 'NONE', ( #5025, #4588, #1702, #5761 ) ) ;
#3223 = EDGE_CURVE ( 'NONE', #5833, #1928, #319, .T. ) ;
#3224 = DIRECTION ( 'NONE',  ( 0.000000000000000000, 1.000000000000000000, -1.156482317317871725E-16 ) ) ;
#3225 = CARTESIAN_POINT ( 'NONE',  ( -55.71131989884241165, 38.59999999999999432, 15.16560705092631700 ) ) ;
#3226 = CARTESIAN_POINT ( 'NONE',  ( -9.831787424192315328, 39.01157114127697412, -34.03924473569659170 ) ) ;
#3227 = CARTESIAN_POINT ( 'NONE',  ( 17.78868308413117916, 2.500000000000000000, 23.70656248069551353 ) ) ;
#3228 = ORIENTED_EDGE ( 'NONE', *, *, #3994, .T. ) ;
#3229 = CARTESIAN_POINT ( 'NONE',  ( -1.144650249202158632, 3.666666666666668739, 27.28989581402885278 ) ) ;
#3230 = ORIENTED_EDGE ( 'NONE', *, *, #5159, .F. ) ;
#3231 = ADVANCED_FACE ( 'NONE', ( #2266 ), #2405, .F. ) ;
#3232 = LINE ( 'NONE', #1703, #3347 ) ;
#3233 = FACE_OUTER_BOUND ( 'NONE', #2465, .T. ) ;
#3234 = DIRECTION ( 'NONE',  ( -1.000000000000000000, -6.938893903907232322E-16, 0.000000000000000000 ) ) ;
#3235 = EDGE_LOOP ( 'NONE', ( #1372, #2923, #546, #1918 ) ) ;
#3236 = CARTESIAN_POINT ( 'NONE',  ( -27.11131989884241023, 2.500000000000000000, -18.92534837884203824 ) ) ;
#3237 = VERTEX_POINT ( 'NONE', #898 ) ;
#3238 = ORIENTED_EDGE ( 'NONE', *, *, #181, .F. ) ;
#3239 = LINE ( 'NONE', #3715, #4761 ) ;
#3240 = EDGE_CURVE ( 'NONE', #2134, #6076, #5154, .T. ) ;
#3241 = CARTESIAN_POINT ( 'NONE',  ( -55.71131989884241165, 0.5000000000000004441, -28.43040892023596200 ) ) ;
#3242 = AXIS2_PLACEMENT_3D ( 'NONE', #1100, #3477, #5373 ) ;
#3243 = ADVANCED_FACE ( 'NONE', ( #1265 ), #1805, .T. ) ;
#3244 = DIRECTION ( 'NONE',  ( 1.000000000000000000, 0.000000000000000000, 0.000000000000000000 ) ) ;
#3245 = ORIENTED_EDGE ( 'NONE', *, *, #343, .T. ) ;
#3246 = ORIENTED_EDGE ( 'NONE', *, *, #4364, .F. ) ;
#3247 = LINE ( 'NONE', #4231, #3451 ) ;
#3248 = ORIENTED_EDGE ( 'NONE', *, *, #5016, .F. ) ;
#3249 = AXIS2_PLACEMENT_3D ( 'NONE', #4731, #2402, #2903 ) ;
#3250 = VECTOR ( 'NONE', #2478, 1000.000000000000000 ) ;
#3251 = CYLINDRICAL_SURFACE ( 'NONE', #5181, 5.000000000000000000 ) ;
#3252 = CARTESIAN_POINT ( 'NONE',  ( -58.21131989884241165, 39.50000000000000000, -28.43040892023596200 ) ) ;
#3253 = CIRCLE ( 'NONE', #150, 4.999999999999999112 ) ;
#3254 = CARTESIAN_POINT ( 'NONE',  ( -20.99312612146460566, 39.03834963016607418, -33.21317119342602098 ) ) ;
#3255 = AXIS2_PLACEMENT_3D ( 'NONE', #4073, #3027, #5543 ) ;
#3256 = EDGE_LOOP ( 'NONE', ( #4665, #968, #5680, #2080 ) ) ;
#3257 = VECTOR ( 'NONE', #5747, 1000.000000000000000 ) ;
#3258 = EDGE_CURVE ( 'NONE', #3369, #6001, #2311, .T. ) ;
#3259 = VECTOR ( 'NONE', #4972, 1000.000000000000000 ) ;
#3260 = CARTESIAN_POINT ( 'NONE',  ( 5.188683084131180401, 2.000000000000001776, -26.12534837884203753 ) ) ;
#3261 = DIRECTION ( 'NONE',  ( 0.000000000000000000, 0.000000000000000000, 1.000000000000000000 ) ) ;
#3262 = CARTESIAN_POINT ( 'NONE',  ( -55.71131989884241165, 39.00000000000000000, -28.43040892023596200 ) ) ;
#3263 = AXIS2_PLACEMENT_3D ( 'NONE', #6065, #1766, #2721 ) ;
#3264 = LINE ( 'NONE', #5216, #5229 ) ;
#3265 = ORIENTED_EDGE ( 'NONE', *, *, #2860, .T. ) ;
#3266 = CARTESIAN_POINT ( 'NONE',  ( -37.61131989884241023, 2.500000000000000000, -26.62534837884203753 ) ) ;
#3267 = VERTEX_POINT ( 'NONE', #3168 ) ;
#3268 = VECTOR ( 'NONE', #5105, 1000.000000000000000 ) ;
#3269 = CARTESIAN_POINT ( 'NONE',  ( -9.011318407355615179, 11.00000000000000000, -18.92534837884203824 ) ) ;
#3270 = FACE_OUTER_BOUND ( 'NONE', #4034, .T. ) ;
#3271 = DIRECTION ( 'NONE',  ( 0.000000000000000000, -0.7071067811865474617, -0.7071067811865474617 ) ) ;
#3272 = EDGE_LOOP ( 'NONE', ( #6037, #3238, #3060, #3464 ) ) ;
#3273 = ORIENTED_EDGE ( 'NONE', *, *, #4911, .F. ) ;
#3274 = CARTESIAN_POINT ( 'NONE',  ( 22.28868308413133903, 37.00000000000000000, -10.83439294907366879 ) ) ;
#3275 = FACE_OUTER_BOUND ( 'NONE', #535, .T. ) ;
#3276 = CYLINDRICAL_SURFACE ( 'NONE', #2250, 5.000000000000000000 ) ;
#3277 = ORIENTED_EDGE ( 'NONE', *, *, #5807, .T. ) ;
#3278 = ORIENTED_EDGE ( 'NONE', *, *, #809, .F. ) ;
#3279 = CARTESIAN_POINT ( 'NONE',  ( 24.28868308413120047, 4.499999999999999112, 12.16560705092670780 ) ) ;
#3280 = AXIS2_PLACEMENT_3D ( 'NONE', #1736, #2796, #1770 ) ;
#3281 = ORIENTED_EDGE ( 'NONE', *, *, #2056, .T. ) ;
#3282 = EDGE_CURVE ( 'NONE', #3362, #2069, #1332, .T. ) ;
#3283 = PLANE ( 'NONE',  #2961 ) ;
#3284 = DIRECTION ( 'NONE',  ( 1.000000000000000000, -0.000000000000000000, 5.430604157131410235E-17 ) ) ;
#3285 = CARTESIAN_POINT ( 'NONE',  ( -37.11131989884241733, -44.50000000000000000, -26.12534837884203753 ) ) ;
#3286 = VERTEX_POINT ( 'NONE', #6167 ) ;
#3287 = EDGE_CURVE ( 'NONE', #4314, #2380, #3104, .T. ) ;
#3288 = VECTOR ( 'NONE', #4497, 1000.000000000000000 ) ;
#3289 = DIRECTION ( 'NONE',  ( 0.000000000000000000, 0.000000000000000000, -1.000000000000000000 ) ) ;
#3290 = ADVANCED_FACE ( 'NONE', ( #2766 ), #3198, .F. ) ;
#3291 = DIRECTION ( 'NONE',  ( 0.7071067811865447972, 8.177564888978028683E-17, 0.7071067811865502373 ) ) ;
#3292 = ORIENTED_EDGE ( 'NONE', *, *, #1771, .F. ) ;
#3293 = LINE ( 'NONE', #2821, #4070 ) ;
#3294 = ORIENTED_EDGE ( 'NONE', *, *, #4287, .T. ) ;
#3295 = AXIS2_PLACEMENT_3D ( 'NONE', #2273, #294, #5200 ) ;
#3296 = CARTESIAN_POINT ( 'NONE',  ( -56.55670532616316848, 38.99999999999999289, -31.30883270405823637 ) ) ;
#3297 = CARTESIAN_POINT ( 'NONE',  ( 26.78868308413118271, 3.999999999999988010, -7.834392949073296641 ) ) ;
#3298 = DIRECTION ( 'NONE',  ( 1.000000000000000000, 0.000000000000000000, 6.938893903907222067E-15 ) ) ;
#3299 = CARTESIAN_POINT ( 'NONE',  ( 26.28868308413116850, 14.49999999999999467, 12.16560705092670602 ) ) ;
#3300 = ORIENTED_EDGE ( 'NONE', *, *, #692, .F. ) ;
#3301 = CARTESIAN_POINT ( 'NONE',  ( 26.28868308413116850, 9.500000000000000000, 17.16560705092670958 ) ) ;
#3302 = ORIENTED_EDGE ( 'NONE', *, *, #1482, .T. ) ;
#3303 = ADVANCED_FACE ( 'NONE', ( #679 ), #828, .T. ) ;
#3304 = LINE ( 'NONE', #5290, #6174 ) ;
#3305 = LINE ( 'NONE', #3841, #6062 ) ;
#3306 = CARTESIAN_POINT ( 'NONE',  ( -22.12425165848848252, 39.01087172895730504, -34.04860286337011388 ) ) ;
#3307 = VERTEX_POINT ( 'NONE', #4338 ) ;
#3308 = EDGE_CURVE ( 'NONE', #1374, #4826, #531, .T. ) ;
#3309 = VECTOR ( 'NONE', #2163, 1000.000000000000114 ) ;
#3310 = ORIENTED_EDGE ( 'NONE', *, *, #6087, .F. ) ;
#3311 = DIRECTION ( 'NONE',  ( -1.000000000000000000, -0.000000000000000000, -0.000000000000000000 ) ) ;
#3312 = ORIENTED_EDGE ( 'NONE', *, *, #3098, .T. ) ;
#3313 = VECTOR ( 'NONE', #4773, 1000.000000000000000 ) ;
#3314 = EDGE_CURVE ( 'NONE', #5787, #3999, #3509, .T. ) ;
#3315 = DIRECTION ( 'NONE',  ( 1.000000000000000000, 0.000000000000000000, 1.387080272683752052E-14 ) ) ;
#3316 = CIRCLE ( 'NONE', #2408, 5.000000000000000000 ) ;
#3317 = AXIS2_PLACEMENT_3D ( 'NONE', #462, #2371, #6216 ) ;
#3318 = FACE_OUTER_BOUND ( 'NONE', #2574, .T. ) ;
#3319 = DIRECTION ( 'NONE',  ( 0.000000000000000000, 1.000000000000000000, 0.000000000000000000 ) ) ;
#3320 = ORIENTED_EDGE ( 'NONE', *, *, #794, .F. ) ;
#3321 = LINE ( 'NONE', #6195, #3467 ) ;
#3322 = EDGE_CURVE ( 'NONE', #5126, #1239, #4306, .T. ) ;
#3323 = DIRECTION ( 'NONE',  ( 0.000000000000000000, -1.000000000000000000, 1.156482317317871725E-16 ) ) ;
#3324 = EDGE_LOOP ( 'NONE', ( #2692, #4424, #3292, #2024 ) ) ;
#3325 = DIRECTION ( 'NONE',  ( 0.000000000000000000, 0.000000000000000000, -1.000000000000000000 ) ) ;
#3326 = LINE ( 'NONE', #2324, #2647 ) ;
#3327 = FACE_OUTER_BOUND ( 'NONE', #2957, .T. ) ;
#3328 = DIRECTION ( 'NONE',  ( 4.625929269271485914E-16, -1.000000000000000000, 0.000000000000000000 ) ) ;
#3329 = CARTESIAN_POINT ( 'NONE',  ( 26.78868308413118271, 14.49999999999999467, -7.834392949073296641 ) ) ;
#3330 = ORIENTED_EDGE ( 'NONE', *, *, #387, .T. ) ;
#3331 = EDGE_LOOP ( 'NONE', ( #5482, #1329, #6042, #1688 ) ) ;
#3332 = EDGE_CURVE ( 'NONE', #5020, #1270, #2355, .T. ) ;
#3333 = CARTESIAN_POINT ( 'NONE',  ( 5.188683084131180401, -44.50000000000000000, -26.12534837884203753 ) ) ;
#3334 = DIRECTION ( 'NONE',  ( 0.000000000000000000, 1.000000000000000000, -0.000000000000000000 ) ) ;
#3335 = EDGE_CURVE ( 'NONE', #3959, #1093, #4399, .T. ) ;
#3336 = CARTESIAN_POINT ( 'NONE',  ( -21.68130040571655570, 39.02070978597684103, -33.86195516259595450 ) ) ;
#3337 = ADVANCED_FACE ( 'NONE', ( #1429 ), #2358, .T. ) ;
#3338 = ORIENTED_EDGE ( 'NONE', *, *, #5246, .F. ) ;
#3339 = CARTESIAN_POINT ( 'NONE',  ( -10.21131840735561447, 11.50000000000000000, -31.12534837884203753 ) ) ;
#3340 = ORIENTED_EDGE ( 'NONE', *, *, #4541, .T. ) ;
#3341 = LINE ( 'NONE', #5982, #4664 ) ;
#3342 = CARTESIAN_POINT ( 'NONE',  ( 26.78868308413118271, 9.499999999999998224, -13.33439294907330641 ) ) ;
#3343 = CARTESIAN_POINT ( 'NONE',  ( -22.56598282051083970, 39.00201817659829118, -34.12533563526082503 ) ) ;
#3344 = ORIENTED_EDGE ( 'NONE', *, *, #5867, .F. ) ;
#3345 = VECTOR ( 'NONE', #3597, 1000.000000000000114 ) ;
#3346 = VECTOR ( 'NONE', #2362, 1000.000000000000000 ) ;
#3347 = VECTOR ( 'NONE', #5561, 1000.000000000000000 ) ;
#3348 = CARTESIAN_POINT ( 'NONE',  ( -6.011318407355614291, 11.50000000000000000, -21.42534837884203824 ) ) ;
#3349 = VERTEX_POINT ( 'NONE', #98 ) ;
#3350 = AXIS2_PLACEMENT_3D ( 'NONE', #1932, #2361, #1494 ) ;
#3351 = ORIENTED_EDGE ( 'NONE', *, *, #3188, .T. ) ;
#3352 = DIRECTION ( 'NONE',  ( -0.000000000000000000, 1.000000000000000000, -0.000000000000000000 ) ) ;
#3353 = VECTOR ( 'NONE', #4167, 1000.000000000000000 ) ;
#3354 = EDGE_CURVE ( 'NONE', #1718, #2564, #2824, .T. ) ;
#3355 = EDGE_CURVE ( 'NONE', #6017, #5092, #4743, .T. ) ;
#3356 = DIRECTION ( 'NONE',  ( -6.938893903907222067E-15, 0.000000000000000000, -1.000000000000000000 ) ) ;
#3357 = LINE ( 'NONE', #950, #2406 ) ;
#3358 = AXIS2_PLACEMENT_3D ( 'NONE', #935, #5704, #3845 ) ;
#3359 = FACE_BOUND ( 'NONE', #3067, .T. ) ;
#3360 = DIRECTION ( 'NONE',  ( 0.000000000000000000, 0.000000000000000000, -1.000000000000000000 ) ) ;
#3361 = CONICAL_SURFACE ( 'NONE', #4675, 4.500000000000002665, 0.5934119456780732049 ) ;
#3362 = VERTEX_POINT ( 'NONE', #3415 ) ;
#3363 = CARTESIAN_POINT ( 'NONE',  ( -22.91131840735561909, 11.00000000000000000, -21.42534837884203824 ) ) ;
#3364 = VERTEX_POINT ( 'NONE', #4372 ) ;
#3365 = CARTESIAN_POINT ( 'NONE',  ( -28.46131840735561980, 28.00000000000000000, 38.45656248069552419 ) ) ;
#3366 = LINE ( 'NONE', #4837, #143 ) ;
#3367 = VECTOR ( 'NONE', #228, 1000.000000000000000 ) ;
#3368 = CARTESIAN_POINT ( 'NONE',  ( -21.68976705359617796, 39.02051208238756175, -33.86677095685379868 ) ) ;
#3369 = VERTEX_POINT ( 'NONE', #3895 ) ;
#3370 = ADVANCED_FACE ( 'NONE', ( #71, #982 ), #2385, .F. ) ;
#3371 = EDGE_LOOP ( 'NONE', ( #1334, #3740, #1230, #230 ) ) ;
#3372 = LINE ( 'NONE', #4291, #360 ) ;
#3373 = ORIENTED_EDGE ( 'NONE', *, *, #2034, .T. ) ;
#3374 = CARTESIAN_POINT ( 'NONE',  ( -36.97194292656564585, 0.000000000000000000, -33.62534837884234662 ) ) ;
#3375 = CARTESIAN_POINT ( 'NONE',  ( -56.55670532616316848, 2.500000000000000000, -31.30883270405823637 ) ) ;
#3376 = CARTESIAN_POINT ( 'NONE',  ( 26.78868308413118271, 0.5000000000000004441, -28.43037995825160991 ) ) ;
#3377 = DIRECTION ( 'NONE',  ( 0.000000000000000000, 0.000000000000000000, 1.000000000000000000 ) ) ;
#3378 = EDGE_LOOP ( 'NONE', ( #3461, #4891, #4886, #3908, #1556 ) ) ;
#3379 = CIRCLE ( 'NONE', #674, 6.500000000000021316 ) ;
#3380 = DIRECTION ( 'NONE',  ( 1.000000000000000000, 0.000000000000000000, 0.000000000000000000 ) ) ;
#3381 = VERTEX_POINT ( 'NONE', #2884 ) ;
#3382 = ORIENTED_EDGE ( 'NONE', *, *, #333, .F. ) ;
#3383 = ADVANCED_FACE ( 'NONE', ( #3359, #5312, #1984, #9 ), #2915, .T. ) ;
#3384 = DIRECTION ( 'NONE',  ( 0.000000000000000000, 1.000000000000000000, -4.625929269271486900E-16 ) ) ;
#3385 = FACE_OUTER_BOUND ( 'NONE', #3969, .T. ) ;
#3386 = CARTESIAN_POINT ( 'NONE',  ( 24.28868308413120047, 9.500000000000000000, 17.16560705092670958 ) ) ;
#3387 = LINE ( 'NONE', #5196, #2113 ) ;
#3388 = VECTOR ( 'NONE', #5887, 1000.000000000000000 ) ;
#3389 = ORIENTED_EDGE ( 'NONE', *, *, #3332, .F. ) ;
#3390 = ORIENTED_EDGE ( 'NONE', *, *, #3750, .F. ) ;
#3391 = DIRECTION ( 'NONE',  ( -0.4880670107913884781, 0.4880670107913933631, -0.7235891002180122600 ) ) ;
#3392 = ADVANCED_FACE ( 'NONE', ( #5810 ), #4275, .T. ) ;
#3393 = LINE ( 'NONE', #2920, #853 ) ;
#3394 = ADVANCED_FACE ( 'NONE', ( #3867 ), #1876, .T. ) ;
#3395 = CARTESIAN_POINT ( 'NONE',  ( -21.84387931405092331, 39.01696449710383519, -33.94644081615542319 ) ) ;
#3396 = ORIENTED_EDGE ( 'NONE', *, *, #5571, .F. ) ;
#3397 = ORIENTED_EDGE ( 'NONE', *, *, #3767, .F. ) ;
#3398 = CARTESIAN_POINT ( 'NONE',  ( -9.011318407355615179, 11.50000000000000000, -20.92534837884203824 ) ) ;
#3399 = VERTEX_POINT ( 'NONE', #3386 ) ;
#3400 = CARTESIAN_POINT ( 'NONE',  ( -15.96136771304668045, 39.00000000000000000, -33.12534837884233241 ) ) ;
#3401 = CARTESIAN_POINT ( 'NONE',  ( -5.311316915868822264, 11.50000000000000000, 0.000000000000000000 ) ) ;
#3402 = LINE ( 'NONE', #115, #4017 ) ;
#3403 = FACE_OUTER_BOUND ( 'NONE', #986, .T. ) ;
#3404 = ORIENTED_EDGE ( 'NONE', *, *, #3632, .F. ) ;
#3405 = CIRCLE ( 'NONE', #4610, 4.999999999999999112 ) ;
#3406 = VECTOR ( 'NONE', #5331, 1000.000000000000114 ) ;
#3407 = EDGE_CURVE ( 'NONE', #1432, #4365, #1040, .T. ) ;
#3408 = DIRECTION ( 'NONE',  ( 0.000000000000000000, -1.000000000000000000, 1.156482317317871725E-16 ) ) ;
#3409 = AXIS2_PLACEMENT_3D ( 'NONE', #653, #2562, #4422 ) ;
#3410 = ORIENTED_EDGE ( 'NONE', *, *, #3098, .F. ) ;
#3411 = EDGE_CURVE ( 'NONE', #3704, #4308, #2941, .T. ) ;
#3412 = ORIENTED_EDGE ( 'NONE', *, *, #3335, .F. ) ;
#3413 = CARTESIAN_POINT ( 'NONE',  ( -10.21131840735561447, 2.500000000000000000, -23.92534837884204180 ) ) ;
#3414 = CARTESIAN_POINT ( 'NONE',  ( -14.71131840735561802, 11.50000000000000355, -40.12534837884211214 ) ) ;
#3415 = CARTESIAN_POINT ( 'NONE',  ( 24.28868308413120047, 14.49999999999999645, 17.16560705092670602 ) ) ;
#3416 = DIRECTION ( 'NONE',  ( 0.000000000000000000, 1.000000000000000000, -0.000000000000000000 ) ) ;
#3417 = ADVANCED_FACE ( 'NONE', ( #2473 ), #5072, .F. ) ;
#3418 = ORIENTED_EDGE ( 'NONE', *, *, #4421, .F. ) ;
#3419 = DIRECTION ( 'NONE',  ( -1.000000000000000000, 0.000000000000000000, 0.000000000000000000 ) ) ;
#3420 = ORIENTED_EDGE ( 'NONE', *, *, #2969, .T. ) ;
#3421 = CYLINDRICAL_SURFACE ( 'NONE', #5053, 5.000000000000000888 ) ;
#3422 = FACE_BOUND ( 'NONE', #3331, .T. ) ;
#3423 = PLANE ( 'NONE',  #2786 ) ;
#3424 = VERTEX_POINT ( 'NONE', #625 ) ;
#3425 = LINE ( 'NONE', #108, #2864 ) ;
#3426 = ORIENTED_EDGE ( 'NONE', *, *, #2219, .T. ) ;
#3427 = DIRECTION ( 'NONE',  ( 0.000000000000000000, 0.000000000000000000, 1.000000000000000000 ) ) ;
#3428 = EDGE_LOOP ( 'NONE', ( #1554, #3781, #6012, #4296 ) ) ;
#3429 = ADVANCED_FACE ( 'NONE', ( #3541 ), #125, .T. ) ;
#3430 = FACE_OUTER_BOUND ( 'NONE', #399, .T. ) ;
#3431 = EDGE_CURVE ( 'NONE', #1640, #3721, #5975, .T. ) ;
#3432 = LINE ( 'NONE', #1503, #5151 ) ;
#3433 = DIRECTION ( 'NONE',  ( -1.000000000000000000, 0.000000000000000000, 0.000000000000000000 ) ) ;
#3434 = PLANE ( 'NONE',  #953 ) ;
#3435 = ORIENTED_EDGE ( 'NONE', *, *, #4251, .T. ) ;
#3436 = FACE_OUTER_BOUND ( 'NONE', #695, .T. ) ;
#3437 = CARTESIAN_POINT ( 'NONE',  ( -58.71131989884241165, 14.49999999999999467, -13.33439294907330819 ) ) ;
#3438 = CONICAL_SURFACE ( 'NONE', #4844, 5.500000000000005329, 0.7853981633974491672 ) ;
#3439 = FACE_OUTER_BOUND ( 'NONE', #615, .T. ) ;
#3440 = AXIS2_PLACEMENT_3D ( 'NONE', #91, #215, #4449 ) ;
#3441 = EDGE_CURVE ( 'NONE', #34, #6075, #2976, .T. ) ;
#3442 = VERTEX_POINT ( 'NONE', #1575 ) ;
#3443 = AXIS2_PLACEMENT_3D ( 'NONE', #2239, #5539, #3209 ) ;
#3444 = VECTOR ( 'NONE', #5709, 1000.000000000000114 ) ;
#3445 = VECTOR ( 'NONE', #255, 1000.000000000000000 ) ;
#3446 = DIRECTION ( 'NONE',  ( 1.387080272683752052E-14, 0.000000000000000000, -1.000000000000000000 ) ) ;
#3447 = DIRECTION ( 'NONE',  ( 0.000000000000000000, 0.000000000000000000, 1.000000000000000000 ) ) ;
#3448 = CARTESIAN_POINT ( 'NONE',  ( -22.91131840735561909, 2.500000000000000000, -21.42534837884203824 ) ) ;
#3449 = VECTOR ( 'NONE', #1120, 1000.000000000000000 ) ;
#3450 = AXIS2_PLACEMENT_3D ( 'NONE', #5374, #4957, #2502 ) ;
#3451 = VECTOR ( 'NONE', #6151, 1000.000000000000114 ) ;
#3452 = DIRECTION ( 'NONE',  ( 1.000000000000000000, -0.000000000000000000, -0.000000000000000000 ) ) ;
#3453 = AXIS2_PLACEMENT_3D ( 'NONE', #5783, #1008, #4829 ) ;
#3454 = ORIENTED_EDGE ( 'NONE', *, *, #2728, .F. ) ;
#3455 = CARTESIAN_POINT ( 'NONE',  ( 23.78868308413118626, 9.499999999999998224, 12.16560705092670780 ) ) ;
#3456 = VERTEX_POINT ( 'NONE', #2162 ) ;
#3457 = CARTESIAN_POINT ( 'NONE',  ( -27.11131989884241023, 11.50000000000000000, -31.12534837884217609 ) ) ;
#3458 = AXIS2_PLACEMENT_3D ( 'NONE', #869, #1740, #3780 ) ;
#3459 = CARTESIAN_POINT ( 'NONE',  ( -28.46131840735561980, 22.50000000000000000, 37.95656248069552419 ) ) ;
#3460 = CARTESIAN_POINT ( 'NONE',  ( -14.71131840735561802, 11.50000000000000355, -31.16022644181681400 ) ) ;
#3461 = ORIENTED_EDGE ( 'NONE', *, *, #1079, .F. ) ;
#3462 = CARTESIAN_POINT ( 'NONE',  ( -37.11131989884241733, 2.000000000000001776, -26.12534837884203753 ) ) ;
#3463 = ORIENTED_EDGE ( 'NONE', *, *, #3001, .T. ) ;
#3464 = ORIENTED_EDGE ( 'NONE', *, *, #5981, .F. ) ;
#3465 = CARTESIAN_POINT ( 'NONE',  ( -49.71131989884241165, 0.9499999999999872990, 25.45656248069552419 ) ) ;
#3466 = CARTESIAN_POINT ( 'NONE',  ( -37.11131989884241023, -44.50000000000000000, 30.45656248069552063 ) ) ;
#3467 = VECTOR ( 'NONE', #1889, 1000.000000000000000 ) ;
#3468 = FACE_OUTER_BOUND ( 'NONE', #4292, .T. ) ;
#3469 = LINE ( 'NONE', #4007, #3140 ) ;
#3470 = EDGE_LOOP ( 'NONE', ( #4402, #4562, #6144, #5692 ) ) ;
#3471 = ADVANCED_FACE ( 'NONE', ( #4048 ), #220, .F. ) ;
#3472 = CARTESIAN_POINT ( 'NONE',  ( 26.28868308413116850, 4.499999999999999112, 12.16560705092670780 ) ) ;
#3473 = DIRECTION ( 'NONE',  ( 0.000000000000000000, 1.000000000000000000, 0.000000000000000000 ) ) ;
#3474 = CARTESIAN_POINT ( 'NONE',  ( -15.96136771304668045, 39.50000000000000000, -33.12534837884233241 ) ) ;
#3475 = DIRECTION ( 'NONE',  ( -5.782411586589357639E-16, 1.000000000000000000, 0.000000000000000000 ) ) ;
#3476 = EDGE_LOOP ( 'NONE', ( #5877, #1935, #5788, #4182 ) ) ;
#3477 = DIRECTION ( 'NONE',  ( -0.7071067811865475727, 0.7071067811865475727, -0.000000000000000000 ) ) ;
#3478 = B_SPLINE_CURVE_WITH_KNOTS ( 'NONE', 3,
 ( #3122, #309, #5013, #1670 ),
 .UNSPECIFIED., .F., .F.,
 ( 4, 4 ),
 ( 0.000000000000000000, 0.0007995384839993043133 ),
 .UNSPECIFIED. ) ;
#3479 = EDGE_CURVE ( 'NONE', #5286, #3399, #5403, .T. ) ;
#3480 = CARTESIAN_POINT ( 'NONE',  ( -15.96136771304666802, 39.50000000000000000, -34.12534837884233241 ) ) ;
#3481 = DIRECTION ( 'NONE',  ( 0.000000000000000000, 0.7071067811865475727, -0.7071067811865475727 ) ) ;
#3482 = DIRECTION ( 'NONE',  ( 0.000000000000000000, 0.000000000000000000, -1.000000000000000000 ) ) ;
#3483 = VERTEX_POINT ( 'NONE', #3952 ) ;
#3484 = LINE ( 'NONE', #2015, #1368 ) ;
#3485 = ORIENTED_EDGE ( 'NONE', *, *, #5838, .F. ) ;
#3486 = ADVANCED_FACE ( 'NONE', ( #189 ), #5015, .F. ) ;
#3487 = LINE ( 'NONE', #3042, #4161 ) ;
#3488 = EDGE_CURVE ( 'NONE', #6001, #4410, #5497, .T. ) ;
#3489 = DIRECTION ( 'NONE',  ( 0.000000000000000000, 0.000000000000000000, -1.000000000000000000 ) ) ;
#3490 = DIRECTION ( 'NONE',  ( 1.000000000000000000, 0.000000000000000000, 0.000000000000000000 ) ) ;
#3491 = VECTOR ( 'NONE', #5768, 1000.000000000000114 ) ;
#3492 = VERTEX_POINT ( 'NONE', #3097 ) ;
#3493 = DIRECTION ( 'NONE',  ( -1.000000000000000000, -0.000000000000000000, -0.000000000000000000 ) ) ;
#3494 = ORIENTED_EDGE ( 'NONE', *, *, #3994, .F. ) ;
#3495 = CARTESIAN_POINT ( 'NONE',  ( -10.66708862328393081, 39.50000000000000000, -32.62534844210099294 ) ) ;
#3496 = ADVANCED_FACE ( 'NONE', ( #4927 ), #5873, .F. ) ;
#3497 = ORIENTED_EDGE ( 'NONE', *, *, #4331, .F. ) ;
#3498 = LINE ( 'NONE', #113, #1055 ) ;
#3499 = LINE ( 'NONE', #2585, #6114 ) ;
#3500 = CARTESIAN_POINT ( 'NONE',  ( 5.049207500472291166, 39.00000000000000000, -31.12534837884203753 ) ) ;
#3501 = CARTESIAN_POINT ( 'NONE',  ( -26.61131989884241023, 11.50000000000000000, -19.42534837884203824 ) ) ;
#3502 = EDGE_LOOP ( 'NONE', ( #1473, #2061, #2670, #860 ) ) ;
#3503 = CARTESIAN_POINT ( 'NONE',  ( -36.97194292656563874, 39.50000000000000000, 35.37465162115807971 ) ) ;
#3504 = EDGE_CURVE ( 'NONE', #564, #3165, #4550, .T. ) ;
#3505 = PLANE ( 'NONE',  #4469 ) ;
#3506 = CARTESIAN_POINT ( 'NONE',  ( 26.78868308413118271, 14.49999999999999645, 17.66560705092671668 ) ) ;
#3507 = DIRECTION ( 'NONE',  ( -0.000000000000000000, -0.7071067811865475727, -0.7071067811865475727 ) ) ;
#3508 = VECTOR ( 'NONE', #1891, 1000.000000000000000 ) ;
#3509 = CIRCLE ( 'NONE', #4316, 1.750000000000001554 ) ;
#3510 = ORIENTED_EDGE ( 'NONE', *, *, #3219, .F. ) ;
#3511 = LINE ( 'NONE', #3069, #4547 ) ;
#3512 = ADVANCED_FACE ( 'NONE', ( #1542 ), #5965, .F. ) ;
#3513 = DIRECTION ( 'NONE',  ( -0.000000000000000000, -1.000000000000000000, -0.000000000000000000 ) ) ;
#3514 = AXIS2_PLACEMENT_3D ( 'NONE', #2768, #259, #4689 ) ;
#3515 = CIRCLE ( 'NONE', #4228, 5.500000000000011546 ) ;
#3516 = FACE_OUTER_BOUND ( 'NONE', #2412, .T. ) ;
#3517 = DIRECTION ( 'NONE',  ( 0.000000000000000000, 1.040834085586084257E-15, -1.000000000000000000 ) ) ;
#3518 = VERTEX_POINT ( 'NONE', #691 ) ;
#3519 = ORIENTED_EDGE ( 'NONE', *, *, #1939, .F. ) ;
#3520 = CARTESIAN_POINT ( 'NONE',  ( -22.91131840735561909, 2.500000000000000000, -18.92534837884203824 ) ) ;
#3521 = DIRECTION ( 'NONE',  ( 0.000000000000000000, 0.000000000000000000, 1.000000000000000000 ) ) ;
#3522 = FACE_OUTER_BOUND ( 'NONE', #3844, .T. ) ;
#3523 = VERTEX_POINT ( 'NONE', #1637 ) ;
#3524 = CARTESIAN_POINT ( 'NONE',  ( -36.97194292656563874, 2.500000000000000000, 35.37465162115807971 ) ) ;
#3525 = VERTEX_POINT ( 'NONE', #4459 ) ;
#3526 = CARTESIAN_POINT ( 'NONE',  ( -56.21131989884241165, 39.50000000000000000, -28.80358747683137466 ) ) ;
#3527 = ORIENTED_EDGE ( 'NONE', *, *, #2816, .F. ) ;
#3528 = ADVANCED_FACE ( 'NONE', ( #4895 ), #64, .F. ) ;
#3529 = CARTESIAN_POINT ( 'NONE',  ( 5.049207500473221977, 39.50000000000000000, -31.62534837884203753 ) ) ;
#3530 = CARTESIAN_POINT ( 'NONE',  ( 5.049207500472286725, 39.50000000000000000, 35.95656248069552419 ) ) ;
#3531 = EDGE_CURVE ( 'NONE', #411, #621, #162, .T. ) ;
#3532 = DIRECTION ( 'NONE',  ( 0.000000000000000000, -1.000000000000000000, 0.000000000000000000 ) ) ;
#3533 = VERTEX_POINT ( 'NONE', #5902 ) ;
#3534 = DIRECTION ( 'NONE',  ( 1.000000000000000000, 0.000000000000000000, 0.000000000000000000 ) ) ;
#3535 = DIRECTION ( 'NONE',  ( 0.7071067811865473507, -0.7071067811865476838, 8.671568101627199721E-17 ) ) ;
#3536 = LINE ( 'NONE', #183, #5436 ) ;
#3537 = ORIENTED_EDGE ( 'NONE', *, *, #5687, .T. ) ;
#3538 = ORIENTED_EDGE ( 'NONE', *, *, #4605, .F. ) ;
#3539 = FACE_OUTER_BOUND ( 'NONE', #184, .T. ) ;
#3540 = CARTESIAN_POINT ( 'NONE',  ( -55.71131989884241165, 2.500000000000000000, -28.43040892023596200 ) ) ;
#3541 = FACE_OUTER_BOUND ( 'NONE', #2904, .T. ) ;
#3542 = LINE ( 'NONE', #1104, #2203 ) ;
#3543 = ADVANCED_FACE ( 'NONE', ( #3516 ), #5435, .F. ) ;
#3544 = ORIENTED_EDGE ( 'NONE', *, *, #881, .T. ) ;
#3545 = VECTOR ( 'NONE', #945, 1000.000000000000000 ) ;
#3546 = CIRCLE ( 'NONE', #3648, 0.5000000000000004441 ) ;
#3547 = ORIENTED_EDGE ( 'NONE', *, *, #5509, .F. ) ;
#3548 = CARTESIAN_POINT ( 'NONE',  ( 5.049207500472286725, 0.5000000000000004441, 35.37465162115796602 ) ) ;
#3549 = CIRCLE ( 'NONE', #3645, 66.50000000000055422 ) ;
#3550 = CARTESIAN_POINT ( 'NONE',  ( -58.21131989884239744, 4.499999999999999112, 12.16560705092670780 ) ) ;
#3551 = VECTOR ( 'NONE', #3216, 1000.000000000000000 ) ;
#3552 = AXIS2_PLACEMENT_3D ( 'NONE', #6164, #2852, #474 ) ;
#3553 = ORIENTED_EDGE ( 'NONE', *, *, #824, .F. ) ;
#3554 = LINE ( 'NONE', #1177, #4520 ) ;
#3555 = ORIENTED_EDGE ( 'NONE', *, *, #6203, .F. ) ;
#3556 = CARTESIAN_POINT ( 'NONE',  ( -9.556686383913088889, 39.50000000000000000, -33.62531227623721009 ) ) ;
#3557 = EDGE_CURVE ( 'NONE', #3721, #5505, #5936, .T. ) ;
#3558 = VERTEX_POINT ( 'NONE', #6033 ) ;
#3559 = CONICAL_SURFACE ( 'NONE', #1664, 5.500000000000001776, 0.7853981633974491672 ) ;
#3560 = AXIS2_PLACEMENT_3D ( 'NONE', #3970, #4064, #5978 ) ;
#3561 = CARTESIAN_POINT ( 'NONE',  ( -4.811316915868822264, 2.500000000000000000, -18.92534837884203824 ) ) ;
#3562 = LINE ( 'NONE', #5486, #489 ) ;
#3563 = LINE ( 'NONE', #583, #2740 ) ;
#3564 = VECTOR ( 'NONE', #3933, 1000.000000000000000 ) ;
#3565 = ORIENTED_EDGE ( 'NONE', *, *, #3174, .T. ) ;
#3566 = CARTESIAN_POINT ( 'NONE',  ( -16.53947812385511185, 7.671840283500539925, -23.49265790211708094 ) ) ;
#3567 = VECTOR ( 'NONE', #5139, 1000.000000000000000 ) ;
#3568 = LINE ( 'NONE', #2526, #1768 ) ;
#3569 = DIRECTION ( 'NONE',  ( 0.000000000000000000, 1.000000000000000000, 0.000000000000000000 ) ) ;
#3570 = CIRCLE ( 'NONE', #3066, 5.500000000000001776 ) ;
#3571 = ORIENTED_EDGE ( 'NONE', *, *, #4879, .T. ) ;
#3572 = DIRECTION ( 'NONE',  ( -1.000000000000000000, -0.000000000000000000, -0.000000000000000000 ) ) ;
#3573 = DIRECTION ( 'NONE',  ( 0.000000000000000000, 0.000000000000000000, 1.000000000000000000 ) ) ;
#3574 = DIRECTION ( 'NONE',  ( 0.7071067811865475727, -0.7071067811865475727, 0.000000000000000000 ) ) ;
#3575 = ADVANCED_FACE ( 'NONE', ( #5590 ), #3361, .F. ) ;
#3576 = LINE ( 'NONE', #5499, #4810 ) ;
#3577 = AXIS2_PLACEMENT_3D ( 'NONE', #5843, #3963, #5879 ) ;
#3578 = ORIENTED_EDGE ( 'NONE', *, *, #1691, .T. ) ;
#3579 = VERTEX_POINT ( 'NONE', #3630 ) ;
#3580 = EDGE_CURVE ( 'NONE', #4530, #95, #2858, .T. ) ;
#3581 = DIRECTION ( 'NONE',  ( -0.000000000000000000, 1.000000000000000000, 0.000000000000000000 ) ) ;
#3582 = CARTESIAN_POINT ( 'NONE',  ( 24.28868308413120047, 14.49999999999999467, -12.83439294907329753 ) ) ;
#3583 = ORIENTED_EDGE ( 'NONE', *, *, #675, .F. ) ;
#3584 = DIRECTION ( 'NONE',  ( -0.7071067811865451302, -0.7071067811865500152, -0.000000000000000000 ) ) ;
#3585 = ORIENTED_EDGE ( 'NONE', *, *, #224, .T. ) ;
#3586 = ORIENTED_EDGE ( 'NONE', *, *, #5647, .F. ) ;
#3587 = LINE ( 'NONE', #5485, #1159 ) ;
#3588 = DIRECTION ( 'NONE',  ( 0.000000000000000000, 0.000000000000000000, 1.000000000000000000 ) ) ;
#3589 = CARTESIAN_POINT ( 'NONE',  ( -10.14913947542424566, 39.01857546917224795, -33.91157880542497338 ) ) ;
#3590 = ORIENTED_EDGE ( 'NONE', *, *, #5979, .F. ) ;
#3591 = DIRECTION ( 'NONE',  ( -0.7071067811865475727, 0.000000000000000000, -0.7071067811865475727 ) ) ;
#3592 = VECTOR ( 'NONE', #4505, 1000.000000000000000 ) ;
#3593 = LINE ( 'NONE', #1096, #364 ) ;
#3594 = CARTESIAN_POINT ( 'NONE',  ( -33.46131840735562690, 27.50000000000000000, 37.95656248069552419 ) ) ;
#3595 = EDGE_LOOP ( 'NONE', ( #5006, #2581, #4347, #4122, #4358, #3537 ) ) ;
#3596 = ADVANCED_FACE ( 'NONE', ( #3124 ), #2382, .T. ) ;
#3597 = DIRECTION ( 'NONE',  ( 0.000000000000000000, 0.7071067811865474617, 0.7071067811865474617 ) ) ;
#3598 = FACE_OUTER_BOUND ( 'NONE', #5023, .T. ) ;
#3599 = EDGE_CURVE ( 'NONE', #5092, #3456, #6080, .T. ) ;
#3600 = CARTESIAN_POINT ( 'NONE',  ( -9.686486891404289423, 39.50000000000002132, -33.56077064648299313 ) ) ;
#3601 = DIRECTION ( 'NONE',  ( 0.000000000000000000, 0.000000000000000000, 1.000000000000000000 ) ) ;
#3602 = ORIENTED_EDGE ( 'NONE', *, *, #2117, .F. ) ;
#3603 = DIRECTION ( 'NONE',  ( 0.000000000000000000, 0.7071067811865474617, -0.7071067811865474617 ) ) ;
#3604 = VECTOR ( 'NONE', #1398, 1000.000000000000114 ) ;
#3605 = ORIENTED_EDGE ( 'NONE', *, *, #86, .T. ) ;
#3606 = VECTOR ( 'NONE', #4581, 1000.000000000000000 ) ;
#3607 = AXIS2_PLACEMENT_3D ( 'NONE', #3708, #1870, #5631 ) ;
#3608 = DIRECTION ( 'NONE',  ( 0.000000000000000000, -0.000000000000000000, 1.000000000000000000 ) ) ;
#3609 = DIRECTION ( 'NONE',  ( -1.000000000000000000, 0.000000000000000000, 0.000000000000000000 ) ) ;
#3610 = ADVANCED_FACE ( 'NONE', ( #1187 ), #158, .F. ) ;
#3611 = ORIENTED_EDGE ( 'NONE', *, *, #4802, .T. ) ;
#3612 = DIRECTION ( 'NONE',  ( -0.5773502691896257311, 0.5773502691896257311, -0.5773502691896257311 ) ) ;
#3613 = ORIENTED_EDGE ( 'NONE', *, *, #2773, .F. ) ;
#3614 = DIRECTION ( 'NONE',  ( 0.000000000000000000, 0.000000000000000000, -1.000000000000000000 ) ) ;
#3615 = ORIENTED_EDGE ( 'NONE', *, *, #1119, .F. ) ;
#3616 = CARTESIAN_POINT ( 'NONE',  ( 38.28868010115761678, 4.499999999999999112, 12.16560705092670780 ) ) ;
#3617 = FACE_OUTER_BOUND ( 'NONE', #3932, .T. ) ;
#3618 = CARTESIAN_POINT ( 'NONE',  ( -10.61482679200871182, 39.02987934826388994, -33.58887997208871923 ) ) ;
#3619 = ORIENTED_EDGE ( 'NONE', *, *, #2523, .F. ) ;
#3620 = CARTESIAN_POINT ( 'NONE',  ( -55.71131989884241165, 14.49999999999999467, -7.834392949073296641 ) ) ;
#3621 = ORIENTED_EDGE ( 'NONE', *, *, #132, .T. ) ;
#3622 = ADVANCED_FACE ( 'NONE', ( #1598 ), #3505, .T. ) ;
#3623 = EDGE_CURVE ( 'NONE', #4535, #1590, #1474, .T. ) ;
#3624 = CARTESIAN_POINT ( 'NONE',  ( 38.28868010115761678, 14.49999999999999467, -7.834392949073296641 ) ) ;
#3625 = PRESENTATION_STYLE_ASSIGNMENT (( #1721 ) ) ;
#3626 = CARTESIAN_POINT ( 'NONE',  ( -21.61509760678870506, 39.49999999999999289, -33.19115534514388344 ) ) ;
#3627 = VERTEX_POINT ( 'NONE', #1662 ) ;
#3628 = CARTESIAN_POINT ( 'NONE',  ( 0.000000000000000000, 28.00000000000000000, 38.45656248069552419 ) ) ;
#3629 = PLANE ( 'NONE',  #548 ) ;
#3630 = CARTESIAN_POINT ( 'NONE',  ( -26.41131840735561909, 11.50000000000000000, -20.92534837884203824 ) ) ;
#3631 = CARTESIAN_POINT ( 'NONE',  ( 5.049207500473229970, 39.50000000000000000, -32.62534837884204109 ) ) ;
#3632 = EDGE_CURVE ( 'NONE', #2083, #575, #3568, .T. ) ;
#3633 = DIRECTION ( 'NONE',  ( 0.000000000000000000, -0.7071067811865475727, 0.7071067811865475727 ) ) ;
#3634 = ORIENTED_EDGE ( 'NONE', *, *, #5586, .F. ) ;
#3635 = DIRECTION ( 'NONE',  ( 8.167354718741105412E-15, -0.8290375725550414021, -0.5591929034707473489 ) ) ;
#3636 = ORIENTED_EDGE ( 'NONE', *, *, #3853, .T. ) ;
#3637 = DIRECTION ( 'NONE',  ( -1.000000000000000000, 0.000000000000000000, -1.387080272683752052E-14 ) ) ;
#3638 = PLANE ( 'NONE',  #4187 ) ;
#3639 = DIRECTION ( 'NONE',  ( -1.000000000000000000, 0.000000000000000000, 0.000000000000000000 ) ) ;
#3640 = VECTOR ( 'NONE', #715, 999.9999999999998863 ) ;
#3641 = ORIENTED_EDGE ( 'NONE', *, *, #5125, .F. ) ;
#3642 = LINE ( 'NONE', #5533, #3212 ) ;
#3643 = VERTEX_POINT ( 'NONE', #5490 ) ;
#3644 = ORIENTED_EDGE ( 'NONE', *, *, #190, .F. ) ;
#3645 = AXIS2_PLACEMENT_3D ( 'NONE', #105, #4780, #2453 ) ;
#3646 = CYLINDRICAL_SURFACE ( 'NONE', #5667, 4.999999999999999112 ) ;
#3647 = VECTOR ( 'NONE', #613, 1000.000000000000000 ) ;
#3648 = AXIS2_PLACEMENT_3D ( 'NONE', #2077, #1643, #4872 ) ;
#3649 = CARTESIAN_POINT ( 'NONE',  ( 38.28868010115761678, 7.940688408169488846E-15, 17.16560705092671313 ) ) ;
#3650 = CARTESIAN_POINT ( 'NONE',  ( -10.66711440860062332, 39.03124507120627129, -33.53669017597488278 ) ) ;
#3651 = ORIENTED_EDGE ( 'NONE', *, *, #4451, .T. ) ;
#3652 = AXIS2_PLACEMENT_3D ( 'NONE', #4067, #4441, #4477 ) ;
#3653 = CARTESIAN_POINT ( 'NONE',  ( -36.97194292656564585, 0.000000000000000000, -33.62534837884234662 ) ) ;
#3654 = AXIS2_PLACEMENT_3D ( 'NONE', #2494, #1423, #3768 ) ;
#3655 = ORIENTED_EDGE ( 'NONE', *, *, #4929, .F. ) ;
#3656 = FACE_OUTER_BOUND ( 'NONE', #4839, .T. ) ;
#3657 = VECTOR ( 'NONE', #3909, 999.9999999999998863 ) ;
#3658 = AXIS2_PLACEMENT_3D ( 'NONE', #857, #757, #822 ) ;
#3659 = PLANE ( 'NONE',  #5426 ) ;
#3660 = CARTESIAN_POINT ( 'NONE',  ( -21.75299042945122352, 39.50000000000000000, -33.31112413769617575 ) ) ;
#3661 = ADVANCED_FACE ( 'NONE', ( #649 ), #1971, .F. ) ;
#3662 = VERTEX_POINT ( 'NONE', #1217 ) ;
#3663 = AXIS2_PLACEMENT_3D ( 'NONE', #6020, #3090, #4921 ) ;
#3664 = AXIS2_PLACEMENT_3D ( 'NONE', #5351, #3493, #4937 ) ;
#3665 = LINE ( 'NONE', #4139, #3943 ) ;
#3666 = ADVANCED_FACE ( 'NONE', ( #2153 ), #4075, .T. ) ;
#3667 = DIRECTION ( 'NONE',  ( -0.7071067811865459074, -3.271025955591206543E-16, -0.7071067811865491270 ) ) ;
#3668 = CARTESIAN_POINT ( 'NONE',  ( -9.779968663288807207, 39.01047910182764156, -34.05423544085049059 ) ) ;
#3669 = DIRECTION ( 'NONE',  ( -1.000000000000000000, 0.000000000000000000, 0.000000000000000000 ) ) ;
#3670 = ORIENTED_EDGE ( 'NONE', *, *, #5994, .T. ) ;
#3671 = CARTESIAN_POINT ( 'NONE',  ( -49.71131989884241165, 2.499999999999999556, 28.75656248069553556 ) ) ;
#3672 = ORIENTED_EDGE ( 'NONE', *, *, #1942, .T. ) ;
#3673 = EDGE_CURVE ( 'NONE', #2800, #2341, #3593, .T. ) ;
#3674 = FACE_OUTER_BOUND ( 'NONE', #284, .T. ) ;
#3675 = LINE ( 'NONE', #4184, #5291 ) ;
#3676 = CARTESIAN_POINT ( 'NONE',  ( -49.71131989884241165, 0.9499999999999872990, 25.45656248069552419 ) ) ;
#3677 = VECTOR ( 'NONE', #5909, 1000.000000000000114 ) ;
#3678 = EDGE_LOOP ( 'NONE', ( #2202, #1185, #6152, #3815 ) ) ;
#3679 = DIRECTION ( 'NONE',  ( -0.7071067811865500152, 0.000000000000000000, 0.7071067811865451302 ) ) ;
#3680 = ORIENTED_EDGE ( 'NONE', *, *, #800, .F. ) ;
#3681 = EDGE_LOOP ( 'NONE', ( #1920, #2979 ) ) ;
#3682 = EDGE_CURVE ( 'NONE', #5100, #3846, #3028, .T. ) ;
#3683 = EDGE_CURVE ( 'NONE', #992, #2869, #4233, .T. ) ;
#3684 = CARTESIAN_POINT ( 'NONE',  ( -21.74412595279854088, 39.50000000000000000, -33.30648945673240746 ) ) ;
#3685 = CARTESIAN_POINT ( 'NONE',  ( 26.78868308413118271, 38.99999999999999289, -28.43037995825160991 ) ) ;
#3686 = CARTESIAN_POINT ( 'NONE',  ( -10.28793959368238120, 39.02180611568396529, -33.83467480240872050 ) ) ;
#3687 = EDGE_CURVE ( 'NONE', #3875, #1590, #6121, .T. ) ;
#3688 = ORIENTED_EDGE ( 'NONE', *, *, #2032, .F. ) ;
#3689 = ORIENTED_EDGE ( 'NONE', *, *, #2773, .T. ) ;
#3690 = CARTESIAN_POINT ( 'NONE',  ( -14.71131840735561802, 7.000000000000000888, -31.16022644181681400 ) ) ;
#3691 = ORIENTED_EDGE ( 'NONE', *, *, #1778, .T. ) ;
#3692 = CARTESIAN_POINT ( 'NONE',  ( 17.78868308413117916, 2.500000000000000000, 25.45656248069551708 ) ) ;
#3693 = CARTESIAN_POINT ( 'NONE',  ( -21.55710938869753335, 39.02365940231319286, -33.78584952998613034 ) ) ;
#3694 = ORIENTED_EDGE ( 'NONE', *, *, #5174, .F. ) ;
#3695 = ADVANCED_FACE ( 'NONE', ( #5613 ), #6053, .T. ) ;
#3696 = APPLICATION_CONTEXT ( 'automotive_design' ) ;
#3697 = LINE ( 'NONE', #2621, #2342 ) ;
#3698 = CARTESIAN_POINT ( 'NONE',  ( -56.21131989884242586, 19.49999999999999645, -7.834392949073296641 ) ) ;
#3699 = CARTESIAN_POINT ( 'NONE',  ( -9.247910475848476253, 38.99999999999999289, -34.12534837884223293 ) ) ;
#3700 = PLANE ( 'NONE',  #300 ) ;
#3701 = EDGE_LOOP ( 'NONE', ( #179, #3769, #4063, #956 ) ) ;
#3702 = DIRECTION ( 'NONE',  ( 0.7071067811865447972, -8.177564888978028683E-17, -0.7071067811865502373 ) ) ;
#3703 = EDGE_CURVE ( 'NONE', #5100, #2776, #3218, .T. ) ;
#3704 = VERTEX_POINT ( 'NONE', #1311 ) ;
#3705 = ADVANCED_FACE ( 'NONE', ( #3150 ), #3251, .F. ) ;
#3706 = DIRECTION ( 'NONE',  ( 0.000000000000000000, 0.000000000000000000, 1.000000000000000000 ) ) ;
#3707 = CARTESIAN_POINT ( 'NONE',  ( 1.538681592644380869, 22.50000000000000355, 37.95656248069552419 ) ) ;
#3708 = CARTESIAN_POINT ( 'NONE',  ( -21.71131840735561980, 11.50000000000000000, -23.42534837884203824 ) ) ;
#3709 = ORIENTED_EDGE ( 'NONE', *, *, #436, .T. ) ;
#3710 = CARTESIAN_POINT ( 'NONE',  ( -3.540877943912548620, 9.729561028043724136, -17.65490940688576416 ) ) ;
#3711 = ORIENTED_EDGE ( 'NONE', *, *, #2570, .F. ) ;
#3712 = ORIENTED_EDGE ( 'NONE', *, *, #3131, .F. ) ;
#3713 = VECTOR ( 'NONE', #4867, 1000.000000000000000 ) ;
#3714 = VECTOR ( 'NONE', #1974, 1000.000000000000000 ) ;
#3715 = CARTESIAN_POINT ( 'NONE',  ( -18.07421326589494015, -9.037106632947470075, -35.66245501178951116 ) ) ;
#3716 = LINE ( 'NONE', #4722, #628 ) ;
#3717 = CARTESIAN_POINT ( 'NONE',  ( -10.24958216838054170, 39.02090069743557166, -33.85727983673986330 ) ) ;
#3718 = VECTOR ( 'NONE', #3612, 999.9999999999998863 ) ;
#3719 = VERTEX_POINT ( 'NONE', #1384 ) ;
#3720 = ADVANCED_FACE ( 'NONE', ( #3656 ), #257, .T. ) ;
#3721 = VERTEX_POINT ( 'NONE', #5681 ) ;
#3722 = LINE ( 'NONE', #398, #2646 ) ;
#3723 = ORIENTED_EDGE ( 'NONE', *, *, #3335, .T. ) ;
#3724 = CARTESIAN_POINT ( 'NONE',  ( 26.28868308413118271, 39.50000000000000000, -28.43037995825160991 ) ) ;
#3725 = DIRECTION ( 'NONE',  ( -0.7071067811865474617, -0.7071067811865474617, 0.000000000000000000 ) ) ;
#3726 = CARTESIAN_POINT ( 'NONE',  ( -21.34869609303618887, 39.50000000000000711, -32.83604733253694974 ) ) ;
#3727 = ORIENTED_EDGE ( 'NONE', *, *, #2663, .T. ) ;
#3728 = CARTESIAN_POINT ( 'NONE',  ( -21.71131840735561980, 2.500000000000000000, -23.92534837884204180 ) ) ;
#3729 = FACE_OUTER_BOUND ( 'NONE', #2690, .T. ) ;
#3730 = CARTESIAN_POINT ( 'NONE',  ( 5.188683084131174184, -44.50000000000000000, 30.45656248069552063 ) ) ;
#3731 = LINE ( 'NONE', #2758, #806 ) ;
#3732 = ORIENTED_EDGE ( 'NONE', *, *, #1907, .F. ) ;
#3733 = DIRECTION ( 'NONE',  ( 0.7071067811865451302, -0.7071067811865500152, 3.840017025447462658E-17 ) ) ;
#3734 = ORIENTED_EDGE ( 'NONE', *, *, #1993, .T. ) ;
#3735 = PLANE ( 'NONE',  #859 ) ;
#3736 = CARTESIAN_POINT ( 'NONE',  ( 5.688683084131181289, 2.500000000000000000, -26.62534837884203753 ) ) ;
#3737 = CARTESIAN_POINT ( 'NONE',  ( -55.71131989884241165, 0.5000000000000004441, 38.45656248069552419 ) ) ;
#3738 = ADVANCED_FACE ( 'NONE', ( #4170 ), #3283, .T. ) ;
#3739 = LINE ( 'NONE', #1430, #597 ) ;
#3740 = ORIENTED_EDGE ( 'NONE', *, *, #1307, .T. ) ;
#3741 = EDGE_LOOP ( 'NONE', ( #2726, #2475, #4646, #1739 ) ) ;
#3742 = CARTESIAN_POINT ( 'NONE',  ( -58.21131989884239744, 9.499999999999998224, -12.83439294907329753 ) ) ;
#3743 = DIRECTION ( 'NONE',  ( -0.000000000000000000, -0.7071067811865474617, 0.7071067811865474617 ) ) ;
#3744 = VECTOR ( 'NONE', #2685, 1000.000000000000000 ) ;
#3745 = CARTESIAN_POINT ( 'NONE',  ( -22.16916632277593635, 39.00993436223215127, -34.06056766512590883 ) ) ;
#3746 = EDGE_CURVE ( 'NONE', #3990, #3483, #5207, .T. ) ;
#3747 = EDGE_LOOP ( 'NONE', ( #6025, #1817, #5206, #3277 ) ) ;
#3748 = ORIENTED_EDGE ( 'NONE', *, *, #4548, .F. ) ;
#3750 = EDGE_CURVE ( 'NONE', #1801, #2564, #6086, .T. ) ;
#3749 = CARTESIAN_POINT ( 'NONE',  ( -5.511318407355614291, 11.50000000000000000, -21.42534837884203824 ) ) ;
#3751 = ORIENTED_EDGE ( 'NONE', *, *, #1223, .T. ) ;
#3752 = AXIS2_PLACEMENT_3D ( 'NONE', #5889, #2148, #4979 ) ;
#3753 = VECTOR ( 'NONE', #4527, 999.9999999999998863 ) ;
#3754 = CARTESIAN_POINT ( 'NONE',  ( -3.461318407355616245, 17.50000000000000000, 35.45656248069552419 ) ) ;
#3755 = CARTESIAN_POINT ( 'NONE',  ( 23.78868308413118271, 9.499999999999998224, 12.16560705092670780 ) ) ;
#3756 = CIRCLE ( 'NONE', #2052, 2.499999999999998668 ) ;
#3757 = CARTESIAN_POINT ( 'NONE',  ( -20.83930123862151262, 39.04275881265086667, -32.92782881415293161 ) ) ;
#3758 = VECTOR ( 'NONE', #3573, 1000.000000000000000 ) ;
#3759 = AXIS2_PLACEMENT_3D ( 'NONE', #331, #6049, #5137 ) ;
#3760 = VERTEX_POINT ( 'NONE', #5176 ) ;
#3761 = VECTOR ( 'NONE', #1866, 1000.000000000000000 ) ;
#3762 = AXIS2_PLACEMENT_3D ( 'NONE', #1602, #3507, #5429 ) ;
#3763 = EDGE_CURVE ( 'NONE', #856, #1363, #910, .T. ) ;
#3764 = AXIS2_PLACEMENT_3D ( 'NONE', #5501, #3702, #4553 ) ;
#3765 = CARTESIAN_POINT ( 'NONE',  ( 2.038681592644384644, 17.50000000000000355, 35.45656248069552419 ) ) ;
#3766 =( NAMED_UNIT ( * ) SI_UNIT ( $, .STERADIAN. ) SOLID_ANGLE_UNIT ( ) );
#3767 = EDGE_CURVE ( 'NONE', #1144, #4165, #974, .T. ) ;
#3768 = DIRECTION ( 'NONE',  ( 1.226344921636310289E-16, 0.000000000000000000, -1.000000000000000000 ) ) ;
#3769 = ORIENTED_EDGE ( 'NONE', *, *, #5908, .F. ) ;
#3770 = LINE ( 'NONE', #5189, #1456 ) ;
#3771 = EDGE_LOOP ( 'NONE', ( #3859, #1179 ) ) ;
#3772 = VECTOR ( 'NONE', #3328, 1000.000000000000000 ) ;
#3773 = FACE_OUTER_BOUND ( 'NONE', #3470, .T. ) ;
#3774 = AXIS2_PLACEMENT_3D ( 'NONE', #2434, #889, #5306 ) ;
#3775 = DIRECTION ( 'NONE',  ( -0.5773502691896257311, -0.5773502691896257311, 0.5773502691896257311 ) ) ;
#3776 = DIRECTION ( 'NONE',  ( -0.000000000000000000, -0.000000000000000000, 1.000000000000000000 ) ) ;
#3777 = DIRECTION ( 'NONE',  ( 0.6839411288813307399, -0.7295372041400842722, 4.745794929826089353E-15 ) ) ;
#3778 = ADVANCED_FACE ( 'NONE', ( #1818 ), #663, .F. ) ;
#3779 = ORIENTED_EDGE ( 'NONE', *, *, #4788, .F. ) ;
#3780 = DIRECTION ( 'NONE',  ( 0.000000000000000000, 0.000000000000000000, 1.000000000000000000 ) ) ;
#3781 = ORIENTED_EDGE ( 'NONE', *, *, #4582, .F. ) ;
#3782 = CARTESIAN_POINT ( 'NONE',  ( 1.538681592644380869, 22.50000000000000355, 35.45656248069552419 ) ) ;
#3783 = LINE ( 'NONE', #5815, #5764 ) ;
#3784 = CARTESIAN_POINT ( 'NONE',  ( -22.67482495024485800, 38.99999999999999289, -34.12534837884242478 ) ) ;
#3785 = ORIENTED_EDGE ( 'NONE', *, *, #268, .T. ) ;
#3786 = CARTESIAN_POINT ( 'NONE',  ( -58.21131989884239744, 19.49999999999999645, -7.834392949073296641 ) ) ;
#3787 = VERTEX_POINT ( 'NONE', #2338 ) ;
#3788 = DIRECTION ( 'NONE',  ( 0.000000000000000000, 0.000000000000000000, 1.000000000000000000 ) ) ;
#3789 = EDGE_CURVE ( 'NONE', #1733, #2931, #2680, .T. ) ;
#3790 = LINE ( 'NONE', #1000, #1620 ) ;
#3791 = CARTESIAN_POINT ( 'NONE',  ( -21.71131840735561980, 11.00000000000000000, -31.12534837884241412 ) ) ;
#3792 = VECTOR ( 'NONE', #3190, 1000.000000000000114 ) ;
#3793 = ORIENTED_EDGE ( 'NONE', *, *, #5269, .F. ) ;
#3794 = B_SPLINE_SURFACE_WITH_KNOTS ( 'NONE', 1, 3, ( 
 ( #1951, #978, #1791, #845, #4702, #777, #3726, #2651, #3152, #1244, #5076, #275, #304, #3626, #811, #2782, #2217, #2683, #3660, #4172, #402, #4603, #3183, #1283, #2313, #5035, #4136, #6123, #6055, #2185, #5179, #5141, #2713, #2746, #1752, #373 ),
 ( #4636, #4235, #336, #1822, #3757, #3221, #4576, #6155, #3254, #5583, #4673, #5108, #1850, #5684, #6023, #1348, #4108, #740, #2249, #6090, #3693, #5615, #1317, #884, #3119, #2282, #1722, #5547, #4204, #5649, #2001, #4295, #58, #521, #3343, #1975 ) ),
 .UNSPECIFIED., .F., .F., .F.,
 ( 2, 2 ),
 ( 4, 2, 2, 2, 2, 2, 2, 2, 2, 2, 2, 2, 2, 2, 2, 2, 2, 4 ),
 ( 0.000000000000000000, 1.000000000000000000 ),
 ( 0.004851605394249144769, 0.004972481342181152286, 0.005093357290113158936, 0.005214233238045166453, 0.005335109185977173971, 0.005455985133909180620, 0.005576861081841188138, 0.005697737029773195655, 0.005758175003739198980, 0.005818612977705202305, 0.005939488925637208955, 0.006060364873569216472, 0.006181240821501223989, 0.006241678795467227314, 0.006302116769433230639, 0.006422992717365238156, 0.006543868665297245674, 0.006785620561161259841 ),
 .UNSPECIFIED. ) ;
#3795 = CARTESIAN_POINT ( 'NONE',  ( 23.78868308413118626, 9.499999999999998224, -7.834392949073296641 ) ) ;
#3796 = DIRECTION ( 'NONE',  ( -0.000000000000000000, 0.000000000000000000, -1.000000000000000000 ) ) ;
#3797 = DIRECTION ( 'NONE',  ( 1.000000000000000000, 4.956352788505162282E-16, 1.387080272683752052E-14 ) ) ;
#3798 = EDGE_CURVE ( 'NONE', #4314, #4165, #400, .T. ) ;
#3799 = VERTEX_POINT ( 'NONE', #2247 ) ;
#3800 = FACE_OUTER_BOUND ( 'NONE', #4222, .T. ) ;
#3801 = ADVANCED_FACE ( 'NONE', ( #4600 ), #2267, .F. ) ;
#3802 = LINE ( 'NONE', #5717, #3761 ) ;
#3803 = ADVANCED_FACE ( 'NONE', ( #2215 ), #4134, .F. ) ;
#3804 = CARTESIAN_POINT ( 'NONE',  ( -58.21131989884241165, 39.50000000000000000, 35.37465162115796602 ) ) ;
#3805 = CARTESIAN_POINT ( 'NONE',  ( -33.96131840735562690, 17.49999999999999645, 35.45656248069552419 ) ) ;
#3806 = CARTESIAN_POINT ( 'NONE',  ( -21.25564680280945495, 39.50000000000000000, -32.62534844210115637 ) ) ;
#3807 = ORIENTED_EDGE ( 'NONE', *, *, #1397, .F. ) ;
#3808 = EDGE_LOOP ( 'NONE', ( #3215, #5309, #3412, #203 ) ) ;
#3809 = DIRECTION ( 'NONE',  ( -1.000000000000000000, 0.000000000000000000, 0.000000000000000000 ) ) ;
#3810 = CARTESIAN_POINT ( 'NONE',  ( -9.711318407355614468, 11.50000000000000000, -23.92534837884204180 ) ) ;
#3811 = CARTESIAN_POINT ( 'NONE',  ( -56.21131989884242586, 19.49999999999999645, 12.16560705092670602 ) ) ;
#3812 = ORIENTED_EDGE ( 'NONE', *, *, #5041, .F. ) ;
#3813 = VECTOR ( 'NONE', #3482, 1000.000000000000000 ) ;
#3814 = AXIS2_PLACEMENT_3D ( 'NONE', #642, #5418, #2554 ) ;
#3815 = ORIENTED_EDGE ( 'NONE', *, *, #1912, .F. ) ;
#3816 = LINE ( 'NONE', #3398, #5476 ) ;
#3817 = ORIENTED_EDGE ( 'NONE', *, *, #6032, .F. ) ;
#3818 = VECTOR ( 'NONE', #4799, 1000.000000000000000 ) ;
#3819 = DIRECTION ( 'NONE',  ( -0.8290375725550465091, -0.000000000000000000, 0.5591929034707396884 ) ) ;
#3820 = CIRCLE ( 'NONE', #4820, 5.500000000000009770 ) ;
#3821 = VECTOR ( 'NONE', #2871, 1000.000000000000114 ) ;
#3822 = CARTESIAN_POINT ( 'NONE',  ( -9.711318407355397753, 11.50000000000021672, -31.12534837884224359 ) ) ;
#3823 = CARTESIAN_POINT ( 'NONE',  ( -58.71131989884241165, 9.499999999999998224, 12.16560705092670780 ) ) ;
#3824 = ORIENTED_EDGE ( 'NONE', *, *, #5979, .T. ) ;
#3825 = EDGE_CURVE ( 'NONE', #5833, #322, #2608, .T. ) ;
#3826 = EDGE_CURVE ( 'NONE', #322, #2373, #3570, .T. ) ;
#3827 = DIRECTION ( 'NONE',  ( 9.808138668647665517E-15, -0.7071067811865475727, -0.7071067811865475727 ) ) ;
#3828 = ORIENTED_EDGE ( 'NONE', *, *, #768, .F. ) ;
#3829 = DIRECTION ( 'NONE',  ( 0.000000000000000000, 0.000000000000000000, 1.000000000000000000 ) ) ;
#3830 = ORIENTED_EDGE ( 'NONE', *, *, #4095, .T. ) ;
#3831 = LINE ( 'NONE', #5691, #5177 ) ;
#3832 = PLANE ( 'NONE',  #3552 ) ;
#3833 = CARTESIAN_POINT ( 'NONE',  ( -5.311316915868822264, 11.50000000000000000, -31.12534837884217609 ) ) ;
#3834 = ADVANCED_FACE ( 'NONE', ( #200 ), #1618, .T. ) ;
#3835 = CARTESIAN_POINT ( 'NONE',  ( 23.78868308413118626, 0.000000000000000000, -28.43037995825160991 ) ) ;
#3836 = LINE ( 'NONE', #5313, #6026 ) ;
#3837 = ORIENTED_EDGE ( 'NONE', *, *, #4012, .T. ) ;
#3838 = CARTESIAN_POINT ( 'NONE',  ( 23.78868308413118626, 20.00000000000000711, -7.834392949073296641 ) ) ;
#3839 = ORIENTED_EDGE ( 'NONE', *, *, #1663, .F. ) ;
#3840 = CARTESIAN_POINT ( 'NONE',  ( -22.67482495024486511, 39.50000000000000000, -33.62534837884242478 ) ) ;
#3841 = CARTESIAN_POINT ( 'NONE',  ( -55.71131989884241165, 39.50000000000002132, 17.66560705092669181 ) ) ;
#3842 = CARTESIAN_POINT ( 'NONE',  ( -22.51579933670572231, 39.00297774640413451, -34.12093558559571704 ) ) ;
#3843 = ORIENTED_EDGE ( 'NONE', *, *, #2641, .T. ) ;
#3844 = EDGE_LOOP ( 'NONE', ( #455, #1148, #5753, #4791 ) ) ;
#3845 = DIRECTION ( 'NONE',  ( 0.000000000000000000, 0.000000000000000000, 1.000000000000000000 ) ) ;
#3846 = VERTEX_POINT ( 'NONE', #4531 ) ;
#3847 = LINE ( 'NONE', #2488, #3960 ) ;
#3848 = CARTESIAN_POINT ( 'NONE',  ( -15.96131840735561624, 2.500000000000000000, -27.12534837884204109 ) ) ;
#3849 = DIRECTION ( 'NONE',  ( -1.000000000000000000, 0.000000000000000000, 0.000000000000000000 ) ) ;
#3850 = DIRECTION ( 'NONE',  ( -0.000000000000000000, -0.000000000000000000, -1.000000000000000000 ) ) ;
#3851 = ORIENTED_EDGE ( 'NONE', *, *, #932, .T. ) ;
#3852 = VECTOR ( 'NONE', #2763, 999.9999999999998863 ) ;
#3853 = EDGE_CURVE ( 'NONE', #4198, #856, #3931, .T. ) ;
#3854 = EDGE_CURVE ( 'NONE', #1054, #1436, #603, .T. ) ;
#3855 = VECTOR ( 'NONE', #1031, 1000.000000000000000 ) ;
#3856 = DIRECTION ( 'NONE',  ( -0.000000000000000000, 1.000000000000000000, -0.000000000000000000 ) ) ;
#3857 = ORIENTED_EDGE ( 'NONE', *, *, #483, .F. ) ;
#3858 = VECTOR ( 'NONE', #5886, 1000.000000000000000 ) ;
#3859 = ORIENTED_EDGE ( 'NONE', *, *, #4968, .T. ) ;
#3860 = CARTESIAN_POINT ( 'NONE',  ( 23.78868308413133903, 35.39999999999999858, -10.83439294907367945 ) ) ;
#3861 = AXIS2_PLACEMENT_3D ( 'NONE', #3690, #5611, #1816 ) ;
#3862 = EDGE_CURVE ( 'NONE', #1608, #2459, #2580, .T. ) ;
#3863 = CARTESIAN_POINT ( 'NONE',  ( -36.97194292656563874, 38.99999999999999289, -34.12534837884262373 ) ) ;
#3864 = B_SPLINE_CURVE_WITH_KNOTS ( 'NONE', 1,
 ( #4819, #4677 ),
 .UNSPECIFIED., .F., .F.,
 ( 2, 2 ),
 ( 0.000000000000000000, 1.000000000000000000 ),
 .UNSPECIFIED. ) ;
#3865 = DIRECTION ( 'NONE',  ( 0.5773502691896268413, -0.5773502691896239547, -0.5773502691896265082 ) ) ;
#3866 = VECTOR ( 'NONE', #1086, 1000.000000000000000 ) ;
#3867 = FACE_OUTER_BOUND ( 'NONE', #3678, .T. ) ;
#3868 = DIRECTION ( 'NONE',  ( 0.000000000000000000, 0.7071067811865474617, -0.7071067811865474617 ) ) ;
#3869 = EDGE_LOOP ( 'NONE', ( #4212, #6205, #3727, #3017 ) ) ;
#3870 = EDGE_CURVE ( 'NONE', #2776, #4317, #4408, .T. ) ;
#3871 = ORIENTED_EDGE ( 'NONE', *, *, #1271, .F. ) ;
#3872 = DIRECTION ( 'NONE',  ( 0.000000000000000000, 0.7071067811865474617, -0.7071067811865474617 ) ) ;
#3873 = CARTESIAN_POINT ( 'NONE',  ( -55.71131989884241165, 38.99999999999999289, 38.45656248069552419 ) ) ;
#3874 = CARTESIAN_POINT ( 'NONE',  ( -21.67601788980176636, 39.02083347408936476, -33.85892856718078292 ) ) ;
#3875 = VERTEX_POINT ( 'NONE', #2140 ) ;
#3876 = B_SPLINE_CURVE_WITH_KNOTS ( 'NONE', 3,
 ( #4672, #3118, #5075, #3092 ),
 .UNSPECIFIED., .F., .F.,
 ( 4, 4 ),
 ( 0.000000000000000000, 6.033103160304407716E-05 ),
 .UNSPECIFIED. ) ;
#3877 = ORIENTED_EDGE ( 'NONE', *, *, #154, .T. ) ;
#3878 = LINE ( 'NONE', #5763, #746 ) ;
#3879 = EDGE_CURVE ( 'NONE', #4577, #4530, #2112, .T. ) ;
#3880 = ORIENTED_EDGE ( 'NONE', *, *, #4206, .T. ) ;
#3881 = DIRECTION ( 'NONE',  ( 6.938893903907222067E-15, 0.000000000000000000, -1.000000000000000000 ) ) ;
#3882 = CYLINDRICAL_SURFACE ( 'NONE', #4949, 66.50000000000055422 ) ;
#3883 = EDGE_CURVE ( 'NONE', #4994, #1308, #3425, .T. ) ;
#3884 = CARTESIAN_POINT ( 'NONE',  ( 38.28868010115761678, 4.499999999999999112, 0.000000000000000000 ) ) ;
#3885 = FACE_OUTER_BOUND ( 'NONE', #767, .T. ) ;
#3886 = VERTEX_POINT ( 'NONE', #3462 ) ;
#3887 = CARTESIAN_POINT ( 'NONE',  ( -55.71131989884241165, 20.00000000000000711, 12.16560705092670602 ) ) ;
#3888 = EDGE_CURVE ( 'NONE', #2931, #3217, #5281, .T. ) ;
#3889 = ORIENTED_EDGE ( 'NONE', *, *, #5125, .T. ) ;
#3890 = ORIENTED_EDGE ( 'NONE', *, *, #4863, .F. ) ;
#3891 = AXIS2_PLACEMENT_3D ( 'NONE', #601, #5385, #2513 ) ;
#3892 = PRODUCT_DEFINITION_SHAPE ( 'NONE', 'NONE',  #4019 ) ;
#3893 = DIRECTION ( 'NONE',  ( -0.000000000000000000, -1.000000000000000000, -0.000000000000000000 ) ) ;
#3894 = LINE ( 'NONE', #3297, #3604 ) ;
#3895 = CARTESIAN_POINT ( 'NONE',  ( -33.46131840735561980, 17.49999999999999645, 37.95656248069552419 ) ) ;
#3896 = DIRECTION ( 'NONE',  ( 6.938893903907222067E-15, 0.000000000000000000, -1.000000000000000000 ) ) ;
#3897 = ADVANCED_FACE ( 'NONE', ( #2021 ), #1084, .T. ) ;
#3898 = VECTOR ( 'NONE', #26, 1000.000000000000000 ) ;
#3899 = ORIENTED_EDGE ( 'NONE', *, *, #4185, .F. ) ;
#3900 = EDGE_CURVE ( 'NONE', #5505, #3799, #5580, .T. ) ;
#3901 = VERTEX_POINT ( 'NONE', #3968 ) ;
#3902 = LINE ( 'NONE', #2451, #3145 ) ;
#3903 = CARTESIAN_POINT ( 'NONE',  ( 5.188683084131180401, 2.000000000000001776, -26.12534837884203753 ) ) ;
#3904 = CARTESIAN_POINT ( 'NONE',  ( -55.71131989884241165, 14.49999999999999467, -13.33439294907330819 ) ) ;
#3905 = ORIENTED_EDGE ( 'NONE', *, *, #5774, .T. ) ;
#3906 = EDGE_LOOP ( 'NONE', ( #2328, #2808, #5570, #840 ) ) ;
#3907 = LINE ( 'NONE', #2484, #3059 ) ;
#3908 = ORIENTED_EDGE ( 'NONE', *, *, #1931, .T. ) ;
#3909 = DIRECTION ( 'NONE',  ( -9.813077866773518753E-15, 0.7071067811865525687, 0.7071067811865425767 ) ) ;
#3910 = DIRECTION ( 'NONE',  ( -0.000000000000000000, -0.000000000000000000, 1.000000000000000000 ) ) ;
#3911 = DIRECTION ( 'NONE',  ( 5.430604157131410851E-17, 0.000000000000000000, -1.000000000000000000 ) ) ;
#3912 = CARTESIAN_POINT ( 'NONE',  ( 26.78868308413118271, 3.999999999999988010, 12.16560705092670780 ) ) ;
#3913 = EDGE_CURVE ( 'NONE', #2136, #3381, #4475, .T. ) ;
#3914 = VERTEX_POINT ( 'NONE', #1051 ) ;
#3915 = CIRCLE ( 'NONE', #208, 5.000000000000000000 ) ;
#3916 = VECTOR ( 'NONE', #1594, 1000.000000000000000 ) ;
#3917 = DIRECTION ( 'NONE',  ( -1.000000000000000000, 0.000000000000000000, 0.000000000000000000 ) ) ;
#3918 = CARTESIAN_POINT ( 'NONE',  ( -15.96131840735561624, 3.000000000000000000, -27.12534837884204109 ) ) ;
#3919 = EDGE_LOOP ( 'NONE', ( #3555, #1310, #1987, #5338 ) ) ;
#3920 = CARTESIAN_POINT ( 'NONE',  ( 1.538681592644380869, 22.50000000000000355, 37.95656248069552419 ) ) ;
#3921 = DIRECTION ( 'NONE',  ( 0.000000000000000000, 0.000000000000000000, 1.000000000000000000 ) ) ;
#3922 = CARTESIAN_POINT ( 'NONE',  ( 23.78868308413118626, 14.49999999999999467, -7.834392949073296641 ) ) ;
#3923 = LINE ( 'NONE', #1076, #3813 ) ;
#3924 = ORIENTED_EDGE ( 'NONE', *, *, #3441, .T. ) ;
#3925 = VERTEX_POINT ( 'NONE', #634 ) ;
#3926 = CARTESIAN_POINT ( 'NONE',  ( -9.011318407355615179, 11.50000000000000000, -21.42534837884203824 ) ) ;
#3927 = PLANE ( 'NONE',  #3577 ) ;
#3928 = EDGE_CURVE ( 'NONE', #1809, #3984, #1647, .T. ) ;
#3929 = DIRECTION ( 'NONE',  ( 0.7071067811865475727, -0.7071067811865475727, 0.000000000000000000 ) ) ;
#3930 = ORIENTED_EDGE ( 'NONE', *, *, #1371, .T. ) ;
#3931 = LINE ( 'NONE', #2081, #1266 ) ;
#3932 = EDGE_LOOP ( 'NONE', ( #584, #4350, #1967, #227 ) ) ;
#3933 = DIRECTION ( 'NONE',  ( -1.000000000000000000, -0.000000000000000000, -1.387080272683752052E-14 ) ) ;
#3934 = ORIENTED_EDGE ( 'NONE', *, *, #5891, .F. ) ;
#3935 = CARTESIAN_POINT ( 'NONE',  ( 38.28868010115761678, 19.49999999999999645, -7.834392949073296641 ) ) ;
#3936 = DIRECTION ( 'NONE',  ( 0.7071067811865475727, 0.7071067811865475727, 0.000000000000000000 ) ) ;
#3937 = EDGE_CURVE ( 'NONE', #5632, #50, #4471, .T. ) ;
#3938 = CARTESIAN_POINT ( 'NONE',  ( -3.461318407355619353, 22.50000000000000000, 35.95656248069552419 ) ) ;
#3939 = LINE ( 'NONE', #5856, #1549 ) ;
#3940 = ORIENTED_EDGE ( 'NONE', *, *, #4601, .F. ) ;
#3941 = CARTESIAN_POINT ( 'NONE',  ( 1.538681592644383977, 17.50000000000000355, 38.45656248069552419 ) ) ;
#3942 = LINE ( 'NONE', #2467, #2935 ) ;
#3943 = VECTOR ( 'NONE', #2188, 1000.000000000000000 ) ;
#3944 = CARTESIAN_POINT ( 'NONE',  ( -9.711318407355614468, 11.50000000000000000, -31.12534837884205174 ) ) ;
#3945 = ORIENTED_EDGE ( 'NONE', *, *, #5647, .T. ) ;
#3946 = AXIS2_PLACEMENT_3D ( 'NONE', #1811, #1304, #1781 ) ;
#3947 = AXIS2_PLACEMENT_3D ( 'NONE', #5168, #4694, #733 ) ;
#3948 = VECTOR ( 'NONE', #1426, 1000.000000000000000 ) ;
#3949 = CARTESIAN_POINT ( 'NONE',  ( -28.46131840735561980, 17.50000000000000000, 35.45656248069552419 ) ) ;
#3950 = DIRECTION ( 'NONE',  ( 0.000000000000000000, 1.000000000000000000, 0.000000000000000000 ) ) ;
#3951 = EDGE_CURVE ( 'NONE', #1980, #5779, #3554, .T. ) ;
#3952 = CARTESIAN_POINT ( 'NONE',  ( 24.63407296008572089, 0.5000000000000004441, -31.30880243551820286 ) ) ;
#3953 = VECTOR ( 'NONE', #2989, 1000.000000000000000 ) ;
#3954 = AXIS2_PLACEMENT_3D ( 'NONE', #1796, #3187, #3096 ) ;
#3955 = AXIS2_PLACEMENT_3D ( 'NONE', #5395, #1660, #3089 ) ;
#3956 = CARTESIAN_POINT ( 'NONE',  ( -55.71131989884241165, 14.49999999999999467, 12.16560705092670602 ) ) ;
#3957 = ORIENTED_EDGE ( 'NONE', *, *, #4044, .T. ) ;
#3958 = CARTESIAN_POINT ( 'NONE',  ( -58.71131989884241165, 20.00000000000000711, 12.16560705092670602 ) ) ;
#3959 = VERTEX_POINT ( 'NONE', #3108 ) ;
#3960 = VECTOR ( 'NONE', #1411, 1000.000000000000000 ) ;
#3961 = LINE ( 'NONE', #667, #3250 ) ;
#3962 = VECTOR ( 'NONE', #6036, 1000.000000000000000 ) ;
#3963 = DIRECTION ( 'NONE',  ( 1.000000000000000000, 5.782411586589357639E-16, 0.000000000000000000 ) ) ;
#3964 = ADVANCED_FACE ( 'NONE', ( #2727 ), #764, .T. ) ;
#3965 = DIRECTION ( 'NONE',  ( -1.000000000000000000, 0.000000000000000000, 0.000000000000000000 ) ) ;
#3966 = AXIS2_PLACEMENT_3D ( 'NONE', #4991, #3574, #1103 ) ;
#3967 = ORIENTED_EDGE ( 'NONE', *, *, #6137, .F. ) ;
#3968 = CARTESIAN_POINT ( 'NONE',  ( -49.71131989884241165, 2.499999999999999556, 22.15656248069551282 ) ) ;
#3969 = EDGE_LOOP ( 'NONE', ( #3880, #3793, #1631, #3527 ) ) ;
#3970 = CARTESIAN_POINT ( 'NONE',  ( -49.71131989884241165, 0.9499999999999872990, 25.45656248069552419 ) ) ;
#3971 = ORIENTED_EDGE ( 'NONE', *, *, #2845, .T. ) ;
#3972 = AXIS2_PLACEMENT_3D ( 'NONE', #299, #1788, #6088 ) ;
#3973 = LINE ( 'NONE', #139, #1358 ) ;
#3974 = PLANE ( 'NONE',  #4998 ) ;
#3975 = CARTESIAN_POINT ( 'NONE',  ( -33.46131840735562690, 22.49999999999999645, 37.95656248069552419 ) ) ;
#3976 = DIRECTION ( 'NONE',  ( 1.000000000000000000, 0.000000000000000000, -6.938893903907222067E-15 ) ) ;
#3977 = VERTEX_POINT ( 'NONE', #3236 ) ;
#3978 = DIRECTION ( 'NONE',  ( 0.4880670107913884226, 0.4880670107913934741, 0.7235891002180121490 ) ) ;
#3979 = EDGE_CURVE ( 'NONE', #2573, #1564, #1706, .T. ) ;
#3980 = CARTESIAN_POINT ( 'NONE',  ( -11.03760747946815535, 39.04142601158315529, -33.02511714543036447 ) ) ;
#3981 = DIRECTION ( 'NONE',  ( 0.000000000000000000, 0.000000000000000000, 1.000000000000000000 ) ) ;
#3982 = AXIS2_PLACEMENT_3D ( 'NONE', #5974, #1201, #3106 ) ;
#3983 = CARTESIAN_POINT ( 'NONE',  ( 0.000000000000000000, 2.500000000000000000, -26.62534837884203753 ) ) ;
#3984 = VERTEX_POINT ( 'NONE', #2298 ) ;
#3985 = PLANE ( 'NONE',  #3242 ) ;
#3986 = LINE ( 'NONE', #1166, #2644 ) ;
#3987 = DIRECTION ( 'NONE',  ( 1.000000000000000000, 0.000000000000000000, 0.000000000000000000 ) ) ;
#3988 = EDGE_CURVE ( 'NONE', #4308, #6075, #5157, .T. ) ;
#3989 = DIRECTION ( 'NONE',  ( -0.000000000000000000, -0.000000000000000000, 1.000000000000000000 ) ) ;
#3990 = VERTEX_POINT ( 'NONE', #1335 ) ;
#3991 = LINE ( 'NONE', #665, #5967 ) ;
#3992 = EDGE_CURVE ( 'NONE', #2674, #3627, #4189, .T. ) ;
#3993 = EDGE_LOOP ( 'NONE', ( #3615, #868, #2993, #2201 ) ) ;
#3994 = EDGE_CURVE ( 'NONE', #1172, #4898, #5506, .T. ) ;
#3995 = PLANE ( 'NONE',  #4852 ) ;
#3996 = CARTESIAN_POINT ( 'NONE',  ( -27.11131989884232496, 11.00000000000008349, -31.12534837884248873 ) ) ;
#3997 = PLANE ( 'NONE',  #2181 ) ;
#3998 = VECTOR ( 'NONE', #770, 1000.000000000000000 ) ;
#3999 = VERTEX_POINT ( 'NONE', #1680 ) ;
#4000 = DIRECTION ( 'NONE',  ( 0.000000000000000000, 0.000000000000000000, -1.000000000000000000 ) ) ;
#4001 = VERTEX_POINT ( 'NONE', #5633 ) ;
#4002 = FACE_OUTER_BOUND ( 'NONE', #901, .T. ) ;
#4003 = ORIENTED_EDGE ( 'NONE', *, *, #1262, .F. ) ;
#4004 = CARTESIAN_POINT ( 'NONE',  ( -58.21131989884239744, 4.499999999999999112, 0.000000000000000000 ) ) ;
#4005 = CARTESIAN_POINT ( 'NONE',  ( -58.21131989884239744, 4.499999999999998224, -7.834392949073296641 ) ) ;
#4006 = CARTESIAN_POINT ( 'NONE',  ( 1.538681592644377982, 27.50000000000000000, 35.95656248069552419 ) ) ;
#4007 = CARTESIAN_POINT ( 'NONE',  ( 22.28868308413151667, 37.00000000000000000, 15.16560705092632944 ) ) ;
#4008 = EDGE_LOOP ( 'NONE', ( #1852, #5295, #1784, #4386 ) ) ;
#4009 = CARTESIAN_POINT ( 'NONE',  ( 5.049207500472286725, 39.00000000000000000, 35.37465162115796602 ) ) ;
#4010 = CARTESIAN_POINT ( 'NONE',  ( -10.21131840735561447, 11.00000000000000000, -23.42534837884203824 ) ) ;
#4011 = CARTESIAN_POINT ( 'NONE',  ( -55.71131989884241165, 0.000000000000000000, 35.45656248069552419 ) ) ;
#4012 = EDGE_CURVE ( 'NONE', #1436, #636, #867, .T. ) ;
#4013 = ORIENTED_EDGE ( 'NONE', *, *, #1119, .T. ) ;
#4014 = EDGE_CURVE ( 'NONE', #1138, #2980, #321, .T. ) ;
#4015 = CARTESIAN_POINT ( 'NONE',  ( 5.688683084131181289, 0.000000000000000000, -26.62534837884203753 ) ) ;
#4016 = AXIS2_PLACEMENT_3D ( 'NONE', #2799, #2885, #5723 ) ;
#4017 = VECTOR ( 'NONE', #1091, 1000.000000000000000 ) ;
#4018 = PLANE ( 'NONE',  #4750 ) ;
#4019 = PRODUCT_DEFINITION ( 'UNKNOWN', '', #1692, #5847 ) ;
#4020 = FACE_OUTER_BOUND ( 'NONE', #4840, .T. ) ;
#4021 = VECTOR ( 'NONE', #289, 1000.000000000000114 ) ;
#4022 = VECTOR ( 'NONE', #4325, 1000.000000000000114 ) ;
#4023 = DIRECTION ( 'NONE',  ( 0.000000000000000000, 0.000000000000000000, -1.000000000000000000 ) ) ;
#4024 = DIRECTION ( 'NONE',  ( 0.000000000000000000, 0.000000000000000000, -1.000000000000000000 ) ) ;
#4025 = ORIENTED_EDGE ( 'NONE', *, *, #482, .T. ) ;
#4026 = FACE_OUTER_BOUND ( 'NONE', #5439, .T. ) ;
#4027 = EDGE_LOOP ( 'NONE', ( #3590, #4391, #4835, #1469, #2360 ) ) ;
#4028 = DIRECTION ( 'NONE',  ( 0.000000000000000000, 0.000000000000000000, -1.000000000000000000 ) ) ;
#4029 = CARTESIAN_POINT ( 'NONE',  ( 5.188683084131174184, 0.5000000000000004441, 30.45656248069552063 ) ) ;
#4030 = CARTESIAN_POINT ( 'NONE',  ( 26.78868308413118271, 0.5000000000000004441, 35.45656248069552419 ) ) ;
#4031 = VERTEX_POINT ( 'NONE', #2269 ) ;
#4032 = CARTESIAN_POINT ( 'NONE',  ( 26.78868308413118271, 9.499999999999998224, -7.834392949073296641 ) ) ;
#4033 = ORIENTED_EDGE ( 'NONE', *, *, #2130, .F. ) ;
#4034 = EDGE_LOOP ( 'NONE', ( #3340, #3641, #384, #5943 ) ) ;
#4035 = CONICAL_SURFACE ( 'NONE', #827, 69.50000000000000000, 0.7853981633974482790 ) ;
#4036 = CARTESIAN_POINT ( 'NONE',  ( 5.188683084131174184, 0.5000000000000004441, 30.45656248069552063 ) ) ;
#4037 = LINE ( 'NONE', #3530, #3388 ) ;
#4038 = DIRECTION ( 'NONE',  ( 0.000000000000000000, -1.000000000000000000, 0.000000000000000000 ) ) ;
#4039 = FACE_OUTER_BOUND ( 'NONE', #14, .T. ) ;
#4040 = VERTEX_POINT ( 'NONE', #5093 ) ;
#4041 = DIRECTION ( 'NONE',  ( -0.7071067811865524577, 0.000000000000000000, 0.7071067811865426878 ) ) ;
#4042 = DIRECTION ( 'NONE',  ( -0.000000000000000000, -0.000000000000000000, 1.000000000000000000 ) ) ;
#4043 = ORIENTED_EDGE ( 'NONE', *, *, #948, .F. ) ;
#4044 = EDGE_CURVE ( 'NONE', #4001, #4615, #605, .T. ) ;
#4045 = CARTESIAN_POINT ( 'NONE',  ( -4.311316915868827593, 0.5000000000000004441, 30.45656248069552063 ) ) ;
#4046 = VECTOR ( 'NONE', #5550, 1000.000000000000000 ) ;
#4047 = DIRECTION ( 'NONE',  ( 0.000000000000000000, 0.000000000000000000, 1.000000000000000000 ) ) ;
#4048 = FACE_OUTER_BOUND ( 'NONE', #5971, .T. ) ;
#4049 = DIRECTION ( 'NONE',  ( 0.000000000000000000, 0.000000000000000000, 1.000000000000000000 ) ) ;
#4050 = EDGE_CURVE ( 'NONE', #3518, #173, #5425, .T. ) ;
#4051 = ORIENTED_EDGE ( 'NONE', *, *, #1925, .T. ) ;
#4052 = DIRECTION ( 'NONE',  ( 0.000000000000000000, 0.000000000000000000, 1.000000000000000000 ) ) ;
#4053 = VECTOR ( 'NONE', #5358, 1000.000000000000000 ) ;
#4054 = VECTOR ( 'NONE', #3637, 1000.000000000000000 ) ;
#4055 = ORIENTED_EDGE ( 'NONE', *, *, #2370, .T. ) ;
#4056 = DIRECTION ( 'NONE',  ( -0.000000000000000000, 0.000000000000000000, 1.000000000000000000 ) ) ;
#4057 = CARTESIAN_POINT ( 'NONE',  ( -22.21131840735561980, 11.00000000000000000, -23.42534837884203824 ) ) ;
#4058 = VECTOR ( 'NONE', #1623, 999.9999999999998863 ) ;
#4059 = VECTOR ( 'NONE', #4894, 1000.000000000000000 ) ;
#4060 = CIRCLE ( 'NONE', #4855, 2.499999999999998668 ) ;
#4061 = ORIENTED_EDGE ( 'NONE', *, *, #4565, .T. ) ;
#4062 = DIRECTION ( 'NONE',  ( 0.000000000000000000, 0.000000000000000000, -1.000000000000000000 ) ) ;
#4063 = ORIENTED_EDGE ( 'NONE', *, *, #4192, .F. ) ;
#4064 = DIRECTION ( 'NONE',  ( 0.000000000000000000, 1.000000000000000000, 0.000000000000000000 ) ) ;
#4065 = ORIENTED_EDGE ( 'NONE', *, *, #4328, .T. ) ;
#4066 = VECTOR ( 'NONE', #3419, 1000.000000000000000 ) ;
#4067 = CARTESIAN_POINT ( 'NONE',  ( 24.28868308413120047, -1.484274849911243752E-15, -12.83439294907329575 ) ) ;
#4068 = CARTESIAN_POINT ( 'NONE',  ( -36.97194292656568138, 39.50000000000000000, -31.12534837884262373 ) ) ;
#4069 = FACE_BOUND ( 'NONE', #4008, .T. ) ;
#4070 = VECTOR ( 'NONE', #5657, 1000.000000000000000 ) ;
#4071 = EDGE_CURVE ( 'NONE', #1015, #4615, #390, .T. ) ;
#4072 = ORIENTED_EDGE ( 'NONE', *, *, #363, .F. ) ;
#4073 = CARTESIAN_POINT ( 'NONE',  ( 5.049207500473243293, 39.50000000000000000, -33.62534837884204109 ) ) ;
#4074 = VECTOR ( 'NONE', #567, 1000.000000000000000 ) ;
#4075 = PLANE ( 'NONE',  #5777 ) ;
#4076 = CIRCLE ( 'NONE', #5182, 5.000000000000000000 ) ;
#4077 = EDGE_CURVE ( 'NONE', #5180, #786, #1619, .T. ) ;
#4078 = DIRECTION ( 'NONE',  ( 1.226344921636310289E-16, 0.000000000000000000, 1.000000000000000000 ) ) ;
#4079 = EDGE_LOOP ( 'NONE', ( #4125, #5650, #3689, #235 ) ) ;
#4080 = EDGE_CURVE ( 'NONE', #4503, #5100, #2200, .T. ) ;
#4081 = CARTESIAN_POINT ( 'NONE',  ( -28.46131840735561980, 27.50000000000000000, 37.95656248069552419 ) ) ;
#4082 = PLANE ( 'NONE',  #1557 ) ;
#4083 = DIRECTION ( 'NONE',  ( 0.7071067811865512365, 0.000000000000000000, -0.7071067811865439090 ) ) ;
#4084 = DIRECTION ( 'NONE',  ( 0.7071067811865474617, -0.7071067811865474617, 0.000000000000000000 ) ) ;
#4085 = VECTOR ( 'NONE', #256, 1000.000000000000000 ) ;
#4086 = ORIENTED_EDGE ( 'NONE', *, *, #272, .T. ) ;
#4087 = LINE ( 'NONE', #4213, #3151 ) ;
#4088 = ORIENTED_EDGE ( 'NONE', *, *, #5774, .F. ) ;
#4089 = PLANE ( 'NONE',  #743 ) ;
#4090 = DIRECTION ( 'NONE',  ( -0.000000000000000000, -0.7071067811865475727, -0.7071067811865475727 ) ) ;
#4091 = VECTOR ( 'NONE', #1049, 1000.000000000000000 ) ;
#4092 = EDGE_CURVE ( 'NONE', #497, #4726, #4123, .T. ) ;
#4093 = ORIENTED_EDGE ( 'NONE', *, *, #2628, .F. ) ;
#4094 = CARTESIAN_POINT ( 'NONE',  ( 1.538681592644380869, 22.50000000000000355, 35.95656248069552419 ) ) ;
#4095 = EDGE_CURVE ( 'NONE', #4031, #4173, #1738, .T. ) ;
#4096 = ORIENTED_EDGE ( 'NONE', *, *, #2375, .T. ) ;
#4097 = ORIENTED_EDGE ( 'NONE', *, *, #3900, .T. ) ;
#4098 = LINE ( 'NONE', #834, #5770 ) ;
#4099 = DIRECTION ( 'NONE',  ( 0.000000000000000000, -0.7071067811865490160, 0.7071067811865460184 ) ) ;
#4100 = CARTESIAN_POINT ( 'NONE',  ( -9.795316524440513817, 39.01080711780295474, -34.04923690599096631 ) ) ;
#4101 = ORIENTED_EDGE ( 'NONE', *, *, #5998, .F. ) ;
#4102 = CARTESIAN_POINT ( 'NONE',  ( 23.78868308413118626, 4.499999999999999112, -7.834392949073296641 ) ) ;
#4103 = ORIENTED_EDGE ( 'NONE', *, *, #4541, .F. ) ;
#4104 = VECTOR ( 'NONE', #2331, 1000.000000000000114 ) ;
#4105 = CARTESIAN_POINT ( 'NONE',  ( -10.83601480002136874, 39.03575674398649653, -33.34534253540672921 ) ) ;
#4106 = EDGE_CURVE ( 'NONE', #575, #4904, #3642, .T. ) ;
#4107 = SURFACE_SIDE_STYLE ('',( #2745 ) ) ;
#4108 = CARTESIAN_POINT ( 'NONE',  ( -21.38434239901781453, 39.02793500739045385, -33.65516129152357649 ) ) ;
#4109 = ORIENTED_EDGE ( 'NONE', *, *, #5304, .T. ) ;
#4110 = CARTESIAN_POINT ( 'NONE',  ( -58.71131989884241165, 2.499999999999998224, -13.33439294907330641 ) ) ;
#4111 = DIRECTION ( 'NONE',  ( -0.000000000000000000, 1.000000000000000000, -0.000000000000000000 ) ) ;
#4112 = CARTESIAN_POINT ( 'NONE',  ( -10.53348774958044842, 39.50000000000000711, -32.90650663872430215 ) ) ;
#4113 = VECTOR ( 'NONE', #2357, 1000.000000000000000 ) ;
#4114 = CARTESIAN_POINT ( 'NONE',  ( -55.71131989884241165, 3.999999999999989786, 12.16560705092670958 ) ) ;
#4115 = ORIENTED_EDGE ( 'NONE', *, *, #5985, .F. ) ;
#4116 = CARTESIAN_POINT ( 'NONE',  ( -28.46131840735561980, 12.00000000000000000, 38.45656248069552419 ) ) ;
#4117 = AXIS2_PLACEMENT_3D ( 'NONE', #3480, #1134, #1605 ) ;
#4118 = ORIENTED_EDGE ( 'NONE', *, *, #4740, .F. ) ;
#4119 = CIRCLE ( 'NONE', #1320, 0.5000000000000004441 ) ;
#4120 = DIRECTION ( 'NONE',  ( -1.000000000000000000, 0.000000000000000000, 0.000000000000000000 ) ) ;
#4121 = DIRECTION ( 'NONE',  ( 0.7071067811865461294, -0.7071067811865489050, 8.671568101627184929E-17 ) ) ;
#4122 = ORIENTED_EDGE ( 'NONE', *, *, #2635, .T. ) ;
#4123 = LINE ( 'NONE', #1268, #4919 ) ;
#4124 = ORIENTED_EDGE ( 'NONE', *, *, #3623, .F. ) ;
#4125 = ORIENTED_EDGE ( 'NONE', *, *, #5926, .T. ) ;
#4126 = ADVANCED_FACE ( 'NONE', ( #1231 ), #1017, .F. ) ;
#4127 = CARTESIAN_POINT ( 'NONE',  ( -21.31255662273511930, 39.50000000000000000, -32.76792489051013746 ) ) ;
#4128 = DIRECTION ( 'NONE',  ( -1.000000000000000000, 0.000000000000000000, 0.000000000000000000 ) ) ;
#4129 = CARTESIAN_POINT ( 'NONE',  ( -10.69324871455355108, 39.03193075208665874, -33.51007930302526461 ) ) ;
#4130 = ORIENTED_EDGE ( 'NONE', *, *, #5540, .F. ) ;
#4131 = CARTESIAN_POINT ( 'NONE',  ( -33.46131840735562690, 22.49999999999999645, 35.95656248069552419 ) ) ;
#4132 = ORIENTED_EDGE ( 'NONE', *, *, #1016, .F. ) ;
#4133 = ADVANCED_FACE ( 'NONE', ( #4155 ), #6074, .F. ) ;
#4134 = CYLINDRICAL_SURFACE ( 'NONE', #4381, 1.750000000000001554 ) ;
#4135 = EDGE_CURVE ( 'NONE', #171, #2314, #4715, .T. ) ;
#4136 = CARTESIAN_POINT ( 'NONE',  ( -22.12086683810600363, 39.50000000000000711, -33.52011889474018602 ) ) ;
#4137 = VERTEX_POINT ( 'NONE', #5251 ) ;
#4138 = EDGE_CURVE ( 'NONE', #2459, #1284, #3836, .T. ) ;
#4139 = CARTESIAN_POINT ( 'NONE',  ( -56.21131989884242586, 14.49999999999999467, -12.83439294907329753 ) ) ;
#4140 = VECTOR ( 'NONE', #6113, 1000.000000000000000 ) ;
#4141 = DIRECTION ( 'NONE',  ( 1.000000000000000000, 0.000000000000000000, 0.000000000000000000 ) ) ;
#4142 = CARTESIAN_POINT ( 'NONE',  ( -10.39020003348600696, 39.50000000000000711, -33.10282358471599196 ) ) ;
#4143 = EDGE_CURVE ( 'NONE', #2398, #1846, #899, .T. ) ;
#4144 = EDGE_CURVE ( 'NONE', #1424, #2069, #3316, .T. ) ;
#4145 = CARTESIAN_POINT ( 'NONE',  ( 5.049207500472286725, 38.99999999999999289, 35.37465162115796602 ) ) ;
#4146 = ORIENTED_EDGE ( 'NONE', *, *, #3314, .T. ) ;
#4147 = FACE_OUTER_BOUND ( 'NONE', #2805, .T. ) ;
#4148 = ORIENTED_EDGE ( 'NONE', *, *, #2728, .T. ) ;
#4149 = DIRECTION ( 'NONE',  ( -0.000000000000000000, -1.000000000000000000, -0.000000000000000000 ) ) ;
#4150 = EDGE_CURVE ( 'NONE', #4726, #1233, #4119, .T. ) ;
#4151 = LINE ( 'NONE', #2724, #5225 ) ;
#4152 = DIRECTION ( 'NONE',  ( -0.000000000000000000, -0.000000000000000000, -1.000000000000000000 ) ) ;
#4153 = AXIS2_PLACEMENT_3D ( 'NONE', #3401, #1941, #1060 ) ;
#4154 = ORIENTED_EDGE ( 'NONE', *, *, #2619, .F. ) ;
#4155 = FACE_OUTER_BOUND ( 'NONE', #432, .T. ) ;
#4156 = ORIENTED_EDGE ( 'NONE', *, *, #4092, .F. ) ;
#4157 = FACE_OUTER_BOUND ( 'NONE', #217, .T. ) ;
#4158 = EDGE_LOOP ( 'NONE', ( #4065, #879 ) ) ;
#4159 = DIRECTION ( 'NONE',  ( -1.000000000000000000, 0.000000000000000000, 0.000000000000000000 ) ) ;
#4160 = AXIS2_PLACEMENT_3D ( 'NONE', #1425, #5716, #3325 ) ;
#4161 = VECTOR ( 'NONE', #5475, 1000.000000000000000 ) ;
#4162 = FACE_OUTER_BOUND ( 'NONE', #2424, .T. ) ;
#4163 = ADVANCED_FACE ( 'NONE', ( #1012 ), #2916, .T. ) ;
#4164 = CARTESIAN_POINT ( 'NONE',  ( -9.771223807974147135, 39.01030268236920762, -34.05588209238615605 ) ) ;
#4165 = VERTEX_POINT ( 'NONE', #5285 ) ;
#4166 = AXIS2_PLACEMENT_3D ( 'NONE', #4940, #2551, #5131 ) ;
#4167 = DIRECTION ( 'NONE',  ( 0.000000000000000000, 0.7071067811865487940, 0.7071067811865463515 ) ) ;
#4168 = CIRCLE ( 'NONE', #3861, 4.500000000000002665 ) ;
#4169 = ORIENTED_EDGE ( 'NONE', *, *, #3156, .F. ) ;
#4170 = FACE_OUTER_BOUND ( 'NONE', #1898, .T. ) ;
#4171 = VECTOR ( 'NONE', #2228, 1000.000000000000000 ) ;
#4172 = CARTESIAN_POINT ( 'NONE',  ( -21.80178296945924643, 39.50000000000000711, -33.34775013171223179 ) ) ;
#4173 = VERTEX_POINT ( 'NONE', #1871 ) ;
#4174 = EDGE_CURVE ( 'NONE', #4486, #4572, #3820, .T. ) ;
#4175 = VECTOR ( 'NONE', #843, 1000.000000000000114 ) ;
#4176 = PLANE ( 'NONE',  #5258 ) ;
#4177 = CARTESIAN_POINT ( 'NONE',  ( 24.28868308413120047, 19.49999999999999645, 12.16560705092670602 ) ) ;
#4178 = CARTESIAN_POINT ( 'NONE',  ( 23.78868308413118271, 14.49999999999999467, 12.16560705092670602 ) ) ;
#4179 = DIRECTION ( 'NONE',  ( 0.000000000000000000, 0.000000000000000000, 1.000000000000000000 ) ) ;
#4180 = ORIENTED_EDGE ( 'NONE', *, *, #1489, .F. ) ;
#4181 = LINE ( 'NONE', #920, #5682 ) ;
#4182 = ORIENTED_EDGE ( 'NONE', *, *, #100, .F. ) ;
#4183 = LINE ( 'NONE', #1296, #3852 ) ;
#4184 = CARTESIAN_POINT ( 'NONE',  ( 24.28868308413120047, 9.500000000000000000, 17.16560705092670602 ) ) ;
#4185 = EDGE_CURVE ( 'NONE', #3193, #4332, #1927, .T. ) ;
#4186 = CARTESIAN_POINT ( 'NONE',  ( 26.78868308413118271, 3.999999999999988010, -7.834392949073296641 ) ) ;
#4187 = AXIS2_PLACEMENT_3D ( 'NONE', #5562, #4090, #3609 ) ;
#4188 = VERTEX_POINT ( 'NONE', #4833 ) ;
#4189 = LINE ( 'NONE', #4094, #2210 ) ;
#4190 = ORIENTED_EDGE ( 'NONE', *, *, #5509, .T. ) ;
#4191 = CARTESIAN_POINT ( 'NONE',  ( -5.311316915868605548, 11.49999999999978328, -31.12534837884218319 ) ) ;
#4192 = EDGE_CURVE ( 'NONE', #107, #5608, #3387, .T. ) ;
#4193 = ORIENTED_EDGE ( 'NONE', *, *, #4080, .F. ) ;
#4194 = EDGE_CURVE ( 'NONE', #1015, #992, #4617, .T. ) ;
#4195 = FACE_OUTER_BOUND ( 'NONE', #222, .T. ) ;
#4196 = CARTESIAN_POINT ( 'NONE',  ( 5.049207500472291166, 2.500000000000000000, -31.12534837884203753 ) ) ;
#4197 = CARTESIAN_POINT ( 'NONE',  ( -10.41663983028673002, 39.02491439037420662, -33.75028290580341661 ) ) ;
#4198 = VERTEX_POINT ( 'NONE', #532 ) ;
#4199 = ORIENTED_EDGE ( 'NONE', *, *, #2960, .F. ) ;
#4200 = CARTESIAN_POINT ( 'NONE',  ( 5.049207500472286725, 2.500000000000000000, 35.37465162115796602 ) ) ;
#4201 = EDGE_LOOP ( 'NONE', ( #3547, #3644, #5993, #479 ) ) ;
#4202 = DIRECTION ( 'NONE',  ( 0.000000000000000000, 0.000000000000000000, 1.000000000000000000 ) ) ;
#4203 = DIRECTION ( 'NONE',  ( 0.000000000000000000, 0.000000000000000000, 1.000000000000000000 ) ) ;
#4204 = CARTESIAN_POINT ( 'NONE',  ( -22.01367182824733959, 39.01323009509591344, -34.01343448518823465 ) ) ;
#4205 = ORIENTED_EDGE ( 'NONE', *, *, #1003, .T. ) ;
#4206 = EDGE_CURVE ( 'NONE', #709, #4936, #4307, .T. ) ;
#4207 = CARTESIAN_POINT ( 'NONE',  ( -54.53191730300587636, 37.34197056444066476, 15.16560705092632766 ) ) ;
#4208 = FACE_OUTER_BOUND ( 'NONE', #5303, .T. ) ;
#4209 = CARTESIAN_POINT ( 'NONE',  ( -10.12095245663411625, 39.50000000000002132, -33.34775013171206126 ) ) ;
#4210 = DIRECTION ( 'NONE',  ( -1.000000000000000000, 0.000000000000000000, 0.000000000000000000 ) ) ;
#4211 = LINE ( 'NONE', #2967, #4515 ) ;
#4212 = ORIENTED_EDGE ( 'NONE', *, *, #523, .F. ) ;
#4213 = CARTESIAN_POINT ( 'NONE',  ( 5.188683084131180401, 0.5000000000000004441, -26.12534837884203753 ) ) ;
#4214 = ORIENTED_EDGE ( 'NONE', *, *, #4488, .T. ) ;
#4215 = CARTESIAN_POINT ( 'NONE',  ( 38.28868010115761678, 14.49999999999999467, -12.83439294907329753 ) ) ;
#4216 = DIRECTION ( 'NONE',  ( 0.000000000000000000, 0.000000000000000000, -1.000000000000000000 ) ) ;
#4217 = DIRECTION ( 'NONE',  ( -1.000000000000000000, 0.000000000000000000, -1.395336702878296385E-14 ) ) ;
#4218 = CARTESIAN_POINT ( 'NONE',  ( -36.97194292656563874, 39.50000000000000000, 35.37465162115807971 ) ) ;
#4219 = EDGE_LOOP ( 'NONE', ( #995, #1881, #3000, #485 ) ) ;
#4220 = CARTESIAN_POINT ( 'NONE',  ( -58.71131989884241165, 3.999999999999988010, -7.834392949073296641 ) ) ;
#4221 = EDGE_CURVE ( 'NONE', #4939, #2769, #1211, .T. ) ;
#4222 = EDGE_LOOP ( 'NONE', ( #2447, #5352, #5945, #496 ) ) ;
#4223 = AXIS2_PLACEMENT_3D ( 'NONE', #6142, #1457, #5786 ) ;
#4224 = VECTOR ( 'NONE', #1369, 1000.000000000000114 ) ;
#4225 = CARTESIAN_POINT ( 'NONE',  ( -56.21131989884241165, 39.50000000000000000, -28.80358747683137466 ) ) ;
#4226 = CARTESIAN_POINT ( 'NONE',  ( -55.71131989884275271, 35.39999999999999858, 15.16560705092632055 ) ) ;
#4227 = CARTESIAN_POINT ( 'NONE',  ( -21.73491548263607953, 39.01946498027208321, -33.89159163415428822 ) ) ;
#4228 = AXIS2_PLACEMENT_3D ( 'NONE', #5034, #739, #2650 ) ;
#4229 = ORIENTED_EDGE ( 'NONE', *, *, #4287, .F. ) ;
#4230 = EDGE_CURVE ( 'NONE', #5109, #4657, #2817, .T. ) ;
#4231 = CARTESIAN_POINT ( 'NONE',  ( -3.461318407355619353, 27.50000000000000000, 37.95656248069552419 ) ) ;
#4232 = VERTEX_POINT ( 'NONE', #3806 ) ;
#4233 = LINE ( 'NONE', #3181, #3268 ) ;
#4234 = DIRECTION ( 'NONE',  ( 0.000000000000000000, -0.7071067811865525687, 0.7071067811865425767 ) ) ;
#4235 = CARTESIAN_POINT ( 'NONE',  ( -20.76368823217548254, 39.04499684577230312, -32.72667859065541052 ) ) ;
#4236 = ORIENTED_EDGE ( 'NONE', *, *, #3223, .F. ) ;
#4237 = EDGE_CURVE ( 'NONE', #1667, #6064, #2418, .T. ) ;
#4238 = CARTESIAN_POINT ( 'NONE',  ( -55.71131989884241165, 20.00000000000000711, -28.43040892023596200 ) ) ;
#4239 = DIRECTION ( 'NONE',  ( 0.5773502691896268413, 0.5773502691896239547, 0.5773502691896265082 ) ) ;
#4240 = EDGE_CURVE ( 'NONE', #5095, #260, #3739, .T. ) ;
#4241 =( NAMED_UNIT ( * ) PLANE_ANGLE_UNIT ( ) SI_UNIT ( $, .RADIAN. ) );
#4242 = CARTESIAN_POINT ( 'NONE',  ( -58.21131989884241165, 0.000000000000000000, -28.43040892023596200 ) ) ;
#4243 = ORIENTED_EDGE ( 'NONE', *, *, #1397, .T. ) ;
#4244 = CARTESIAN_POINT ( 'NONE',  ( -54.53191730300569873, 37.34197056444066476, -10.83439294907367056 ) ) ;
#4245 = ORIENTED_EDGE ( 'NONE', *, *, #4135, .T. ) ;
#4246 = FACE_OUTER_BOUND ( 'NONE', #134, .T. ) ;
#4247 = CARTESIAN_POINT ( 'NONE',  ( 23.78868308413118271, 20.00000000000000711, 35.45656248069552419 ) ) ;
#4248 = DIRECTION ( 'NONE',  ( 0.000000000000000000, 0.000000000000000000, -1.000000000000000000 ) ) ;
#4249 = CARTESIAN_POINT ( 'NONE',  ( -56.21131989884242586, 19.49999999999999645, -7.834392949073296641 ) ) ;
#4250 = ORIENTED_EDGE ( 'NONE', *, *, #39, .F. ) ;
#4251 = EDGE_CURVE ( 'NONE', #3846, #1659, #5664, .T. ) ;
#4252 = ORIENTED_EDGE ( 'NONE', *, *, #750, .F. ) ;
#4253 = FACE_OUTER_BOUND ( 'NONE', #1132, .T. ) ;
#4254 = DIRECTION ( 'NONE',  ( 0.000000000000000000, 1.000000000000000000, 0.000000000000000000 ) ) ;
#4255 = CIRCLE ( 'NONE', #5955, 5.500000000000009770 ) ;
#4256 = DIRECTION ( 'NONE',  ( 0.000000000000000000, 0.000000000000000000, -1.000000000000000000 ) ) ;
#4257 = VERTEX_POINT ( 'NONE', #2327 ) ;
#4258 = DIRECTION ( 'NONE',  ( -0.000000000000000000, -1.000000000000000000, 0.000000000000000000 ) ) ;
#4259 = ORIENTED_EDGE ( 'NONE', *, *, #948, .T. ) ;
#4260 = CIRCLE ( 'NONE', #1855, 3.000000000000002665 ) ;
#4261 = CARTESIAN_POINT ( 'NONE',  ( -49.71131989884241165, 0.000000000000000000, 25.45656248069552419 ) ) ;
#4262 = PLANE ( 'NONE',  #1116 ) ;
#4263 = CARTESIAN_POINT ( 'NONE',  ( -58.71131989884241165, 9.499999999999998224, -13.33439294907330641 ) ) ;
#4264 = AXIS2_PLACEMENT_3D ( 'NONE', #851, #5523, #1252 ) ;
#4265 = EDGE_CURVE ( 'NONE', #3558, #5389, #4744, .T. ) ;
#4266 = AXIS2_PLACEMENT_3D ( 'NONE', #81, #1470, #4318 ) ;
#4267 = EDGE_LOOP ( 'NONE', ( #3302, #1517, #933, #5938 ) ) ;
#4268 = ADVANCED_FACE ( 'NONE', ( #4280 ), #6202, .T. ) ;
#4269 = AXIS2_PLACEMENT_3D ( 'NONE', #2468, #94, #5831 ) ;
#4270 = VECTOR ( 'NONE', #1491, 1000.000000000000114 ) ;
#4271 = CARTESIAN_POINT ( 'NONE',  ( -46.47195685202164839, -16.86063695317915290, 11.59592552751627714 ) ) ;
#4272 = CARTESIAN_POINT ( 'NONE',  ( -20.93239400584552001, 39.04007931791593222, -33.11193697895816257 ) ) ;
#4273 = ORIENTED_EDGE ( 'NONE', *, *, #5134, .T. ) ;
#4274 = CARTESIAN_POINT ( 'NONE',  ( -49.71131989884241165, 0.9499999999999872990, 23.70656248069551708 ) ) ;
#4275 = CONICAL_SURFACE ( 'NONE', #4573, 2.500000000000002220, 0.7853981633974457255 ) ;
#4276 = CARTESIAN_POINT ( 'NONE',  ( -26.41131840735561909, 11.50000000000000000, 0.000000000000000000 ) ) ;
#4277 = CIRCLE ( 'NONE', #5074, 5.500000000000009770 ) ;
#4278 = DIRECTION ( 'NONE',  ( -0.7295372041400842722, 0.6839411288813306289, 5.059633320257849375E-15 ) ) ;
#4279 = DIRECTION ( 'NONE',  ( -0.7071067811865474617, -0.000000000000000000, -0.7071067811865474617 ) ) ;
#4280 = FACE_OUTER_BOUND ( 'NONE', #4201, .T. ) ;
#4281 = ORIENTED_EDGE ( 'NONE', *, *, #1153, .F. ) ;
#4282 = LINE ( 'NONE', #4309, #4270 ) ;
#4283 = ORIENTED_EDGE ( 'NONE', *, *, #3049, .T. ) ;
#4284 = DIRECTION ( 'NONE',  ( -0.5773502691896258421, 0.5773502691896258421, 0.5773502691896258421 ) ) ;
#4285 = LINE ( 'NONE', #45, #644 ) ;
#4286 = EDGE_CURVE ( 'NONE', #470, #3721, #4961, .T. ) ;
#4287 = EDGE_CURVE ( 'NONE', #5412, #5557, #2945, .T. ) ;
#4288 = CARTESIAN_POINT ( 'NONE',  ( 38.28868010115761678, 14.49999999999999467, 12.16560705092670602 ) ) ;
#4289 = ORIENTED_EDGE ( 'NONE', *, *, #2466, .F. ) ;
#4290 = VERTEX_POINT ( 'NONE', #1543 ) ;
#4291 = CARTESIAN_POINT ( 'NONE',  ( -33.96131840735561980, 22.49999999999999645, 38.45656248069552419 ) ) ;
#4292 = EDGE_LOOP ( 'NONE', ( #2456, #2170, #4384, #1603 ) ) ;
#4293 = CARTESIAN_POINT ( 'NONE',  ( -55.71131989884241165, 14.49999999999999645, 17.16560705092670602 ) ) ;
#4294 = LINE ( 'NONE', #883, #2204 ) ;
#4295 = CARTESIAN_POINT ( 'NONE',  ( -22.24720882902227359, 39.00831810737667382, -34.07997041170264652 ) ) ;
#4296 = ORIENTED_EDGE ( 'NONE', *, *, #3064, .F. ) ;
#4297 = ADVANCED_FACE ( 'NONE', ( #1168 ), #2404, .F. ) ;
#4298 = CARTESIAN_POINT ( 'NONE',  ( -4.311316915868820487, 2.000000000000001776, -26.12534837884203753 ) ) ;
#4299 = ORIENTED_EDGE ( 'NONE', *, *, #4818, .F. ) ;
#4300 = DIRECTION ( 'NONE',  ( -1.000000000000000000, 0.000000000000000000, 0.000000000000000000 ) ) ;
#4301 = VERTEX_POINT ( 'NONE', #1041 ) ;
#4302 = DIRECTION ( 'NONE',  ( -0.000000000000000000, -1.000000000000000000, 0.000000000000000000 ) ) ;
#4303 = ADVANCED_BREP_SHAPE_REPRESENTATION ( 'cable_box', ( #2857, #1989 ), #5090 ) ;
#4304 = CARTESIAN_POINT ( 'NONE',  ( -58.71131989884241165, 9.499999999999998224, -7.834392949073296641 ) ) ;
#4305 = CARTESIAN_POINT ( 'NONE',  ( 23.78868308413118271, 0.000000000000000000, 37.95656248069552419 ) ) ;
#4306 = LINE ( 'NONE', #1896, #1612 ) ;
#4307 = LINE ( 'NONE', #4339, #2998 ) ;
#4308 = VERTEX_POINT ( 'NONE', #5404 ) ;
#4309 = CARTESIAN_POINT ( 'NONE',  ( -58.21131989884239744, 14.49999999999999645, 17.16560705092670602 ) ) ;
#4310 = VERTEX_POINT ( 'NONE', #662 ) ;
#4311 = DIRECTION ( 'NONE',  ( 0.000000000000000000, 0.000000000000000000, -1.000000000000000000 ) ) ;
#4312 = FACE_BOUND ( 'NONE', #127, .T. ) ;
#4313 = CARTESIAN_POINT ( 'NONE',  ( -22.18089490874800873, 39.00969039171893371, -34.06358563164628350 ) ) ;
#4314 = VERTEX_POINT ( 'NONE', #594 ) ;
#4315 = AXIS2_PLACEMENT_3D ( 'NONE', #4992, #163, #1136 ) ;
#4316 = AXIS2_PLACEMENT_3D ( 'NONE', #443, #5224, #1455 ) ;
#4317 = VERTEX_POINT ( 'NONE', #568 ) ;
#4318 = DIRECTION ( 'NONE',  ( 0.000000000000000000, 0.000000000000000000, 1.000000000000000000 ) ) ;
#4319 = VERTEX_POINT ( 'NONE', #126 ) ;
#4320 = EDGE_CURVE ( 'NONE', #2083, #3914, #1714, .T. ) ;
#4321 = VECTOR ( 'NONE', #5694, 1000.000000000000000 ) ;
#4322 = DIRECTION ( 'NONE',  ( -0.000000000000000000, 1.000000000000000000, 0.000000000000000000 ) ) ;
#4323 = VECTOR ( 'NONE', #5569, 1000.000000000000000 ) ;
#4324 = CIRCLE ( 'NONE', #3409, 5.000000000000000000 ) ;
#4325 = DIRECTION ( 'NONE',  ( 0.7071067811865474617, 0.7071067811865474617, 9.866520446437221695E-15 ) ) ;
#4326 = LINE ( 'NONE', #6190, #1047 ) ;
#4327 = EDGE_LOOP ( 'NONE', ( #1498, #957, #3418, #3204 ) ) ;
#4328 = EDGE_CURVE ( 'NONE', #4165, #1144, #2010, .T. ) ;
#4329 = ADVANCED_FACE ( 'NONE', ( #2041 ), #4462, .T. ) ;
#4330 = CARTESIAN_POINT ( 'NONE',  ( -14.98643453363629519, 5.024883873719319993, -12.95023225256136001 ) ) ;
#4331 = EDGE_CURVE ( 'NONE', #5345, #2337, #5377, .T. ) ;
#4332 = VERTEX_POINT ( 'NONE', #5874 ) ;
#4333 = ORIENTED_EDGE ( 'NONE', *, *, #6004, .T. ) ;
#4334 = DIRECTION ( 'NONE',  ( -5.430604157131410851E-17, 0.000000000000000000, 1.000000000000000000 ) ) ;
#4335 = PLANE ( 'NONE',  #4360 ) ;
#4336 = DIRECTION ( 'NONE',  ( -0.6839411288813306289, -0.7295372041400842722, 0.000000000000000000 ) ) ;
#4337 = EDGE_CURVE ( 'NONE', #5557, #5020, #4928, .T. ) ;
#4338 = CARTESIAN_POINT ( 'NONE',  ( -20.93630489857978461, 39.00000000000000000, -33.12534837884240346 ) ) ;
#4339 = CARTESIAN_POINT ( 'NONE',  ( -58.71131989884241165, 38.99999999999999289, 35.45656248069552419 ) ) ;
#4340 = ORIENTED_EDGE ( 'NONE', *, *, #1341, .F. ) ;
#4341 = CARTESIAN_POINT ( 'NONE',  ( -58.21131989884241165, 39.50000000000000000, 35.45656248069552419 ) ) ;
#4342 = ORIENTED_EDGE ( 'NONE', *, *, #468, .T. ) ;
#4343 = EDGE_CURVE ( 'NONE', #3914, #1640, #3923, .T. ) ;
#4344 = DIRECTION ( 'NONE',  ( 0.000000000000000000, 1.000000000000000000, 0.000000000000000000 ) ) ;
#4345 = DIRECTION ( 'NONE',  ( 0.7071067811865524577, -0.7071067811865426878, 0.000000000000000000 ) ) ;
#4346 = CARTESIAN_POINT ( 'NONE',  ( -21.71864397796094792, 39.01984139809626839, -33.88279360543115359 ) ) ;
#4347 = ORIENTED_EDGE ( 'NONE', *, *, #1942, .F. ) ;
#4348 = ORIENTED_EDGE ( 'NONE', *, *, #2845, .F. ) ;
#4349 = CARTESIAN_POINT ( 'NONE',  ( 23.78868308413118271, 19.49999999999999645, 12.16560705092670602 ) ) ;
#4350 = ORIENTED_EDGE ( 'NONE', *, *, #3623, .T. ) ;
#4351 = EDGE_CURVE ( 'NONE', #3525, #5020, #3542, .T. ) ;
#4352 = DIRECTION ( 'NONE',  ( 0.000000000000000000, 0.000000000000000000, -1.000000000000000000 ) ) ;
#4353 = VECTOR ( 'NONE', #4862, 1000.000000000000000 ) ;
#4354 = CARTESIAN_POINT ( 'NONE',  ( -4.311316915868820487, 0.000000000000000000, -26.62534837884203753 ) ) ;
#4355 = ADVANCED_FACE ( 'NONE', ( #2978 ), #4896, .F. ) ;
#4356 = CARTESIAN_POINT ( 'NONE',  ( -55.71131989884241165, 39.00000000000000000, -28.43040892023596200 ) ) ;
#4357 = CARTESIAN_POINT ( 'NONE',  ( -10.77872426594562683, 39.36126861601700710, -32.76407976282524714 ) ) ;
#4358 = ORIENTED_EDGE ( 'NONE', *, *, #807, .F. ) ;
#4359 = CIRCLE ( 'NONE', #4455, 5.000000000000000888 ) ;
#4360 = AXIS2_PLACEMENT_3D ( 'NONE', #5282, #2882, #441 ) ;
#4361 = AXIS2_PLACEMENT_3D ( 'NONE', #5243, #2847, #3829 ) ;
#4362 = EDGE_CURVE ( 'NONE', #2134, #4932, #1314, .T. ) ;
#4363 = DIRECTION ( 'NONE',  ( 0.000000000000000000, -0.000000000000000000, 1.000000000000000000 ) ) ;
#4364 = EDGE_CURVE ( 'NONE', #1883, #575, #3915, .T. ) ;
#4365 = VERTEX_POINT ( 'NONE', #5437 ) ;
#4366 = AXIS2_PLACEMENT_3D ( 'NONE', #1972, #3881, #1502 ) ;
#4367 = ORIENTED_EDGE ( 'NONE', *, *, #3913, .F. ) ;
#4368 = VECTOR ( 'NONE', #5752, 1000.000000000000000 ) ;
#4369 = DIRECTION ( 'NONE',  ( -1.000000000000000000, 2.523234146875356491E-15, 0.000000000000000000 ) ) ;
#4370 = CARTESIAN_POINT ( 'NONE',  ( -28.73620377256175118, 8.875116126280724771, -17.75023225256131099 ) ) ;
#4371 = CIRCLE ( 'NONE', #1668, 2.500000000000002220 ) ;
#4372 = CARTESIAN_POINT ( 'NONE',  ( -58.71131989884241165, 20.00000000000000355, -7.834392949073296641 ) ) ;
#4373 = DIRECTION ( 'NONE',  ( -1.000000000000000000, -0.000000000000000000, -0.000000000000000000 ) ) ;
#4374 = AXIS2_PLACEMENT_3D ( 'NONE', #4542, #2093, #5033 ) ;
#4375 = EDGE_LOOP ( 'NONE', ( #4652, #4214, #2410, #3195 ) ) ;
#4376 = DIRECTION ( 'NONE',  ( 0.7071067811865500152, -0.7071067811865451302, 0.000000000000000000 ) ) ;
#4377 = EDGE_LOOP ( 'NONE', ( #1580, #5343, #698, #1792 ) ) ;
#4378 = ADVANCED_FACE ( 'NONE', ( #693 ), #3037, .T. ) ;
#4379 = CARTESIAN_POINT ( 'NONE',  ( -3.461318407355616245, 12.00000000000000000, 38.45656248069552419 ) ) ;
#4380 = FACE_BOUND ( 'NONE', #4431, .T. ) ;
#4381 = AXIS2_PLACEMENT_3D ( 'NONE', #3692, #4876, #2986 ) ;
#4382 = CARTESIAN_POINT ( 'NONE',  ( -9.711318407355614468, 11.50000000000000000, -23.42534837884203824 ) ) ;
#4383 = EDGE_LOOP ( 'NONE', ( #2042, #842, #866, #5049 ) ) ;
#4384 = ORIENTED_EDGE ( 'NONE', *, *, #5915, .T. ) ;
#4385 = CARTESIAN_POINT ( 'NONE',  ( -37.61131989884241023, 0.000000000000000000, -26.62534837884203753 ) ) ;
#4386 = ORIENTED_EDGE ( 'NONE', *, *, #2375, .F. ) ;
#4387 = DIRECTION ( 'NONE',  ( -0.000000000000000000, 0.000000000000000000, 1.000000000000000000 ) ) ;
#4388 = CARTESIAN_POINT ( 'NONE',  ( 5.049207500472294718, 39.50000000000000000, -31.62534837884203753 ) ) ;
#4389 = DIRECTION ( 'NONE',  ( 0.000000000000000000, -0.000000000000000000, -1.000000000000000000 ) ) ;
#4390 = LINE ( 'NONE', #4823, #3855 ) ;
#4391 = ORIENTED_EDGE ( 'NONE', *, *, #4230, .F. ) ;
#4392 = VECTOR ( 'NONE', #5531, 1000.000000000000000 ) ;
#4393 = FACE_BOUND ( 'NONE', #5084, .T. ) ;
#4394 = ORIENTED_EDGE ( 'NONE', *, *, #4990, .T. ) ;
#4395 = ORIENTED_EDGE ( 'NONE', *, *, #6091, .F. ) ;
#4396 = EDGE_CURVE ( 'NONE', #173, #3165, #2103, .T. ) ;
#4397 = DIRECTION ( 'NONE',  ( -1.000000000000000000, 0.000000000000000000, 6.938893903907222067E-15 ) ) ;
#4398 = CARTESIAN_POINT ( 'NONE',  ( -27.61131989884240667, 2.000000000000001776, 30.45656248069552063 ) ) ;
#4399 = LINE ( 'NONE', #4832, #4811 ) ;
#4400 = CARTESIAN_POINT ( 'NONE',  ( -56.21131989884242586, 9.499999999999998224, 12.16560705092670780 ) ) ;
#4401 = ORIENTED_EDGE ( 'NONE', *, *, #1681, .T. ) ;
#4402 = ORIENTED_EDGE ( 'NONE', *, *, #5302, .T. ) ;
#4403 = ADVANCED_FACE ( 'NONE', ( #72 ), #5017, .T. ) ;
#4404 = DIRECTION ( 'NONE',  ( 1.000000000000000000, 0.000000000000000000, -1.226344921636310289E-16 ) ) ;
#4405 = CARTESIAN_POINT ( 'NONE',  ( -37.11131989884241023, -44.50000000000000000, 30.45656248069552063 ) ) ;
#4406 = FACE_OUTER_BOUND ( 'NONE', #3476, .T. ) ;
#4407 = ORIENTED_EDGE ( 'NONE', *, *, #2279, .F. ) ;
#4408 = LINE ( 'NONE', #5480, #3367 ) ;
#4409 = EDGE_CURVE ( 'NONE', #3442, #788, #2498, .T. ) ;
#4410 = VERTEX_POINT ( 'NONE', #1258 ) ;
#4411 = DIRECTION ( 'NONE',  ( -1.000000000000000000, 0.000000000000000000, -1.395336702878296543E-14 ) ) ;
#4412 = ORIENTED_EDGE ( 'NONE', *, *, #2732, .T. ) ;
#4413 = DIRECTION ( 'NONE',  ( 0.000000000000000000, 1.000000000000000000, -0.000000000000000000 ) ) ;
#4414 = LINE ( 'NONE', #4705, #3491 ) ;
#4415 = FACE_OUTER_BOUND ( 'NONE', #1976, .T. ) ;
#4416 = DIRECTION ( 'NONE',  ( 0.000000000000000000, 0.000000000000000000, -1.000000000000000000 ) ) ;
#4417 = ORIENTED_EDGE ( 'NONE', *, *, #4286, .T. ) ;
#4418 = DIRECTION ( 'NONE',  ( 0.7071067811865524577, -0.7071067811865426878, 0.000000000000000000 ) ) ;
#4419 = VECTOR ( 'NONE', #1985, 1000.000000000000000 ) ;
#4420 = AXIS2_PLACEMENT_3D ( 'NONE', #2281, #5738, #4203 ) ;
#4421 = EDGE_CURVE ( 'NONE', #5227, #564, #5434, .T. ) ;
#4422 = DIRECTION ( 'NONE',  ( 0.000000000000000000, 0.000000000000000000, -1.000000000000000000 ) ) ;
#4423 = FACE_OUTER_BOUND ( 'NONE', #193, .T. ) ;
#4424 = ORIENTED_EDGE ( 'NONE', *, *, #1946, .F. ) ;
#4425 = EDGE_CURVE ( 'NONE', #2098, #1844, #5526, .T. ) ;
#4426 = LINE ( 'NONE', #1635, #534 ) ;
#4427 = CARTESIAN_POINT ( 'NONE',  ( 26.78868308413118271, 9.500000000000000000, 17.66560705092671668 ) ) ;
#4428 = DIRECTION ( 'NONE',  ( -1.000000000000000000, 0.000000000000000000, -0.000000000000000000 ) ) ;
#4429 = DIRECTION ( 'NONE',  ( 0.000000000000000000, 0.000000000000000000, -1.000000000000000000 ) ) ;
#4430 = ORIENTED_EDGE ( 'NONE', *, *, #2177, .F. ) ;
#4431 = EDGE_LOOP ( 'NONE', ( #2557, #2631, #5350, #664 ) ) ;
#4432 = CARTESIAN_POINT ( 'NONE',  ( 26.28868308413116850, 14.49999999999999467, -12.83439294907329753 ) ) ;
#4433 = FACE_OUTER_BOUND ( 'NONE', #944, .T. ) ;
#4434 = LINE ( 'NONE', #5942, #2284 ) ;
#4435 = ORIENTED_EDGE ( 'NONE', *, *, #2592, .T. ) ;
#4436 = DIRECTION ( 'NONE',  ( -1.000000000000000000, 0.000000000000000000, -1.387080272683752052E-14 ) ) ;
#4437 = EDGE_CURVE ( 'NONE', #3799, #2003, #221, .T. ) ;
#4438 = ORIENTED_EDGE ( 'NONE', *, *, #2370, .F. ) ;
#4439 = LINE ( 'NONE', #5884, #864 ) ;
#4440 = EDGE_LOOP ( 'NONE', ( #5483, #1383, #2701, #5685 ) ) ;
#4441 = DIRECTION ( 'NONE',  ( -0.7071067811865466846, 8.177564888978006497E-17, 0.7071067811865483499 ) ) ;
#4442 = DIRECTION ( 'NONE',  ( 0.000000000000000000, 1.000000000000000000, 0.000000000000000000 ) ) ;
#4443 = CARTESIAN_POINT ( 'NONE',  ( -23.41131840735561909, 11.50000000000000000, 0.000000000000000000 ) ) ;
#4444 = CARTESIAN_POINT ( 'NONE',  ( -55.71131989884241165, 3.999999999999988010, -7.834392949073296641 ) ) ;
#4445 = ORIENTED_EDGE ( 'NONE', *, *, #5564, .T. ) ;
#4446 = LINE ( 'NONE', #2616, #1661 ) ;
#4447 = CARTESIAN_POINT ( 'NONE',  ( -10.36562603739580801, 39.02365940231319996, -33.78584952998599533 ) ) ;
#4448 = EDGE_CURVE ( 'NONE', #6017, #4301, #5116, .T. ) ;
#4449 = DIRECTION ( 'NONE',  ( 0.000000000000000000, 0.000000000000000000, -1.000000000000000000 ) ) ;
#4450 = VECTOR ( 'NONE', #3003, 1000.000000000000000 ) ;
#4451 = EDGE_CURVE ( 'NONE', #3193, #4474, #2624, .T. ) ;
#4452 = LINE ( 'NONE', #2067, #2353 ) ;
#4453 = EDGE_CURVE ( 'NONE', #2859, #5474, #4551, .T. ) ;
#4454 = ORIENTED_EDGE ( 'NONE', *, *, #3928, .F. ) ;
#4455 = AXIS2_PLACEMENT_3D ( 'NONE', #5393, #1626, #5951 ) ;
#4456 = VECTOR ( 'NONE', #2693, 1000.000000000000114 ) ;
#4457 = DIRECTION ( 'NONE',  ( -0.000000000000000000, -0.000000000000000000, -1.000000000000000000 ) ) ;
#4458 = CARTESIAN_POINT ( 'NONE',  ( 0.000000000000000000, 2.500000000000000000, -26.62534837884203753 ) ) ;
#4459 = CARTESIAN_POINT ( 'NONE',  ( -10.21131840735561447, 7.000000000000000888, -31.16022644181681400 ) ) ;
#4460 = VECTOR ( 'NONE', #1019, 1000.000000000000000 ) ;
#4461 = AXIS2_PLACEMENT_3D ( 'NONE', #4009, #4510, #5924 ) ;
#4462 = PLANE ( 'NONE',  #2603 ) ;
#4463 = ORIENTED_EDGE ( 'NONE', *, *, #1724, .T. ) ;
#4464 = ORIENTED_EDGE ( 'NONE', *, *, #5104, .T. ) ;
#4465 = CARTESIAN_POINT ( 'NONE',  ( 23.78868308413118626, 9.499999999999998224, -7.834392949073296641 ) ) ;
#4466 = AXIS2_PLACEMENT_3D ( 'NONE', #5636, #5535, #766 ) ;
#4467 = DIRECTION ( 'NONE',  ( -0.7071067811865427988, 0.7071067811865523467, -3.840017025447450332E-17 ) ) ;
#4468 = CARTESIAN_POINT ( 'NONE',  ( -27.61131989884241378, 0.5000000000000004441, -26.12534837884203753 ) ) ;
#4469 = AXIS2_PLACEMENT_3D ( 'NONE', #5956, #149, #3117 ) ;
#4470 = ORIENTED_EDGE ( 'NONE', *, *, #1865, .T. ) ;
#4471 = LINE ( 'NONE', #5447, #5484 ) ;
#4472 = ORIENTED_EDGE ( 'NONE', *, *, #3137, .F. ) ;
#4473 = LINE ( 'NONE', #5914, #5679 ) ;
#4474 = VERTEX_POINT ( 'NONE', #1764 ) ;
#4475 = CIRCLE ( 'NONE', #1773, 2.499999999999998668 ) ;
#4476 = ADVANCED_FACE ( 'NONE', ( #2259 ), #3700, .T. ) ;
#4477 = DIRECTION ( 'NONE',  ( 6.280397680075400477E-33, 1.000000000000000000, -1.156482317317871725E-16 ) ) ;
#4478 = EDGE_CURVE ( 'NONE', #4936, #3424, #109, .T. ) ;
#4479 = DIRECTION ( 'NONE',  ( -0.7071067811865506814, -0.7071067811865443531, 0.000000000000000000 ) ) ;
#4480 = LINE ( 'NONE', #4356, #3714 ) ;
#4481 = DIRECTION ( 'NONE',  ( 1.000000000000000000, -0.000000000000000000, -0.000000000000000000 ) ) ;
#4482 = ORIENTED_EDGE ( 'NONE', *, *, #4185, .T. ) ;
#4483 = FACE_OUTER_BOUND ( 'NONE', #5244, .T. ) ;
#4484 = CARTESIAN_POINT ( 'NONE',  ( -10.47490518767049927, 39.02634345208589650, -33.70638272398056756 ) ) ;
#4485 = DIRECTION ( 'NONE',  ( 1.387080272683752052E-14, 0.000000000000000000, -1.000000000000000000 ) ) ;
#4486 = VERTEX_POINT ( 'NONE', #755 ) ;
#4487 = DIRECTION ( 'NONE',  ( -0.5773502691896266192, 0.5773502691896240657, -0.5773502691896265082 ) ) ;
#4488 = EDGE_CURVE ( 'NONE', #3165, #4535, #2702, .T. ) ;
#4489 = DIRECTION ( 'NONE',  ( 0.000000000000000000, 0.000000000000000000, -1.000000000000000000 ) ) ;
#4490 = DIRECTION ( 'NONE',  ( 0.7071067811865473507, 0.7071067811865476838, -8.671568101627199721E-17 ) ) ;
#4491 = CARTESIAN_POINT ( 'NONE',  ( 38.28868010115761678, -1.484274849911243752E-15, -12.83439294907329575 ) ) ;
#4492 = DIRECTION ( 'NONE',  ( 0.000000000000000000, 0.000000000000000000, -1.000000000000000000 ) ) ;
#4493 = ORIENTED_EDGE ( 'NONE', *, *, #5448, .T. ) ;
#4494 = ORIENTED_EDGE ( 'NONE', *, *, #4601, .T. ) ;
#4495 = DIRECTION ( 'NONE',  ( 0.7071067811865512365, 0.000000000000000000, -0.7071067811865439090 ) ) ;
#4496 = LINE ( 'NONE', #2109, #1786 ) ;
#4497 = DIRECTION ( 'NONE',  ( 1.164054068700397441E-14, 0.5591929034707477930, -0.8290375725550411801 ) ) ;
#4498 = AXIS2_PLACEMENT_3D ( 'NONE', #4941, #4099, #2553 ) ;
#4499 = EDGE_LOOP ( 'NONE', ( #6120, #3320, #2173, #3202 ) ) ;
#4500 = CARTESIAN_POINT ( 'NONE',  ( 1.538681592644383977, 17.50000000000000355, 37.95656248069552419 ) ) ;
#4501 = EDGE_LOOP ( 'NONE', ( #2966, #2333, #513, #4454 ) ) ;
#4502 = CARTESIAN_POINT ( 'NONE',  ( -10.56378594353605394, 39.50000000000000000, -32.91623047218102016 ) ) ;
#4503 = VERTEX_POINT ( 'NONE', #4612 ) ;
#4504 = CARTESIAN_POINT ( 'NONE',  ( -54.21131989884256797, 37.00000000000000000, -10.83439294907366879 ) ) ;
#4505 = DIRECTION ( 'NONE',  ( 0.000000000000000000, 0.000000000000000000, -1.000000000000000000 ) ) ;
#4506 = EDGE_CURVE ( 'NONE', #1239, #4560, #2659, .T. ) ;
#4507 = DIRECTION ( 'NONE',  ( -1.000000000000000000, 0.000000000000000000, -1.395336702878296385E-14 ) ) ;
#4508 = DIRECTION ( 'NONE',  ( -6.938893903907222067E-15, 0.000000000000000000, -1.000000000000000000 ) ) ;
#4509 = ORIENTED_EDGE ( 'NONE', *, *, #3431, .T. ) ;
#4510 = DIRECTION ( 'NONE',  ( 0.000000000000000000, 1.000000000000000000, 0.000000000000000000 ) ) ;
#4511 = CARTESIAN_POINT ( 'NONE',  ( -9.985362274681904182, 39.01489347360273996, -33.98504240003924792 ) ) ;
#4512 = CYLINDRICAL_SURFACE ( 'NONE', #3440, 2.499999999999998668 ) ;
#4513 = ORIENTED_EDGE ( 'NONE', *, *, #2641, .F. ) ;
#4514 = ADVANCED_FACE ( 'NONE', ( #6063 ), #6098, .F. ) ;
#4515 = VECTOR ( 'NONE', #4418, 1000.000000000000000 ) ;
#4516 = VECTOR ( 'NONE', #791, 1000.000000000000000 ) ;
#4517 = AXIS2_PLACEMENT_3D ( 'NONE', #4620, #4121, #1366 ) ;
#4518 = CARTESIAN_POINT ( 'NONE',  ( -58.71131989884241165, 2.500000000000000000, 0.000000000000000000 ) ) ;
#4519 = CARTESIAN_POINT ( 'NONE',  ( 5.188683084131174184, 0.000000000000000000, 30.95656248069552063 ) ) ;
#4520 = VECTOR ( 'NONE', #5000, 1000.000000000000000 ) ;
#4521 = CIRCLE ( 'NONE', #508, 2.500000000000002220 ) ;
#4522 = CARTESIAN_POINT ( 'NONE',  ( -56.21131989884242586, 9.499999999999998224, -12.83439294907329753 ) ) ;
#4523 = LINE ( 'NONE', #1673, #6021 ) ;
#4524 = EDGE_LOOP ( 'NONE', ( #1493, #6082, #936, #3711 ) ) ;
#4525 = DIRECTION ( 'NONE',  ( -1.000000000000000000, -4.956352788505162282E-16, 0.000000000000000000 ) ) ;
#4526 = ORIENTED_EDGE ( 'NONE', *, *, #154, .F. ) ;
#4527 = DIRECTION ( 'NONE',  ( 0.7071067811865512365, 0.000000000000000000, 0.7071067811865439090 ) ) ;
#4528 = EDGE_CURVE ( 'NONE', #5690, #3999, #5623, .T. ) ;
#4529 = CARTESIAN_POINT ( 'NONE',  ( 23.78868308413118271, 2.500000000000000000, 35.45656248069552419 ) ) ;
#4530 = VERTEX_POINT ( 'NONE', #5147 ) ;
#4531 = CARTESIAN_POINT ( 'NONE',  ( -9.711318407355614468, 11.00000000000000000, -23.42534837884203824 ) ) ;
#4532 = ORIENTED_EDGE ( 'NONE', *, *, #614, .F. ) ;
#4533 = LINE ( 'NONE', #2116, #3564 ) ;
#4534 = EDGE_CURVE ( 'NONE', #1590, #2134, #4523, .T. ) ;
#4535 = VERTEX_POINT ( 'NONE', #2133 ) ;
#4536 = DIRECTION ( 'NONE',  ( 0.7071067811865451302, -0.7071067811865500152, 0.000000000000000000 ) ) ;
#4537 = CARTESIAN_POINT ( 'NONE',  ( -55.71131989884241165, 39.00000000000000000, 35.45656248069552419 ) ) ;
#4538 = CARTESIAN_POINT ( 'NONE',  ( -27.61131989884241378, 2.000000000000001776, -26.12534837884203753 ) ) ;
#4539 = ORIENTED_EDGE ( 'NONE', *, *, #1295, .T. ) ;
#4540 = DIRECTION ( 'NONE',  ( 0.000000000000000000, 0.000000000000000000, 1.000000000000000000 ) ) ;
#4541 = EDGE_CURVE ( 'NONE', #5735, #4625, #784, .T. ) ;
#4542 = CARTESIAN_POINT ( 'NONE',  ( 23.78868308413118626, 38.99999999999999289, -28.43037995825160991 ) ) ;
#4543 = DIRECTION ( 'NONE',  ( 4.625929269271485914E-16, -1.000000000000000000, 0.000000000000000000 ) ) ;
#4544 = EDGE_LOOP ( 'NONE', ( #5560, #3273, #3170, #533 ) ) ;
#4545 = EDGE_CURVE ( 'NONE', #1126, #4290, #3576, .T. ) ;
#4546 = DIRECTION ( 'NONE',  ( 1.000000000000000000, 0.000000000000000000, 0.000000000000000000 ) ) ;
#4547 = VECTOR ( 'NONE', #3893, 1000.000000000000000 ) ;
#4548 = EDGE_CURVE ( 'NONE', #3110, #5002, #313, .T. ) ;
#4549 = DIRECTION ( 'NONE',  ( -1.000000000000000000, -4.956352788505162282E-16, 0.000000000000000000 ) ) ;
#4550 = LINE ( 'NONE', #5836, #5378 ) ;
#4551 = LINE ( 'NONE', #1730, #5621 ) ;
#4552 = ORIENTED_EDGE ( 'NONE', *, *, #375, .F. ) ;
#4553 = DIRECTION ( 'NONE',  ( 0.000000000000000000, -1.000000000000000000, 1.156482317317871725E-16 ) ) ;
#4554 = AXIS2_PLACEMENT_3D ( 'NONE', #431, #5332, #5301 ) ;
#4555 = ORIENTED_EDGE ( 'NONE', *, *, #3322, .F. ) ;
#4556 = CARTESIAN_POINT ( 'NONE',  ( 5.049207500472291166, 2.500000000000000000, -31.12534837884203753 ) ) ;
#4557 = PLANE ( 'NONE',  #2875 ) ;
#4558 = AXIS2_PLACEMENT_3D ( 'NONE', #798, #1710, #5096 ) ;
#4559 = VECTOR ( 'NONE', #1689, 1000.000000000000000 ) ;
#4560 = VERTEX_POINT ( 'NONE', #4736 ) ;
#4561 = DIRECTION ( 'NONE',  ( 1.000000000000000000, 0.000000000000000000, 0.000000000000000000 ) ) ;
#4562 = ORIENTED_EDGE ( 'NONE', *, *, #723, .F. ) ;
#4563 = ORIENTED_EDGE ( 'NONE', *, *, #1173, .F. ) ;
#4564 = VECTOR ( 'NONE', #2900, 1000.000000000000000 ) ;
#4565 = EDGE_CURVE ( 'NONE', #4530, #2469, #4211, .T. ) ;
#4566 = AXIS2_PLACEMENT_3D ( 'NONE', #1968, #4841, #545 ) ;
#4567 = CARTESIAN_POINT ( 'NONE',  ( -55.71131989884241165, 38.99999999999999289, 38.45656248069552419 ) ) ;
#4568 = CARTESIAN_POINT ( 'NONE',  ( -27.61131989884240667, 0.5000000000000004441, 30.45656248069552063 ) ) ;
#4569 = DIRECTION ( 'NONE',  ( 0.000000000000000000, -1.000000000000000000, 0.000000000000000000 ) ) ;
#4570 = ORIENTED_EDGE ( 'NONE', *, *, #494, .F. ) ;
#4571 = FACE_OUTER_BOUND ( 'NONE', #5980, .T. ) ;
#4572 = VERTEX_POINT ( 'NONE', #5360 ) ;
#4573 = AXIS2_PLACEMENT_3D ( 'NONE', #1955, #5341, #1926 ) ;
#4574 = CARTESIAN_POINT ( 'NONE',  ( -10.95875107901266787, 39.03917109184543932, -33.16689272535152355 ) ) ;
#4575 = CARTESIAN_POINT ( 'NONE',  ( -58.71131989884241165, 14.49999999999999467, 12.16560705092670602 ) ) ;
#4576 = CARTESIAN_POINT ( 'NONE',  ( -20.91005761545330799, 39.04070733301521301, -33.07294698376858122 ) ) ;
#4577 = VERTEX_POINT ( 'NONE', #5655 ) ;
#4578 = DIRECTION ( 'NONE',  ( -0.000000000000000000, 0.000000000000000000, 1.000000000000000000 ) ) ;
#4579 = DIRECTION ( 'NONE',  ( -0.7295372041400842722, 0.6839411288813306289, -5.059633320257849375E-15 ) ) ;
#4580 = CARTESIAN_POINT ( 'NONE',  ( -10.27848518311840564, 39.50000000000000711, -33.21917658535224405 ) ) ;
#4581 = DIRECTION ( 'NONE',  ( 1.000000000000000000, 0.000000000000000000, 0.000000000000000000 ) ) ;
#4582 = EDGE_CURVE ( 'NONE', #3627, #2729, #6130, .T. ) ;
#4583 = ORIENTED_EDGE ( 'NONE', *, *, #1778, .F. ) ;
#4584 = FACE_OUTER_BOUND ( 'NONE', #2880, .T. ) ;
#4585 = ORIENTED_EDGE ( 'NONE', *, *, #3354, .F. ) ;
#4586 = CARTESIAN_POINT ( 'NONE',  ( -36.97194292656567427, 39.50000000000000000, -31.62534837884248162 ) ) ;
#4587 = CARTESIAN_POINT ( 'NONE',  ( -37.11131989884241023, 0.5000000000000004441, 30.45656248069552063 ) ) ;
#4588 = ORIENTED_EDGE ( 'NONE', *, *, #4320, .F. ) ;
#4589 = CARTESIAN_POINT ( 'NONE',  ( -9.011318407355615179, 2.500000000000000000, -18.92534837884203824 ) ) ;
#4590 = ORIENTED_EDGE ( 'NONE', *, *, #2400, .T. ) ;
#4591 = DIRECTION ( 'NONE',  ( -1.000000000000000000, -0.000000000000000000, -0.000000000000000000 ) ) ;
#4592 = ORIENTED_EDGE ( 'NONE', *, *, #5277, .F. ) ;
#4593 = PLANE ( 'NONE',  #2750 ) ;
#4594 = DIRECTION ( 'NONE',  ( 6.938893903907222067E-15, 0.000000000000000000, -1.000000000000000000 ) ) ;
#4595 = EDGE_CURVE ( 'NONE', #2834, #2516, #1565, .T. ) ;
#4596 = FACE_OUTER_BOUND ( 'NONE', #5765, .T. ) ;
#4597 = ORIENTED_EDGE ( 'NONE', *, *, #2507, .T. ) ;
#4598 = CARTESIAN_POINT ( 'NONE',  ( 17.78868308413117916, 2.499999999999999556, 22.15656248069550571 ) ) ;
#4599 = ORIENTED_EDGE ( 'NONE', *, *, #3488, .T. ) ;
#4600 = FACE_OUTER_BOUND ( 'NONE', #4383, .T. ) ;
#4601 = EDGE_CURVE ( 'NONE', #2826, #1733, #3405, .T. ) ;
#4602 = DIRECTION ( 'NONE',  ( 4.625929269271485914E-16, -1.000000000000000000, 0.000000000000000000 ) ) ;
#4603 = CARTESIAN_POINT ( 'NONE',  ( -21.90336698444440700, 39.49999999999999289, -33.41382755950977668 ) ) ;
#4604 = ORIENTED_EDGE ( 'NONE', *, *, #2223, .T. ) ;
#4605 = EDGE_CURVE ( 'NONE', #1938, #3110, #3264, .T. ) ;
#4606 = PLANE ( 'NONE',  #440 ) ;
#4607 = CARTESIAN_POINT ( 'NONE',  ( -25.91131840735561553, 11.00000000000000000, -23.42534837884203824 ) ) ;
#4608 = CARTESIAN_POINT ( 'NONE',  ( -10.68411813076378181, 39.49999999999998579, -32.57634603770198822 ) ) ;
#4609 = PLANE ( 'NONE',  #5597 ) ;
#4610 = AXIS2_PLACEMENT_3D ( 'NONE', #2291, #918, #1857 ) ;
#4611 = CONICAL_SURFACE ( 'NONE', #209, 5.500000000000009770, 0.7853981633974439491 ) ;
#4612 = CARTESIAN_POINT ( 'NONE',  ( -6.011318407355614291, 11.00000000000000000, -21.42534837884203824 ) ) ;
#4613 = ORIENTED_EDGE ( 'NONE', *, *, #4174, .T. ) ;
#4614 = DIRECTION ( 'NONE',  ( -1.000000000000000000, -4.956352788505162282E-16, -1.387080272683752052E-14 ) ) ;
#4615 = VERTEX_POINT ( 'NONE', #1066 ) ;
#4616 = ADVANCED_FACE ( 'NONE', ( #2318 ), #4887, .F. ) ;
#4617 = CIRCLE ( 'NONE', #4016, 69.50000000000042633 ) ;
#4618 = VECTOR ( 'NONE', #3725, 1000.000000000000114 ) ;
#4619 = DIRECTION ( 'NONE',  ( 1.000000000000000000, 0.000000000000000000, 0.000000000000000000 ) ) ;
#4620 = CARTESIAN_POINT ( 'NONE',  ( 5.688683084131177736, 2.500000000000000000, 6.976287611022653682E-16 ) ) ;
#4621 = DIRECTION ( 'NONE',  ( 0.000000000000000000, -0.000000000000000000, -1.000000000000000000 ) ) ;
#4622 = ORIENTED_EDGE ( 'NONE', *, *, #4138, .T. ) ;
#4623 = DIRECTION ( 'NONE',  ( 0.000000000000000000, 0.000000000000000000, -1.000000000000000000 ) ) ;
#4624 = VERTEX_POINT ( 'NONE', #5187 ) ;
#4625 = VERTEX_POINT ( 'NONE', #3472 ) ;
#4626 = LINE ( 'NONE', #361, #547 ) ;
#4627 = FACE_OUTER_BOUND ( 'NONE', #557, .T. ) ;
#4628 = EDGE_CURVE ( 'NONE', #1718, #5833, #119, .T. ) ;
#4629 = DIRECTION ( 'NONE',  ( 0.000000000000000000, 0.7071067811865475727, -0.7071067811865475727 ) ) ;
#4630 = EDGE_LOOP ( 'NONE', ( #288, #5745, #1754, #1131 ) ) ;
#4631 = VERTEX_POINT ( 'NONE', #4768 ) ;
#4632 = CARTESIAN_POINT ( 'NONE',  ( -58.21131989884241165, 39.50000000000000000, 35.45656248069552419 ) ) ;
#4633 = EDGE_LOOP ( 'NONE', ( #4493, #3074, #5725, #522 ) ) ;
#4634 = DIRECTION ( 'NONE',  ( 0.000000000000000000, -1.000000000000000000, 0.000000000000000000 ) ) ;
#4635 = FILL_AREA_STYLE ('',( #2184 ) ) ;
#4636 = CARTESIAN_POINT ( 'NONE',  ( -20.74882379420160561, 39.04544313314465143, -32.67473556019951531 ) ) ;
#4637 = ORIENTED_EDGE ( 'NONE', *, *, #1755, .T. ) ;
#4638 = EDGE_CURVE ( 'NONE', #420, #1546, #5957, .T. ) ;
#4639 = CARTESIAN_POINT ( 'NONE',  ( 5.049207500473243293, 39.50000000000000000, -33.62534837884204109 ) ) ;
#4640 = ADVANCED_FACE ( 'NONE', ( #2379 ), #4681, .F. ) ;
#4641 = CARTESIAN_POINT ( 'NONE',  ( 26.78868308413118271, 2.500000000000008438, 17.66560705092672379 ) ) ;
#4642 = EDGE_CURVE ( 'NONE', #155, #4767, #2790, .T. ) ;
#4643 = CARTESIAN_POINT ( 'NONE',  ( -10.57403933305718802, 39.49999999999999289, -32.83604733253680052 ) ) ;
#4644 = EDGE_CURVE ( 'NONE', #6076, #804, #3731, .T. ) ;
#4645 = DIRECTION ( 'NONE',  ( 0.7071067811865474617, 0.000000000000000000, 0.7071067811865474617 ) ) ;
#4646 = ORIENTED_EDGE ( 'NONE', *, *, #3746, .F. ) ;
#4647 = LINE ( 'NONE', #346, #5775 ) ;
#4648 = ORIENTED_EDGE ( 'NONE', *, *, #2832, .T. ) ;
#4649 = CARTESIAN_POINT ( 'NONE',  ( -6.011318407355614291, 11.50000000000000000, -23.92534837884204180 ) ) ;
#4650 = CARTESIAN_POINT ( 'NONE',  ( -58.21131989884239744, 9.499999999999998224, -7.834392949073296641 ) ) ;
#4651 = CARTESIAN_POINT ( 'NONE',  ( -54.89668590507573498, 37.00000000000000000, -10.83439294907367234 ) ) ;
#4652 = ORIENTED_EDGE ( 'NONE', *, *, #2219, .F. ) ;
#4653 = CARTESIAN_POINT ( 'NONE',  ( -4.311316915868820487, 2.000000000000001776, -26.12534837884203753 ) ) ;
#4654 = AXIS2_PLACEMENT_3D ( 'NONE', #4465, #1677, #3012 ) ;
#4655 = EDGE_LOOP ( 'NONE', ( #3613, #2510, #813, #49 ) ) ;
#4656 = EDGE_CURVE ( 'NONE', #636, #1646, #4708, .T. ) ;
#4657 = VERTEX_POINT ( 'NONE', #410 ) ;
#4658 = CIRCLE ( 'NONE', #52, 0.5000000000000004441 ) ;
#4659 = FACE_OUTER_BOUND ( 'NONE', #3324, .T. ) ;
#4660 = AXIS2_PLACEMENT_3D ( 'NONE', #439, #5746, #1921 ) ;
#4661 = CARTESIAN_POINT ( 'NONE',  ( -4.311316915868827593, 2.000000000000001776, 30.45656248069552063 ) ) ;
#4662 = FACE_OUTER_BOUND ( 'NONE', #2529, .T. ) ;
#4663 = ORIENTED_EDGE ( 'NONE', *, *, #3632, .T. ) ;
#4664 = VECTOR ( 'NONE', #703, 1000.000000000000000 ) ;
#4665 = ORIENTED_EDGE ( 'NONE', *, *, #216, .T. ) ;
#4666 = CARTESIAN_POINT ( 'NONE',  ( -58.21131989884239744, -1.484274849911243752E-15, -12.83439294907329575 ) ) ;
#4667 = VECTOR ( 'NONE', #1278, 1000.000000000000114 ) ;
#4668 = ORIENTED_EDGE ( 'NONE', *, *, #2699, .F. ) ;
#4669 = ADVANCED_FACE ( 'NONE', ( #1919 ), #6159, .T. ) ;
#4670 = DIRECTION ( 'NONE',  ( 0.000000000000000000, 0.000000000000000000, 1.000000000000000000 ) ) ;
#4671 = AXIS2_PLACEMENT_3D ( 'NONE', #6011, #1838, #3614 ) ;
#4672 = CARTESIAN_POINT ( 'NONE',  ( -10.98643052751358162, 39.00000000000000000, -33.12534837884226135 ) ) ;
#4673 = CARTESIAN_POINT ( 'NONE',  ( -21.08672062607199038, 39.03575674398649653, -33.34534253540687132 ) ) ;
#4674 = ORIENTED_EDGE ( 'NONE', *, *, #4699, .T. ) ;
#4675 = AXIS2_PLACEMENT_3D ( 'NONE', #2754, #2289, #5042 ) ;
#4676 = VECTOR ( 'NONE', #5413, 999.9999999999998863 ) ;
#4677 = CARTESIAN_POINT ( 'NONE',  ( -22.67482495024486511, 39.50000000000000000, -33.62534837884242478 ) ) ;
#4678 = PLANE ( 'NONE',  #5054 ) ;
#4679 = CARTESIAN_POINT ( 'NONE',  ( -9.801868587987343062, 39.49999999999999289, -33.52011889474001549 ) ) ;
#4680 = DIRECTION ( 'NONE',  ( -1.000000000000000000, 0.000000000000000000, -0.000000000000000000 ) ) ;
#4681 = PLANE ( 'NONE',  #5420 ) ;
#4682 = ORIENTED_EDGE ( 'NONE', *, *, #3862, .F. ) ;
#4683 = CARTESIAN_POINT ( 'NONE',  ( 17.78868308413117916, 0.9499999999999838574, 25.45656248069551708 ) ) ;
#4684 = ORIENTED_EDGE ( 'NONE', *, *, #5050, .F. ) ;
#4685 = LINE ( 'NONE', #2414, #446 ) ;
#4686 = DIRECTION ( 'NONE',  ( 0.5773502691896259531, -0.5773502691896256200, 0.5773502691896256200 ) ) ;
#4687 = ADVANCED_FACE ( 'NONE', ( #3436 ), #5689, .T. ) ;
#4688 = CARTESIAN_POINT ( 'NONE',  ( 5.049207500472289389, 38.99999999999999289, -34.12534837884204109 ) ) ;
#4689 = DIRECTION ( 'NONE',  ( 0.000000000000000000, 0.000000000000000000, 1.000000000000000000 ) ) ;
#4690 = ORIENTED_EDGE ( 'NONE', *, *, #4982, .F. ) ;
#4691 = ORIENTED_EDGE ( 'NONE', *, *, #2742, .T. ) ;
#4692 = CARTESIAN_POINT ( 'NONE',  ( -20.94014889874656760, 39.03985012776178820, -33.12534837884240346 ) ) ;
#4693 = DIRECTION ( 'NONE',  ( 4.625929269271485914E-16, -1.000000000000000000, 0.000000000000000000 ) ) ;
#4694 = DIRECTION ( 'NONE',  ( 1.000000000000000000, 0.000000000000000000, 0.000000000000000000 ) ) ;
#4695 = ORIENTED_EDGE ( 'NONE', *, *, #3308, .T. ) ;
#4696 = ORIENTED_EDGE ( 'NONE', *, *, #511, .F. ) ;
#4697 = CARTESIAN_POINT ( 'NONE',  ( 23.78868308413118271, 38.99999999999999289, 38.45656248069552419 ) ) ;
#4698 = ORIENTED_EDGE ( 'NONE', *, *, #3599, .T. ) ;
#4699 = EDGE_CURVE ( 'NONE', #5500, #3901, #5055, .T. ) ;
#4700 = DIRECTION ( 'NONE',  ( 0.000000000000000000, 0.000000000000000000, 1.000000000000000000 ) ) ;
#4701 = CYLINDRICAL_SURFACE ( 'NONE', #2409, 3.000000000000002665 ) ;
#4702 = CARTESIAN_POINT ( 'NONE',  ( -21.29548527695943250, 39.50000000000000711, -32.72720870532531734 ) ) ;
#4703 = ORIENTED_EDGE ( 'NONE', *, *, #6028, .T. ) ;
#4704 = VECTOR ( 'NONE', #4882, 1000.000000000000000 ) ;
#4705 = CARTESIAN_POINT ( 'NONE',  ( 26.28868308413116850, 19.49999999999999645, 12.16560705092670602 ) ) ;
#4706 = CARTESIAN_POINT ( 'NONE',  ( 4.664105739841047319E-13, 0.000000000000000000, -33.62534837884211214 ) ) ;
#4707 =( LENGTH_UNIT ( ) NAMED_UNIT ( * ) SI_UNIT ( .MILLI., .METRE. ) );
#4708 = LINE ( 'NONE', #6221, #151 ) ;
#4709 = EDGE_LOOP ( 'NONE', ( #3100, #1930, #1511, #4812, #4435, #2118, #4725, #83 ) ) ;
#4710 = DIRECTION ( 'NONE',  ( 2.512159072030160191E-32, 1.000000000000000000, -4.625929269271486900E-16 ) ) ;
#4711 = ORIENTED_EDGE ( 'NONE', *, *, #2876, .F. ) ;
#4712 = LINE ( 'NONE', #3269, #5166 ) ;
#4713 = DIRECTION ( 'NONE',  ( 1.000000000000000000, 0.000000000000000000, 0.000000000000000000 ) ) ;
#4714 = DIRECTION ( 'NONE',  ( 0.000000000000000000, -1.000000000000000000, 0.000000000000000000 ) ) ;
#4715 = LINE ( 'NONE', #924, #5120 ) ;
#4716 = ORIENTED_EDGE ( 'NONE', *, *, #1182, .T. ) ;
#4717 = ORIENTED_EDGE ( 'NONE', *, *, #1663, .T. ) ;
#4718 = VECTOR ( 'NONE', #4049, 1000.000000000000000 ) ;
#4719 = AXIS2_PLACEMENT_3D ( 'NONE', #2798, #4714, #4621 ) ;
#4720 = ADVANCED_FACE ( 'NONE', ( #1447 ), #381, .T. ) ;
#4721 = CARTESIAN_POINT ( 'NONE',  ( -37.11131989884241733, -44.50000000000000000, -26.12534837884203753 ) ) ;
#4722 = CARTESIAN_POINT ( 'NONE',  ( 5.049207500473243293, 39.50000000000000000, -33.62534837884204109 ) ) ;
#4723 = CARTESIAN_POINT ( 'NONE',  ( -21.91636446980469088, 39.01535840425736978, -33.97642189245505051 ) ) ;
#4724 = EDGE_CURVE ( 'NONE', #1083, #1436, #1094, .T. ) ;
#4725 = ORIENTED_EDGE ( 'NONE', *, *, #1639, .T. ) ;
#4726 = VERTEX_POINT ( 'NONE', #211 ) ;
#4727 = CARTESIAN_POINT ( 'NONE',  ( 17.78868308413117916, 2.500000000000000000, 25.45656248069551708 ) ) ;
#4728 = ORIENTED_EDGE ( 'NONE', *, *, #807, .T. ) ;
#4729 = DIRECTION ( 'NONE',  ( -1.000000000000000000, 0.000000000000000000, 0.000000000000000000 ) ) ;
#4730 = DIRECTION ( 'NONE',  ( 0.000000000000000000, -1.000000000000000000, 0.000000000000000000 ) ) ;
#4731 = CARTESIAN_POINT ( 'NONE',  ( -55.71131989884241165, 38.99999999999999289, -28.43040892023596200 ) ) ;
#4732 = VERTEX_POINT ( 'NONE', #3061 ) ;
#4733 = EDGE_CURVE ( 'NONE', #3362, #95, #2525, .T. ) ;
#4734 = CARTESIAN_POINT ( 'NONE',  ( -33.46131840735561980, 17.49999999999999645, 35.45656248069552419 ) ) ;
#4735 = DIRECTION ( 'NONE',  ( 0.000000000000000000, 0.000000000000000000, 1.000000000000000000 ) ) ;
#4736 = CARTESIAN_POINT ( 'NONE',  ( -27.11131989884240667, 0.000000000000000000, 30.95656248069552063 ) ) ;
#4737 = VERTEX_POINT ( 'NONE', #2558 ) ;
#4738 = LINE ( 'NONE', #4797, #1375 ) ;
#4739 = ADVANCED_FACE ( 'NONE', ( #4483 ), #646, .F. ) ;
#4740 = EDGE_CURVE ( 'NONE', #2826, #5624, #5892, .T. ) ;
#4741 = CARTESIAN_POINT ( 'NONE',  ( -55.71131989884245428, 39.00000000000000000, -28.43040892023610056 ) ) ;
#4742 = CARTESIAN_POINT ( 'NONE',  ( -27.61131989884241378, 2.000000000000001776, -26.12534837884203753 ) ) ;
#4743 = LINE ( 'NONE', #3805, #3772 ) ;
#4744 = LINE ( 'NONE', #445, #4113 ) ;
#4745 = ORIENTED_EDGE ( 'NONE', *, *, #4478, .F. ) ;
#4746 = CARTESIAN_POINT ( 'NONE',  ( -58.21131989884239744, 19.49999999999999645, 12.16560705092670602 ) ) ;
#4747 = ORIENTED_EDGE ( 'NONE', *, *, #5246, .T. ) ;
#4748 = FACE_OUTER_BOUND ( 'NONE', #1899, .T. ) ;
#4749 = CARTESIAN_POINT ( 'NONE',  ( -58.71131989884241165, 2.500000000000000000, 35.45656248069552419 ) ) ;
#4750 = AXIS2_PLACEMENT_3D ( 'NONE', #5834, #3446, #5933 ) ;
#4751 = CARTESIAN_POINT ( 'NONE',  ( -21.36870262095736095, 39.02834083820642519, -33.64213447010288860 ) ) ;
#4752 = ORIENTED_EDGE ( 'NONE', *, *, #4907, .T. ) ;
#4753 = ADVANCED_FACE ( 'NONE', ( #1717 ), #1057, .F. ) ;
#4754 = ORIENTED_EDGE ( 'NONE', *, *, #3156, .T. ) ;
#4755 = FACE_OUTER_BOUND ( 'NONE', #4916, .T. ) ;
#4756 = ORIENTED_EDGE ( 'NONE', *, *, #3937, .F. ) ;
#4757 = VECTOR ( 'NONE', #2922, 1000.000000000000000 ) ;
#4758 = AXIS2_PLACEMENT_3D ( 'NONE', #414, #2351, #4369 ) ;
#4759 = DIRECTION ( 'NONE',  ( 0.000000000000000000, 0.7071067811865490160, -0.7071067811865460184 ) ) ;
#4760 = DIRECTION ( 'NONE',  ( 0.000000000000000000, 0.000000000000000000, -1.000000000000000000 ) ) ;
#4761 = VECTOR ( 'NONE', #264, 999.9999999999998863 ) ;
#4762 = DIRECTION ( 'NONE',  ( 0.7071067811865512365, 0.000000000000000000, 0.7071067811865439090 ) ) ;
#4763 = VECTOR ( 'NONE', #5205, 1000.000000000000000 ) ;
#4764 = ORIENTED_EDGE ( 'NONE', *, *, #768, .T. ) ;
#4765 = AXIS2_PLACEMENT_3D ( 'NONE', #518, #2870, #4387 ) ;
#4766 = DIRECTION ( 'NONE',  ( 0.000000000000000000, 0.000000000000000000, -1.000000000000000000 ) ) ;
#4767 = VERTEX_POINT ( 'NONE', #5954 ) ;
#4768 = CARTESIAN_POINT ( 'NONE',  ( -27.11131989884240667, 2.500000000000000000, 30.95656248069552063 ) ) ;
#4769 = ORIENTED_EDGE ( 'NONE', *, *, #3049, .F. ) ;
#4770 = CARTESIAN_POINT ( 'NONE',  ( 5.688683084131174184, 0.000000000000000000, 30.95656248069552063 ) ) ;
#4771 = AXIS2_PLACEMENT_3D ( 'NONE', #3524, #2049, #4062 ) ;
#4772 = LINE ( 'NONE', #1485, #5465 ) ;
#4773 = DIRECTION ( 'NONE',  ( 5.430604157131410851E-17, 0.000000000000000000, -1.000000000000000000 ) ) ;
#4774 = CARTESIAN_POINT ( 'NONE',  ( 0.000000000000000000, 2.500000000000000000, 0.000000000000000000 ) ) ;
#4775 = EDGE_CURVE ( 'NONE', #4503, #4317, #682, .T. ) ;
#4776 = CARTESIAN_POINT ( 'NONE',  ( 0.000000000000000000, 11.50000000000000000, -23.92534837884204180 ) ) ;
#4777 = ORIENTED_EDGE ( 'NONE', *, *, #2635, .F. ) ;
#4778 = ORIENTED_EDGE ( 'NONE', *, *, #6137, .T. ) ;
#4779 = CARTESIAN_POINT ( 'NONE',  ( -10.21131840735561447, 11.00000000000000000, -23.92534837884204180 ) ) ;
#4780 = DIRECTION ( 'NONE',  ( 0.000000000000000000, 1.000000000000000000, 0.000000000000000000 ) ) ;
#4781 = EDGE_CURVE ( 'NONE', #3237, #3523, #735, .T. ) ;
#4782 = CARTESIAN_POINT ( 'NONE',  ( -22.34155535072243381, 39.00640613344167917, -34.09800451553612533 ) ) ;
#4783 = VERTEX_POINT ( 'NONE', #2645 ) ;
#4784 = ORIENTED_EDGE ( 'NONE', *, *, #5659, .F. ) ;
#4785 = FACE_OUTER_BOUND ( 'NONE', #4999, .T. ) ;
#4786 = ORIENTED_EDGE ( 'NONE', *, *, #2873, .F. ) ;
#4787 = CARTESIAN_POINT ( 'NONE',  ( -15.96136771304669466, 39.50000000000000000, -32.12534837884233241 ) ) ;
#4788 = EDGE_CURVE ( 'NONE', #2321, #1843, #5565, .T. ) ;
#4789 = CARTESIAN_POINT ( 'NONE',  ( 38.28868010115761678, 19.49999999999999645, 0.000000000000000000 ) ) ;
#4790 = DIRECTION ( 'NONE',  ( 0.000000000000000000, 0.000000000000000000, -1.000000000000000000 ) ) ;
#4791 = ORIENTED_EDGE ( 'NONE', *, *, #1639, .F. ) ;
#4792 = ADVANCED_FACE ( 'NONE', ( #4571 ), #2994, .F. ) ;
#4793 = CARTESIAN_POINT ( 'NONE',  ( -15.96131840735561624, 2.500000000000000000, -24.62534837884204109 ) ) ;
#4794 = ORIENTED_EDGE ( 'NONE', *, *, #4077, .F. ) ;
#4795 = ADVANCED_FACE ( 'NONE', ( #6018 ), #4917, .T. ) ;
#4796 = ORIENTED_EDGE ( 'NONE', *, *, #4638, .T. ) ;
#4797 = CARTESIAN_POINT ( 'NONE',  ( 24.28868308413120047, 4.499999999999999112, 12.16560705092670958 ) ) ;
#4798 = CARTESIAN_POINT ( 'NONE',  ( -9.011318407355615179, 2.500000000000000000, -21.42534837884203824 ) ) ;
#4799 = DIRECTION ( 'NONE',  ( -1.000000000000000000, 0.000000000000000000, 0.000000000000000000 ) ) ;
#4800 = DIRECTION ( 'NONE',  ( 0.000000000000000000, 1.000000000000000000, 0.000000000000000000 ) ) ;
#4801 = CARTESIAN_POINT ( 'NONE',  ( -11.00538364511715983, 39.04050069571866999, -33.08484768312359137 ) ) ;
#4802 = EDGE_CURVE ( 'NONE', #4474, #2179, #1597, .T. ) ;
#4803 = ORIENTED_EDGE ( 'NONE', *, *, #1191, .F. ) ;
#4804 = CARTESIAN_POINT ( 'NONE',  ( -58.71131989884241165, 19.49999999999999645, 12.16560705092670602 ) ) ;
#4805 = ORIENTED_EDGE ( 'NONE', *, *, #4893, .T. ) ;
#4806 = CARTESIAN_POINT ( 'NONE',  ( -54.53191730300569873, 36.65802943555933524, -10.83439294907367056 ) ) ;
#4807 = FACE_OUTER_BOUND ( 'NONE', #5354, .T. ) ;
#4808 = DIRECTION ( 'NONE',  ( 0.7071067811865500152, 0.7071067811865451302, 0.000000000000000000 ) ) ;
#4809 = VERTEX_POINT ( 'NONE', #1628 ) ;
#4810 = VECTOR ( 'NONE', #4084, 1000.000000000000114 ) ;
#4811 = VECTOR ( 'NONE', #4279, 1000.000000000000114 ) ;
#4812 = ORIENTED_EDGE ( 'NONE', *, *, #1948, .T. ) ;
#4813 = DIRECTION ( 'NONE',  ( 0.000000000000000000, 0.000000000000000000, 1.000000000000000000 ) ) ;
#4814 = ORIENTED_EDGE ( 'NONE', *, *, #890, .T. ) ;
#4815 = AXIS2_PLACEMENT_3D ( 'NONE', #2531, #3950, #2939 ) ;
#4816 = ADVANCED_FACE ( 'NONE', ( #5489 ), #1160, .T. ) ;
#4817 = CARTESIAN_POINT ( 'NONE',  ( 38.28868010115761678, 9.499999999999998224, -7.834392949073296641 ) ) ;
#4818 = EDGE_CURVE ( 'NONE', #2516, #1126, #4446, .T. ) ;
#4819 = CARTESIAN_POINT ( 'NONE',  ( -22.67482495024485800, 38.99999999999999289, -34.12534837884242478 ) ) ;
#4820 = AXIS2_PLACEMENT_3D ( 'NONE', #3329, #1370, #5226 ) ;
#4821 = PRESENTATION_LAYER_ASSIGNMENT (  '', '', ( #6138 ) ) ;
#4822 = DIRECTION ( 'NONE',  ( 0.1992603046779680420, -0.7071067811865514585, -0.6784506842649934422 ) ) ;
#4823 = CARTESIAN_POINT ( 'NONE',  ( 5.049207500472294718, 39.50000000000000000, -31.12534837884203753 ) ) ;
#4824 = ORIENTED_EDGE ( 'NONE', *, *, #5302, .F. ) ;
#4825 = CARTESIAN_POINT ( 'NONE',  ( -58.71131989884241165, 0.5000000000000004441, -28.43040892023596200 ) ) ;
#4826 = VERTEX_POINT ( 'NONE', #616 ) ;
#4827 = EDGE_CURVE ( 'NONE', #1572, #2601, #5165, .T. ) ;
#4828 = ORIENTED_EDGE ( 'NONE', *, *, #5363, .T. ) ;
#4829 = DIRECTION ( 'NONE',  ( 0.000000000000000000, 0.000000000000000000, 1.000000000000000000 ) ) ;
#4830 = CARTESIAN_POINT ( 'NONE',  ( -14.71131840735561802, 2.499999999999998668, -40.12534837884211214 ) ) ;
#4831 = ADVANCED_FACE ( 'NONE', ( #236 ), #2151, .F. ) ;
#4832 = CARTESIAN_POINT ( 'NONE',  ( -9.711318407355614468, 2.500000000000000444, -23.42534837884203824 ) ) ;
#4833 = CARTESIAN_POINT ( 'NONE',  ( -23.41131840735561909, 11.50000000000000000, -20.92534837884203824 ) ) ;
#4834 = ORIENTED_EDGE ( 'NONE', *, *, #61, .F. ) ;
#4835 = ORIENTED_EDGE ( 'NONE', *, *, #5687, .F. ) ;
#4836 = PLANE ( 'NONE',  #1463 ) ;
#4837 = CARTESIAN_POINT ( 'NONE',  ( -58.71131989884241165, 20.00000000000000355, -7.834392949073296641 ) ) ;
#4838 = CARTESIAN_POINT ( 'NONE',  ( -21.26292985795572577, 39.03105417648498587, -33.54398534223699357 ) ) ;
#4839 = EDGE_LOOP ( 'NONE', ( #5594, #5592, #4395, #3812 ) ) ;
#4840 = EDGE_LOOP ( 'NONE', ( #5931, #2, #1277, #4281 ) ) ;
#4841 = DIRECTION ( 'NONE',  ( 1.000000000000000000, -0.000000000000000000, -0.000000000000000000 ) ) ;
#4842 = ORIENTED_EDGE ( 'NONE', *, *, #5727, .T. ) ;
#4843 = PLANE ( 'NONE',  #4853 ) ;
#4844 = AXIS2_PLACEMENT_3D ( 'NONE', #3949, #4457, #1573 ) ;
#4845 = DIRECTION ( 'NONE',  ( -1.000000000000000000, 0.000000000000000000, -0.000000000000000000 ) ) ;
#4846 = AXIS2_PLACEMENT_3D ( 'NONE', #4948, #2527, #1067 ) ;
#4847 = DIRECTION ( 'NONE',  ( 1.000000000000000000, 0.000000000000000000, 0.000000000000000000 ) ) ;
#4848 = CARTESIAN_POINT ( 'NONE',  ( -11.00538364511715983, 39.04050069571866999, -33.08484768312359137 ) ) ;
#4849 = ORIENTED_EDGE ( 'NONE', *, *, #5805, .F. ) ;
#4850 = EDGE_CURVE ( 'NONE', #1402, #5733, #841, .T. ) ;
#4851 = VECTOR ( 'NONE', #3850, 1000.000000000000000 ) ;
#4852 = AXIS2_PLACEMENT_3D ( 'NONE', #2605, #4404, #1141 ) ;
#4853 = AXIS2_PLACEMENT_3D ( 'NONE', #1528, #4759, #2399 ) ;
#4854 = VECTOR ( 'NONE', #219, 1000.000000000000000 ) ;
#4855 = AXIS2_PLACEMENT_3D ( 'NONE', #1905, #1937, #23 ) ;
#4856 = CIRCLE ( 'NONE', #3453, 3.300000000000011369 ) ;
#4857 = DIRECTION ( 'NONE',  ( 0.7071067811865402453, -0.7071067811865549002, 0.000000000000000000 ) ) ;
#4858 = DIRECTION ( 'NONE',  ( 0.000000000000000000, 0.000000000000000000, -1.000000000000000000 ) ) ;
#4859 = AXIS2_PLACEMENT_3D ( 'NONE', #3983, #2005, #1510 ) ;
#4860 = ORIENTED_EDGE ( 'NONE', *, *, #5807, .F. ) ;
#4861 = VECTOR ( 'NONE', #5840, 1000.000000000000000 ) ;
#4862 = DIRECTION ( 'NONE',  ( 0.000000000000000000, 0.000000000000000000, 1.000000000000000000 ) ) ;
#4863 = EDGE_CURVE ( 'NONE', #1437, #2199, #1785, .T. ) ;
#4864 = CARTESIAN_POINT ( 'NONE',  ( -31.92263681471123249, 11.50000000000000000, -19.42534837884203824 ) ) ;
#4865 = AXIS2_PLACEMENT_3D ( 'NONE', #1361, #3733, #412 ) ;
#4866 = CARTESIAN_POINT ( 'NONE',  ( -9.011318407355615179, 11.50000000000000000, -18.92534837884203824 ) ) ;
#4867 = DIRECTION ( 'NONE',  ( 1.000000000000000000, -0.000000000000000000, -0.000000000000000000 ) ) ;
#4868 = AXIS2_PLACEMENT_3D ( 'NONE', #1135, #2102, #4023 ) ;
#4869 = ORIENTED_EDGE ( 'NONE', *, *, #190, .T. ) ;
#4870 = ORIENTED_EDGE ( 'NONE', *, *, #196, .F. ) ;
#4871 = VECTOR ( 'NONE', #63, 1000.000000000000000 ) ;
#4872 = DIRECTION ( 'NONE',  ( -1.000000000000000000, 0.000000000000000000, 6.938893903907222067E-15 ) ) ;
#4873 = LINE ( 'NONE', #573, #3043 ) ;
#4874 = CARTESIAN_POINT ( 'NONE',  ( -22.91131840735561909, 11.50000000000000000, -18.92534837884203824 ) ) ;
#4875 = ORIENTED_EDGE ( 'NONE', *, *, #4656, .T. ) ;
#4876 = DIRECTION ( 'NONE',  ( -0.000000000000000000, -1.000000000000000000, -0.000000000000000000 ) ) ;
#4877 = ORIENTED_EDGE ( 'NONE', *, *, #1537, .T. ) ;
#4878 = CYLINDRICAL_SURFACE ( 'NONE', #2556, 69.50000000000000000 ) ;
#4879 = EDGE_CURVE ( 'NONE', #1572, #1844, #3722, .T. ) ;
#4880 = VERTEX_POINT ( 'NONE', #5102 ) ;
#4881 = CARTESIAN_POINT ( 'NONE',  ( -14.71131840735557361, 0.5000000000000004441, -34.12534837884231820 ) ) ;
#4882 = DIRECTION ( 'NONE',  ( -1.000000000000000000, 0.000000000000000000, 0.000000000000000000 ) ) ;
#4883 = EDGE_CURVE ( 'NONE', #5100, #1402, #803, .T. ) ;
#4884 = LINE ( 'NONE', #178, #1108 ) ;
#4885 = LINE ( 'NONE', #2492, #2146 ) ;
#4886 = ORIENTED_EDGE ( 'NONE', *, *, #618, .T. ) ;
#4887 = CYLINDRICAL_SURFACE ( 'NONE', #2503, 4.999999999999997335 ) ;
#4888 = EDGE_CURVE ( 'NONE', #4938, #3984, #2445, .T. ) ;
#4889 = DIRECTION ( 'NONE',  ( 0.000000000000000000, 0.000000000000000000, 1.000000000000000000 ) ) ;
#4890 = EDGE_LOOP ( 'NONE', ( #3621, #5544, #3807, #2759 ) ) ;
#4891 = ORIENTED_EDGE ( 'NONE', *, *, #2315, .T. ) ;
#4892 = FACE_OUTER_BOUND ( 'NONE', #5031, .T. ) ;
#4893 = EDGE_CURVE ( 'NONE', #2271, #1904, #5172, .T. ) ;
#4894 = DIRECTION ( 'NONE',  ( 0.000000000000000000, 0.000000000000000000, 1.000000000000000000 ) ) ;
#4895 = FACE_OUTER_BOUND ( 'NONE', #1578, .T. ) ;
#4896 = PLANE ( 'NONE',  #408 ) ;
#4897 = ORIENTED_EDGE ( 'NONE', *, *, #5659, .T. ) ;
#4898 = VERTEX_POINT ( 'NONE', #427 ) ;
#4899 = DIRECTION ( 'NONE',  ( -0.000000000000000000, 1.000000000000000000, -0.000000000000000000 ) ) ;
#4900 = CARTESIAN_POINT ( 'NONE',  ( -3.461318407355616245, 12.00000000000000000, 35.45656248069552419 ) ) ;
#4901 = FACE_OUTER_BOUND ( 'NONE', #5071, .T. ) ;
#4902 = ORIENTED_EDGE ( 'NONE', *, *, #2323, .F. ) ;
#4903 = CARTESIAN_POINT ( 'NONE',  ( -3.461318407355616245, 17.50000000000000000, 38.45656248069552419 ) ) ;
#4904 = VERTEX_POINT ( 'NONE', #2336 ) ;
#4905 = CARTESIAN_POINT ( 'NONE',  ( -58.71131989884241165, 3.999999999999988010, 0.000000000000000000 ) ) ;
#4906 = EDGE_LOOP ( 'NONE', ( #4482, #4132, #1518, #2985 ) ) ;
#4907 = EDGE_CURVE ( 'NONE', #3525, #1054, #5272, .T. ) ;
#4908 = LINE ( 'NONE', #4036, #2450 ) ;
#4909 = EDGE_CURVE ( 'NONE', #3719, #470, #6183, .T. ) ;
#4910 = CARTESIAN_POINT ( 'NONE',  ( 23.78868308413118626, 2.500000000000000000, -28.43037995825160991 ) ) ;
#4911 = EDGE_CURVE ( 'NONE', #1846, #6064, #549, .T. ) ;
#4912 = LINE ( 'NONE', #612, #3916 ) ;
#4913 = CARTESIAN_POINT ( 'NONE',  ( 17.78868308413117916, 0.000000000000000000, 27.20656248069551708 ) ) ;
#4914 = AXIS2_PLACEMENT_3D ( 'NONE', #2719, #5556, #3669 ) ;
#4915 = VECTOR ( 'NONE', #2491, 1000.000000000000000 ) ;
#4916 = EDGE_LOOP ( 'NONE', ( #2016, #2242, #3294, #4971, #4952 ) ) ;
#4917 = PLANE ( 'NONE',  #3955 ) ;
#4918 = AXIS2_PLACEMENT_3D ( 'NONE', #2975, #660, #1671 ) ;
#4919 = VECTOR ( 'NONE', #6041, 1000.000000000000000 ) ;
#4920 = VECTOR ( 'NONE', #1504, 1000.000000000000000 ) ;
#4921 = DIRECTION ( 'NONE',  ( 0.000000000000000000, 0.000000000000000000, -1.000000000000000000 ) ) ;
#4922 = CARTESIAN_POINT ( 'NONE',  ( -22.91131840735561909, 11.00000000000000000, -21.42534837884203824 ) ) ;
#4923 = LINE ( 'NONE', #5336, #5060 ) ;
#4924 = ORIENTED_EDGE ( 'NONE', *, *, #3001, .F. ) ;
#4925 = DIRECTION ( 'NONE',  ( -1.000000000000000000, 0.000000000000000000, 0.000000000000000000 ) ) ;
#4926 = PLANE ( 'NONE',  #6175 ) ;
#4927 = FACE_OUTER_BOUND ( 'NONE', #544, .T. ) ;
#4928 = LINE ( 'NONE', #99, #916 ) ;
#4929 = EDGE_CURVE ( 'NONE', #2380, #5500, #2777, .T. ) ;
#4930 = ORIENTED_EDGE ( 'NONE', *, *, #3068, .F. ) ;
#4931 = EDGE_CURVE ( 'NONE', #4317, #5389, #2676, .T. ) ;
#4932 = VERTEX_POINT ( 'NONE', #4697 ) ;
#4933 = LINE ( 'NONE', #630, #2344 ) ;
#4934 = CARTESIAN_POINT ( 'NONE',  ( -9.711318407355614468, 11.50000000000000000, 0.000000000000000000 ) ) ;
#4935 = FACE_BOUND ( 'NONE', #2427, .T. ) ;
#4936 = VERTEX_POINT ( 'NONE', #4632 ) ;
#4937 = DIRECTION ( 'NONE',  ( 0.000000000000000000, 0.000000000000000000, -1.000000000000000000 ) ) ;
#4938 = VERTEX_POINT ( 'NONE', #4598 ) ;
#4939 = VERTEX_POINT ( 'NONE', #2807 ) ;
#4940 = CARTESIAN_POINT ( 'NONE',  ( -55.71131989884241165, 39.50000000000000000, -28.43040892023596200 ) ) ;
#4941 = CARTESIAN_POINT ( 'NONE',  ( 0.000000000000000000, 2.500000000000000000, 30.95656248069552063 ) ) ;
#4942 = LINE ( 'NONE', #5855, #3406 ) ;
#4943 = DIRECTION ( 'NONE',  ( 0.000000000000000000, 1.000000000000000000, 0.000000000000000000 ) ) ;
#4944 = EDGE_CURVE ( 'NONE', #2096, #1694, #2053, .T. ) ;
#4945 = ORIENTED_EDGE ( 'NONE', *, *, #4733, .F. ) ;
#4946 = DIRECTION ( 'NONE',  ( 0.000000000000000000, 1.000000000000000000, -4.625929269271486900E-16 ) ) ;
#4947 = CARTESIAN_POINT ( 'NONE',  ( -11.15904719391786593, 39.04499684577229601, -32.72667859065525420 ) ) ;
#4948 = CARTESIAN_POINT ( 'NONE',  ( -1.051871352883777052E-13, 0.000000000000000000, 15.16560705092670602 ) ) ;
#4949 = AXIS2_PLACEMENT_3D ( 'NONE', #519, #5356, #5299 ) ;
#4950 = AXIS2_PLACEMENT_3D ( 'NONE', #104, #5842, #5409 ) ;
#4951 = CARTESIAN_POINT ( 'NONE',  ( 1.538681592644377982, 27.50000000000000000, 37.95656248069552419 ) ) ;
#4952 = ORIENTED_EDGE ( 'NONE', *, *, #3332, .T. ) ;
#4953 = VECTOR ( 'NONE', #961, 1000.000000000000000 ) ;
#4954 = AXIS2_PLACEMENT_3D ( 'NONE', #2555, #142, #1562 ) ;
#4955 = VECTOR ( 'NONE', #4120, 1000.000000000000000 ) ;
#4956 = FACE_OUTER_BOUND ( 'NONE', #4544, .T. ) ;
#4957 = DIRECTION ( 'NONE',  ( 0.000000000000000000, 1.000000000000000000, 0.000000000000000000 ) ) ;
#4958 = CARTESIAN_POINT ( 'NONE',  ( -4.811316915868824928, 2.500000000000000000, -5.900334066158607930E-16 ) ) ;
#4959 = AXIS2_PLACEMENT_3D ( 'NONE', #4721, #421, #1874 ) ;
#4960 = AXIS2_PLACEMENT_3D ( 'NONE', #1186, #3591, #180 ) ;
#4961 = LINE ( 'NONE', #1577, #3713 ) ;
#4962 = VERTEX_POINT ( 'NONE', #907 ) ;
#4963 = ORIENTED_EDGE ( 'NONE', *, *, #4071, .T. ) ;
#4964 = EDGE_CURVE ( 'NONE', #788, #4301, #5678, .T. ) ;
#4965 = FACE_OUTER_BOUND ( 'NONE', #5676, .T. ) ;
#4966 = AXIS2_PLACEMENT_3D ( 'NONE', #3455, #5440, #5473 ) ;
#4967 = DIRECTION ( 'NONE',  ( 5.430604157131410851E-17, 0.000000000000000000, -1.000000000000000000 ) ) ;
#4968 = EDGE_CURVE ( 'NONE', #3984, #4938, #3054, .T. ) ;
#4969 = DIRECTION ( 'NONE',  ( -1.000000000000000000, 0.000000000000000000, -1.387080272683752052E-14 ) ) ;
#4970 = ORIENTED_EDGE ( 'NONE', *, *, #4788, .T. ) ;
#4971 = ORIENTED_EDGE ( 'NONE', *, *, #4337, .T. ) ;
#4972 = DIRECTION ( 'NONE',  ( 6.280397680075400477E-33, 1.000000000000000000, -1.156482317317871725E-16 ) ) ;
#4973 = ORIENTED_EDGE ( 'NONE', *, *, #5334, .F. ) ;
#4974 = VECTOR ( 'NONE', #5646, 1000.000000000000000 ) ;
#4975 = FACE_OUTER_BOUND ( 'NONE', #1683, .T. ) ;
#4976 = EDGE_CURVE ( 'NONE', #171, #1651, #1747, .T. ) ;
#4977 = DIRECTION ( 'NONE',  ( 1.000000000000000000, 0.000000000000000000, 0.000000000000000000 ) ) ;
#4978 = CARTESIAN_POINT ( 'NONE',  ( -55.71131989884241165, 38.99999999999999289, 35.45656248069552419 ) ) ;
#4979 = DIRECTION ( 'NONE',  ( 0.000000000000000000, 0.000000000000000000, 1.000000000000000000 ) ) ;
#4980 = EDGE_LOOP ( 'NONE', ( #3905, #6133, #4842, #4599 ) ) ;
#4981 = DIRECTION ( 'NONE',  ( 0.000000000000000000, -4.625929269271486900E-16, -1.000000000000000000 ) ) ;
#4982 = EDGE_CURVE ( 'NONE', #1646, #3525, #4168, .T. ) ;
#4983 = CARTESIAN_POINT ( 'NONE',  ( -11.10434016329904416, 39.04337317596876744, -32.87836208331089694 ) ) ;
#4984 = CARTESIAN_POINT ( 'NONE',  ( 5.188683084131180401, -44.50000000000000000, -26.12534837884203753 ) ) ;
#4985 = AXIS2_PLACEMENT_3D ( 'NONE', #1297, #1704, #790 ) ;
#4986 = EDGE_LOOP ( 'NONE', ( #5626, #5150, #3602, #2620 ) ) ;
#4987 = EDGE_CURVE ( 'NONE', #497, #2425, #2307, .T. ) ;
#4988 = CARTESIAN_POINT ( 'NONE',  ( -21.71131840735561980, 2.500000000000000000, -31.12534837884203753 ) ) ;
#4989 = CARTESIAN_POINT ( 'NONE',  ( -55.71131989884241165, 2.500000000000000000, 35.45656248069552419 ) ) ;
#4990 = EDGE_CURVE ( 'NONE', #2588, #4737, #3247, .T. ) ;
#4991 = CARTESIAN_POINT ( 'NONE',  ( -27.11131989884241023, 11.00000000000000000, -18.92534837884203824 ) ) ;
#4992 = CARTESIAN_POINT ( 'NONE',  ( 23.78868308413118271, 38.99999999999999289, 35.45656248069552419 ) ) ;
#4993 = ORIENTED_EDGE ( 'NONE', *, *, #1307, .F. ) ;
#4994 = VERTEX_POINT ( 'NONE', #3279 ) ;
#4995 = DIRECTION ( 'NONE',  ( -0.000000000000000000, -1.000000000000000000, -0.000000000000000000 ) ) ;
#4996 = PLANE ( 'NONE',  #5585 ) ;
#4997 = EDGE_CURVE ( 'NONE', #2769, #4257, #3878, .T. ) ;
#4998 = AXIS2_PLACEMENT_3D ( 'NONE', #2990, #3056, #4977 ) ;
#4999 = EDGE_LOOP ( 'NONE', ( #5169, #357, #3688, #229 ) ) ;
#5000 = DIRECTION ( 'NONE',  ( -1.226344921636310289E-16, 0.000000000000000000, 1.000000000000000000 ) ) ;
#5001 = EDGE_LOOP ( 'NONE', ( #6162, #6101, #4340, #2633 ) ) ;
#5002 = VERTEX_POINT ( 'NONE', #2868 ) ;
#5003 = DIRECTION ( 'NONE',  ( 0.000000000000000000, 1.000000000000000000, 0.000000000000000000 ) ) ;
#5004 = CYLINDRICAL_SURFACE ( 'NONE', #187, 3.000000000000002665 ) ;
#5005 = LINE ( 'NONE', #2587, #2637 ) ;
#5006 = ORIENTED_EDGE ( 'NONE', *, *, #2749, .F. ) ;
#5007 = DIRECTION ( 'NONE',  ( 0.000000000000000000, -1.000000000000000000, 0.000000000000000000 ) ) ;
#5008 = ADVANCED_FACE ( 'NONE', ( #5324 ), #1024, .T. ) ;
#5009 = CARTESIAN_POINT ( 'NONE',  ( -10.92960930462875169, 39.03834963016606707, -33.21317119342589308 ) ) ;
#5010 = DIRECTION ( 'NONE',  ( 0.6839411288813307399, -0.7295372041400842722, -4.745794929826089353E-15 ) ) ;
#5011 = ORIENTED_EDGE ( 'NONE', *, *, #5760, .T. ) ;
#5012 = AXIS2_PLACEMENT_3D ( 'NONE', #389, #4152, #2326 ) ;
#5013 = CARTESIAN_POINT ( 'NONE',  ( 24.12191091057657744, 39.33322782644538762, -28.67944839986718364 ) ) ;
#5014 = FACE_OUTER_BOUND ( 'NONE', #1393, .T. ) ;
#5015 = PLANE ( 'NONE',  #1378 ) ;
#5016 = EDGE_CURVE ( 'NONE', #4994, #3399, #1963, .T. ) ;
#5017 = PLANE ( 'NONE',  #5114 ) ;
#5018 = EDGE_LOOP ( 'NONE', ( #1381, #795, #3817, #5451 ) ) ;
#5019 = DIRECTION ( 'NONE',  ( 1.000000000000000000, 0.000000000000000000, 0.000000000000000000 ) ) ;
#5020 = VERTEX_POINT ( 'NONE', #6211 ) ;
#5021 = PLANE ( 'NONE',  #5048 ) ;
#5022 = CARTESIAN_POINT ( 'NONE',  ( 17.78868308413117916, 0.9499999999999836353, 25.45656248069551708 ) ) ;
#5023 = EDGE_LOOP ( 'NONE', ( #3967, #3330, #2396, #1032 ) ) ;
#5024 = DIRECTION ( 'NONE',  ( 1.226344921636310289E-16, 0.000000000000000000, -1.000000000000000000 ) ) ;
#5025 = ORIENTED_EDGE ( 'NONE', *, *, #1341, .T. ) ;
#5026 = LINE ( 'NONE', #3051, #3259 ) ;
#5027 = ORIENTED_EDGE ( 'NONE', *, *, #3883, .T. ) ;
#5028 = DIRECTION ( 'NONE',  ( 0.000000000000000000, 0.000000000000000000, -1.000000000000000000 ) ) ;
#5029 = CARTESIAN_POINT ( 'NONE',  ( -56.21131989884242586, 19.49999999999999645, 0.000000000000000000 ) ) ;
#5030 = PLANE ( 'NONE',  #3947 ) ;
#5031 = EDGE_LOOP ( 'NONE', ( #3032, #607, #1219, #2899 ) ) ;
#5032 = DIRECTION ( 'NONE',  ( -6.935401363418759473E-15, -1.451039654367012785E-31, -1.000000000000000000 ) ) ;
#5033 = DIRECTION ( 'NONE',  ( -3.469446951953615372E-15, 0.000000000000000000, 1.000000000000000000 ) ) ;
#5034 = CARTESIAN_POINT ( 'NONE',  ( -55.71131989884241165, 14.49999999999999467, 12.16560705092670602 ) ) ;
#5035 = CARTESIAN_POINT ( 'NONE',  ( -22.10202222441645858, 39.49999999999998579, -33.51253383431589583 ) ) ;
#5036 = ADVANCED_FACE ( 'NONE', ( #4785 ), #2925, .F. ) ;
#5037 = EDGE_LOOP ( 'NONE', ( #985, #3396, #3093, #3390 ) ) ;
#5038 = DIRECTION ( 'NONE',  ( 0.000000000000000000, 0.000000000000000000, -1.000000000000000000 ) ) ;
#5039 = VECTOR ( 'NONE', #2715, 1000.000000000000000 ) ;
#5040 = PLANE ( 'NONE',  #5668 ) ;
#5041 = EDGE_CURVE ( 'NONE', #2834, #3662, #4060, .T. ) ;
#5042 = DIRECTION ( 'NONE',  ( -1.000000000000000000, 0.000000000000000000, 0.000000000000000000 ) ) ;
#5043 = CONICAL_SURFACE ( 'NONE', #5960, 2.500000000000002220, 0.7853981633974387311 ) ;
#5044 = CARTESIAN_POINT ( 'NONE',  ( -55.71131989884241165, 39.50000000000000000, 35.45656248069552419 ) ) ;
#5045 = ORIENTED_EDGE ( 'NONE', *, *, #5520, .F. ) ;
#5046 = DIRECTION ( 'NONE',  ( 0.5773502691896259531, 0.5773502691896256200, -0.5773502691896256200 ) ) ;
#5047 = VECTOR ( 'NONE', #1184, 1000.000000000000114 ) ;
#5048 = AXIS2_PLACEMENT_3D ( 'NONE', #722, #350, #317 ) ;
#5049 = ORIENTED_EDGE ( 'NONE', *, *, #4888, .F. ) ;
#5050 = EDGE_CURVE ( 'NONE', #2098, #4577, #2152, .T. ) ;
#5051 = CARTESIAN_POINT ( 'NONE',  ( -33.46131840735562690, 27.50000000000000000, 37.95656248069552419 ) ) ;
#5052 = DIRECTION ( 'NONE',  ( 0.000000000000000000, 9.462128050782567119E-16, -1.000000000000000000 ) ) ;
#5053 = AXIS2_PLACEMENT_3D ( 'NONE', #1900, #1962, #3809 ) ;
#5054 = AXIS2_PLACEMENT_3D ( 'NONE', #2288, #2222, #5618 ) ;
#5055 = CIRCLE ( 'NONE', #4361, 3.300000000000011369 ) ;
#5056 = ORIENTED_EDGE ( 'NONE', *, *, #1070, .F. ) ;
#5057 = DIRECTION ( 'NONE',  ( 1.000000000000000000, -0.000000000000000000, -0.000000000000000000 ) ) ;
#5058 = VERTEX_POINT ( 'NONE', #3786 ) ;
#5059 = ORIENTED_EDGE ( 'NONE', *, *, #511, .T. ) ;
#5060 = VECTOR ( 'NONE', #1633, 1000.000000000000114 ) ;
#5061 = ADVANCED_FACE ( 'NONE', ( #4755 ), #5821, .F. ) ;
#5062 = VECTOR ( 'NONE', #6002, 1000.000000000000000 ) ;
#5063 = CARTESIAN_POINT ( 'NONE',  ( -22.91131840735561909, 2.500000000000000000, -21.42534837884203824 ) ) ;
#5064 = VECTOR ( 'NONE', #3408, 1000.000000000000000 ) ;
#5065 = CARTESIAN_POINT ( 'NONE',  ( -56.21131989884242586, 14.49999999999999645, 17.16560705092670602 ) ) ;
#5066 = VECTOR ( 'NONE', #593, 1000.000000000000000 ) ;
#5067 = DIRECTION ( 'NONE',  ( -1.000000000000000000, 0.000000000000000000, 0.000000000000000000 ) ) ;
#5068 = ADVANCED_FACE ( 'NONE', ( #994 ), #4878, .T. ) ;
#5069 = ORIENTED_EDGE ( 'NONE', *, *, #2552, .F. ) ;
#5070 = DIRECTION ( 'NONE',  ( 0.000000000000000000, -1.000000000000000000, 1.156482317317871725E-16 ) ) ;
#5071 = EDGE_LOOP ( 'NONE', ( #1585, #4728, #4025, #2237, #3957, #3178, #1837, #5333, #1777, #3420, #5804, #5011, #2143, #4716 ) ) ;
#5072 = CONICAL_SURFACE ( 'NONE', #5870, 5.500000000000011546, 0.7853981633974457255 ) ;
#5073 = DIRECTION ( 'NONE',  ( 0.5773502691896258421, 0.5773502691896258421, 0.5773502691896258421 ) ) ;
#5074 = AXIS2_PLACEMENT_3D ( 'NONE', #3795, #5653, #1481 ) ;
#5075 = CARTESIAN_POINT ( 'NONE',  ( -10.99920709899322624, 39.02696784294375476, -33.09838053589850659 ) ) ;
#5076 = CARTESIAN_POINT ( 'NONE',  ( -21.48153384171946101, 39.50000000000000711, -33.04034399626576146 ) ) ;
#5077 = ORIENTED_EDGE ( 'NONE', *, *, #1253, .T. ) ;
#5078 = EDGE_CURVE ( 'NONE', #1126, #3193, #1471, .T. ) ;
#5079 = CARTESIAN_POINT ( 'NONE',  ( -58.71131989884241165, 38.99999999999999289, -28.43040892023596200 ) ) ;
#5080 = PLANE ( 'NONE',  #2348 ) ;
#5081 = CARTESIAN_POINT ( 'NONE',  ( -10.44120158437389456, 39.49999999999999289, -33.04034399626560514 ) ) ;
#5082 = FACE_OUTER_BOUND ( 'NONE', #3869, .T. ) ;
#5083 = DIRECTION ( 'NONE',  ( 0.000000000000000000, 0.000000000000000000, 1.000000000000000000 ) ) ;
#5084 = EDGE_LOOP ( 'NONE', ( #1700, #2602, #1064, #763, #2082, #1345, #4273, #2761 ) ) ;
#5085 = CARTESIAN_POINT ( 'NONE',  ( 23.78868308413118271, 39.50000000000000000, 37.95656248069552419 ) ) ;
#5086 = ORIENTED_EDGE ( 'NONE', *, *, #3068, .T. ) ;
#5087 = EDGE_CURVE ( 'NONE', #4257, #3047, #3372, .T. ) ;
#5088 = CARTESIAN_POINT ( 'NONE',  ( -15.96131840735561624, 3.000000000000000000, -29.62534837884204109 ) ) ;
#5089 = DIRECTION ( 'NONE',  ( -1.000000000000000000, 0.000000000000000000, -1.387778780781441100E-14 ) ) ;
#5090 =( GEOMETRIC_REPRESENTATION_CONTEXT ( 3 ) GLOBAL_UNCERTAINTY_ASSIGNED_CONTEXT ( ( #2023 ) ) GLOBAL_UNIT_ASSIGNED_CONTEXT ( ( #4707, #4241, #3766 ) ) REPRESENTATION_CONTEXT ( 'NONE', 'WORKASPACE' ) );
#5091 = CARTESIAN_POINT ( 'NONE',  ( 26.78868308413118271, 9.499999999999998224, 12.16560705092670780 ) ) ;
#5092 = VERTEX_POINT ( 'NONE', #1438 ) ;
#5093 = CARTESIAN_POINT ( 'NONE',  ( 23.78868308413118626, 3.999999999999988010, -7.834392949073296641 ) ) ;
#5094 = ORIENTED_EDGE ( 'NONE', *, *, #3854, .T. ) ;
#5095 = VERTEX_POINT ( 'NONE', #5353 ) ;
#5096 = DIRECTION ( 'NONE',  ( -1.000000000000000000, 0.000000000000000000, -1.387080272683752052E-14 ) ) ;
#5097 = CARTESIAN_POINT ( 'NONE',  ( 2.038681592644381091, 22.50000000000000355, 38.45656248069552419 ) ) ;
#5098 = VECTOR ( 'NONE', #2752, 999.9999999999998863 ) ;
#5099 = CARTESIAN_POINT ( 'NONE',  ( -10.23360219638407820, 39.02052556164932895, -33.86648272254283398 ) ) ;
#5100 = VERTEX_POINT ( 'NONE', #5296 ) ;
#5101 = ADVANCED_FACE ( 'NONE', ( #1409 ), #1053, .F. ) ;
#5102 = CARTESIAN_POINT ( 'NONE',  ( 26.78868308413118271, 14.49999999999999645, 17.66560705092671668 ) ) ;
#5103 = ORIENTED_EDGE ( 'NONE', *, *, #2002, .T. ) ;
#5104 = EDGE_CURVE ( 'NONE', #5733, #4783, #3816, .T. ) ;
#5105 = DIRECTION ( 'NONE',  ( 1.000000000000000000, 0.000000000000000000, 1.387080272683752052E-14 ) ) ;
#5106 = EDGE_CURVE ( 'NONE', #1424, #2469, #2426, .T. ) ;
#5107 = DIRECTION ( 'NONE',  ( 0.000000000000000000, 0.000000000000000000, -1.000000000000000000 ) ) ;
#5108 = CARTESIAN_POINT ( 'NONE',  ( -21.15455695910532086, 39.03391852343496993, -33.42864865334073698 ) ) ;
#5109 = VERTEX_POINT ( 'NONE', #51 ) ;
#5110 = CARTESIAN_POINT ( 'NONE',  ( -55.71131989884241165, 9.499999999999998224, 12.16560705092670780 ) ) ;
#5111 = FACE_OUTER_BOUND ( 'NONE', #6210, .T. ) ;
#5112 = CARTESIAN_POINT ( 'NONE',  ( -9.247910475848483358, 39.50000000000000000, -33.62534837884223293 ) ) ;
#5113 = DIRECTION ( 'NONE',  ( 0.000000000000000000, -0.000000000000000000, 1.000000000000000000 ) ) ;
#5114 = AXIS2_PLACEMENT_3D ( 'NONE', #281, #1196, #1326 ) ;
#5115 = VECTOR ( 'NONE', #6201, 1000.000000000000000 ) ;
#5116 = LINE ( 'NONE', #6034, #1010 ) ;
#5117 = ORIENTED_EDGE ( 'NONE', *, *, #4724, .F. ) ;
#5118 = CARTESIAN_POINT ( 'NONE',  ( -28.46131840735561980, 27.50000000000000000, 37.95656248069552419 ) ) ;
#5119 = ORIENTED_EDGE ( 'NONE', *, *, #1451, .F. ) ;
#5120 = VECTOR ( 'NONE', #477, 1000.000000000000000 ) ;
#5121 = CIRCLE ( 'NONE', #2609, 5.500000000000011546 ) ;
#5122 = DIRECTION ( 'NONE',  ( 0.000000000000000000, -0.000000000000000000, -1.000000000000000000 ) ) ;
#5123 = DIRECTION ( 'NONE',  ( -1.000000000000000000, 0.000000000000000000, 0.000000000000000000 ) ) ;
#5124 = CARTESIAN_POINT ( 'NONE',  ( -28.46131840735561980, 17.50000000000000000, 37.95656248069552419 ) ) ;
#5125 = EDGE_CURVE ( 'NONE', #5286, #4625, #62, .T. ) ;
#5126 = VERTEX_POINT ( 'NONE', #4385 ) ;
#5127 = DIRECTION ( 'NONE',  ( 0.000000000000000000, 0.000000000000000000, -1.000000000000000000 ) ) ;
#5128 = EDGE_CURVE ( 'NONE', #1694, #5204, #3907, .T. ) ;
#5129 = VERTEX_POINT ( 'NONE', #1882 ) ;
#5130 = EDGE_LOOP ( 'NONE', ( #742, #2678, #758, #4613, #3184, #5743, #2233, #4051 ) ) ;
#5131 = DIRECTION ( 'NONE',  ( 0.000000000000000000, 0.000000000000000000, 1.000000000000000000 ) ) ;
#5132 = CYLINDRICAL_SURFACE ( 'NONE', #3443, 4.500000000000002665 ) ;
#5133 = CARTESIAN_POINT ( 'NONE',  ( -9.576902066129132862, 39.00624638045037074, -34.10777183863548601 ) ) ;
#5134 = EDGE_CURVE ( 'NONE', #3286, #2098, #5026, .T. ) ;
#5135 = ORIENTED_EDGE ( 'NONE', *, *, #5241, .T. ) ;
#5136 = ORIENTED_EDGE ( 'NONE', *, *, #4931, .F. ) ;
#5137 = DIRECTION ( 'NONE',  ( 0.000000000000000000, 0.000000000000000000, 1.000000000000000000 ) ) ;
#5138 = ORIENTED_EDGE ( 'NONE', *, *, #2675, .T. ) ;
#5139 = DIRECTION ( 'NONE',  ( -0.000000000000000000, -1.000000000000000000, -0.000000000000000000 ) ) ;
#5140 = LINE ( 'NONE', #1282, #1519 ) ;
#5141 = CARTESIAN_POINT ( 'NONE',  ( -22.35363676157867729, 39.49999999999999289, -33.59131490348757865 ) ) ;
#5142 = ORIENTED_EDGE ( 'NONE', *, *, #5536, .T. ) ;
#5143 = PLANE ( 'NONE',  #1545 ) ;
#5144 = CARTESIAN_POINT ( 'NONE',  ( -55.71131989884257507, 35.39999999999999858, -10.83439294907367945 ) ) ;
#5145 = CARTESIAN_POINT ( 'NONE',  ( -9.876597248661177275, 39.50000000000000711, -33.48872083916948839 ) ) ;
#5146 = SHAPE_DEFINITION_REPRESENTATION ( #3892, #4303 ) ;
#5147 = CARTESIAN_POINT ( 'NONE',  ( 23.78868308413118271, 20.00000000000000711, 12.16560705092670602 ) ) ;
#5148 = EDGE_LOOP ( 'NONE', ( #666, #569, #5537, #3300 ) ) ;
#5149 = LINE ( 'NONE', #3101, #5869 ) ;
#5150 = ORIENTED_EDGE ( 'NONE', *, *, #4642, .F. ) ;
#5151 = VECTOR ( 'NONE', #2027, 1000.000000000000000 ) ;
#5152 = CARTESIAN_POINT ( 'NONE',  ( -22.91131840735561909, 11.50000000000000000, -21.42534837884203824 ) ) ;
#5153 = DIRECTION ( 'NONE',  ( 0.000000000000000000, 0.000000000000000000, -1.000000000000000000 ) ) ;
#5154 = LINE ( 'NONE', #2695, #2999 ) ;
#5155 = VECTOR ( 'NONE', #2814, 1000.000000000000000 ) ;
#5156 = ORIENTED_EDGE ( 'NONE', *, *, #1877, .T. ) ;
#5157 = LINE ( 'NONE', #4589, #507 ) ;
#5158 = VECTOR ( 'NONE', #4899, 1000.000000000000000 ) ;
#5159 = EDGE_CURVE ( 'NONE', #3456, #1801, #202, .T. ) ;
#5160 = EDGE_LOOP ( 'NONE', ( #4963, #5325, #638, #1301 ) ) ;
#5161 = CARTESIAN_POINT ( 'NONE',  ( 24.28868308413120047, 9.499999999999998224, -7.834392949073296641 ) ) ;
#5162 = EDGE_LOOP ( 'NONE', ( #4243, #6173, #4777, #1155, #4115 ) ) ;
#5163 = AXIS2_PLACEMENT_3D ( 'NONE', #5930, #686, #2594 ) ;
#5164 = CARTESIAN_POINT ( 'NONE',  ( -55.71131989884245428, 39.00000000000000000, -28.43040892023610056 ) ) ;
#5165 = CIRCLE ( 'NONE', #5863, 4.999999999999999112 ) ;
#5166 = VECTOR ( 'NONE', #2822, 1000.000000000000000 ) ;
#5167 = CARTESIAN_POINT ( 'NONE',  ( 0.000000000000000000, 12.00000000000000000, 38.45656248069552419 ) ) ;
#5168 = CARTESIAN_POINT ( 'NONE',  ( -55.71131989884241165, 39.50000000000000000, -28.43040892023596200 ) ) ;
#5169 = ORIENTED_EDGE ( 'NONE', *, *, #835, .F. ) ;
#5170 = AXIS2_PLACEMENT_3D ( 'NONE', #5851, #4413, #2612 ) ;
#5171 = ORIENTED_EDGE ( 'NONE', *, *, #4944, .F. ) ;
#5172 = LINE ( 'NONE', #2708, #4763 ) ;
#5173 = CIRCLE ( 'NONE', #4671, 5.500000000000009770 ) ;
#5174 = EDGE_CURVE ( 'NONE', #2642, #5234, #2582, .T. ) ;
#5175 = ORIENTED_EDGE ( 'NONE', *, *, #3158, .T. ) ;
#5176 = CARTESIAN_POINT ( 'NONE',  ( 24.28868308413118982, 39.50000000000000000, -28.80355791499061624 ) ) ;
#5177 = VECTOR ( 'NONE', #1893, 1000.000000000000000 ) ;
#5178 = DIRECTION ( 'NONE',  ( 6.935401363418761051E-15, -0.000000000000000000, 1.000000000000000000 ) ) ;
#5179 = CARTESIAN_POINT ( 'NONE',  ( -22.27517765520283533, 39.50000000000000711, -33.57201367534861447 ) ) ;
#5180 = VERTEX_POINT ( 'NONE', #3526 ) ;
#5181 = AXIS2_PLACEMENT_3D ( 'NONE', #3624, #1847, #4670 ) ;
#5182 = AXIS2_PLACEMENT_3D ( 'NONE', #1004, #5711, #3261 ) ;
#5183 = DIRECTION ( 'NONE',  ( -0.000000000000000000, 0.000000000000000000, 1.000000000000000000 ) ) ;
#5184 = FACE_OUTER_BOUND ( 'NONE', #4524, .T. ) ;
#5185 = DIRECTION ( 'NONE',  ( 0.000000000000000000, 0.000000000000000000, 1.000000000000000000 ) ) ;
#5186 = EDGE_CURVE ( 'NONE', #5227, #5793, #1313, .T. ) ;
#5187 = CARTESIAN_POINT ( 'NONE',  ( -55.71131989884245428, 2.500000000000000000, -28.43040892023610056 ) ) ;
#5188 = ORIENTED_EDGE ( 'NONE', *, *, #1216, .T. ) ;
#5189 = CARTESIAN_POINT ( 'NONE',  ( -36.97194292656563164, 0.5000000000000004441, -34.12534837884262373 ) ) ;
#5190 = EDGE_LOOP ( 'NONE', ( #4417, #5827, #2048, #5273 ) ) ;
#5191 = DIRECTION ( 'NONE',  ( 0.000000000000000000, 0.000000000000000000, 1.000000000000000000 ) ) ;
#5192 = EDGE_CURVE ( 'NONE', #103, #1083, #4533, .T. ) ;
#5193 = CARTESIAN_POINT ( 'NONE',  ( -55.71131989884257507, 35.39999999999999858, -10.83439294907367945 ) ) ;
#5194 = DIRECTION ( 'NONE',  ( 0.000000000000000000, -1.000000000000000000, 0.000000000000000000 ) ) ;
#5195 = CIRCLE ( 'NONE', #3073, 5.500000000000001776 ) ;
#5196 = CARTESIAN_POINT ( 'NONE',  ( -34.41566276519858292, 17.70434286635617127, 14.16090534705169368 ) ) ;
#5197 = ORIENTED_EDGE ( 'NONE', *, *, #4850, .T. ) ;
#5198 = ORIENTED_EDGE ( 'NONE', *, *, #1173, .T. ) ;
#5199 = DIRECTION ( 'NONE',  ( 1.000000000000000000, -0.000000000000000000, -0.000000000000000000 ) ) ;
#5200 = DIRECTION ( 'NONE',  ( 0.000000000000000000, 1.000000000000000000, -1.156482317317871725E-16 ) ) ;
#5201 = ADVANCED_FACE ( 'NONE', ( #1650 ), #871, .F. ) ;
#5202 = LINE ( 'NONE', #2079, #3045 ) ;
#5203 = VERTEX_POINT ( 'NONE', #3082 ) ;
#5204 = VERTEX_POINT ( 'NONE', #701 ) ;
#5205 = DIRECTION ( 'NONE',  ( 1.000000000000000000, 0.000000000000000000, 0.000000000000000000 ) ) ;
#5206 = ORIENTED_EDGE ( 'NONE', *, *, #3282, .T. ) ;
#5207 = LINE ( 'NONE', #2780, #4175 ) ;
#5208 = LINE ( 'NONE', #1821, #5922 ) ;
#5209 = CARTESIAN_POINT ( 'NONE',  ( 1.538681592644383977, 17.50000000000000355, 35.95656248069552419 ) ) ;
#5210 = EDGE_LOOP ( 'NONE', ( #369, #4509, #2292, #2275 ) ) ;
#5211 = ADVANCED_FACE ( 'NONE', ( #4002 ), #1163, .F. ) ;
#5212 = VECTOR ( 'NONE', #1624, 1000.000000000000000 ) ;
#5213 = EDGE_CURVE ( 'NONE', #5203, #3787, #4439, .T. ) ;
#5214 = DIRECTION ( 'NONE',  ( -1.000000000000000000, 0.000000000000000000, -1.387080272683752052E-14 ) ) ;
#5215 = DIRECTION ( 'NONE',  ( 0.000000000000000000, 1.000000000000000000, 0.000000000000000000 ) ) ;
#5216 = CARTESIAN_POINT ( 'NONE',  ( -37.11131989884241733, 0.5000000000000004441, -26.12534837884203753 ) ) ;
#5217 = ORIENTED_EDGE ( 'NONE', *, *, #3673, .F. ) ;
#5218 = CARTESIAN_POINT ( 'NONE',  ( -10.21131840735561447, 11.00000000000000000, -31.12534837884203753 ) ) ;
#5219 = VERTEX_POINT ( 'NONE', #2547 ) ;
#5220 = LINE ( 'NONE', #1604, #1058 ) ;
#5221 = CARTESIAN_POINT ( 'NONE',  ( 23.78868308413118626, 14.49999999999999467, -13.33439294907331174 ) ) ;
#5222 = VECTOR ( 'NONE', #585, 1000.000000000000000 ) ;
#5223 = EDGE_CURVE ( 'NONE', #4290, #2834, #4473, .T. ) ;
#5224 = DIRECTION ( 'NONE',  ( 0.000000000000000000, 1.000000000000000000, -0.000000000000000000 ) ) ;
#5225 = VECTOR ( 'NONE', #4686, 1000.000000000000114 ) ;
#5226 = DIRECTION ( 'NONE',  ( 0.000000000000000000, 0.000000000000000000, -1.000000000000000000 ) ) ;
#5227 = VERTEX_POINT ( 'NONE', #358 ) ;
#5228 = EDGE_LOOP ( 'NONE', ( #4590, #2262, #3173, #846 ) ) ;
#5229 = VECTOR ( 'NONE', #2819, 1000.000000000000000 ) ;
#5230 = VECTOR ( 'NONE', #5663, 1000.000000000000000 ) ;
#5231 = DIRECTION ( 'NONE',  ( -1.000000000000000000, 0.000000000000000000, 0.000000000000000000 ) ) ;
#5232 = CARTESIAN_POINT ( 'NONE',  ( -56.21131989884242586, 14.49999999999999467, -12.83439294907329753 ) ) ;
#5233 = CARTESIAN_POINT ( 'NONE',  ( -21.95070380080793981, 39.01460122251382501, -33.99013911593557680 ) ) ;
#5234 = VERTEX_POINT ( 'NONE', #4220 ) ;
#5235 = DIRECTION ( 'NONE',  ( 0.000000000000000000, 0.000000000000000000, -1.000000000000000000 ) ) ;
#5236 = ORIENTED_EDGE ( 'NONE', *, *, #3084, .F. ) ;
#5237 = CARTESIAN_POINT ( 'NONE',  ( -55.71131989884241165, 39.00000000000000000, 35.45656248069552419 ) ) ;
#5238 = CARTESIAN_POINT ( 'NONE',  ( -22.21131840735561980, 11.00000000000000000, -23.42534837884203824 ) ) ;
#5239 = DIRECTION ( 'NONE',  ( 0.000000000000000000, 0.000000000000000000, 1.000000000000000000 ) ) ;
#5240 = ORIENTED_EDGE ( 'NONE', *, *, #5805, .T. ) ;
#5241 = EDGE_CURVE ( 'NONE', #4188, #3579, #323, .T. ) ;
#5242 = FACE_OUTER_BOUND ( 'NONE', #5666, .T. ) ;
#5243 = CARTESIAN_POINT ( 'NONE',  ( -49.71131989884241165, 2.500000000000000000, 25.45656248069552419 ) ) ;
#5244 = EDGE_LOOP ( 'NONE', ( #2607, #4803, #413, #1992 ) ) ;
#5245 = LINE ( 'NONE', #473, #3545 ) ;
#5246 = EDGE_CURVE ( 'NONE', #4904, #2642, #5173, .T. ) ;
#5247 = CARTESIAN_POINT ( 'NONE',  ( -8.511318407355615179, 11.50000000000000000, -18.92534837884203824 ) ) ;
#5248 = ADVANCED_FACE ( 'NONE', ( #4157 ), #832, .T. ) ;
#5249 = CARTESIAN_POINT ( 'NONE',  ( 23.78868308413118271, 39.00000000000000000, 35.45656248069552419 ) ) ;
#5250 = CARTESIAN_POINT ( 'NONE',  ( 0.000000000000000000, 2.500000000000000000, 38.45656248069552419 ) ) ;
#5251 = CARTESIAN_POINT ( 'NONE',  ( -15.96131840735561624, 2.500000000000000000, -29.62534837884204109 ) ) ;
#5252 = EDGE_LOOP ( 'NONE', ( #1199, #4695, #774, #4648 ) ) ;
#5253 = LINE ( 'NONE', #2390, #1665 ) ;
#5254 = EDGE_CURVE ( 'NONE', #4732, #3925, #2730, .T. ) ;
#5255 = ORIENTED_EDGE ( 'NONE', *, *, #3411, .T. ) ;
#5256 = FACE_OUTER_BOUND ( 'NONE', #1280, .T. ) ;
#5257 = CARTESIAN_POINT ( 'NONE',  ( -58.71131989884241165, 14.49999999999999645, 17.66560705092671668 ) ) ;
#5258 = AXIS2_PLACEMENT_3D ( 'NONE', #5495, #1192, #4578 ) ;
#5259 = CARTESIAN_POINT ( 'NONE',  ( -22.27351808310007186, 39.00778388231190519, -34.08492502580332228 ) ) ;
#5260 = ORIENTED_EDGE ( 'NONE', *, *, #4595, .F. ) ;
#5261 = EDGE_CURVE ( 'NONE', #6180, #5624, #458, .T. ) ;
#5262 = EDGE_LOOP ( 'NONE', ( #2300, #1170, #5584, #6198 ) ) ;
#5263 = DIRECTION ( 'NONE',  ( -1.000000000000000000, 0.000000000000000000, 0.000000000000000000 ) ) ;
#5264 = CIRCLE ( 'NONE', #2442, 5.000000000000000888 ) ;
#5265 = EDGE_CURVE ( 'NONE', #2314, #3990, #6184, .T. ) ;
#5266 = ORIENTED_EDGE ( 'NONE', *, *, #622, .F. ) ;
#5267 = CIRCLE ( 'NONE', #5559, 5.500000000000011546 ) ;
#5268 = LINE ( 'NONE', #1027, #6181 ) ;
#5269 = EDGE_CURVE ( 'NONE', #2980, #4936, #2448, .T. ) ;
#5270 = CARTESIAN_POINT ( 'NONE',  ( 23.78868308413133903, 35.39999999999999858, -10.83439294907367945 ) ) ;
#5271 = LINE ( 'NONE', #4263, #1956 ) ;
#5272 = CIRCLE ( 'NONE', #244, 4.500000000000002665 ) ;
#5273 = ORIENTED_EDGE ( 'NONE', *, *, #4909, .T. ) ;
#5274 = VECTOR ( 'NONE', #1536, 1000.000000000000114 ) ;
#5275 = AXIS2_PLACEMENT_3D ( 'NONE', #4683, #2293, #1732 ) ;
#5276 = FACE_OUTER_BOUND ( 'NONE', #3741, .T. ) ;
#5277 = EDGE_CURVE ( 'NONE', #4577, #1887, #1460, .T. ) ;
#5278 = VERTEX_POINT ( 'NONE', #4746 ) ;
#5279 = ORIENTED_EDGE ( 'NONE', *, *, #2056, .F. ) ;
#5280 = CARTESIAN_POINT ( 'NONE',  ( 24.28868308413120047, 4.499999999999999112, -7.834392949073296641 ) ) ;
#5281 = CIRCLE ( 'NONE', #2066, 5.500000000000009770 ) ;
#5282 = CARTESIAN_POINT ( 'NONE',  ( -25.91131840735561553, 11.00000000000000000, -21.42534837884203824 ) ) ;
#5283 = CARTESIAN_POINT ( 'NONE',  ( -15.96131840735561624, 0.000000000000000000, -29.62534837884204109 ) ) ;
#5284 = DIRECTION ( 'NONE',  ( 1.000000000000000000, 0.000000000000000000, 0.000000000000000000 ) ) ;
#5285 = CARTESIAN_POINT ( 'NONE',  ( -49.71131989884241165, 0.000000000000000000, 23.70656248069551708 ) ) ;
#5286 = VERTEX_POINT ( 'NONE', #3301 ) ;
#5287 = DIRECTION ( 'NONE',  ( -0.7071067811865475727, -0.7071067811865475727, 0.000000000000000000 ) ) ;
#5288 = EDGE_CURVE ( 'NONE', #5796, #5278, #2888, .T. ) ;
#5289 = ORIENTED_EDGE ( 'NONE', *, *, #4827, .F. ) ;
#5290 = CARTESIAN_POINT ( 'NONE',  ( -58.21131989884239744, 19.49999999999999645, -7.834392949073296641 ) ) ;
#5291 = VECTOR ( 'NONE', #2169, 1000.000000000000227 ) ;
#5292 = LINE ( 'NONE', #1933, #1454 ) ;
#5293 = CARTESIAN_POINT ( 'NONE',  ( -27.11131989884241023, 0.000000000000000000, -26.62534837884203753 ) ) ;
#5294 = ORIENTED_EDGE ( 'NONE', *, *, #5567, .F. ) ;
#5295 = ORIENTED_EDGE ( 'NONE', *, *, #1939, .T. ) ;
#5296 = CARTESIAN_POINT ( 'NONE',  ( -6.011318407355614291, 11.00000000000000000, -23.42534837884203824 ) ) ;
#5297 = ORIENTED_EDGE ( 'NONE', *, *, #254, .T. ) ;
#5298 = DIRECTION ( 'NONE',  ( -1.000000000000000000, 0.000000000000000000, 0.000000000000000000 ) ) ;
#5299 = DIRECTION ( 'NONE',  ( 0.000000000000000000, 0.000000000000000000, -1.000000000000000000 ) ) ;
#5300 = CARTESIAN_POINT ( 'NONE',  ( 23.78868308413118271, 2.500000000000000000, 35.45656248069552419 ) ) ;
#5301 = DIRECTION ( 'NONE',  ( -2.512159072030160191E-32, -1.000000000000000000, 4.625929269271486900E-16 ) ) ;
#5302 = EDGE_CURVE ( 'NONE', #4188, #2707, #5253, .T. ) ;
#5303 = EDGE_LOOP ( 'NONE', ( #1676, #4875, #3126, #2972 ) ) ;
#5304 = EDGE_CURVE ( 'NONE', #4962, #1779, #4282, .T. ) ;
#5305 = ADVANCED_FACE ( 'NONE', ( #13 ), #1929, .F. ) ;
#5306 = DIRECTION ( 'NONE',  ( 0.000000000000000000, -0.000000000000000000, -1.000000000000000000 ) ) ;
#5307 = AXIS2_PLACEMENT_3D ( 'NONE', #3241, #4254, #1875 ) ;
#5308 = ORIENTED_EDGE ( 'NONE', *, *, #4909, .F. ) ;
#5309 = ORIENTED_EDGE ( 'NONE', *, *, #5706, .F. ) ;
#5310 = DIRECTION ( 'NONE',  ( 0.5773502691896229555, 0.5773502691896271743, -0.5773502691896271743 ) ) ;
#5311 = LINE ( 'NONE', #2441, #5326 ) ;
#5312 = FACE_OUTER_BOUND ( 'NONE', #5885, .T. ) ;
#5313 = CARTESIAN_POINT ( 'NONE',  ( -54.21131989884275271, 37.00000000000000000, 15.16560705092632944 ) ) ;
#5314 = EDGE_LOOP ( 'NONE', ( #263, #673, #4592, #4684 ) ) ;
#5315 = ORIENTED_EDGE ( 'NONE', *, *, #2034, .F. ) ;
#5316 = CARTESIAN_POINT ( 'NONE',  ( -58.21131989884239744, 9.500000000000000000, 17.16560705092670958 ) ) ;
#5317 = CARTESIAN_POINT ( 'NONE',  ( 24.28868308413120047, 14.49999999999999467, 12.16560705092670602 ) ) ;
#5318 = EDGE_CURVE ( 'NONE', #2389, #1783, #5406, .T. ) ;
#5319 = CARTESIAN_POINT ( 'NONE',  ( -21.58281101914803202, 39.02302147709281854, -33.80525163070721106 ) ) ;
#5320 = ORIENTED_EDGE ( 'NONE', *, *, #2540, .T. ) ;
#5321 = VECTOR ( 'NONE', #1290, 1000.000000000000000 ) ;
#5322 = AXIS2_PLACEMENT_3D ( 'NONE', #3755, #3284, #372 ) ;
#5323 = EDGE_LOOP ( 'NONE', ( #1970, #645, #53, #1085 ) ) ;
#5324 = FACE_OUTER_BOUND ( 'NONE', #2244, .T. ) ;
#5325 = ORIENTED_EDGE ( 'NONE', *, *, #4044, .F. ) ;
#5326 = VECTOR ( 'NONE', #5784, 1000.000000000000000 ) ;
#5327 = DIRECTION ( 'NONE',  ( 0.000000000000000000, 1.000000000000000000, -0.000000000000000000 ) ) ;
#5328 = CARTESIAN_POINT ( 'NONE',  ( 23.78868308413118271, 3.999999999999989786, 12.16560705092670780 ) ) ;
#5329 = VECTOR ( 'NONE', #1909, 1000.000000000000000 ) ;
#5330 = EDGE_CURVE ( 'NONE', #1363, #3533, #3991, .T. ) ;
#5331 = DIRECTION ( 'NONE',  ( 0.000000000000000000, 0.7071067811865474617, 0.7071067811865474617 ) ) ;
#5332 = DIRECTION ( 'NONE',  ( 0.7071067811865433539, 3.271025955591218869E-16, 0.7071067811865517916 ) ) ;
#5333 = ORIENTED_EDGE ( 'NONE', *, *, #4478, .T. ) ;
#5334 = EDGE_CURVE ( 'NONE', #2051, #50, #3484, .T. ) ;
#5335 = CARTESIAN_POINT ( 'NONE',  ( -21.25564680280945495, 39.50000000000000000, -32.62534844210115637 ) ) ;
#5336 = CARTESIAN_POINT ( 'NONE',  ( -55.71131989884241165, 9.500000000000000000, 17.66560705092671668 ) ) ;
#5337 = EDGE_CURVE ( 'NONE', #3364, #5507, #1675, .T. ) ;
#5338 = ORIENTED_EDGE ( 'NONE', *, *, #2560, .F. ) ;
#5339 = DIRECTION ( 'NONE',  ( 0.7071067811865474617, 0.000000000000000000, 0.7071067811865476838 ) ) ;
#5340 = DIRECTION ( 'NONE',  ( -0.7071067811865524577, 0.7071067811865425767, 0.000000000000000000 ) ) ;
#5341 = DIRECTION ( 'NONE',  ( 0.000000000000000000, 1.000000000000000000, 0.000000000000000000 ) ) ;
#5342 = DIRECTION ( 'NONE',  ( 0.000000000000000000, 0.000000000000000000, -1.000000000000000000 ) ) ;
#5343 = ORIENTED_EDGE ( 'NONE', *, *, #325, .F. ) ;
#5344 = DIRECTION ( 'NONE',  ( 0.5773502691896257311, -0.5773502691896257311, -0.5773502691896257311 ) ) ;
#5345 = VERTEX_POINT ( 'NONE', #5905 ) ;
#5346 = FACE_OUTER_BOUND ( 'NONE', #5906, .T. ) ;
#5347 = FACE_BOUND ( 'NONE', #4158, .T. ) ;
#5348 = ADVANCED_FACE ( 'NONE', ( #4026 ), #2952, .F. ) ;
#5349 = DIRECTION ( 'NONE',  ( -0.7071067811865549002, 0.000000000000000000, -0.7071067811865402453 ) ) ;
#5350 = ORIENTED_EDGE ( 'NONE', *, *, #3937, .T. ) ;
#5351 = CARTESIAN_POINT ( 'NONE',  ( -55.71131989884241165, 9.499999999999998224, -7.834392949073296641 ) ) ;
#5352 = ORIENTED_EDGE ( 'NONE', *, *, #4488, .F. ) ;
#5353 = CARTESIAN_POINT ( 'NONE',  ( -25.91131840735561553, 2.500000000000000000, -23.42534837884203824 ) ) ;
#5354 = EDGE_LOOP ( 'NONE', ( #1484, #2714, #934, #5616, #2783, #4412, #426, #2793, #5911, #4245 ) ) ;
#5355 = CARTESIAN_POINT ( 'NONE',  ( -21.71131840735561980, 11.50000000000000000, -31.16022644181693835 ) ) ;
#5356 = DIRECTION ( 'NONE',  ( -0.000000000000000000, -1.000000000000000000, -0.000000000000000000 ) ) ;
#5357 = DIRECTION ( 'NONE',  ( -1.000000000000000000, 0.000000000000000000, 0.000000000000000000 ) ) ;
#5358 = DIRECTION ( 'NONE',  ( 0.000000000000000000, 0.000000000000000000, -1.000000000000000000 ) ) ;
#5359 = ORIENTED_EDGE ( 'NONE', *, *, #5288, .T. ) ;
#5360 = CARTESIAN_POINT ( 'NONE',  ( 26.78868308413118271, 14.49999999999999467, -13.33439294907330641 ) ) ;
#5361 = AXIS2_PLACEMENT_3D ( 'NONE', #1745, #4569, #295 ) ;
#5362 = CIRCLE ( 'NONE', #955, 69.50000000000000000 ) ;
#5363 = EDGE_CURVE ( 'NONE', #2564, #3627, #3039, .T. ) ;
#5364 = VECTOR ( 'NONE', #3872, 1000.000000000000114 ) ;
#5365 = AXIS2_PLACEMENT_3D ( 'NONE', #1193, #378, #3123 ) ;
#5366 = AXIS2_PLACEMENT_3D ( 'NONE', #5458, #2180, #3534 ) ;
#5367 = FACE_BOUND ( 'NONE', #2149, .T. ) ;
#5368 = EDGE_LOOP ( 'NONE', ( #2806, #5904, #1189, #35 ) ) ;
#5369 = VECTOR ( 'NONE', #1940, 1000.000000000000000 ) ;
#5370 = ORIENTED_EDGE ( 'NONE', *, *, #3094, .T. ) ;
#5371 = AXIS2_PLACEMENT_3D ( 'NONE', #5161, #4591, #6043 ) ;
#5372 = B_SPLINE_CURVE_WITH_KNOTS ( 'NONE', 3,
 ( #2930, #4357, #972, #4848 ),
 .UNSPECIFIED., .F., .F.,
 ( 4, 4 ),
 ( 0.000000000000000000, 1.000000000000000000 ),
 .UNSPECIFIED. ) ;
#5373 = DIRECTION ( 'NONE',  ( 0.000000000000000000, -0.000000000000000000, -1.000000000000000000 ) ) ;
#5374 = CARTESIAN_POINT ( 'NONE',  ( -36.97194292656563874, 39.00000000000000000, 35.37465162115807971 ) ) ;
#5375 = CARTESIAN_POINT ( 'NONE',  ( -9.011318407355615179, 11.50000000000000000, -18.92534837884203824 ) ) ;
#5376 = EDGE_CURVE ( 'NONE', #4319, #804, #2135, .T. ) ;
#5377 = LINE ( 'NONE', #5837, #4419 ) ;
#5378 = VECTOR ( 'NONE', #2132, 1000.000000000000000 ) ;
#5379 = ORIENTED_EDGE ( 'NONE', *, *, #483, .T. ) ;
#5380 = ORIENTED_EDGE ( 'NONE', *, *, #809, .T. ) ;
#5381 = AXIS2_PLACEMENT_3D ( 'NONE', #4706, #3827, #5214 ) ;
#5382 = ADVANCED_FACE ( 'NONE', ( #4584 ), #720, .F. ) ;
#5383 = CARTESIAN_POINT ( 'NONE',  ( -25.91131840735561553, 11.00000000000000000, -21.42534837884203824 ) ) ;
#5384 = CARTESIAN_POINT ( 'NONE',  ( 24.28868308413120047, 4.499999999999999112, -7.602844200049100611E-16 ) ) ;
#5385 = DIRECTION ( 'NONE',  ( -0.000000000000000000, -0.000000000000000000, 1.000000000000000000 ) ) ;
#5386 = ORIENTED_EDGE ( 'NONE', *, *, #736, .F. ) ;
#5387 = DIRECTION ( 'NONE',  ( -1.000000000000000000, -0.000000000000000000, -0.000000000000000000 ) ) ;
#5388 = ORIENTED_EDGE ( 'NONE', *, *, #375, .T. ) ;
#5389 = VERTEX_POINT ( 'NONE', #283 ) ;
#5390 = LINE ( 'NONE', #3529, #5966 ) ;
#5391 = DIRECTION ( 'NONE',  ( 1.000000000000000000, 0.000000000000000000, 0.000000000000000000 ) ) ;
#5392 = FACE_OUTER_BOUND ( 'NONE', #2861, .T. ) ;
#5393 = CARTESIAN_POINT ( 'NONE',  ( -3.461318407355616245, 17.50000000000000000, 37.95656248069552419 ) ) ;
#5394 = ORIENTED_EDGE ( 'NONE', *, *, #654, .T. ) ;
#5395 = CARTESIAN_POINT ( 'NONE',  ( 0.000000000000000000, 11.50000000000000000, -19.42534837884203824 ) ) ;
#5396 = CARTESIAN_POINT ( 'NONE',  ( -10.40998664678723529, 39.02473837874531171, -33.75521738266873228 ) ) ;
#5397 = FACE_OUTER_BOUND ( 'NONE', #3371, .T. ) ;
#5398 = EDGE_CURVE ( 'NONE', #1640, #314, #1292, .T. ) ;
#5399 = EDGE_CURVE ( 'NONE', #1883, #2642, #3164, .T. ) ;
#5400 = CARTESIAN_POINT ( 'NONE',  ( 5.049207500472289389, 0.000000000000000000, -33.62534837884204109 ) ) ;
#5401 = VERTEX_POINT ( 'NONE', #1198 ) ;
#5402 = LINE ( 'NONE', #1540, #3146 ) ;
#5403 = LINE ( 'NONE', #2040, #460 ) ;
#5404 = CARTESIAN_POINT ( 'NONE',  ( -9.011318407355615179, 2.500000000000000000, -18.92534837884203824 ) ) ;
#5405 = ORIENTED_EDGE ( 'NONE', *, *, #5408, .F. ) ;
#5406 = LINE ( 'NONE', #128, #1763 ) ;
#5407 = VERTEX_POINT ( 'NONE', #6100 ) ;
#5408 = EDGE_CURVE ( 'NONE', #1138, #2516, #2194, .T. ) ;
#5409 = DIRECTION ( 'NONE',  ( 0.000000000000000000, -1.000000000000000000, 1.156482317317871725E-16 ) ) ;
#5410 = CARTESIAN_POINT ( 'NONE',  ( 38.28868010115761678, 14.49999999999999467, 12.16560705092670602 ) ) ;
#5411 = DIRECTION ( 'NONE',  ( 0.000000000000000000, -1.000000000000000000, 0.000000000000000000 ) ) ;
#5412 = VERTEX_POINT ( 'NONE', #1701 ) ;
#5413 = DIRECTION ( 'NONE',  ( 0.000000000000000000, 0.7071067811865489050, 0.7071067811865462405 ) ) ;
#5414 = ORIENTED_EDGE ( 'NONE', *, *, #3355, .F. ) ;
#5415 = VERTEX_POINT ( 'NONE', #5085 ) ;
#5416 = LINE ( 'NONE', #3935, #3449 ) ;
#5417 = DIRECTION ( 'NONE',  ( 0.000000000000000000, -1.000000000000000000, 0.000000000000000000 ) ) ;
#5418 = DIRECTION ( 'NONE',  ( 0.000000000000000000, -0.7071067811865475727, -0.7071067811865475727 ) ) ;
#5419 = DIRECTION ( 'NONE',  ( 8.659560562354919300E-17, 0.7071067811865489050, -0.7071067811865462405 ) ) ;
#5420 = AXIS2_PLACEMENT_3D ( 'NONE', #2031, #5714, #471 ) ;
#5421 = AXIS2_PLACEMENT_3D ( 'NONE', #4978, #5194, #6106 ) ;
#5422 = ORIENTED_EDGE ( 'NONE', *, *, #2590, .F. ) ;
#5423 = CARTESIAN_POINT ( 'NONE',  ( 23.78868308413118271, 0.5000000000000004441, 38.45656248069552419 ) ) ;
#5424 = VECTOR ( 'NONE', #6039, 1000.000000000000000 ) ;
#5425 = CIRCLE ( 'NONE', #2908, 69.00000000000000000 ) ;
#5426 = AXIS2_PLACEMENT_3D ( 'NONE', #2216, #2682, #4543 ) ;
#5427 = CARTESIAN_POINT ( 'NONE',  ( -4.311316915868820487, 0.5000000000000004441, -26.12534837884203753 ) ) ;
#5428 = CARTESIAN_POINT ( 'NONE',  ( -21.03124660765545073, 39.20810226555358469, -32.91724611328881167 ) ) ;
#5429 = DIRECTION ( 'NONE',  ( -1.000000000000000000, 0.000000000000000000, 0.000000000000000000 ) ) ;
#5430 = ORIENTED_EDGE ( 'NONE', *, *, #194, .T. ) ;
#5431 = EDGE_CURVE ( 'NONE', #2341, #1172, #383, .T. ) ;
#5432 = LINE ( 'NONE', #5467, #3132 ) ;
#5433 = LINE ( 'NONE', #1574, #5862 ) ;
#5434 = B_SPLINE_CURVE_WITH_KNOTS ( 'NONE', 1,
 ( #3191, #820 ),
 .UNSPECIFIED., .F., .F.,
 ( 2, 2 ),
 ( 0.000000000000000000, 1.000000000000000000 ),
 .UNSPECIFIED. ) ;
#5435 = PLANE ( 'NONE',  #4868 ) ;
#5436 = VECTOR ( 'NONE', #4857, 1000.000000000000114 ) ;
#5437 = CARTESIAN_POINT ( 'NONE',  ( -23.71131840735559138, 13.50000000000001421, -34.12534837884243899 ) ) ;
#5438 = EDGE_CURVE ( 'NONE', #2739, #3719, #5149, .T. ) ;
#5439 = EDGE_LOOP ( 'NONE', ( #5027, #4199, #1176, #3248 ) ) ;
#5440 = DIRECTION ( 'NONE',  ( -1.000000000000000000, -0.000000000000000000, -0.000000000000000000 ) ) ;
#5441 = EDGE_CURVE ( 'NONE', #4898, #2051, #4087, .T. ) ;
#5442 = ORIENTED_EDGE ( 'NONE', *, *, #325, .T. ) ;
#5443 = DIRECTION ( 'NONE',  ( -0.000000000000000000, 1.000000000000000000, -0.000000000000000000 ) ) ;
#5444 = DIRECTION ( 'NONE',  ( 1.000000000000000000, 0.000000000000000000, 0.000000000000000000 ) ) ;
#5445 = LINE ( 'NONE', #1143, #4091 ) ;
#5446 = VERTEX_POINT ( 'NONE', #6134 ) ;
#5447 = CARTESIAN_POINT ( 'NONE',  ( 5.688683084131181289, 0.000000000000000000, -26.12534837884203753 ) ) ;
#5448 = EDGE_CURVE ( 'NONE', #4939, #6001, #2166, .T. ) ;
#5449 = ORIENTED_EDGE ( 'NONE', *, *, #1, .T. ) ;
#5450 = CARTESIAN_POINT ( 'NONE',  ( -9.247910475848483358, 39.50000000000000000, -33.62534837884224004 ) ) ;
#5451 = ORIENTED_EDGE ( 'NONE', *, *, #4656, .F. ) ;
#5452 = PLANE ( 'NONE',  #1249 ) ;
#5453 = DIRECTION ( 'NONE',  ( -0.000000000000000000, -1.000000000000000000, -0.000000000000000000 ) ) ;
#5454 = CARTESIAN_POINT ( 'NONE',  ( -27.61131989884241378, 0.5000000000000004441, -26.12534837884203753 ) ) ;
#5455 = CARTESIAN_POINT ( 'NONE',  ( 4.322173538980244525E-13, 2.500000000000000000, -31.16022644181661150 ) ) ;
#5456 = ADVANCED_FACE ( 'NONE', ( #787 ), #156, .F. ) ;
#5457 = ORIENTED_EDGE ( 'NONE', *, *, #6032, .T. ) ;
#5458 = CARTESIAN_POINT ( 'NONE',  ( -14.71131840735561802, 7.000000000000000888, -40.12534837884211214 ) ) ;
#5459 = CARTESIAN_POINT ( 'NONE',  ( 5.049207500472286725, 39.00000000000000000, 35.37465162115796602 ) ) ;
#5460 = EDGE_CURVE ( 'NONE', #1809, #5690, #2854, .T. ) ;
#5461 = CARTESIAN_POINT ( 'NONE',  ( -58.71131989884241165, 3.999999999999988010, 12.16560705092670780 ) ) ;
#5462 = CONICAL_SURFACE ( 'NONE', #3752, 5.500000000000011546, 0.7853981633974457255 ) ;
#5463 = ORIENTED_EDGE ( 'NONE', *, *, #2981, .T. ) ;
#5464 = VECTOR ( 'NONE', #3743, 1000.000000000000114 ) ;
#5465 = VECTOR ( 'NONE', #5310, 1000.000000000000000 ) ;
#5466 = ADVANCED_FACE ( 'NONE', ( #1831 ), #1226, .T. ) ;
#5467 = CARTESIAN_POINT ( 'NONE',  ( -36.97194292656563164, 0.5000000000000004441, -34.12534837884262373 ) ) ;
#5468 = CARTESIAN_POINT ( 'NONE',  ( -4.811316915868822264, 11.00000000000000000, -18.92534837884203824 ) ) ;
#5469 = DIRECTION ( 'NONE',  ( -0.000000000000000000, -1.000000000000000000, -0.000000000000000000 ) ) ;
#5470 = VECTOR ( 'NONE', #5199, 1000.000000000000000 ) ;
#5471 = DIRECTION ( 'NONE',  ( 1.000000000000000000, 0.000000000000000000, 6.938893903907222067E-15 ) ) ;
#5472 = ORIENTED_EDGE ( 'NONE', *, *, #4364, .T. ) ;
#5473 = DIRECTION ( 'NONE',  ( 0.000000000000000000, 0.000000000000000000, 1.000000000000000000 ) ) ;
#5474 = VERTEX_POINT ( 'NONE', #1260 ) ;
#5475 = DIRECTION ( 'NONE',  ( 0.000000000000000000, -1.000000000000000000, 4.625929269271486900E-16 ) ) ;
#5476 = VECTOR ( 'NONE', #515, 1000.000000000000000 ) ;
#5477 = LINE ( 'NONE', #4057, #175 ) ;
#5478 = VECTOR ( 'NONE', #429, 999.9999999999998863 ) ;
#5479 = ORIENTED_EDGE ( 'NONE', *, *, #2054, .T. ) ;
#5480 = CARTESIAN_POINT ( 'NONE',  ( -6.011318407355614291, 2.500000000000000000, -23.42534837884203824 ) ) ;
#5481 = EDGE_CURVE ( 'NONE', #5817, #3083, #2691, .T. ) ;
#5482 = ORIENTED_EDGE ( 'NONE', *, *, #3322, .T. ) ;
#5483 = ORIENTED_EDGE ( 'NONE', *, *, #4775, .F. ) ;
#5484 = VECTOR ( 'NONE', #3048, 1000.000000000000000 ) ;
#5485 = CARTESIAN_POINT ( 'NONE',  ( -4.311316915868827593, 0.5000000000000004441, 30.45656248069552063 ) ) ;
#5486 = CARTESIAN_POINT ( 'NONE',  ( -23.71131840735559138, 2.500000000000000000, -34.12534837884243899 ) ) ;
#5487 = DIRECTION ( 'NONE',  ( 0.000000000000000000, 0.000000000000000000, 1.000000000000000000 ) ) ;
#5488 = ORIENTED_EDGE ( 'NONE', *, *, #2094, .T. ) ;
#5489 = FACE_OUTER_BOUND ( 'NONE', #5160, .T. ) ;
#5490 = CARTESIAN_POINT ( 'NONE',  ( -22.91131840735561909, 11.00000000000000000, -18.92534837884203824 ) ) ;
#5491 = ADVANCED_FACE ( 'NONE', ( #4147 ), #2157, .F. ) ;
#5492 = CARTESIAN_POINT ( 'NONE',  ( -36.97194292656563874, 39.00000000000000000, 35.37465162115807971 ) ) ;
#5493 = CIRCLE ( 'NONE', #274, 4.999999999999997335 ) ;
#5494 = EDGE_LOOP ( 'NONE', ( #4394, #3076, #925, #6044 ) ) ;
#5495 = CARTESIAN_POINT ( 'NONE',  ( 26.28868308413116850, 4.499999999999999112, 0.000000000000000000 ) ) ;
#5496 = CARTESIAN_POINT ( 'NONE',  ( -9.711318407355614468, 11.50000000000000000, -23.42534837884203824 ) ) ;
#5497 = LINE ( 'NONE', #2072, #1068 ) ;
#5498 = AXIS2_PLACEMENT_3D ( 'NONE', #3730, #3796, #4210 ) ;
#5499 = CARTESIAN_POINT ( 'NONE',  ( -58.71131989884241165, 0.5000000000000004441, 35.45656248069552419 ) ) ;
#5500 = VERTEX_POINT ( 'NONE', #3671 ) ;
#5501 = CARTESIAN_POINT ( 'NONE',  ( -58.21131989884239744, -1.484274849911243752E-15, -12.83439294907329575 ) ) ;
#5502 = EDGE_LOOP ( 'NONE', ( #4130, #2395, #1906, #1042 ) ) ;
#5503 = PLANE ( 'NONE',  #2741 ) ;
#5504 = DIRECTION ( 'NONE',  ( -1.000000000000000000, 2.775557561562892929E-15, 0.000000000000000000 ) ) ;
#5505 = VERTEX_POINT ( 'NONE', #5593 ) ;
#5506 = LINE ( 'NONE', #3171, #5627 ) ;
#5507 = VERTEX_POINT ( 'NONE', #3194 ) ;
#5508 = VERTEX_POINT ( 'NONE', #5118 ) ;
#5509 = EDGE_CURVE ( 'NONE', #1806, #1233, #4647, .T. ) ;
#5510 = DIRECTION ( 'NONE',  ( -1.000000000000000000, 0.000000000000000000, 0.000000000000000000 ) ) ;
#5511 = DIRECTION ( 'NONE',  ( -0.7071067811865474617, 0.000000000000000000, -0.7071067811865474617 ) ) ;
#5512 = CARTESIAN_POINT ( 'NONE',  ( -10.45364296501294632, 39.02582860472972470, -33.72297326220883917 ) ) ;
#5513 = ORIENTED_EDGE ( 'NONE', *, *, #1253, .F. ) ;
#5514 = DIRECTION ( 'NONE',  ( 1.000000000000000000, 0.000000000000000000, 0.000000000000000000 ) ) ;
#5515 = DIRECTION ( 'NONE',  ( -1.000000000000000000, -6.308085367188383338E-16, 0.000000000000000000 ) ) ;
#5516 = EDGE_CURVE ( 'NONE', #1801, #5446, #4181, .T. ) ;
#5517 = CARTESIAN_POINT ( 'NONE',  ( -58.21131989884241165, 0.000000000000000000, -28.43040892023596200 ) ) ;
#5518 = AXIS2_PLACEMENT_3D ( 'NONE', #4742, #1453, #1009 ) ;
#5519 = VERTEX_POINT ( 'NONE', #4244 ) ;
#5520 = EDGE_CURVE ( 'NONE', #3399, #3362, #2792, .T. ) ;
#5521 = AXIS2_PLACEMENT_3D ( 'NONE', #3956, #3452, #5342 ) ;
#5522 = FACE_OUTER_BOUND ( 'NONE', #1443, .T. ) ;
#5523 = DIRECTION ( 'NONE',  ( -0.7071067811865451302, 0.7071067811865500152, 0.000000000000000000 ) ) ;
#5524 = CARTESIAN_POINT ( 'NONE',  ( -9.763816822728388800, 39.50000000000000711, -33.53454778551915183 ) ) ;
#5525 = ADVANCED_FACE ( 'NONE', ( #2413 ), #2350, .F. ) ;
#5526 = LINE ( 'NONE', #1224, #501 ) ;
#5527 = ORIENTED_EDGE ( 'NONE', *, *, #4565, .F. ) ;
#5528 = EDGE_LOOP ( 'NONE', ( #3785, #4563, #366, #1994 ) ) ;
#5529 = DIRECTION ( 'NONE',  ( 0.000000000000000000, 0.000000000000000000, -1.000000000000000000 ) ) ;
#5530 = EDGE_CURVE ( 'NONE', #804, #2179, #4371, .T. ) ;
#5531 = DIRECTION ( 'NONE',  ( -6.935401363418761051E-15, -0.000000000000000000, 1.000000000000000000 ) ) ;
#5532 = ORIENTED_EDGE ( 'NONE', *, *, #4506, .F. ) ;
#5533 = CARTESIAN_POINT ( 'NONE',  ( -58.21131989884239744, 9.500000000000000000, 17.16560705092670602 ) ) ;
#5534 = EDGE_LOOP ( 'NONE', ( #4870, #4970, #1823, #5171 ) ) ;
#5535 = DIRECTION ( 'NONE',  ( 1.000000000000000000, 0.000000000000000000, 0.000000000000000000 ) ) ;
#5536 = EDGE_CURVE ( 'NONE', #3959, #2776, #3831, .T. ) ;
#5537 = ORIENTED_EDGE ( 'NONE', *, *, #2540, .F. ) ;
#5538 = DIRECTION ( 'NONE',  ( -1.000000000000000000, 0.000000000000000000, 0.000000000000000000 ) ) ;
#5539 = DIRECTION ( 'NONE',  ( -0.000000000000000000, -0.000000000000000000, 1.000000000000000000 ) ) ;
#5540 = EDGE_CURVE ( 'NONE', #3523, #2926, #2320, .T. ) ;
#5541 = FACE_BOUND ( 'NONE', #465, .T. ) ;
#5542 = ORIENTED_EDGE ( 'NONE', *, *, #2305, .T. ) ;
#5543 = DIRECTION ( 'NONE',  ( -1.000000000000000000, 0.000000000000000000, -1.387080272683752052E-14 ) ) ;
#5544 = ORIENTED_EDGE ( 'NONE', *, *, #1632, .F. ) ;
#5545 = CARTESIAN_POINT ( 'NONE',  ( -49.71131989884241165, 2.500000000000000000, 23.70656248069551708 ) ) ;
#5546 =( LENGTH_UNIT ( ) NAMED_UNIT ( * ) SI_UNIT ( .MILLI., .METRE. ) );
#5547 = CARTESIAN_POINT ( 'NONE',  ( -21.98801921122034742, 39.01378595056385734, -34.00428092107828348 ) ) ;
#5548 = ORIENTED_EDGE ( 'NONE', *, *, #6188, .F. ) ;
#5549 = EDGE_CURVE ( 'NONE', #4314, #3901, #1449, .T. ) ;
#5550 = DIRECTION ( 'NONE',  ( 1.000000000000000000, 0.000000000000000000, 0.000000000000000000 ) ) ;
#5551 = CIRCLE ( 'NONE', #1749, 0.5000000000000004441 ) ;
#5552 = CARTESIAN_POINT ( 'NONE',  ( -4.311316915868820487, -44.50000000000000000, -26.12534837884203753 ) ) ;
#5553 = DIRECTION ( 'NONE',  ( 0.000000000000000000, -9.462128050782557258E-16, 1.000000000000000000 ) ) ;
#5554 = CARTESIAN_POINT ( 'NONE',  ( -55.71131989884241165, 14.49999999999999645, 17.66560705092670958 ) ) ;
#5555 = VECTOR ( 'NONE', #4128, 1000.000000000000000 ) ;
#5556 = DIRECTION ( 'NONE',  ( -0.000000000000000000, -0.000000000000000000, -1.000000000000000000 ) ) ;
#5557 = VERTEX_POINT ( 'NONE', #5218 ) ;
#5558 = DIRECTION ( 'NONE',  ( -1.000000000000000000, 0.000000000000000000, 0.000000000000000000 ) ) ;
#5559 = AXIS2_PLACEMENT_3D ( 'NONE', #6147, #1842, #4256 ) ;
#5560 = ORIENTED_EDGE ( 'NONE', *, *, #4237, .T. ) ;
#5561 = DIRECTION ( 'NONE',  ( -1.226344921636310289E-16, 0.000000000000000000, -1.000000000000000000 ) ) ;
#5562 = CARTESIAN_POINT ( 'NONE',  ( -33.46131840735562690, 27.50000000000000000, 35.95656248069552419 ) ) ;
#5563 = AXIS2_PLACEMENT_3D ( 'NONE', #5355, #3819, #4322 ) ;
#5564 = EDGE_CURVE ( 'NONE', #992, #1651, #3293, .T. ) ;
#5565 = CIRCLE ( 'NONE', #4461, 66.50000000000000000 ) ;
#5566 = LINE ( 'NONE', #1772, #5720 ) ;
#5567 = EDGE_CURVE ( 'NONE', #5624, #4994, #4738, .T. ) ;
#5568 = ORIENTED_EDGE ( 'NONE', *, *, #1576, .F. ) ;
#5569 = DIRECTION ( 'NONE',  ( 0.000000000000000000, 1.000000000000000000, 0.000000000000000000 ) ) ;
#5570 = ORIENTED_EDGE ( 'NONE', *, *, #5398, .T. ) ;
#5571 = EDGE_CURVE ( 'NONE', #1718, #5446, #2842, .T. ) ;
#5572 = VERTEX_POINT ( 'NONE', #3266 ) ;
#5573 = DIRECTION ( 'NONE',  ( -0.6839411288813307399, -0.7295372041400842722, 4.745794929826089353E-15 ) ) ;
#5574 = CARTESIAN_POINT ( 'NONE',  ( 26.28868308413116850, 14.49999999999999467, -12.83439294907329753 ) ) ;
#5575 = AXIS2_PLACEMENT_3D ( 'NONE', #2571, #3481, #2623 ) ;
#5576 = CARTESIAN_POINT ( 'NONE',  ( -10.26845304444769269, 39.02134496799898500, -33.84628215095903414 ) ) ;
#5577 = EDGE_LOOP ( 'NONE', ( #6107, #2668, #3732 ) ) ;
#5578 = CARTESIAN_POINT ( 'NONE',  ( -27.61131989884240667, -44.50000000000000000, 30.45656248069552063 ) ) ;
#5579 = ORIENTED_EDGE ( 'NONE', *, *, #3557, .F. ) ;
#5580 = CIRCLE ( 'NONE', #3664, 5.500000000000009770 ) ;
#5581 = CARTESIAN_POINT ( 'NONE',  ( -55.71131989884241165, 0.000000000000000000, -28.43040892023596200 ) ) ;
#5582 = PLANE ( 'NONE',  #213 ) ;
#5583 = CARTESIAN_POINT ( 'NONE',  ( -21.05439747242746407, 39.03664523761257499, -33.30221602652202506 ) ) ;
#5584 = ORIENTED_EDGE ( 'NONE', *, *, #5106, .F. ) ;
#5585 = AXIS2_PLACEMENT_3D ( 'NONE', #4934, #131, #1548 ) ;
#5586 = EDGE_CURVE ( 'NONE', #1083, #1651, #3770, .T. ) ;
#5587 = DIRECTION ( 'NONE',  ( 1.226344921636310289E-16, 0.000000000000000000, 1.000000000000000000 ) ) ;
#5588 = ADVANCED_FACE ( 'NONE', ( #3800 ), #1653, .T. ) ;
#5589 = FACE_OUTER_BOUND ( 'NONE', #2867, .T. ) ;
#5590 = FACE_OUTER_BOUND ( 'NONE', #2936, .T. ) ;
#5591 = CARTESIAN_POINT ( 'NONE',  ( 5.188683084131180401, 0.5000000000000004441, -26.12534837884203753 ) ) ;
#5592 = ORIENTED_EDGE ( 'NONE', *, *, #1537, .F. ) ;
#5593 = CARTESIAN_POINT ( 'NONE',  ( -55.71131989884241165, 9.499999999999998224, -13.33439294907330641 ) ) ;
#5594 = ORIENTED_EDGE ( 'NONE', *, *, #4595, .T. ) ;
#5595 = FACE_OUTER_BOUND ( 'NONE', #657, .T. ) ;
#5596 = FACE_OUTER_BOUND ( 'NONE', #5210, .T. ) ;
#5597 = AXIS2_PLACEMENT_3D ( 'NONE', #2225, #6158, #4680 ) ;
#5598 = CARTESIAN_POINT ( 'NONE',  ( 26.78868308413118271, 14.49999999999999645, 17.16560705092670602 ) ) ;
#5599 = ORIENTED_EDGE ( 'NONE', *, *, #272, .F. ) ;
#5600 = CARTESIAN_POINT ( 'NONE',  ( -6.011318407355614291, 11.00000000000000000, -23.42534837884203824 ) ) ;
#5601 = ORIENTED_EDGE ( 'NONE', *, *, #2287, .F. ) ;
#5602 = EDGE_LOOP ( 'NONE', ( #4764, #4169, #2020, #276 ) ) ;
#5603 = EDGE_CURVE ( 'NONE', #1748, #3193, #5245, .T. ) ;
#5604 = CARTESIAN_POINT ( 'NONE',  ( -55.87788033389045239, 39.16656043504799811, -28.55508602393542716 ) ) ;
#5605 = CARTESIAN_POINT ( 'NONE',  ( -14.71131840735557539, 0.4999999999999845124, -34.12534837884231109 ) ) ;
#5606 = CIRCLE ( 'NONE', #1696, 4.999999999999999112 ) ;
#5607 = CARTESIAN_POINT ( 'NONE',  ( -9.919360357868637124, 39.01344818209212661, -34.01012121864077642 ) ) ;
#5608 = VERTEX_POINT ( 'NONE', #3 ) ;
#5609 = B_SPLINE_CURVE_WITH_KNOTS ( 'NONE', 3,
 ( #4225, #2671, #5604, #5164 ),
 .UNSPECIFIED., .F., .F.,
 ( 4, 4 ),
 ( 0.000000000000000000, 0.0007995387639773968895 ),
 .UNSPECIFIED. ) ;
#5610 = ORIENTED_EDGE ( 'NONE', *, *, #4893, .F. ) ;
#5611 = DIRECTION ( 'NONE',  ( 0.000000000000000000, 0.000000000000000000, -1.000000000000000000 ) ) ;
#5612 = ORIENTED_EDGE ( 'NONE', *, *, #4362, .F. ) ;
#5613 = FACE_OUTER_BOUND ( 'NONE', #5577, .T. ) ;
#5614 = DIRECTION ( 'NONE',  ( 0.000000000000000000, 0.000000000000000000, 1.000000000000000000 ) ) ;
#5615 = CARTESIAN_POINT ( 'NONE',  ( -21.64791832627847867, 39.02148894613637964, -33.84332061973223205 ) ) ;
#5616 = ORIENTED_EDGE ( 'NONE', *, *, #5530, .T. ) ;
#5617 = CARTESIAN_POINT ( 'NONE',  ( -37.61131989884240312, 0.000000000000000000, 30.95656248069552063 ) ) ;
#5618 = DIRECTION ( 'NONE',  ( -1.000000000000000000, 0.000000000000000000, -0.000000000000000000 ) ) ;
#5619 = EDGE_CURVE ( 'NONE', #2425, #3102, #36, .T. ) ;
#5620 = CARTESIAN_POINT ( 'NONE',  ( -10.23295883959735342, 39.50000000000000000, -33.25952591228072208 ) ) ;
#5621 = VECTOR ( 'NONE', #344, 1000.000000000000227 ) ;
#5622 = VECTOR ( 'NONE', #4507, 1000.000000000000000 ) ;
#5623 = LINE ( 'NONE', #3227, #5321 ) ;
#5624 = VERTEX_POINT ( 'NONE', #5280 ) ;
#5625 = CARTESIAN_POINT ( 'NONE',  ( 26.28868308413118271, 0.000000000000000000, 35.45656248069552419 ) ) ;
#5626 = ORIENTED_EDGE ( 'NONE', *, *, #1851, .F. ) ;
#5627 = VECTOR ( 'NONE', #5024, 1000.000000000000000 ) ;
#5628 = COLOUR_RGB ( '',0.7921568627450980005, 0.8196078431372548767, 0.9333333333333333481 ) ;
#5629 = CARTESIAN_POINT ( 'NONE',  ( -37.11131989884241733, 2.000000000000001776, -26.12534837884203753 ) ) ;
#5630 = PLANE ( 'NONE',  #4985 ) ;
#5631 = DIRECTION ( 'NONE',  ( 1.000000000000000000, 0.000000000000000000, -0.000000000000000000 ) ) ;
#5632 = VERTEX_POINT ( 'NONE', #4770 ) ;
#5633 = CARTESIAN_POINT ( 'NONE',  ( -36.97194292656564585, 39.50000000000000000, -33.62534837884234662 ) ) ;
#5634 = ADVANCED_FACE ( 'NONE', ( #2381 ), #3794, .T. ) ;
#5635 = ORIENTED_EDGE ( 'NONE', *, *, #1814, .F. ) ;
#5636 = CARTESIAN_POINT ( 'NONE',  ( -22.91131840735561909, 11.50000000000000000, -21.42534837884203824 ) ) ;
#5637 = EDGE_LOOP ( 'NONE', ( #3565, #2167, #2483, #4430 ) ) ;
#5638 = DIRECTION ( 'NONE',  ( -1.000000000000000000, 0.000000000000000000, -1.387080272683752052E-14 ) ) ;
#5639 = PLANE ( 'NONE',  #3295 ) ;
#5640 = ADVANCED_FACE ( 'NONE', ( #3885 ), #741, .F. ) ;
#5641 = CARTESIAN_POINT ( 'NONE',  ( -9.401764362511046969, 39.00285279527678028, -34.12534837884224714 ) ) ;
#5642 = ORIENTED_EDGE ( 'NONE', *, *, #419, .F. ) ;
#5643 = ORIENTED_EDGE ( 'NONE', *, *, #2893, .F. ) ;
#5644 = CARTESIAN_POINT ( 'NONE',  ( -55.71131989884257507, 35.39999999999999858, -10.83439294907367945 ) ) ;
#5645 = ORIENTED_EDGE ( 'NONE', *, *, #3826, .F. ) ;
#5646 = DIRECTION ( 'NONE',  ( -0.000000000000000000, -1.000000000000000000, -0.000000000000000000 ) ) ;
#5647 = EDGE_CURVE ( 'NONE', #2674, #1718, #1505, .T. ) ;
#5648 = CARTESIAN_POINT ( 'NONE',  ( -4.311316915868820487, 0.5000000000000004441, -26.12534837884203753 ) ) ;
#5649 = CARTESIAN_POINT ( 'NONE',  ( -22.09094800190102603, 39.01157114127698122, -34.03924473569675513 ) ) ;
#5650 = ORIENTED_EDGE ( 'NONE', *, *, #622, .T. ) ;
#5651 = EDGE_CURVE ( 'NONE', #1431, #470, #5271, .T. ) ;
#5652 = PLANE ( 'NONE',  #4153 ) ;
#5653 = DIRECTION ( 'NONE',  ( 1.000000000000000000, -0.000000000000000000, 5.430604157131410235E-17 ) ) ;
#5654 = CARTESIAN_POINT ( 'NONE',  ( 24.28868308413120047, 4.499999999999998224, -7.834392949073296641 ) ) ;
#5655 = CARTESIAN_POINT ( 'NONE',  ( 23.78868308413118626, 20.00000000000000711, -7.834392949073296641 ) ) ;
#5656 = EDGE_LOOP ( 'NONE', ( #1077, #4539, #5142, #6040 ) ) ;
#5657 = DIRECTION ( 'NONE',  ( -0.000000000000000000, -1.000000000000000000, -0.000000000000000000 ) ) ;
#5658 = ORIENTED_EDGE ( 'NONE', *, *, #5651, .T. ) ;
#5659 = EDGE_CURVE ( 'NONE', #223, #4310, #5739, .T. ) ;
#5660 = DIRECTION ( 'NONE',  ( 1.000000000000000000, 0.000000000000000000, -6.938893903907222067E-15 ) ) ;
#5661 = VECTOR ( 'NONE', #2033, 1000.000000000000000 ) ;
#5662 = PLANE ( 'NONE',  #4517 ) ;
#5663 = DIRECTION ( 'NONE',  ( -5.782411586589357639E-16, 1.000000000000000000, 0.000000000000000000 ) ) ;
#5664 = LINE ( 'NONE', #1957, #2905 ) ;
#5665 = ORIENTED_EDGE ( 'NONE', *, *, #5337, .T. ) ;
#5666 = EDGE_LOOP ( 'NONE', ( #2218, #1949, #320, #2827 ) ) ;
#5667 = AXIS2_PLACEMENT_3D ( 'NONE', #393, #5538, #2771 ) ;
#5668 = AXIS2_PLACEMENT_3D ( 'NONE', #716, #3667, #1726 ) ;
#5669 = LINE ( 'NONE', #3616, #5470 ) ;
#5670 = AXIS2_PLACEMENT_3D ( 'NONE', #3339, #2397, #2457 ) ;
#5671 = VECTOR ( 'NONE', #1396, 1000.000000000000000 ) ;
#5672 = ADVANCED_FACE ( 'NONE', ( #3403 ), #1910, .F. ) ;
#5673 = DIRECTION ( 'NONE',  ( 0.000000000000000000, -1.000000000000000000, 0.000000000000000000 ) ) ;
#5674 = EDGE_CURVE ( 'NONE', #1843, #1694, #4390, .T. ) ;
#5675 = LINE ( 'NONE', #6179, #6066 ) ;
#5676 = EDGE_LOOP ( 'NONE', ( #2014, #6048, #2720, #4003 ) ) ;
#5677 = ORIENTED_EDGE ( 'NONE', *, *, #6102, .F. ) ;
#5678 = LINE ( 'NONE', #4131, #3551 ) ;
#5679 = VECTOR ( 'NONE', #262, 1000.000000000000000 ) ;
#5680 = ORIENTED_EDGE ( 'NONE', *, *, #5431, .T. ) ;
#5681 = CARTESIAN_POINT ( 'NONE',  ( -56.21131989884242586, 9.499999999999998224, -12.83439294907329753 ) ) ;
#5682 = VECTOR ( 'NONE', #2881, 1000.000000000000114 ) ;
#5683 = LINE ( 'NONE', #3376, #4618 ) ;
#5684 = CARTESIAN_POINT ( 'NONE',  ( -21.26438090424966276, 39.03101156917948344, -33.54642433391104106 ) ) ;
#5685 = ORIENTED_EDGE ( 'NONE', *, *, #3870, .T. ) ;
#5686 = AXIS2_PLACEMENT_3D ( 'NONE', #4178, #2224, #5553 ) ;
#5687 = EDGE_CURVE ( 'NONE', #5793, #5109, #5372, .T. ) ;
#5688 = PLANE ( 'NONE',  #562 ) ;
#5689 = PLANE ( 'NONE',  #2747 ) ;
#5690 = VERTEX_POINT ( 'NONE', #492 ) ;
#5691 = CARTESIAN_POINT ( 'NONE',  ( -10.21131840735561447, 2.500000000000000000, -23.42534837884203824 ) ) ;
#5692 = ORIENTED_EDGE ( 'NONE', *, *, #5241, .F. ) ;
#5693 = DIRECTION ( 'NONE',  ( 0.000000000000000000, 0.000000000000000000, 1.000000000000000000 ) ) ;
#5694 = DIRECTION ( 'NONE',  ( -0.000000000000000000, -0.000000000000000000, 1.000000000000000000 ) ) ;
#5695 = DIRECTION ( 'NONE',  ( 0.000000000000000000, 0.000000000000000000, 1.000000000000000000 ) ) ;
#5696 = CARTESIAN_POINT ( 'NONE',  ( -55.71131989884241165, 0.5000000000000004441, 38.45656248069552419 ) ) ;
#5697 = ORIENTED_EDGE ( 'NONE', *, *, #5915, .F. ) ;
#5698 = ORIENTED_EDGE ( 'NONE', *, *, #748, .T. ) ;
#5699 = DIRECTION ( 'NONE',  ( 0.000000000000000000, -0.000000000000000000, -1.000000000000000000 ) ) ;
#5700 = AXIS2_PLACEMENT_3D ( 'NONE', #3161, #1112, #542 ) ;
#5701 = CARTESIAN_POINT ( 'NONE',  ( -27.11131989884241023, 11.50000000000000000, -31.12534837884217609 ) ) ;
#5702 = CARTESIAN_POINT ( 'NONE',  ( -21.99147014913172526, 39.01370888417876159, -34.00561785837952300 ) ) ;
#5703 = EDGE_LOOP ( 'NONE', ( #1860, #5069, #3180, #2731 ) ) ;
#5704 = DIRECTION ( 'NONE',  ( 0.000000000000000000, 1.000000000000000000, 0.000000000000000000 ) ) ;
#5705 = EDGE_LOOP ( 'NONE', ( #2035, #4229, #2831, #201 ) ) ;
#5706 = EDGE_CURVE ( 'NONE', #1093, #5412, #2340, .T. ) ;
#5707 = FACE_OUTER_BOUND ( 'NONE', #5801, .T. ) ;
#5708 = CYLINDRICAL_SURFACE ( 'NONE', #502, 66.50000000000000000 ) ;
#5709 = DIRECTION ( 'NONE',  ( 0.7071067811865474617, -0.7071067811865474617, 9.866520446437221695E-15 ) ) ;
#5710 = ORIENTED_EDGE ( 'NONE', *, *, #523, .T. ) ;
#5711 = DIRECTION ( 'NONE',  ( -1.000000000000000000, -0.000000000000000000, -0.000000000000000000 ) ) ;
#5712 = DIRECTION ( 'NONE',  ( -0.7071067811865475727, -0.7071067811865475727, 0.000000000000000000 ) ) ;
#5713 = EDGE_CURVE ( 'NONE', #6010, #5126, #2372, .T. ) ;
#5714 = DIRECTION ( 'NONE',  ( -0.000000000000000000, -0.7071067811865475727, -0.7071067811865475727 ) ) ;
#5715 = ORIENTED_EDGE ( 'NONE', *, *, #5016, .T. ) ;
#5716 = DIRECTION ( 'NONE',  ( 0.000000000000000000, -1.000000000000000000, 0.000000000000000000 ) ) ;
#5717 = CARTESIAN_POINT ( 'NONE',  ( -37.61131989884241023, 2.500000000000000000, -26.12534837884203753 ) ) ;
#5718 = LINE ( 'NONE', #3414, #4321 ) ;
#5719 = AXIS2_PLACEMENT_3D ( 'NONE', #250, #3162, #5083 ) ;
#5720 = VECTOR ( 'NONE', #1656, 1000.000000000000114 ) ;
#5721 = CARTESIAN_POINT ( 'NONE',  ( -10.21131840735561447, 11.50000000000000000, -31.12534837884203753 ) ) ;
#5722 = VECTOR ( 'NONE', #2009, 1000.000000000000000 ) ;
#5723 = DIRECTION ( 'NONE',  ( 0.000000000000000000, 0.000000000000000000, 1.000000000000000000 ) ) ;
#5724 = ORIENTED_EDGE ( 'NONE', *, *, #4328, .F. ) ;
#5725 = ORIENTED_EDGE ( 'NONE', *, *, #268, .F. ) ;
#5726 = VECTOR ( 'NONE', #2171, 1000.000000000000000 ) ;
#5727 = EDGE_CURVE ( 'NONE', #3442, #6001, #939, .T. ) ;
#5728 = CARTESIAN_POINT ( 'NONE',  ( -28.46131840735561980, 17.50000000000000000, 38.45656248069552419 ) ) ;
#5729 = DIRECTION ( 'NONE',  ( -0.000000000000000000, 1.000000000000000000, -0.000000000000000000 ) ) ;
#5730 = B_SPLINE_CURVE_WITH_KNOTS ( 'NONE', 3,
 ( #3784, #904, #3842, #6208, #4782, #5259, #1965, #1379, #4313, #3745, #2363, #3306, #2804, #48, #5702, #5233, #2895, #2423, #4723, #3395, #19, #4227, #4346, #962, #3368, #3336, #1497, #3874, #931, #5319, #423, #1879, #4751, #2304, #1902, #2332, #2830, #5792, #4838, #1021, #1435, #2865 ),
 .UNSPECIFIED., .F., .F.,
 ( 4, 2, 2, 1, 1, 2, 2, 2, 1, 1, 2, 2, 2, 2, 1, 1, 2, 2, 2, 2, 1, 1, 2, 2, 4 ),
 ( 0.000000000000000000, 0.1250000000000259515, 0.1875000000000383860, 0.2187500000000431877, 0.2343750000000433820, 0.2421875000000424105, 0.2500000000000414113, 0.3125000000000610068, 0.3437500000000730527, 0.3593750000000806022, 0.3671875000000862643, 0.3750000000000919820, 0.4375000000001251221, 0.4687500000001461054, 0.4843750000001567635, 0.4921875000001534883, 0.4960937500001520450, 0.5000000000001506573, 0.6250000000001137979, 0.6875000000001002531, 0.7187500000000934808, 0.7343750000000882627, 0.7421875000000857092, 0.7500000000000830447, 1.000000000000000000 ),
 .UNSPECIFIED. ) ;
#5731 = DIRECTION ( 'NONE',  ( 1.000000000000000000, 0.000000000000000000, 0.000000000000000000 ) ) ;
#5732 = EDGE_LOOP ( 'NONE', ( #3245, #1078, #4849, #4033 ) ) ;
#5733 = VERTEX_POINT ( 'NONE', #1387 ) ;
#5734 = DIRECTION ( 'NONE',  ( -1.000000000000000000, 0.000000000000000000, 0.000000000000000000 ) ) ;
#5735 = VERTEX_POINT ( 'NONE', #3912 ) ;
#5736 = EDGE_CURVE ( 'NONE', #1938, #3886, #2872, .T. ) ;
#5737 = CARTESIAN_POINT ( 'NONE',  ( 5.049207500472289389, 0.5000000000000004441, -34.12534837884204109 ) ) ;
#5738 = DIRECTION ( 'NONE',  ( 0.000000000000000000, 1.000000000000000000, 0.000000000000000000 ) ) ;
#5739 = LINE ( 'NONE', #6217, #2541 ) ;
#5740 = ORIENTED_EDGE ( 'NONE', *, *, #4135, .F. ) ;
#5741 = LINE ( 'NONE', #1445, #2127 ) ;
#5742 = EDGE_CURVE ( 'NONE', #1138, #1015, #444, .T. ) ;
#5743 = ORIENTED_EDGE ( 'NONE', *, *, #3888, .T. ) ;
#5744 = CARTESIAN_POINT ( 'NONE',  ( -20.94014889874656760, 39.03985012776178820, -33.12534837884240346 ) ) ;
#5745 = ORIENTED_EDGE ( 'NONE', *, *, #1073, .T. ) ;
#5746 = DIRECTION ( 'NONE',  ( -0.000000000000000000, -0.000000000000000000, -1.000000000000000000 ) ) ;
#5747 = DIRECTION ( 'NONE',  ( -0.000000000000000000, -1.000000000000000000, -0.000000000000000000 ) ) ;
#5748 = CARTESIAN_POINT ( 'NONE',  ( -27.61131989884241378, 2.500000000000000000, -26.62534837884203753 ) ) ;
#5749 = CARTESIAN_POINT ( 'NONE',  ( -3.461318407355619353, 27.50000000000000000, 35.95656248069552419 ) ) ;
#5750 = DIRECTION ( 'NONE',  ( 0.000000000000000000, 0.7071067811865475727, 0.7071067811865475727 ) ) ;
#5751 = ORIENTED_EDGE ( 'NONE', *, *, #1600, .F. ) ;
#5752 = DIRECTION ( 'NONE',  ( 0.000000000000000000, 0.000000000000000000, 1.000000000000000000 ) ) ;
#5753 = ORIENTED_EDGE ( 'NONE', *, *, #5448, .F. ) ;
#5754 = EDGE_CURVE ( 'NONE', #107, #3349, #4326, .T. ) ;
#5755 = CARTESIAN_POINT ( 'NONE',  ( -28.46131840735561980, 17.50000000000000000, 13.45656248069557925 ) ) ;
#5756 = DIRECTION ( 'NONE',  ( 0.000000000000000000, 0.000000000000000000, 1.000000000000000000 ) ) ;
#5757 = EDGE_CURVE ( 'NONE', #6212, #4198, #28, .T. ) ;
#5758 = VECTOR ( 'NONE', #1174, 1000.000000000000000 ) ;
#5759 = LINE ( 'NONE', #1406, #4757 ) ;
#5760 = EDGE_CURVE ( 'NONE', #3875, #3518, #849, .T. ) ;
#5761 = ORIENTED_EDGE ( 'NONE', *, *, #1139, .F. ) ;
#5762 = ORIENTED_EDGE ( 'NONE', *, *, #675, .T. ) ;
#5763 = CARTESIAN_POINT ( 'NONE',  ( -33.96131840735561269, 2.499999999999984457, 38.45656248069552419 ) ) ;
#5764 = VECTOR ( 'NONE', #1521, 1000.000000000000000 ) ;
#5765 = EDGE_LOOP ( 'NONE', ( #5388, #4745, #1267, #3510 ) ) ;
#5766 = VECTOR ( 'NONE', #5067, 1000.000000000000000 ) ;
#5767 = PLANE ( 'NONE',  #964 ) ;
#5768 = DIRECTION ( 'NONE',  ( 0.7071067811865500152, 0.7071067811865451302, 0.000000000000000000 ) ) ;
#5769 = CARTESIAN_POINT ( 'NONE',  ( -37.11131989884241023, 2.000000000000001776, 30.45656248069552063 ) ) ;
#5770 = VECTOR ( 'NONE', #2302, 1000.000000000000114 ) ;
#5771 = CARTESIAN_POINT ( 'NONE',  ( 5.688683084131174184, 2.500000000000000000, 30.95656248069552063 ) ) ;
#5772 = AXIS2_PLACEMENT_3D ( 'NONE', #4200, #773, #6119 ) ;
#5773 = ORIENTED_EDGE ( 'NONE', *, *, #3029, .F. ) ;
#5774 = EDGE_CURVE ( 'NONE', #4410, #5446, #2838, .T. ) ;
#5775 = VECTOR ( 'NONE', #2261, 1000.000000000000000 ) ;
#5776 = LINE ( 'NONE', #4734, #2657 ) ;
#5777 = AXIS2_PLACEMENT_3D ( 'NONE', #5427, #3535, #2064 ) ;
#5778 = EDGE_LOOP ( 'NONE', ( #3585, #4146 ) ) ;
#5779 = VERTEX_POINT ( 'NONE', #5771 ) ;
#5780 = CARTESIAN_POINT ( 'NONE',  ( 23.78868308413118271, 0.000000000000000000, 35.45656248069552419 ) ) ;
#5781 = VECTOR ( 'NONE', #1145, 1000.000000000000000 ) ;
#5782 = ADVANCED_FACE ( 'NONE', ( #1479 ), #1001, .F. ) ;
#5783 = CARTESIAN_POINT ( 'NONE',  ( -49.71131989884241165, 2.500000000000000000, 25.45656248069552419 ) ) ;
#5784 = DIRECTION ( 'NONE',  ( -0.5773502691896263972, -0.5773502691896241767, -0.5773502691896267303 ) ) ;
#5785 = DIRECTION ( 'NONE',  ( 0.000000000000000000, 1.000000000000000000, 0.000000000000000000 ) ) ;
#5786 = DIRECTION ( 'NONE',  ( -1.000000000000000000, 0.000000000000000000, 0.000000000000000000 ) ) ;
#5787 = VERTEX_POINT ( 'NONE', #4913 ) ;
#5788 = ORIENTED_EDGE ( 'NONE', *, *, #2894, .F. ) ;
#5789 = ADVANCED_FACE ( 'NONE', ( #4039 ), #5462, .F. ) ;
#5790 = CARTESIAN_POINT ( 'NONE',  ( -9.247910475848476253, 38.99999999999999289, -34.12534837884224004 ) ) ;
#5791 = LINE ( 'NONE', #1496, #2744 ) ;
#5792 = CARTESIAN_POINT ( 'NONE',  ( -21.26488556140651554, 39.03100326109112217, -33.54591737107288196 ) ) ;
#5793 = VERTEX_POINT ( 'NONE', #2059 ) ;
#5794 = EDGE_LOOP ( 'NONE', ( #5297, #4869, #702, #1439, #2227 ) ) ;
#5795 = CARTESIAN_POINT ( 'NONE',  ( 24.28868308413120047, 9.499999999999998224, 12.16560705092670780 ) ) ;
#5796 = VERTEX_POINT ( 'NONE', #2088 ) ;
#5797 = CARTESIAN_POINT ( 'NONE',  ( -58.71131989884241165, 0.5000000000000004441, 0.000000000000000000 ) ) ;
#5798 = PLANE ( 'NONE',  #302 ) ;
#5799 = DIRECTION ( 'NONE',  ( -1.000000000000000000, -0.000000000000000000, -0.000000000000000000 ) ) ;
#5800 = VECTOR ( 'NONE', #5910, 1000.000000000000000 ) ;
#5801 = EDGE_LOOP ( 'NONE', ( #5923, #1343, #4796, #3672, #4093, #2514, #282, #3824 ) ) ;
#5802 = DIRECTION ( 'NONE',  ( -0.000000000000000000, -1.000000000000000000, -0.000000000000000000 ) ) ;
#5803 = VECTOR ( 'NONE', #4479, 1000.000000000000114 ) ;
#5804 = ORIENTED_EDGE ( 'NONE', *, *, #6102, .T. ) ;
#5805 = EDGE_CURVE ( 'NONE', #223, #5002, #116, .T. ) ;
#5806 = ORIENTED_EDGE ( 'NONE', *, *, #941, .T. ) ;
#5807 = EDGE_CURVE ( 'NONE', #2069, #5286, #2122, .T. ) ;
#5808 = LINE ( 'NONE', #565, #2535 ) ;
#5809 = CARTESIAN_POINT ( 'NONE',  ( 0.000000000000000000, 2.500000000000000000, 30.95656248069552063 ) ) ;
#5810 = FACE_OUTER_BOUND ( 'NONE', #629, .T. ) ;
#5811 = CARTESIAN_POINT ( 'NONE',  ( -21.71131840735561980, 11.50000000000000000, -31.12534837884203753 ) ) ;
#5812 = EDGE_LOOP ( 'NONE', ( #3611, #1936, #199, #3934 ) ) ;
#5813 = ORIENTED_EDGE ( 'NONE', *, *, #1347, .F. ) ;
#5814 = DIRECTION ( 'NONE',  ( 1.000000000000000000, 0.000000000000000000, -6.938893903907222067E-15 ) ) ;
#5815 = CARTESIAN_POINT ( 'NONE',  ( 5.188683084131174184, 0.5000000000000004441, 30.45656248069552063 ) ) ;
#5816 = DIRECTION ( 'NONE',  ( 0.000000000000000000, 0.000000000000000000, -1.000000000000000000 ) ) ;
#5817 = VERTEX_POINT ( 'NONE', #5826 ) ;
#5818 = B_SPLINE_CURVE_WITH_KNOTS ( 'NONE', 3,
 ( #586, #5428, #1097, #5335 ),
 .UNSPECIFIED., .F., .F.,
 ( 4, 4 ),
 ( 0.000000000000000000, 1.000000000000000000 ),
 .UNSPECIFIED. ) ;
#5819 = AXIS2_PLACEMENT_3D ( 'NONE', #141, #2430, #3433 ) ;
#5820 = VERTEX_POINT ( 'NONE', #207 ) ;
#5821 = PLANE ( 'NONE',  #5670 ) ;
#5822 = EDGE_LOOP ( 'NONE', ( #3344, #505, #4637, #292, #4682 ) ) ;
#5823 = CARTESIAN_POINT ( 'NONE',  ( -36.97194292656563874, 38.99999999999999289, -34.12534837884234662 ) ) ;
#5824 = PLANE ( 'NONE',  #1294 ) ;
#5825 = DIRECTION ( 'NONE',  ( -1.000000000000000000, 0.000000000000000000, -1.226344921636310289E-16 ) ) ;
#5826 = CARTESIAN_POINT ( 'NONE',  ( 23.78868308413118271, 35.39999999999999858, 15.16560705092632055 ) ) ;
#5827 = ORIENTED_EDGE ( 'NONE', *, *, #1262, .T. ) ;
#5828 = EDGE_CURVE ( 'NONE', #4410, #5833, #4359, .T. ) ;
#5829 = EDGE_CURVE ( 'NONE', #314, #1883, #1531, .T. ) ;
#5830 = DIRECTION ( 'NONE',  ( -0.000000000000000000, -1.000000000000000000, 0.000000000000000000 ) ) ;
#5831 = DIRECTION ( 'NONE',  ( 0.000000000000000000, 0.000000000000000000, -1.000000000000000000 ) ) ;
#5832 = ADVANCED_FACE ( 'NONE', ( #2029 ), #3434, .T. ) ;
#5833 = VERTEX_POINT ( 'NONE', #3058 ) ;
#5834 = CARTESIAN_POINT ( 'NONE',  ( 4.733459753475234922E-13, 2.500000000000000000, -34.12534837884211214 ) ) ;
#5835 = DIRECTION ( 'NONE',  ( 0.5773502691896257311, 0.5773502691896257311, 0.5773502691896257311 ) ) ;
#5836 = CARTESIAN_POINT ( 'NONE',  ( 4.733459753475234922E-13, 38.99999999999999289, -34.12534837884211214 ) ) ;
#5837 = CARTESIAN_POINT ( 'NONE',  ( -25.91131840735561553, 11.00000000000000000, -23.42534837884203824 ) ) ;
#5838 = EDGE_CURVE ( 'NONE', #3799, #1640, #680, .T. ) ;
#5839 = EDGE_LOOP ( 'NONE', ( #3281, #2294, #906, #4555 ) ) ;
#5840 = DIRECTION ( 'NONE',  ( 0.000000000000000000, 0.000000000000000000, 1.000000000000000000 ) ) ;
#5841 = ORIENTED_EDGE ( 'NONE', *, *, #4929, .T. ) ;
#5842 = DIRECTION ( 'NONE',  ( 0.7071067811865455743, 8.177564888978021288E-17, 0.7071067811865495711 ) ) ;
#5843 = CARTESIAN_POINT ( 'NONE',  ( 1.538681592644377982, 27.50000000000000000, 13.45656248069557925 ) ) ;
#5844 = CARTESIAN_POINT ( 'NONE',  ( 22.60928048829446269, 37.34197056444066476, -10.83439294907367056 ) ) ;
#5845 = ORIENTED_EDGE ( 'NONE', *, *, #1489, .T. ) ;
#5846 = DIRECTION ( 'NONE',  ( -0.7071067811865536790, -0.7071067811865414665, 0.000000000000000000 ) ) ;
#5847 = PRODUCT_DEFINITION_CONTEXT ( 'detailed design', #5984, 'design' ) ;
#5848 = ORIENTED_EDGE ( 'NONE', *, *, #2236, .T. ) ;
#5849 = EDGE_LOOP ( 'NONE', ( #5320, #993, #5422, #5240, #2437 ) ) ;
#5850 = EDGE_CURVE ( 'NONE', #5690, #4938, #5005, .T. ) ;
#5851 = CARTESIAN_POINT ( 'NONE',  ( 17.78868308413117916, 0.000000000000000000, 25.45656248069551708 ) ) ;
#5852 = VECTOR ( 'NONE', #1287, 1000.000000000000000 ) ;
#5853 = EDGE_CURVE ( 'NONE', #5219, #4486, #3023, .T. ) ;
#5854 = CARTESIAN_POINT ( 'NONE',  ( -28.46131840735561980, 27.50000000000000000, 35.95656248069552419 ) ) ;
#5855 = CARTESIAN_POINT ( 'NONE',  ( -28.46131840735561980, 12.00000000000000000, 35.45656248069552419 ) ) ;
#5856 = CARTESIAN_POINT ( 'NONE',  ( 38.28868010115761678, 4.499999999999999112, 12.16560705092670780 ) ) ;
#5857 = ORIENTED_EDGE ( 'NONE', *, *, #1026, .T. ) ;
#5858 = CARTESIAN_POINT ( 'NONE',  ( -3.461318407355619353, 22.50000000000000000, 35.45656248069552419 ) ) ;
#5859 = VECTOR ( 'NONE', #1092, 1000.000000000000114 ) ;
#5860 = CONICAL_SURFACE ( 'NONE', #340, 2.500000000000002220, 0.7853981633974387311 ) ;
#5861 = CONICAL_SURFACE ( 'NONE', #353, 1.750000000000005107, 0.7853981633974466137 ) ;
#5862 = VECTOR ( 'NONE', #5835, 999.9999999999998863 ) ;
#5863 = AXIS2_PLACEMENT_3D ( 'NONE', #145, #2062, #1127 ) ;
#5864 = FACE_OUTER_BOUND ( 'NONE', #20, .T. ) ;
#5865 = DIRECTION ( 'NONE',  ( 0.7071067811865475727, 4.088782444488998195E-16, -0.7071067811865474617 ) ) ;
#5866 = AXIS2_PLACEMENT_3D ( 'NONE', #4787, #6187, #970 ) ;
#5867 = EDGE_CURVE ( 'NONE', #4726, #1608, #3563, .T. ) ;
#5868 = ORIENTED_EDGE ( 'NONE', *, *, #1744, .F. ) ;
#5869 = VECTOR ( 'NONE', #2626, 1000.000000000000114 ) ;
#5870 = AXIS2_PLACEMENT_3D ( 'NONE', #3922, #1399, #3036 ) ;
#5871 = FACE_OUTER_BOUND ( 'NONE', #1247, .T. ) ;
#5872 = DIRECTION ( 'NONE',  ( -1.226344921636310289E-16, 0.000000000000000000, -1.000000000000000000 ) ) ;
#5873 = PLANE ( 'NONE',  #5575 ) ;
#5874 = CARTESIAN_POINT ( 'NONE',  ( -55.71131989884241165, 0.000000000000000000, 37.95656248069552419 ) ) ;
#5875 = AXIS2_PLACEMENT_3D ( 'NONE', #5581, #1281, #371 ) ;
#5876 = ORIENTED_EDGE ( 'NONE', *, *, #2097, .F. ) ;
#5877 = ORIENTED_EDGE ( 'NONE', *, *, #4644, .T. ) ;
#5878 = LINE ( 'NONE', #1582, #541 ) ;
#5879 = DIRECTION ( 'NONE',  ( -5.782411586589357639E-16, 1.000000000000000000, 0.000000000000000000 ) ) ;
#5880 = FACE_OUTER_BOUND ( 'NONE', #2666, .T. ) ;
#5881 = VERTEX_POINT ( 'NONE', #3501 ) ;
#5882 = DIRECTION ( 'NONE',  ( 0.000000000000000000, -1.000000000000000000, 0.000000000000000000 ) ) ;
#5883 = ORIENTED_EDGE ( 'NONE', *, *, #2002, .F. ) ;
#5884 = CARTESIAN_POINT ( 'NONE',  ( -31.92263681471123249, 11.50000000000000000, -23.92534837884204180 ) ) ;
#5885 = EDGE_LOOP ( 'NONE', ( #2948, #5094, #5857, #166, #4086, #926, #1880, #2791, #6182, #3265, #5188, #894, #2089, #4897, #5380, #4401, #3149, #4805, #3312, #2583, #963, #2579, #2212, #671, #396, #3924, #1022, #74, #5136, #1911, #2485, #3723, #4154, #270 ) ) ;
#5886 = DIRECTION ( 'NONE',  ( 0.000000000000000000, 0.000000000000000000, -1.000000000000000000 ) ) ;
#5887 = DIRECTION ( 'NONE',  ( -1.000000000000000000, 0.000000000000000000, 0.000000000000000000 ) ) ;
#5888 = DIRECTION ( 'NONE',  ( -5.782411586589357639E-16, 1.000000000000000000, 0.000000000000000000 ) ) ;
#5889 = CARTESIAN_POINT ( 'NONE',  ( -58.71131989884241165, 14.49999999999999467, 12.16560705092670602 ) ) ;
#5890 = ORIENTED_EDGE ( 'NONE', *, *, #5438, .F. ) ;
#5891 = EDGE_CURVE ( 'NONE', #4474, #6076, #4260, .T. ) ;
#5892 = LINE ( 'NONE', #4102, #3148 ) ;
#5893 = CARTESIAN_POINT ( 'NONE',  ( -11.01267781064005646, 39.04070733301521301, -33.07294698376843911 ) ) ;
#5894 = PLANE ( 'NONE',  #4846 ) ;
#5895 = EDGE_CURVE ( 'NONE', #3217, #5735, #1063, .T. ) ;
#5896 = ORIENTED_EDGE ( 'NONE', *, *, #4883, .F. ) ;
#5897 = ORIENTED_EDGE ( 'NONE', *, *, #1576, .T. ) ;
#5898 = CARTESIAN_POINT ( 'NONE',  ( -58.71131989884241165, 0.5000000000000004441, 35.45656248069552419 ) ) ;
#5899 = VECTOR ( 'NONE', #4442, 1000.000000000000000 ) ;
#5900 = ADVANCED_FACE ( 'NONE', ( #643 ), #2965, .T. ) ;
#5901 = CARTESIAN_POINT ( 'NONE',  ( 5.049207500472289389, 0.000000000000000000, -33.62534837884204109 ) ) ;
#5902 = CARTESIAN_POINT ( 'NONE',  ( -22.21131840735561980, 2.500000000000000000, -23.42534837884203824 ) ) ;
#5903 = CARTESIAN_POINT ( 'NONE',  ( -49.71131989884241165, 0.000000000000000000, 25.45656248069552419 ) ) ;
#5904 = ORIENTED_EDGE ( 'NONE', *, *, #2125, .F. ) ;
#5905 = CARTESIAN_POINT ( 'NONE',  ( -25.91131840735561553, 11.00000000000000000, -23.42534837884203824 ) ) ;
#5906 = EDGE_LOOP ( 'NONE', ( #3748, #543, #1986, #1707 ) ) ;
#5907 = LINE ( 'NONE', #3457, #5758 ) ;
#5908 = EDGE_CURVE ( 'NONE', #5608, #5180, #4885, .T. ) ;
#5909 = DIRECTION ( 'NONE',  ( 0.000000000000000000, 0.7071067811865474617, -0.7071067811865474617 ) ) ;
#5910 = DIRECTION ( 'NONE',  ( 0.000000000000000000, 0.000000000000000000, -1.000000000000000000 ) ) ;
#5911 = ORIENTED_EDGE ( 'NONE', *, *, #2221, .T. ) ;
#5912 = DIRECTION ( 'NONE',  ( -1.000000000000000000, 0.000000000000000000, 0.000000000000000000 ) ) ;
#5913 = ORIENTED_EDGE ( 'NONE', *, *, #1567, .T. ) ;
#5914 = CARTESIAN_POINT ( 'NONE',  ( -58.21131989884241165, 0.000000000000000000, -0.000000000000000000 ) ) ;
#5915 = EDGE_CURVE ( 'NONE', #4994, #4625, #3939, .T. ) ;
#5916 = ORIENTED_EDGE ( 'NONE', *, *, #1851, .T. ) ;
#5917 = CARTESIAN_POINT ( 'NONE',  ( 17.78868308413117916, 2.500000000000000000, 25.45656248069551708 ) ) ;
#5918 = PLANE ( 'NONE',  #4498 ) ;
#5919 = DIRECTION ( 'NONE',  ( 0.000000000000000000, 0.000000000000000000, -1.000000000000000000 ) ) ;
#5920 = CARTESIAN_POINT ( 'NONE',  ( -31.92263681471131065, 0.000000000000000000, -10.83439294907329220 ) ) ;
#5921 = AXIS2_PLACEMENT_3D ( 'NONE', #1897, #2073, #5471 ) ;
#5922 = VECTOR ( 'NONE', #2339, 1000.000000000000000 ) ;
#5923 = ORIENTED_EDGE ( 'NONE', *, *, #2191, .F. ) ;
#5924 = DIRECTION ( 'NONE',  ( 0.000000000000000000, 0.000000000000000000, 1.000000000000000000 ) ) ;
#5925 = CIRCLE ( 'NONE', #4815, 1.750000000000001554 ) ;
#5926 = EDGE_CURVE ( 'NONE', #3083, #2251, #3469, .T. ) ;
#5927 = AXIS2_PLACEMENT_3D ( 'NONE', #2632, #3584, #2667 ) ;
#5928 = VECTOR ( 'NONE', #6122, 999.9999999999998863 ) ;
#5929 = CARTESIAN_POINT ( 'NONE',  ( -10.13337294212335493, 39.01820472342058821, -33.92009214567630693 ) ) ;
#5930 = CARTESIAN_POINT ( 'NONE',  ( 23.78868308413118271, 39.50000000000000000, 35.45656248069552419 ) ) ;
#5931 = ORIENTED_EDGE ( 'NONE', *, *, #343, .F. ) ;
#5932 = DIRECTION ( 'NONE',  ( 0.000000000000000000, 0.000000000000000000, -1.000000000000000000 ) ) ;
#5933 = DIRECTION ( 'NONE',  ( -1.000000000000000000, 0.000000000000000000, -1.387080272683752052E-14 ) ) ;
#5934 = ADVANCED_FACE ( 'NONE', ( #4596 ), #240, .T. ) ;
#5935 = DIRECTION ( 'NONE',  ( 1.000000000000000000, 0.000000000000000000, -0.000000000000000000 ) ) ;
#5936 = LINE ( 'NONE', #4522, #2063 ) ;
#5937 = DIRECTION ( 'NONE',  ( 1.000000000000000000, 0.000000000000000000, 0.000000000000000000 ) ) ;
#5938 = ORIENTED_EDGE ( 'NONE', *, *, #100, .T. ) ;
#5939 = ORIENTED_EDGE ( 'NONE', *, *, #1878, .F. ) ;
#5940 = LINE ( 'NONE', #5383, #1048 ) ;
#5941 = DIRECTION ( 'NONE',  ( -0.000000000000000000, -0.000000000000000000, 1.000000000000000000 ) ) ;
#5942 = CARTESIAN_POINT ( 'NONE',  ( -56.41580775494304589, 0.000000000000000000, -30.82909540675451510 ) ) ;
#5943 = ORIENTED_EDGE ( 'NONE', *, *, #1925, .F. ) ;
#5944 = DIRECTION ( 'NONE',  ( 0.000000000000000000, 0.000000000000000000, -1.000000000000000000 ) ) ;
#5945 = ORIENTED_EDGE ( 'NONE', *, *, #4396, .F. ) ;
#5946 = ORIENTED_EDGE ( 'NONE', *, *, #930, .T. ) ;
#5947 = EDGE_CURVE ( 'NONE', #621, #3977, #1236, .T. ) ;
#5948 = CARTESIAN_POINT ( 'NONE',  ( -27.11131989884241023, 2.500000000000000000, -26.62534837884203753 ) ) ;
#5949 = CARTESIAN_POINT ( 'NONE',  ( -56.21131989884242586, 14.49999999999999467, -7.834392949073296641 ) ) ;
#5950 = DIRECTION ( 'NONE',  ( 0.000000000000000000, 0.000000000000000000, -1.000000000000000000 ) ) ;
#5951 = DIRECTION ( 'NONE',  ( -1.000000000000000000, 0.000000000000000000, 0.000000000000000000 ) ) ;
#5952 = ADVANCED_FACE ( 'NONE', ( #5541, #4069, #4662 ), #5030, .T. ) ;
#5953 = ORIENTED_EDGE ( 'NONE', *, *, #3979, .F. ) ;
#5954 = CARTESIAN_POINT ( 'NONE',  ( -27.11131989884241023, 11.00000000000000000, -31.12534837884217609 ) ) ;
#5955 = AXIS2_PLACEMENT_3D ( 'NONE', #5110, #3572, #218 ) ;
#5956 = CARTESIAN_POINT ( 'NONE',  ( -31.92263681471123249, 11.50000000000000000, 0.000000000000000000 ) ) ;
#5957 = B_SPLINE_CURVE_WITH_KNOTS ( 'NONE', 3,
 ( #5744, #4272, #891, #943 ),
 .UNSPECIFIED., .F., .F.,
 ( 4, 4 ),
 ( 0.000000000000000000, 1.000000000000000000 ),
 .UNSPECIFIED. ) ;
#5958 = CARTESIAN_POINT ( 'NONE',  ( -37.61131989884241023, 0.000000000000000000, 4.612445115398409003E-15 ) ) ;
#5959 = ORIENTED_EDGE ( 'NONE', *, *, #4351, .F. ) ;
#5960 = AXIS2_PLACEMENT_3D ( 'NONE', #2803, #5673, #2705 ) ;
#5961 = AXIS2_PLACEMENT_3D ( 'NONE', #4779, #4284, #2421 ) ;
#5962 = AXIS2_PLACEMENT_3D ( 'NONE', #269, #4981, #4946 ) ;
#5963 = CARTESIAN_POINT ( 'NONE',  ( -37.11131989884241023, 2.000000000000001776, 30.45656248069552063 ) ) ;
#5964 = CARTESIAN_POINT ( 'NONE',  ( -36.97194292656563874, 0.000000000000000000, 35.37465162115807971 ) ) ;
#5965 = PLANE ( 'NONE',  #3966 ) ;
#5966 = VECTOR ( 'NONE', #3055, 1000.000000000000000 ) ;
#5967 = VECTOR ( 'NONE', #2947, 1000.000000000000114 ) ;
#5968 = CARTESIAN_POINT ( 'NONE',  ( 26.78868308413118271, 3.999999999999988010, 12.16560705092670780 ) ) ;
#5969 = ADVANCED_FACE ( 'NONE', ( #771 ), #2673, .T. ) ;
#5970 = ORIENTED_EDGE ( 'NONE', *, *, #2523, .T. ) ;
#5971 = EDGE_LOOP ( 'NONE', ( #2722, #5806, #5255, #1617 ) ) ;
#5972 = DIRECTION ( 'NONE',  ( 1.000000000000000000, 0.000000000000000000, 0.000000000000000000 ) ) ;
#5973 = VECTOR ( 'NONE', #4710, 1000.000000000000000 ) ;
#5974 = CARTESIAN_POINT ( 'NONE',  ( 23.78868308413118626, 0.000000000000000000, -28.43037995825160991 ) ) ;
#5975 = CIRCLE ( 'NONE', #2263, 4.999999999999999112 ) ;
#5976 = ORIENTED_EDGE ( 'NONE', *, *, #196, .T. ) ;
#5977 = ORIENTED_EDGE ( 'NONE', *, *, #4931, .T. ) ;
#5978 = DIRECTION ( 'NONE',  ( 0.000000000000000000, 0.000000000000000000, 1.000000000000000000 ) ) ;
#5979 = EDGE_CURVE ( 'NONE', #4657, #564, #2891, .T. ) ;
#5980 = EDGE_LOOP ( 'NONE', ( #5959, #4752, #2652, #2662 ) ) ;
#5981 = EDGE_CURVE ( 'NONE', #2739, #3364, #2937, .T. ) ;
#5982 = CARTESIAN_POINT ( 'NONE',  ( 23.78868308413118626, 39.50000000000000000, -28.43037995825160991 ) ) ;
#5983 = DIRECTION ( 'NONE',  ( 1.000000000000000000, -0.000000000000000000, 0.000000000000000000 ) ) ;
#5984 = APPLICATION_CONTEXT ( 'automotive_design' ) ;
#5985 = EDGE_CURVE ( 'NONE', #2869, #420, #5730, .T. ) ;
#5986 = CARTESIAN_POINT ( 'NONE',  ( -33.46131840735561980, 12.50000000000000000, 35.95656248069552419 ) ) ;
#5987 = EDGE_LOOP ( 'NONE', ( #2548, #4190, #2006, #4156 ) ) ;
#5988 = CARTESIAN_POINT ( 'NONE',  ( 24.28868308413120047, 14.49999999999999645, 17.16560705092670602 ) ) ;
#5989 = CARTESIAN_POINT ( 'NONE',  ( -10.08482020314425398, 39.01710342290549960, -33.94317832594526152 ) ) ;
#5990 = EDGE_CURVE ( 'NONE', #1783, #4198, #5759, .T. ) ;
#5991 = CARTESIAN_POINT ( 'NONE',  ( -58.71131989884241165, 38.99999999999999289, -28.43040892023596200 ) ) ;
#5992 = AXIS2_PLACEMENT_3D ( 'NONE', #862, #1229, #5052 ) ;
#5993 = ORIENTED_EDGE ( 'NONE', *, *, #1735, .F. ) ;
#5994 = EDGE_CURVE ( 'NONE', #5796, #2611, #1934, .T. ) ;
#5995 = CARTESIAN_POINT ( 'NONE',  ( -54.39668590507591972, 37.00000000000000000, 15.16560705092632588 ) ) ;
#5996 = DIRECTION ( 'NONE',  ( -4.956352788505162282E-16, 1.000000000000000000, 0.000000000000000000 ) ) ;
#5997 = CARTESIAN_POINT ( 'NONE',  ( -10.46550446036072479, 39.50000000000000711, -33.00799911460201486 ) ) ;
#5998 = EDGE_CURVE ( 'NONE', #4880, #5219, #5267, .T. ) ;
#5999 = CONICAL_SURFACE ( 'NONE', #388, 2.500000000000002220, 0.7853981633974387311 ) ;
#6000 = CARTESIAN_POINT ( 'NONE',  ( -27.61131989884241378, -44.50000000000000000, -26.12534837884203753 ) ) ;
#6001 = VERTEX_POINT ( 'NONE', #1467 ) ;
#6002 = DIRECTION ( 'NONE',  ( 0.000000000000000000, -1.000000000000000000, 0.000000000000000000 ) ) ;
#6003 = ORIENTED_EDGE ( 'NONE', *, *, #1026, .F. ) ;
#6004 = EDGE_CURVE ( 'NONE', #3349, #1904, #5675, .T. ) ;
#6005 = LINE ( 'NONE', #5088, #6171 ) ;
#6006 = DIRECTION ( 'NONE',  ( -1.387080272683752052E-14, -0.000000000000000000, 1.000000000000000000 ) ) ;
#6007 = AXIS2_PLACEMENT_3D ( 'NONE', #4537, #233, #5983 ) ;
#6008 = EDGE_LOOP ( 'NONE', ( #2912, #721, #4118, #4494 ) ) ;
#6009 = DIRECTION ( 'NONE',  ( -4.453319968179228921E-15, 0.000000000000000000, 1.000000000000000000 ) ) ;
#6010 = VERTEX_POINT ( 'NONE', #5293 ) ;
#6011 = CARTESIAN_POINT ( 'NONE',  ( -58.71131989884241165, 9.499999999999998224, 12.16560705092670780 ) ) ;
#6012 = ORIENTED_EDGE ( 'NONE', *, *, #3992, .F. ) ;
#6013 = CARTESIAN_POINT ( 'NONE',  ( -21.28135085306514185, 39.50000000000000000, -32.69772649016238120 ) ) ;
#6014 = PLANE ( 'NONE',  #2487 ) ;
#6015 = ADVANCED_FACE ( 'NONE', ( #991 ), #3276, .F. ) ;
#6016 = CARTESIAN_POINT ( 'NONE',  ( -10.55670976561724572, 39.02839890279674506, -33.64184239729214454 ) ) ;
#6017 = VERTEX_POINT ( 'NONE', #2394 ) ;
#6018 = FACE_OUTER_BOUND ( 'NONE', #1507, .T. ) ;
#6019 = ORIENTED_EDGE ( 'NONE', *, *, #4545, .F. ) ;
#6020 = CARTESIAN_POINT ( 'NONE',  ( 26.78868308413118271, 14.49999999999999467, 12.16560705092670602 ) ) ;
#6021 = VECTOR ( 'NONE', #3601, 1000.000000000000000 ) ;
#6022 = DIRECTION ( 'NONE',  ( -0.7071067811865491270, -3.271025955591205557E-16, -0.7071067811865459074 ) ) ;
#6023 = CARTESIAN_POINT ( 'NONE',  ( -21.30316224315221163, 39.03000463596329439, -33.58378598752227617 ) ) ;
#6024 = VECTOR ( 'NONE', #442, 1000.000000000000000 ) ;
#6025 = ORIENTED_EDGE ( 'NONE', *, *, #3479, .T. ) ;
#6026 = VECTOR ( 'NONE', #3777, 1000.000000000000114 ) ;
#6027 = CIRCLE ( 'NONE', #3317, 2.999999999999999112 ) ;
#6028 = EDGE_CURVE ( 'NONE', #4932, #1748, #5202, .T. ) ;
#6029 = FACE_OUTER_BOUND ( 'NONE', #5368, .T. ) ;
#6030 = ADVANCED_FACE ( 'NONE', ( #198 ), #669, .F. ) ;
#6031 = CARTESIAN_POINT ( 'NONE',  ( -55.71131989884257507, 35.39999999999999858, -10.83439294907367945 ) ) ;
#6032 = EDGE_CURVE ( 'NONE', #1646, #1432, #1551, .T. ) ;
#6033 = CARTESIAN_POINT ( 'NONE',  ( -9.011318407355615179, 11.00000000000000000, -21.42534837884203824 ) ) ;
#6034 = CARTESIAN_POINT ( 'NONE',  ( -33.96131840735561980, 22.49999999999999645, 35.45656248069552419 ) ) ;
#6035 = ORIENTED_EDGE ( 'NONE', *, *, #725, .F. ) ;
#6036 = DIRECTION ( 'NONE',  ( 0.000000000000000000, 0.000000000000000000, 1.000000000000000000 ) ) ;
#6037 = ORIENTED_EDGE ( 'NONE', *, *, #5438, .T. ) ;
#6038 = CARTESIAN_POINT ( 'NONE',  ( -26.61131989884241023, 11.50000000000000000, 0.000000000000000000 ) ) ;
#6039 = DIRECTION ( 'NONE',  ( 1.000000000000000000, -0.000000000000000000, -0.000000000000000000 ) ) ;
#6040 = ORIENTED_EDGE ( 'NONE', *, *, #3703, .F. ) ;
#6041 = DIRECTION ( 'NONE',  ( -6.935401363418759473E-15, 1.451039654367012785E-31, 1.000000000000000000 ) ) ;
#6042 = ORIENTED_EDGE ( 'NONE', *, *, #824, .T. ) ;
#6043 = DIRECTION ( 'NONE',  ( 0.000000000000000000, 0.000000000000000000, 1.000000000000000000 ) ) ;
#6044 = ORIENTED_EDGE ( 'NONE', *, *, #2832, .F. ) ;
#6045 = CARTESIAN_POINT ( 'NONE',  ( -21.38585354881605838, 39.50000000000000000, -32.90374364598282853 ) ) ;
#6046 = LINE ( 'NONE', #1841, #5464 ) ;
#6047 = CARTESIAN_POINT ( 'NONE',  ( -10.32594593929168880, 39.02271232626384290, -33.81127989680634016 ) ) ;
#6048 = ORIENTED_EDGE ( 'NONE', *, *, #2675, .F. ) ;
#6049 = DIRECTION ( 'NONE',  ( -0.000000000000000000, -1.000000000000000000, 0.000000000000000000 ) ) ;
#6050 = ORIENTED_EDGE ( 'NONE', *, *, #3084, .T. ) ;
#6051 = EDGE_CURVE ( 'NONE', #337, #1622, #78, .T. ) ;
#6052 = ADVANCED_FACE ( 'NONE', ( #5880 ), #685, .F. ) ;
#6053 = PLANE ( 'NONE',  #2762 ) ;
#6054 =( NAMED_UNIT ( * ) SI_UNIT ( $, .STERADIAN. ) SOLID_ANGLE_UNIT ( ) );
#6055 = CARTESIAN_POINT ( 'NONE',  ( -22.17819164715251645, 39.50000000000000000, -33.54141295860176797 ) ) ;
#6056 = ORIENTED_EDGE ( 'NONE', *, *, #68, .T. ) ;
#6057 = CARTESIAN_POINT ( 'NONE',  ( -10.21131840735561447, 2.500000000000000000, -31.12534837884225070 ) ) ;
#6058 = AXIS2_PLACEMENT_3D ( 'NONE', #2530, #2038, #2070 ) ;
#6059 = PLANE ( 'NONE',  #4264 ) ;
#6060 = CARTESIAN_POINT ( 'NONE',  ( -9.464094311410583771, 39.00408175962322588, -34.11654796400669909 ) ) ;
#6061 = ADVANCED_FACE ( 'NONE', ( #3522 ), #3997, .F. ) ;
#6062 = VECTOR ( 'NONE', #2393, 1000.000000000000000 ) ;
#6063 = FACE_OUTER_BOUND ( 'NONE', #2436, .T. ) ;
#6064 = VERTEX_POINT ( 'NONE', #3904 ) ;
#6065 = CARTESIAN_POINT ( 'NONE',  ( -28.46131840735561980, 22.50000000000000000, 35.45656248069552419 ) ) ;
#6066 = VECTOR ( 'NONE', #454, 1000.000000000000000 ) ;
#6067 = AXIS2_PLACEMENT_3D ( 'NONE', #5051, #2295, #1263 ) ;
#6068 = ORIENTED_EDGE ( 'NONE', *, *, #2509, .F. ) ;
#6069 = FACE_OUTER_BOUND ( 'NONE', #5732, .T. ) ;
#6070 = CARTESIAN_POINT ( 'NONE',  ( -22.21131840735561980, 11.50000000000000000, 0.000000000000000000 ) ) ;
#6071 = VECTOR ( 'NONE', #1156, 1000.000000000000114 ) ;
#6072 = LINE ( 'NONE', #206, #4224 ) ;
#6073 = ORIENTED_EDGE ( 'NONE', *, *, #4528, .F. ) ;
#6074 = CYLINDRICAL_SURFACE ( 'NONE', #307, 1.750000000000005107 ) ;
#6075 = VERTEX_POINT ( 'NONE', #1523 ) ;
#6076 = VERTEX_POINT ( 'NONE', #4030 ) ;
#6077 = AXIS2_PLACEMENT_3D ( 'NONE', #2517, #2142, #1555 ) ;
#6078 = CARTESIAN_POINT ( 'NONE',  ( -21.57236747232030893, 39.50000000000000000, -33.14928543040269204 ) ) ;
#6079 = PLANE ( 'NONE',  #1751 ) ;
#6080 = CIRCLE ( 'NONE', #658, 5.500000000000005329 ) ;
#6081 = CARTESIAN_POINT ( 'NONE',  ( -10.98258652734678620, 39.03985012776189478, -33.12534837884226135 ) ) ;
#6082 = ORIENTED_EDGE ( 'NONE', *, *, #988, .F. ) ;
#6083 = EDGE_LOOP ( 'NONE', ( #3877, #1588, #4663, #2660 ) ) ;
#6084 = DIRECTION ( 'NONE',  ( -1.000000000000000000, 0.000000000000000000, 0.000000000000000000 ) ) ;
#6085 = ORIENTED_EDGE ( 'NONE', *, *, #5441, .F. ) ;
#6086 = CIRCLE ( 'NONE', #3155, 5.500000000000001776 ) ;
#6087 = EDGE_CURVE ( 'NONE', #3110, #1437, #632, .T. ) ;
#6088 = DIRECTION ( 'NONE',  ( 0.000000000000000000, 0.000000000000000000, 1.000000000000000000 ) ) ;
#6089 = LINE ( 'NONE', #5991, #1824 ) ;
#6090 = CARTESIAN_POINT ( 'NONE',  ( -21.51274877930613982, 39.02473837874531881, -33.75521738266890992 ) ) ;
#6091 = EDGE_CURVE ( 'NONE', #3662, #2748, #4434, .T. ) ;
#6092 = ORIENTED_EDGE ( 'NONE', *, *, #4534, .F. ) ;
#6093 = CIRCLE ( 'NONE', #5992, 5.500000000000009770 ) ;
#6094 = LINE ( 'NONE', #3628, #4046 ) ;
#6095 = EDGE_CURVE ( 'NONE', #1564, #2366, #1584, .T. ) ;
#6096 = CARTESIAN_POINT ( 'NONE',  ( -3.461318407355616245, 12.00000000000000000, 38.45656248069552419 ) ) ;
#6097 = CARTESIAN_POINT ( 'NONE',  ( -9.410278407020950198, 39.50000000000002132, -33.61874806771547242 ) ) ;
#6098 = PLANE ( 'NONE',  #5719 ) ;
#6099 = ORIENTED_EDGE ( 'NONE', *, *, #4106, .T. ) ;
#6100 = CARTESIAN_POINT ( 'NONE',  ( -23.41131840735561909, 11.50000000000000000, -19.42534837884203824 ) ) ;
#6101 = ORIENTED_EDGE ( 'NONE', *, *, #4343, .F. ) ;
#6102 = EDGE_CURVE ( 'NONE', #6220, #3875, #2047, .T. ) ;
#6103 = CARTESIAN_POINT ( 'NONE',  ( -36.97194292656567427, 39.50000000000000000, -31.62534837884248162 ) ) ;
#6104 = FACE_OUTER_BOUND ( 'NONE', #2104, .T. ) ;
#6105 = VECTOR ( 'NONE', #3046, 1000.000000000000000 ) ;
#6106 = DIRECTION ( 'NONE',  ( 0.000000000000000000, 0.000000000000000000, 1.000000000000000000 ) ) ;
#6107 = ORIENTED_EDGE ( 'NONE', *, *, #1771, .T. ) ;
#6108 = DIRECTION ( 'NONE',  ( 0.000000000000000000, 1.000000000000000000, 0.000000000000000000 ) ) ;
#6109 = ORIENTED_EDGE ( 'NONE', *, *, #5363, .F. ) ;
#6110 = VERTEX_POINT ( 'NONE', #5844 ) ;
#6111 = ADVANCED_FACE ( 'NONE', ( #1616 ), #3423, .F. ) ;
#6112 = PLANE ( 'NONE',  #744 ) ;
#6113 = DIRECTION ( 'NONE',  ( -1.000000000000000000, 0.000000000000000000, -1.395336702878296543E-14 ) ) ;
#6114 = VECTOR ( 'NONE', #1655, 1000.000000000000000 ) ;
#6115 = CARTESIAN_POINT ( 'NONE',  ( -10.03032162542786132, 39.01588975252765579, -33.96645402201995267 ) ) ;
#6116 = ADVANCED_FACE ( 'NONE', ( #574 ), #1495, .F. ) ;
#6117 = ORIENTED_EDGE ( 'NONE', *, *, #5159, .T. ) ;
#6118 = ORIENTED_EDGE ( 'NONE', *, *, #2466, .T. ) ;
#6119 = DIRECTION ( 'NONE',  ( 0.000000000000000000, 0.000000000000000000, 1.000000000000000000 ) ) ;
#6120 = ORIENTED_EDGE ( 'NONE', *, *, #4883, .T. ) ;
#6121 = LINE ( 'NONE', #3724, #5478 ) ;
#6122 = DIRECTION ( 'NONE',  ( 0.5773502691896258421, 0.5773502691896257311, 0.5773502691896257311 ) ) ;
#6123 = CARTESIAN_POINT ( 'NONE',  ( -22.15891860336495611, 39.49999999999999289, -33.53454778551931525 ) ) ;
#6124 = ORIENTED_EDGE ( 'NONE', *, *, #3883, .F. ) ;
#6125 = EDGE_CURVE ( 'NONE', #5508, #1374, #5445, .T. ) ;
#6126 = DIRECTION ( 'NONE',  ( -0.000000000000000000, 0.000000000000000000, 1.000000000000000000 ) ) ;
#6127 = CARTESIAN_POINT ( 'NONE',  ( -49.71131989884241165, 0.9499999999999872990, 27.20656248069552774 ) ) ;
#6128 = CARTESIAN_POINT ( 'NONE',  ( -10.59278672104669639, 39.50000000000000711, -32.80017495378333336 ) ) ;
#6129 = LINE ( 'NONE', #5654, #3792 ) ;
#6130 = CIRCLE ( 'NONE', #1107, 5.500000000000001776 ) ;
#6131 = CIRCLE ( 'NONE', #4420, 2.500000000000002220 ) ;
#6132 = CARTESIAN_POINT ( 'NONE',  ( -28.46131840735561980, 22.50000000000000000, 13.45656248069557925 ) ) ;
#6133 = ORIENTED_EDGE ( 'NONE', *, *, #2893, .T. ) ;
#6134 = CARTESIAN_POINT ( 'NONE',  ( -3.461318407355616245, 12.50000000000000000, 35.95656248069552419 ) ) ;
#6135 = ADVANCED_FACE ( 'NONE', ( #3014 ), #5999, .T. ) ;
#6136 = ORIENTED_EDGE ( 'NONE', *, *, #1137, .F. ) ;
#6137 = EDGE_CURVE ( 'NONE', #3643, #621, #106, .T. ) ;
#6138 = STYLED_ITEM ( 'NONE', ( #3625 ), #2857 ) ;
#6139 = DIRECTION ( 'NONE',  ( 1.000000000000000000, 0.000000000000000000, 0.000000000000000000 ) ) ;
#6140 = CYLINDRICAL_SURFACE ( 'NONE', #3280, 4.999999999999999112 ) ;
#6141 = DIRECTION ( 'NONE',  ( -6.935401363418760262E-15, 0.000000000000000000, 1.000000000000000000 ) ) ;
#6142 = CARTESIAN_POINT ( 'NONE',  ( -28.46131840735561980, 17.50000000000000000, 38.45656248069552419 ) ) ;
#6143 = ORIENTED_EDGE ( 'NONE', *, *, #1993, .F. ) ;
#6144 = ORIENTED_EDGE ( 'NONE', *, *, #2322, .F. ) ;
#6145 = DIRECTION ( 'NONE',  ( -0.7071067811865475727, -0.7071067811865475727, 0.000000000000000000 ) ) ;
#6146 = CARTESIAN_POINT ( 'NONE',  ( -54.89668590507573498, 37.00000000000000000, -10.83439294907367412 ) ) ;
#6147 = CARTESIAN_POINT ( 'NONE',  ( 26.78868308413118271, 14.49999999999999467, 12.16560705092670602 ) ) ;
#6148 = EDGE_LOOP ( 'NONE', ( #3463, #5612, #4513, #2697 ) ) ;
#6149 = ADVANCED_FACE ( 'NONE', ( #4406 ), #2019, .T. ) ;
#6150 = ORIENTED_EDGE ( 'NONE', *, *, #231, .T. ) ;
#6151 = DIRECTION ( 'NONE',  ( 0.000000000000000000, 0.7071067811865474617, 0.7071067811865474617 ) ) ;
#6152 = ORIENTED_EDGE ( 'NONE', *, *, #2894, .T. ) ;
#6153 = CARTESIAN_POINT ( 'NONE',  ( -58.71131989884241165, 14.49999999999999467, -7.834392949073296641 ) ) ;
#6154 = FACE_OUTER_BOUND ( 'NONE', #5534, .T. ) ;
#6155 = CARTESIAN_POINT ( 'NONE',  ( -20.96398434708069658, 39.03917109184543932, -33.16689272535166566 ) ) ;
#6156 = ORIENTED_EDGE ( 'NONE', *, *, #4174, .F. ) ;
#6157 = CARTESIAN_POINT ( 'NONE',  ( 26.78868308413118271, 2.500000000000000000, 0.000000000000000000 ) ) ;
#6158 = DIRECTION ( 'NONE',  ( 0.000000000000000000, 0.000000000000000000, -1.000000000000000000 ) ) ;
#6159 = PLANE ( 'NONE',  #3654 ) ;
#6160 = ORIENTED_EDGE ( 'NONE', *, *, #4642, .T. ) ;
#6161 = CARTESIAN_POINT ( 'NONE',  ( 24.28868308413120047, 7.940688408169488846E-15, 17.16560705092671313 ) ) ;
#6162 = ORIENTED_EDGE ( 'NONE', *, *, #5838, .T. ) ;
#6163 = VECTOR ( 'NONE', #5587, 1000.000000000000000 ) ;
#6164 = CARTESIAN_POINT ( 'NONE',  ( -54.21131989884256797, 37.00000000000000000, -10.83439294907366879 ) ) ;
#6165 = CARTESIAN_POINT ( 'NONE',  ( 23.78868308413118626, 2.500000000000002220, -28.43037995825160991 ) ) ;
#6166 = VECTOR ( 'NONE', #5729, 1000.000000000000000 ) ;
#6167 = CARTESIAN_POINT ( 'NONE',  ( 23.78868308413118626, 9.499999999999998224, -13.33439294907330641 ) ) ;
#6168 = ADVANCED_FACE ( 'NONE', ( #4901, #4935 ), #407, .T. ) ;
#6169 = VECTOR ( 'NONE', #912, 1000.000000000000000 ) ;
#6170 = DIRECTION ( 'NONE',  ( -1.000000000000000000, 0.000000000000000000, -6.938893903907222067E-15 ) ) ;
#6171 = VECTOR ( 'NONE', #4149, 1000.000000000000000 ) ;
#6172 = EDGE_LOOP ( 'NONE', ( #3890, #3734, #1293, #1708 ) ) ;
#6173 = ORIENTED_EDGE ( 'NONE', *, *, #482, .F. ) ;
#6174 = VECTOR ( 'NONE', #4311, 1000.000000000000000 ) ;
#6175 = AXIS2_PLACEMENT_3D ( 'NONE', #2039, #4490, #3035 ) ;
#6176 = FACE_OUTER_BOUND ( 'NONE', #4980, .T. ) ;
#6177 = VECTOR ( 'NONE', #1344, 1000.000000000000114 ) ;
#6178 = DIRECTION ( 'NONE',  ( 0.000000000000000000, -4.625929269271486900E-16, -1.000000000000000000 ) ) ;
#6179 = CARTESIAN_POINT ( 'NONE',  ( 23.78868308413118271, 39.50000000000000000, 35.45656248069552419 ) ) ;
#6180 = VERTEX_POINT ( 'NONE', #2755 ) ;
#6181 = VECTOR ( 'NONE', #1059, 1000.000000000000000 ) ;
#6182 = ORIENTED_EDGE ( 'NONE', *, *, #5947, .T. ) ;
#6183 = LINE ( 'NONE', #4666, #1757 ) ;
#6184 = CIRCLE ( 'NONE', #3458, 69.00000000000000000 ) ;
#6185 = ORIENTED_EDGE ( 'NONE', *, *, #1415, .F. ) ;
#6186 = VECTOR ( 'NONE', #1033, 1000.000000000000000 ) ;
#6187 = DIRECTION ( 'NONE',  ( 1.387080272683752052E-14, 0.000000000000000000, -1.000000000000000000 ) ) ;
#6188 = EDGE_CURVE ( 'NONE', #4826, #2588, #1761, .T. ) ;
#6189 = LINE ( 'NONE', #3342, #2909 ) ;
#6190 = CARTESIAN_POINT ( 'NONE',  ( -55.71131989884241165, 39.00000000000000000, 35.45656248069552419 ) ) ;
#6191 = ORIENTED_EDGE ( 'NONE', *, *, #387, .F. ) ;
#6192 = AXIS2_PLACEMENT_3D ( 'NONE', #5375, #2505, #4428 ) ;
#6193 = VECTOR ( 'NONE', #1390, 999.9999999999998863 ) ;
#6194 = ADVANCED_FACE ( 'NONE', ( #312 ), #4609, .F. ) ;
#6195 = CARTESIAN_POINT ( 'NONE',  ( -56.21131989884242586, 7.940688408169488846E-15, 17.16560705092671313 ) ) ;
#6196 = ADVANCED_FACE ( 'NONE', ( #5082 ), #2290, .T. ) ;
#6197 = DIRECTION ( 'NONE',  ( -0.000000000000000000, -0.000000000000000000, 1.000000000000000000 ) ) ;
#6198 = ORIENTED_EDGE ( 'NONE', *, *, #4144, .T. ) ;
#6199 = CARTESIAN_POINT ( 'NONE',  ( -55.71131989884241165, 39.50000000000000000, 35.45656248069552419 ) ) ;
#6200 = CARTESIAN_POINT ( 'NONE',  ( 26.28868308413116850, 14.49999999999999645, 17.16560705092670602 ) ) ;
#6201 = DIRECTION ( 'NONE',  ( -0.000000000000000000, -1.000000000000000000, -0.000000000000000000 ) ) ;
#6202 = CYLINDRICAL_SURFACE ( 'NONE', #5921, 0.5000000000000004441 ) ;
#6203 = EDGE_CURVE ( 'NONE', #5624, #4040, #6129, .T. ) ;
#6204 = VERTEX_POINT ( 'NONE', #380 ) ;
#6205 = ORIENTED_EDGE ( 'NONE', *, *, #301, .T. ) ;
#6206 = CARTESIAN_POINT ( 'NONE',  ( 22.97404909036450249, 37.00000000000000000, -10.83439294907367234 ) ) ;
#6207 = DIRECTION ( 'NONE',  ( -6.938893903907222067E-15, -0.000000000000000000, 1.000000000000000000 ) ) ;
#6208 = CARTESIAN_POINT ( 'NONE',  ( -22.38594687249429427, 39.00552223749849645, -34.10491427554917720 ) ) ;
#6209 = ORIENTED_EDGE ( 'NONE', *, *, #2094, .F. ) ;
#6210 = EDGE_LOOP ( 'NONE', ( #5175, #4860, #3454, #885 ) ) ;
#6211 = CARTESIAN_POINT ( 'NONE',  ( -10.21131840735561447, 7.000000000000000888, -31.12534837884210859 ) ) ;
#6212 = VERTEX_POINT ( 'NONE', #1798 ) ;
#6213 = VECTOR ( 'NONE', #999, 1000.000000000000000 ) ;
#6214 = PLANE ( 'NONE',  #5563 ) ;
#6215 = ADVANCED_FACE ( 'NONE', ( #2688 ), #1356, .F. ) ;
#6216 = DIRECTION ( 'NONE',  ( 0.000000000000000000, 0.000000000000000000, 1.000000000000000000 ) ) ;
#6217 = CARTESIAN_POINT ( 'NONE',  ( -27.11131989884241023, 2.500000000000000000, -18.92534837884203824 ) ) ;
#6218 = ORIENTED_EDGE ( 'NONE', *, *, #3441, .F. ) ;
#6219 = CYLINDRICAL_SURFACE ( 'NONE', #1380, 3.000000000000002665 ) ;
#6220 = VERTEX_POINT ( 'NONE', #819 ) ;
#6221 = CARTESIAN_POINT ( 'NONE',  ( -14.71131840735565710, 11.50000000000000355, -31.16022644181681400 ) ) ;
ENDSEC;
END-ISO-10303-21;
