ISO-10303-21;
HEADER;
FILE_DESCRIPTION (( 'STEP AP214' ),
    '1' );
FILE_NAME ('oled_clip.STEP',
    '2026-07-02T12:25:22',
    ( '' ),
    ( '' ),
    'SwSTEP 2.0',
    'SolidWorks 2025',
    '' );
FILE_SCHEMA (( 'AUTOMOTIVE_DESIGN' ));
ENDSEC;

DATA;
#1 = DIRECTION ( 'NONE',  ( 1.000000000000000000, 0.000000000000000000, 0.000000000000000000 ) ) ;
#2 = LINE ( 'NONE', #154, #163 ) ;
#3 = AXIS2_PLACEMENT_3D ( 'NONE', #769, #286, #1322 ) ;
#4 = DIRECTION ( 'NONE',  ( 0.000000000000000000, -0.000000000000000000, -1.000000000000000000 ) ) ;
#5 = DIRECTION ( 'NONE',  ( -0.000000000000000000, 0.000000000000000000, 1.000000000000000000 ) ) ;
#6 = CIRCLE ( 'NONE', #892, 2.749999999999999112 ) ;
#7 = ORIENTED_EDGE ( 'NONE', *, *, #959, .F. ) ;
#8 = ORIENTED_EDGE ( 'NONE', *, *, #1493, .T. ) ;
#9 = EDGE_CURVE ( 'NONE', #1623, #898, #1298, .T. ) ;
#10 = CARTESIAN_POINT ( 'NONE',  ( 3.484782608695651707, 20.30396102637135769, 0.000000000000000000 ) ) ;
#11 = ORIENTED_EDGE ( 'NONE', *, *, #836, .F. ) ;
#12 = EDGE_CURVE ( 'NONE', #1944, #840, #1702, .T. ) ;
#13 = DIRECTION ( 'NONE',  ( 1.000000000000000000, 1.227398685832647050E-16, 0.000000000000000000 ) ) ;
#14 = LINE ( 'NONE', #1936, #974 ) ;
#15 = DIRECTION ( 'NONE',  ( 0.000000000000000000, 1.000000000000000000, 0.000000000000000000 ) ) ;
#16 = FACE_OUTER_BOUND ( 'NONE', #253, .T. ) ;
#17 = ORIENTED_EDGE ( 'NONE', *, *, #2193, .T. ) ;
#18 = CARTESIAN_POINT ( 'NONE',  ( 21.00000000000000000, 9.049999999999998934, 0.000000000000000000 ) ) ;
#19 = VECTOR ( 'NONE', #1571, 1000.000000000000000 ) ;
#20 = EDGE_CURVE ( 'NONE', #883, #815, #1439, .T. ) ;
#21 = ORIENTED_EDGE ( 'NONE', *, *, #876, .F. ) ;
#22 = CARTESIAN_POINT ( 'NONE',  ( 3.800000000000000711, 18.50421901205574926, 0.000000000000000000 ) ) ;
#23 = VERTEX_POINT ( 'NONE', #1825 ) ;
#24 = SURFACE_STYLE_USAGE ( .BOTH. , #1433 ) ;
#25 = CARTESIAN_POINT ( 'NONE',  ( 3.049999999999999822, 27.03748219369605366, -6.149186938124419299 ) ) ;
#26 = EDGE_CURVE ( 'NONE', #2202, #2138, #895, .T. ) ;
#27 = CIRCLE ( 'NONE', #501, 1.499999999999997780 ) ;
#28 = CYLINDRICAL_SURFACE ( 'NONE', #525, 1.499999999999999556 ) ;
#29 = DIRECTION ( 'NONE',  ( 1.000000000000000000, 0.000000000000000000, 0.000000000000000000 ) ) ;
#30 = ORIENTED_EDGE ( 'NONE', *, *, #1009, .T. ) ;
#31 = DIRECTION ( 'NONE',  ( 0.000000000000000000, 1.000000000000000000, -0.000000000000000000 ) ) ;
#32 = CIRCLE ( 'NONE', #1319, 2.999999999999999112 ) ;
#33 = ORIENTED_EDGE ( 'NONE', *, *, #498, .F. ) ;
#34 = LINE ( 'NONE', #1045, #2048 ) ;
#35 = ORIENTED_EDGE ( 'NONE', *, *, #1359, .T. ) ;
#36 = AXIS2_PLACEMENT_3D ( 'NONE', #1912, #1048, #551 ) ;
#37 = DIRECTION ( 'NONE',  ( -0.000000000000000000, 0.000000000000000000, 1.000000000000000000 ) ) ;
#38 = CARTESIAN_POINT ( 'NONE',  ( 2.050000000000000266, 4.144645782412854196, 2.000000000000000000 ) ) ;
#39 = EDGE_CURVE ( 'NONE', #1743, #815, #312, .T. ) ;
#40 = FACE_OUTER_BOUND ( 'NONE', #221, .T. ) ;
#41 = AXIS2_PLACEMENT_3D ( 'NONE', #1898, #664, #1363 ) ;
#42 = LINE ( 'NONE', #2181, #89 ) ;
#43 = CARTESIAN_POINT ( 'NONE',  ( 3.050000000000000266, 29.14999999999999503, -21.70575960430779006 ) ) ;
#44 = CARTESIAN_POINT ( 'NONE',  ( 17.90000000000000213, 5.050000000000001599, 2.000000000000000000 ) ) ;
#45 = CIRCLE ( 'NONE', #1659, 0.9999999999999995559 ) ;
#46 = CIRCLE ( 'NONE', #1628, 2.999999999999999556 ) ;
#47 = EDGE_LOOP ( 'NONE', ( #1698, #1137, #1714, #2140 ) ) ;
#48 = ORIENTED_EDGE ( 'NONE', *, *, #1384, .T. ) ;
#49 = DIRECTION ( 'NONE',  ( 1.000000000000000000, 0.000000000000000000, 0.000000000000000000 ) ) ;
#50 = ADVANCED_FACE ( 'NONE', ( #964 ), #1095, .T. ) ;
#51 = LINE ( 'NONE', #1630, #1480 ) ;
#52 = CARTESIAN_POINT ( 'NONE',  ( 0.04999999999999796274, 30.84999999999999787, 0.7999999999999930500 ) ) ;
#53 = DIRECTION ( 'NONE',  ( 0.000000000000000000, 0.000000000000000000, -1.000000000000000000 ) ) ;
#54 = VECTOR ( 'NONE', #787, 1000.000000000000000 ) ;
#55 = CARTESIAN_POINT ( 'NONE',  ( 6.899999999999999467, 2.050000000000002931, 1.999999999999999112 ) ) ;
#56 = CARTESIAN_POINT ( 'NONE',  ( 20.75000000000000000, 4.144645782412853308, 2.000000000000000000 ) ) ;
#57 = VECTOR ( 'NONE', #5, 1000.000000000000000 ) ;
#58 = ORIENTED_EDGE ( 'NONE', *, *, #303, .F. ) ;
#59 = ORIENTED_EDGE ( 'NONE', *, *, #2221, .F. ) ;
#60 = DIRECTION ( 'NONE',  ( -0.000000000000000000, -0.000000000000000000, -1.000000000000000000 ) ) ;
#61 = ORIENTED_EDGE ( 'NONE', *, *, #936, .T. ) ;
#62 = EDGE_CURVE ( 'NONE', #1668, #2015, #776, .T. ) ;
#63 = EDGE_CURVE ( 'NONE', #523, #1325, #2068, .T. ) ;
#64 = CARTESIAN_POINT ( 'NONE',  ( 20.75000000000000000, 13.95535421758714634, 0.000000000000000000 ) ) ;
#65 = DIRECTION ( 'NONE',  ( -0.000000000000000000, 0.000000000000000000, 1.000000000000000000 ) ) ;
#66 = VERTEX_POINT ( 'NONE', #1641 ) ;
#67 = AXIS2_PLACEMENT_3D ( 'NONE', #1338, #2212, #1557 ) ;
#68 = CARTESIAN_POINT ( 'NONE',  ( 20.90000000000000213, 0.000000000000000000, 0.000000000000000000 ) ) ;
#69 = DIRECTION ( 'NONE',  ( 1.000000000000000000, 0.000000000000000000, 0.000000000000000000 ) ) ;
#70 = ORIENTED_EDGE ( 'NONE', *, *, #202, .F. ) ;
#71 = EDGE_CURVE ( 'NONE', #321, #1677, #42, .T. ) ;
#72 = VERTEX_POINT ( 'NONE', #216 ) ;
#73 = DIRECTION ( 'NONE',  ( 1.000000000000000000, 0.000000000000000000, 0.000000000000000000 ) ) ;
#74 = CARTESIAN_POINT ( 'NONE',  ( 4.899999999999997691, 3.549999999999999822, 2.000000000000000000 ) ) ;
#75 = LINE ( 'NONE', #963, #924 ) ;
#76 = DIRECTION ( 'NONE',  ( -1.475934812592117876E-16, -0.7071067811865481278, 0.7071067811865469066 ) ) ;
#77 = CARTESIAN_POINT ( 'NONE',  ( 0.000000000000000000, 8.050000000000000711, 2.000000000000000000 ) ) ;
#78 = DIRECTION ( 'NONE',  ( 0.000000000000000000, -0.000000000000000000, -1.000000000000000000 ) ) ;
#79 = EDGE_LOOP ( 'NONE', ( #2102, #435, #1020, #1565 ) ) ;
#80 = VECTOR ( 'NONE', #1607, 1000.000000000000000 ) ;
#81 = EDGE_LOOP ( 'NONE', ( #1725, #2254, #1564, #1114 ) ) ;
#82 = PRODUCT_RELATED_PRODUCT_CATEGORY ( 'part', '', ( #376 ) ) ;
#83 = EDGE_CURVE ( 'NONE', #2093, #738, #1375, .T. ) ;
#84 = DIRECTION ( 'NONE',  ( 0.000000000000000000, 1.000000000000000000, -0.000000000000000000 ) ) ;
#85 = CARTESIAN_POINT ( 'NONE',  ( 0.000000000000000000, 0.000000000000000000, 0.000000000000000000 ) ) ;
#86 = PLANE ( 'NONE',  #1928 ) ;
#87 = FACE_OUTER_BOUND ( 'NONE', #1499, .T. ) ;
#88 = DIRECTION ( 'NONE',  ( 1.000000000000000000, 0.000000000000000000, 0.000000000000000000 ) ) ;
#89 = VECTOR ( 'NONE', #1962, 1000.000000000000000 ) ;
#90 = LINE ( 'NONE', #625, #812 ) ;
#91 = VERTEX_POINT ( 'NONE', #446 ) ;
#92 = CIRCLE ( 'NONE', #1666, 0.9999999999999995559 ) ;
#93 = ADVANCED_FACE ( 'NONE', ( #1878 ), #832, .T. ) ;
#94 = ORIENTED_EDGE ( 'NONE', *, *, #650, .T. ) ;
#95 = CARTESIAN_POINT ( 'NONE',  ( 23.75000000000000000, 17.74464578241284585, 0.000000000000000000 ) ) ;
#96 = VECTOR ( 'NONE', #403, 1000.000000000000000 ) ;
#97 = EDGE_LOOP ( 'NONE', ( #279, #1121, #1704, #1502 ) ) ;
#98 = AXIS2_PLACEMENT_3D ( 'NONE', #1957, #13, #888 ) ;
#99 = DIRECTION ( 'NONE',  ( -0.000000000000000000, 0.000000000000000000, 1.000000000000000000 ) ) ;
#100 = EDGE_CURVE ( 'NONE', #289, #1747, #1506, .T. ) ;
#101 = CARTESIAN_POINT ( 'NONE',  ( 3.899999999999998579, 3.550000000000000266, 2.000000000000000000 ) ) ;
#102 = LINE ( 'NONE', #799, #2262 ) ;
#103 = DIRECTION ( 'NONE',  ( 1.000000000000000000, 0.000000000000000000, 0.000000000000000000 ) ) ;
#104 = ORIENTED_EDGE ( 'NONE', *, *, #1779, .T. ) ;
#105 = AXIS2_PLACEMENT_3D ( 'NONE', #1191, #831, #1021 ) ;
#106 = ORIENTED_EDGE ( 'NONE', *, *, #2243, .T. ) ;
#107 = CARTESIAN_POINT ( 'NONE',  ( 22.25000000000000000, 9.049999999999998934, 2.000000000000000000 ) ) ;
#108 = EDGE_LOOP ( 'NONE', ( #1067, #21, #1328, #1691 ) ) ;
#109 = DIRECTION ( 'NONE',  ( -1.000000000000000000, 0.000000000000000000, 0.000000000000000000 ) ) ;
#110 = CARTESIAN_POINT ( 'NONE',  ( 0.04999999999999796274, 0.8499999999999999778, 0.000000000000000000 ) ) ;
#111 = CARTESIAN_POINT ( 'NONE',  ( 3.484782608695652151, 11.39603897362863272, 2.000000000000000000 ) ) ;
#112 = LINE ( 'NONE', #810, #227 ) ;
#113 = VECTOR ( 'NONE', #932, 1000.000000000000000 ) ;
#114 = VERTEX_POINT ( 'NONE', #1848 ) ;
#115 = ORIENTED_EDGE ( 'NONE', *, *, #1316, .T. ) ;
#116 = VECTOR ( 'NONE', #1352, 1000.000000000000000 ) ;
#117 = CIRCLE ( 'NONE', #1403, 2.999999999999999112 ) ;
#118 = LINE ( 'NONE', #1006, #326 ) ;
#119 = CIRCLE ( 'NONE', #1004, 0.9999999999999995559 ) ;
#120 = ORIENTED_EDGE ( 'NONE', *, *, #267, .T. ) ;
#121 = ADVANCED_FACE ( 'NONE', ( #1494 ), #808, .T. ) ;
#122 = CARTESIAN_POINT ( 'NONE',  ( 0.000000000000000000, 2.550000000000000266, 2.000000000000000000 ) ) ;
#123 = DIRECTION ( 'NONE',  ( 0.000000000000000000, -0.000000000000000000, -1.000000000000000000 ) ) ;
#124 = DIRECTION ( 'NONE',  ( -1.000000000000000000, 0.000000000000000000, 0.000000000000000000 ) ) ;
#125 = DIRECTION ( 'NONE',  ( -6.101848719557045542E-18, 1.000000000000000000, 0.000000000000000000 ) ) ;
#126 = ORIENTED_EDGE ( 'NONE', *, *, #1721, .T. ) ;
#127 = VERTEX_POINT ( 'NONE', #1528 ) ;
#128 = EDGE_CURVE ( 'NONE', #802, #2046, #665, .T. ) ;
#129 = CARTESIAN_POINT ( 'NONE',  ( 25.75000000000000000, 0.8500000000000000888, 0.7999999999999962697 ) ) ;
#130 = ORIENTED_EDGE ( 'NONE', *, *, #987, .T. ) ;
#131 = CIRCLE ( 'NONE', #979, 2.749999999999999112 ) ;
#132 = DIRECTION ( 'NONE',  ( 0.000000000000000000, -0.000000000000000000, -1.000000000000000000 ) ) ;
#133 = DIRECTION ( 'NONE',  ( 1.000000000000000000, 0.000000000000000000, 0.000000000000000000 ) ) ;
#134 = EDGE_CURVE ( 'NONE', #449, #1661, #654, .T. ) ;
#135 = CARTESIAN_POINT ( 'NONE',  ( 20.75000000000000000, 27.55535421758714065, 0.000000000000000000 ) ) ;
#136 = LINE ( 'NONE', #834, #80 ) ;
#137 = ORIENTED_EDGE ( 'NONE', *, *, #970, .F. ) ;
#138 = VERTEX_POINT ( 'NONE', #306 ) ;
#139 = AXIS2_PLACEMENT_3D ( 'NONE', #1578, #161, #1757 ) ;
#140 = EDGE_CURVE ( 'NONE', #1710, #2138, #1902, .T. ) ;
#141 = LINE ( 'NONE', #651, #1353 ) ;
#142 = EDGE_LOOP ( 'NONE', ( #1134, #1514, #1005, #427 ) ) ;
#143 = CARTESIAN_POINT ( 'NONE',  ( -0.000000000000000000, 2.550000000000000266, 0.000000000000000000 ) ) ;
#144 = PLANE ( 'NONE',  #681 ) ;
#145 = DIRECTION ( 'NONE',  ( 1.000000000000000000, 0.000000000000000000, 0.000000000000000000 ) ) ;
#146 = DIRECTION ( 'NONE',  ( -1.000000000000000000, 0.000000000000000000, -0.000000000000000000 ) ) ;
#147 = ORIENTED_EDGE ( 'NONE', *, *, #677, .F. ) ;
#148 = AXIS2_PLACEMENT_3D ( 'NONE', #1061, #1738, #1750 ) ;
#149 = ORIENTED_EDGE ( 'NONE', *, *, #451, .T. ) ;
#150 = LINE ( 'NONE', #803, #214 ) ;
#151 = ORIENTED_EDGE ( 'NONE', *, *, #2277, .F. ) ;
#152 = VECTOR ( 'NONE', #1880, 1000.000000000000000 ) ;
#153 = LINE ( 'NONE', #122, #1040 ) ;
#154 = CARTESIAN_POINT ( 'NONE',  ( 4.799999999999998934, 22.64999999999999147, -6.149186938124419299 ) ) ;
#155 = DIRECTION ( 'NONE',  ( 0.000000000000000000, 0.000000000000000000, 1.000000000000000000 ) ) ;
#156 = DIRECTION ( 'NONE',  ( -0.000000000000000000, 0.000000000000000000, 1.000000000000000000 ) ) ;
#157 = ORIENTED_EDGE ( 'NONE', *, *, #383, .T. ) ;
#158 = ORIENTED_EDGE ( 'NONE', *, *, #140, .T. ) ;
#159 = EDGE_CURVE ( 'NONE', #1966, #2149, #2031, .T. ) ;
#160 = DIRECTION ( 'NONE',  ( 0.000000000000000000, -0.000000000000000000, -1.000000000000000000 ) ) ;
#161 = DIRECTION ( 'NONE',  ( -0.000000000000000000, -0.000000000000000000, -1.000000000000000000 ) ) ;
#162 = EDGE_LOOP ( 'NONE', ( #1498, #292, #190, #2056 ) ) ;
#163 = VECTOR ( 'NONE', #1728, 1000.000000000000000 ) ;
#164 = VECTOR ( 'NONE', #109, 1000.000000000000000 ) ;
#165 = CARTESIAN_POINT ( 'NONE',  ( 2.383333333333333304, 7.587505935434646354, 0.000000000000000000 ) ) ;
#166 = FACE_OUTER_BOUND ( 'NONE', #395, .T. ) ;
#167 = CARTESIAN_POINT ( 'NONE',  ( 6.899999999999999467, 0.8499999999999999778, 2.000000000000000000 ) ) ;
#168 = ADVANCED_FACE ( 'NONE', ( #87, #1519 ), #1354, .F. ) ;
#169 = DIRECTION ( 'NONE',  ( 0.000000000000000000, 0.000000000000000000, 1.000000000000000000 ) ) ;
#170 = ORIENTED_EDGE ( 'NONE', *, *, #533, .F. ) ;
#171 = EDGE_LOOP ( 'NONE', ( #1250, #2280, #993, #2220, #615 ) ) ;
#172 = PRODUCT_DEFINITION_CONTEXT ( 'detailed design', #2001, 'design' ) ;
#173 = CARTESIAN_POINT ( 'NONE',  ( 25.00000000000000000, 13.19578098794425003, 0.000000000000000000 ) ) ;
#174 = ORIENTED_EDGE ( 'NONE', *, *, #1493, .F. ) ;
#175 = AXIS2_PLACEMENT_3D ( 'NONE', #1769, #909, #2119 ) ;
#176 = VECTOR ( 'NONE', #268, 1000.000000000000000 ) ;
#177 = CARTESIAN_POINT ( 'NONE',  ( 3.484782608695652151, 6.703961026371365151, 2.000000000000000000 ) ) ;
#178 = CARTESIAN_POINT ( 'NONE',  ( 21.90000000000000213, 3.550000000000000266, 2.000000000000000000 ) ) ;
#179 = CYLINDRICAL_SURFACE ( 'NONE', #1533, 3.000000000000000000 ) ;
#180 = CARTESIAN_POINT ( 'NONE',  ( 23.41666666666666430, 24.11249406456534672, 0.000000000000000000 ) ) ;
#181 = VERTEX_POINT ( 'NONE', #1342 ) ;
#182 = EDGE_CURVE ( 'NONE', #114, #181, #2215, .T. ) ;
#183 = ORIENTED_EDGE ( 'NONE', *, *, #461, .T. ) ;
#184 = DIRECTION ( 'NONE',  ( 1.000000000000000000, 0.000000000000000000, 0.000000000000000000 ) ) ;
#185 = ORIENTED_EDGE ( 'NONE', *, *, #254, .F. ) ;
#186 = SURFACE_STYLE_FILL_AREA ( #1420 ) ;
#187 = DIRECTION ( 'NONE',  ( 1.000000000000000000, 0.000000000000000000, 0.000000000000000000 ) ) ;
#188 = EDGE_CURVE ( 'NONE', #1534, #969, #32, .T. ) ;
#189 = DIRECTION ( 'NONE',  ( 0.000000000000000000, 0.000000000000000000, -1.000000000000000000 ) ) ;
#190 = ORIENTED_EDGE ( 'NONE', *, *, #1634, .F. ) ;
#191 = CARTESIAN_POINT ( 'NONE',  ( 25.75000000000000000, 2.050000000000004707, 2.000000000000002665 ) ) ;
#192 = VERTEX_POINT ( 'NONE', #318 ) ;
#193 = DIRECTION ( 'NONE',  ( 3.154042683594194134E-16, 1.000000000000000000, 0.000000000000000000 ) ) ;
#194 = EDGE_CURVE ( 'NONE', #1236, #1626, #329, .T. ) ;
#195 = ORIENTED_EDGE ( 'NONE', *, *, #1210, .F. ) ;
#196 = LINE ( 'NONE', #1604, #399 ) ;
#197 = LINE ( 'NONE', #1476, #518 ) ;
#198 = CARTESIAN_POINT ( 'NONE',  ( 25.75000000000000000, 27.03748219369605366, 0.000000000000000000 ) ) ;
#199 = PLANE ( 'NONE',  #754 ) ;
#200 = EDGE_CURVE ( 'NONE', #934, #1736, #2009, .T. ) ;
#201 = ORIENTED_EDGE ( 'NONE', *, *, #1603, .F. ) ;
#202 = EDGE_CURVE ( 'NONE', #1873, #1337, #1740, .T. ) ;
#203 = DIRECTION ( 'NONE',  ( 0.000000000000000000, 0.7071067811865469066, 0.7071067811865482389 ) ) ;
#204 = VECTOR ( 'NONE', #241, 1000.000000000000000 ) ;
#205 = VERTEX_POINT ( 'NONE', #975 ) ;
#206 = CYLINDRICAL_SURFACE ( 'NONE', #175, 2.999999999999999112 ) ;
#207 = ORIENTED_EDGE ( 'NONE', *, *, #1031, .T. ) ;
#208 = ADVANCED_FACE ( 'NONE', ( #468 ), #1672, .F. ) ;
#209 = EDGE_CURVE ( 'NONE', #1369, #1155, #1274, .T. ) ;
#210 = FACE_OUTER_BOUND ( 'NONE', #142, .T. ) ;
#211 = DIRECTION ( 'NONE',  ( -0.000000000000000000, -0.000000000000000000, 1.000000000000000000 ) ) ;
#212 = AXIS2_PLACEMENT_3D ( 'NONE', #793, #1327, #1157 ) ;
#213 = PLANE ( 'NONE',  #416 ) ;
#214 = VECTOR ( 'NONE', #1513, 1000.000000000000000 ) ;
#215 = CARTESIAN_POINT ( 'NONE',  ( 5.050000000000000711, 13.95535421758714456, 2.000000000000000000 ) ) ;
#216 = CARTESIAN_POINT ( 'NONE',  ( 22.31521739130434767, 6.703961026371365151, 0.000000000000000000 ) ) ;
#217 = CARTESIAN_POINT ( 'NONE',  ( -0.000000000000000000, 2.550000000000000266, 0.000000000000000000 ) ) ;
#218 = VECTOR ( 'NONE', #1172, 1000.000000000000000 ) ;
#219 = DIRECTION ( 'NONE',  ( 0.000000000000000000, -1.000000000000000000, -0.000000000000000000 ) ) ;
#220 = ORIENTED_EDGE ( 'NONE', *, *, #590, .T. ) ;
#221 = EDGE_LOOP ( 'NONE', ( #1418, #1085, #1941, #569 ) ) ;
#222 = VECTOR ( 'NONE', #1434, 1000.000000000000000 ) ;
#223 =( LENGTH_UNIT ( ) NAMED_UNIT ( * ) SI_UNIT ( .MILLI., .METRE. ) );
#224 = DIRECTION ( 'NONE',  ( -1.000000000000000000, 0.000000000000000000, 0.000000000000000000 ) ) ;
#225 = AXIS2_PLACEMENT_3D ( 'NONE', #2226, #132, #842 ) ;
#226 = ORIENTED_EDGE ( 'NONE', *, *, #662, .T. ) ;
#227 = VECTOR ( 'NONE', #1521, 1000.000000000000000 ) ;
#228 = CARTESIAN_POINT ( 'NONE',  ( 20.90000000000000213, 0.000000000000000000, 2.000000000000000000 ) ) ;
#229 = DIRECTION ( 'NONE',  ( -0.000000000000000000, 0.000000000000000000, 1.000000000000000000 ) ) ;
#230 = VECTOR ( 'NONE', #563, 1000.000000000000000 ) ;
#231 = ORIENTED_EDGE ( 'NONE', *, *, #188, .F. ) ;
#232 = VERTEX_POINT ( 'NONE', #2227 ) ;
#233 = EDGE_CURVE ( 'NONE', #1454, #857, #14, .T. ) ;
#234 = AXIS2_PLACEMENT_3D ( 'NONE', #2063, #346, #1182 ) ;
#235 = AXIS2_PLACEMENT_3D ( 'NONE', #56, #1965, #759 ) ;
#236 = LINE ( 'NONE', #1638, #1784 ) ;
#237 = ORIENTED_EDGE ( 'NONE', *, *, #623, .F. ) ;
#238 = LINE ( 'NONE', #198, #230 ) ;
#239 = FACE_OUTER_BOUND ( 'NONE', #1590, .T. ) ;
#240 = EDGE_LOOP ( 'NONE', ( #517, #1301, #147, #298 ) ) ;
#241 = DIRECTION ( 'NONE',  ( -0.000000000000000000, -0.000000000000000000, 1.000000000000000000 ) ) ;
#242 = EDGE_CURVE ( 'NONE', #2041, #602, #2, .T. ) ;
#243 = DIRECTION ( 'NONE',  ( 1.000000000000000000, 0.000000000000000000, 0.000000000000000000 ) ) ;
#244 = AXIS2_PLACEMENT_3D ( 'NONE', #1584, #1257, #1631 ) ;
#245 = ORIENTED_EDGE ( 'NONE', *, *, #1230, .T. ) ;
#246 = CIRCLE ( 'NONE', #1092, 1.499999999999997780 ) ;
#247 = EDGE_LOOP ( 'NONE', ( #2024, #348, #2066, #720 ) ) ;
#248 = CARTESIAN_POINT ( 'NONE',  ( 2.050000000000000711, 13.95535421758714456, 0.000000000000000000 ) ) ;
#249 = CARTESIAN_POINT ( 'NONE',  ( 25.75000000000000000, 27.03748219369605366, 0.000000000000000000 ) ) ;
#250 = DIRECTION ( 'NONE',  ( -0.000000000000000000, 0.000000000000000000, 1.000000000000000000 ) ) ;
#251 = DIRECTION ( 'NONE',  ( -0.000000000000000000, 0.000000000000000000, 1.000000000000000000 ) ) ;
#252 = CARTESIAN_POINT ( 'NONE',  ( 7.900000000000000355, 5.050000000000001599, 2.000000000000000000 ) ) ;
#253 = EDGE_LOOP ( 'NONE', ( #949, #334, #1475, #962 ) ) ;
#254 = EDGE_CURVE ( 'NONE', #555, #1357, #387, .T. ) ;
#255 = ORIENTED_EDGE ( 'NONE', *, *, #1634, .T. ) ;
#256 = CYLINDRICAL_SURFACE ( 'NONE', #631, 3.000000000000000000 ) ;
#257 = LINE ( 'NONE', #961, #1171 ) ;
#258 = ORIENTED_EDGE ( 'NONE', *, *, #209, .T. ) ;
#259 = CYLINDRICAL_SURFACE ( 'NONE', #1112, 2.749999999999999112 ) ;
#260 = CARTESIAN_POINT ( 'NONE',  ( 5.050000000000000711, 13.95535421758714456, 2.000000000000000000 ) ) ;
#261 = ADVANCED_FACE ( 'NONE', ( #166 ), #1255, .F. ) ;
#262 = CARTESIAN_POINT ( 'NONE',  ( 23.75000000000000000, 0.000000000000000000, 0.000000000000000000 ) ) ;
#263 = DIRECTION ( 'NONE',  ( 1.000000000000000000, 1.261617073437678245E-15, 0.000000000000000000 ) ) ;
#264 = ORIENTED_EDGE ( 'NONE', *, *, #1759, .F. ) ;
#265 = CIRCLE ( 'NONE', #1552, 0.9999999999999995559 ) ;
#266 = EDGE_LOOP ( 'NONE', ( #960, #2219, #1744, #1490 ) ) ;
#267 = EDGE_CURVE ( 'NONE', #978, #321, #92, .T. ) ;
#268 = DIRECTION ( 'NONE',  ( -0.000000000000000000, -0.000000000000000000, -1.000000000000000000 ) ) ;
#269 = ORIENTED_EDGE ( 'NONE', *, *, #1792, .T. ) ;
#270 = PLANE ( 'NONE',  #1162 ) ;
#271 = DIRECTION ( 'NONE',  ( -0.000000000000000000, -0.000000000000000000, -1.000000000000000000 ) ) ;
#272 = CARTESIAN_POINT ( 'NONE',  ( 2.050000000000000711, 2.370788750501637677E-16, 0.000000000000000000 ) ) ;
#273 = CARTESIAN_POINT ( 'NONE',  ( 23.75000000000000000, 0.000000000000000000, 2.000000000000000000 ) ) ;
#274 = ORIENTED_EDGE ( 'NONE', *, *, #1530, .F. ) ;
#275 = AXIS2_PLACEMENT_3D ( 'NONE', #101, #1695, #798 ) ;
#276 = EDGE_LOOP ( 'NONE', ( #933, #2198, #7, #2163 ) ) ;
#277 = CARTESIAN_POINT ( 'NONE',  ( 20.75000000000000000, 4.144645782412853308, 2.000000000000000000 ) ) ;
#278 = AXIS2_PLACEMENT_3D ( 'NONE', #893, #1597, #2129 ) ;
#279 = ORIENTED_EDGE ( 'NONE', *, *, #1131, .F. ) ;
#280 = EDGE_CURVE ( 'NONE', #1854, #232, #1377, .T. ) ;
#281 = DIRECTION ( 'NONE',  ( 1.000000000000000000, 0.000000000000000000, 0.000000000000000000 ) ) ;
#282 = AXIS2_PLACEMENT_3D ( 'NONE', #2200, #1649, #1501 ) ;
#283 = DIRECTION ( 'NONE',  ( -1.000000000000000000, -2.429584700247629288E-17, 0.000000000000000000 ) ) ;
#284 = DIRECTION ( 'NONE',  ( 1.000000000000000000, -0.000000000000000000, -0.000000000000000000 ) ) ;
#285 = CARTESIAN_POINT ( 'NONE',  ( 4.799999999999998934, 22.64999999999999147, 0.000000000000000000 ) ) ;
#286 = DIRECTION ( 'NONE',  ( -0.000000000000000000, -0.000000000000000000, -1.000000000000000000 ) ) ;
#287 = ORIENTED_EDGE ( 'NONE', *, *, #1829, .T. ) ;
#288 = AXIS2_PLACEMENT_3D ( 'NONE', #570, #1569, #1749 ) ;
#289 = VERTEX_POINT ( 'NONE', #527 ) ;
#290 = ADVANCED_FACE ( 'NONE', ( #1581 ), #710, .F. ) ;
#291 = LINE ( 'NONE', #2222, #436 ) ;
#292 = ORIENTED_EDGE ( 'NONE', *, *, #1536, .F. ) ;
#293 = CARTESIAN_POINT ( 'NONE',  ( 3.484782608695651707, 20.30396102637135769, 2.000000000000000000 ) ) ;
#294 = DIRECTION ( 'NONE',  ( 0.000000000000000000, -0.000000000000000000, -1.000000000000000000 ) ) ;
#295 = FACE_OUTER_BOUND ( 'NONE', #657, .T. ) ;
#296 = CARTESIAN_POINT ( 'NONE',  ( 5.050000000000000711, 13.95535421758714456, 0.000000000000000000 ) ) ;
#297 = ORIENTED_EDGE ( 'NONE', *, *, #1009, .F. ) ;
#298 = ORIENTED_EDGE ( 'NONE', *, *, #2157, .F. ) ;
#299 = CIRCLE ( 'NONE', #1002, 1.000000000000000888 ) ;
#300 = CARTESIAN_POINT ( 'NONE',  ( 20.75000000000000000, 27.55535421758714065, 2.000000000000000000 ) ) ;
#301 = EDGE_CURVE ( 'NONE', #1854, #1883, #866, .T. ) ;
#302 = AXIS2_PLACEMENT_3D ( 'NONE', #64, #2134, #1423 ) ;
#303 = EDGE_CURVE ( 'NONE', #138, #1051, #2145, .T. ) ;
#304 = ORIENTED_EDGE ( 'NONE', *, *, #2070, .T. ) ;
#305 = DIRECTION ( 'NONE',  ( 0.000000000000000000, -0.000000000000000000, 1.000000000000000000 ) ) ;
#306 = CARTESIAN_POINT ( 'NONE',  ( 3.484782608695652151, 6.703961026371365151, 0.000000000000000000 ) ) ;
#307 = DIRECTION ( 'NONE',  ( -0.000000000000000000, 0.000000000000000000, 1.000000000000000000 ) ) ;
#308 = AXIS2_PLACEMENT_3D ( 'NONE', #2154, #15, #927 ) ;
#309 = CARTESIAN_POINT ( 'NONE',  ( 2.050000000000000711, 13.95535421758714456, 0.000000000000000000 ) ) ;
#310 = ORIENTED_EDGE ( 'NONE', *, *, #780, .T. ) ;
#311 = ADVANCED_FACE ( 'NONE', ( #698 ), #144, .T. ) ;
#312 = CIRCLE ( 'NONE', #1193, 3.000000000000000888 ) ;
#313 = ORIENTED_EDGE ( 'NONE', *, *, #1835, .T. ) ;
#314 = CARTESIAN_POINT ( 'NONE',  ( 20.75000000000000000, 13.95535421758714634, 2.000000000000000000 ) ) ;
#315 = EDGE_LOOP ( 'NONE', ( #1823, #1905, #484, #361 ) ) ;
#316 = VECTOR ( 'NONE', #655, 1000.000000000000000 ) ;
#317 = CARTESIAN_POINT ( 'NONE',  ( 6.899999999999999467, 5.050000000000001599, 2.000000000000000000 ) ) ;
#318 = CARTESIAN_POINT ( 'NONE',  ( 17.89999999999999858, 6.050000000000001599, 0.000000000000000000 ) ) ;
#319 = LINE ( 'NONE', #690, #2007 ) ;
#320 = LINE ( 'NONE', #1532, #1264 ) ;
#321 = VERTEX_POINT ( 'NONE', #723 ) ;
#322 = ORIENTED_EDGE ( 'NONE', *, *, #1726, .T. ) ;
#323 = EDGE_CURVE ( 'NONE', #969, #802, #1549, .T. ) ;
#324 = AXIS2_PLACEMENT_3D ( 'NONE', #1833, #783, #2028 ) ;
#325 = ADVANCED_FACE ( 'NONE', ( #1925 ), #1592, .F. ) ;
#326 = VECTOR ( 'NONE', #1703, 1000.000000000000000 ) ;
#327 = DIRECTION ( 'NONE',  ( 0.000000000000000000, -0.000000000000000000, -1.000000000000000000 ) ) ;
#328 = ORIENTED_EDGE ( 'NONE', *, *, #804, .F. ) ;
#329 = CIRCLE ( 'NONE', #1341, 1.499999999999999556 ) ;
#330 = DIRECTION ( 'NONE',  ( -0.000000000000000000, 0.000000000000000000, 1.000000000000000000 ) ) ;
#331 = DIRECTION ( 'NONE',  ( -0.000000000000000000, -0.000000000000000000, -1.000000000000000000 ) ) ;
#332 = DIRECTION ( 'NONE',  ( -1.000000000000000000, 0.000000000000000000, 0.000000000000000000 ) ) ;
#333 = LINE ( 'NONE', #1014, #1150 ) ;
#334 = ORIENTED_EDGE ( 'NONE', *, *, #440, .T. ) ;
#335 = EDGE_CURVE ( 'NONE', #1862, #359, #688, .T. ) ;
#336 = CIRCLE ( 'NONE', #36, 3.000000000000000888 ) ;
#337 = ORIENTED_EDGE ( 'NONE', *, *, #899, .T. ) ;
#338 = DIRECTION ( 'NONE',  ( 0.000000000000000000, -0.000000000000000000, -1.000000000000000000 ) ) ;
#339 = CARTESIAN_POINT ( 'NONE',  ( 23.16666666666666785, 10.43192699598141715, 2.000000000000000000 ) ) ;
#340 = CIRCLE ( 'NONE', #1624, 3.000000000000000444 ) ;
#341 = ORIENTED_EDGE ( 'NONE', *, *, #2058, .T. ) ;
#342 = EDGE_CURVE ( 'NONE', #192, #2257, #1421, .T. ) ;
#343 = CYLINDRICAL_SURFACE ( 'NONE', #105, 0.9999999999999995559 ) ;
#344 = AXIS2_PLACEMENT_3D ( 'NONE', #1622, #2161, #1289 ) ;
#345 = CARTESIAN_POINT ( 'NONE',  ( 2.049999999999999822, 22.64999999999999147, 0.000000000000000000 ) ) ;
#346 = DIRECTION ( 'NONE',  ( 0.000000000000000000, 0.000000000000000000, -1.000000000000000000 ) ) ;
#347 = DIRECTION ( 'NONE',  ( -0.000000000000000000, 0.000000000000000000, 1.000000000000000000 ) ) ;
#348 = ORIENTED_EDGE ( 'NONE', *, *, #506, .F. ) ;
#349 = ORIENTED_EDGE ( 'NONE', *, *, #733, .T. ) ;
#350 = CARTESIAN_POINT ( 'NONE',  ( 21.90000000000000213, 3.550000000000000266, 0.000000000000000000 ) ) ;
#351 = CARTESIAN_POINT ( 'NONE',  ( 4.899999999999998579, 5.050000000000002487, 2.000000000000000000 ) ) ;
#352 = VERTEX_POINT ( 'NONE', #356 ) ;
#353 = VECTOR ( 'NONE', #632, 1000.000000000000000 ) ;
#354 = CARTESIAN_POINT ( 'NONE',  ( 2.049999999999999822, 22.64999999999999147, -6.149186938124419299 ) ) ;
#355 = DIRECTION ( 'NONE',  ( 0.000000000000000000, 1.000000000000000000, -0.000000000000000000 ) ) ;
#356 = CARTESIAN_POINT ( 'NONE',  ( 20.90000000000000213, 3.550000000000000266, 2.000000000000000000 ) ) ;
#357 = CARTESIAN_POINT ( 'NONE',  ( 3.050000000000000266, 3.550000000000000266, 2.000000000000000000 ) ) ;
#358 = CARTESIAN_POINT ( 'NONE',  ( 3.050000000000000266, 29.14999999999999503, 2.000000000000000000 ) ) ;
#359 = VERTEX_POINT ( 'NONE', #2074 ) ;
#360 = EDGE_LOOP ( 'NONE', ( #2173, #1291, #441, #859 ) ) ;
#361 = ORIENTED_EDGE ( 'NONE', *, *, #1748, .T. ) ;
#362 = EDGE_CURVE ( 'NONE', #2017, #2174, #336, .T. ) ;
#363 = VECTOR ( 'NONE', #1057, 1000.000000000000000 ) ;
#364 = CARTESIAN_POINT ( 'NONE',  ( 0.8000000000000009326, 18.50421901205574926, 0.000000000000000000 ) ) ;
#365 = DIRECTION ( 'NONE',  ( -0.000000000000000000, 0.000000000000000000, 1.000000000000000000 ) ) ;
#366 = CARTESIAN_POINT ( 'NONE',  ( 2.049999999999999822, 9.049999999999998934, 2.000000000000000000 ) ) ;
#367 = LINE ( 'NONE', #1424, #1819 ) ;
#368 = EDGE_LOOP ( 'NONE', ( #1632, #1101, #2128, #1619 ) ) ;
#369 = EDGE_CURVE ( 'NONE', #838, #352, #739, .T. ) ;
#370 = ORIENTED_EDGE ( 'NONE', *, *, #2124, .T. ) ;
#371 = FACE_OUTER_BOUND ( 'NONE', #992, .T. ) ;
#372 = ORIENTED_EDGE ( 'NONE', *, *, #1645, .F. ) ;
#373 = ADVANCED_FACE ( 'NONE', ( #500 ), #1203, .F. ) ;
#374 = ADVANCED_FACE ( 'NONE', ( #603 ), #1305, .F. ) ;
#375 = DIRECTION ( 'NONE',  ( -0.000000000000000000, 0.000000000000000000, 1.000000000000000000 ) ) ;
#376 = PRODUCT ( 'oled_clip', 'oled_clip', '', ( #2190 ) ) ;
#377 = VECTOR ( 'NONE', #1026, 1000.000000000000000 ) ;
#378 = LINE ( 'NONE', #903, #604 ) ;
#379 = CARTESIAN_POINT ( 'NONE',  ( 0.000000000000000000, 2.550000000000000266, 2.000000000000000000 ) ) ;
#380 = ORIENTED_EDGE ( 'NONE', *, *, #1210, .T. ) ;
#381 = DIRECTION ( 'NONE',  ( -0.000000000000000000, -0.000000000000000000, -1.000000000000000000 ) ) ;
#382 = ORIENTED_EDGE ( 'NONE', *, *, #200, .T. ) ;
#383 = EDGE_CURVE ( 'NONE', #1074, #937, #1440, .T. ) ;
#384 = DIRECTION ( 'NONE',  ( 0.000000000000000000, -0.000000000000000000, -1.000000000000000000 ) ) ;
#385 = ORIENTED_EDGE ( 'NONE', *, *, #2032, .F. ) ;
#386 = AXIS2_PLACEMENT_3D ( 'NONE', #1161, #2053, #133 ) ;
#387 = CIRCLE ( 'NONE', #1052, 3.000000000000000888 ) ;
#388 = DIRECTION ( 'NONE',  ( -1.000000000000000000, 0.000000000000000000, 0.000000000000000000 ) ) ;
#389 = CARTESIAN_POINT ( 'NONE',  ( 2.049999999999999822, 22.64999999999999147, 0.000000000000000000 ) ) ;
#390 = DIRECTION ( 'NONE',  ( 0.000000000000000000, -0.000000000000000000, 1.000000000000000000 ) ) ;
#391 = ORIENTED_EDGE ( 'NONE', *, *, #1055, .T. ) ;
#392 = CARTESIAN_POINT ( 'NONE',  ( 18.89999999999999858, 1.025000000000003242, 0.9749999999999984235 ) ) ;
#393 = FACE_OUTER_BOUND ( 'NONE', #1263, .T. ) ;
#394 = AXIS2_PLACEMENT_3D ( 'NONE', #469, #251, #1870 ) ;
#395 = EDGE_LOOP ( 'NONE', ( #750, #1292, #1758, #567 ) ) ;
#396 = MECHANICAL_DESIGN_GEOMETRIC_PRESENTATION_REPRESENTATION (  '', ( #1500 ), #2269 ) ;
#397 = ORIENTED_EDGE ( 'NONE', *, *, #479, .T. ) ;
#398 = DIRECTION ( 'NONE',  ( 1.000000000000000000, 0.000000000000000000, 0.000000000000000000 ) ) ;
#399 = VECTOR ( 'NONE', #1771, 999.9999999999998863 ) ;
#400 = DIRECTION ( 'NONE',  ( 1.716653439768715457E-17, 1.000000000000000000, 0.000000000000000000 ) ) ;
#401 = LINE ( 'NONE', #1947, #1343 ) ;
#402 = ORIENTED_EDGE ( 'NONE', *, *, #200, .F. ) ;
#403 = DIRECTION ( 'NONE',  ( -0.000000000000000000, 0.000000000000000000, -1.000000000000000000 ) ) ;
#404 = CARTESIAN_POINT ( 'NONE',  ( 17.89999999999999858, 5.050000000000001599, 0.000000000000000000 ) ) ;
#405 = EDGE_CURVE ( 'NONE', #1931, #2257, #197, .T. ) ;
#406 = ORIENTED_EDGE ( 'NONE', *, *, #1894, .F. ) ;
#407 = ORIENTED_EDGE ( 'NONE', *, *, #1508, .F. ) ;
#408 = DIRECTION ( 'NONE',  ( 0.000000000000000000, -0.000000000000000000, -1.000000000000000000 ) ) ;
#409 = ADVANCED_FACE ( 'NONE', ( #1832 ), #256, .T. ) ;
#410 = LINE ( 'NONE', #1116, #1008 ) ;
#411 = CARTESIAN_POINT ( 'NONE',  ( 23.16666666666666785, 10.43192699598141715, 0.000000000000000000 ) ) ;
#412 = DIRECTION ( 'NONE',  ( 1.000000000000000000, 0.000000000000000000, 0.000000000000000000 ) ) ;
#413 = AXIS2_PLACEMENT_3D ( 'NONE', #448, #1174, #1643 ) ;
#414 = LINE ( 'NONE', #1789, #1793 ) ;
#415 = CARTESIAN_POINT ( 'NONE',  ( 2.050000000000000266, 4.144645782412854196, 0.000000000000000000 ) ) ;
#416 = AXIS2_PLACEMENT_3D ( 'NONE', #1786, #583, #1971 ) ;
#417 = ORIENTED_EDGE ( 'NONE', *, *, #1950, .F. ) ;
#418 = ORIENTED_EDGE ( 'NONE', *, *, #644, .F. ) ;
#419 = AXIS2_PLACEMENT_3D ( 'NONE', #350, #229, #1976 ) ;
#420 = CARTESIAN_POINT ( 'NONE',  ( 23.75000000000000000, 22.64999999999999147, 2.000000000000000000 ) ) ;
#421 = CYLINDRICAL_SURFACE ( 'NONE', #938, 1.499999999999997780 ) ;
#422 = EDGE_CURVE ( 'NONE', #449, #1656, #772, .T. ) ;
#423 = ORIENTED_EDGE ( 'NONE', *, *, #301, .F. ) ;
#424 = EDGE_CURVE ( 'NONE', #72, #1873, #1217, .T. ) ;
#425 = DIRECTION ( 'NONE',  ( 0.000000000000000000, 1.000000000000000000, -0.000000000000000000 ) ) ;
#426 = CYLINDRICAL_SURFACE ( 'NONE', #1814, 2.999999999999999112 ) ;
#427 = ORIENTED_EDGE ( 'NONE', *, *, #644, .T. ) ;
#428 = VECTOR ( 'NONE', #2090, 1000.000000000000000 ) ;
#429 = ORIENTED_EDGE ( 'NONE', *, *, #1188, .F. ) ;
#430 = LINE ( 'NONE', #913, #222 ) ;
#431 = DIRECTION ( 'NONE',  ( 6.101848719557045542E-18, -1.000000000000000000, 0.000000000000000000 ) ) ;
#432 = EDGE_CURVE ( 'NONE', #72, #2072, #430, .T. ) ;
#433 = EDGE_LOOP ( 'NONE', ( #407, #1920, #2253, #813 ) ) ;
#434 = CARTESIAN_POINT ( 'NONE',  ( 3.800000000000001599, 13.19578098794424825, 0.000000000000000000 ) ) ;
#435 = ORIENTED_EDGE ( 'NONE', *, *, #2164, .F. ) ;
#436 = VECTOR ( 'NONE', #1723, 1000.000000000000000 ) ;
#437 = CARTESIAN_POINT ( 'NONE',  ( 23.75000000000000000, 9.049999999999998934, 2.000000000000000000 ) ) ;
#438 = CARTESIAN_POINT ( 'NONE',  ( -0.000000000000000000, 6.050000000000001599, 0.000000000000000000 ) ) ;
#439 = VERTEX_POINT ( 'NONE', #1091 ) ;
#440 = EDGE_CURVE ( 'NONE', #114, #449, #1785, .T. ) ;
#441 = ORIENTED_EDGE ( 'NONE', *, *, #2231, .F. ) ;
#442 = LINE ( 'NONE', #1113, #176 ) ;
#443 = ORIENTED_EDGE ( 'NONE', *, *, #159, .F. ) ;
#444 = AXIS2_PLACEMENT_3D ( 'NONE', #2175, #2133, #388 ) ;
#445 = CARTESIAN_POINT ( 'NONE',  ( 22.31521739130434767, 24.99603897362862881, 0.000000000000000000 ) ) ;
#446 = CARTESIAN_POINT ( 'NONE',  ( 7.899999999999999467, 8.050000000000000711, 2.000000000000000000 ) ) ;
#447 = CARTESIAN_POINT ( 'NONE',  ( 23.75000000000000000, 4.144645782412853308, 2.000000000000000000 ) ) ;
#448 = CARTESIAN_POINT ( 'NONE',  ( 4.899999999999996803, -1.545480914961154174E-15, 2.000000000000000000 ) ) ;
#449 = VERTEX_POINT ( 'NONE', #1451 ) ;
#450 = AXIS2_PLACEMENT_3D ( 'NONE', #296, #156, #1184 ) ;
#451 = EDGE_CURVE ( 'NONE', #1522, #2047, #1512, .T. ) ;
#452 = ORIENTED_EDGE ( 'NONE', *, *, #254, .T. ) ;
#453 = CARTESIAN_POINT ( 'NONE',  ( 23.75000000000000000, 27.55535421758714065, 2.000000000000000000 ) ) ;
#454 = ORIENTED_EDGE ( 'NONE', *, *, #473, .T. ) ;
#455 = DIRECTION ( 'NONE',  ( -1.000000000000000000, 0.000000000000000000, 0.000000000000000000 ) ) ;
#456 = LINE ( 'NONE', #566, #581 ) ;
#457 = CARTESIAN_POINT ( 'NONE',  ( 25.00000000000000000, 21.14999999999999503, 2.000000000000000000 ) ) ;
#458 = DIRECTION ( 'NONE',  ( -0.000000000000000000, -0.000000000000000000, -1.000000000000000000 ) ) ;
#459 = FACE_OUTER_BOUND ( 'NONE', #1942, .T. ) ;
#460 = ORIENTED_EDGE ( 'NONE', *, *, #578, .T. ) ;
#461 = EDGE_CURVE ( 'NONE', #1587, #835, #1801, .T. ) ;
#462 = VECTOR ( 'NONE', #1946, 1000.000000000000000 ) ;
#463 = CIRCLE ( 'NONE', #1742, 2.999999999999999112 ) ;
#464 = ORIENTED_EDGE ( 'NONE', *, *, #827, .T. ) ;
#465 = CARTESIAN_POINT ( 'NONE',  ( 23.16666666666666785, 21.26807300401857503, 0.000000000000000000 ) ) ;
#466 = ORIENTED_EDGE ( 'NONE', *, *, #1221, .F. ) ;
#467 = DIRECTION ( 'NONE',  ( 1.000000000000000000, 0.000000000000000000, 0.000000000000000000 ) ) ;
#468 = FACE_OUTER_BOUND ( 'NONE', #1598, .T. ) ;
#469 = CARTESIAN_POINT ( 'NONE',  ( 3.050000000000000266, 4.662517806303938528, 2.000000000000000000 ) ) ;
#470 = DIRECTION ( 'NONE',  ( 0.000000000000000000, 1.000000000000000000, -0.000000000000000000 ) ) ;
#471 = ORIENTED_EDGE ( 'NONE', *, *, #2150, .T. ) ;
#472 = CIRCLE ( 'NONE', #1611, 2.999999999999999556 ) ;
#473 = EDGE_CURVE ( 'NONE', #1432, #1747, #1281, .T. ) ;
#474 = EDGE_CURVE ( 'NONE', #1474, #784, #1043, .T. ) ;
#475 = ORIENTED_EDGE ( 'NONE', *, *, #936, .F. ) ;
#476 = CYLINDRICAL_SURFACE ( 'NONE', #2014, 2.999999999999999112 ) ;
#477 = ORIENTED_EDGE ( 'NONE', *, *, #280, .F. ) ;
#478 = DIRECTION ( 'NONE',  ( 1.000000000000000000, 0.000000000000000000, 0.000000000000000000 ) ) ;
#479 = EDGE_CURVE ( 'NONE', #2046, #1809, #1227, .T. ) ;
#480 = DIRECTION ( 'NONE',  ( 1.000000000000000000, 0.000000000000000000, 0.000000000000000000 ) ) ;
#481 = CYLINDRICAL_SURFACE ( 'NONE', #234, 1.000000000000000000 ) ;
#482 = LINE ( 'NONE', #868, #2029 ) ;
#483 = ORIENTED_EDGE ( 'NONE', *, *, #1189, .T. ) ;
#484 = ORIENTED_EDGE ( 'NONE', *, *, #1351, .T. ) ;
#485 = CARTESIAN_POINT ( 'NONE',  ( 25.75000000000000000, 4.662517806303938528, 2.000000000000000000 ) ) ;
#486 = CIRCLE ( 'NONE', #1884, 1.499999999999997780 ) ;
#487 = ORIENTED_EDGE ( 'NONE', *, *, #1477, .F. ) ;
#488 = DIRECTION ( 'NONE',  ( 1.000000000000000000, 0.000000000000000000, 0.000000000000000000 ) ) ;
#489 = DIRECTION ( 'NONE',  ( -0.000000000000000000, 0.000000000000000000, 1.000000000000000000 ) ) ;
#490 = CARTESIAN_POINT ( 'NONE',  ( 2.633333333333333304, 10.43192699598141537, 2.000000000000000000 ) ) ;
#491 = CARTESIAN_POINT ( 'NONE',  ( 2.050000000000000711, 17.74464578241284940, 0.000000000000000000 ) ) ;
#492 = ORIENTED_EDGE ( 'NONE', *, *, #1760, .T. ) ;
#493 = VECTOR ( 'NONE', #53, 1000.000000000000000 ) ;
#494 = VERTEX_POINT ( 'NONE', #861 ) ;
#495 = DIRECTION ( 'NONE',  ( -1.000000000000000000, 0.000000000000000000, 0.000000000000000000 ) ) ;
#496 = ORIENTED_EDGE ( 'NONE', *, *, #624, .F. ) ;
#497 = CIRCLE ( 'NONE', #614, 2.749999999999999112 ) ;
#498 = EDGE_CURVE ( 'NONE', #1041, #1469, #819, .T. ) ;
#499 = CYLINDRICAL_SURFACE ( 'NONE', #1100, 1.500000000000001332 ) ;
#500 = FACE_OUTER_BOUND ( 'NONE', #1165, .T. ) ;
#501 = AXIS2_PLACEMENT_3D ( 'NONE', #1980, #408, #1808 ) ;
#502 = DIRECTION ( 'NONE',  ( -1.156482317317871725E-16, 1.000000000000000000, 0.000000000000000000 ) ) ;
#503 = LINE ( 'NONE', #1697, #562 ) ;
#504 = ORIENTED_EDGE ( 'NONE', *, *, #369, .T. ) ;
#505 = ORIENTED_EDGE ( 'NONE', *, *, #1364, .F. ) ;
#506 = EDGE_CURVE ( 'NONE', #1966, #1668, #1816, .T. ) ;
#507 = VECTOR ( 'NONE', #1802, 1000.000000000000000 ) ;
#508 = CARTESIAN_POINT ( 'NONE',  ( 0.04999999999999796274, 0.8499999999999999778, 0.7999999999999989342 ) ) ;
#509 = CARTESIAN_POINT ( 'NONE',  ( 5.050000000000000711, 4.144645782412854196, 0.000000000000000000 ) ) ;
#510 = ORIENTED_EDGE ( 'NONE', *, *, #2025, .T. ) ;
#511 = AXIS2_PLACEMENT_3D ( 'NONE', #1011, #489, #1869 ) ;
#512 = CARTESIAN_POINT ( 'NONE',  ( 0.05000000000000046074, 27.03748219369605366, 2.000000000000000000 ) ) ;
#513 = CARTESIAN_POINT ( 'NONE',  ( 25.75000000000000000, 0.000000000000000000, 2.000000000000000000 ) ) ;
#514 = DIRECTION ( 'NONE',  ( 1.000000000000000000, 0.000000000000000000, 0.000000000000000000 ) ) ;
#515 = FACE_OUTER_BOUND ( 'NONE', #781, .T. ) ;
#516 = DIRECTION ( 'NONE',  ( 0.000000000000000000, -0.000000000000000000, -1.000000000000000000 ) ) ;
#517 = ORIENTED_EDGE ( 'NONE', *, *, #671, .F. ) ;
#518 = VECTOR ( 'NONE', #1958, 1000.000000000000000 ) ;
#519 = VERTEX_POINT ( 'NONE', #587 ) ;
#520 = PLANE ( 'NONE',  #639 ) ;
#521 = DIRECTION ( 'NONE',  ( 1.000000000000000000, -0.000000000000000000, -0.000000000000000000 ) ) ;
#522 = VECTOR ( 'NONE', #2179, 1000.000000000000000 ) ;
#523 = VERTEX_POINT ( 'NONE', #2147 ) ;
#524 = VECTOR ( 'NONE', #1509, 1000.000000000000000 ) ;
#525 = AXIS2_PLACEMENT_3D ( 'NONE', #366, #734, #1267 ) ;
#526 = CARTESIAN_POINT ( 'NONE',  ( 2.050000000000000711, 17.74464578241284940, 2.000000000000000000 ) ) ;
#527 = CARTESIAN_POINT ( 'NONE',  ( 25.75000000000000000, 30.84999999999999787, 0.7999999999999930500 ) ) ;
#528 = DIRECTION ( 'NONE',  ( -0.000000000000000000, 0.000000000000000000, 1.000000000000000000 ) ) ;
#529 = CARTESIAN_POINT ( 'NONE',  ( 2.633333333333332860, 21.26807300401857859, 2.000000000000000000 ) ) ;
#530 = ORIENTED_EDGE ( 'NONE', *, *, #2236, .F. ) ;
#531 = AXIS2_PLACEMENT_3D ( 'NONE', #1072, #1447, #224 ) ;
#532 = VECTOR ( 'NONE', #1827, 1000.000000000000000 ) ;
#533 = EDGE_CURVE ( 'NONE', #181, #192, #2108, .T. ) ;
#534 = ORIENTED_EDGE ( 'NONE', *, *, #2150, .F. ) ;
#535 = DIRECTION ( 'NONE',  ( 1.000000000000000000, -0.000000000000000000, -0.000000000000000000 ) ) ;
#536 = LINE ( 'NONE', #896, #1066 ) ;
#537 = ORIENTED_EDGE ( 'NONE', *, *, #1822, .T. ) ;
#538 = CIRCLE ( 'NONE', #1054, 2.999999999999999112 ) ;
#539 = CARTESIAN_POINT ( 'NONE',  ( 25.00000000000000000, 18.50421901205574216, 2.000000000000000000 ) ) ;
#540 = EDGE_CURVE ( 'NONE', #1201, #1661, #1122, .T. ) ;
#541 = AXIS2_PLACEMENT_3D ( 'NONE', #2239, #1926, #2273 ) ;
#542 = DIRECTION ( 'NONE',  ( 0.000000000000000000, -0.000000000000000000, -1.000000000000000000 ) ) ;
#543 = CYLINDRICAL_SURFACE ( 'NONE', #244, 1.000000000000000888 ) ;
#544 = ORIENTED_EDGE ( 'NONE', *, *, #540, .F. ) ;
#545 = VERTEX_POINT ( 'NONE', #1791 ) ;
#546 = ADVANCED_FACE ( 'NONE', ( #2094 ), #520, .F. ) ;
#547 = ADVANCED_FACE ( 'NONE', ( #393 ), #704, .F. ) ;
#548 = DIRECTION ( 'NONE',  ( 0.000000000000000000, 0.000000000000000000, 1.000000000000000000 ) ) ;
#549 = ORIENTED_EDGE ( 'NONE', *, *, #1508, .T. ) ;
#550 = CIRCLE ( 'NONE', #1028, 2.999999999999999112 ) ;
#551 = DIRECTION ( 'NONE',  ( 1.000000000000000000, 0.000000000000000000, 0.000000000000000000 ) ) ;
#552 =( LENGTH_UNIT ( ) NAMED_UNIT ( * ) SI_UNIT ( .MILLI., .METRE. ) );
#553 = ADVANCED_FACE ( 'NONE', ( #1239 ), #849, .F. ) ;
#554 = DIRECTION ( 'NONE',  ( 0.000000000000000000, 0.000000000000000000, -1.000000000000000000 ) ) ;
#555 = VERTEX_POINT ( 'NONE', #920 ) ;
#556 = DIRECTION ( 'NONE',  ( 1.000000000000000000, -0.000000000000000000, -0.000000000000000000 ) ) ;
#557 = VERTEX_POINT ( 'NONE', #1907 ) ;
#558 = CYLINDRICAL_SURFACE ( 'NONE', #1938, 1.000000000000000888 ) ;
#559 = ORIENTED_EDGE ( 'NONE', *, *, #671, .T. ) ;
#560 =( NAMED_UNIT ( * ) SI_UNIT ( $, .STERADIAN. ) SOLID_ANGLE_UNIT ( ) );
#561 = CARTESIAN_POINT ( 'NONE',  ( 25.75000000000000000, 0.8499999999999999778, 0.7999999999999989342 ) ) ;
#562 = VECTOR ( 'NONE', #125, 1000.000000000000000 ) ;
#563 = DIRECTION ( 'NONE',  ( 0.000000000000000000, 0.000000000000000000, -1.000000000000000000 ) ) ;
#564 = CARTESIAN_POINT ( 'NONE',  ( 0.04999999999999796274, 0.8499999999999999778, 0.7999999999999989342 ) ) ;
#565 = ORIENTED_EDGE ( 'NONE', *, *, #267, .F. ) ;
#566 = CARTESIAN_POINT ( 'NONE',  ( 0.04999999999999796274, 0.8499999999999999778, 0.7999999999999989342 ) ) ;
#567 = ORIENTED_EDGE ( 'NONE', *, *, #2178, .F. ) ;
#568 = DIRECTION ( 'NONE',  ( -1.000000000000000000, 0.000000000000000000, 0.000000000000000000 ) ) ;
#569 = ORIENTED_EDGE ( 'NONE', *, *, #1887, .T. ) ;
#570 = CARTESIAN_POINT ( 'NONE',  ( 23.75000000000000000, 9.049999999999998934, 0.000000000000000000 ) ) ;
#571 = AXIS2_PLACEMENT_3D ( 'NONE', #345, #1900, #1560 ) ;
#572 = EDGE_CURVE ( 'NONE', #127, #1818, #1411, .T. ) ;
#573 = CARTESIAN_POINT ( 'NONE',  ( 3.050000000000000266, 2.550000000000000266, 2.000000000000000000 ) ) ;
#574 = CARTESIAN_POINT ( 'NONE',  ( 3.800000000000001599, 13.19578098794424825, 2.000000000000000000 ) ) ;
#575 = LINE ( 'NONE', #1461, #204 ) ;
#576 = DIRECTION ( 'NONE',  ( 1.000000000000000000, 0.000000000000000000, 0.000000000000000000 ) ) ;
#577 = ORIENTED_EDGE ( 'NONE', *, *, #362, .F. ) ;
#578 = EDGE_CURVE ( 'NONE', #934, #1380, #1556, .T. ) ;
#579 = ORIENTED_EDGE ( 'NONE', *, *, #1089, .F. ) ;
#580 = PLANE ( 'NONE',  #212 ) ;
#581 = VECTOR ( 'NONE', #556, 1000.000000000000000 ) ;
#582 = AXIS2_PLACEMENT_3D ( 'NONE', #354, #2111, #1396 ) ;
#583 = DIRECTION ( 'NONE',  ( -1.000000000000000000, 0.000000000000000000, 0.000000000000000000 ) ) ;
#584 = DIRECTION ( 'NONE',  ( -0.000000000000000000, 0.000000000000000000, 1.000000000000000000 ) ) ;
#585 = DIRECTION ( 'NONE',  ( 1.000000000000000000, 0.000000000000000000, 0.000000000000000000 ) ) ;
#586 = CARTESIAN_POINT ( 'NONE',  ( 3.549999999999997602, 22.64999999999999147, 2.000000000000000000 ) ) ;
#587 = CARTESIAN_POINT ( 'NONE',  ( 23.75000000000000000, 27.55535421758714065, 0.000000000000000000 ) ) ;
#588 = VERTEX_POINT ( 'NONE', #415 ) ;
#589 = ORIENTED_EDGE ( 'NONE', *, *, #1952, .F. ) ;
#590 = EDGE_CURVE ( 'NONE', #1372, #1236, #46, .T. ) ;
#591 = CARTESIAN_POINT ( 'NONE',  ( 0.04999999999999796274, 30.84999999999999787, 0.000000000000000000 ) ) ;
#592 = ORIENTED_EDGE ( 'NONE', *, *, #785, .F. ) ;
#593 = APPLICATION_PROTOCOL_DEFINITION ( 'draft international standard', 'automotive_design', 1998, #2001 ) ;
#594 = CARTESIAN_POINT ( 'NONE',  ( 23.75000000000000000, 22.64999999999999147, 0.000000000000000000 ) ) ;
#595 = DIRECTION ( 'NONE',  ( -2.429584700247629288E-17, 1.000000000000000000, 0.000000000000000000 ) ) ;
#596 = VECTOR ( 'NONE', #2206, 1000.000000000000000 ) ;
#597 = DIRECTION ( 'NONE',  ( 1.000000000000000000, 0.000000000000000000, 0.000000000000000000 ) ) ;
#598 = DIRECTION ( 'NONE',  ( -0.000000000000000000, -0.7071067811865487940, 0.7071067811865463515 ) ) ;
#599 = VECTOR ( 'NONE', #400, 1000.000000000000000 ) ;
#600 = ORIENTED_EDGE ( 'NONE', *, *, #2051, .F. ) ;
#601 = EDGE_CURVE ( 'NONE', #1449, #1623, #2218, .T. ) ;
#602 = VERTEX_POINT ( 'NONE', #694 ) ;
#603 = FACE_OUTER_BOUND ( 'NONE', #1765, .T. ) ;
#604 = VECTOR ( 'NONE', #1960, 1000.000000000000000 ) ;
#605 = CARTESIAN_POINT ( 'NONE',  ( 0.05000000000000019706, 3.050924359778535001E-19, 2.000000000000000000 ) ) ;
#606 = ORIENTED_EDGE ( 'NONE', *, *, #194, .F. ) ;
#607 = CLOSED_SHELL ( 'NONE', ( #1151, #1063, #2003, #1616, #1422, #1024, #915, #1076, #946, #93, #773, #1669, #2201, #2079, #1075, #1979, #715, #2208, #374, #2171, #1755, #325, #1517, #980, #1324, #168, #699, #121, #1438, #50, #311, #1657, #1273, #1933, #2064, #1358, #767, #1309, #951, #1272, #1690, #1245, #2005, #261, #208, #2132, #1988, #1959, #1712, #1699, #1589, #553, #609, #290, #2038, #796, #1017, #373, #2080, #547, #409, #1967, #1260, #2172, #546, #1457, #1001 ) ) ;
#608 = CARTESIAN_POINT ( 'NONE',  ( 23.75000000000000000, 0.000000000000000000, 2.000000000000000000 ) ) ;
#609 = ADVANCED_FACE ( 'NONE', ( #778 ), #426, .T. ) ;
#610 = ORIENTED_EDGE ( 'NONE', *, *, #1562, .F. ) ;
#611 = DIRECTION ( 'NONE',  ( 0.000000000000000000, 1.000000000000000000, -0.000000000000000000 ) ) ;
#612 = DIRECTION ( 'NONE',  ( 1.000000000000000000, 0.000000000000000000, 0.000000000000000000 ) ) ;
#613 = EDGE_LOOP ( 'NONE', ( #685, #464, #391, #2035 ) ) ;
#614 = AXIS2_PLACEMENT_3D ( 'NONE', #2194, #622, #1674 ) ;
#615 = ORIENTED_EDGE ( 'NONE', *, *, #853, .F. ) ;
#616 = EDGE_CURVE ( 'NONE', #1929, #1995, #2217, .T. ) ;
#617 = FACE_OUTER_BOUND ( 'NONE', #2144, .T. ) ;
#618 = ORIENTED_EDGE ( 'NONE', *, *, #1351, .F. ) ;
#619 = DIRECTION ( 'NONE',  ( -0.000000000000000000, -0.000000000000000000, -1.000000000000000000 ) ) ;
#620 = COLOUR_RGB ( '',0.7921568627450980005, 0.8196078431372548767, 0.9333333333333333481 ) ;
#621 = CARTESIAN_POINT ( 'NONE',  ( 23.75000000000000000, 9.049999999999998934, 0.000000000000000000 ) ) ;
#622 = DIRECTION ( 'NONE',  ( -0.000000000000000000, 0.000000000000000000, 1.000000000000000000 ) ) ;
#623 = EDGE_CURVE ( 'NONE', #835, #66, #1806, .T. ) ;
#624 = EDGE_CURVE ( 'NONE', #557, #1989, #991, .T. ) ;
#625 = CARTESIAN_POINT ( 'NONE',  ( 23.41666666666666430, 7.587505935434646354, 2.000000000000000000 ) ) ;
#626 = VERTEX_POINT ( 'NONE', #1484 ) ;
#627 = AXIS2_PLACEMENT_3D ( 'NONE', #1888, #271, #2020 ) ;
#628 = ORIENTED_EDGE ( 'NONE', *, *, #1627, .T. ) ;
#629 = CARTESIAN_POINT ( 'NONE',  ( 7.899999999999999467, 8.050000000000000711, 0.000000000000000000 ) ) ;
#630 = ORIENTED_EDGE ( 'NONE', *, *, #432, .T. ) ;
#631 = AXIS2_PLACEMENT_3D ( 'NONE', #25, #1135, #731 ) ;
#632 = DIRECTION ( 'NONE',  ( 0.000000000000000000, 1.000000000000000000, -0.000000000000000000 ) ) ;
#633 = CARTESIAN_POINT ( 'NONE',  ( 2.049999999999999822, 9.049999999999998934, 0.000000000000000000 ) ) ;
#634 = CYLINDRICAL_SURFACE ( 'NONE', #2152, 2.999999999999999112 ) ;
#635 = CARTESIAN_POINT ( 'NONE',  ( 7.900000000000000355, 5.050000000000001599, 0.000000000000000000 ) ) ;
#636 = CIRCLE ( 'NONE', #225, 0.9999999999999995559 ) ;
#637 = AXIS2_PLACEMENT_3D ( 'NONE', #667, #1916, #2091 ) ;
#638 = ORIENTED_EDGE ( 'NONE', *, *, #1822, .F. ) ;
#639 = AXIS2_PLACEMENT_3D ( 'NONE', #1462, #219, #873 ) ;
#640 = ORIENTED_EDGE ( 'NONE', *, *, #1177, .F. ) ;
#641 = LINE ( 'NONE', #107, #2233 ) ;
#642 = CARTESIAN_POINT ( 'NONE',  ( 7.900000000000000355, 5.050000000000001599, 2.000000000000000000 ) ) ;
#643 = CARTESIAN_POINT ( 'NONE',  ( 25.75000000000000000, 30.84999999999999787, 0.7999999999999930500 ) ) ;
#644 = EDGE_CURVE ( 'NONE', #555, #602, #1625, .T. ) ;
#645 = PLANE ( 'NONE',  #1857 ) ;
#646 = CARTESIAN_POINT ( 'NONE',  ( 2.383333333333333304, 7.587505935434646354, 2.000000000000000000 ) ) ;
#647 = ORIENTED_EDGE ( 'NONE', *, *, #1486, .F. ) ;
#648 = ORIENTED_EDGE ( 'NONE', *, *, #748, .F. ) ;
#649 = CIRCLE ( 'NONE', #541, 2.999999999999999112 ) ;
#650 = EDGE_CURVE ( 'NONE', #1236, #1710, #1675, .T. ) ;
#651 = CARTESIAN_POINT ( 'NONE',  ( 22.75000000000000000, 29.14999999999999503, 2.000000000000001776 ) ) ;
#652 = ORIENTED_EDGE ( 'NONE', *, *, #233, .T. ) ;
#653 = CARTESIAN_POINT ( 'NONE',  ( 4.899999999999997691, 3.549999999999999822, 0.000000000000000000 ) ) ;
#654 = LINE ( 'NONE', #1365, #2199 ) ;
#655 = DIRECTION ( 'NONE',  ( 1.000000000000000000, 0.000000000000000000, 0.000000000000000000 ) ) ;
#656 = LINE ( 'NONE', #1356, #152 ) ;
#657 = EDGE_LOOP ( 'NONE', ( #1261, #972, #1554, #659 ) ) ;
#658 = VECTOR ( 'NONE', #381, 1000.000000000000000 ) ;
#659 = ORIENTED_EDGE ( 'NONE', *, *, #1836, .F. ) ;
#660 = DIRECTION ( 'NONE',  ( 0.000000000000000000, -0.7071067811865463515, -0.7071067811865487940 ) ) ;
#661 = EDGE_LOOP ( 'NONE', ( #1734, #1175, #600, #1383 ) ) ;
#662 = EDGE_CURVE ( 'NONE', #602, #1155, #2211, .T. ) ;
#663 = EDGE_CURVE ( 'NONE', #835, #1201, #90, .T. ) ;
#664 = DIRECTION ( 'NONE',  ( 0.000000000000000000, -0.000000000000000000, -1.000000000000000000 ) ) ;
#665 = LINE ( 'NONE', #457, #1505 ) ;
#666 = CYLINDRICAL_SURFACE ( 'NONE', #2077, 1.499999999999997780 ) ;
#667 = CARTESIAN_POINT ( 'NONE',  ( 2.050000000000000711, 2.370788750501637677E-16, 2.000000000000000000 ) ) ;
#668 = ORIENTED_EDGE ( 'NONE', *, *, #1835, .F. ) ;
#669 = ORIENTED_EDGE ( 'NONE', *, *, #785, .T. ) ;
#670 = VECTOR ( 'NONE', #1903, 1000.000000000000000 ) ;
#671 = EDGE_CURVE ( 'NONE', #1271, #1931, #299, .T. ) ;
#672 = CARTESIAN_POINT ( 'NONE',  ( 22.31521739130434767, 24.99603897362862881, -6.149186938124419299 ) ) ;
#673 = ORIENTED_EDGE ( 'NONE', *, *, #1603, .T. ) ;
#674 = DIRECTION ( 'NONE',  ( -0.000000000000000000, -0.000000000000000000, 1.000000000000000000 ) ) ;
#675 = CARTESIAN_POINT ( 'NONE',  ( 25.75000000000000000, 0.000000000000000000, 2.000000000000000000 ) ) ;
#676 = CARTESIAN_POINT ( 'NONE',  ( 2.050000000000000266, 4.144645782412854196, 2.000000000000000000 ) ) ;
#677 = EDGE_CURVE ( 'NONE', #923, #2246, #1516, .T. ) ;
#678 = CARTESIAN_POINT ( 'NONE',  ( 2.050000000000000711, 13.95535421758714456, 2.000000000000000000 ) ) ;
#679 = ORIENTED_EDGE ( 'NONE', *, *, #1124, .T. ) ;
#680 = VECTOR ( 'NONE', #595, 1000.000000000000000 ) ;
#681 = AXIS2_PLACEMENT_3D ( 'NONE', #2112, #1216, #843 ) ;
#682 = ORIENTED_EDGE ( 'NONE', *, *, #1711, .T. ) ;
#683 = DIRECTION ( 'NONE',  ( 1.000000000000000000, 0.000000000000000000, 0.000000000000000000 ) ) ;
#684 = DIRECTION ( 'NONE',  ( 1.000000000000000000, -1.734723475976807686E-15, 0.000000000000000000 ) ) ;
#685 = ORIENTED_EDGE ( 'NONE', *, *, #1408, .F. ) ;
#686 = CIRCLE ( 'NONE', #394, 2.999999999999999556 ) ;
#687 = FACE_OUTER_BOUND ( 'NONE', #240, .T. ) ;
#688 = LINE ( 'NONE', #889, #2096 ) ;
#689 = AXIS2_PLACEMENT_3D ( 'NONE', #277, #839, #684 ) ;
#690 = CARTESIAN_POINT ( 'NONE',  ( 2.050000000000000711, 2.370788750501637677E-16, 2.000000000000000000 ) ) ;
#691 = LINE ( 'NONE', #1741, #1368 ) ;
#692 = ORIENTED_EDGE ( 'NONE', *, *, #742, .T. ) ;
#693 = ORIENTED_EDGE ( 'NONE', *, *, #1347, .F. ) ;
#694 = CARTESIAN_POINT ( 'NONE',  ( 4.799999999999998934, 22.64999999999999147, 2.000000000000000000 ) ) ;
#695 = DIRECTION ( 'NONE',  ( 0.000000000000000000, 0.000000000000000000, 1.000000000000000000 ) ) ;
#696 = ORIENTED_EDGE ( 'NONE', *, *, #335, .F. ) ;
#697 = CARTESIAN_POINT ( 'NONE',  ( 22.75000000000000000, 3.550000000000000266, 0.000000000000000000 ) ) ;
#698 = FACE_OUTER_BOUND ( 'NONE', #276, .T. ) ;
#699 = ADVANCED_FACE ( 'NONE', ( #459 ), #1685, .F. ) ;
#700 = FACE_OUTER_BOUND ( 'NONE', #847, .T. ) ;
#701 = DIRECTION ( 'NONE',  ( 0.000000000000000000, 0.000000000000000000, -1.000000000000000000 ) ) ;
#702 = ORIENTED_EDGE ( 'NONE', *, *, #1768, .F. ) ;
#703 = ORIENTED_EDGE ( 'NONE', *, *, #1547, .F. ) ;
#704 = CYLINDRICAL_SURFACE ( 'NONE', #1233, 3.000000000000000888 ) ;
#705 = LINE ( 'NONE', #339, #950 ) ;
#706 = ORIENTED_EDGE ( 'NONE', *, *, #1430, .T. ) ;
#707 = VECTOR ( 'NONE', #1164, 1000.000000000000000 ) ;
#708 = VECTOR ( 'NONE', #155, 1000.000000000000000 ) ;
#709 = PLANE ( 'NONE',  #1676 ) ;
#710 = CYLINDRICAL_SURFACE ( 'NONE', #1963, 2.999999999999999112 ) ;
#711 = DIRECTION ( 'NONE',  ( 1.000000000000000000, 0.000000000000000000, 0.000000000000000000 ) ) ;
#712 = CARTESIAN_POINT ( 'NONE',  ( 22.75000000000000000, 27.03748219369605366, 2.000000000000000000 ) ) ;
#713 = EDGE_CURVE ( 'NONE', #1595, #1442, #112, .T. ) ;
#714 = ORIENTED_EDGE ( 'NONE', *, *, #20, .T. ) ;
#715 = ADVANCED_FACE ( 'NONE', ( #1311 ), #977, .T. ) ;
#716 = VECTOR ( 'NONE', #1566, 1000.000000000000000 ) ;
#717 = EDGE_LOOP ( 'NONE', ( #48, #1770, #1016, #2130 ) ) ;
#718 = AXIS2_PLACEMENT_3D ( 'NONE', #1983, #941, #1482 ) ;
#719 = CARTESIAN_POINT ( 'NONE',  ( 25.75000000000000000, 30.84999999999999787, 0.000000000000000000 ) ) ;
#720 = ORIENTED_EDGE ( 'NONE', *, *, #2123, .F. ) ;
#721 = EDGE_CURVE ( 'NONE', #289, #1886, #1335, .T. ) ;
#722 = DIRECTION ( 'NONE',  ( 1.000000000000000000, 0.000000000000000000, 0.000000000000000000 ) ) ;
#723 = CARTESIAN_POINT ( 'NONE',  ( 2.050000000000000266, 28.14999999999999503, 0.000000000000000000 ) ) ;
#724 = CARTESIAN_POINT ( 'NONE',  ( 3.484782608695651707, 24.99603897362862881, 0.000000000000000000 ) ) ;
#725 = CARTESIAN_POINT ( 'NONE',  ( 18.89999999999999858, 5.050000000000001599, 2.000000000000000000 ) ) ;
#726 = ORIENTED_EDGE ( 'NONE', *, *, #422, .F. ) ;
#727 = LINE ( 'NONE', #55, #1129 ) ;
#728 = ORIENTED_EDGE ( 'NONE', *, *, #1797, .T. ) ;
#729 = ORIENTED_EDGE ( 'NONE', *, *, #2243, .F. ) ;
#730 = CIRCLE ( 'NONE', #1170, 3.000000000000000888 ) ;
#731 = DIRECTION ( 'NONE',  ( 1.000000000000000000, 0.000000000000000000, 0.000000000000000000 ) ) ;
#732 = EDGE_CURVE ( 'NONE', #1074, #1747, #2045, .T. ) ;
#733 = EDGE_CURVE ( 'NONE', #923, #192, #1663, .T. ) ;
#734 = DIRECTION ( 'NONE',  ( -0.000000000000000000, -0.000000000000000000, -1.000000000000000000 ) ) ;
#735 = LINE ( 'NONE', #1247, #1529 ) ;
#736 = ORIENTED_EDGE ( 'NONE', *, *, #999, .T. ) ;
#737 = FACE_OUTER_BOUND ( 'NONE', #368, .T. ) ;
#738 = VERTEX_POINT ( 'NONE', #1142 ) ;
#739 = CIRCLE ( 'NONE', #148, 1.000000000000000888 ) ;
#740 = FACE_OUTER_BOUND ( 'NONE', #1910, .T. ) ;
#741 = VERTEX_POINT ( 'NONE', #1132 ) ;
#742 = EDGE_CURVE ( 'NONE', #851, #1432, #800, .T. ) ;
#743 = VECTOR ( 'NONE', #674, 1000.000000000000000 ) ;
#744 = CARTESIAN_POINT ( 'NONE',  ( 23.16666666666666785, 10.43192699598141715, 2.000000000000000000 ) ) ;
#745 = DIRECTION ( 'NONE',  ( -0.000000000000000000, -0.000000000000000000, -1.000000000000000000 ) ) ;
#746 = CARTESIAN_POINT ( 'NONE',  ( 2.050000000000001155, 4.980648635507642676E-17, 0.000000000000000000 ) ) ;
#747 = DIRECTION ( 'NONE',  ( 0.000000000000000000, 0.000000000000000000, -1.000000000000000000 ) ) ;
#748 = EDGE_CURVE ( 'NONE', #1471, #72, #117, .T. ) ;
#749 = CARTESIAN_POINT ( 'NONE',  ( 22.75000000000000000, 4.662517806303938528, 2.000000000000000000 ) ) ;
#750 = ORIENTED_EDGE ( 'NONE', *, *, #369, .F. ) ;
#751 = EDGE_LOOP ( 'NONE', ( #544, #1678, #886, #2241 ) ) ;
#752 = CARTESIAN_POINT ( 'NONE',  ( 23.16666666666666785, 21.26807300401857503, -6.149186938124419299 ) ) ;
#753 = AXIS2_PLACEMENT_3D ( 'NONE', #2259, #1410, #187 ) ;
#754 = AXIS2_PLACEMENT_3D ( 'NONE', #379, #904, #1764 ) ;
#755 = PLANE ( 'NONE',  #308 ) ;
#756 = CARTESIAN_POINT ( 'NONE',  ( 0.8000000000000015987, 13.19578098794424825, 0.000000000000000000 ) ) ;
#757 = DIRECTION ( 'NONE',  ( 1.000000000000000000, 0.000000000000000000, 0.000000000000000000 ) ) ;
#758 = CARTESIAN_POINT ( 'NONE',  ( 0.05000000000000050931, 29.64999999999998437, 2.000000000000000000 ) ) ;
#759 = DIRECTION ( 'NONE',  ( -1.000000000000000000, 0.000000000000000000, 0.000000000000000000 ) ) ;
#760 = ORIENTED_EDGE ( 'NONE', *, *, #2103, .T. ) ;
#761 = VERTEX_POINT ( 'NONE', #1654 ) ;
#762 = LINE ( 'NONE', #752, #1466 ) ;
#763 = CIRCLE ( 'NONE', #2126, 2.999999999999999112 ) ;
#764 = CARTESIAN_POINT ( 'NONE',  ( 6.899999999999999467, 5.050000000000001599, 0.000000000000000000 ) ) ;
#765 = DIRECTION ( 'NONE',  ( -1.000000000000000000, 0.000000000000000000, 0.000000000000000000 ) ) ;
#766 = ORIENTED_EDGE ( 'NONE', *, *, #1110, .T. ) ;
#767 = ADVANCED_FACE ( 'NONE', ( #1719 ), #823, .F. ) ;
#768 = LINE ( 'NONE', #191, #1199 ) ;
#769 = CARTESIAN_POINT ( 'NONE',  ( 23.75000000000000000, 9.049999999999998934, 2.000000000000000000 ) ) ;
#770 = ORIENTED_EDGE ( 'NONE', *, *, #616, .T. ) ;
#771 = EDGE_LOOP ( 'NONE', ( #137, #245, #2116, #1087 ) ) ;
#772 = LINE ( 'NONE', #561, #922 ) ;
#773 = ADVANCED_FACE ( 'NONE', ( #1871 ), #2240, .F. ) ;
#774 = DIRECTION ( 'NONE',  ( 0.000000000000000000, -0.000000000000000000, -1.000000000000000000 ) ) ;
#775 = DIRECTION ( 'NONE',  ( 1.000000000000000000, 1.156482317317871133E-15, 0.000000000000000000 ) ) ;
#776 = LINE ( 'NONE', #1287, #1488 ) ;
#777 = CARTESIAN_POINT ( 'NONE',  ( 3.800000000000001599, 13.19578098794424825, 2.000000000000000000 ) ) ;
#778 = FACE_OUTER_BOUND ( 'NONE', #751, .T. ) ;
#779 = EDGE_CURVE ( 'NONE', #1893, #1185, #320, .T. ) ;
#780 = EDGE_CURVE ( 'NONE', #1155, #1743, #482, .T. ) ;
#781 = EDGE_LOOP ( 'NONE', ( #1511, #2002, #1709, #2235 ) ) ;
#782 = ORIENTED_EDGE ( 'NONE', *, *, #128, .T. ) ;
#783 = DIRECTION ( 'NONE',  ( 0.000000000000000000, -0.000000000000000000, -1.000000000000000000 ) ) ;
#784 = VERTEX_POINT ( 'NONE', #1551 ) ;
#785 = EDGE_CURVE ( 'NONE', #205, #1567, #45, .T. ) ;
#786 = DIRECTION ( 'NONE',  ( -0.000000000000000000, -0.000000000000000000, -1.000000000000000000 ) ) ;
#787 = DIRECTION ( 'NONE',  ( 0.000000000000000000, 1.000000000000000000, -0.000000000000000000 ) ) ;
#788 = DIRECTION ( 'NONE',  ( -0.000000000000000000, 0.000000000000000000, 1.000000000000000000 ) ) ;
#789 = CARTESIAN_POINT ( 'NONE',  ( 22.75000000000000000, 4.662517806303938528, 2.000000000000000000 ) ) ;
#790 = ORIENTED_EDGE ( 'NONE', *, *, #733, .F. ) ;
#791 = ORIENTED_EDGE ( 'NONE', *, *, #1177, .T. ) ;
#792 = CIRCLE ( 'NONE', #797, 1.500000000000001332 ) ;
#793 = CARTESIAN_POINT ( 'NONE',  ( 0.04999999999999796274, 0.8499999999999999778, 0.7999999999999989342 ) ) ;
#794 = ORIENTED_EDGE ( 'NONE', *, *, #601, .F. ) ;
#795 = CARTESIAN_POINT ( 'NONE',  ( 2.049999999999999822, 22.64999999999999147, -6.149186938124419299 ) ) ;
#796 = ADVANCED_FACE ( 'NONE', ( #1400 ), #1378, .F. ) ;
#797 = AXIS2_PLACEMENT_3D ( 'NONE', #420, #1125, #1820 ) ;
#798 = DIRECTION ( 'NONE',  ( 1.000000000000000000, 0.000000000000000000, 0.000000000000000000 ) ) ;
#799 = CARTESIAN_POINT ( 'NONE',  ( 17.90000000000000213, 8.050000000000000711, 0.000000000000000000 ) ) ;
#800 = LINE ( 'NONE', #967, #524 ) ;
#801 = ORIENTED_EDGE ( 'NONE', *, *, #1782, .T. ) ;
#802 = VERTEX_POINT ( 'NONE', #1038 ) ;
#803 = CARTESIAN_POINT ( 'NONE',  ( 3.484782608695652151, 6.703961026371365151, 2.000000000000000000 ) ) ;
#804 = EDGE_CURVE ( 'NONE', #1479, #1522, #1367, .T. ) ;
#805 = ORIENTED_EDGE ( 'NONE', *, *, #1364, .T. ) ;
#806 = AXIS2_PLACEMENT_3D ( 'NONE', #44, #1405, #576 ) ;
#807 = CARTESIAN_POINT ( 'NONE',  ( 20.90000000000000213, 0.000000000000000000, 2.000000000000000000 ) ) ;
#808 = CYLINDRICAL_SURFACE ( 'NONE', #627, 2.749999999999999112 ) ;
#809 = CYLINDRICAL_SURFACE ( 'NONE', #942, 2.749999999999999112 ) ;
#810 = CARTESIAN_POINT ( 'NONE',  ( 23.75000000000000000, 17.74464578241284585, 2.000000000000000000 ) ) ;
#811 = CIRCLE ( 'NONE', #41, 1.000000000000000888 ) ;
#812 = VECTOR ( 'NONE', #2022, 1000.000000000000000 ) ;
#813 = ORIENTED_EDGE ( 'NONE', *, *, #952, .T. ) ;
#814 = EDGE_CURVE ( 'NONE', #1661, #1587, #1890, .T. ) ;
#815 = VERTEX_POINT ( 'NONE', #491 ) ;
#816 = LINE ( 'NONE', #2039, #870 ) ;
#817 = EDGE_LOOP ( 'NONE', ( #565, #638, #466, #1401 ) ) ;
#818 = CIRCLE ( 'NONE', #2106, 1.000000000000000888 ) ;
#819 = CIRCLE ( 'NONE', #1996, 2.749999999999999112 ) ;
#820 = CARTESIAN_POINT ( 'NONE',  ( 23.41666666666666430, 7.587505935434646354, 0.000000000000000000 ) ) ;
#821 = DIRECTION ( 'NONE',  ( 1.000000000000000000, 2.312964634635742267E-15, 0.000000000000000000 ) ) ;
#822 = CARTESIAN_POINT ( 'NONE',  ( 22.75000000000000000, 3.550000000000000266, 2.000000000000000000 ) ) ;
#823 = PLANE ( 'NONE',  #1693 ) ;
#824 = ORIENTED_EDGE ( 'NONE', *, *, #2137, .F. ) ;
#825 = AXIS2_PLACEMENT_3D ( 'NONE', #564, #1961, #390 ) ;
#826 = ORIENTED_EDGE ( 'NONE', *, *, #899, .F. ) ;
#827 = EDGE_CURVE ( 'NONE', #519, #1444, #691, .T. ) ;
#828 = CIRCLE ( 'NONE', #2117, 2.749999999999999112 ) ;
#829 = FACE_OUTER_BOUND ( 'NONE', #1241, .T. ) ;
#830 = VERTEX_POINT ( 'NONE', #529 ) ;
#831 = DIRECTION ( 'NONE',  ( 0.000000000000000000, 0.000000000000000000, 1.000000000000000000 ) ) ;
#832 = PLANE ( 'NONE',  #1998 ) ;
#833 = LINE ( 'NONE', #1234, #428 ) ;
#834 = CARTESIAN_POINT ( 'NONE',  ( 6.899999999999999467, 0.000000000000000000, 0.000000000000000000 ) ) ;
#835 = VERTEX_POINT ( 'NONE', #845 ) ;
#836 = EDGE_CURVE ( 'NONE', #898, #1252, #265, .T. ) ;
#837 = AXIS2_PLACEMENT_3D ( 'NONE', #1443, #2267, #695 ) ;
#838 = VERTEX_POINT ( 'NONE', #2101 ) ;
#839 = DIRECTION ( 'NONE',  ( 0.000000000000000000, -0.000000000000000000, -1.000000000000000000 ) ) ;
#840 = VERTEX_POINT ( 'NONE', #678 ) ;
#841 = EDGE_CURVE ( 'NONE', #883, #1051, #965, .T. ) ;
#842 = DIRECTION ( 'NONE',  ( 1.000000000000000000, 0.000000000000000000, 0.000000000000000000 ) ) ;
#843 = DIRECTION ( 'NONE',  ( -1.000000000000000000, -2.087287029146363393E-16, 0.000000000000000000 ) ) ;
#844 = FACE_OUTER_BOUND ( 'NONE', #863, .T. ) ;
#845 = CARTESIAN_POINT ( 'NONE',  ( 23.41666666666666430, 7.587505935434646354, 2.000000000000000000 ) ) ;
#846 = ORIENTED_EDGE ( 'NONE', *, *, #83, .F. ) ;
#847 = EDGE_LOOP ( 'NONE', ( #423, #59, #1258, #984 ) ) ;
#848 = AXIS2_PLACEMENT_3D ( 'NONE', #2155, #2143, #1972 ) ;
#849 = CYLINDRICAL_SURFACE ( 'NONE', #235, 2.999999999999999112 ) ;
#850 = CARTESIAN_POINT ( 'NONE',  ( 23.75000000000000000, 9.049999999999998934, 2.000000000000000000 ) ) ;
#851 = VERTEX_POINT ( 'NONE', #1000 ) ;
#852 = CYLINDRICAL_SURFACE ( 'NONE', #1610, 2.999999999999999112 ) ;
#853 = EDGE_CURVE ( 'NONE', #1966, #1372, #503, .T. ) ;
#854 = CARTESIAN_POINT ( 'NONE',  ( 3.050000000000000266, 28.14999999999999503, 0.000000000000000000 ) ) ;
#855 = LINE ( 'NONE', #1718, #1296 ) ;
#856 = CARTESIAN_POINT ( 'NONE',  ( 3.899999999999998579, 2.550000000000000266, 0.000000000000000000 ) ) ;
#857 = VERTEX_POINT ( 'NONE', #2229 ) ;
#858 = AXIS2_PLACEMENT_3D ( 'NONE', #178, #1035, #1762 ) ;
#859 = ORIENTED_EDGE ( 'NONE', *, *, #2193, .F. ) ;
#860 = AXIS2_PLACEMENT_3D ( 'NONE', #215, #745, #1671 ) ;
#861 = CARTESIAN_POINT ( 'NONE',  ( 0.05000000000000003747, 2.050000000000002043, 2.000000000000000000 ) ) ;
#862 = CARTESIAN_POINT ( 'NONE',  ( 18.89999999999999858, 5.050000000000001599, 2.000000000000000000 ) ) ;
#863 = EDGE_LOOP ( 'NONE', ( #1391, #1168, #2196, #1720 ) ) ;
#864 = VECTOR ( 'NONE', #31, 1000.000000000000000 ) ;
#865 = CARTESIAN_POINT ( 'NONE',  ( 3.800000000000000711, 18.50421901205574926, 2.000000000000000000 ) ) ;
#866 = LINE ( 'NONE', #1232, #462 ) ;
#867 = DIRECTION ( 'NONE',  ( 0.000000000000000000, -0.000000000000000000, 1.000000000000000000 ) ) ;
#868 = CARTESIAN_POINT ( 'NONE',  ( 3.484782608695652595, 20.30396102637135769, -6.149186938124419299 ) ) ;
#869 = EDGE_LOOP ( 'NONE', ( #1896, #911, #226, #310 ) ) ;
#870 = VECTOR ( 'NONE', #1382, 1000.000000000000000 ) ;
#871 = ORIENTED_EDGE ( 'NONE', *, *, #202, .T. ) ;
#872 = CIRCLE ( 'NONE', #2160, 1.000000000000000888 ) ;
#873 = DIRECTION ( 'NONE',  ( 0.000000000000000000, 0.000000000000000000, -1.000000000000000000 ) ) ;
#874 = DIRECTION ( 'NONE',  ( 0.000000000000000000, 0.000000000000000000, -1.000000000000000000 ) ) ;
#875 = ORIENTED_EDGE ( 'NONE', *, *, #1797, .F. ) ;
#876 = EDGE_CURVE ( 'NONE', #1133, #557, #1205, .T. ) ;
#877 = EDGE_CURVE ( 'NONE', #1029, #114, #656, .T. ) ;
#878 = CARTESIAN_POINT ( 'NONE',  ( 25.75000000000000000, 2.050000000000002043, 2.000000000000000000 ) ) ;
#879 = LINE ( 'NONE', #1877, #2197 ) ;
#880 = DIRECTION ( 'NONE',  ( 1.000000000000000000, 0.000000000000000000, 0.000000000000000000 ) ) ;
#881 = LINE ( 'NONE', #167, #19 ) ;
#882 = CARTESIAN_POINT ( 'NONE',  ( 2.050000000000001155, 4.980648635507642676E-17, 2.000000000000000000 ) ) ;
#883 = VERTEX_POINT ( 'NONE', #309 ) ;
#884 = ORIENTED_EDGE ( 'NONE', *, *, #1465, .T. ) ;
#885 = EDGE_CURVE ( 'NONE', #1841, #1312, #333, .T. ) ;
#886 = ORIENTED_EDGE ( 'NONE', *, *, #461, .F. ) ;
#887 =( GEOMETRIC_REPRESENTATION_CONTEXT ( 3 ) GLOBAL_UNCERTAINTY_ASSIGNED_CONTEXT ( ( #1599 ) ) GLOBAL_UNIT_ASSIGNED_CONTEXT ( ( #552, #1103, #1773 ) ) REPRESENTATION_CONTEXT ( 'NONE', 'WORKASPACE' ) );
#888 = DIRECTION ( 'NONE',  ( -1.227398685832647050E-16, 1.000000000000000000, 0.000000000000000000 ) ) ;
#889 = CARTESIAN_POINT ( 'NONE',  ( 0.05000000000000011380, 14.82499999999994422, 16.82499999999999218 ) ) ;
#890 = FACE_OUTER_BOUND ( 'NONE', #1647, .T. ) ;
#891 = EDGE_LOOP ( 'NONE', ( #1866, #693, #534, #1428 ) ) ;
#892 = AXIS2_PLACEMENT_3D ( 'NONE', #1879, #307, #1049 ) ;
#893 = CARTESIAN_POINT ( 'NONE',  ( 23.75000000000000000, 22.64999999999999147, -6.149186938124419299 ) ) ;
#894 = ORIENTED_EDGE ( 'NONE', *, *, #100, .T. ) ;
#895 = CIRCLE ( 'NONE', #2183, 3.000000000000000444 ) ;
#896 = CARTESIAN_POINT ( 'NONE',  ( 23.75000000000000000, 0.000000000000000000, 0.000000000000000000 ) ) ;
#897 = APPLICATION_CONTEXT ( 'automotive_design' ) ;
#898 = VERTEX_POINT ( 'NONE', #856 ) ;
#899 = EDGE_CURVE ( 'NONE', #2149, #2246, #136, .T. ) ;
#900 = CARTESIAN_POINT ( 'NONE',  ( 23.75000000000000000, 28.14999999999999503, 2.000000000000000000 ) ) ;
#901 = CARTESIAN_POINT ( 'NONE',  ( 6.899999999999999467, 0.000000000000000000, 2.000000000000000000 ) ) ;
#902 = VECTOR ( 'NONE', #611, 1000.000000000000000 ) ;
#903 = CARTESIAN_POINT ( 'NONE',  ( 20.90000000000000213, 3.550000000000000266, 2.000000000000000000 ) ) ;
#904 = DIRECTION ( 'NONE',  ( 0.000000000000000000, 1.000000000000000000, 0.000000000000000000 ) ) ;
#905 = ORIENTED_EDGE ( 'NONE', *, *, #1089, .T. ) ;
#906 = CARTESIAN_POINT ( 'NONE',  ( 6.899999999999999467, 5.050000000000001599, 2.000000000000000000 ) ) ;
#907 = EDGE_CURVE ( 'NONE', #359, #1432, #2127, .T. ) ;
#908 = ORIENTED_EDGE ( 'NONE', *, *, #335, .T. ) ;
#909 = DIRECTION ( 'NONE',  ( -0.000000000000000000, 0.000000000000000000, 1.000000000000000000 ) ) ;
#910 = VECTOR ( 'NONE', #2016, 1000.000000000000000 ) ;
#911 = ORIENTED_EDGE ( 'NONE', *, *, #242, .T. ) ;
#912 = DIRECTION ( 'NONE',  ( -0.000000000000000000, 0.000000000000000000, 1.000000000000000000 ) ) ;
#913 = CARTESIAN_POINT ( 'NONE',  ( 22.31521739130434767, 6.703961026371365151, 2.000000000000000000 ) ) ;
#914 = AXIS2_PLACEMENT_3D ( 'NONE', #2192, #2062, #1022 ) ;
#915 = ADVANCED_FACE ( 'NONE', ( #1799 ), #1753, .T. ) ;
#916 = CARTESIAN_POINT ( 'NONE',  ( 0.8000000000000015987, 13.19578098794424825, 2.000000000000000000 ) ) ;
#917 = CARTESIAN_POINT ( 'NONE',  ( 18.89999999999999858, 2.050000000000003375, 2.000000000000000000 ) ) ;
#918 = ORIENTED_EDGE ( 'NONE', *, *, #624, .T. ) ;
#919 = CARTESIAN_POINT ( 'NONE',  ( 2.050000000000000266, 29.14999999999999503, 0.000000000000000000 ) ) ;
#920 = CARTESIAN_POINT ( 'NONE',  ( 3.484782608695651707, 24.99603897362862881, 2.000000000000000000 ) ) ;
#921 = VERTEX_POINT ( 'NONE', #756 ) ;
#922 = VECTOR ( 'NONE', #211, 1000.000000000000000 ) ;
#923 = VERTEX_POINT ( 'NONE', #1268 ) ;
#924 = VECTOR ( 'NONE', #786, 1000.000000000000000 ) ;
#925 = CARTESIAN_POINT ( 'NONE',  ( 2.050000000000001155, 4.980648635507642676E-17, 2.000000000000000000 ) ) ;
#926 = AXIS2_PLACEMENT_3D ( 'NONE', #1345, #1153, #1850 ) ;
#927 = DIRECTION ( 'NONE',  ( 0.000000000000000000, -0.000000000000000000, 1.000000000000000000 ) ) ;
#928 = VECTOR ( 'NONE', #1635, 1000.000000000000000 ) ;
#929 = DIRECTION ( 'NONE',  ( 0.000000000000000000, 0.000000000000000000, 1.000000000000000000 ) ) ;
#930 = ORIENTED_EDGE ( 'NONE', *, *, #128, .F. ) ;
#931 = DIRECTION ( 'NONE',  ( 0.000000000000000000, -0.7071067811865469066, -0.7071067811865482389 ) ) ;
#932 = DIRECTION ( 'NONE',  ( 1.000000000000000000, -0.000000000000000000, -0.000000000000000000 ) ) ;
#933 = ORIENTED_EDGE ( 'NONE', *, *, #62, .T. ) ;
#934 = VERTEX_POINT ( 'NONE', #917 ) ;
#935 = CARTESIAN_POINT ( 'NONE',  ( 20.90000000000000213, 3.550000000000000266, 0.000000000000000000 ) ) ;
#936 = EDGE_CURVE ( 'NONE', #857, #1479, #2247, .T. ) ;
#937 = VERTEX_POINT ( 'NONE', #180 ) ;
#938 = AXIS2_PLACEMENT_3D ( 'NONE', #795, #99, #2030 ) ;
#939 = DIRECTION ( 'NONE',  ( -0.000000000000000000, -0.000000000000000000, -1.000000000000000000 ) ) ;
#940 = CARTESIAN_POINT ( 'NONE',  ( 20.75000000000000000, 17.74464578241284585, 0.000000000000000000 ) ) ;
#941 = DIRECTION ( 'NONE',  ( 0.000000000000000000, -0.000000000000000000, -1.000000000000000000 ) ) ;
#942 = AXIS2_PLACEMENT_3D ( 'NONE', #437, #458, #124 ) ;
#943 = DIRECTION ( 'NONE',  ( 1.000000000000000000, 0.000000000000000000, 0.000000000000000000 ) ) ;
#944 = DIRECTION ( 'NONE',  ( 0.000000000000000000, -0.000000000000000000, -1.000000000000000000 ) ) ;
#945 = EDGE_LOOP ( 'NONE', ( #577, #530, #185, #1198 ) ) ;
#946 = ADVANCED_FACE ( 'NONE', ( #890 ), #1448, .F. ) ;
#947 = ORIENTED_EDGE ( 'NONE', *, *, #999, .F. ) ;
#948 = PLANE ( 'NONE',  #282 ) ;
#949 = ORIENTED_EDGE ( 'NONE', *, *, #877, .T. ) ;
#950 = VECTOR ( 'NONE', #548, 1000.000000000000000 ) ;
#951 = ADVANCED_FACE ( 'NONE', ( #1235 ), #543, .F. ) ;
#952 = EDGE_CURVE ( 'NONE', #937, #741, #1618, .T. ) ;
#953 = SHAPE_DEFINITION_REPRESENTATION ( #1949, #1058 ) ;
#954 = DIRECTION ( 'NONE',  ( 0.000000000000000000, 0.000000000000000000, 1.000000000000000000 ) ) ;
#955 = VERTEX_POINT ( 'NONE', #358 ) ;
#956 = FACE_OUTER_BOUND ( 'NONE', #1390, .T. ) ;
#957 = DIRECTION ( 'NONE',  ( -0.000000000000000000, 0.000000000000000000, 1.000000000000000000 ) ) ;
#958 = ORIENTED_EDGE ( 'NONE', *, *, #721, .F. ) ;
#959 = EDGE_CURVE ( 'NONE', #494, #1207, #401, .T. ) ;
#960 = ORIENTED_EDGE ( 'NONE', *, *, #1596, .F. ) ;
#961 = CARTESIAN_POINT ( 'NONE',  ( 3.484782608695652595, 24.99603897362862881, -6.149186938124419299 ) ) ;
#962 = ORIENTED_EDGE ( 'NONE', *, *, #1782, .F. ) ;
#963 = CARTESIAN_POINT ( 'NONE',  ( 2.633333333333333304, 10.43192699598141537, 2.000000000000000000 ) ) ;
#964 = FACE_OUTER_BOUND ( 'NONE', #1795, .T. ) ;
#965 = CIRCLE ( 'NONE', #450, 3.000000000000000888 ) ;
#966 = DIRECTION ( 'NONE',  ( -0.000000000000000000, 0.000000000000000000, 1.000000000000000000 ) ) ;
#967 = CARTESIAN_POINT ( 'NONE',  ( 0.05000000000000019706, 3.050924359778535001E-19, 0.000000000000000000 ) ) ;
#968 = ORIENTED_EDGE ( 'NONE', *, *, #732, .F. ) ;
#969 = VERTEX_POINT ( 'NONE', #2114 ) ;
#970 = EDGE_CURVE ( 'NONE', #921, #1312, #735, .T. ) ;
#971 = LINE ( 'NONE', #1667, #1970 ) ;
#972 = ORIENTED_EDGE ( 'NONE', *, *, #885, .F. ) ;
#973 = CARTESIAN_POINT ( 'NONE',  ( 3.484782608695652151, 11.39603897362863272, 0.000000000000000000 ) ) ;
#974 = VECTOR ( 'NONE', #514, 1000.000000000000000 ) ;
#975 = CARTESIAN_POINT ( 'NONE',  ( 2.050000000000000266, 3.550000000000000266, 0.000000000000000000 ) ) ;
#976 = LINE ( 'NONE', #272, #1930 ) ;
#977 = PLANE ( 'NONE',  #413 ) ;
#978 = VERTEX_POINT ( 'NONE', #1084 ) ;
#979 = AXIS2_PLACEMENT_3D ( 'NONE', #1450, #1441, #943 ) ;
#980 = ADVANCED_FACE ( 'NONE', ( #40 ), #199, .T. ) ;
#981 = ORIENTED_EDGE ( 'NONE', *, *, #2236, .T. ) ;
#982 = VECTOR ( 'NONE', #1680, 1000.000000000000000 ) ;
#983 = CARTESIAN_POINT ( 'NONE',  ( 22.00000000000000355, 13.19578098794425003, 0.000000000000000000 ) ) ;
#984 = ORIENTED_EDGE ( 'NONE', *, *, #2070, .F. ) ;
#985 = DIRECTION ( 'NONE',  ( 2.429584700247629288E-17, -1.000000000000000000, 0.000000000000000000 ) ) ;
#986 = DIRECTION ( 'NONE',  ( 0.000000000000000000, 1.000000000000000000, -0.000000000000000000 ) ) ;
#987 = EDGE_CURVE ( 'NONE', #741, #23, #538, .T. ) ;
#988 = CIRCLE ( 'NONE', #288, 1.500000000000001332 ) ;
#989 = CARTESIAN_POINT ( 'NONE',  ( 0.05000000000000019706, 3.050924359778535001E-19, 2.000000000000000000 ) ) ;
#990 = DIRECTION ( 'NONE',  ( 0.000000000000000000, -0.000000000000000000, 1.000000000000000000 ) ) ;
#991 = LINE ( 'NONE', #273, #707 ) ;
#992 = EDGE_LOOP ( 'NONE', ( #195, #1700, #170, #297 ) ) ;
#993 = ORIENTED_EDGE ( 'NONE', *, *, #1145, .T. ) ;
#994 = DIRECTION ( 'NONE',  ( -0.000000000000000000, -0.000000000000000000, -1.000000000000000000 ) ) ;
#995 = ORIENTED_EDGE ( 'NONE', *, *, #301, .T. ) ;
#996 = CARTESIAN_POINT ( 'NONE',  ( 2.050000000000000266, 29.14999999999999503, 2.000000000000000000 ) ) ;
#997 = DIRECTION ( 'NONE',  ( -0.000000000000000000, -0.000000000000000000, -1.000000000000000000 ) ) ;
#998 = CARTESIAN_POINT ( 'NONE',  ( 23.16666666666666785, 21.26807300401857503, 2.000000000000000000 ) ) ;
#999 = EDGE_CURVE ( 'NONE', #851, #1196, #367, .T. ) ;
#1000 = CARTESIAN_POINT ( 'NONE',  ( 0.05000000000000003747, 27.03748219369605366, 0.000000000000000000 ) ) ;
#1001 = ADVANCED_FACE ( 'NONE', ( #16 ), #1064, .F. ) ;
#1002 = AXIS2_PLACEMENT_3D ( 'NONE', #252, #944, #243 ) ;
#1003 = ORIENTED_EDGE ( 'NONE', *, *, #405, .F. ) ;
#1004 = AXIS2_PLACEMENT_3D ( 'NONE', #357, #4, #711 ) ;
#1005 = ORIENTED_EDGE ( 'NONE', *, *, #1415, .T. ) ;
#1006 = CARTESIAN_POINT ( 'NONE',  ( 25.00000000000000000, 21.14999999999999503, 0.000000000000000000 ) ) ;
#1007 = ORIENTED_EDGE ( 'NONE', *, *, #1384, .F. ) ;
#1008 = VECTOR ( 'NONE', #1256, 1000.000000000000000 ) ;
#1009 = EDGE_CURVE ( 'NONE', #1736, #181, #1073, .T. ) ;
#1010 = FACE_OUTER_BOUND ( 'NONE', #817, .T. ) ;
#1011 = CARTESIAN_POINT ( 'NONE',  ( 0.000000000000000000, 0.000000000000000000, 0.000000000000000000 ) ) ;
#1012 = VECTOR ( 'NONE', #1706, 1000.000000000000000 ) ;
#1013 = CARTESIAN_POINT ( 'NONE',  ( 6.899999999999998579, 0.8499999999999999778, 0.000000000000000000 ) ) ;
#1014 = CARTESIAN_POINT ( 'NONE',  ( 0.8000000000000009326, 18.50421901205574926, 0.000000000000000000 ) ) ;
#1015 = EDGE_LOOP ( 'NONE', ( #126, #492, #1146, #1407 ) ) ;
#1016 = ORIENTED_EDGE ( 'NONE', *, *, #233, .F. ) ;
#1017 = ADVANCED_FACE ( 'NONE', ( #1094 ), #1787, .F. ) ;
#1018 = AXIS2_PLACEMENT_3D ( 'NONE', #1387, #1550, #867 ) ;
#1019 = DIRECTION ( 'NONE',  ( 0.000000000000000000, 0.000000000000000000, 1.000000000000000000 ) ) ;
#1020 = ORIENTED_EDGE ( 'NONE', *, *, #841, .F. ) ;
#1021 = DIRECTION ( 'NONE',  ( 1.000000000000000000, 0.000000000000000000, 0.000000000000000000 ) ) ;
#1022 = DIRECTION ( 'NONE',  ( 1.000000000000000000, 0.000000000000000000, 0.000000000000000000 ) ) ;
#1023 = EDGE_CURVE ( 'NONE', #1201, #1140, #1455, .T. ) ;
#1024 = ADVANCED_FACE ( 'NONE', ( #1982 ), #270, .T. ) ;
#1025 = DIRECTION ( 'NONE',  ( 1.000000000000000000, 0.000000000000000000, 0.000000000000000000 ) ) ;
#1026 = DIRECTION ( 'NONE',  ( -0.000000000000000000, -0.000000000000000000, 1.000000000000000000 ) ) ;
#1027 = ORIENTED_EDGE ( 'NONE', *, *, #1652, .F. ) ;
#1028 = AXIS2_PLACEMENT_3D ( 'NONE', #983, #1361, #1545 ) ;
#1029 = VERTEX_POINT ( 'NONE', #2203 ) ;
#1030 = EDGE_CURVE ( 'NONE', #2017, #321, #1650, .T. ) ;
#1031 = EDGE_CURVE ( 'NONE', #23, #1886, #1318, .T. ) ;
#1032 = DIRECTION ( 'NONE',  ( 1.000000000000000000, 0.000000000000000000, 0.000000000000000000 ) ) ;
#1033 = EDGE_LOOP ( 'NONE', ( #1892, #2230, #1991, #1817 ) ) ;
#1034 = DIRECTION ( 'NONE',  ( 1.000000000000000000, 0.000000000000000000, 0.000000000000000000 ) ) ;
#1035 = DIRECTION ( 'NONE',  ( 0.000000000000000000, 0.000000000000000000, -1.000000000000000000 ) ) ;
#1036 = AXIS2_PLACEMENT_3D ( 'NONE', #1570, #331, #1082 ) ;
#1037 = CARTESIAN_POINT ( 'NONE',  ( 7.899999999999999467, 5.050000000000001599, 0.000000000000000000 ) ) ;
#1038 = CARTESIAN_POINT ( 'NONE',  ( 25.00000000000000000, 18.50421901205574216, 2.000000000000000000 ) ) ;
#1039 = VERTEX_POINT ( 'NONE', #2019 ) ;
#1040 = VECTOR ( 'NONE', #1737, 1000.000000000000000 ) ;
#1041 = VERTEX_POINT ( 'NONE', #445 ) ;
#1042 = VECTOR ( 'NONE', #1708, 1000.000000000000000 ) ;
#1043 = CIRCLE ( 'NONE', #419, 1.000000000000000888 ) ;
#1044 = DIRECTION ( 'NONE',  ( 1.000000000000000000, 0.000000000000000000, 0.000000000000000000 ) ) ;
#1045 = CARTESIAN_POINT ( 'NONE',  ( 4.899999999999996803, -1.545480914961154174E-15, 2.000000000000000000 ) ) ;
#1046 = ORIENTED_EDGE ( 'NONE', *, *, #1430, .F. ) ;
#1047 = DIRECTION ( 'NONE',  ( 1.000000000000000000, 0.000000000000000000, 0.000000000000000000 ) ) ;
#1048 = DIRECTION ( 'NONE',  ( -0.000000000000000000, 0.000000000000000000, 1.000000000000000000 ) ) ;
#1049 = DIRECTION ( 'NONE',  ( 1.000000000000000000, 0.000000000000000000, 0.000000000000000000 ) ) ;
#1050 = CARTESIAN_POINT ( 'NONE',  ( 20.75000000000000000, 27.55535421758714065, -6.149186938124419299 ) ) ;
#1051 = VERTEX_POINT ( 'NONE', #973 ) ;
#1052 = AXIS2_PLACEMENT_3D ( 'NONE', #2089, #1717, #880 ) ;
#1053 = ORIENTED_EDGE ( 'NONE', *, *, #1779, .F. ) ;
#1054 = AXIS2_PLACEMENT_3D ( 'NONE', #712, #1940, #29 ) ;
#1055 = EDGE_CURVE ( 'NONE', #1444, #1325, #1640, .T. ) ;
#1056 = CARTESIAN_POINT ( 'NONE',  ( 23.75000000000000000, 22.64999999999999147, 0.000000000000000000 ) ) ;
#1057 = DIRECTION ( 'NONE',  ( 0.000000000000000000, 0.000000000000000000, -1.000000000000000000 ) ) ;
#1058 = ADVANCED_BREP_SHAPE_REPRESENTATION ( 'oled_clip', ( #1330, #1993 ), #887 ) ;
#1059 = ORIENTED_EDGE ( 'NONE', *, *, #713, .T. ) ;
#1060 = CARTESIAN_POINT ( 'NONE',  ( 2.050000000000000266, 27.55535421758713710, 2.000000000000000000 ) ) ;
#1061 = CARTESIAN_POINT ( 'NONE',  ( 21.90000000000000213, 3.550000000000000266, 2.000000000000000000 ) ) ;
#1062 = CARTESIAN_POINT ( 'NONE',  ( 23.75000000000000000, 9.049999999999998934, 2.000000000000000000 ) ) ;
#1063 = ADVANCED_FACE ( 'NONE', ( #2191 ), #421, .F. ) ;
#1064 = PLANE ( 'NONE',  #825 ) ;
#1065 = ORIENTED_EDGE ( 'NONE', *, *, #540, .T. ) ;
#1066 = VECTOR ( 'NONE', #1228, 1000.000000000000000 ) ;
#1067 = ORIENTED_EDGE ( 'NONE', *, *, #2249, .F. ) ;
#1068 = DIRECTION ( 'NONE',  ( 1.000000000000000000, 0.000000000000000000, 0.000000000000000000 ) ) ;
#1069 = ORIENTED_EDGE ( 'NONE', *, *, #71, .T. ) ;
#1070 = CARTESIAN_POINT ( 'NONE',  ( 0.000000000000000000, 0.000000000000000000, 2.000000000000000000 ) ) ;
#1071 = DIRECTION ( 'NONE',  ( 1.000000000000000000, 0.000000000000000000, 0.000000000000000000 ) ) ;
#1072 = CARTESIAN_POINT ( 'NONE',  ( 7.899999999999999467, 5.050000000000001599, 2.000000000000000000 ) ) ;
#1073 = LINE ( 'NONE', #725, #2115 ) ;
#1074 = VERTEX_POINT ( 'NONE', #249 ) ;
#1075 = ADVANCED_FACE ( 'NONE', ( #1504 ), #86, .F. ) ;
#1076 = ADVANCED_FACE ( 'NONE', ( #239 ), #1159, .F. ) ;
#1077 = ORIENTED_EDGE ( 'NONE', *, *, #1144, .T. ) ;
#1078 = CARTESIAN_POINT ( 'NONE',  ( 25.75000000000000000, 4.662517806303938528, 0.000000000000000000 ) ) ;
#1079 = ORIENTED_EDGE ( 'NONE', *, *, #1792, .F. ) ;
#1080 = AXIS2_PLACEMENT_3D ( 'NONE', #1050, #2076, #1563 ) ;
#1081 = CARTESIAN_POINT ( 'NONE',  ( 3.049999999999999822, 27.03748219369605366, 2.000000000000000000 ) ) ;
#1082 = DIRECTION ( 'NONE',  ( -1.000000000000000000, 0.000000000000000000, 0.000000000000000000 ) ) ;
#1083 = EDGE_CURVE ( 'NONE', #1886, #1862, #1127, .T. ) ;
#1084 = CARTESIAN_POINT ( 'NONE',  ( 3.050000000000000266, 29.14999999999999503, 0.000000000000000000 ) ) ;
#1085 = ORIENTED_EDGE ( 'NONE', *, *, #9, .T. ) ;
#1086 = LINE ( 'NONE', #906, #1673 ) ;
#1087 = ORIENTED_EDGE ( 'NONE', *, *, #885, .T. ) ;
#1088 = CARTESIAN_POINT ( 'NONE',  ( 17.89999999999999858, 5.050000000000001599, 2.000000000000000000 ) ) ;
#1089 = EDGE_CURVE ( 'NONE', #802, #1977, #463, .T. ) ;
#1090 = EDGE_LOOP ( 'NONE', ( #174, #1348, #17, #70 ) ) ;
#1091 = CARTESIAN_POINT ( 'NONE',  ( 4.899999999999998579, 5.050000000000002487, 2.000000000000000000 ) ) ;
#1092 = AXIS2_PLACEMENT_3D ( 'NONE', #1376, #1399, #1025 ) ;
#1093 = CARTESIAN_POINT ( 'NONE',  ( 22.75000000000000000, 3.550000000000000266, 2.000000000000000000 ) ) ;
#1094 = FACE_OUTER_BOUND ( 'NONE', #79, .T. ) ;
#1095 = PLANE ( 'NONE',  #1304 ) ;
#1096 = CIRCLE ( 'NONE', #689, 2.999999999999999112 ) ;
#1097 = LINE ( 'NONE', #1270, #507 ) ;
#1098 = DIRECTION ( 'NONE',  ( 0.000000000000000000, -0.000000000000000000, -1.000000000000000000 ) ) ;
#1099 = ORIENTED_EDGE ( 'NONE', *, *, #578, .F. ) ;
#1100 = AXIS2_PLACEMENT_3D ( 'NONE', #1385, #2087, #1202 ) ;
#1101 = ORIENTED_EDGE ( 'NONE', *, *, #2071, .T. ) ;
#1102 = CARTESIAN_POINT ( 'NONE',  ( 4.899999999999998579, 5.050000000000002487, 0.000000000000000000 ) ) ;
#1103 =( NAMED_UNIT ( * ) PLANE_ANGLE_UNIT ( ) SI_UNIT ( $, .RADIAN. ) );
#1104 = DIRECTION ( 'NONE',  ( -1.227398685832647050E-16, 1.000000000000000000, -0.000000000000000000 ) ) ;
#1105 = ORIENTED_EDGE ( 'NONE', *, *, #1290, .F. ) ;
#1106 = DIRECTION ( 'NONE',  ( -1.000000000000000000, 0.000000000000000000, 0.000000000000000000 ) ) ;
#1107 = DIRECTION ( 'NONE',  ( -0.000000000000000000, 0.000000000000000000, 1.000000000000000000 ) ) ;
#1108 = ORIENTED_EDGE ( 'NONE', *, *, #1083, .F. ) ;
#1109 = AXIS2_PLACEMENT_3D ( 'NONE', #749, #2255, #683 ) ;
#1110 = EDGE_CURVE ( 'NONE', #937, #1534, #1732, .T. ) ;
#1111 = ORIENTED_EDGE ( 'NONE', *, *, #1939, .F. ) ;
#1112 = AXIS2_PLACEMENT_3D ( 'NONE', #1867, #1215, #488 ) ;
#1113 = CARTESIAN_POINT ( 'NONE',  ( 23.75000000000000000, 4.144645782412853308, 0.000000000000000000 ) ) ;
#1114 = ORIENTED_EDGE ( 'NONE', *, *, #1230, .F. ) ;
#1115 = PRODUCT_DEFINITION_FORMATION_WITH_SPECIFIED_SOURCE ( 'ANY', '', #376, .NOT_KNOWN. ) ;
#1116 = CARTESIAN_POINT ( 'NONE',  ( 2.050000000000000266, 27.55535421758713710, 0.000000000000000000 ) ) ;
#1117 = DIRECTION ( 'NONE',  ( 0.000000000000000000, 0.000000000000000000, 1.000000000000000000 ) ) ;
#1118 = VERTEX_POINT ( 'NONE', #411 ) ;
#1119 = DIRECTION ( 'NONE',  ( 0.000000000000000000, 1.000000000000000000, -0.000000000000000000 ) ) ;
#1120 = CARTESIAN_POINT ( 'NONE',  ( 3.050000000000000266, 4.662517806303938528, 0.000000000000000000 ) ) ;
#1121 = ORIENTED_EDGE ( 'NONE', *, *, #713, .F. ) ;
#1122 = CIRCLE ( 'NONE', #1333, 2.999999999999999112 ) ;
#1123 = ORIENTED_EDGE ( 'NONE', *, *, #623, .T. ) ;
#1124 = EDGE_CURVE ( 'NONE', #2138, #1626, #75, .T. ) ;
#1125 = DIRECTION ( 'NONE',  ( 0.000000000000000000, -0.000000000000000000, -1.000000000000000000 ) ) ;
#1126 = EDGE_LOOP ( 'NONE', ( #287, #149, #1007, #1220, #2263, #1543, #2082, #370, #1467, #682, #510, #1166, #884, #258, #2265, #418, #452, #1158, #1934, #791, #1360, #2067, #255, #846, #1776, #1053, #760, #1781, #1379, #1308, #496, #1664, #1111, #504 ) ) ;
#1127 = LINE ( 'NONE', #1824, #164 ) ;
#1128 = ORIENTED_EDGE ( 'NONE', *, *, #1594, .T. ) ;
#1129 = VECTOR ( 'NONE', #1426, 999.9999999999998863 ) ;
#1130 = CARTESIAN_POINT ( 'NONE',  ( 5.050000000000000711, 27.55535421758713710, -6.149186938124419299 ) ) ;
#1131 = EDGE_CURVE ( 'NONE', #1442, #1469, #1729, .T. ) ;
#1132 = CARTESIAN_POINT ( 'NONE',  ( 23.41666666666666430, 24.11249406456534672, 2.000000000000000000 ) ) ;
#1133 = VERTEX_POINT ( 'NONE', #2167 ) ;
#1134 = ORIENTED_EDGE ( 'NONE', *, *, #242, .F. ) ;
#1135 = DIRECTION ( 'NONE',  ( -0.000000000000000000, 0.000000000000000000, 1.000000000000000000 ) ) ;
#1136 = PLANE ( 'NONE',  #1568 ) ;
#1137 = ORIENTED_EDGE ( 'NONE', *, *, #804, .T. ) ;
#1138 = AXIS2_PLACEMENT_3D ( 'NONE', #2234, #660, #1240 ) ;
#1139 = DIRECTION ( 'NONE',  ( 0.000000000000000000, -0.000000000000000000, -1.000000000000000000 ) ) ;
#1140 = VERTEX_POINT ( 'NONE', #1297 ) ;
#1141 = CYLINDRICAL_SURFACE ( 'NONE', #1891, 1.000000000000000888 ) ;
#1142 = CARTESIAN_POINT ( 'NONE',  ( 22.31521739130434767, 24.99603897362862881, 2.000000000000000000 ) ) ;
#1143 = ORIENTED_EDGE ( 'NONE', *, *, #182, .F. ) ;
#1144 = EDGE_CURVE ( 'NONE', #1626, #921, #340, .T. ) ;
#1145 = EDGE_CURVE ( 'NONE', #494, #761, #1992, .T. ) ;
#1146 = ORIENTED_EDGE ( 'NONE', *, *, #1627, .F. ) ;
#1147 = LINE ( 'NONE', #248, #910 ) ;
#1148 = DIRECTION ( 'NONE',  ( 0.000000000000000000, 1.000000000000000000, -0.000000000000000000 ) ) ;
#1149 = DIRECTION ( 'NONE',  ( 6.101848719557045542E-18, -1.000000000000000000, 0.000000000000000000 ) ) ;
#1150 = VECTOR ( 'NONE', #1731, 1000.000000000000000 ) ;
#1151 = ADVANCED_FACE ( 'NONE', ( #1837 ), #259, .T. ) ;
#1152 = DIRECTION ( 'NONE',  ( 1.000000000000000000, 0.000000000000000000, 0.000000000000000000 ) ) ;
#1153 = DIRECTION ( 'NONE',  ( -0.000000000000000000, -0.000000000000000000, -1.000000000000000000 ) ) ;
#1154 = ORIENTED_EDGE ( 'NONE', *, *, #959, .T. ) ;
#1155 = VERTEX_POINT ( 'NONE', #293 ) ;
#1156 = EDGE_CURVE ( 'NONE', #830, #1841, #1913, .T. ) ;
#1157 = DIRECTION ( 'NONE',  ( 0.000000000000000000, -0.000000000000000000, 1.000000000000000000 ) ) ;
#1158 = ORIENTED_EDGE ( 'NONE', *, *, #1253, .T. ) ;
#1159 = PLANE ( 'NONE',  #1238 ) ;
#1160 = AXIS2_PLACEMENT_3D ( 'NONE', #621, #997, #1320 ) ;
#1161 = CARTESIAN_POINT ( 'NONE',  ( 23.75000000000000000, 22.64999999999999147, 2.000000000000000000 ) ) ;
#1162 = AXIS2_PLACEMENT_3D ( 'NONE', #608, #1331, #1117 ) ;
#1163 = DIRECTION ( 'NONE',  ( -0.000000000000000000, 0.000000000000000000, 1.000000000000000000 ) ) ;
#1164 = DIRECTION ( 'NONE',  ( 0.000000000000000000, 1.000000000000000000, -0.000000000000000000 ) ) ;
#1165 = EDGE_LOOP ( 'NONE', ( #2036, #151, #201, #372 ) ) ;
#1166 = ORIENTED_EDGE ( 'NONE', *, *, #12, .T. ) ;
#1167 = CARTESIAN_POINT ( 'NONE',  ( 23.75000000000000000, 17.74464578241284585, 2.000000000000000000 ) ) ;
#1168 = ORIENTED_EDGE ( 'NONE', *, *, #1842, .F. ) ;
#1169 = CARTESIAN_POINT ( 'NONE',  ( 21.90000000000000213, 2.550000000000000266, 2.000000000000000000 ) ) ;
#1170 = AXIS2_PLACEMENT_3D ( 'NONE', #509, #2245, #2069 ) ;
#1171 = VECTOR ( 'NONE', #1468, 1000.000000000000000 ) ;
#1172 = DIRECTION ( 'NONE',  ( 0.000000000000000000, 1.000000000000000000, -0.000000000000000000 ) ) ;
#1173 = DIRECTION ( 'NONE',  ( -1.000000000000000000, 0.000000000000000000, 0.000000000000000000 ) ) ;
#1174 = DIRECTION ( 'NONE',  ( -1.000000000000000000, 3.154042683594194134E-16, 0.000000000000000000 ) ) ;
#1175 = ORIENTED_EDGE ( 'NONE', *, *, #2277, .T. ) ;
#1176 = EDGE_LOOP ( 'NONE', ( #918, #706, #1237, #2177 ) ) ;
#1177 = EDGE_CURVE ( 'NONE', #955, #523, #2237, .T. ) ;
#1178 = CARTESIAN_POINT ( 'NONE',  ( 3.899999999999998579, 2.550000000000000266, 2.000000000000000000 ) ) ;
#1179 = ORIENTED_EDGE ( 'NONE', *, *, #2231, .T. ) ;
#1180 = FACE_OUTER_BOUND ( 'NONE', #1395, .T. ) ;
#1181 = DIRECTION ( 'NONE',  ( 1.000000000000000000, 0.000000000000000000, 0.000000000000000000 ) ) ;
#1182 = DIRECTION ( 'NONE',  ( -1.000000000000000000, 0.000000000000000000, 0.000000000000000000 ) ) ;
#1183 = EDGE_CURVE ( 'NONE', #784, #838, #1539, .T. ) ;
#1184 = DIRECTION ( 'NONE',  ( 1.000000000000000000, 0.000000000000000000, 0.000000000000000000 ) ) ;
#1185 = VERTEX_POINT ( 'NONE', #1694 ) ;
#1186 = ORIENTED_EDGE ( 'NONE', *, *, #342, .T. ) ;
#1187 = LINE ( 'NONE', #672, #982 ) ;
#1188 = EDGE_CURVE ( 'NONE', #815, #1369, #1527, .T. ) ;
#1189 = EDGE_CURVE ( 'NONE', #1567, #898, #1705, .T. ) ;
#1190 = VERTEX_POINT ( 'NONE', #1715 ) ;
#1191 = CARTESIAN_POINT ( 'NONE',  ( 3.050000000000000266, 28.14999999999999503, 2.000000000000000000 ) ) ;
#1192 = CARTESIAN_POINT ( 'NONE',  ( 18.89999999999999858, 0.000000000000000000, 2.000000000000000000 ) ) ;
#1193 = AXIS2_PLACEMENT_3D ( 'NONE', #1279, #250, #585 ) ;
#1194 = CARTESIAN_POINT ( 'NONE',  ( 22.31521739130434767, 6.703961026371365151, 2.000000000000000000 ) ) ;
#1195 = DIRECTION ( 'NONE',  ( 1.000000000000000000, 0.000000000000000000, 0.000000000000000000 ) ) ;
#1196 = VERTEX_POINT ( 'NONE', #512 ) ;
#1197 = EDGE_CURVE ( 'NONE', #2232, #1623, #153, .T. ) ;
#1198 = ORIENTED_EDGE ( 'NONE', *, *, #1415, .F. ) ;
#1199 = VECTOR ( 'NONE', #931, 999.9999999999998863 ) ;
#1200 = CYLINDRICAL_SURFACE ( 'NONE', #1752, 1.500000000000001332 ) ;
#1201 = VERTEX_POINT ( 'NONE', #820 ) ;
#1202 = DIRECTION ( 'NONE',  ( 1.000000000000000000, 0.000000000000000000, 0.000000000000000000 ) ) ;
#1203 = CYLINDRICAL_SURFACE ( 'NONE', #1036, 3.000000000000000000 ) ;
#1204 = LINE ( 'NONE', #1730, #708 ) ;
#1205 = LINE ( 'NONE', #1542, #670 ) ;
#1206 = VECTOR ( 'NONE', #84, 1000.000000000000000 ) ;
#1207 = VERTEX_POINT ( 'NONE', #2258 ) ;
#1208 = AXIS2_PLACEMENT_3D ( 'NONE', #850, #1885, #1713 ) ;
#1209 = ORIENTED_EDGE ( 'NONE', *, *, #780, .F. ) ;
#1210 = EDGE_CURVE ( 'NONE', #2257, #1736, #811, .T. ) ;
#1211 = VECTOR ( 'NONE', #284, 1000.000000000000000 ) ;
#1212 = CARTESIAN_POINT ( 'NONE',  ( 22.75000000000000000, 4.662517806303938528, 0.000000000000000000 ) ) ;
#1213 = DIRECTION ( 'NONE',  ( 3.154042683594194134E-16, 1.000000000000000000, 0.000000000000000000 ) ) ;
#1214 = ORIENTED_EDGE ( 'NONE', *, *, #100, .F. ) ;
#1215 = DIRECTION ( 'NONE',  ( -0.000000000000000000, 0.000000000000000000, 1.000000000000000000 ) ) ;
#1216 = DIRECTION ( 'NONE',  ( 1.475934812592117630E-16, -0.7071067811865481278, 0.7071067811865469066 ) ) ;
#1217 = CIRCLE ( 'NONE', #444, 2.749999999999999112 ) ;
#1218 = PLANE ( 'NONE',  #1018 ) ;
#1219 = CARTESIAN_POINT ( 'NONE',  ( 3.050000000000000266, 3.550000000000000266, 0.000000000000000000 ) ) ;
#1220 = ORIENTED_EDGE ( 'NONE', *, *, #2011, .T. ) ;
#1221 = EDGE_CURVE ( 'NONE', #1677, #955, #636, .T. ) ;
#1222 = AXIS2_PLACEMENT_3D ( 'NONE', #940, #65, #1470 ) ;
#1223 = AXIS2_PLACEMENT_3D ( 'NONE', #635, #1473, #612 ) ;
#1224 = ORIENTED_EDGE ( 'NONE', *, *, #2124, .F. ) ;
#1225 = AXIS2_PLACEMENT_3D ( 'NONE', #1435, #1810, #2113 ) ;
#1226 = AXIS2_PLACEMENT_3D ( 'NONE', #404, #2278, #1745 ) ;
#1227 = LINE ( 'NONE', #173, #928 ) ;
#1228 = DIRECTION ( 'NONE',  ( 0.000000000000000000, 1.000000000000000000, -0.000000000000000000 ) ) ;
#1229 = ORIENTED_EDGE ( 'NONE', *, *, #432, .F. ) ;
#1230 = EDGE_CURVE ( 'NONE', #921, #2202, #1548, .T. ) ;
#1231 = FILL_AREA_STYLE_COLOUR ( '', #620 ) ;
#1232 = CARTESIAN_POINT ( 'NONE',  ( 3.549999999999997602, 22.64999999999999147, -6.149186938124419299 ) ) ;
#1233 = AXIS2_PLACEMENT_3D ( 'NONE', #1577, #1107, #2105 ) ;
#1234 = CARTESIAN_POINT ( 'NONE',  ( 22.31521739130434767, 20.30396102637135769, -6.149186938124419299 ) ) ;
#1235 = FACE_OUTER_BOUND ( 'NONE', #2185, .T. ) ;
#1236 = VERTEX_POINT ( 'NONE', #165 ) ;
#1237 = ORIENTED_EDGE ( 'NONE', *, *, #1726, .F. ) ;
#1238 = AXIS2_PLACEMENT_3D ( 'NONE', #1855, #283, #985 ) ;
#1239 = FACE_OUTER_BOUND ( 'NONE', #2097, .T. ) ;
#1240 = DIRECTION ( 'NONE',  ( 1.000000000000000000, -0.000000000000000000, 0.000000000000000000 ) ) ;
#1241 = EDGE_LOOP ( 'NONE', ( #264, #696, #1108, #958 ) ) ;
#1242 = CIRCLE ( 'NONE', #1277, 2.999999999999999112 ) ;
#1243 = CYLINDRICAL_SURFACE ( 'NONE', #582, 2.749999999999999112 ) ;
#1244 = DIRECTION ( 'NONE',  ( -4.314658607373246872E-18, 0.7071067811865487940, -0.7071067811865463515 ) ) ;
#1245 = ADVANCED_FACE ( 'NONE', ( #687 ), #1373, .F. ) ;
#1246 = CARTESIAN_POINT ( 'NONE',  ( 17.89999999999999858, 6.050000000000001599, 2.000000000000000000 ) ) ;
#1247 = CARTESIAN_POINT ( 'NONE',  ( 0.8000000000000005995, 21.14999999999999503, 0.000000000000000000 ) ) ;
#1248 = ORIENTED_EDGE ( 'NONE', *, *, #2270, .F. ) ;
#1249 = CIRCLE ( 'NONE', #67, 2.999999999999999112 ) ;
#1250 = ORIENTED_EDGE ( 'NONE', *, *, #506, .T. ) ;
#1251 = PLANE ( 'NONE',  #837 ) ;
#1252 = VERTEX_POINT ( 'NONE', #653 ) ;
#1253 = EDGE_CURVE ( 'NONE', #1357, #1677, #2061, .T. ) ;
#1254 = DIRECTION ( 'NONE',  ( -0.000000000000000000, -0.000000000000000000, 1.000000000000000000 ) ) ;
#1255 = CYLINDRICAL_SURFACE ( 'NONE', #858, 1.000000000000000888 ) ;
#1256 = DIRECTION ( 'NONE',  ( 0.000000000000000000, 0.000000000000000000, -1.000000000000000000 ) ) ;
#1257 = DIRECTION ( 'NONE',  ( 0.000000000000000000, 0.000000000000000000, -1.000000000000000000 ) ) ;
#1258 = ORIENTED_EDGE ( 'NONE', *, *, #1836, .T. ) ;
#1259 = CARTESIAN_POINT ( 'NONE',  ( 23.75000000000000000, 28.14999999999999503, 0.000000000000000000 ) ) ;
#1260 = ADVANCED_FACE ( 'NONE', ( #1180 ), #852, .T. ) ;
#1261 = ORIENTED_EDGE ( 'NONE', *, *, #1689, .F. ) ;
#1262 = CARTESIAN_POINT ( 'NONE',  ( 5.050000000000000711, 4.144645782412854196, 2.000000000000000000 ) ) ;
#1263 = EDGE_LOOP ( 'NONE', ( #1917, #1209, #1526, #429 ) ) ;
#1264 = VECTOR ( 'NONE', #701, 1000.000000000000000 ) ;
#1265 = PLANE ( 'NONE',  #98 ) ;
#1266 = DIRECTION ( 'NONE',  ( -1.000000000000000000, 0.000000000000000000, 0.000000000000000000 ) ) ;
#1267 = DIRECTION ( 'NONE',  ( -1.000000000000000000, 0.000000000000000000, 0.000000000000000000 ) ) ;
#1268 = CARTESIAN_POINT ( 'NONE',  ( 7.900000000000000355, 6.050000000000001599, 0.000000000000000000 ) ) ;
#1269 = DIRECTION ( 'NONE',  ( 1.000000000000000000, -0.000000000000000000, -0.000000000000000000 ) ) ;
#1270 = CARTESIAN_POINT ( 'NONE',  ( 2.633333333333332860, 21.26807300401857859, -6.149186938124419299 ) ) ;
#1271 = VERTEX_POINT ( 'NONE', #317 ) ;
#1272 = ADVANCED_FACE ( 'NONE', ( #1010 ), #343, .F. ) ;
#1273 = ADVANCED_FACE ( 'NONE', ( #2073 ), #499, .F. ) ;
#1274 = CIRCLE ( 'NONE', #1453, 3.000000000000000888 ) ;
#1275 = ORIENTED_EDGE ( 'NONE', *, *, #194, .T. ) ;
#1276 = PRESENTATION_STYLE_ASSIGNMENT (( #24 ) ) ;
#1277 = AXIS2_PLACEMENT_3D ( 'NONE', #135, #528, #2100 ) ;
#1278 = CARTESIAN_POINT ( 'NONE',  ( 23.75000000000000000, 0.000000000000000000, 2.000000000000000000 ) ) ;
#1279 = CARTESIAN_POINT ( 'NONE',  ( 5.050000000000000711, 17.74464578241284940, 0.000000000000000000 ) ) ;
#1280 = DIRECTION ( 'NONE',  ( -0.000000000000000000, -0.000000000000000000, 1.000000000000000000 ) ) ;
#1281 = LINE ( 'NONE', #1803, #1398 ) ;
#1282 = ORIENTED_EDGE ( 'NONE', *, *, #383, .F. ) ;
#1283 = ORIENTED_EDGE ( 'NONE', *, *, #26, .T. ) ;
#1284 = CARTESIAN_POINT ( 'NONE',  ( 20.90000000000000213, 5.050000000000001599, 0.000000000000000000 ) ) ;
#1285 = FACE_OUTER_BOUND ( 'NONE', #1733, .T. ) ;
#1286 = DIRECTION ( 'NONE',  ( 1.000000000000000000, 0.000000000000000000, 0.000000000000000000 ) ) ;
#1287 = CARTESIAN_POINT ( 'NONE',  ( 0.04999999999999796274, 0.8499999999999999778, 0.7999999999999989342 ) ) ;
#1288 = CARTESIAN_POINT ( 'NONE',  ( 25.00000000000000000, 13.19578098794425003, 0.000000000000000000 ) ) ;
#1289 = DIRECTION ( 'NONE',  ( -1.000000000000000000, 0.000000000000000000, 0.000000000000000000 ) ) ;
#1290 = EDGE_CURVE ( 'NONE', #1252, #1449, #1727, .T. ) ;
#1291 = ORIENTED_EDGE ( 'NONE', *, *, #616, .F. ) ;
#1292 = ORIENTED_EDGE ( 'NONE', *, *, #1183, .F. ) ;
#1293 = FACE_OUTER_BOUND ( 'NONE', #1722, .T. ) ;
#1294 = VECTOR ( 'NONE', #470, 1000.000000000000000 ) ;
#1295 = EDGE_CURVE ( 'NONE', #1668, #494, #196, .T. ) ;
#1296 = VECTOR ( 'NONE', #2075, 1000.000000000000000 ) ;
#1297 = CARTESIAN_POINT ( 'NONE',  ( 22.25000000000000000, 9.049999999999998934, 0.000000000000000000 ) ) ;
#1298 = LINE ( 'NONE', #1838, #493 ) ;
#1299 = LINE ( 'NONE', #1259, #96 ) ;
#1300 = CARTESIAN_POINT ( 'NONE',  ( 25.75000000000000000, 0.000000000000000000, 0.000000000000000000 ) ) ;
#1301 = ORIENTED_EDGE ( 'NONE', *, *, #1868, .F. ) ;
#1302 = AXIS2_PLACEMENT_3D ( 'NONE', #1037, #1739, #1889 ) ;
#1303 = VERTEX_POINT ( 'NONE', #1102 ) ;
#1304 = AXIS2_PLACEMENT_3D ( 'NONE', #2135, #76, #1788 ) ;
#1305 = PLANE ( 'NONE',  #2023 ) ;
#1306 = DIRECTION ( 'NONE',  ( -1.000000000000000000, -6.101848719557045542E-18, 0.000000000000000000 ) ) ;
#1307 = DIRECTION ( 'NONE',  ( -0.000000000000000000, 0.000000000000000000, 1.000000000000000000 ) ) ;
#1308 = ORIENTED_EDGE ( 'NONE', *, *, #1530, .T. ) ;
#1309 = ADVANCED_FACE ( 'NONE', ( #1969 ), #1265, .F. ) ;
#1310 = CARTESIAN_POINT ( 'NONE',  ( 23.75000000000000000, 13.95535421758714634, 2.000000000000000000 ) ) ;
#1311 = FACE_OUTER_BOUND ( 'NONE', #1015, .T. ) ;
#1312 = VERTEX_POINT ( 'NONE', #364 ) ;
#1313 = ORIENTED_EDGE ( 'NONE', *, *, #323, .T. ) ;
#1314 = CIRCLE ( 'NONE', #1679, 1.000000000000000888 ) ;
#1315 = CARTESIAN_POINT ( 'NONE',  ( 0.000000000000000000, 8.050000000000000711, 2.000000000000000000 ) ) ;
#1316 = EDGE_CURVE ( 'NONE', #1185, #1133, #1314, .T. ) ;
#1317 = CIRCLE ( 'NONE', #1899, 3.000000000000000888 ) ;
#1318 = LINE ( 'NONE', #1811, #353 ) ;
#1319 = AXIS2_PLACEMENT_3D ( 'NONE', #1540, #294, #480 ) ;
#1320 = DIRECTION ( 'NONE',  ( -1.000000000000000000, 0.000000000000000000, 0.000000000000000000 ) ) ;
#1321 = CARTESIAN_POINT ( 'NONE',  ( 6.899999999999999467, 0.8500000000000007550, 0.7999999999999949374 ) ) ;
#1322 = DIRECTION ( 'NONE',  ( -1.000000000000000000, 0.000000000000000000, 0.000000000000000000 ) ) ;
#1323 = ORIENTED_EDGE ( 'NONE', *, *, #2123, .T. ) ;
#1324 = ADVANCED_FACE ( 'NONE', ( #1591, #1945 ), #709, .T. ) ;
#1325 = VERTEX_POINT ( 'NONE', #900 ) ;
#1326 = UNCERTAINTY_MEASURE_WITH_UNIT (LENGTH_MEASURE( 1.000000000000000082E-05 ), #223, 'distance_accuracy_value', 'NONE');
#1327 = DIRECTION ( 'NONE',  ( 0.000000000000000000, 1.000000000000000000, 0.000000000000000000 ) ) ;
#1328 = ORIENTED_EDGE ( 'NONE', *, *, #1316, .F. ) ;
#1329 = VECTOR ( 'NONE', #1911, 1000.000000000000000 ) ;
#1330 = MANIFOLD_SOLID_BREP ( 'Cut-Extrude4', #607 ) ;
#1331 = DIRECTION ( 'NONE',  ( -1.000000000000000000, 0.000000000000000000, 0.000000000000000000 ) ) ;
#1332 = DIRECTION ( 'NONE',  ( -1.000000000000000000, -6.101848719557045542E-18, 0.000000000000000000 ) ) ;
#1333 = AXIS2_PLACEMENT_3D ( 'NONE', #1212, #1098, #1921 ) ;
#1334 = CARTESIAN_POINT ( 'NONE',  ( 3.800000000000000711, 18.50421901205574926, -6.149186938124419299 ) ) ;
#1335 = LINE ( 'NONE', #2012, #2099 ) ;
#1336 = EDGE_LOOP ( 'NONE', ( #652, #61, #406, #2026, #1614, #115, #322, #1346, #2092, #871, #1179, #1651, #1687, #33, #341, #1487, #805, #728, #120, #1948, #2244, #824, #1846, #1904, #1860, #1510, #58, #673, #417, #669, #483, #2085, #628, #471 ) ) ;
#1337 = VERTEX_POINT ( 'NONE', #1783 ) ;
#1338 = CARTESIAN_POINT ( 'NONE',  ( 22.00000000000000355, 13.19578098794425003, 2.000000000000000000 ) ) ;
#1339 = ORIENTED_EDGE ( 'NONE', *, *, #140, .F. ) ;
#1340 = CARTESIAN_POINT ( 'NONE',  ( 2.050000000000001155, 4.980648635507642676E-17, 2.000000000000000000 ) ) ;
#1341 = AXIS2_PLACEMENT_3D ( 'NONE', #633, #2238, #1181 ) ;
#1342 = CARTESIAN_POINT ( 'NONE',  ( 18.89999999999999858, 5.050000000000001599, 0.000000000000000000 ) ) ;
#1343 = VECTOR ( 'NONE', #1413, 1000.000000000000000 ) ;
#1344 = FACE_OUTER_BOUND ( 'NONE', #717, .T. ) ;
#1345 = CARTESIAN_POINT ( 'NONE',  ( 23.75000000000000000, 9.049999999999998934, 2.000000000000000000 ) ) ;
#1346 = ORIENTED_EDGE ( 'NONE', *, *, #748, .T. ) ;
#1347 = EDGE_CURVE ( 'NONE', #1454, #91, #1409, .T. ) ;
#1348 = ORIENTED_EDGE ( 'NONE', *, *, #572, .T. ) ;
#1349 = FACE_OUTER_BOUND ( 'NONE', #360, .T. ) ;
#1350 = ORIENTED_EDGE ( 'NONE', *, *, #440, .F. ) ;
#1351 = EDGE_CURVE ( 'NONE', #1140, #1118, #988, .T. ) ;
#1352 = DIRECTION ( 'NONE',  ( -2.429584700247629288E-17, 1.000000000000000000, 0.000000000000000000 ) ) ;
#1353 = VECTOR ( 'NONE', #1019, 1000.000000000000000 ) ;
#1354 = PLANE ( 'NONE',  #511 ) ;
#1355 = FACE_OUTER_BOUND ( 'NONE', #945, .T. ) ;
#1356 = CARTESIAN_POINT ( 'NONE',  ( 18.89999999999999858, 0.8499999999999999778, 2.000000000000000000 ) ) ;
#1357 = VERTEX_POINT ( 'NONE', #1060 ) ;
#1358 = ADVANCED_FACE ( 'NONE', ( #210 ), #1243, .T. ) ;
#1359 = EDGE_CURVE ( 'NONE', #1196, #626, #1573, .T. ) ;
#1360 = ORIENTED_EDGE ( 'NONE', *, *, #63, .T. ) ;
#1361 = DIRECTION ( 'NONE',  ( 0.000000000000000000, -0.000000000000000000, -1.000000000000000000 ) ) ;
#1362 = VERTEX_POINT ( 'NONE', #177 ) ;
#1363 = DIRECTION ( 'NONE',  ( 1.000000000000000000, 0.000000000000000000, 0.000000000000000000 ) ) ;
#1364 = EDGE_CURVE ( 'NONE', #2078, #545, #872, .T. ) ;
#1365 = CARTESIAN_POINT ( 'NONE',  ( 25.75000000000000000, 0.000000000000000000, 0.000000000000000000 ) ) ;
#1366 = CARTESIAN_POINT ( 'NONE',  ( 22.31521739130434767, 20.30396102637135769, 2.000000000000000000 ) ) ;
#1367 = LINE ( 'NONE', #2261, #377 ) ;
#1368 = VECTOR ( 'NONE', #169, 1000.000000000000000 ) ;
#1369 = VERTEX_POINT ( 'NONE', #526 ) ;
#1370 = ORIENTED_EDGE ( 'NONE', *, *, #1031, .F. ) ;
#1371 = CARTESIAN_POINT ( 'NONE',  ( 3.050000000000000266, 2.550000000000000266, 0.000000000000000000 ) ) ;
#1372 = VERTEX_POINT ( 'NONE', #1924 ) ;
#1373 = CYLINDRICAL_SURFACE ( 'NONE', #1402, 1.000000000000000888 ) ;
#1374 = DIRECTION ( 'NONE',  ( -0.000000000000000000, -0.000000000000000000, 1.000000000000000000 ) ) ;
#1375 = CIRCLE ( 'NONE', #386, 2.749999999999999112 ) ;
#1376 = CARTESIAN_POINT ( 'NONE',  ( 2.049999999999999822, 22.64999999999999147, 2.000000000000000000 ) ) ;
#1377 = CIRCLE ( 'NONE', #571, 1.499999999999997780 ) ;
#1378 = CYLINDRICAL_SURFACE ( 'NONE', #1080, 2.999999999999999112 ) ;
#1379 = ORIENTED_EDGE ( 'NONE', *, *, #2110, .F. ) ;
#1380 = VERTEX_POINT ( 'NONE', #878 ) ;
#1381 = DIRECTION ( 'NONE',  ( 1.000000000000000000, 0.000000000000000000, 0.000000000000000000 ) ) ;
#1382 = DIRECTION ( 'NONE',  ( -1.227398685832647050E-16, 1.000000000000000000, -0.000000000000000000 ) ) ;
#1383 = ORIENTED_EDGE ( 'NONE', *, *, #1436, .T. ) ;
#1384 = EDGE_CURVE ( 'NONE', #91, #2047, #1580, .T. ) ;
#1385 = CARTESIAN_POINT ( 'NONE',  ( 23.75000000000000000, 22.64999999999999147, -6.149186938124419299 ) ) ;
#1386 = CARTESIAN_POINT ( 'NONE',  ( 20.75000000000000000, 17.74464578241284585, -6.149186938124419299 ) ) ;
#1387 = CARTESIAN_POINT ( 'NONE',  ( 0.000000000000000000, 2.550000000000000266, 2.000000000000000000 ) ) ;
#1388 = DIRECTION ( 'NONE',  ( -0.000000000000000000, 0.000000000000000000, 1.000000000000000000 ) ) ;
#1389 = VECTOR ( 'NONE', #2141, 1000.000000000000000 ) ;
#1390 = EDGE_LOOP ( 'NONE', ( #2050, #8, #2151, #630 ) ) ;
#1391 = ORIENTED_EDGE ( 'NONE', *, *, #590, .F. ) ;
#1392 = EDGE_CURVE ( 'NONE', #840, #883, #1147, .T. ) ;
#1393 = DIRECTION ( 'NONE',  ( -0.000000000000000000, 0.000000000000000000, 1.000000000000000000 ) ) ;
#1394 = LINE ( 'NONE', #2095, #2088 ) ;
#1395 = EDGE_LOOP ( 'NONE', ( #1882, #328, #475, #385 ) ) ;
#1396 = DIRECTION ( 'NONE',  ( 1.000000000000000000, 0.000000000000000000, 0.000000000000000000 ) ) ;
#1397 = DIRECTION ( 'NONE',  ( 0.000000000000000000, 0.000000000000000000, 1.000000000000000000 ) ) ;
#1398 = VECTOR ( 'NONE', #535, 1000.000000000000000 ) ;
#1399 = DIRECTION ( 'NONE',  ( 0.000000000000000000, -0.000000000000000000, -1.000000000000000000 ) ) ;
#1400 = FACE_OUTER_BOUND ( 'NONE', #162, .T. ) ;
#1401 = ORIENTED_EDGE ( 'NONE', *, *, #71, .F. ) ;
#1402 = AXIS2_PLACEMENT_3D ( 'NONE', #642, #305, #1047 ) ;
#1403 = AXIS2_PLACEMENT_3D ( 'NONE', #1999, #957, #2184 ) ;
#1404 = ORIENTED_EDGE ( 'NONE', *, *, #2157, .T. ) ;
#1405 = DIRECTION ( 'NONE',  ( -0.000000000000000000, 0.000000000000000000, 1.000000000000000000 ) ) ;
#1406 = CARTESIAN_POINT ( 'NONE',  ( 2.050000000000000266, 28.14999999999999503, 2.000000000000000000 ) ) ;
#1407 = ORIENTED_EDGE ( 'NONE', *, *, #1290, .T. ) ;
#1408 = EDGE_CURVE ( 'NONE', #519, #2078, #1456, .T. ) ;
#1409 = LINE ( 'NONE', #1446, #1975 ) ;
#1410 = DIRECTION ( 'NONE',  ( -0.000000000000000000, 0.000000000000000000, 1.000000000000000000 ) ) ;
#1411 = CIRCLE ( 'NONE', #344, 2.749999999999999112 ) ;
#1412 = FACE_OUTER_BOUND ( 'NONE', #1754, .T. ) ;
#1413 = DIRECTION ( 'NONE',  ( 1.000000000000000000, 2.087287029146363393E-16, 0.000000000000000000 ) ) ;
#1414 = ORIENTED_EDGE ( 'NONE', *, *, #63, .F. ) ;
#1415 = EDGE_CURVE ( 'NONE', #2174, #555, #257, .T. ) ;
#1416 = ORIENTED_EDGE ( 'NONE', *, *, #1594, .F. ) ;
#1417 = DIRECTION ( 'NONE',  ( -1.000000000000000000, 0.000000000000000000, 0.000000000000000000 ) ) ;
#1418 = ORIENTED_EDGE ( 'NONE', *, *, #1197, .T. ) ;
#1419 = AXIS2_PLACEMENT_3D ( 'NONE', #1334, #788, #2182 ) ;
#1420 = FILL_AREA_STYLE ('',( #1231 ) ) ;
#1421 = LINE ( 'NONE', #2122, #1724 ) ;
#1422 = ADVANCED_FACE ( 'NONE', ( #617 ), #1136, .F. ) ;
#1423 = DIRECTION ( 'NONE',  ( 1.000000000000000000, 0.000000000000000000, 0.000000000000000000 ) ) ;
#1424 = CARTESIAN_POINT ( 'NONE',  ( 0.05000000000000003747, 27.03748219369605366, 2.000000000000000000 ) ) ;
#1425 = ORIENTED_EDGE ( 'NONE', *, *, #1359, .F. ) ;
#1426 = DIRECTION ( 'NONE',  ( 0.000000000000000000, -0.7071067811865469066, -0.7071067811865482389 ) ) ;
#1427 = VECTOR ( 'NONE', #1106, 1000.000000000000000 ) ;
#1428 = ORIENTED_EDGE ( 'NONE', *, *, #1760, .F. ) ;
#1429 = EDGE_CURVE ( 'NONE', #2093, #1595, #2264, .T. ) ;
#1430 = EDGE_CURVE ( 'NONE', #1989, #1471, #442, .T. ) ;
#1431 = CARTESIAN_POINT ( 'NONE',  ( 2.383333333333333304, 7.587505935434646354, 2.000000000000000000 ) ) ;
#1432 = VERTEX_POINT ( 'NONE', #591 ) ;
#1433 = SURFACE_SIDE_STYLE ('',( #186 ) ) ;
#1434 = DIRECTION ( 'NONE',  ( 0.000000000000000000, 0.000000000000000000, 1.000000000000000000 ) ) ;
#1435 = CARTESIAN_POINT ( 'NONE',  ( 3.049999999999999822, 27.03748219369605366, 0.000000000000000000 ) ) ;
#1436 = EDGE_CURVE ( 'NONE', #1190, #205, #971, .T. ) ;
#1437 = DIRECTION ( 'NONE',  ( 0.000000000000000000, 0.000000000000000000, 1.000000000000000000 ) ) ;
#1438 = ADVANCED_FACE ( 'NONE', ( #1293 ), #948, .T. ) ;
#1439 = LINE ( 'NONE', #746, #680 ) ;
#1440 = CIRCLE ( 'NONE', #1620, 2.999999999999999112 ) ;
#1441 = DIRECTION ( 'NONE',  ( -0.000000000000000000, 0.000000000000000000, 1.000000000000000000 ) ) ;
#1442 = VERTEX_POINT ( 'NONE', #95 ) ;
#1443 = CARTESIAN_POINT ( 'NONE',  ( 18.89999999999999858, 0.000000000000000000, 2.000000000000000000 ) ) ;
#1444 = VERTEX_POINT ( 'NONE', #453 ) ;
#1445 = AXIS2_PLACEMENT_3D ( 'NONE', #882, #1459, #1927 ) ;
#1446 = CARTESIAN_POINT ( 'NONE',  ( 7.899999999999999467, 8.050000000000000711, 2.000000000000000000 ) ) ;
#1447 = DIRECTION ( 'NONE',  ( 0.000000000000000000, 0.000000000000000000, -1.000000000000000000 ) ) ;
#1448 = PLANE ( 'NONE',  #1445 ) ;
#1449 = VERTEX_POINT ( 'NONE', #74 ) ;
#1450 = CARTESIAN_POINT ( 'NONE',  ( 2.049999999999999822, 22.64999999999999147, 0.000000000000000000 ) ) ;
#1451 = CARTESIAN_POINT ( 'NONE',  ( 25.75000000000000000, 0.8499999999999999778, 0.000000000000000000 ) ) ;
#1452 = ORIENTED_EDGE ( 'NONE', *, *, #1392, .T. ) ;
#1453 = AXIS2_PLACEMENT_3D ( 'NONE', #2204, #123, #821 ) ;
#1454 = VERTEX_POINT ( 'NONE', #629 ) ;
#1455 = CIRCLE ( 'NONE', #2148, 1.500000000000001332 ) ;
#1456 = LINE ( 'NONE', #1489, #1206 ) ;
#1457 = ADVANCED_FACE ( 'NONE', ( #1990 ), #580, .F. ) ;
#1458 = FACE_OUTER_BOUND ( 'NONE', #1176, .T. ) ;
#1459 = DIRECTION ( 'NONE',  ( -1.000000000000000000, -2.429584700247629288E-17, 0.000000000000000000 ) ) ;
#1460 = ORIENTED_EDGE ( 'NONE', *, *, #970, .T. ) ;
#1461 = CARTESIAN_POINT ( 'NONE',  ( 3.050000000000000266, 2.550000000000000266, 2.000000000000000000 ) ) ;
#1462 = CARTESIAN_POINT ( 'NONE',  ( 0.04999999999999796274, 30.84999999999999787, 0.7999999999999930500 ) ) ;
#1463 = ORIENTED_EDGE ( 'NONE', *, *, #2242, .F. ) ;
#1464 = VECTOR ( 'NONE', #425, 1000.000000000000000 ) ;
#1465 = EDGE_CURVE ( 'NONE', #840, #1369, #1853, .T. ) ;
#1466 = VECTOR ( 'NONE', #774, 1000.000000000000000 ) ;
#1467 = ORIENTED_EDGE ( 'NONE', *, *, #2051, .T. ) ;
#1468 = DIRECTION ( 'NONE',  ( -0.000000000000000000, 0.000000000000000000, 1.000000000000000000 ) ) ;
#1469 = VERTEX_POINT ( 'NONE', #1658 ) ;
#1470 = DIRECTION ( 'NONE',  ( 1.000000000000000000, 0.000000000000000000, 0.000000000000000000 ) ) ;
#1471 = VERTEX_POINT ( 'NONE', #1629 ) ;
#1472 = CARTESIAN_POINT ( 'NONE',  ( 23.75000000000000000, 13.95535421758714634, 0.000000000000000000 ) ) ;
#1473 = DIRECTION ( 'NONE',  ( -0.000000000000000000, 0.000000000000000000, 1.000000000000000000 ) ) ;
#1474 = VERTEX_POINT ( 'NONE', #935 ) ;
#1475 = ORIENTED_EDGE ( 'NONE', *, *, #422, .T. ) ;
#1476 = CARTESIAN_POINT ( 'NONE',  ( 0.000000000000000000, 6.050000000000001599, 2.000000000000000000 ) ) ;
#1477 = EDGE_CURVE ( 'NONE', #1977, #1534, #762, .T. ) ;
#1478 = FACE_OUTER_BOUND ( 'NONE', #2162, .T. ) ;
#1479 = VERTEX_POINT ( 'NONE', #1284 ) ;
#1480 = VECTOR ( 'NONE', #939, 1000.000000000000000 ) ;
#1481 = CARTESIAN_POINT ( 'NONE',  ( 0.05000000000000000278, -8.583267198843577090E-19, 2.000000000000000000 ) ) ;
#1482 = DIRECTION ( 'NONE',  ( 1.000000000000000000, 0.000000000000000000, 0.000000000000000000 ) ) ;
#1483 = DIRECTION ( 'NONE',  ( -0.000000000000000000, -0.000000000000000000, -1.000000000000000000 ) ) ;
#1484 = CARTESIAN_POINT ( 'NONE',  ( 2.383333333333332860, 24.11249406456534317, 2.000000000000000000 ) ) ;
#1485 = EDGE_LOOP ( 'NONE', ( #231, #487, #579, #1535 ) ) ;
#1486 = EDGE_CURVE ( 'NONE', #626, #1883, #27, .T. ) ;
#1487 = ORIENTED_EDGE ( 'NONE', *, *, #1408, .T. ) ;
#1488 = VECTOR ( 'NONE', #1269, 1000.000000000000000 ) ;
#1489 = CARTESIAN_POINT ( 'NONE',  ( 23.75000000000000000, 0.000000000000000000, 0.000000000000000000 ) ) ;
#1490 = ORIENTED_EDGE ( 'NONE', *, *, #1748, .F. ) ;
#1491 = APPLICATION_PROTOCOL_DEFINITION ( 'draft international standard', 'automotive_design', 1998, #897 ) ;
#1492 = CARTESIAN_POINT ( 'NONE',  ( 23.75000000000000000, 9.049999999999998934, 0.000000000000000000 ) ) ;
#1493 = EDGE_CURVE ( 'NONE', #127, #1873, #236, .T. ) ;
#1494 = FACE_OUTER_BOUND ( 'NONE', #1090, .T. ) ;
#1495 = AXIS2_PLACEMENT_3D ( 'NONE', #2021, #1531, #88 ) ;
#1496 = CYLINDRICAL_SURFACE ( 'NONE', #1821, 3.000000000000000888 ) ;
#1497 = CARTESIAN_POINT ( 'NONE',  ( 23.75000000000000000, 13.95535421758714634, 2.000000000000000000 ) ) ;
#1498 = ORIENTED_EDGE ( 'NONE', *, *, #2058, .F. ) ;
#1499 = EDGE_LOOP ( 'NONE', ( #692, #454, #968, #157, #766, #1828, #1546, #1851, #618, #1655, #1065, #1612, #1350, #1553, #2057, #790, #2213, #826, #443, #1523, #220, #1275, #1077, #1460, #1574, #1665, #1872, #1579 ) ) ;
#1500 = STYLED_ITEM ( 'NONE', ( #1276 ), #1330 ) ;
#1501 = DIRECTION ( 'NONE',  ( 0.000000000000000000, -0.000000000000000000, -1.000000000000000000 ) ) ;
#1502 = ORIENTED_EDGE ( 'NONE', *, *, #2071, .F. ) ;
#1503 = VECTOR ( 'NONE', #1119, 1000.000000000000000 ) ;
#1504 = FACE_OUTER_BOUND ( 'NONE', #47, .T. ) ;
#1505 = VECTOR ( 'NONE', #1683, 1000.000000000000000 ) ;
#1506 = LINE ( 'NONE', #643, #1012 ) ;
#1507 = DIRECTION ( 'NONE',  ( 0.000000000000000000, 0.000000000000000000, -1.000000000000000000 ) ) ;
#1508 = EDGE_CURVE ( 'NONE', #1977, #741, #792, .T. ) ;
#1509 = DIRECTION ( 'NONE',  ( -6.101848719557045542E-18, 1.000000000000000000, 0.000000000000000000 ) ) ;
#1510 = ORIENTED_EDGE ( 'NONE', *, *, #841, .T. ) ;
#1511 = ORIENTED_EDGE ( 'NONE', *, *, #1939, .T. ) ;
#1512 = CIRCLE ( 'NONE', #806, 2.999999999999999112 ) ;
#1513 = DIRECTION ( 'NONE',  ( -0.000000000000000000, -0.000000000000000000, -1.000000000000000000 ) ) ;
#1514 = ORIENTED_EDGE ( 'NONE', *, *, #2137, .T. ) ;
#1515 = VECTOR ( 'NONE', #2248, 1000.000000000000000 ) ;
#1516 = CIRCLE ( 'NONE', #1223, 1.000000000000000888 ) ;
#1517 = ADVANCED_FACE ( 'NONE', ( #1478 ), #2176, .T. ) ;
#1518 = CARTESIAN_POINT ( 'NONE',  ( 22.00000000000000355, 18.50421901205574216, 2.000000000000000000 ) ) ;
#1519 = FACE_BOUND ( 'NONE', #1336, .T. ) ;
#1520 = CYLINDRICAL_SURFACE ( 'NONE', #1602, 3.000000000000000000 ) ;
#1521 = DIRECTION ( 'NONE',  ( -0.000000000000000000, -0.000000000000000000, -1.000000000000000000 ) ) ;
#1522 = VERTEX_POINT ( 'NONE', #1525 ) ;
#1523 = ORIENTED_EDGE ( 'NONE', *, *, #853, .T. ) ;
#1524 = CIRCLE ( 'NONE', #1302, 3.000000000000000888 ) ;
#1525 = CARTESIAN_POINT ( 'NONE',  ( 20.90000000000000213, 5.050000000000001599, 2.000000000000000000 ) ) ;
#1526 = ORIENTED_EDGE ( 'NONE', *, *, #209, .F. ) ;
#1527 = LINE ( 'NONE', #1559, #743 ) ;
#1528 = CARTESIAN_POINT ( 'NONE',  ( 21.00000000000000000, 9.049999999999998934, 2.000000000000000000 ) ) ;
#1529 = VECTOR ( 'NONE', #1104, 1000.000000000000000 ) ;
#1530 = EDGE_CURVE ( 'NONE', #2072, #1989, #1096, .T. ) ;
#1531 = DIRECTION ( 'NONE',  ( -0.000000000000000000, 0.000000000000000000, 1.000000000000000000 ) ) ;
#1532 = CARTESIAN_POINT ( 'NONE',  ( 22.75000000000000000, 2.550000000000000266, 0.000000000000000000 ) ) ;
#1533 = AXIS2_PLACEMENT_3D ( 'NONE', #1583, #1561, #332 ) ;
#1534 = VERTEX_POINT ( 'NONE', #465 ) ;
#1535 = ORIENTED_EDGE ( 'NONE', *, *, #323, .F. ) ;
#1536 = EDGE_CURVE ( 'NONE', #738, #1041, #1187, .T. ) ;
#1537 = PLANE ( 'NONE',  #1138 ) ;
#1538 = ORIENTED_EDGE ( 'NONE', *, *, #1919, .F. ) ;
#1539 = LINE ( 'NONE', #1169, #1329 ) ;
#1540 = CARTESIAN_POINT ( 'NONE',  ( 22.00000000000000355, 18.50421901205574216, 0.000000000000000000 ) ) ;
#1541 = CARTESIAN_POINT ( 'NONE',  ( 23.75000000000000000, 28.14999999999999503, 0.000000000000000000 ) ) ;
#1542 = CARTESIAN_POINT ( 'NONE',  ( 23.75000000000000000, 3.550000000000000266, 2.000000000000000000 ) ) ;
#1543 = ORIENTED_EDGE ( 'NONE', *, *, #601, .T. ) ;
#1544 = ORIENTED_EDGE ( 'NONE', *, *, #1575, .T. ) ;
#1545 = DIRECTION ( 'NONE',  ( 1.000000000000000000, 0.000000000000000000, 0.000000000000000000 ) ) ;
#1546 = ORIENTED_EDGE ( 'NONE', *, *, #1652, .T. ) ;
#1547 = EDGE_CURVE ( 'NONE', #2202, #1841, #816, .T. ) ;
#1548 = LINE ( 'NONE', #2214, #1515 ) ;
#1549 = LINE ( 'NONE', #539, #2037 ) ;
#1550 = DIRECTION ( 'NONE',  ( 0.000000000000000000, 1.000000000000000000, 0.000000000000000000 ) ) ;
#1551 = CARTESIAN_POINT ( 'NONE',  ( 21.90000000000000213, 2.550000000000000266, 0.000000000000000000 ) ) ;
#1552 = AXIS2_PLACEMENT_3D ( 'NONE', #2252, #1572, #2274 ) ;
#1553 = ORIENTED_EDGE ( 'NONE', *, *, #182, .T. ) ;
#1554 = ORIENTED_EDGE ( 'NONE', *, *, #1156, .F. ) ;
#1555 = EDGE_CURVE ( 'NONE', #66, #2268, #1716, .T. ) ;
#1556 = LINE ( 'NONE', #1985, #716 ) ;
#1557 = DIRECTION ( 'NONE',  ( 1.000000000000000000, 0.000000000000000000, 0.000000000000000000 ) ) ;
#1558 = ORIENTED_EDGE ( 'NONE', *, *, #9, .F. ) ;
#1559 = CARTESIAN_POINT ( 'NONE',  ( 2.050000000000000711, 17.74464578241284940, 2.000000000000000000 ) ) ;
#1560 = DIRECTION ( 'NONE',  ( 1.000000000000000000, 0.000000000000000000, 0.000000000000000000 ) ) ;
#1561 = DIRECTION ( 'NONE',  ( -0.000000000000000000, -0.000000000000000000, -1.000000000000000000 ) ) ;
#1562 = EDGE_CURVE ( 'NONE', #66, #1140, #641, .T. ) ;
#1563 = DIRECTION ( 'NONE',  ( 1.000000000000000000, 0.000000000000000000, 0.000000000000000000 ) ) ;
#1564 = ORIENTED_EDGE ( 'NONE', *, *, #26, .F. ) ;
#1565 = ORIENTED_EDGE ( 'NONE', *, *, #1392, .F. ) ;
#1566 = DIRECTION ( 'NONE',  ( 1.000000000000000000, -2.087287029146363640E-16, 0.000000000000000000 ) ) ;
#1567 = VERTEX_POINT ( 'NONE', #1371 ) ;
#1568 = AXIS2_PLACEMENT_3D ( 'NONE', #2165, #1844, #2187 ) ;
#1569 = DIRECTION ( 'NONE',  ( -0.000000000000000000, -0.000000000000000000, -1.000000000000000000 ) ) ;
#1570 = CARTESIAN_POINT ( 'NONE',  ( 5.050000000000000711, 4.144645782412854196, 2.000000000000000000 ) ) ;
#1571 = DIRECTION ( 'NONE',  ( 0.000000000000000000, 0.000000000000000000, -1.000000000000000000 ) ) ;
#1572 = DIRECTION ( 'NONE',  ( -0.000000000000000000, 0.000000000000000000, 1.000000000000000000 ) ) ;
#1573 = CIRCLE ( 'NONE', #1864, 3.000000000000000000 ) ;
#1574 = ORIENTED_EDGE ( 'NONE', *, *, #1689, .T. ) ;
#1575 = EDGE_CURVE ( 'NONE', #2268, #2046, #1249, .T. ) ;
#1576 = ORIENTED_EDGE ( 'NONE', *, *, #1023, .T. ) ;
#1577 = CARTESIAN_POINT ( 'NONE',  ( 5.050000000000000711, 17.74464578241284940, -6.149186938124419299 ) ) ;
#1578 = CARTESIAN_POINT ( 'NONE',  ( 22.00000000000000355, 13.19578098794425003, 2.000000000000000000 ) ) ;
#1579 = ORIENTED_EDGE ( 'NONE', *, *, #2242, .T. ) ;
#1580 = LINE ( 'NONE', #1315, #1897 ) ;
#1581 = FACE_OUTER_BOUND ( 'NONE', #97, .T. ) ;
#1582 = EDGE_CURVE ( 'NONE', #626, #232, #291, .T. ) ;
#1583 = CARTESIAN_POINT ( 'NONE',  ( 3.050000000000000266, 4.662517806303938528, 2.000000000000000000 ) ) ;
#1584 = CARTESIAN_POINT ( 'NONE',  ( 22.75000000000000000, 28.14999999999999503, -21.70575960430779006 ) ) ;
#1585 = ORIENTED_EDGE ( 'NONE', *, *, #987, .F. ) ;
#1586 = VECTOR ( 'NONE', #69, 1000.000000000000000 ) ;
#1587 = VERTEX_POINT ( 'NONE', #485 ) ;
#1588 = VECTOR ( 'NONE', #2142, 1000.000000000000000 ) ;
#1589 = ADVANCED_FACE ( 'NONE', ( #1349 ), #476, .F. ) ;
#1590 = EDGE_LOOP ( 'NONE', ( #2189, #1452, #714, #1800 ) ) ;
#1591 = FACE_OUTER_BOUND ( 'NONE', #1794, .T. ) ;
#1592 = PLANE ( 'NONE',  #1909 ) ;
#1593 = CARTESIAN_POINT ( 'NONE',  ( 23.41666666666666430, 24.11249406456534672, -6.149186938124419299 ) ) ;
#1594 = EDGE_CURVE ( 'NONE', #545, #523, #141, .T. ) ;
#1595 = VERTEX_POINT ( 'NONE', #1167 ) ;
#1596 = EDGE_CURVE ( 'NONE', #1809, #1118, #550, .T. ) ;
#1597 = DIRECTION ( 'NONE',  ( -0.000000000000000000, 0.000000000000000000, 1.000000000000000000 ) ) ;
#1598 = EDGE_LOOP ( 'NONE', ( #794, #1105, #11, #1558 ) ) ;
#1599 = UNCERTAINTY_MEASURE_WITH_UNIT (LENGTH_MEASURE( 1.000000000000000082E-05 ), #552, 'distance_accuracy_value', 'NONE');
#1600 = CYLINDRICAL_SURFACE ( 'NONE', #1830, 2.749999999999999556 ) ;
#1601 = ORIENTED_EDGE ( 'NONE', *, *, #663, .T. ) ;
#1602 = AXIS2_PLACEMENT_3D ( 'NONE', #777, #1483, #1173 ) ;
#1603 = EDGE_CURVE ( 'NONE', #138, #588, #730, .T. ) ;
#1604 = CARTESIAN_POINT ( 'NONE',  ( 0.05000000000000019013, 1.025000000000002798, 0.9749999999999990896 ) ) ;
#1605 = DIRECTION ( 'NONE',  ( 0.000000000000000000, -0.000000000000000000, -1.000000000000000000 ) ) ;
#1606 = LINE ( 'NONE', #1617, #599 ) ;
#1607 = DIRECTION ( 'NONE',  ( 0.000000000000000000, 1.000000000000000000, -0.000000000000000000 ) ) ;
#1608 = EDGE_LOOP ( 'NONE', ( #1027, #1313, #782, #397 ) ) ;
#1609 = CARTESIAN_POINT ( 'NONE',  ( 25.75000000000000000, 29.64999999999998437, 2.000000000000000000 ) ) ;
#1610 = AXIS2_PLACEMENT_3D ( 'NONE', #2052, #2042, #1876 ) ;
#1611 = AXIS2_PLACEMENT_3D ( 'NONE', #22, #384, #1068 ) ;
#1612 = ORIENTED_EDGE ( 'NONE', *, *, #134, .F. ) ;
#1613 = FACE_OUTER_BOUND ( 'NONE', #1485, .T. ) ;
#1614 = ORIENTED_EDGE ( 'NONE', *, *, #1861, .T. ) ;
#1615 = DIRECTION ( 'NONE',  ( 1.000000000000000000, 0.000000000000000000, 0.000000000000000000 ) ) ;
#1616 = ADVANCED_FACE ( 'NONE', ( #2049 ), #1200, .F. ) ;
#1617 = CARTESIAN_POINT ( 'NONE',  ( 0.05000000000000000278, -8.583267198843577090E-19, 2.000000000000000000 ) ) ;
#1618 = LINE ( 'NONE', #1593, #57 ) ;
#1619 = ORIENTED_EDGE ( 'NONE', *, *, #1536, .T. ) ;
#1620 = AXIS2_PLACEMENT_3D ( 'NONE', #2004, #1605, #73 ) ;
#1621 = LINE ( 'NONE', #43, #658 ) ;
#1622 = CARTESIAN_POINT ( 'NONE',  ( 23.75000000000000000, 9.049999999999998934, 2.000000000000000000 ) ) ;
#1623 = VERTEX_POINT ( 'NONE', #1178 ) ;
#1624 = AXIS2_PLACEMENT_3D ( 'NONE', #434, #1139, #775 ) ;
#1625 = CIRCLE ( 'NONE', #1914, 2.749999999999999112 ) ;
#1626 = VERTEX_POINT ( 'NONE', #1865 ) ;
#1627 = EDGE_CURVE ( 'NONE', #1252, #1303, #2256, .T. ) ;
#1628 = AXIS2_PLACEMENT_3D ( 'NONE', #1120, #338, #1044 ) ;
#1629 = CARTESIAN_POINT ( 'NONE',  ( 23.75000000000000000, 4.144645782412853308, 0.000000000000000000 ) ) ;
#1630 = CARTESIAN_POINT ( 'NONE',  ( 22.31521739130434767, 11.39603897362863272, 2.000000000000000000 ) ) ;
#1631 = DIRECTION ( 'NONE',  ( -1.000000000000000000, 0.000000000000000000, 0.000000000000000000 ) ) ;
#1632 = ORIENTED_EDGE ( 'NONE', *, *, #498, .T. ) ;
#1633 = CARTESIAN_POINT ( 'NONE',  ( 7.900000000000000355, 6.050000000000001599, 2.000000000000000000 ) ) ;
#1634 = EDGE_CURVE ( 'NONE', #1444, #738, #763, .T. ) ;
#1635 = DIRECTION ( 'NONE',  ( 0.000000000000000000, 0.000000000000000000, -1.000000000000000000 ) ) ;
#1636 = ORIENTED_EDGE ( 'NONE', *, *, #1486, .T. ) ;
#1637 = ORIENTED_EDGE ( 'NONE', *, *, #1582, .T. ) ;
#1638 = CARTESIAN_POINT ( 'NONE',  ( 21.00000000000000000, 9.049999999999998934, 2.000000000000000000 ) ) ;
#1639 = FACE_OUTER_BOUND ( 'NONE', #891, .T. ) ;
#1640 = LINE ( 'NONE', #1682, #2223 ) ;
#1641 = CARTESIAN_POINT ( 'NONE',  ( 22.25000000000000000, 9.049999999999998934, 2.000000000000000000 ) ) ;
#1642 = LINE ( 'NONE', #68, #864 ) ;
#1643 = DIRECTION ( 'NONE',  ( -3.154042683594194134E-16, -1.000000000000000000, 0.000000000000000000 ) ) ;
#1644 = ORIENTED_EDGE ( 'NONE', *, *, #1919, .T. ) ;
#1645 = EDGE_CURVE ( 'NONE', #1362, #138, #150, .T. ) ;
#1646 = VECTOR ( 'NONE', #1213, 1000.000000000000000 ) ;
#1647 = EDGE_LOOP ( 'NONE', ( #1954, #981, #2275, #1069 ) ) ;
#1648 = CARTESIAN_POINT ( 'NONE',  ( 0.04999999999999796274, 0.8499999999999999778, 0.000000000000000000 ) ) ;
#1649 = DIRECTION ( 'NONE',  ( 0.000000000000000000, -1.000000000000000000, 0.000000000000000000 ) ) ;
#1650 = LINE ( 'NONE', #1847, #2040 ) ;
#1651 = ORIENTED_EDGE ( 'NONE', *, *, #1952, .T. ) ;
#1652 = EDGE_CURVE ( 'NONE', #969, #1809, #118, .T. ) ;
#1653 = CARTESIAN_POINT ( 'NONE',  ( 2.050000000000000266, 27.55535421758713710, 0.000000000000000000 ) ) ;
#1654 = CARTESIAN_POINT ( 'NONE',  ( 0.05000000000000008604, 4.662517806303938528, 2.000000000000000000 ) ) ;
#1655 = ORIENTED_EDGE ( 'NONE', *, *, #1023, .F. ) ;
#1656 = VERTEX_POINT ( 'NONE', #129 ) ;
#1657 = ADVANCED_FACE ( 'NONE', ( #829 ), #1537, .F. ) ;
#1658 = CARTESIAN_POINT ( 'NONE',  ( 22.31521739130434767, 20.30396102637135769, 0.000000000000000000 ) ) ;
#1659 = AXIS2_PLACEMENT_3D ( 'NONE', #1219, #347, #1195 ) ;
#1660 = DIRECTION ( 'NONE',  ( -2.429584700247629288E-17, 1.000000000000000000, 0.000000000000000000 ) ) ;
#1661 = VERTEX_POINT ( 'NONE', #1078 ) ;
#1662 = FACE_OUTER_BOUND ( 'NONE', #108, .T. ) ;
#1663 = LINE ( 'NONE', #438, #1586 ) ;
#1664 = ORIENTED_EDGE ( 'NONE', *, *, #2249, .T. ) ;
#1665 = ORIENTED_EDGE ( 'NONE', *, *, #2221, .T. ) ;
#1666 = AXIS2_PLACEMENT_3D ( 'NONE', #854, #365, #2098 ) ;
#1667 = CARTESIAN_POINT ( 'NONE',  ( 2.050000000000000266, 3.550000000000000266, 2.000000000000000000 ) ) ;
#1668 = VERTEX_POINT ( 'NONE', #2139 ) ;
#1669 = ADVANCED_FACE ( 'NONE', ( #2279 ), #1600, .T. ) ;
#1670 = PRODUCT_DEFINITION ( 'UNKNOWN', '', #1115, #172 ) ;
#1671 = DIRECTION ( 'NONE',  ( -1.000000000000000000, 0.000000000000000000, 0.000000000000000000 ) ) ;
#1672 = CYLINDRICAL_SURFACE ( 'NONE', #275, 0.9999999999999995559 ) ;
#1673 = VECTOR ( 'NONE', #1280, 1000.000000000000000 ) ;
#1674 = DIRECTION ( 'NONE',  ( 1.000000000000000000, 0.000000000000000000, 0.000000000000000000 ) ) ;
#1675 = LINE ( 'NONE', #646, #596 ) ;
#1676 = AXIS2_PLACEMENT_3D ( 'NONE', #1070, #1761, #1 ) ;
#1677 = VERTEX_POINT ( 'NONE', #1406 ) ;
#1678 = ORIENTED_EDGE ( 'NONE', *, *, #663, .F. ) ;
#1679 = AXIS2_PLACEMENT_3D ( 'NONE', #697, #1796, #722 ) ;
#1680 = DIRECTION ( 'NONE',  ( 0.000000000000000000, -0.000000000000000000, -1.000000000000000000 ) ) ;
#1681 = ORIENTED_EDGE ( 'NONE', *, *, #1582, .F. ) ;
#1682 = CARTESIAN_POINT ( 'NONE',  ( 23.75000000000000000, 0.000000000000000000, 2.000000000000000000 ) ) ;
#1683 = DIRECTION ( 'NONE',  ( 0.000000000000000000, -1.000000000000000000, 0.000000000000000000 ) ) ;
#1684 = CARTESIAN_POINT ( 'NONE',  ( 25.00000000000000000, 13.19578098794425003, 2.000000000000000000 ) ) ;
#1685 = CYLINDRICAL_SURFACE ( 'NONE', #3, 1.500000000000001332 ) ;
#1686 = ORIENTED_EDGE ( 'NONE', *, *, #1759, .T. ) ;
#1687 = ORIENTED_EDGE ( 'NONE', *, *, #1131, .T. ) ;
#1688 = DIRECTION ( 'NONE',  ( -1.000000000000000000, 0.000000000000000000, 0.000000000000000000 ) ) ;
#1689 = EDGE_CURVE ( 'NONE', #1312, #1039, #472, .T. ) ;
#1690 = ADVANCED_FACE ( 'NONE', ( #371 ), #558, .F. ) ;
#1691 = ORIENTED_EDGE ( 'NONE', *, *, #779, .F. ) ;
#1692 = AXIS2_PLACEMENT_3D ( 'NONE', #594, #584, #1286 ) ;
#1693 = AXIS2_PLACEMENT_3D ( 'NONE', #2055, #146, #1388 ) ;
#1694 = CARTESIAN_POINT ( 'NONE',  ( 22.75000000000000000, 2.550000000000000266, 0.000000000000000000 ) ) ;
#1695 = DIRECTION ( 'NONE',  ( 0.000000000000000000, -0.000000000000000000, 1.000000000000000000 ) ) ;
#1696 = CYLINDRICAL_SURFACE ( 'NONE', #1419, 2.999999999999999556 ) ;
#1697 = CARTESIAN_POINT ( 'NONE',  ( 0.05000000000000019706, 3.050924359778535001E-19, 0.000000000000000000 ) ) ;
#1698 = ORIENTED_EDGE ( 'NONE', *, *, #1894, .T. ) ;
#1699 = ADVANCED_FACE ( 'NONE', ( #1780 ), #1746, .T. ) ;
#1700 = ORIENTED_EDGE ( 'NONE', *, *, #342, .F. ) ;
#1701 = VECTOR ( 'NONE', #2083, 1000.000000000000000 ) ;
#1702 = CIRCLE ( 'NONE', #1775, 3.000000000000000888 ) ;
#1703 = DIRECTION ( 'NONE',  ( 0.000000000000000000, -1.000000000000000000, 0.000000000000000000 ) ) ;
#1704 = ORIENTED_EDGE ( 'NONE', *, *, #1429, .F. ) ;
#1705 = LINE ( 'NONE', #143, #2210 ) ;
#1706 = DIRECTION ( 'NONE',  ( 0.000000000000000000, 0.000000000000000000, -1.000000000000000000 ) ) ;
#1707 = DIRECTION ( 'NONE',  ( -0.000000000000000000, 0.000000000000000000, 1.000000000000000000 ) ) ;
#1708 = DIRECTION ( 'NONE',  ( -0.000000000000000000, -0.000000000000000000, 1.000000000000000000 ) ) ;
#1709 = ORIENTED_EDGE ( 'NONE', *, *, #1861, .F. ) ;
#1710 = VERTEX_POINT ( 'NONE', #1431 ) ;
#1711 = EDGE_CURVE ( 'NONE', #2131, #1362, #1317, .T. ) ;
#1712 = ADVANCED_FACE ( 'NONE', ( #1613 ), #206, .T. ) ;
#1713 = DIRECTION ( 'NONE',  ( -1.000000000000000000, 0.000000000000000000, 0.000000000000000000 ) ) ;
#1714 = ORIENTED_EDGE ( 'NONE', *, *, #1829, .F. ) ;
#1715 = CARTESIAN_POINT ( 'NONE',  ( 2.050000000000000266, 3.550000000000000266, 2.000000000000000000 ) ) ;
#1716 = CIRCLE ( 'NONE', #1208, 1.500000000000001332 ) ;
#1717 = DIRECTION ( 'NONE',  ( 0.000000000000000000, -0.000000000000000000, -1.000000000000000000 ) ) ;
#1718 = CARTESIAN_POINT ( 'NONE',  ( 7.900000000000000355, 6.050000000000001599, 0.000000000000000000 ) ) ;
#1719 = FACE_OUTER_BOUND ( 'NONE', #1608, .T. ) ;
#1720 = ORIENTED_EDGE ( 'NONE', *, *, #650, .F. ) ;
#1721 = EDGE_CURVE ( 'NONE', #1449, #439, #34, .T. ) ;
#1722 = EDGE_LOOP ( 'NONE', ( #875, #1128, #640, #537 ) ) ;
#1723 = DIRECTION ( 'NONE',  ( 0.000000000000000000, -0.000000000000000000, -1.000000000000000000 ) ) ;
#1724 = VECTOR ( 'NONE', #1374, 1000.000000000000000 ) ;
#1725 = ORIENTED_EDGE ( 'NONE', *, *, #1144, .F. ) ;
#1726 = EDGE_CURVE ( 'NONE', #1133, #1471, #536, .T. ) ;
#1727 = LINE ( 'NONE', #1935, #1389 ) ;
#1728 = DIRECTION ( 'NONE',  ( -0.000000000000000000, 0.000000000000000000, 1.000000000000000000 ) ) ;
#1729 = CIRCLE ( 'NONE', #1222, 2.999999999999999112 ) ;
#1730 = CARTESIAN_POINT ( 'NONE',  ( 3.484782608695652151, 11.39603897362863272, 2.000000000000000000 ) ) ;
#1731 = DIRECTION ( 'NONE',  ( 0.000000000000000000, 0.000000000000000000, -1.000000000000000000 ) ) ;
#1732 = CIRCLE ( 'NONE', #1692, 1.500000000000001332 ) ;
#1733 = EDGE_LOOP ( 'NONE', ( #158, #679, #606, #94 ) ) ;
#1734 = ORIENTED_EDGE ( 'NONE', *, *, #1950, .T. ) ;
#1735 = CARTESIAN_POINT ( 'NONE',  ( 3.899999999999998579, 3.550000000000000266, 2.000000000000000000 ) ) ;
#1736 = VERTEX_POINT ( 'NONE', #862 ) ;
#1737 = DIRECTION ( 'NONE',  ( 1.000000000000000000, 0.000000000000000000, 0.000000000000000000 ) ) ;
#1738 = DIRECTION ( 'NONE',  ( 0.000000000000000000, -0.000000000000000000, -1.000000000000000000 ) ) ;
#1739 = DIRECTION ( 'NONE',  ( 0.000000000000000000, -0.000000000000000000, -1.000000000000000000 ) ) ;
#1740 = CIRCLE ( 'NONE', #1160, 2.749999999999999112 ) ;
#1741 = CARTESIAN_POINT ( 'NONE',  ( 23.75000000000000000, 27.55535421758714065, 2.000000000000000000 ) ) ;
#1742 = AXIS2_PLACEMENT_3D ( 'NONE', #1518, #1307, #2008 ) ;
#1743 = VERTEX_POINT ( 'NONE', #10 ) ;
#1744 = ORIENTED_EDGE ( 'NONE', *, *, #1575, .F. ) ;
#1745 = DIRECTION ( 'NONE',  ( 1.000000000000000000, 0.000000000000000000, 0.000000000000000000 ) ) ;
#1746 = CYLINDRICAL_SURFACE ( 'NONE', #139, 2.999999999999999112 ) ;
#1747 = VERTEX_POINT ( 'NONE', #719 ) ;
#1748 = EDGE_CURVE ( 'NONE', #1118, #2268, #705, .T. ) ;
#1749 = DIRECTION ( 'NONE',  ( -1.000000000000000000, 0.000000000000000000, 0.000000000000000000 ) ) ;
#1750 = DIRECTION ( 'NONE',  ( 1.000000000000000000, 0.000000000000000000, 0.000000000000000000 ) ) ;
#1751 = CARTESIAN_POINT ( 'NONE',  ( 17.90000000000000213, 8.050000000000000711, 2.000000000000000000 ) ) ;
#1752 = AXIS2_PLACEMENT_3D ( 'NONE', #2059, #1895, #1688 ) ;
#1753 = PLANE ( 'NONE',  #1845 ) ;
#1754 = EDGE_LOOP ( 'NONE', ( #1224, #1956, #592, #1756 ) ) ;
#1755 = ADVANCED_FACE ( 'NONE', ( #740 ), #1251, .T. ) ;
#1756 = ORIENTED_EDGE ( 'NONE', *, *, #1436, .F. ) ;
#1757 = DIRECTION ( 'NONE',  ( -1.000000000000000000, 0.000000000000000000, 0.000000000000000000 ) ) ;
#1758 = ORIENTED_EDGE ( 'NONE', *, *, #474, .F. ) ;
#1759 = EDGE_CURVE ( 'NONE', #359, #289, #1394, .T. ) ;
#1760 = EDGE_CURVE ( 'NONE', #439, #1303, #1922, .T. ) ;
#1761 = DIRECTION ( 'NONE',  ( -0.000000000000000000, 0.000000000000000000, 1.000000000000000000 ) ) ;
#1762 = DIRECTION ( 'NONE',  ( -1.000000000000000000, 0.000000000000000000, 0.000000000000000000 ) ) ;
#1763 = DIRECTION ( 'NONE',  ( -0.000000000000000000, 0.000000000000000000, 1.000000000000000000 ) ) ;
#1764 = DIRECTION ( 'NONE',  ( 0.000000000000000000, -0.000000000000000000, 1.000000000000000000 ) ) ;
#1765 = EDGE_LOOP ( 'NONE', ( #2224, #1323, #337, #2276, #668 ) ) ;
#1766 = LINE ( 'NONE', #1984, #1464 ) ;
#1767 = ORIENTED_EDGE ( 'NONE', *, *, #742, .F. ) ;
#1768 = EDGE_CURVE ( 'NONE', #1380, #1587, #2107, .T. ) ;
#1769 = CARTESIAN_POINT ( 'NONE',  ( 22.00000000000000355, 18.50421901205574216, -6.149186938124419299 ) ) ;
#1770 = ORIENTED_EDGE ( 'NONE', *, *, #2032, .T. ) ;
#1771 = DIRECTION ( 'NONE',  ( -4.314658607373236087E-18, 0.7071067811865469066, 0.7071067811865482389 ) ) ;
#1772 = DIRECTION ( 'NONE',  ( 0.000000000000000000, 0.000000000000000000, 1.000000000000000000 ) ) ;
#1773 =( NAMED_UNIT ( * ) SI_UNIT ( $, .STERADIAN. ) SOLID_ANGLE_UNIT ( ) );
#1774 = DIRECTION ( 'NONE',  ( -1.000000000000000000, 0.000000000000000000, 0.000000000000000000 ) ) ;
#1775 = AXIS2_PLACEMENT_3D ( 'NONE', #260, #1973, #757 ) ;
#1776 = ORIENTED_EDGE ( 'NONE', *, *, #1429, .T. ) ;
#1777 = LINE ( 'NONE', #217, #2188 ) ;
#1778 = EDGE_LOOP ( 'NONE', ( #894, #1807, #2120, #1686 ) ) ;
#1779 = EDGE_CURVE ( 'NONE', #1995, #1595, #879, .T. ) ;
#1780 = FACE_OUTER_BOUND ( 'NONE', #266, .T. ) ;
#1781 = ORIENTED_EDGE ( 'NONE', *, *, #572, .F. ) ;
#1782 = EDGE_CURVE ( 'NONE', #1029, #1656, #456, .T. ) ;
#1783 = CARTESIAN_POINT ( 'NONE',  ( 22.31521739130434767, 11.39603897362863272, 0.000000000000000000 ) ) ;
#1784 = VECTOR ( 'NONE', #60, 1000.000000000000000 ) ;
#1785 = LINE ( 'NONE', #1648, #113 ) ;
#1786 = CARTESIAN_POINT ( 'NONE',  ( 23.75000000000000000, 0.000000000000000000, 2.000000000000000000 ) ) ;
#1787 = CYLINDRICAL_SURFACE ( 'NONE', #860, 3.000000000000000000 ) ;
#1788 = DIRECTION ( 'NONE',  ( -1.000000000000000000, 2.087287029146363640E-16, 0.000000000000000000 ) ) ;
#1789 = CARTESIAN_POINT ( 'NONE',  ( 0.05000000000000016931, 4.662517806303938528, 2.000000000000000000 ) ) ;
#1790 = VECTOR ( 'NONE', #2006, 1000.000000000000000 ) ;
#1791 = CARTESIAN_POINT ( 'NONE',  ( 22.75000000000000000, 29.14999999999999503, 0.000000000000000000 ) ) ;
#1792 = EDGE_CURVE ( 'NONE', #1029, #934, #2136, .T. ) ;
#1793 = VECTOR ( 'NONE', #747, 1000.000000000000000 ) ;
#1794 = EDGE_LOOP ( 'NONE', ( #703, #1283, #1339, #1986, #2168, #1154, #313, #559, #2109, #380, #402, #460, #2166, #183, #1123, #2118, #1544, #930, #905, #549, #130, #207, #1831, #1248, #35, #1636, #304, #2013 ) ) ;
#1795 = EDGE_LOOP ( 'NONE', ( #801, #1538, #1099, #1079 ) ) ;
#1796 = DIRECTION ( 'NONE',  ( -0.000000000000000000, 0.000000000000000000, 1.000000000000000000 ) ) ;
#1797 = EDGE_CURVE ( 'NONE', #545, #978, #1997, .T. ) ;
#1798 = CYLINDRICAL_SURFACE ( 'NONE', #531, 3.000000000000000000 ) ;
#1799 = FACE_OUTER_BOUND ( 'NONE', #613, .T. ) ;
#1800 = ORIENTED_EDGE ( 'NONE', *, *, #1188, .T. ) ;
#1801 = CIRCLE ( 'NONE', #1109, 2.999999999999999112 ) ;
#1802 = DIRECTION ( 'NONE',  ( -0.000000000000000000, 0.000000000000000000, 1.000000000000000000 ) ) ;
#1803 = CARTESIAN_POINT ( 'NONE',  ( 0.04999999999999796274, 30.84999999999999787, 0.000000000000000000 ) ) ;
#1804 = EDGE_LOOP ( 'NONE', ( #1463, #1681, #1425, #947 ) ) ;
#1805 = AXIS2_PLACEMENT_3D ( 'NONE', #865, #330, #467 ) ;
#1806 = CIRCLE ( 'NONE', #926, 1.500000000000001332 ) ;
#1807 = ORIENTED_EDGE ( 'NONE', *, *, #473, .F. ) ;
#1808 = DIRECTION ( 'NONE',  ( 1.000000000000000000, 0.000000000000000000, 0.000000000000000000 ) ) ;
#1809 = VERTEX_POINT ( 'NONE', #1288 ) ;
#1810 = DIRECTION ( 'NONE',  ( 0.000000000000000000, -0.000000000000000000, -1.000000000000000000 ) ) ;
#1811 = CARTESIAN_POINT ( 'NONE',  ( 25.75000000000000000, 0.000000000000000000, 2.000000000000000000 ) ) ;
#1812 = CIRCLE ( 'NONE', #1225, 3.000000000000000000 ) ;
#1813 = ORIENTED_EDGE ( 'NONE', *, *, #877, .F. ) ;
#1814 = AXIS2_PLACEMENT_3D ( 'NONE', #789, #2034, #1859 ) ;
#1815 = CARTESIAN_POINT ( 'NONE',  ( 3.549999999999997602, 22.64999999999999147, 0.000000000000000000 ) ) ;
#1816 = LINE ( 'NONE', #508, #1701 ) ;
#1817 = ORIENTED_EDGE ( 'NONE', *, *, #1645, .T. ) ;
#1818 = VERTEX_POINT ( 'NONE', #2159 ) ;
#1819 = VECTOR ( 'NONE', #1437, 1000.000000000000000 ) ;
#1820 = DIRECTION ( 'NONE',  ( 1.000000000000000000, 0.000000000000000000, 0.000000000000000000 ) ) ;
#1821 = AXIS2_PLACEMENT_3D ( 'NONE', #1130, #966, #1152 ) ;
#1822 = EDGE_CURVE ( 'NONE', #955, #978, #1621, .T. ) ;
#1823 = ORIENTED_EDGE ( 'NONE', *, *, #1555, .F. ) ;
#1824 = CARTESIAN_POINT ( 'NONE',  ( 0.000000000000000000, 29.64999999999998437, 2.000000000000000000 ) ) ;
#1825 = CARTESIAN_POINT ( 'NONE',  ( 25.75000000000000000, 27.03748219369605366, 2.000000000000000000 ) ) ;
#1826 = FACE_OUTER_BOUND ( 'NONE', #81, .T. ) ;
#1827 = DIRECTION ( 'NONE',  ( 0.000000000000000000, 0.000000000000000000, 1.000000000000000000 ) ) ;
#1828 = ORIENTED_EDGE ( 'NONE', *, *, #188, .T. ) ;
#1829 = EDGE_CURVE ( 'NONE', #352, #1522, #2146, .T. ) ;
#1830 = AXIS2_PLACEMENT_3D ( 'NONE', #1943, #1908, #1417 ) ;
#1831 = ORIENTED_EDGE ( 'NONE', *, *, #1083, .T. ) ;
#1832 = FACE_OUTER_BOUND ( 'NONE', #1804, .T. ) ;
#1833 = CARTESIAN_POINT ( 'NONE',  ( 20.75000000000000000, 17.74464578241284585, 2.000000000000000000 ) ) ;
#1834 = EDGE_LOOP ( 'NONE', ( #1282, #729, #1585, #2186 ) ) ;
#1835 = EDGE_CURVE ( 'NONE', #1207, #1271, #1766, .T. ) ;
#1836 = EDGE_CURVE ( 'NONE', #1039, #830, #1097, .T. ) ;
#1837 = FACE_OUTER_BOUND ( 'NONE', #869, .T. ) ;
#1838 = CARTESIAN_POINT ( 'NONE',  ( 3.899999999999998579, 2.550000000000000266, 0.000000000000000000 ) ) ;
#1839 = DIRECTION ( 'NONE',  ( 1.000000000000000000, 0.000000000000000000, 0.000000000000000000 ) ) ;
#1840 = CARTESIAN_POINT ( 'NONE',  ( 2.049999999999999822, 22.64999999999999147, 2.000000000000000000 ) ) ;
#1841 = VERTEX_POINT ( 'NONE', #1964 ) ;
#1842 = EDGE_CURVE ( 'NONE', #761, #1372, #414, .T. ) ;
#1843 = ORIENTED_EDGE ( 'NONE', *, *, #2270, .T. ) ;
#1844 = DIRECTION ( 'NONE',  ( -1.000000000000000000, 0.000000000000000000, 0.000000000000000000 ) ) ;
#1845 = AXIS2_PLACEMENT_3D ( 'NONE', #1278, #1774, #929 ) ;
#1846 = ORIENTED_EDGE ( 'NONE', *, *, #1881, .F. ) ;
#1847 = CARTESIAN_POINT ( 'NONE',  ( 2.050000000000001155, 4.980648635507642676E-17, 0.000000000000000000 ) ) ;
#1848 = CARTESIAN_POINT ( 'NONE',  ( 18.89999999999999147, 0.8499999999999999778, 0.000000000000000000 ) ) ;
#1849 = CARTESIAN_POINT ( 'NONE',  ( 0.000000000000000000, 2.550000000000000266, 2.000000000000000000 ) ) ;
#1850 = DIRECTION ( 'NONE',  ( -1.000000000000000000, 0.000000000000000000, 0.000000000000000000 ) ) ;
#1851 = ORIENTED_EDGE ( 'NONE', *, *, #1596, .T. ) ;
#1852 = ORIENTED_EDGE ( 'NONE', *, *, #1906, .F. ) ;
#1853 = LINE ( 'NONE', #925, #1790 ) ;
#1854 = VERTEX_POINT ( 'NONE', #1815 ) ;
#1855 = CARTESIAN_POINT ( 'NONE',  ( 2.050000000000001155, 4.980648635507642676E-17, 2.000000000000000000 ) ) ;
#1856 = DIRECTION ( 'NONE',  ( 0.000000000000000000, 1.000000000000000000, -0.000000000000000000 ) ) ;
#1857 = AXIS2_PLACEMENT_3D ( 'NONE', #77, #2228, #2044 ) ;
#1858 = DIRECTION ( 'NONE',  ( 1.000000000000000000, 0.000000000000000000, 0.000000000000000000 ) ) ;
#1859 = DIRECTION ( 'NONE',  ( -1.000000000000000000, 0.000000000000000000, 0.000000000000000000 ) ) ;
#1860 = ORIENTED_EDGE ( 'NONE', *, *, #20, .F. ) ;
#1861 = EDGE_CURVE ( 'NONE', #784, #1185, #1777, .T. ) ;
#1862 = VERTEX_POINT ( 'NONE', #758 ) ;
#1863 = VECTOR ( 'NONE', #203, 999.9999999999998863 ) ;
#1864 = AXIS2_PLACEMENT_3D ( 'NONE', #1081, #912, #1615 ) ;
#1865 = CARTESIAN_POINT ( 'NONE',  ( 2.633333333333333304, 10.43192699598141537, 0.000000000000000000 ) ) ;
#1866 = ORIENTED_EDGE ( 'NONE', *, *, #2011, .F. ) ;
#1867 = CARTESIAN_POINT ( 'NONE',  ( 2.049999999999999822, 22.64999999999999147, -6.149186938124419299 ) ) ;
#1868 = EDGE_CURVE ( 'NONE', #2246, #1271, #1086, .T. ) ;
#1869 = DIRECTION ( 'NONE',  ( 1.000000000000000000, 0.000000000000000000, 0.000000000000000000 ) ) ;
#1870 = DIRECTION ( 'NONE',  ( 1.000000000000000000, 0.000000000000000000, 0.000000000000000000 ) ) ;
#1871 = FACE_OUTER_BOUND ( 'NONE', #661, .T. ) ;
#1872 = ORIENTED_EDGE ( 'NONE', *, *, #280, .T. ) ;
#1873 = VERTEX_POINT ( 'NONE', #18 ) ;
#1874 = CARTESIAN_POINT ( 'NONE',  ( 4.899999999999996803, -1.545480914961154174E-15, 0.000000000000000000 ) ) ;
#1875 = ORIENTED_EDGE ( 'NONE', *, *, #814, .T. ) ;
#1876 = DIRECTION ( 'NONE',  ( 1.000000000000000000, 0.000000000000000000, 0.000000000000000000 ) ) ;
#1877 = CARTESIAN_POINT ( 'NONE',  ( 23.75000000000000000, 0.000000000000000000, 2.000000000000000000 ) ) ;
#1878 = FACE_OUTER_BOUND ( 'NONE', #171, .T. ) ;
#1879 = CARTESIAN_POINT ( 'NONE',  ( 2.049999999999999822, 22.64999999999999147, 0.000000000000000000 ) ) ;
#1880 = DIRECTION ( 'NONE',  ( 0.000000000000000000, 0.000000000000000000, -1.000000000000000000 ) ) ;
#1881 = EDGE_CURVE ( 'NONE', #1743, #2041, #131, .T. ) ;
#1882 = ORIENTED_EDGE ( 'NONE', *, *, #451, .F. ) ;
#1883 = VERTEX_POINT ( 'NONE', #586 ) ;
#1884 = AXIS2_PLACEMENT_3D ( 'NONE', #389, #1763, #1981 ) ;
#1885 = DIRECTION ( 'NONE',  ( -0.000000000000000000, -0.000000000000000000, -1.000000000000000000 ) ) ;
#1886 = VERTEX_POINT ( 'NONE', #1609 ) ;
#1887 = EDGE_CURVE ( 'NONE', #1567, #2232, #575, .T. ) ;
#1888 = CARTESIAN_POINT ( 'NONE',  ( 23.75000000000000000, 9.049999999999998934, 2.000000000000000000 ) ) ;
#1889 = DIRECTION ( 'NONE',  ( 1.000000000000000000, 0.000000000000000000, 0.000000000000000000 ) ) ;
#1890 = LINE ( 'NONE', #2065, #1042 ) ;
#1891 = AXIS2_PLACEMENT_3D ( 'NONE', #822, #990, #1839 ) ;
#1892 = ORIENTED_EDGE ( 'NONE', *, *, #303, .T. ) ;
#1893 = VERTEX_POINT ( 'NONE', #1974 ) ;
#1894 = EDGE_CURVE ( 'NONE', #1474, #1479, #1642, .T. ) ;
#1895 = DIRECTION ( 'NONE',  ( -0.000000000000000000, -0.000000000000000000, -1.000000000000000000 ) ) ;
#1896 = ORIENTED_EDGE ( 'NONE', *, *, #1881, .T. ) ;
#1897 = VECTOR ( 'NONE', #49, 1000.000000000000000 ) ;
#1898 = CARTESIAN_POINT ( 'NONE',  ( 17.89999999999999858, 5.050000000000001599, 2.000000000000000000 ) ) ;
#1899 = AXIS2_PLACEMENT_3D ( 'NONE', #1262, #1955, #184 ) ;
#1900 = DIRECTION ( 'NONE',  ( -0.000000000000000000, 0.000000000000000000, 1.000000000000000000 ) ) ;
#1901 = CARTESIAN_POINT ( 'NONE',  ( 2.049999999999999822, 22.64999999999999147, -6.149186938124419299 ) ) ;
#1902 = CIRCLE ( 'NONE', #914, 1.499999999999999556 ) ;
#1903 = DIRECTION ( 'NONE',  ( -0.000000000000000000, -0.000000000000000000, 1.000000000000000000 ) ) ;
#1904 = ORIENTED_EDGE ( 'NONE', *, *, #39, .T. ) ;
#1905 = ORIENTED_EDGE ( 'NONE', *, *, #1562, .T. ) ;
#1906 = EDGE_CURVE ( 'NONE', #1325, #2078, #1299, .T. ) ;
#1907 = CARTESIAN_POINT ( 'NONE',  ( 23.75000000000000000, 3.550000000000000266, 2.000000000000000000 ) ) ;
#1908 = DIRECTION ( 'NONE',  ( -0.000000000000000000, -0.000000000000000000, -1.000000000000000000 ) ) ;
#1909 = AXIS2_PLACEMENT_3D ( 'NONE', #675, #2272, #1397 ) ;
#1910 = EDGE_LOOP ( 'NONE', ( #1813, #269, #382, #30, #1143 ) ) ;
#1911 = DIRECTION ( 'NONE',  ( -0.000000000000000000, -0.000000000000000000, 1.000000000000000000 ) ) ;
#1912 = CARTESIAN_POINT ( 'NONE',  ( 5.050000000000000711, 27.55535421758713710, 0.000000000000000000 ) ) ;
#1913 = CIRCLE ( 'NONE', #1805, 2.999999999999999556 ) ;
#1914 = AXIS2_PLACEMENT_3D ( 'NONE', #1840, #78, #263 ) ;
#1915 = DIRECTION ( 'NONE',  ( -0.000000000000000000, -0.000000000000000000, -1.000000000000000000 ) ) ;
#1916 = DIRECTION ( 'NONE',  ( -1.000000000000000000, -1.156482317317871971E-16, 0.000000000000000000 ) ) ;
#1917 = ORIENTED_EDGE ( 'NONE', *, *, #39, .F. ) ;
#1918 = AXIS2_PLACEMENT_3D ( 'NONE', #1735, #160, #2266 ) ;
#1919 = EDGE_CURVE ( 'NONE', #1380, #1656, #768, .T. ) ;
#1920 = ORIENTED_EDGE ( 'NONE', *, *, #1477, .T. ) ;
#1921 = DIRECTION ( 'NONE',  ( 1.000000000000000000, 8.673617379884038430E-16, 0.000000000000000000 ) ) ;
#1922 = LINE ( 'NONE', #351, #363 ) ;
#1923 = ORIENTED_EDGE ( 'NONE', *, *, #721, .T. ) ;
#1924 = CARTESIAN_POINT ( 'NONE',  ( 0.05000000000000016931, 4.662517806303938528, 0.000000000000000000 ) ) ;
#1925 = FACE_OUTER_BOUND ( 'NONE', #2060, .T. ) ;
#1926 = DIRECTION ( 'NONE',  ( 0.000000000000000000, -0.000000000000000000, -1.000000000000000000 ) ) ;
#1927 = DIRECTION ( 'NONE',  ( 2.429584700247629288E-17, -1.000000000000000000, 0.000000000000000000 ) ) ;
#1928 = AXIS2_PLACEMENT_3D ( 'NONE', #807, #455, #954 ) ;
#1929 = VERTEX_POINT ( 'NONE', #1472 ) ;
#1930 = VECTOR ( 'NONE', #2010, 1000.000000000000000 ) ;
#1931 = VERTEX_POINT ( 'NONE', #1633 ) ;
#1932 = EDGE_CURVE ( 'NONE', #1207, #2015, #727, .T. ) ;
#1933 = ADVANCED_FACE ( 'NONE', ( #737 ), #2169, .T. ) ;
#1934 = ORIENTED_EDGE ( 'NONE', *, *, #1221, .T. ) ;
#1935 = CARTESIAN_POINT ( 'NONE',  ( 4.899999999999997691, 3.549999999999999822, 2.000000000000000000 ) ) ;
#1936 = CARTESIAN_POINT ( 'NONE',  ( -0.000000000000000000, 8.050000000000000711, 0.000000000000000000 ) ) ;
#1937 = LINE ( 'NONE', #38, #1588 ) ;
#1938 = AXIS2_PLACEMENT_3D ( 'NONE', #1088, #874, #568 ) ;
#1939 = EDGE_CURVE ( 'NONE', #838, #1893, #1951, .T. ) ;
#1940 = DIRECTION ( 'NONE',  ( -0.000000000000000000, 0.000000000000000000, 1.000000000000000000 ) ) ;
#1941 = ORIENTED_EDGE ( 'NONE', *, *, #1189, .F. ) ;
#1942 = EDGE_LOOP ( 'NONE', ( #610, #237, #1601, #1576 ) ) ;
#1943 = CARTESIAN_POINT ( 'NONE',  ( 2.049999999999999822, 9.049999999999998934, 2.000000000000000000 ) ) ;
#1944 = VERTEX_POINT ( 'NONE', #111 ) ;
#1945 = FACE_BOUND ( 'NONE', #1126, .T. ) ;
#1946 = DIRECTION ( 'NONE',  ( -0.000000000000000000, 0.000000000000000000, 1.000000000000000000 ) ) ;
#1947 = CARTESIAN_POINT ( 'NONE',  ( 6.899999999999999467, 2.050000000000003375, 2.000000000000000000 ) ) ;
#1948 = ORIENTED_EDGE ( 'NONE', *, *, #1030, .F. ) ;
#1949 = PRODUCT_DEFINITION_SHAPE ( 'NONE', 'NONE',  #1670 ) ;
#1950 = EDGE_CURVE ( 'NONE', #205, #588, #976, .T. ) ;
#1951 = LINE ( 'NONE', #1849, #316 ) ;
#1952 = EDGE_CURVE ( 'NONE', #1929, #1442, #2216, .T. ) ;
#1953 = VECTOR ( 'NONE', #554, 1000.000000000000000 ) ;
#1954 = ORIENTED_EDGE ( 'NONE', *, *, #1253, .F. ) ;
#1955 = DIRECTION ( 'NONE',  ( 0.000000000000000000, -0.000000000000000000, -1.000000000000000000 ) ) ;
#1956 = ORIENTED_EDGE ( 'NONE', *, *, #1887, .F. ) ;
#1957 = CARTESIAN_POINT ( 'NONE',  ( 0.8000000000000005995, 21.14999999999999503, 0.000000000000000000 ) ) ;
#1958 = DIRECTION ( 'NONE',  ( 1.000000000000000000, 0.000000000000000000, 0.000000000000000000 ) ) ;
#1959 = ADVANCED_FACE ( 'NONE', ( #295 ), #1696, .T. ) ;
#1960 = DIRECTION ( 'NONE',  ( 0.000000000000000000, 0.000000000000000000, -1.000000000000000000 ) ) ;
#1961 = DIRECTION ( 'NONE',  ( 0.000000000000000000, 1.000000000000000000, 0.000000000000000000 ) ) ;
#1962 = DIRECTION ( 'NONE',  ( 0.000000000000000000, 0.000000000000000000, 1.000000000000000000 ) ) ;
#1963 = AXIS2_PLACEMENT_3D ( 'NONE', #1386, #375, #1071 ) ;
#1964 = CARTESIAN_POINT ( 'NONE',  ( 0.8000000000000009326, 18.50421901205574926, 2.000000000000000000 ) ) ;
#1965 = DIRECTION ( 'NONE',  ( -0.000000000000000000, -0.000000000000000000, -1.000000000000000000 ) ) ;
#1966 = VERTEX_POINT ( 'NONE', #2054 ) ;
#1967 = ADVANCED_FACE ( 'NONE', ( #1355 ), #1496, .F. ) ;
#1968 = ORIENTED_EDGE ( 'NONE', *, *, #907, .T. ) ;
#1969 = FACE_OUTER_BOUND ( 'NONE', #771, .T. ) ;
#1970 = VECTOR ( 'NONE', #2153, 1000.000000000000000 ) ;
#1971 = DIRECTION ( 'NONE',  ( 0.000000000000000000, 0.000000000000000000, 1.000000000000000000 ) ) ;
#1972 = DIRECTION ( 'NONE',  ( 1.000000000000000000, 0.000000000000000000, 0.000000000000000000 ) ) ;
#1973 = DIRECTION ( 'NONE',  ( 0.000000000000000000, -0.000000000000000000, -1.000000000000000000 ) ) ;
#1974 = CARTESIAN_POINT ( 'NONE',  ( 22.75000000000000000, 2.550000000000000266, 2.000000000000000000 ) ) ;
#1975 = VECTOR ( 'NONE', #1254, 1000.000000000000000 ) ;
#1976 = DIRECTION ( 'NONE',  ( 1.000000000000000000, 0.000000000000000000, 0.000000000000000000 ) ) ;
#1977 = VERTEX_POINT ( 'NONE', #998 ) ;
#1978 = EDGE_LOOP ( 'NONE', ( #477, #995, #647, #1637 ) ) ;
#1979 = ADVANCED_FACE ( 'NONE', ( #1344 ), #645, .T. ) ;
#1980 = CARTESIAN_POINT ( 'NONE',  ( 2.049999999999999822, 22.64999999999999147, 2.000000000000000000 ) ) ;
#1981 = DIRECTION ( 'NONE',  ( 1.000000000000000000, 0.000000000000000000, 0.000000000000000000 ) ) ;
#1982 = FACE_OUTER_BOUND ( 'NONE', #2104, .T. ) ;
#1983 = CARTESIAN_POINT ( 'NONE',  ( 22.75000000000000000, 28.14999999999999503, 2.000000000000001776 ) ) ;
#1984 = CARTESIAN_POINT ( 'NONE',  ( 6.899999999999999467, 0.000000000000000000, 2.000000000000000000 ) ) ;
#1985 = CARTESIAN_POINT ( 'NONE',  ( 25.75000000000000000, 2.050000000000002043, 2.000000000000000000 ) ) ;
#1986 = ORIENTED_EDGE ( 'NONE', *, *, #1994, .T. ) ;
#1987 = AXIS2_PLACEMENT_3D ( 'NONE', #2170, #2195, #103 ) ;
#1988 = ADVANCED_FACE ( 'NONE', ( #1826 ), #1520, .T. ) ;
#1989 = VERTEX_POINT ( 'NONE', #447 ) ;
#1990 = FACE_OUTER_BOUND ( 'NONE', #247, .T. ) ;
#1991 = ORIENTED_EDGE ( 'NONE', *, *, #2025, .F. ) ;
#1992 = LINE ( 'NONE', #1481, #522 ) ;
#1993 = AXIS2_PLACEMENT_3D ( 'NONE', #85, #2018, #281 ) ;
#1994 = EDGE_CURVE ( 'NONE', #1710, #761, #686, .T. ) ;
#1995 = VERTEX_POINT ( 'NONE', #1310 ) ;
#1996 = AXIS2_PLACEMENT_3D ( 'NONE', #1056, #1393, #1381 ) ;
#1997 = LINE ( 'NONE', #919, #1427 ) ;
#1998 = AXIS2_PLACEMENT_3D ( 'NONE', #989, #1332, #1149 ) ;
#1999 = CARTESIAN_POINT ( 'NONE',  ( 20.75000000000000000, 4.144645782412853308, 0.000000000000000000 ) ) ;
#2000 = ORIENTED_EDGE ( 'NONE', *, *, #134, .T. ) ;
#2001 = APPLICATION_CONTEXT ( 'automotive_design' ) ;
#2002 = ORIENTED_EDGE ( 'NONE', *, *, #779, .T. ) ;
#2003 = ADVANCED_FACE ( 'NONE', ( #956 ), #809, .T. ) ;
#2004 = CARTESIAN_POINT ( 'NONE',  ( 22.75000000000000000, 27.03748219369605366, 0.000000000000000000 ) ) ;
#2005 = ADVANCED_FACE ( 'NONE', ( #1662 ), #1141, .F. ) ;
#2006 = DIRECTION ( 'NONE',  ( -2.429584700247629288E-17, 1.000000000000000000, 0.000000000000000000 ) ) ;
#2007 = VECTOR ( 'NONE', #502, 1000.000000000000000 ) ;
#2008 = DIRECTION ( 'NONE',  ( 1.000000000000000000, 0.000000000000000000, 0.000000000000000000 ) ) ;
#2009 = LINE ( 'NONE', #1192, #54 ) ;
#2010 = DIRECTION ( 'NONE',  ( -1.156482317317871725E-16, 1.000000000000000000, 0.000000000000000000 ) ) ;
#2011 = EDGE_CURVE ( 'NONE', #91, #439, #2225, .T. ) ;
#2012 = CARTESIAN_POINT ( 'NONE',  ( 25.75000000000000000, 31.64999999999999858, -5.204170427930421283E-15 ) ) ;
#2013 = ORIENTED_EDGE ( 'NONE', *, *, #1156, .T. ) ;
#2014 = AXIS2_PLACEMENT_3D ( 'NONE', #314, #994, #495 ) ;
#2015 = VERTEX_POINT ( 'NONE', #1321 ) ;
#2016 = DIRECTION ( 'NONE',  ( -0.000000000000000000, -0.000000000000000000, -1.000000000000000000 ) ) ;
#2017 = VERTEX_POINT ( 'NONE', #1653 ) ;
#2018 = DIRECTION ( 'NONE',  ( 0.000000000000000000, 0.000000000000000000, 1.000000000000000000 ) ) ;
#2019 = CARTESIAN_POINT ( 'NONE',  ( 2.633333333333332860, 21.26807300401857859, 0.000000000000000000 ) ) ;
#2020 = DIRECTION ( 'NONE',  ( -1.000000000000000000, 0.000000000000000000, 0.000000000000000000 ) ) ;
#2021 = CARTESIAN_POINT ( 'NONE',  ( 7.899999999999999467, 5.050000000000001599, 2.000000000000000000 ) ) ;
#2022 = DIRECTION ( 'NONE',  ( -0.000000000000000000, -0.000000000000000000, -1.000000000000000000 ) ) ;
#2023 = AXIS2_PLACEMENT_3D ( 'NONE', #901, #1266, #1772 ) ;
#2024 = ORIENTED_EDGE ( 'NONE', *, *, #62, .F. ) ;
#2025 = EDGE_CURVE ( 'NONE', #1362, #1944, #497, .T. ) ;
#2026 = ORIENTED_EDGE ( 'NONE', *, *, #474, .T. ) ;
#2027 = VECTOR ( 'NONE', #478, 1000.000000000000000 ) ;
#2028 = DIRECTION ( 'NONE',  ( 1.000000000000000000, -2.312964634635743450E-15, 0.000000000000000000 ) ) ;
#2029 = VECTOR ( 'NONE', #516, 1000.000000000000000 ) ;
#2030 = DIRECTION ( 'NONE',  ( 1.000000000000000000, 0.000000000000000000, 0.000000000000000000 ) ) ;
#2031 = LINE ( 'NONE', #110, #1211 ) ;
#2032 = EDGE_CURVE ( 'NONE', #2047, #857, #102, .T. ) ;
#2033 = CARTESIAN_POINT ( 'NONE',  ( 22.75000000000000000, 27.03748219369605366, -6.149186938124419299 ) ) ;
#2034 = DIRECTION ( 'NONE',  ( -0.000000000000000000, -0.000000000000000000, -1.000000000000000000 ) ) ;
#2035 = ORIENTED_EDGE ( 'NONE', *, *, #1906, .T. ) ;
#2036 = ORIENTED_EDGE ( 'NONE', *, *, #1711, .F. ) ;
#2037 = VECTOR ( 'NONE', #2250, 1000.000000000000000 ) ;
#2038 = ADVANCED_FACE ( 'NONE', ( #2205 ), #634, .T. ) ;
#2039 = CARTESIAN_POINT ( 'NONE',  ( 0.8000000000000005995, 21.14999999999999503, 2.000000000000000000 ) ) ;
#2040 = VECTOR ( 'NONE', #1660, 1000.000000000000000 ) ;
#2041 = VERTEX_POINT ( 'NONE', #285 ) ;
#2042 = DIRECTION ( 'NONE',  ( 0.000000000000000000, -0.000000000000000000, 1.000000000000000000 ) ) ;
#2043 = CARTESIAN_POINT ( 'NONE',  ( 18.89999999999999858, 0.000000000000000000, 0.000000000000000000 ) ) ;
#2044 = DIRECTION ( 'NONE',  ( 0.000000000000000000, -0.000000000000000000, 1.000000000000000000 ) ) ;
#2045 = LINE ( 'NONE', #1300, #1294 ) ;
#2046 = VERTEX_POINT ( 'NONE', #1684 ) ;
#2047 = VERTEX_POINT ( 'NONE', #1751 ) ;
#2048 = VECTOR ( 'NONE', #193, 1000.000000000000000 ) ;
#2049 = FACE_OUTER_BOUND ( 'NONE', #315, .T. ) ;
#2050 = ORIENTED_EDGE ( 'NONE', *, *, #2110, .T. ) ;
#2051 = EDGE_CURVE ( 'NONE', #1190, #2131, #319, .T. ) ;
#2052 = CARTESIAN_POINT ( 'NONE',  ( 17.90000000000000213, 5.050000000000001599, 2.000000000000000000 ) ) ;
#2053 = DIRECTION ( 'NONE',  ( 0.000000000000000000, -0.000000000000000000, -1.000000000000000000 ) ) ;
#2054 = CARTESIAN_POINT ( 'NONE',  ( 0.04999999999999796274, 0.8499999999999999778, 0.000000000000000000 ) ) ;
#2055 = CARTESIAN_POINT ( 'NONE',  ( 25.00000000000000000, 21.14999999999999503, 0.000000000000000000 ) ) ;
#2056 = ORIENTED_EDGE ( 'NONE', *, *, #827, .F. ) ;
#2057 = ORIENTED_EDGE ( 'NONE', *, *, #533, .T. ) ;
#2058 = EDGE_CURVE ( 'NONE', #1041, #519, #1242, .T. ) ;
#2059 = CARTESIAN_POINT ( 'NONE',  ( 23.75000000000000000, 9.049999999999998934, 2.000000000000000000 ) ) ;
#2060 = EDGE_LOOP ( 'NONE', ( #1644, #726, #2000, #1875, #702 ) ) ;
#2061 = LINE ( 'NONE', #1340, #116 ) ;
#2062 = DIRECTION ( 'NONE',  ( -0.000000000000000000, 0.000000000000000000, 1.000000000000000000 ) ) ;
#2063 = CARTESIAN_POINT ( 'NONE',  ( 3.050000000000000266, 3.550000000000000266, 2.000000000000000000 ) ) ;
#2064 = ADVANCED_FACE ( 'NONE', ( #700 ), #666, .F. ) ;
#2065 = CARTESIAN_POINT ( 'NONE',  ( 25.75000000000000000, 4.662517806303938528, 2.000000000000000000 ) ) ;
#2066 = ORIENTED_EDGE ( 'NONE', *, *, #159, .T. ) ;
#2067 = ORIENTED_EDGE ( 'NONE', *, *, #1055, .F. ) ;
#2068 = CIRCLE ( 'NONE', #718, 1.000000000000000888 ) ;
#2069 = DIRECTION ( 'NONE',  ( 1.000000000000000000, 0.000000000000000000, 0.000000000000000000 ) ) ;
#2070 = EDGE_CURVE ( 'NONE', #1883, #830, #246, .T. ) ;
#2071 = EDGE_CURVE ( 'NONE', #1469, #2093, #833, .T. ) ;
#2072 = VERTEX_POINT ( 'NONE', #1194 ) ;
#2073 = FACE_OUTER_BOUND ( 'NONE', #433, .T. ) ;
#2074 = CARTESIAN_POINT ( 'NONE',  ( 0.05000000000000001665, 30.85000000000000142, 0.7999999999999917177 ) ) ;
#2075 = DIRECTION ( 'NONE',  ( 0.000000000000000000, 0.000000000000000000, -1.000000000000000000 ) ) ;
#2076 = DIRECTION ( 'NONE',  ( -0.000000000000000000, 0.000000000000000000, 1.000000000000000000 ) ) ;
#2077 = AXIS2_PLACEMENT_3D ( 'NONE', #1901, #1707, #145 ) ;
#2078 = VERTEX_POINT ( 'NONE', #1541 ) ;
#2079 = ADVANCED_FACE ( 'NONE', ( #515 ), #1218, .T. ) ;
#2080 = ADVANCED_FACE ( 'NONE', ( #844 ), #179, .T. ) ;
#2081 = AXIS2_PLACEMENT_3D ( 'NONE', #605, #1306, #431 ) ;
#2082 = ORIENTED_EDGE ( 'NONE', *, *, #1197, .F. ) ;
#2083 = DIRECTION ( 'NONE',  ( -0.000000000000000000, -0.000000000000000000, 1.000000000000000000 ) ) ;
#2084 = DIRECTION ( 'NONE',  ( -0.000000000000000000, -0.000000000000000000, -1.000000000000000000 ) ) ;
#2085 = ORIENTED_EDGE ( 'NONE', *, *, #836, .T. ) ;
#2086 = PRESENTATION_LAYER_ASSIGNMENT (  '', '', ( #1500 ) ) ;
#2087 = DIRECTION ( 'NONE',  ( -0.000000000000000000, 0.000000000000000000, 1.000000000000000000 ) ) ;
#2088 = VECTOR ( 'NONE', #521, 1000.000000000000000 ) ;
#2089 = CARTESIAN_POINT ( 'NONE',  ( 5.050000000000000711, 27.55535421758713710, 2.000000000000000000 ) ) ;
#2090 = DIRECTION ( 'NONE',  ( -0.000000000000000000, 0.000000000000000000, 1.000000000000000000 ) ) ;
#2091 = DIRECTION ( 'NONE',  ( 1.156482317317871971E-16, -1.000000000000000000, 0.000000000000000000 ) ) ;
#2092 = ORIENTED_EDGE ( 'NONE', *, *, #424, .T. ) ;
#2093 = VERTEX_POINT ( 'NONE', #1366 ) ;
#2094 = FACE_OUTER_BOUND ( 'NONE', #1778, .T. ) ;
#2095 = CARTESIAN_POINT ( 'NONE',  ( 0.04999999999999796274, 30.84999999999999787, 0.7999999999999930500 ) ) ;
#2096 = VECTOR ( 'NONE', #1244, 1000.000000000000000 ) ;
#2097 = EDGE_LOOP ( 'NONE', ( #274, #1229, #648, #1046 ) ) ;
#2098 = DIRECTION ( 'NONE',  ( 1.000000000000000000, 0.000000000000000000, 0.000000000000000000 ) ) ;
#2099 = VECTOR ( 'NONE', #598, 1000.000000000000000 ) ;
#2100 = DIRECTION ( 'NONE',  ( 1.000000000000000000, 0.000000000000000000, 0.000000000000000000 ) ) ;
#2101 = CARTESIAN_POINT ( 'NONE',  ( 21.90000000000000213, 2.550000000000000266, 2.000000000000000000 ) ) ;
#2102 = ORIENTED_EDGE ( 'NONE', *, *, #12, .F. ) ;
#2103 = EDGE_CURVE ( 'NONE', #1995, #1818, #649, .T. ) ;
#2104 = EDGE_LOOP ( 'NONE', ( #589, #770, #104, #1059 ) ) ;
#2105 = DIRECTION ( 'NONE',  ( 1.000000000000000000, 0.000000000000000000, 0.000000000000000000 ) ) ;
#2106 = AXIS2_PLACEMENT_3D ( 'NONE', #1093, #542, #2125 ) ;
#2107 = LINE ( 'NONE', #513, #2158 ) ;
#2108 = CIRCLE ( 'NONE', #1226, 1.000000000000000888 ) ;
#2109 = ORIENTED_EDGE ( 'NONE', *, *, #405, .T. ) ;
#2110 = EDGE_CURVE ( 'NONE', #2072, #127, #828, .T. ) ;
#2111 = DIRECTION ( 'NONE',  ( -0.000000000000000000, 0.000000000000000000, 1.000000000000000000 ) ) ;
#2112 = CARTESIAN_POINT ( 'NONE',  ( -4.278938409750048986E-16, 2.050000000000002043, 2.000000000000000000 ) ) ;
#2113 = DIRECTION ( 'NONE',  ( 1.000000000000000000, 1.156482317317871331E-15, 0.000000000000000000 ) ) ;
#2114 = CARTESIAN_POINT ( 'NONE',  ( 25.00000000000000000, 18.50421901205574216, 0.000000000000000000 ) ) ;
#2115 = VECTOR ( 'NONE', #189, 1000.000000000000000 ) ;
#2116 = ORIENTED_EDGE ( 'NONE', *, *, #1547, .T. ) ;
#2117 = AXIS2_PLACEMENT_3D ( 'NONE', #1062, #1915, #2251 ) ;
#2118 = ORIENTED_EDGE ( 'NONE', *, *, #1555, .T. ) ;
#2119 = DIRECTION ( 'NONE',  ( 1.000000000000000000, 0.000000000000000000, 0.000000000000000000 ) ) ;
#2120 = ORIENTED_EDGE ( 'NONE', *, *, #907, .F. ) ;
#2121 =( NAMED_UNIT ( * ) PLANE_ANGLE_UNIT ( ) SI_UNIT ( $, .RADIAN. ) );
#2122 = CARTESIAN_POINT ( 'NONE',  ( 17.89999999999999858, 6.050000000000001599, 2.000000000000000000 ) ) ;
#2123 = EDGE_CURVE ( 'NONE', #2015, #2149, #881, .T. ) ;
#2124 = EDGE_CURVE ( 'NONE', #2232, #1190, #119, .T. ) ;
#2125 = DIRECTION ( 'NONE',  ( 1.000000000000000000, 0.000000000000000000, 0.000000000000000000 ) ) ;
#2126 = AXIS2_PLACEMENT_3D ( 'NONE', #300, #327, #1032 ) ;
#2127 = LINE ( 'NONE', #52, #1953 ) ;
#2128 = ORIENTED_EDGE ( 'NONE', *, *, #83, .T. ) ;
#2129 = DIRECTION ( 'NONE',  ( 1.000000000000000000, 0.000000000000000000, 0.000000000000000000 ) ) ;
#2130 = ORIENTED_EDGE ( 'NONE', *, *, #1347, .T. ) ;
#2131 = VERTEX_POINT ( 'NONE', #676 ) ;
#2132 = ADVANCED_FACE ( 'NONE', ( #1412 ), #481, .F. ) ;
#2133 = DIRECTION ( 'NONE',  ( -0.000000000000000000, -0.000000000000000000, -1.000000000000000000 ) ) ;
#2134 = DIRECTION ( 'NONE',  ( -0.000000000000000000, 0.000000000000000000, 1.000000000000000000 ) ) ;
#2135 = CARTESIAN_POINT ( 'NONE',  ( 4.278938409750060326E-16, 2.050000000000006928, 2.000000000000000000 ) ) ;
#2136 = LINE ( 'NONE', #392, #1863 ) ;
#2137 = EDGE_CURVE ( 'NONE', #2041, #2174, #6, .T. ) ;
#2138 = VERTEX_POINT ( 'NONE', #490 ) ;
#2139 = CARTESIAN_POINT ( 'NONE',  ( 0.04999999999999796274, 0.8499999999999999778, 0.7999999999999989342 ) ) ;
#2140 = ORIENTED_EDGE ( 'NONE', *, *, #2178, .T. ) ;
#2141 = DIRECTION ( 'NONE',  ( -0.000000000000000000, -0.000000000000000000, 1.000000000000000000 ) ) ;
#2142 = DIRECTION ( 'NONE',  ( 0.000000000000000000, 0.000000000000000000, 1.000000000000000000 ) ) ;
#2143 = DIRECTION ( 'NONE',  ( 0.000000000000000000, -0.000000000000000000, -1.000000000000000000 ) ) ;
#2144 = EDGE_LOOP ( 'NONE', ( #2207, #1214, #1923, #1370, #106 ) ) ;
#2145 = CIRCLE ( 'NONE', #753, 2.749999999999999112 ) ;
#2146 = LINE ( 'NONE', #228, #1503 ) ;
#2147 = CARTESIAN_POINT ( 'NONE',  ( 22.75000000000000000, 29.14999999999999503, 2.000000000000000000 ) ) ;
#2148 = AXIS2_PLACEMENT_3D ( 'NONE', #1492, #619, #765 ) ;
#2149 = VERTEX_POINT ( 'NONE', #1013 ) ;
#2150 = EDGE_CURVE ( 'NONE', #1303, #1454, #1524, .T. ) ;
#2151 = ORIENTED_EDGE ( 'NONE', *, *, #424, .F. ) ;
#2152 = AXIS2_PLACEMENT_3D ( 'NONE', #2033, #1163, #1858 ) ;
#2153 = DIRECTION ( 'NONE',  ( 0.000000000000000000, 0.000000000000000000, -1.000000000000000000 ) ) ;
#2154 = CARTESIAN_POINT ( 'NONE',  ( 0.000000000000000000, 6.050000000000001599, 2.000000000000000000 ) ) ;
#2155 = CARTESIAN_POINT ( 'NONE',  ( 17.90000000000000213, 5.050000000000001599, 0.000000000000000000 ) ) ;
#2156 = DIRECTION ( 'NONE',  ( -0.000000000000000000, 0.000000000000000000, 1.000000000000000000 ) ) ;
#2157 = EDGE_CURVE ( 'NONE', #1931, #923, #855, .T. ) ;
#2158 = VECTOR ( 'NONE', #355, 1000.000000000000000 ) ;
#2159 = CARTESIAN_POINT ( 'NONE',  ( 22.31521739130434767, 11.39603897362863272, 2.000000000000000000 ) ) ;
#2160 = AXIS2_PLACEMENT_3D ( 'NONE', #2271, #37, #398 ) ;
#2161 = DIRECTION ( 'NONE',  ( -0.000000000000000000, -0.000000000000000000, -1.000000000000000000 ) ) ;
#2162 = EDGE_LOOP ( 'NONE', ( #1968, #1767, #736, #1843, #908 ) ) ;
#2163 = ORIENTED_EDGE ( 'NONE', *, *, #1295, .F. ) ;
#2164 = EDGE_CURVE ( 'NONE', #1051, #1944, #1204, .T. ) ;
#2165 = CARTESIAN_POINT ( 'NONE',  ( 25.75000000000000000, 0.000000000000000000, 2.000000000000000000 ) ) ;
#2166 = ORIENTED_EDGE ( 'NONE', *, *, #1768, .T. ) ;
#2167 = CARTESIAN_POINT ( 'NONE',  ( 23.75000000000000000, 3.550000000000000266, 0.000000000000000000 ) ) ;
#2168 = ORIENTED_EDGE ( 'NONE', *, *, #1145, .F. ) ;
#2169 = CYLINDRICAL_SURFACE ( 'NONE', #278, 2.749999999999999112 ) ;
#2170 = CARTESIAN_POINT ( 'NONE',  ( 2.049999999999999822, 22.64999999999999147, 2.000000000000000000 ) ) ;
#2171 = ADVANCED_FACE ( 'NONE', ( #2260 ), #755, .F. ) ;
#2172 = ADVANCED_FACE ( 'NONE', ( #1639 ), #1798, .T. ) ;
#2173 = ORIENTED_EDGE ( 'NONE', *, *, #2103, .F. ) ;
#2174 = VERTEX_POINT ( 'NONE', #724 ) ;
#2175 = CARTESIAN_POINT ( 'NONE',  ( 23.75000000000000000, 9.049999999999998934, 0.000000000000000000 ) ) ;
#2176 = PLANE ( 'NONE',  #2081 ) ;
#2177 = ORIENTED_EDGE ( 'NONE', *, *, #876, .T. ) ;
#2178 = EDGE_CURVE ( 'NONE', #352, #1474, #378, .T. ) ;
#2179 = DIRECTION ( 'NONE',  ( 1.716653439768715457E-17, 1.000000000000000000, 0.000000000000000000 ) ) ;
#2180 = CIRCLE ( 'NONE', #302, 2.999999999999999112 ) ;
#2181 = CARTESIAN_POINT ( 'NONE',  ( 2.050000000000000266, 28.14999999999999503, 2.000000000000000000 ) ) ;
#2182 = DIRECTION ( 'NONE',  ( 1.000000000000000000, 0.000000000000000000, 0.000000000000000000 ) ) ;
#2183 = AXIS2_PLACEMENT_3D ( 'NONE', #574, #2156, #412 ) ;
#2184 = DIRECTION ( 'NONE',  ( 1.000000000000000000, 0.000000000000000000, 0.000000000000000000 ) ) ;
#2185 = EDGE_LOOP ( 'NONE', ( #505, #1852, #1414, #1416 ) ) ;
#2186 = ORIENTED_EDGE ( 'NONE', *, *, #952, .F. ) ;
#2187 = DIRECTION ( 'NONE',  ( 0.000000000000000000, 0.000000000000000000, 1.000000000000000000 ) ) ;
#2188 = VECTOR ( 'NONE', #597, 1000.000000000000000 ) ;
#2189 = ORIENTED_EDGE ( 'NONE', *, *, #1465, .F. ) ;
#2190 = PRODUCT_CONTEXT ( 'NONE', #897, 'mechanical' ) ;
#2191 = FACE_OUTER_BOUND ( 'NONE', #1978, .T. ) ;
#2192 = CARTESIAN_POINT ( 'NONE',  ( 2.049999999999999822, 9.049999999999998934, 2.000000000000000000 ) ) ;
#2193 = EDGE_CURVE ( 'NONE', #1818, #1337, #51, .T. ) ;
#2194 = CARTESIAN_POINT ( 'NONE',  ( 2.049999999999999822, 9.049999999999998934, 2.000000000000000000 ) ) ;
#2195 = DIRECTION ( 'NONE',  ( 0.000000000000000000, -0.000000000000000000, -1.000000000000000000 ) ) ;
#2196 = ORIENTED_EDGE ( 'NONE', *, *, #1994, .F. ) ;
#2197 = VECTOR ( 'NONE', #986, 1000.000000000000000 ) ;
#2198 = ORIENTED_EDGE ( 'NONE', *, *, #1932, .F. ) ;
#2199 = VECTOR ( 'NONE', #1856, 1000.000000000000000 ) ;
#2200 = CARTESIAN_POINT ( 'NONE',  ( 2.050000000000000266, 29.14999999999999503, -21.70575960430779006 ) ) ;
#2201 = ADVANCED_FACE ( 'NONE', ( #1458 ), #213, .T. ) ;
#2202 = VERTEX_POINT ( 'NONE', #916 ) ;
#2203 = CARTESIAN_POINT ( 'NONE',  ( 18.89999999999999147, 0.8499999999999999778, 0.7999999999999989342 ) ) ;
#2204 = CARTESIAN_POINT ( 'NONE',  ( 5.050000000000000711, 17.74464578241284940, 2.000000000000000000 ) ) ;
#2205 = FACE_OUTER_BOUND ( 'NONE', #1834, .T. ) ;
#2206 = DIRECTION ( 'NONE',  ( 0.000000000000000000, 0.000000000000000000, 1.000000000000000000 ) ) ;
#2207 = ORIENTED_EDGE ( 'NONE', *, *, #732, .T. ) ;
#2208 = ADVANCED_FACE ( 'NONE', ( #1285 ), #28, .F. ) ;
#2209 = EDGE_LOOP ( 'NONE', ( #349, #1186, #1003, #1404 ) ) ;
#2210 = VECTOR ( 'NONE', #1034, 1000.000000000000000 ) ;
#2211 = CIRCLE ( 'NONE', #1987, 2.749999999999999112 ) ;
#2212 = DIRECTION ( 'NONE',  ( -0.000000000000000000, 0.000000000000000000, 1.000000000000000000 ) ) ;
#2213 = ORIENTED_EDGE ( 'NONE', *, *, #677, .T. ) ;
#2214 = CARTESIAN_POINT ( 'NONE',  ( 0.8000000000000015987, 13.19578098794424825, 2.000000000000000000 ) ) ;
#2215 = LINE ( 'NONE', #2043, #218 ) ;
#2216 = LINE ( 'NONE', #262, #902 ) ;
#2217 = LINE ( 'NONE', #1497, #532 ) ;
#2218 = CIRCLE ( 'NONE', #1918, 0.9999999999999995559 ) ;
#2219 = ORIENTED_EDGE ( 'NONE', *, *, #479, .F. ) ;
#2220 = ORIENTED_EDGE ( 'NONE', *, *, #1842, .T. ) ;
#2221 = EDGE_CURVE ( 'NONE', #1039, #1854, #486, .T. ) ;
#2222 = CARTESIAN_POINT ( 'NONE',  ( 2.383333333333332860, 24.11249406456534317, -6.149186938124419299 ) ) ;
#2223 = VECTOR ( 'NONE', #1148, 1000.000000000000000 ) ;
#2224 = ORIENTED_EDGE ( 'NONE', *, *, #1932, .T. ) ;
#2225 = CIRCLE ( 'NONE', #1495, 3.000000000000000888 ) ;
#2226 = CARTESIAN_POINT ( 'NONE',  ( 3.050000000000000266, 28.14999999999999503, 2.000000000000000000 ) ) ;
#2227 = CARTESIAN_POINT ( 'NONE',  ( 2.383333333333332860, 24.11249406456534317, 0.000000000000000000 ) ) ;
#2228 = DIRECTION ( 'NONE',  ( 0.000000000000000000, 1.000000000000000000, 0.000000000000000000 ) ) ;
#2229 = CARTESIAN_POINT ( 'NONE',  ( 17.90000000000000213, 8.050000000000000711, 0.000000000000000000 ) ) ;
#2230 = ORIENTED_EDGE ( 'NONE', *, *, #2164, .T. ) ;
#2231 = EDGE_CURVE ( 'NONE', #1337, #1929, #2180, .T. ) ;
#2232 = VERTEX_POINT ( 'NONE', #573 ) ;
#2233 = VECTOR ( 'NONE', #2084, 1000.000000000000000 ) ;
#2234 = CARTESIAN_POINT ( 'NONE',  ( 0.000000000000000000, 31.64999999999999858, -5.204170427930421283E-15 ) ) ;
#2235 = ORIENTED_EDGE ( 'NONE', *, *, #1183, .T. ) ;
#2236 = EDGE_CURVE ( 'NONE', #1357, #2017, #410, .T. ) ;
#2237 = LINE ( 'NONE', #996, #2027 ) ;
#2238 = DIRECTION ( 'NONE',  ( -0.000000000000000000, 0.000000000000000000, 1.000000000000000000 ) ) ;
#2239 = CARTESIAN_POINT ( 'NONE',  ( 20.75000000000000000, 13.95535421758714634, 2.000000000000000000 ) ) ;
#2240 = PLANE ( 'NONE',  #637 ) ;
#2241 = ORIENTED_EDGE ( 'NONE', *, *, #814, .F. ) ;
#2242 = EDGE_CURVE ( 'NONE', #232, #851, #1812, .T. ) ;
#2243 = EDGE_CURVE ( 'NONE', #23, #1074, #238, .T. ) ;
#2244 = ORIENTED_EDGE ( 'NONE', *, *, #362, .T. ) ;
#2245 = DIRECTION ( 'NONE',  ( -0.000000000000000000, 0.000000000000000000, 1.000000000000000000 ) ) ;
#2246 = VERTEX_POINT ( 'NONE', #764 ) ;
#2247 = CIRCLE ( 'NONE', #848, 2.999999999999999112 ) ;
#2248 = DIRECTION ( 'NONE',  ( -0.000000000000000000, 0.000000000000000000, 1.000000000000000000 ) ) ;
#2249 = EDGE_CURVE ( 'NONE', #557, #1893, #818, .T. ) ;
#2250 = DIRECTION ( 'NONE',  ( -0.000000000000000000, -0.000000000000000000, 1.000000000000000000 ) ) ;
#2251 = DIRECTION ( 'NONE',  ( -1.000000000000000000, 0.000000000000000000, 0.000000000000000000 ) ) ;
#2252 = CARTESIAN_POINT ( 'NONE',  ( 3.899999999999998579, 3.550000000000000266, 0.000000000000000000 ) ) ;
#2253 = ORIENTED_EDGE ( 'NONE', *, *, #1110, .F. ) ;
#2254 = ORIENTED_EDGE ( 'NONE', *, *, #1124, .F. ) ;
#2255 = DIRECTION ( 'NONE',  ( -0.000000000000000000, 0.000000000000000000, 1.000000000000000000 ) ) ;
#2256 = LINE ( 'NONE', #1874, #1646 ) ;
#2257 = VERTEX_POINT ( 'NONE', #1246 ) ;
#2258 = CARTESIAN_POINT ( 'NONE',  ( 6.899999999999999467, 2.050000000000003375, 2.000000000000000000 ) ) ;
#2259 = CARTESIAN_POINT ( 'NONE',  ( 2.049999999999999822, 9.049999999999998934, 0.000000000000000000 ) ) ;
#2260 = FACE_OUTER_BOUND ( 'NONE', #2209, .T. ) ;
#2261 = CARTESIAN_POINT ( 'NONE',  ( 20.90000000000000213, 5.050000000000001599, 2.000000000000000000 ) ) ;
#2262 = VECTOR ( 'NONE', #1507, 1000.000000000000000 ) ;
#2263 = ORIENTED_EDGE ( 'NONE', *, *, #1721, .F. ) ;
#2264 = CIRCLE ( 'NONE', #324, 2.999999999999999112 ) ;
#2265 = ORIENTED_EDGE ( 'NONE', *, *, #662, .F. ) ;
#2266 = DIRECTION ( 'NONE',  ( 1.000000000000000000, 0.000000000000000000, 0.000000000000000000 ) ) ;
#2267 = DIRECTION ( 'NONE',  ( -1.000000000000000000, 0.000000000000000000, 0.000000000000000000 ) ) ;
#2268 = VERTEX_POINT ( 'NONE', #744 ) ;
#2269 =( GEOMETRIC_REPRESENTATION_CONTEXT ( 3 ) GLOBAL_UNCERTAINTY_ASSIGNED_CONTEXT ( ( #1326 ) ) GLOBAL_UNIT_ASSIGNED_CONTEXT ( ( #223, #2121, #560 ) ) REPRESENTATION_CONTEXT ( 'NONE', 'WORKASPACE' ) );
#2270 = EDGE_CURVE ( 'NONE', #1196, #1862, #1606, .T. ) ;
#2271 = CARTESIAN_POINT ( 'NONE',  ( 22.75000000000000000, 28.14999999999999503, 0.000000000000000000 ) ) ;
#2272 = DIRECTION ( 'NONE',  ( -1.000000000000000000, 0.000000000000000000, 0.000000000000000000 ) ) ;
#2273 = DIRECTION ( 'NONE',  ( 1.000000000000000000, 0.000000000000000000, 0.000000000000000000 ) ) ;
#2274 = DIRECTION ( 'NONE',  ( 1.000000000000000000, 0.000000000000000000, 0.000000000000000000 ) ) ;
#2275 = ORIENTED_EDGE ( 'NONE', *, *, #1030, .T. ) ;
#2276 = ORIENTED_EDGE ( 'NONE', *, *, #1868, .T. ) ;
#2277 = EDGE_CURVE ( 'NONE', #588, #2131, #1937, .T. ) ;
#2278 = DIRECTION ( 'NONE',  ( -0.000000000000000000, 0.000000000000000000, 1.000000000000000000 ) ) ;
#2279 = FACE_OUTER_BOUND ( 'NONE', #1033, .T. ) ;
#2280 = ORIENTED_EDGE ( 'NONE', *, *, #1295, .T. ) ;
ENDSEC;
END-ISO-10303-21;
