ISO-10303-21;
HEADER;
FILE_DESCRIPTION (( 'STEP AP214' ),
    '1' );
FILE_NAME ('wheel_adapter.STEP',
    '2026-01-22T23:28:26',
    ( '' ),
    ( '' ),
    'SwSTEP 2.0',
    'SolidWorks 2025',
    '' );
FILE_SCHEMA (( 'AUTOMOTIVE_DESIGN' ));
ENDSEC;

DATA;
#1 = CARTESIAN_POINT ( 'NONE',  ( -6.074809178934704512, -6.349999999999999645, 0.4948548703878546395 ) ) ;
#2 = CARTESIAN_POINT ( 'NONE',  ( -2.229098567681799370, -6.349999999999999645, 9.054086811541766977 ) ) ;
#3 = CARTESIAN_POINT ( 'NONE',  ( -9.938996422655591800, -0.8256352976920871001, 1.954965967418401229 ) ) ;
#4 = EDGE_CURVE ( 'NONE', #5240, #7246, #3330, .T. ) ;
#5 = B_SPLINE_CURVE_WITH_KNOTS ( 'NONE', 3,
 ( #3642, #6961, #2983, #7701, #7014, #2426 ),
 .UNSPECIFIED., .F., .F.,
 ( 4, 2, 4 ),
 ( 0.000000000000000000, 0.0003906404837627175885, 0.0007812809675254355022 ),
 .UNSPECIFIED. ) ;
#6 = ORIENTED_EDGE ( 'NONE', *, *, #1141, .F. ) ;
#7 = CARTESIAN_POINT ( 'NONE',  ( -4.731569842957579652, -0.7499999999999997780, -4.768980253502645539 ) ) ;
#8 =( BOUNDED_CURVE ( )  B_SPLINE_CURVE ( 3, ( #555, #3184, #3228, #1 ),
 .UNSPECIFIED., .F., .F. ) 
 B_SPLINE_CURVE_WITH_KNOTS ( ( 4, 4 ),
 ( 3.927143110234821322, 5.497634850534557138 ),
 .UNSPECIFIED. ) 
 CURVE ( )  GEOMETRIC_REPRESENTATION_ITEM ( )  RATIONAL_B_SPLINE_CURVE ( ( 1.000000000000000000, 0.8048096403827852408, 0.8048096403827852408, 1.000000000000000000 ) ) 
 REPRESENTATION_ITEM ( '' )  );
#9 = CARTESIAN_POINT ( 'NONE',  ( -0.7948091789347080383, -6.349999999999999645, -5.774854870387791550 ) ) ;
#10 = CARTESIAN_POINT ( 'NONE',  ( -5.899142436556302549, -1.249999999999999778, 0.4949083761044024699 ) ) ;
#11 = CARTESIAN_POINT ( 'NONE',  ( -1.677860179041557043, -0.7499999999999997780, 8.954900817724675832 ) ) ;
#12 = CARTESIAN_POINT ( 'NONE',  ( -4.604064946664298219, -0.7499999999999997780, 5.529790801143914081 ) ) ;
#13 = CARTESIAN_POINT ( 'NONE',  ( -5.356859988824278496, -6.349999999999999645, -3.943002256977842013 ) ) ;
#14 = CARTESIAN_POINT ( 'NONE',  ( -0.9020927013233538405, -0.7551372933331891302, -6.182092701323337991 ) ) ;
#15 = CARTESIAN_POINT ( 'NONE',  ( -2.105145129612210120, -1.249999999999999778, -9.299109199783138990 ) ) ;
#16 = ORIENTED_EDGE ( 'NONE', *, *, #159, .F. ) ;
#17 = DIRECTION ( 'NONE',  ( -0.000000000000000000, -1.000000000000000000, -0.000000000000000000 ) ) ;
#18 = CARTESIAN_POINT ( 'NONE',  ( 2.103262903735290568, -1.200396464468283186, -9.676946223252336665 ) ) ;
#19 = ORIENTED_EDGE ( 'NONE', *, *, #3830, .F. ) ;
#20 = CARTESIAN_POINT ( 'NONE',  ( 2.901675761611831383, -6.350000000000000533, 5.718890084838228027 ) ) ;
#21 = CARTESIAN_POINT ( 'NONE',  ( -1.678960975715219295, -0.7499999999999996669, 8.952870585839690420 ) ) ;
#22 = ORIENTED_EDGE ( 'NONE', *, *, #5679, .F. ) ;
#23 = CARTESIAN_POINT ( 'NONE',  ( -0.8083268992938414943, -0.7777511574428088714, 6.088326899293912575 ) ) ;
#24 = SURFACE_STYLE_USAGE ( .BOTH. , #6529 ) ;
#25 = EDGE_CURVE ( 'NONE', #2099, #1314, #2163, .T. ) ;
#26 = CARTESIAN_POINT ( 'NONE',  ( -9.509478963620129122, -1.249999999999999778, -0.4948548703877888588 ) ) ;
#27 = CARTESIAN_POINT ( 'NONE',  ( 3.499999999999989342, -14.29974746830583143, -9.741464024932666277 ) ) ;
#28 = CARTESIAN_POINT ( 'NONE',  ( 0.000000000000000000, -16.35000000000000142, 13.43502884254440310 ) ) ;
#29 = CARTESIAN_POINT ( 'NONE',  ( -2.105145129612210120, -1.249999999999999778, -9.678273776526074457 ) ) ;
#30 = ORIENTED_EDGE ( 'NONE', *, *, #8396, .F. ) ;
#31 = CARTESIAN_POINT ( 'NONE',  ( -5.774854870387778227, -0.9571067811865472397, 0.7948548703878515198 ) ) ;
#32 = CARTESIAN_POINT ( 'NONE',  ( 2.168404344971008868E-16, -12.84999999999999964, -2.741464024932667609 ) ) ;
#33 =( BOUNDED_CURVE ( )  B_SPLINE_CURVE ( 3, ( #1392, #3180, #5261, #3963 ),
 .UNSPECIFIED., .F., .T. ) 
 B_SPLINE_CURVE_WITH_KNOTS ( ( 4, 4 ),
 ( 3.657999109116278014, 5.766778851653103999 ),
 .UNSPECIFIED. ) 
 CURVE ( )  GEOMETRIC_REPRESENTATION_ITEM ( )  RATIONAL_B_SPLINE_CURVE ( ( 1.000000000000000000, 0.6625055929971752633, 0.6625055929971752633, 1.000000000000000000 ) ) 
 REPRESENTATION_ITEM ( '' )  );
#34 = ADVANCED_FACE ( 'NONE', ( #3281 ), #523, .T. ) ;
#35 = CARTESIAN_POINT ( 'NONE',  ( 9.935855655966864930, -6.349999999999999645, -1.651354423408178507 ) ) ;
#36 = CARTESIAN_POINT ( 'NONE',  ( -0.7948091789346485303, -0.7499999999999997780, 5.774854870387798655 ) ) ;
#37 = CARTESIAN_POINT ( 'NONE',  ( -2.105004284771576195, -1.249999999999999778, 9.940748498636066799 ) ) ;
#38 = VECTOR ( 'NONE', #6528, 1000.000000000000000 ) ;
#39 = DIRECTION ( 'NONE',  ( -0.000000000000000000, -1.000000000000000000, -0.000000000000000000 ) ) ;
#40 = CARTESIAN_POINT ( 'NONE',  ( -6.151945474970591299, -0.8501667073564473931, -0.6875813818447966685 ) ) ;
#41 = ORIENTED_EDGE ( 'NONE', *, *, #4932, .F. ) ;
#42 = CARTESIAN_POINT ( 'NONE',  ( -9.149577171532982334, -6.349999999999999645, 2.144157438244318925 ) ) ;
#43 = CARTESIAN_POINT ( 'NONE',  ( 2.555000000000000160, -6.349999999999999645, -3.089999999999999858 ) ) ;
#44 = EDGE_CURVE ( 'NONE', #953, #2133, #4995, .T. ) ;
#45 = DIRECTION ( 'NONE',  ( -0.000000000000000000, -1.000000000000000000, -0.000000000000000000 ) ) ;
#46 = EDGE_CURVE ( 'NONE', #5604, #5975, #2489, .T. ) ;
#47 = CARTESIAN_POINT ( 'NONE',  ( -4.749987219571101704, -1.249999999999999334, -4.749987219571101704 ) ) ;
#48 = AXIS2_PLACEMENT_3D ( 'NONE', #928, #1526, #2783 ) ;
#49 = CARTESIAN_POINT ( 'NONE',  ( -5.123368383065023401, -1.249999999999999334, 4.312369852190773400 ) ) ;
#50 = CARTESIAN_POINT ( 'NONE',  ( -9.714807231517021080, -0.7690834892383863197, 1.827703956701679289 ) ) ;
#51 = ORIENTED_EDGE ( 'NONE', *, *, #4031, .F. ) ;
#52 = CARTESIAN_POINT ( 'NONE',  ( 5.103761866399034730, -0.7499999999999997780, 5.103397455562753038 ) ) ;
#53 = VECTOR ( 'NONE', #3429, 1000.000000000000000 ) ;
#54 = CARTESIAN_POINT ( 'NONE',  ( -5.774854870387780892, -1.249999999999999778, 0.7948320246613099771 ) ) ;
#55 = ADVANCED_FACE ( 'NONE', ( #2581 ), #7233, .T. ) ;
#56 = CARTESIAN_POINT ( 'NONE',  ( -9.251824063420528432, -6.349999999999999645, -2.108979684472939375 ) ) ;
#57 = DIRECTION ( 'NONE',  ( 0.000000000000000000, 1.000000000000000000, -0.000000000000000000 ) ) ;
#58 = CARTESIAN_POINT ( 'NONE',  ( -2.105145129612210564, -1.117910049385818727, -9.299109199783138990 ) ) ;
#59 = AXIS2_PLACEMENT_3D ( 'NONE', #4930, #443, #487 ) ;
#60 = VERTEX_POINT ( 'NONE', #589 ) ;
#61 =( BOUNDED_SURFACE ( )  B_SPLINE_SURFACE ( 3, 2, ( 
 ( #3501, #5614, #5534 ),
 ( #898, #4796, #8154 ),
 ( #4274, #301, #2917 ),
 ( #4920, #4960, #6091 ),
 ( #185, #5452, #7427 ),
 ( #1501, #4150, #1749 ),
 ( #4403, #5752, #8371 ),
 ( #2363, #7039, #3799 ),
 ( #6995, #1069, #5061 ),
 ( #1200, #564, #1789 ) ),
 .UNSPECIFIED., .F., .F., .T. ) 
 B_SPLINE_SURFACE_WITH_KNOTS ( ( 4, 2, 2, 2, 4 ),
 ( 3, 3 ),
 ( 6.283185307179586232, 6.675884388878310816, 7.068583470577034511, 7.461282552275758206, 7.853981633974482790 ),
 ( 0.000000000000000000, 1.000000000000000000 ),
 .UNSPECIFIED. ) 
 GEOMETRIC_REPRESENTATION_ITEM ( )  RATIONAL_B_SPLINE_SURFACE ( (
 ( 1.000000000000000000, 0.7071067811865465735, 1.000000000000000000),
 ( 1.000000000000000000, 0.7066753101504460455, 1.000000000000000000),
 ( 1.000000000000000000, 0.7265523339799694336, 1.000000000000000000),
 ( 1.000000000000000000, 0.7876779057172325071, 1.000000000000000000),
 ( 1.000000000000000000, 0.8282383019017742765, 1.000000000000000000),
 ( 1.000000000000000000, 0.9038125056670995860, 1.000000000000000000),
 ( 1.000000000000000000, 0.9386557992894130065, 1.000000000000000000),
 ( 1.000000000000000000, 0.9867290404728998876, 1.000000000000000000),
 ( 1.000000000000000000, 1.000158692512684189, 1.000000000000000000),
 ( 1.000000000000000000, 1.000000000000000000, 1.000000000000000000) ) ) 
 REPRESENTATION_ITEM ( '' )  SURFACE ( )  );
#62 = CARTESIAN_POINT ( 'NONE',  ( 1.631311024333715887, -0.7804688038444718146, -9.589666438347324018 ) ) ;
#63 = DIRECTION ( 'NONE',  ( 0.000000000000000000, 1.000000000000000000, -0.000000000000000000 ) ) ;
#64 = CARTESIAN_POINT ( 'NONE',  ( 1.645440951407578956, -0.9250727480747983345, -9.799626652746598054 ) ) ;
#65 = ORIENTED_EDGE ( 'NONE', *, *, #1299, .T. ) ;
#66 = CARTESIAN_POINT ( 'NONE',  ( 5.747754117993110867, -0.7500000000000578426, -2.724394547432246405 ) ) ;
#67 = CARTESIAN_POINT ( 'NONE',  ( 9.678314036663973496, -1.249999999999999778, 2.105145129612205235 ) ) ;
#68 = CARTESIAN_POINT ( 'NONE',  ( -9.220152429365354507, -0.7604443523589372589, -0.9291536445351639140 ) ) ;
#69 = CARTESIAN_POINT ( 'NONE',  ( 2.251379595086559160, -6.350000000000001421, 9.041386124426892934 ) ) ;
#70 = CARTESIAN_POINT ( 'NONE',  ( 5.117390565119320556, -1.249999999999999778, 4.320775847864734232 ) ) ;
#71 = ORIENTED_EDGE ( 'NONE', *, *, #2291, .F. ) ;
#72 = CARTESIAN_POINT ( 'NONE',  ( -1.642672477270901377, -0.8894853879692672383, -9.755253593398162337 ) ) ;
#73 = CARTESIAN_POINT ( 'NONE',  ( 0.4948548703877565513, -1.249999999999999778, -9.271084787564042529 ) ) ;
#74 = ORIENTED_EDGE ( 'NONE', *, *, #6642, .T. ) ;
#75 = CARTESIAN_POINT ( 'NONE',  ( 5.774854870387786221, -0.9571067811865472397, -0.7948548703878112187 ) ) ;
#76 = CARTESIAN_POINT ( 'NONE',  ( 9.271043060280231174, -1.249999999999999778, -2.106604438205951446 ) ) ;
#77 = AXIS2_PLACEMENT_3D ( 'NONE', #829, #7563, #4891 ) ;
#78 = ORIENTED_EDGE ( 'NONE', *, *, #8247, .T. ) ;
#79 = EDGE_CURVE ( 'NONE', #2236, #2701, #3217, .T. ) ;
#80 = CARTESIAN_POINT ( 'NONE',  ( 5.769351686916025734, -1.249999999999999778, -2.506000929845920933 ) ) ;
#81 = VECTOR ( 'NONE', #984, 1000.000000000000000 ) ;
#82 = VERTEX_POINT ( 'NONE', #7960 ) ;
#83 = CARTESIAN_POINT ( 'NONE',  ( 6.242084559014551282, -0.7499999999999994449, 2.802218210153312850 ) ) ;
#84 = CARTESIAN_POINT ( 'NONE',  ( 4.923761619198975481, -0.7499999999999997780, -5.275797816450978672 ) ) ;
#85 = CARTESIAN_POINT ( 'NONE',  ( 2.185427387327736337, -1.249999999999999778, -9.092018752690833594 ) ) ;
#86 = CARTESIAN_POINT ( 'NONE',  ( -2.019097449534359860E-14, -0.7499999999999997780, -1.605145129612327137 ) ) ;
#87 = CARTESIAN_POINT ( 'NONE',  ( -2.277684824991494938, -6.349999999999999645, 9.025180162734518063 ) ) ;
#88 = CARTESIAN_POINT ( 'NONE',  ( -9.572898682056825592, -0.8894853869150320946, 1.953100030761022010 ) ) ;
#89 = VECTOR ( 'NONE', #7546, 1000.000000000000000 ) ;
#90 = EDGE_CURVE ( 'NONE', #1447, #5869, #8249, .T. ) ;
#91 = ORIENTED_EDGE ( 'NONE', *, *, #4465, .F. ) ;
#92 = ADVANCED_FACE ( 'NONE', ( #8168 ), #2711, .T. ) ;
#93 = ORIENTED_EDGE ( 'NONE', *, *, #3618, .T. ) ;
#94 = CARTESIAN_POINT ( 'NONE',  ( -13.43502884254440133, -16.35000000000000142, 0.000000000000000000 ) ) ;
#95 = CARTESIAN_POINT ( 'NONE',  ( -4.965840432726843723, -6.349999999999996980, -4.513471748007777506 ) ) ;
#96 = DIRECTION ( 'NONE',  ( 0.000000000000000000, 0.000000000000000000, -1.000000000000000000 ) ) ;
#97 = AXIS2_PLACEMENT_3D ( 'NONE', #7740, #1807, #4458 ) ;
#98 = CARTESIAN_POINT ( 'NONE',  ( -9.020580731827518406, -6.349999999999997868, -2.292292372364979514 ) ) ;
#99 = FACE_BOUND ( 'NONE', #6244, .T. ) ;
#100 = CARTESIAN_POINT ( 'NONE',  ( 5.774908376104339602, -6.349999999999999645, -0.6191424365563260590 ) ) ;
#101 = ORIENTED_EDGE ( 'NONE', *, *, #4000, .T. ) ;
#102 = DIRECTION ( 'NONE',  ( -1.000000000000000000, 0.000000000000000000, 1.047444401652939691E-14 ) ) ;
#103 = ORIENTED_EDGE ( 'NONE', *, *, #3881, .F. ) ;
#104 = EDGE_CURVE ( 'NONE', #7058, #2875, #6537, .T. ) ;
#105 = CARTESIAN_POINT ( 'NONE',  ( -9.678354296802050172, -6.349999999999999645, -2.105145129612207455 ) ) ;
#106 = VECTOR ( 'NONE', #2347, 1000.000000000000000 ) ;
#107 = CARTESIAN_POINT ( 'NONE',  ( -6.074809178934704512, -0.7499999999999997780, 0.4948548703878546395 ) ) ;
#108 = ORIENTED_EDGE ( 'NONE', *, *, #6310, .F. ) ;
#109 = CARTESIAN_POINT ( 'NONE',  ( 5.309924169184256471, -0.7499999999999997780, -4.033720774790614527 ) ) ;
#110 = CARTESIAN_POINT ( 'NONE',  ( -2.016279801448634874E-14, -6.349999999999999645, -5.774854870387789774 ) ) ;
#111 = CARTESIAN_POINT ( 'NONE',  ( -9.563317320624237894, -1.249999999999999778, -0.7271087643984657234 ) ) ;
#112 = CARTESIAN_POINT ( 'NONE',  ( -9.297702364258270791, -0.9888152963227788694, -2.050994676264083605 ) ) ;
#113 = CARTESIAN_POINT ( 'NONE',  ( 1.678960975715275250, -0.7500000000000000000, -8.952870585839669104 ) ) ;
#114 = ORIENTED_EDGE ( 'NONE', *, *, #2174, .T. ) ;
#115 = ADVANCED_FACE ( 'NONE', ( #1023 ), #4877, .F. ) ;
#116 = DIRECTION ( 'NONE',  ( 0.000000000000000000, -0.000000000000000000, 1.000000000000000000 ) ) ;
#117 = CARTESIAN_POINT ( 'NONE',  ( 9.678273618406583623, -1.224858571264064722, 2.105145129612205235 ) ) ;
#118 = DIRECTION ( 'NONE',  ( -1.000000000000000000, 0.000000000000000000, 0.000000000000000000 ) ) ;
#119 = CARTESIAN_POINT ( 'NONE',  ( -2.595501086299512927, -6.349999999999999645, -5.760253130043706093 ) ) ;
#120 = CARTESIAN_POINT ( 'NONE',  ( 9.032434125496317634, -0.7499999999999997780, -2.266621156504431411 ) ) ;
#121 = CARTESIAN_POINT ( 'NONE',  ( 12.69999999999999929, -0.7499999999999997780, -1.734723475976804925E-15 ) ) ;
#122 = CARTESIAN_POINT ( 'NONE',  ( 0.4948548703877910238, -1.249999999999999778, 9.271084787564099372 ) ) ;
#123 = B_SPLINE_CURVE_WITH_KNOTS ( 'NONE', 3,
 ( #1734, #4391, #1096, #8522, #1224, #6539 ),
 .UNSPECIFIED., .F., .F.,
 ( 4, 2, 4 ),
 ( -4.586812319616011670E-06, 0.0003993387824072203423, 0.0008032643771340567708 ),
 .UNSPECIFIED. ) ;
#124 = ORIENTED_EDGE ( 'NONE', *, *, #7580, .F. ) ;
#125 = CARTESIAN_POINT ( 'NONE',  ( 5.529790801143862566, -0.7499999999999998890, 4.604064946664356839 ) ) ;
#126 = CARTESIAN_POINT ( 'NONE',  ( -1.734723475976804925E-15, -0.7499999999999997780, -12.69999999999999929 ) ) ;
#127 = CARTESIAN_POINT ( 'NONE',  ( -2.816582489435278447, -10.71683502112944630, -14.86108704022841387 ) ) ;
#128 = DIRECTION ( 'NONE',  ( -0.000000000000000000, -1.000000000000000000, -0.000000000000000000 ) ) ;
#129 = EDGE_CURVE ( 'NONE', #5718, #7369, #3465, .T. ) ;
#130 = CARTESIAN_POINT ( 'NONE',  ( -8.956637671641564324, -0.9888132917189207394, 2.315066160981974264 ) ) ;
#131 = CARTESIAN_POINT ( 'NONE',  ( 2.555000000000000160, 6.349999999999999645, -2.555000000000000160 ) ) ;
#132 = ORIENTED_EDGE ( 'NONE', *, *, #2754, .F. ) ;
#133 = ORIENTED_EDGE ( 'NONE', *, *, #608, .F. ) ;
#134 = CARTESIAN_POINT ( 'NONE',  ( 3.560566047197925243, -0.7499999999999998890, 6.072021133824734740 ) ) ;
#135 = CARTESIAN_POINT ( 'NONE',  ( -5.121242990505596282, -6.350000000000001421, -4.312904025723560686 ) ) ;
#136 = CARTESIAN_POINT ( 'NONE',  ( 5.730045052952281281, -1.249999999999999334, 2.845257817648666254 ) ) ;
#137 = CARTESIAN_POINT ( 'NONE',  ( 5.195519756866623595, -0.7499999999999997780, -5.008955872946088128 ) ) ;
#138 = ADVANCED_FACE ( 'NONE', ( #6944 ), #462, .F. ) ;
#139 = DIRECTION ( 'NONE',  ( -1.000000000000000000, 0.000000000000000000, 2.305335300292124900E-14 ) ) ;
#140 = CARTESIAN_POINT ( 'NONE',  ( -1.734723475976804925E-15, -1.249999999999999778, -12.69999999999999929 ) ) ;
#141 = ORIENTED_EDGE ( 'NONE', *, *, #5313, .T. ) ;
#142 = CARTESIAN_POINT ( 'NONE',  ( 1.666225140805468907, -0.7500000215250492985, -9.441261499188843942 ) ) ;
#143 = DIRECTION ( 'NONE',  ( -0.000000000000000000, 1.000000000000000000, -0.000000000000000000 ) ) ;
#144 = CARTESIAN_POINT ( 'NONE',  ( -2.123812721427069228, -1.249999999999999778, -9.190067605226134972 ) ) ;
#145 = CARTESIAN_POINT ( 'NONE',  ( 4.965840432726843723, -6.349999999999996980, 4.513471748007777506 ) ) ;
#146 = CARTESIAN_POINT ( 'NONE',  ( 9.014118416197110406, -1.249999999999999778, 2.312816342313107398 ) ) ;
#147 = ORIENTED_EDGE ( 'NONE', *, *, #8094, .T. ) ;
#148 = CARTESIAN_POINT ( 'NONE',  ( 4.731547459428050217, -0.7499999999999997780, -4.768964163857692284 ) ) ;
#149 = CARTESIAN_POINT ( 'NONE',  ( 5.774854870387789774, -1.249999999999999778, 0.4948548703877919674 ) ) ;
#150 = CARTESIAN_POINT ( 'NONE',  ( 3.558419077182216395, -0.7499999999999997780, -6.072953921249615306 ) ) ;
#151 = EDGE_CURVE ( 'NONE', #2099, #1497, #1329, .T. ) ;
#152 = CARTESIAN_POINT ( 'NONE',  ( 2.105145129612210120, -1.249999999999999778, 9.299109199783138990 ) ) ;
#153 = DIRECTION ( 'NONE',  ( -0.000000000000000000, -1.000000000000000000, -0.000000000000000000 ) ) ;
#154 = EDGE_LOOP ( 'NONE', ( #2510, #5793 ) ) ;
#155 = CARTESIAN_POINT ( 'NONE',  ( -1.996594984488619495, -0.9372534403091671296, -9.602666487600252765 ) ) ;
#156 = CARTESIAN_POINT ( 'NONE',  ( -0.6191424365563058529, -1.249999999999999778, -5.774908376104342267 ) ) ;
#157 = CARTESIAN_POINT ( 'NONE',  ( -1.645440850620636608, -0.9250707305094182376, -9.799624718477112140 ) ) ;
#158 = DIRECTION ( 'NONE',  ( 0.000000000000000000, 1.000000000000000000, 0.000000000000000000 ) ) ;
#159 = EDGE_CURVE ( 'NONE', #4661, #7774, #1877, .T. ) ;
#160 = DIRECTION ( 'NONE',  ( 0.000000000000000000, 1.000000000000000000, 0.000000000000000000 ) ) ;
#161 = CARTESIAN_POINT ( 'NONE',  ( 10.07030783714661659, -6.349999999999998757, -1.876683844410796054 ) ) ;
#162 = CARTESIAN_POINT ( 'NONE',  ( -9.421832320581547293, -0.7499999999999996669, 1.727274015672173979 ) ) ;
#163 = ORIENTED_EDGE ( 'NONE', *, *, #2140, .F. ) ;
#164 = CARTESIAN_POINT ( 'NONE',  ( 1.990129613247581863, -0.9246613669703024341, -9.598095213971662432 ) ) ;
#165 = DIRECTION ( 'NONE',  ( -0.000000000000000000, -1.000000000000000000, -0.000000000000000000 ) ) ;
#166 = CARTESIAN_POINT ( 'NONE',  ( 9.220152429365628066, -0.7604443523589828891, -0.9291536445351766815 ) ) ;
#167 = CARTESIAN_POINT ( 'NONE',  ( 8.527837839776362117, -0.7499999999999997780, -2.192387404637242909 ) ) ;
#168 = CARTESIAN_POINT ( 'NONE',  ( -9.008710553930306730, -1.249999999999999778, -2.329991424587344095 ) ) ;
#169 = AXIS2_PLACEMENT_3D ( 'NONE', #3964, #6590, #5950 ) ;
#170 = DIRECTION ( 'NONE',  ( 0.000000000000000000, 0.000000000000000000, -1.000000000000000000 ) ) ;
#171 = ORIENTED_EDGE ( 'NONE', *, *, #274, .F. ) ;
#172 = EDGE_LOOP ( 'NONE', ( #4829, #5824, #3459, #8071 ) ) ;
#173 = CARTESIAN_POINT ( 'NONE',  ( -2.555000000000000160, 6.349999999999999645, 3.089999999999999858 ) ) ;
#174 = EDGE_CURVE ( 'NONE', #2794, #3988, #3582, .T. ) ;
#175 = CARTESIAN_POINT ( 'NONE',  ( -9.755253593397990031, -0.8894853879692676824, -1.642672477270903597 ) ) ;
#176 = CARTESIAN_POINT ( 'NONE',  ( 5.421361699928595179, -1.249999999999999556, 3.825679759194913210 ) ) ;
#177 = CYLINDRICAL_SURFACE ( 'NONE', #2837, 3.219854870387792722 ) ;
#178 = CARTESIAN_POINT ( 'NONE',  ( 0.9948548703877906352, -0.7499999999999996669, 9.115647332695417049 ) ) ;
#179 = ORIENTED_EDGE ( 'NONE', *, *, #290, .T. ) ;
#180 = VECTOR ( 'NONE', #6583, 1000.000000000000000 ) ;
#181 = CARTESIAN_POINT ( 'NONE',  ( 0.8083268992939068864, -0.7777511574428084273, 6.088326899293919681 ) ) ;
#182 = ORIENTED_EDGE ( 'NONE', *, *, #4428, .T. ) ;
#183 = CARTESIAN_POINT ( 'NONE',  ( 4.652928092867055554, -6.349999999999999645, 4.844298874234138630 ) ) ;
#184 = EDGE_CURVE ( 'NONE', #430, #3966, #6304, .T. ) ;
#185 = CARTESIAN_POINT ( 'NONE',  ( 6.114921553330352921, -0.9427265114570081428, -0.5950215777442569021 ) ) ;
#186 = ORIENTED_EDGE ( 'NONE', *, *, #6744, .F. ) ;
#187 = DIRECTION ( 'NONE',  ( -0.000000000000000000, -1.000000000000000000, -0.000000000000000000 ) ) ;
#188 =( NAMED_UNIT ( * ) SI_UNIT ( $, .STERADIAN. ) SOLID_ANGLE_UNIT ( ) );
#189 = AXIS2_PLACEMENT_3D ( 'NONE', #398, #3769, #6872 ) ;
#190 = CARTESIAN_POINT ( 'NONE',  ( -1.640970120572242008, -0.8691362217318023831, 9.728368110342724862 ) ) ;
#191 = CARTESIAN_POINT ( 'NONE',  ( -6.273037056532237088, -0.7499999999999997780, 2.394010196254194422 ) ) ;
#192 = CARTESIAN_POINT ( 'NONE',  ( 0.000000000000000000, -1.249999999999999778, 0.000000000000000000 ) ) ;
#193 = FACE_OUTER_BOUND ( 'NONE', #8323, .T. ) ;
#194 = CARTESIAN_POINT ( 'NONE',  ( 2.105145129612210120, -1.249999999999999778, 0.000000000000000000 ) ) ;
#195 = ADVANCED_FACE ( 'NONE', ( #2278 ), #2963, .T. ) ;
#196 = EDGE_CURVE ( 'NONE', #1633, #2488, #2208, .T. ) ;
#197 = CARTESIAN_POINT ( 'NONE',  ( 10.20694294810231995, -1.177689514655757108, 2.105143927105223689 ) ) ;
#198 = CARTESIAN_POINT ( 'NONE',  ( -1.651291189939873671, -1.177717949231325001, 9.935817880025361148 ) ) ;
#199 = FACE_OUTER_BOUND ( 'NONE', #8326, .T. ) ;
#200 = EDGE_CURVE ( 'NONE', #2599, #3422, #406, .T. ) ;
#201 = DIRECTION ( 'NONE',  ( -0.000000000000000000, -1.000000000000000000, -0.000000000000000000 ) ) ;
#202 = CARTESIAN_POINT ( 'NONE',  ( 0.9948548703877909682, -0.7499999999999997780, 6.274854870387789774 ) ) ;
#203 = ORIENTED_EDGE ( 'NONE', *, *, #3985, .F. ) ;
#204 = CARTESIAN_POINT ( 'NONE',  ( 1.727453363996577229, -0.7499999999999998890, -9.421946201485125627 ) ) ;
#205 = CARTESIAN_POINT ( 'NONE',  ( -9.935855655966737032, -0.7499999999999997780, -1.651354423408220029 ) ) ;
#206 = CARTESIAN_POINT ( 'NONE',  ( 9.186468074454509747, -0.7557942769546494022, -0.9022314755060959479 ) ) ;
#207 = CARTESIAN_POINT ( 'NONE',  ( 8.740564108599819804, -0.7499999999999998890, -1.825891731655416406 ) ) ;
#208 = CARTESIAN_POINT ( 'NONE',  ( 9.141450083018597184, -1.249999999999999778, 2.147797755386026797 ) ) ;
#209 = CARTESIAN_POINT ( 'NONE',  ( 0.000000000000000000, -1.249999999999999778, 0.000000000000000000 ) ) ;
#210 = ORIENTED_EDGE ( 'NONE', *, *, #4616, .F. ) ;
#211 = CIRCLE ( 'NONE', #6137, 2.100000000000000089 ) ;
#212 = FACE_OUTER_BOUND ( 'NONE', #2350, .T. ) ;
#213 = CARTESIAN_POINT ( 'NONE',  ( -10.00151536018401721, -0.8599649199366981023, -1.990103196638388861 ) ) ;
#214 = CARTESIAN_POINT ( 'NONE',  ( -2.329991424587346316, -1.249999999999999778, -9.008710553930304954 ) ) ;
#215 = DIRECTION ( 'NONE',  ( -0.000000000000000000, -1.000000000000000000, -0.000000000000000000 ) ) ;
#216 = CARTESIAN_POINT ( 'NONE',  ( 0.7271088839738010234, -1.175576129891594546, 9.563317348342936342 ) ) ;
#217 = AXIS2_PLACEMENT_3D ( 'NONE', #3267, #2001, #5871 ) ;
#218 = ORIENTED_EDGE ( 'NONE', *, *, #5394, .T. ) ;
#219 = ORIENTED_EDGE ( 'NONE', *, *, #2169, .T. ) ;
#220 = DIRECTION ( 'NONE',  ( 0.000000000000000000, 0.000000000000000000, 1.000000000000000000 ) ) ;
#221 = AXIS2_PLACEMENT_3D ( 'NONE', #2161, #4154, #5458 ) ;
#222 = LINE ( 'NONE', #818, #4632 ) ;
#223 = ORIENTED_EDGE ( 'NONE', *, *, #6323, .T. ) ;
#224 = CARTESIAN_POINT ( 'NONE',  ( 5.743488292969555431, -0.7499999999999997780, -4.284926764377988917 ) ) ;
#225 = CARTESIAN_POINT ( 'NONE',  ( 5.875021577744237611, -0.9427265114570050342, 0.8349215533303705472 ) ) ;
#226 = CARTESIAN_POINT ( 'NONE',  ( -1.651215506684429624, -1.200396464095385696, 9.933579480919785709 ) ) ;
#227 = CARTESIAN_POINT ( 'NONE',  ( -5.598265167211464721, -1.249999999999970912, 3.397861557199164384 ) ) ;
#228 = EDGE_CURVE ( 'NONE', #645, #3761, #6365, .T. ) ;
#229 = CARTESIAN_POINT ( 'NONE',  ( 0.4948900776560360981, -6.349999999999997868, -9.416551571812640020 ) ) ;
#230 = VECTOR ( 'NONE', #2648, 1000.000000000000000 ) ;
#231 = DIRECTION ( 'NONE',  ( -0.000000000000000000, -1.000000000000000000, -0.000000000000000000 ) ) ;
#232 = DIRECTION ( 'NONE',  ( -1.000000000000000000, -0.000000000000000000, 1.047444401652940007E-14 ) ) ;
#233 = ORIENTED_EDGE ( 'NONE', *, *, #1804, .F. ) ;
#234 = CARTESIAN_POINT ( 'NONE',  ( 2.105145129612326915, -1.249999999999999778, -3.383050392413746527E-14 ) ) ;
#235 = AXIS2_PLACEMENT_3D ( 'NONE', #2737, #4818, #5478 ) ;
#236 = CARTESIAN_POINT ( 'NONE',  ( -2.275387937340360267, -6.349999999999999645, 5.774854870387817307 ) ) ;
#237 = CARTESIAN_POINT ( 'NONE',  ( -4.125258209164903711, -6.349999999999999645, -5.248275075322103689 ) ) ;
#238 = CARTESIAN_POINT ( 'NONE',  ( 2.275387937340399791, -1.249999999999999778, -5.774854870387797767 ) ) ;
#239 = ORIENTED_EDGE ( 'NONE', *, *, #3335, .F. ) ;
#240 = VERTEX_POINT ( 'NONE', #4362 ) ;
#241 = CARTESIAN_POINT ( 'NONE',  ( -9.416551571813753796, -1.249999999999999778, 0.4948900776568642135 ) ) ;
#242 = CARTESIAN_POINT ( 'NONE',  ( 9.008710553930972864, -6.349999999999999645, 2.329991424587249060 ) ) ;
#243 = CARTESIAN_POINT ( 'NONE',  ( -4.049330476432485781, -0.7499999999999998890, 5.869745902883296118 ) ) ;
#244 = CARTESIAN_POINT ( 'NONE',  ( 2.123812721310466056, -6.349999999999999645, -9.190067605545392482 ) ) ;
#245 = CARTESIAN_POINT ( 'NONE',  ( 9.073837464952635656, -0.7499999999999997780, -1.636167128121336578 ) ) ;
#246 = CARTESIAN_POINT ( 'NONE',  ( 9.002888471517005442, -1.249999999999999778, 2.348482047969603137 ) ) ;
#247 = EDGE_CURVE ( 'NONE', #6361, #508, #6766, .T. ) ;
#248 = CARTESIAN_POINT ( 'NONE',  ( 1.734723475976804925E-15, -6.349999999999999645, 12.69999999999999929 ) ) ;
#249 = ORIENTED_EDGE ( 'NONE', *, *, #4286, .T. ) ;
#250 = EDGE_LOOP ( 'NONE', ( #7646, #695, #3332, #6439 ) ) ;
#251 = CARTESIAN_POINT ( 'NONE',  ( 4.749987219571084829, -1.249999999999999778, -4.749987219571117691 ) ) ;
#252 = CARTESIAN_POINT ( 'NONE',  ( -0.7394098138757170258, -0.8005886769970040895, 9.194064971858900037 ) ) ;
#253 = DIRECTION ( 'NONE',  ( 3.807460554844515166E-15, -1.000000000000000000, 0.000000000000000000 ) ) ;
#254 = CARTESIAN_POINT ( 'NONE',  ( -3.090000000000000302, 6.349999999999999645, -2.555000000000000160 ) ) ;
#255 = ADVANCED_FACE ( 'NONE', ( #3760 ), #5762, .T. ) ;
#256 = DIRECTION ( 'NONE',  ( 0.000000000000000000, 0.000000000000000000, 1.000000000000000000 ) ) ;
#257 = CARTESIAN_POINT ( 'NONE',  ( 0.4948548703877910238, -1.249999999999999778, 5.774854870387789774 ) ) ;
#258 = ORIENTED_EDGE ( 'NONE', *, *, #5566, .F. ) ;
#259 = CARTESIAN_POINT ( 'NONE',  ( 2.104150091524092492, -1.249999999999999778, -9.318246261006290609 ) ) ;
#260 = CARTESIAN_POINT ( 'NONE',  ( 5.313043681586317568, -6.349999999999999645, 4.028208367744143814 ) ) ;
#261 = CARTESIAN_POINT ( 'NONE',  ( -9.940748498636045483, -1.249999999999999778, -2.105004284771679224 ) ) ;
#262 = EDGE_LOOP ( 'NONE', ( #1446, #5272, #6471, #2379 ) ) ;
#263 = ORIENTED_EDGE ( 'NONE', *, *, #4822, .T. ) ;
#264 = CARTESIAN_POINT ( 'NONE',  ( -0.9351698475237371078, -0.7499999999999996669, 9.133801937669238313 ) ) ;
#265 = DIRECTION ( 'NONE',  ( -1.000000000000000000, 0.000000000000000000, 0.000000000000000000 ) ) ;
#266 = CARTESIAN_POINT ( 'NONE',  ( -1.938856732753932777, -0.8140102161161366645, 9.910389448421881298 ) ) ;
#267 = CARTESIAN_POINT ( 'NONE',  ( -12.69999999999999929, -1.249999999999999778, 1.347601624859001816E-13 ) ) ;
#268 = VERTEX_POINT ( 'NONE', #5827 ) ;
#269 = CARTESIAN_POINT ( 'NONE',  ( -1.605145129612209898, -0.7499999999999996669, -9.344284074950623520 ) ) ;
#270 = FACE_OUTER_BOUND ( 'NONE', #1322, .T. ) ;
#271 = EDGE_LOOP ( 'NONE', ( #1620, #8336, #277, #7101 ) ) ;
#272 =( BOUNDED_CURVE ( )  B_SPLINE_CURVE ( 3, ( #8202, #3588, #2887, #4841 ),
 .UNSPECIFIED., .F., .T. ) 
 B_SPLINE_CURVE_WITH_KNOTS ( ( 4, 4 ),
 ( 3.927143110234816881, 5.497634850534550921 ),
 .UNSPECIFIED. ) 
 CURVE ( )  GEOMETRIC_REPRESENTATION_ITEM ( )  RATIONAL_B_SPLINE_CURVE ( ( 1.000000000000000000, 0.8048096403827857959, 0.8048096403827857959, 1.000000000000000000 ) ) 
 REPRESENTATION_ITEM ( '' )  );
#273 = CARTESIAN_POINT ( 'NONE',  ( 9.865217305540001647, -1.012903213348997689, 1.648499996500064846 ) ) ;
#274 = EDGE_CURVE ( 'NONE', #895, #5682, #5741, .T. ) ;
#275 = CARTESIAN_POINT ( 'NONE',  ( -1.647799883371243723, -0.9799077932450639405, 9.848401443176328485 ) ) ;
#276 = CARTESIAN_POINT ( 'NONE',  ( -8.682685175508563447, -0.7500000000000000000, 1.888204326372269204 ) ) ;
#277 = ORIENTED_EDGE ( 'NONE', *, *, #7267, .F. ) ;
#278 = CARTESIAN_POINT ( 'NONE',  ( -2.845638727047882899, -1.249999999999999778, -5.729991440382128154 ) ) ;
#279 = EDGE_CURVE ( 'NONE', #1713, #5365, #2442, .T. ) ;
#280 = LINE ( 'NONE', #7965, #4208 ) ;
#281 = DIRECTION ( 'NONE',  ( -0.000000000000000000, -1.000000000000000000, -0.000000000000000000 ) ) ;
#282 = CARTESIAN_POINT ( 'NONE',  ( 2.275387937340425104, -1.249999999999999778, 5.774854870387789774 ) ) ;
#283 = CARTESIAN_POINT ( 'NONE',  ( 9.008710553930297849, -1.249999999999999778, -2.329991424587377846 ) ) ;
#284 = LINE ( 'NONE', #419, #106 ) ;
#285 = CARTESIAN_POINT ( 'NONE',  ( 9.217154406521077092, -1.249999999999999778, 2.115939484113642521 ) ) ;
#286 = CARTESIAN_POINT ( 'NONE',  ( 0.000000000000000000, -16.35000000000000142, 13.43502884254440310 ) ) ;
#287 = EDGE_LOOP ( 'NONE', ( #6071, #4045, #6800, #1348 ) ) ;
#288 = ORIENTED_EDGE ( 'NONE', *, *, #5565, .T. ) ;
#289 = FACE_OUTER_BOUND ( 'NONE', #3222, .T. ) ;
#290 = EDGE_CURVE ( 'NONE', #7757, #3477, #2759, .T. ) ;
#291 = EDGE_CURVE ( 'NONE', #5032, #5250, #1780, .T. ) ;
#292 = CARTESIAN_POINT ( 'NONE',  ( 4.405829411406182672, -1.249999999999999556, -5.053986678441348523 ) ) ;
#293 = CARTESIAN_POINT ( 'NONE',  ( 5.285885808636699323, -0.7499999999999998890, -4.912057933844838686 ) ) ;
#294 = CARTESIAN_POINT ( 'NONE',  ( 0.5254370801673104996, -1.051235928158962274, 9.484758676380993236 ) ) ;
#295 = CARTESIAN_POINT ( 'NONE',  ( 1.619870005847259709, -0.7500000000000002220, -9.467189563441532840 ) ) ;
#296 = ORIENTED_EDGE ( 'NONE', *, *, #2587, .F. ) ;
#297 = CARTESIAN_POINT ( 'NONE',  ( -9.297701598600433215, -0.9887492719370242211, 2.050965205566415150 ) ) ;
#298 = AXIS2_PLACEMENT_3D ( 'NONE', #8309, #4944, #1640 ) ;
#299 = CARTESIAN_POINT ( 'NONE',  ( -0.7019616515743385410, -0.7500000000000002220, -6.157697582862408758 ) ) ;
#300 = EDGE_CURVE ( 'NONE', #4660, #1283, #2212, .T. ) ;
#301 = CARTESIAN_POINT ( 'NONE',  ( 5.803881357068853220, -1.047492893407808934, -0.5238813570688537480 ) ) ;
#302 = VERTEX_POINT ( 'NONE', #1872 ) ;
#303 =( BOUNDED_CURVE ( )  B_SPLINE_CURVE ( 3, ( #5727, #7570, #6235, #3780 ),
 .UNSPECIFIED., .F., .T. ) 
 B_SPLINE_CURVE_WITH_KNOTS ( ( 4, 4 ),
 ( 0.000000000000000000, 1.000000000000000000 ),
 .UNSPECIFIED. ) 
 CURVE ( )  GEOMETRIC_REPRESENTATION_ITEM ( )  RATIONAL_B_SPLINE_CURVE ( ( 1.000000000000000000, 0.8553052591902936541, 0.8553052591902936541, 1.000000000000000000 ) ) 
 REPRESENTATION_ITEM ( '' )  );
#304 = EDGE_LOOP ( 'NONE', ( #6734, #3383, #855, #5493 ) ) ;
#305 = DIRECTION ( 'NONE',  ( 0.000000000000000000, 0.000000000000000000, 1.000000000000000000 ) ) ;
#306 = DIRECTION ( 'NONE',  ( 0.000000000000000000, 0.000000000000000000, 1.000000000000000000 ) ) ;
#307 = CARTESIAN_POINT ( 'NONE',  ( -4.749987219571101704, -6.349999999999999645, -4.749987219571101704 ) ) ;
#308 = AXIS2_PLACEMENT_3D ( 'NONE', #2393, #5039, #4259 ) ;
#309 = CARTESIAN_POINT ( 'NONE',  ( 0.4949083761043407970, -6.349999999999999645, 5.899142436556307878 ) ) ;
#310 = CYLINDRICAL_SURFACE ( 'NONE', #2779, 0.5000000000000000000 ) ;
#311 = ORIENTED_EDGE ( 'NONE', *, *, #1911, .T. ) ;
#312 = CARTESIAN_POINT ( 'NONE',  ( 9.589666438347309807, -0.7804688038444554943, 1.631311024333787163 ) ) ;
#313 = AXIS2_PLACEMENT_3D ( 'NONE', #1273, #7798, #676 ) ;
#314 = CARTESIAN_POINT ( 'NONE',  ( -1.650694452286998182, -1.106164725127299908, 9.916618705063653394 ) ) ;
#315 = DIRECTION ( 'NONE',  ( 1.607039032523497913E-14, -0.000000000000000000, 1.000000000000000000 ) ) ;
#316 = AXIS2_PLACEMENT_3D ( 'NONE', #4752, #6816, #7383 ) ;
#317 =( BOUNDED_CURVE ( )  B_SPLINE_CURVE ( 3, ( #500, #5036, #5640, #7664 ),
 .UNSPECIFIED., .F., .F. ) 
 B_SPLINE_CURVE_WITH_KNOTS ( ( 4, 4 ),
 ( 0.000000000000000000, 1.000000000000000000 ),
 .UNSPECIFIED. ) 
 CURVE ( )  GEOMETRIC_REPRESENTATION_ITEM ( )  RATIONAL_B_SPLINE_CURVE ( ( 1.000000000000000000, 0.6625055929971752633, 0.6625055929971752633, 1.000000000000000000 ) ) 
 REPRESENTATION_ITEM ( '' )  );
#318 = ORIENTED_EDGE ( 'NONE', *, *, #4743, .F. ) ;
#319 = ORIENTED_EDGE ( 'NONE', *, *, #6913, .T. ) ;
#320 = CARTESIAN_POINT ( 'NONE',  ( -0.4949083761042802898, -1.249999999999999556, 5.899142436556312319 ) ) ;
#321 = CARTESIAN_POINT ( 'NONE',  ( 2.389218707634884975, -0.7500000000000590639, 5.773050187130291278 ) ) ;
#322 = LINE ( 'NONE', #6924, #6690 ) ;
#323 = CARTESIAN_POINT ( 'NONE',  ( 0.9293933250974416582, -0.7499999999999994449, -6.248670252271704584 ) ) ;
#324 = DIRECTION ( 'NONE',  ( 0.000000000000000000, 1.000000000000000000, 0.000000000000000000 ) ) ;
#325 = B_SPLINE_CURVE_WITH_KNOTS ( 'NONE', 3,
 ( #5838, #7079, #1152, #3719, #3060, #6351 ),
 .UNSPECIFIED., .F., .F.,
 ( 4, 2, 4 ),
 ( -1.962951082089783685E-05, 0.0003748910068232963488, 0.0007694115244674906056 ),
 .UNSPECIFIED. ) ;
#326 = CARTESIAN_POINT ( 'NONE',  ( 2.105145129612210120, -1.177244336753326071, 9.678273776526076233 ) ) ;
#327 = EDGE_CURVE ( 'NONE', #5380, #7918, #3556, .T. ) ;
#328 = CARTESIAN_POINT ( 'NONE',  ( 9.259638777902447160, -6.349999999999999645, -2.107197407797543054 ) ) ;
#329 = VERTEX_POINT ( 'NONE', #8010 ) ;
#330 = CARTESIAN_POINT ( 'NONE',  ( 9.297702364258270791, -0.9888152963227788694, 2.050994676264083605 ) ) ;
#331 = CYLINDRICAL_SURFACE ( 'NONE', #7467, 9.305145129612210297 ) ;
#332 = CARTESIAN_POINT ( 'NONE',  ( 0.4948548703877565513, -1.249999999999999778, -9.271066631791372359 ) ) ;
#333 = CARTESIAN_POINT ( 'NONE',  ( -2.188081456463047747, -1.249999999999999778, -9.089434107778910032 ) ) ;
#334 = LINE ( 'NONE', #474, #7115 ) ;
#335 = B_SPLINE_CURVE_WITH_KNOTS ( 'NONE', 3,
 ( #7860, #1887, #7214, #6009, #6608, #4539 ),
 .UNSPECIFIED., .F., .F.,
 ( 4, 2, 4 ),
 ( -4.586812319617476190E-06, 0.0003993387824072190413, 0.0008032643771340553613 ),
 .UNSPECIFIED. ) ;
#336 = ADVANCED_FACE ( 'NONE', ( #2003 ), #3920, .F. ) ;
#337 = EDGE_CURVE ( 'NONE', #4853, #2794, #1582, .T. ) ;
#338 = AXIS2_PLACEMENT_3D ( 'NONE', #7723, #2359, #7632 ) ;
#339 = CARTESIAN_POINT ( 'NONE',  ( 2.329991424587312565, -1.249999999999999778, -9.008710553930315612 ) ) ;
#340 = ORIENTED_EDGE ( 'NONE', *, *, #3629, .T. ) ;
#341 = CARTESIAN_POINT ( 'NONE',  ( 9.271066631791530455, -1.114936179398976490, -0.4948548703878235533 ) ) ;
#342 = CARTESIAN_POINT ( 'NONE',  ( 2.329991424587277482, -6.349999999999999645, 9.008710553930960430 ) ) ;
#343 = DIRECTION ( 'NONE',  ( 0.000000000000000000, 1.000000000000000000, 0.000000000000000000 ) ) ;
#344 = CARTESIAN_POINT ( 'NONE',  ( -9.935836767996040209, -1.249999999999999778, -1.651322806674099031 ) ) ;
#345 = ORIENTED_EDGE ( 'NONE', *, *, #7085, .F. ) ;
#346 = EDGE_LOOP ( 'NONE', ( #7529, #1918, #8150 ) ) ;
#347 = VECTOR ( 'NONE', #3036, 1000.000000000000000 ) ;
#348 = CARTESIAN_POINT ( 'NONE',  ( 3.943002256977822917, -1.249999999999999778, -5.356859988824292707 ) ) ;
#349 = CARTESIAN_POINT ( 'NONE',  ( -1.813340605360779456, -0.7804688004661544110, 9.478524185100392074 ) ) ;
#350 = DIRECTION ( 'NONE',  ( -0.000000000000000000, -1.000000000000000000, -0.000000000000000000 ) ) ;
#351 = APPLICATION_CONTEXT ( 'automotive_design' ) ;
#352 = DIRECTION ( 'NONE',  ( 0.000000000000000000, 0.000000000000000000, -1.000000000000000000 ) ) ;
#353 = EDGE_CURVE ( 'NONE', #8194, #5235, #6228, .T. ) ;
#354 = CARTESIAN_POINT ( 'NONE',  ( 2.105004284771684109, -1.249999999999999778, 9.940748498636045483 ) ) ;
#355 = TOROIDAL_SURFACE ( 'NONE', #2956, 3.719854870387946377, 0.5000000000000000000 ) ;
#356 = ORIENTED_EDGE ( 'NONE', *, *, #8039, .T. ) ;
#357 = ORIENTED_EDGE ( 'NONE', *, *, #2439, .F. ) ;
#358 = CARTESIAN_POINT ( 'NONE',  ( 1.734723475976804925E-15, -4.349999999999999645, -12.69999999999999929 ) ) ;
#359 = CARTESIAN_POINT ( 'NONE',  ( 2.090991618919025186, -1.129815973758819592, 9.668310163885267983 ) ) ;
#360 = CYLINDRICAL_SURFACE ( 'NONE', #7371, 2.100000000000000089 ) ;
#361 = VECTOR ( 'NONE', #884, 1000.000000000000000 ) ;
#362 = CARTESIAN_POINT ( 'NONE',  ( -0.5853924772787435504, -6.349999999999999645, 9.530431722890574164 ) ) ;
#363 = EDGE_CURVE ( 'NONE', #3761, #4070, #4611, .T. ) ;
#364 = CARTESIAN_POINT ( 'NONE',  ( 5.434941148158466184, -1.249999999999999778, -3.788629298572667281 ) ) ;
#365 = ORIENTED_EDGE ( 'NONE', *, *, #129, .F. ) ;
#366 = ORIENTED_EDGE ( 'NONE', *, *, #6850, .T. ) ;
#367 = AXIS2_PLACEMENT_3D ( 'NONE', #3334, #7220, #5895 ) ;
#368 = LINE ( 'NONE', #8217, #2647 ) ;
#369 = FACE_OUTER_BOUND ( 'NONE', #6958, .T. ) ;
#370 = CARTESIAN_POINT ( 'NONE',  ( 12.69999999999999929, -4.349999999999999645, 1.600000000000002531 ) ) ;
#371 = CARTESIAN_POINT ( 'NONE',  ( 0.6093099112317654775, -0.9046407722474706370, -5.889309911231777050 ) ) ;
#372 = CARTESIAN_POINT ( 'NONE',  ( 2.036727166172514369, -0.7499999999999997780, 8.587454352011727465 ) ) ;
#373 = PLANE ( 'NONE',  #2224 ) ;
#374 = CARTESIAN_POINT ( 'NONE',  ( 5.773686764335373311, -6.349999999999999645, 2.344164247592837924 ) ) ;
#375 = CARTESIAN_POINT ( 'NONE',  ( -4.749987219571051966, -6.349999999999999645, 4.749987219571150554 ) ) ;
#376 = CARTESIAN_POINT ( 'NONE',  ( 9.128763202256090281, -6.350000000000002309, -2.157665754350998277 ) ) ;
#377 = ORIENTED_EDGE ( 'NONE', *, *, #5901, .T. ) ;
#378 = CYLINDRICAL_SURFACE ( 'NONE', #723, 2.999999999999999112 ) ;
#379 = EDGE_CURVE ( 'NONE', #302, #7011, #7360, .T. ) ;
#380 = DIRECTION ( 'NONE',  ( -0.000000000000000000, -1.000000000000000000, -0.000000000000000000 ) ) ;
#381 = CARTESIAN_POINT ( 'NONE',  ( 0.8767189974235103378, -0.7604443519486197012, -9.151711569842730043 ) ) ;
#382 = DIRECTION ( 'NONE',  ( -0.000000000000000000, -1.000000000000000000, -0.000000000000000000 ) ) ;
#383 = CARTESIAN_POINT ( 'NONE',  ( 0.4948548703877910238, -6.349999999999999645, 9.271102943336668289 ) ) ;
#384 = CARTESIAN_POINT ( 'NONE',  ( 3.089999999999999858, 6.349999999999999645, 2.555000000000000160 ) ) ;
#385 = ORIENTED_EDGE ( 'NONE', *, *, #3775, .F. ) ;
#386 = LINE ( 'NONE', #6349, #5703 ) ;
#387 = CARTESIAN_POINT ( 'NONE',  ( -9.563317348342929236, -1.175576129891581223, 0.7271088839738992782 ) ) ;
#388 = CARTESIAN_POINT ( 'NONE',  ( 6.074854870387789596, -0.9571067811865472397, 0.4948548703877919674 ) ) ;
#389 = EDGE_CURVE ( 'NONE', #4151, #3903, #5415, .T. ) ;
#390 = ORIENTED_EDGE ( 'NONE', *, *, #4183, .T. ) ;
#391 = ORIENTED_EDGE ( 'NONE', *, *, #1289, .T. ) ;
#392 = CARTESIAN_POINT ( 'NONE',  ( -12.69999999999999929, -6.349999999999999645, -1.734723475976804925E-15 ) ) ;
#393 = CARTESIAN_POINT ( 'NONE',  ( -2.105145129612105759, -6.349999999999999645, 9.678354296802073264 ) ) ;
#394 = CARTESIAN_POINT ( 'NONE',  ( -0.4948548703877283517, -0.7499999999999997780, 6.074809178934714282 ) ) ;
#395 = CARTESIAN_POINT ( 'NONE',  ( -5.117196658066557546, -0.7500000000000996980, 4.321045569592045332 ) ) ;
#396 = CARTESIAN_POINT ( 'NONE',  ( -5.745157821363368278, -6.349999999999998757, 2.733715753514065039 ) ) ;
#397 = CARTESIAN_POINT ( 'NONE',  ( 1.636167128121300385, -0.7499999999999998890, 9.073837464952664078 ) ) ;
#398 = CARTESIAN_POINT ( 'NONE',  ( -2.648042898853951676E-14, -0.7499999999999997780, -2.105145129612326915 ) ) ;
#399 = ORIENTED_EDGE ( 'NONE', *, *, #4561, .F. ) ;
#400 = ORIENTED_EDGE ( 'NONE', *, *, #1328, .F. ) ;
#401 = EDGE_CURVE ( 'NONE', #6016, #6589, #6754, .T. ) ;
#402 = ADVANCED_FACE ( 'NONE', ( #7649 ), #1109, .T. ) ;
#403 = CARTESIAN_POINT ( 'NONE',  ( -0.4948548703877285737, -1.184538517676302805, 6.074854871206059492 ) ) ;
#404 = DIRECTION ( 'NONE',  ( 0.000000000000000000, -1.000000000000000000, 0.000000000000000000 ) ) ;
#405 = FACE_OUTER_BOUND ( 'NONE', #172, .T. ) ;
#406 =( BOUNDED_CURVE ( )  B_SPLINE_CURVE ( 3, ( #6135, #2879, #2839, #2316 ),
 .UNSPECIFIED., .F., .T. ) 
 B_SPLINE_CURVE_WITH_KNOTS ( ( 4, 4 ),
 ( 0.000000000000000000, 1.000000000000000000 ),
 .UNSPECIFIED. ) 
 CURVE ( )  GEOMETRIC_REPRESENTATION_ITEM ( )  RATIONAL_B_SPLINE_CURVE ( ( 1.000000000000000000, 0.8553052591901917356, 0.8553052591901917356, 1.000000000000000000 ) ) 
 REPRESENTATION_ITEM ( '' )  );
#407 = LINE ( 'NONE', #3080, #496 ) ;
#408 = CARTESIAN_POINT ( 'NONE',  ( -3.397861557712904101, -0.7499999999999710232, -5.598265168446671325 ) ) ;
#409 = CARTESIAN_POINT ( 'NONE',  ( 5.773836923778243424, -6.349999999999999645, -2.339595130594224415 ) ) ;
#410 = EDGE_LOOP ( 'NONE', ( #2850, #6651, #3033, #1153 ) ) ;
#411 = ORIENTED_EDGE ( 'NONE', *, *, #4183, .F. ) ;
#412 = CARTESIAN_POINT ( 'NONE',  ( -9.299109199783808677, -6.349999999999999645, -2.105145129612208343 ) ) ;
#413 = CARTESIAN_POINT ( 'NONE',  ( 3.830157644083111990, -1.249999999999999778, 5.419333494353775649 ) ) ;
#414 = DIRECTION ( 'NONE',  ( -0.000000000000000000, -1.000000000000000000, 0.000000000000000000 ) ) ;
#415 = ADVANCED_FACE ( 'NONE', ( #8294 ), #5630, .T. ) ;
#416 = CARTESIAN_POINT ( 'NONE',  ( -2.542933621702822666, -0.7499999999999997780, 6.268306263517448684 ) ) ;
#417 = CARTESIAN_POINT ( 'NONE',  ( -0.4948548703877910238, -0.7499999999999997780, 0.000000000000000000 ) ) ;
#418 = CARTESIAN_POINT ( 'NONE',  ( -2.105145129612210120, -0.7499999999999997780, -9.299109199783138990 ) ) ;
#419 = CARTESIAN_POINT ( 'NONE',  ( -1.605145129612327137, -0.7499999999999997780, 3.700397729387274728E-14 ) ) ;
#420 = CARTESIAN_POINT ( 'NONE',  ( 9.935855655966872035, -6.349999999999999645, 1.651354423408139427 ) ) ;
#421 = DIRECTION ( 'NONE',  ( 0.000000000000000000, 1.000000000000000000, 0.000000000000000000 ) ) ;
#422 = CARTESIAN_POINT ( 'NONE',  ( -9.678354296802050172, -6.349999999999999645, -2.105145129612207455 ) ) ;
#423 = CARTESIAN_POINT ( 'NONE',  ( -1.997672270374154291, -0.7499999999999997780, 8.609132449040435731 ) ) ;
#424 = CARTESIAN_POINT ( 'NONE',  ( 0.000000000000000000, -6.349999999999999645, 5.774854870387789774 ) ) ;
#425 = CARTESIAN_POINT ( 'NONE',  ( -2.658265215455181352, -6.349999999999999645, -5.755478488678697602 ) ) ;
#426 = CARTESIAN_POINT ( 'NONE',  ( 5.248275075321029881, -6.350000000000001421, -4.125258209166334566 ) ) ;
#427 = CARTESIAN_POINT ( 'NONE',  ( -2.105004284771683665, -6.350000000000000533, -9.940748498636045483 ) ) ;
#428 = EDGE_CURVE ( 'NONE', #3268, #8103, #5542, .T. ) ;
#429 = CARTESIAN_POINT ( 'NONE',  ( -9.799626652746590949, -0.9250727480747994447, -1.645440951407612706 ) ) ;
#430 = VERTEX_POINT ( 'NONE', #7448 ) ;
#431 = CARTESIAN_POINT ( 'NONE',  ( 2.110363770167421382, -1.249999999999999778, -9.233270550170679769 ) ) ;
#432 = CARTESIAN_POINT ( 'NONE',  ( -9.203283201169657701, -0.8339739459306587666, 0.7100921513877843649 ) ) ;
#433 = ORIENTED_EDGE ( 'NONE', *, *, #7498, .F. ) ;
#434 = CARTESIAN_POINT ( 'NONE',  ( -0.9482765591599291444, -0.7500000350307102215, 9.151065285183669573 ) ) ;
#435 = CARTESIAN_POINT ( 'NONE',  ( 2.802218210153297751, -0.7499999999999997780, -6.242084559014557499 ) ) ;
#436 = CARTESIAN_POINT ( 'NONE',  ( 2.267556941244656343, -1.249999999999999778, 9.030248827453016602 ) ) ;
#437 = CARTESIAN_POINT ( 'NONE',  ( -0.4948548703877910238, -1.249999999999999778, -6.074832024661248830 ) ) ;
#438 = EDGE_LOOP ( 'NONE', ( #2880, #5879, #7581, #366 ) ) ;
#439 = CARTESIAN_POINT ( 'NONE',  ( -5.774854870387766681, -6.349999999999999645, 2.275387937340485500 ) ) ;
#440 = VECTOR ( 'NONE', #7639, 1000.000000000000000 ) ;
#441 = ADVANCED_FACE ( 'NONE', ( #3478 ), #6115, .T. ) ;
#442 = CARTESIAN_POINT ( 'NONE',  ( -2.685283670518094468, -6.349999999999999645, 5.752636975339942005 ) ) ;
#443 = DIRECTION ( 'NONE',  ( -0.7071067811865477948, 0.000000000000000000, 0.7071067811865473507 ) ) ;
#444 = ORIENTED_EDGE ( 'NONE', *, *, #3355, .T. ) ;
#445 = CARTESIAN_POINT ( 'NONE',  ( 9.299109199783808677, -6.349999999999999645, 2.105145129612208343 ) ) ;
#446 = ORIENTED_EDGE ( 'NONE', *, *, #6014, .F. ) ;
#447 = CARTESIAN_POINT ( 'NONE',  ( 2.045745706930501395, -1.012903214276672959, 9.636682573286204700 ) ) ;
#448 = VECTOR ( 'NONE', #3827, 1000.000000000000000 ) ;
#449 = CARTESIAN_POINT ( 'NONE',  ( 6.013459441995111732, -0.8042590948716055177, -2.277279247657747696 ) ) ;
#450 = CARTESIAN_POINT ( 'NONE',  ( 9.799624718477105034, -0.9250707305094190147, -1.645440850620671025 ) ) ;
#451 = ADVANCED_FACE ( 'NONE', ( #2177 ), #4542, .T. ) ;
#452 = CARTESIAN_POINT ( 'NONE',  ( -4.321045569592298463, -0.7499999999999997780, -5.117196658066283987 ) ) ;
#453 = EDGE_CURVE ( 'NONE', #4070, #2791, #4594, .T. ) ;
#454 = CARTESIAN_POINT ( 'NONE',  ( 5.774854870387782668, -6.349999999999999645, -2.275387937340445088 ) ) ;
#455 = VERTEX_POINT ( 'NONE', #3293 ) ;
#456 = AXIS2_PLACEMENT_3D ( 'NONE', #4077, #1508, #116 ) ;
#458 = ORIENTED_EDGE ( 'NONE', *, *, #4145, .T. ) ;
#457 = VECTOR ( 'NONE', #5241, 1000.000000000000000 ) ;
#459 = CARTESIAN_POINT ( 'NONE',  ( -9.014118416197110406, -1.249999999999999778, -2.312816342313107398 ) ) ;
#460 = CARTESIAN_POINT ( 'NONE',  ( 4.033720774788659647, -0.7499999999999997780, 5.309924169185638476 ) ) ;
#461 = CARTESIAN_POINT ( 'NONE',  ( -2.394258591819272475, -0.7499999999999997780, 6.272908065292619462 ) ) ;
#462 =( BOUNDED_SURFACE ( )  B_SPLINE_SURFACE ( 3, 1, ( 
 ( #5615, #7509 ),
 ( #8116, #6306 ),
 ( #1581, #4193 ),
 ( #4275, #1657 ) ),
 .UNSPECIFIED., .F., .F., .T. ) 
 B_SPLINE_SURFACE_WITH_KNOTS ( ( 4, 4 ),
 ( 2, 2 ),
 ( 0.000000000000000000, 1.000000000000000000 ),
 ( 0.000000000000000000, 1.000000000000000000 ),
 .UNSPECIFIED. ) 
 GEOMETRIC_REPRESENTATION_ITEM ( )  RATIONAL_B_SPLINE_SURFACE ( (
 ( 1.000000000000000000, 1.000000000000000000),
 ( 0.8048096403827855738, 0.8048096403827855738),
 ( 0.8048096403827855738, 0.8048096403827855738),
 ( 1.000000000000000000, 1.000000000000000000) ) ) 
 REPRESENTATION_ITEM ( '' )  SURFACE ( )  );
#463 = CARTESIAN_POINT ( 'NONE',  ( 2.212549691026329146, -1.249999999999999778, 9.066909142011652989 ) ) ;
#464 = CARTESIAN_POINT ( 'NONE',  ( -6.072021133824668127, -0.7500000000000003331, 3.560566047198054918 ) ) ;
#465 = CARTESIAN_POINT ( 'NONE',  ( 4.793229508794048854, -1.249999999999999778, 4.705393340446858197 ) ) ;
#466 = VECTOR ( 'NONE', #6533, 1000.000000000000000 ) ;
#467 = CARTESIAN_POINT ( 'NONE',  ( 9.008710553930297849, -6.349999999999999645, -2.329991424587377846 ) ) ;
#468 = ORIENTED_EDGE ( 'NONE', *, *, #3226, .F. ) ;
#469 = EDGE_CURVE ( 'NONE', #1667, #3032, #8510, .T. ) ;
#470 = ORIENTED_EDGE ( 'NONE', *, *, #599, .T. ) ;
#471 = DIRECTION ( 'NONE',  ( 0.000000000000000000, 1.000000000000000000, 0.000000000000000000 ) ) ;
#472 = CARTESIAN_POINT ( 'NONE',  ( -2.187678284771120918, -1.249999999999999778, 9.089851226871717316 ) ) ;
#473 = CARTESIAN_POINT ( 'NONE',  ( 1.592979213004597883, -11.47520266622459673, -2.690590178608777805 ) ) ;
#474 = CARTESIAN_POINT ( 'NONE',  ( 9.271102943336666513, -0.7499999999999997780, -0.4948548703878234423 ) ) ;
#475 = CARTESIAN_POINT ( 'NONE',  ( 9.935817806042155809, -1.224858571544304331, -1.651291066095425197 ) ) ;
#476 = LINE ( 'NONE', #3105, #5455 ) ;
#477 = ORIENTED_EDGE ( 'NONE', *, *, #4845, .F. ) ;
#478 = DIRECTION ( 'NONE',  ( 0.000000000000000000, 1.000000000000000000, -0.000000000000000000 ) ) ;
#479 = CARTESIAN_POINT ( 'NONE',  ( -2.115654539306400572, -0.7499999999999997780, -8.552364118410197946 ) ) ;
#480 = CARTESIAN_POINT ( 'NONE',  ( 3.340952568879816287, -1.249999999999999778, -5.613350853446075206 ) ) ;
#481 = DIRECTION ( 'NONE',  ( -0.000000000000000000, -1.000000000000000000, -0.000000000000000000 ) ) ;
#482 = VECTOR ( 'NONE', #4146, 1000.000000000000000 ) ;
#483 = LINE ( 'NONE', #1076, #4657 ) ;
#484 = DIRECTION ( 'NONE',  ( -1.607039032523497913E-14, 0.000000000000000000, -1.000000000000000000 ) ) ;
#485 = CARTESIAN_POINT ( 'NONE',  ( 0.000000000000000000, -16.35000000000000142, -17.67766952966369587 ) ) ;
#486 = CARTESIAN_POINT ( 'NONE',  ( -2.886440657710565461, -6.349999999999999645, 5.723143872992085157 ) ) ;
#487 = DIRECTION ( 'NONE',  ( 0.7071067811865473507, 0.000000000000000000, 0.7071067811865477948 ) ) ;
#488 = ORIENTED_EDGE ( 'NONE', *, *, #825, .F. ) ;
#489 = VECTOR ( 'NONE', #4710, 1000.000000000000000 ) ;
#490 = VERTEX_POINT ( 'NONE', #2631 ) ;
#491 = CARTESIAN_POINT ( 'NONE',  ( -2.121320343559642829, -6.349999999999999645, -15.55634918610405037 ) ) ;
#492 = CARTESIAN_POINT ( 'NONE',  ( 1.938856732754042023, -0.8140102161161271166, 9.910389448422032288 ) ) ;
#493 = ADVANCED_FACE ( 'NONE', ( #5855 ), #7176, .F. ) ;
#494 = CARTESIAN_POINT ( 'NONE',  ( -8.554462905232886882, -0.7499999999999997780, -2.110196775178361683 ) ) ;
#495 = CARTESIAN_POINT ( 'NONE',  ( 9.299109199783138990, -0.7499999999999997780, 2.105145129612210120 ) ) ;
#496 = VECTOR ( 'NONE', #951, 1000.000000000000000 ) ;
#497 = CARTESIAN_POINT ( 'NONE',  ( 0.7948320246612303741, -1.249999999999999778, -5.774854870387792438 ) ) ;
#498 = FACE_OUTER_BOUND ( 'NONE', #3632, .T. ) ;
#499 = CARTESIAN_POINT ( 'NONE',  ( 2.724394547432318348, -0.7499999999999997780, 5.747754117993061129 ) ) ;
#500 = CARTESIAN_POINT ( 'NONE',  ( 1.651322806674064392, -1.249999999999999778, -9.935836767996045538 ) ) ;
#501 = VECTOR ( 'NONE', #3094, 1000.000000000000000 ) ;
#502 = EDGE_CURVE ( 'NONE', #7922, #7302, #1806, .T. ) ;
#503 = CARTESIAN_POINT ( 'NONE',  ( 2.156861966637472428, -0.7499999999999997780, 8.539023618828144535 ) ) ;
#504 = CARTESIAN_POINT ( 'NONE',  ( -1.876683844410761193, -1.249999999999999778, -10.07030783714662547 ) ) ;
#505 = CARTESIAN_POINT ( 'NONE',  ( 2.275387937340425104, -1.249999999999999778, 5.774854870387789774 ) ) ;
#506 = CARTESIAN_POINT ( 'NONE',  ( -5.093866551585353619, -6.349999999999999645, 4.352419305668664862 ) ) ;
#507 = CARTESIAN_POINT ( 'NONE',  ( 9.244344518389896237, -6.349999999999999645, -2.107992638090552262 ) ) ;
#508 = VERTEX_POINT ( 'NONE', #491 ) ;
#509 = AXIS2_PLACEMENT_3D ( 'NONE', #4860, #6637, #716 ) ;
#510 = VERTEX_POINT ( 'NONE', #1850 ) ;
#511 = B_SPLINE_CURVE_WITH_KNOTS ( 'NONE', 3,
 ( #1898, #7957, #539, #3168, #5815, #8428 ),
 .UNSPECIFIED., .F., .F.,
 ( 4, 2, 4 ),
 ( 0.000000000000000000, 0.0004001435597879476522, 0.0008002871195758950876 ),
 .UNSPECIFIED. ) ;
#512 = CARTESIAN_POINT ( 'NONE',  ( -2.555000000000000160, 6.349999999999999645, -2.555000000000000160 ) ) ;
#513 = CARTESIAN_POINT ( 'NONE',  ( 4.003097679131852438, -6.349999999999999645, 5.322930905207445385 ) ) ;
#514 = EDGE_CURVE ( 'NONE', #2986, #2488, #5428, .T. ) ;
#515 = VECTOR ( 'NONE', #6160, 1000.000000000000000 ) ;
#516 = CARTESIAN_POINT ( 'NONE',  ( 0.6191424365562863130, -1.249999999999999778, -5.774908376104344043 ) ) ;
#517 = LINE ( 'NONE', #2483, #1444 ) ;
#518 = DIRECTION ( 'NONE',  ( -0.000000000000000000, 1.000000000000000000, -0.000000000000000000 ) ) ;
#519 = CARTESIAN_POINT ( 'NONE',  ( 0.9293933250974641957, -0.7499999999999998890, 6.248670252271701031 ) ) ;
#520 = ORIENTED_EDGE ( 'NONE', *, *, #4675, .T. ) ;
#521 = CARTESIAN_POINT ( 'NONE',  ( -9.032434134535666459, -1.249999999999999778, 2.266621160524505019 ) ) ;
#522 = FACE_OUTER_BOUND ( 'NONE', #2251, .T. ) ;
#523 = CYLINDRICAL_SURFACE ( 'NONE', #833, 3.000000000000000000 ) ;
#524 = ADVANCED_FACE ( 'NONE', ( #7091 ), #5935, .T. ) ;
#525 = CARTESIAN_POINT ( 'NONE',  ( 3.312055023987297453, -0.7499999999999995559, -6.146922021385072377 ) ) ;
#526 = DIRECTION ( 'NONE',  ( -0.000000000000000000, -1.000000000000000000, -0.000000000000000000 ) ) ;
#527 = CARTESIAN_POINT ( 'NONE',  ( -0.4948900776559704284, -1.249999999999999778, 9.416551571811837107 ) ) ;
#528 = CARTESIAN_POINT ( 'NONE',  ( -5.464514167704122904, -6.349999999999997868, 3.720896628016448826 ) ) ;
#529 = CARTESIAN_POINT ( 'NONE',  ( -2.481203500579764132, -1.249999999999999778, 5.771359271333146523 ) ) ;
#530 = CARTESIAN_POINT ( 'NONE',  ( -5.774908376104342267, -6.350000000000001421, -0.6191424365563067411 ) ) ;
#531 = ORIENTED_EDGE ( 'NONE', *, *, #6547, .F. ) ;
#532 = ORIENTED_EDGE ( 'NONE', *, *, #8465, .F. ) ;
#533 = FACE_BOUND ( 'NONE', #4137, .T. ) ;
#534 = CARTESIAN_POINT ( 'NONE',  ( 2.816582489435276226, -10.71683502112944275, -14.86108704022841565 ) ) ;
#535 = CARTESIAN_POINT ( 'NONE',  ( 9.286119137480383756, -0.7499999999999997780, 1.605145129612210342 ) ) ;
#536 = LINE ( 'NONE', #495, #2961 ) ;
#537 = EDGE_LOOP ( 'NONE', ( #4974, #182, #4178, #4363, #1706, #4723, #6231, #2360, #7204, #7310, #2045, #8214, #101, #3929, #4401, #7732, #3810, #3862, #3416 ) ) ;
#538 = CARTESIAN_POINT ( 'NONE',  ( -2.839101664922453416, -1.249999999999999778, -5.731101953972983942 ) ) ;
#539 = CARTESIAN_POINT ( 'NONE',  ( 9.511749481756829994, -0.9841828767151816759, -0.7556270829859415006 ) ) ;
#540 = EDGE_CURVE ( 'NONE', #7982, #5671, #1278, .T. ) ;
#541 = ORIENTED_EDGE ( 'NONE', *, *, #6463, .T. ) ;
#542 = CARTESIAN_POINT ( 'NONE',  ( 0.000000000000000000, -0.7499999999999997780, 6.274854870387789774 ) ) ;
#543 = CARTESIAN_POINT ( 'NONE',  ( -2.157665754350962750, -6.350000000000000533, -9.128763202256100939 ) ) ;
#544 = DIRECTION ( 'NONE',  ( -0.7071067811865476838, 0.7071067811865474617, 0.000000000000000000 ) ) ;
#545 = PLANE ( 'NONE',  #3516 ) ;
#546 = CARTESIAN_POINT ( 'NONE',  ( -1.651354423408143424, -1.249999999999999778, -9.935855655966872035 ) ) ;
#547 = CARTESIAN_POINT ( 'NONE',  ( -6.229044032152962984, -0.7499999989634394959, 0.9490440321529997059 ) ) ;
#548 = CARTESIAN_POINT ( 'NONE',  ( 9.935855655966737032, -0.7499999999999997780, 1.651354423408220029 ) ) ;
#549 = ORIENTED_EDGE ( 'NONE', *, *, #4605, .F. ) ;
#550 = ADVANCED_FACE ( 'NONE', ( #4590, #533 ), #3163, .F. ) ;
#551 = CARTESIAN_POINT ( 'NONE',  ( -0.4948548703877916344, -6.349999999999999645, -9.271102943336668289 ) ) ;
#552 = CARTESIAN_POINT ( 'NONE',  ( -6.074854870387789596, -1.249999999999999778, -0.4948548703877919674 ) ) ;
#553 = CARTESIAN_POINT ( 'NONE',  ( -12.69999999999999929, -4.349999999999999645, -1.734723475976804925E-15 ) ) ;
#554 = FACE_OUTER_BOUND ( 'NONE', #8060, .T. ) ;
#555 = CARTESIAN_POINT ( 'NONE',  ( -5.774854870387782668, -6.349999999999999645, 0.7948091789347685454 ) ) ;
#556 = CARTESIAN_POINT ( 'NONE',  ( -5.773023997030069410, -1.249999999999999778, 2.390870653623510478 ) ) ;
#557 = CARTESIAN_POINT ( 'NONE',  ( 5.774854870387789774, -6.349999999999999645, 0.000000000000000000 ) ) ;
#558 = ADVANCED_FACE ( 'NONE', ( #4636 ), #3044, .T. ) ;
#559 = CARTESIAN_POINT ( 'NONE',  ( -1.651322806674060617, -1.249999999999999778, -9.935836767996194752 ) ) ;
#560 = EDGE_CURVE ( 'NONE', #8103, #3779, #2755, .T. ) ;
#561 = ORIENTED_EDGE ( 'NONE', *, *, #2822, .T. ) ;
#562 = ADVANCED_FACE ( 'NONE', ( #1503 ), #7507, .T. ) ;
#563 = CARTESIAN_POINT ( 'NONE',  ( -6.224795864023864311, -0.7499999999999997780, -2.919898521238229794 ) ) ;
#564 = CARTESIAN_POINT ( 'NONE',  ( 6.274854870387786221, -0.7499999999999996669, -0.9948548703878137278 ) ) ;
#565 = CARTESIAN_POINT ( 'NONE',  ( -4.749987219571051966, -1.117918423547892504, 4.749987219571151442 ) ) ;
#566 = DIRECTION ( 'NONE',  ( -1.257890898639184420E-14, 0.000000000000000000, -1.000000000000000000 ) ) ;
#567 = CARTESIAN_POINT ( 'NONE',  ( -5.869745902883252597, -0.7499999999999997780, -4.049330476432548842 ) ) ;
#568 = CARTESIAN_POINT ( 'NONE',  ( -0.4948548703877910238, -1.175576128890377436, -9.271066497049256228 ) ) ;
#569 = ORIENTED_EDGE ( 'NONE', *, *, #5460, .F. ) ;
#570 = LINE ( 'NONE', #7695, #3907 ) ;
#571 = EDGE_CURVE ( 'NONE', #8418, #4276, #4278, .T. ) ;
#572 = DIRECTION ( 'NONE',  ( 1.000000000000000000, 0.000000000000000000, 0.000000000000000000 ) ) ;
#573 = ORIENTED_EDGE ( 'NONE', *, *, #6062, .F. ) ;
#574 = CARTESIAN_POINT ( 'NONE',  ( 9.190067605545385376, -1.249999999999999778, 2.123812721310498031 ) ) ;
#575 = VERTEX_POINT ( 'NONE', #4195 ) ;
#576 = CARTESIAN_POINT ( 'NONE',  ( -0.9490440321528725853, -0.7499999989634574815, 6.229044032152974530 ) ) ;
#577 = CARTESIAN_POINT ( 'NONE',  ( 9.502384764323620558, -0.7954508894435927679, 1.849313557585598122 ) ) ;
#578 = FACE_OUTER_BOUND ( 'NONE', #5498, .T. ) ;
#579 = VECTOR ( 'NONE', #5916, 1000.000000000000000 ) ;
#580 = CARTESIAN_POINT ( 'NONE',  ( -9.089382670993662927, -1.250000000000000000, -2.188037235424590943 ) ) ;
#581 = CARTESIAN_POINT ( 'NONE',  ( -9.138289497553023111, -1.249999999999999778, 2.149601316833887221 ) ) ;
#582 = PLANE ( 'NONE',  #1814 ) ;
#583 = EDGE_LOOP ( 'NONE', ( #4683, #1323, #5660, #1030 ) ) ;
#584 = ORIENTED_EDGE ( 'NONE', *, *, #2565, .T. ) ;
#585 = B_SPLINE_SURFACE_WITH_KNOTS ( 'NONE', 3, 1, ( 
 ( #1145, #1191 ),
 ( #5218, #6549 ),
 ( #7154, #2654 ),
 ( #5307, #7925 ),
 ( #5828, #3272 ),
 ( #8531, #7197 ),
 ( #2005, #7119 ),
 ( #638, #6467 ),
 ( #3791, #6424 ),
 ( #8490, #513 ),
 ( #8446, #1318 ),
 ( #2613, #1277 ),
 ( #5266, #3143 ),
 ( #3872, #2525 ),
 ( #5788, #7886 ),
 ( #1830, #7239 ) ),
 .UNSPECIFIED., .F., .F., .F.,
 ( 4, 1, 1, 1, 1, 1, 1, 1, 1, 1, 1, 1, 1, 4 ),
 ( 2, 2 ),
 ( 0.000000000000000000, 0.07008065970646608356, 0.1396731865527653382, 0.2087776709625975835, 0.2773942053609593783, 0.3455228842305990700, 0.4803170639563514865, 0.5469827646034604030, 0.6788519041324944103, 0.7440555568396702846, 0.8087720782009333309, 0.8730015814535390106, 0.9367441825021913804, 1.000000000000000000 ),
 ( 0.000000000000000000, 1.000000000000000000 ),
 .UNSPECIFIED. ) ;
#586 = CARTESIAN_POINT ( 'NONE',  ( -0.9226821440612348324, -0.7499999999999996669, 9.229312846153227667 ) ) ;
#587 = CARTESIAN_POINT ( 'NONE',  ( 4.671032987666274394, -1.249999999999999778, 4.826706478299842118 ) ) ;
#588 = VECTOR ( 'NONE', #1182, 1000.000000000000000 ) ;
#589 = CARTESIAN_POINT ( 'NONE',  ( 6.074832024661247942, -1.249999999999999778, -0.4948548703878122290 ) ) ;
#590 = DIRECTION ( 'NONE',  ( -0.000000000000000000, -1.000000000000000000, -0.000000000000000000 ) ) ;
#591 = DIRECTION ( 'NONE',  ( -0.000000000000000000, -1.000000000000000000, -0.000000000000000000 ) ) ;
#592 = CARTESIAN_POINT ( 'NONE',  ( -5.967581381844785149, -0.8501667073564475041, 0.8719454749706565533 ) ) ;
#593 = VECTOR ( 'NONE', #6910, 1000.000000000000000 ) ;
#594 = CARTESIAN_POINT ( 'NONE',  ( 1.651215506684534873, -1.200396464095386362, 9.933579480919947358 ) ) ;
#595 = CARTESIAN_POINT ( 'NONE',  ( 5.123368383065059817, -1.250000000000000000, -4.312369852190734321 ) ) ;
#596 = CARTESIAN_POINT ( 'NONE',  ( 2.185427387616488470, -1.249999999999999778, 9.092018752388751679 ) ) ;
#597 = DIRECTION ( 'NONE',  ( -1.000000000000000000, 0.000000000000000000, 4.441258270103199007E-15 ) ) ;
#598 = CARTESIAN_POINT ( 'NONE',  ( -2.031122491530208851, -0.9791613583409500832, -9.626472722236748325 ) ) ;
#599 = EDGE_CURVE ( 'NONE', #7851, #1486, #1611, .T. ) ;
#600 = DIRECTION ( 'NONE',  ( 1.000000000000000000, 0.000000000000000000, -1.142422094778946730E-14 ) ) ;
#601 = FACE_OUTER_BOUND ( 'NONE', #5559, .T. ) ;
#602 = CARTESIAN_POINT ( 'NONE',  ( -2.252437811466490913, -1.249999999999999778, -5.775218723744992566 ) ) ;
#603 = EDGE_LOOP ( 'NONE', ( #7422, #4188, #5009, #8368 ) ) ;
#604 =( BOUNDED_SURFACE ( )  B_SPLINE_SURFACE ( 3, 2, ( 
 ( #8453, #8325, #3151 ),
 ( #387, #5796, #8408 ),
 ( #7635, #5136, #3839 ),
 ( #5707, #4489, #5179 ),
 ( #1022, #7768, #3674 ),
 ( #6305, #2410, #432 ),
 ( #5658, #1969, #3322 ),
 ( #3280, #4623, #1921 ),
 ( #1285, #3411, #7250 ),
 ( #5924, #5315, #7895 ) ),
 .UNSPECIFIED., .F., .F., .T. ) 
 B_SPLINE_SURFACE_WITH_KNOTS ( ( 4, 2, 2, 2, 4 ),
 ( 3, 3 ),
 ( 0.000000000000000000, 8.874008666946174898E-05, 0.0001774801733389234980, 0.0002662202600083852198, 0.0003549603466778469959 ),
 ( 0.000000000000000000, 1.000000000000000000 ),
 .UNSPECIFIED. ) 
 GEOMETRIC_REPRESENTATION_ITEM ( )  RATIONAL_B_SPLINE_SURFACE ( (
 ( 1.000000000000000000, 0.7828858005155509003, 1.000000000000000000),
 ( 1.000000000000000000, 0.7823316129282646969, 1.000000000000000000),
 ( 1.000000000000000000, 0.8013859402318609382, 1.000000000000000000),
 ( 1.000000000000000000, 0.8529455745548003565, 1.000000000000000000),
 ( 1.000000000000000000, 0.8846933950169536542, 1.000000000000000000),
 ( 1.000000000000000000, 0.9391236465577200709, 1.000000000000000000),
 ( 1.000000000000000000, 0.9618119039027199779, 1.000000000000000000),
 ( 1.000000000000000000, 0.9921799038933921677, 1.000000000000000000),
 ( 1.000000000000000000, 0.9999926168062798215, 1.000000000000000000),
 ( 1.000000000000000000, 1.000000000000000000, 1.000000000000000000) ) ) 
 REPRESENTATION_ITEM ( '' )  SURFACE ( )  );
#605 = CARTESIAN_POINT ( 'NONE',  ( -2.212549691026329146, -1.249999999999999778, -9.066909142011652989 ) ) ;
#606 = CARTESIAN_POINT ( 'NONE',  ( -9.299109199783138990, -6.349999999999999645, -2.105145129612210120 ) ) ;
#607 = ADVANCED_FACE ( 'NONE', ( #6866 ), #1027, .F. ) ;
#608 = EDGE_CURVE ( 'NONE', #1272, #7037, #8391, .T. ) ;
#609 = FACE_OUTER_BOUND ( 'NONE', #5282, .T. ) ;
#610 = CARTESIAN_POINT ( 'NONE',  ( -0.8089016042668315531, -0.7806987747700460112, -9.259019847073032494 ) ) ;
#611 = VERTEX_POINT ( 'NONE', #1584 ) ;
#612 = CARTESIAN_POINT ( 'NONE',  ( 2.070971087514212439, -1.067192003028249125, -9.654274468677957799 ) ) ;
#613 = CARTESIAN_POINT ( 'NONE',  ( 9.266000294902960732, -1.249999999999999778, -2.106866638529233171 ) ) ;
#614 = ORIENTED_EDGE ( 'NONE', *, *, #5059, .F. ) ;
#615 = DIRECTION ( 'NONE',  ( 3.491481338843127044E-15, 0.000000000000000000, 1.000000000000000000 ) ) ;
#616 = CARTESIAN_POINT ( 'NONE',  ( 0.8543982456128892400, -0.8005384068327893177, 9.342476856437514243 ) ) ;
#617 = CARTESIAN_POINT ( 'NONE',  ( -9.320677620799608931, -0.8024511530617581823, -0.8678600213244469508 ) ) ;
#618 = EDGE_CURVE ( 'NONE', #5007, #6997, #4238, .T. ) ;
#619 = CARTESIAN_POINT ( 'NONE',  ( -3.090000000000000302, -6.349999999999999645, 2.555000000000000160 ) ) ;
#620 = CARTESIAN_POINT ( 'NONE',  ( -2.066716651290678275, -0.9950584864165534782, -10.13824484182496732 ) ) ;
#621 = CARTESIAN_POINT ( 'NONE',  ( -9.089851229402245991, -0.7499999999999997780, -2.187678288045533659 ) ) ;
#622 = VECTOR ( 'NONE', #2485, 1000.000000000000000 ) ;
#623 = CARTESIAN_POINT ( 'NONE',  ( -6.274854870387779116, -0.7499999999999997780, 0.9948548703878566934 ) ) ;
#624 =( BOUNDED_CURVE ( )  B_SPLINE_CURVE ( 3, ( #9, #1968, #4622, #7248 ),
 .UNSPECIFIED., .F., .T. ) 
 B_SPLINE_CURVE_WITH_KNOTS ( ( 4, 4 ),
 ( 3.927143110234821322, 5.497634850534556250 ),
 .UNSPECIFIED. ) 
 CURVE ( )  GEOMETRIC_REPRESENTATION_ITEM ( )  RATIONAL_B_SPLINE_CURVE ( ( 1.000000000000000000, 0.8048096403827855738, 0.8048096403827855738, 1.000000000000000000 ) ) 
 REPRESENTATION_ITEM ( '' )  );
#625 = CARTESIAN_POINT ( 'NONE',  ( 0.7270764054875241689, -6.349999999999999645, 9.563309819739389539 ) ) ;
#626 = DIRECTION ( 'NONE',  ( 0.000000000000000000, 1.000000000000000000, 0.000000000000000000 ) ) ;
#627 = EDGE_CURVE ( 'NONE', #2907, #2210, #725, .T. ) ;
#628 = VECTOR ( 'NONE', #3630, 1000.000000000000000 ) ;
#629 = CARTESIAN_POINT ( 'NONE',  ( -6.248670252271691261, -0.7499999999999998890, 0.9293933250975281446 ) ) ;
#630 = CARTESIAN_POINT ( 'NONE',  ( 2.096174882211887081, -1.152677804707678666, 9.671956310102144627 ) ) ;
#631 = ORIENTED_EDGE ( 'NONE', *, *, #6350, .T. ) ;
#632 = AXIS2_PLACEMENT_3D ( 'NONE', #749, #160, #2855 ) ;
#633 = CARTESIAN_POINT ( 'NONE',  ( -2.121320343559642829, -16.35000000000000142, -15.55634918610405037 ) ) ;
#634 = CARTESIAN_POINT ( 'NONE',  ( 2.229098567962079169, -6.349999999999999645, 9.054086811349193908 ) ) ;
#635 = ORIENTED_EDGE ( 'NONE', *, *, #104, .F. ) ;
#636 = CARTESIAN_POINT ( 'NONE',  ( 1.650694443027600045, -1.106163596442915065, 9.916618388791309968 ) ) ;
#637 = DIRECTION ( 'NONE',  ( 1.000000000000000000, -0.000000000000000000, -0.000000000000000000 ) ) ;
#638 = CARTESIAN_POINT ( 'NONE',  ( 3.507651352452040072, -1.249999999999999334, 5.554849294767932655 ) ) ;
#639 = CARTESIAN_POINT ( 'NONE',  ( 0.4948548703877705401, -6.349999999999999645, -6.074809178934711618 ) ) ;
#640 = CARTESIAN_POINT ( 'NONE',  ( -2.185427387327672832, -6.349999999999999645, 9.092018752690849581 ) ) ;
#641 = AXIS2_PLACEMENT_3D ( 'NONE', #7622, #421, #4303 ) ;
#642 = CARTESIAN_POINT ( 'NONE',  ( -9.671956310102123311, -1.152677804707680442, 2.096174882211988333 ) ) ;
#643 = ORIENTED_EDGE ( 'NONE', *, *, #6817, .T. ) ;
#644 = CARTESIAN_POINT ( 'NONE',  ( 2.329991424587346316, -1.249999999999999778, 9.008710553930304954 ) ) ;
#645 = VERTEX_POINT ( 'NONE', #5618 ) ;
#646 = CARTESIAN_POINT ( 'NONE',  ( -5.117390564771720385, -0.7499999999999991118, -4.320775847631598943 ) ) ;
#647 = DIRECTION ( 'NONE',  ( 0.000000000000000000, 0.000000000000000000, 1.000000000000000000 ) ) ;
#648 = EDGE_CURVE ( 'NONE', #7724, #3779, #5403, .T. ) ;
#649 = CARTESIAN_POINT ( 'NONE',  ( -5.017558349706329857, -6.349999999999999645, -4.450418399866528318 ) ) ;
#650 = ORIENTED_EDGE ( 'NONE', *, *, #2125, .T. ) ;
#651 = CARTESIAN_POINT ( 'NONE',  ( -9.210195143065618595, -6.350000000000002309, -2.118344590434122487 ) ) ;
#652 = CARTESIAN_POINT ( 'NONE',  ( -0.6603946923337050690, -0.8579973580746623751, -5.940394692333744509 ) ) ;
#653 = CARTESIAN_POINT ( 'NONE',  ( -2.100000000000000977, -12.84999999999999964, -17.67766952966369587 ) ) ;
#654 = VERTEX_POINT ( 'NONE', #6998 ) ;
#655 = B_SPLINE_CURVE_WITH_KNOTS ( 'NONE', 3,
 ( #2428, #3029, #8299, #7652, #1722, #5076, #3596, #6190, #276, #1595, #4248, #8425, #2507, #7827 ),
 .UNSPECIFIED., .F., .F.,
 ( 4, 2, 2, 2, 2, 2, 4 ),
 ( 0.000000000000000000, 0.0001294670375279978252, 0.0002589340750559956505, 0.0005178681501119913010, 0.0007768022251679870599, 0.0009062692626959842346, 0.001035736300223981518 ),
 .UNSPECIFIED. ) ;
#656 =( BOUNDED_CURVE ( )  B_SPLINE_CURVE ( 3, ( #1368, #7213, #6607, #687 ),
 .UNSPECIFIED., .F., .T. ) 
 B_SPLINE_CURVE_WITH_KNOTS ( ( 4, 4 ),
 ( 4.712388980384689674, 6.283185307179586232 ),
 .UNSPECIFIED. ) 
 CURVE ( )  GEOMETRIC_REPRESENTATION_ITEM ( )  RATIONAL_B_SPLINE_CURVE ( ( 1.000000000000000000, 0.8047378541243649375, 0.8047378541243649375, 1.000000000000000000 ) ) 
 REPRESENTATION_ITEM ( '' )  );
#657 = CARTESIAN_POINT ( 'NONE',  ( 1.888204326372171726, -0.7499999999999997780, 8.682685175508590092 ) ) ;
#658 = ORIENTED_EDGE ( 'NONE', *, *, #8199, .T. ) ;
#659 = CARTESIAN_POINT ( 'NONE',  ( 2.846954930095972003, -6.349999999999999645, 5.728350389783218866 ) ) ;
#660 = EDGE_LOOP ( 'NONE', ( #5627, #569, #6964, #8195 ) ) ;
#661 = CARTESIAN_POINT ( 'NONE',  ( 0.7556270829859084159, -0.9841828767151814539, 9.511749481756831770 ) ) ;
#662 = CARTESIAN_POINT ( 'NONE',  ( -9.271066631791374135, -1.249999999999999778, -0.4948548703877888588 ) ) ;
#663 = CARTESIAN_POINT ( 'NONE',  ( 2.264266895949677227, -6.349999999999999645, 9.034447134827443548 ) ) ;
#664 = CARTESIAN_POINT ( 'NONE',  ( 5.772919569470591483, -0.7500000000001774136, 2.389335516026133366 ) ) ;
#665 = ORIENTED_EDGE ( 'NONE', *, *, #6455, .T. ) ;
#666 = DIRECTION ( 'NONE',  ( -0.000000000000000000, -1.000000000000000000, -0.000000000000000000 ) ) ;
#667 = CARTESIAN_POINT ( 'NONE',  ( -8.954900817723386197, -0.7499999999999997780, -1.677860179042054201 ) ) ;
#668 = ORIENTED_EDGE ( 'NONE', *, *, #2338, .F. ) ;
#669 = ADVANCED_FACE ( 'NONE', ( #4963 ), #3014, .F. ) ;
#670 = CARTESIAN_POINT ( 'NONE',  ( 2.168404344971008868E-16, -12.84999999999999964, -17.67766952966369587 ) ) ;
#671 = CARTESIAN_POINT ( 'NONE',  ( 4.768964163857674521, -1.249999999999999778, 4.731547459428067981 ) ) ;
#672 = CARTESIAN_POINT ( 'NONE',  ( 3.181466412135040223, -6.349999999999999645, -5.663282509049064828 ) ) ;
#673 = CARTESIAN_POINT ( 'NONE',  ( 9.935855655966864930, -6.349999999999999645, -1.651354423408178507 ) ) ;
#674 = LINE ( 'NONE', #3997, #1999 ) ;
#675 = ADVANCED_FACE ( 'NONE', ( #5709 ), #8328, .T. ) ;
#676 = DIRECTION ( 'NONE',  ( 1.000000000000000000, 0.000000000000000000, 0.000000000000000000 ) ) ;
#677 = CARTESIAN_POINT ( 'NONE',  ( -2.275847463787708858, -0.9888798318988256675, 5.828971210989947416 ) ) ;
#678 = ORIENTED_EDGE ( 'NONE', *, *, #3594, .T. ) ;
#679 = CARTESIAN_POINT ( 'NONE',  ( -9.024263025706188657, -6.349999999999998757, 2.285172883376080488 ) ) ;
#680 = LINE ( 'NONE', #7969, #892 ) ;
#681 = DIRECTION ( 'NONE',  ( 1.047444401652940007E-14, -0.000000000000000000, 1.000000000000000000 ) ) ;
#682 = CARTESIAN_POINT ( 'NONE',  ( 9.217154405169804221, -0.7499999999999950040, 2.115939480238360204 ) ) ;
#683 = CARTESIAN_POINT ( 'NONE',  ( 9.714807231517021080, -0.7690834892383978660, -1.827703956701607346 ) ) ;
#684 = VERTEX_POINT ( 'NONE', #5651 ) ;
#685 = DIRECTION ( 'NONE',  ( -0.000000000000000000, -1.000000000000000000, -0.000000000000000000 ) ) ;
#686 = CARTESIAN_POINT ( 'NONE',  ( -5.223832818756057428, -6.349999999999999645, -4.163775357382891507 ) ) ;
#687 = CARTESIAN_POINT ( 'NONE',  ( -0.4948548703877283517, -1.249999999999999778, 6.074832024661254160 ) ) ;
#688 = FACE_OUTER_BOUND ( 'NONE', #1537, .T. ) ;
#689 = ORIENTED_EDGE ( 'NONE', *, *, #4759, .F. ) ;
#690 = FACE_OUTER_BOUND ( 'NONE', #4336, .T. ) ;
#691 = CARTESIAN_POINT ( 'NONE',  ( 2.096138142704386809, -1.109988275975638761, -10.19083461549686831 ) ) ;
#692 = CARTESIAN_POINT ( 'NONE',  ( -0.4948548703877910238, -1.249999999999999778, -9.271084787564099372 ) ) ;
#693 = FACE_OUTER_BOUND ( 'NONE', #804, .T. ) ;
#694 = CARTESIAN_POINT ( 'NONE',  ( -1.605145129612113086, -0.7499999999999997780, 9.286119137480397967 ) ) ;
#695 = ORIENTED_EDGE ( 'NONE', *, *, #4978, .T. ) ;
#696 = CARTESIAN_POINT ( 'NONE',  ( -0.5718457277412837270, -0.9743063024704240460, 9.246666417027519458 ) ) ;
#697 =( LENGTH_UNIT ( ) NAMED_UNIT ( * ) SI_UNIT ( .MILLI., .METRE. ) );
#698 = CARTESIAN_POINT ( 'NONE',  ( -9.547528442630081713, -1.101661675395366302, -0.7359155481713769431 ) ) ;
#699 = CARTESIAN_POINT ( 'NONE',  ( -9.299109199783138990, -1.249999999999999778, -2.105145129612210120 ) ) ;
#700 = ADVANCED_FACE ( 'NONE', ( #4351 ), #4038, .T. ) ;
#701 = CARTESIAN_POINT ( 'NONE',  ( 5.309876858948104683, -0.7499999999999991118, 4.033781148715069875 ) ) ;
#702 = CARTESIAN_POINT ( 'NONE',  ( -1.650131394462183154, -1.087308501813575079, -9.904085948159574215 ) ) ;
#703 = CARTESIAN_POINT ( 'NONE',  ( 1.991899303797749170E-15, -4.849999999999996980, -10.59999999999999787 ) ) ;
#704 = CARTESIAN_POINT ( 'NONE',  ( 4.560412727924615162, -6.349999999999998757, -4.925949803599842802 ) ) ;
#705 = DIRECTION ( 'NONE',  ( 1.607039032523497597E-14, 0.000000000000000000, 1.000000000000000000 ) ) ;
#706 = EDGE_CURVE ( 'NONE', #2640, #6707, #8191, .T. ) ;
#707 = CARTESIAN_POINT ( 'NONE',  ( -9.271066631791528678, -1.114936179398976268, 0.4948548703878882793 ) ) ;
#708 = ADVANCED_FACE ( 'NONE', ( #4314 ), #2157, .T. ) ;
#709 = CIRCLE ( 'NONE', #4438, 8.805145129612210297 ) ;
#710 = CARTESIAN_POINT ( 'NONE',  ( 5.746563553755513531, -1.249999999999999334, -2.733123488130840162 ) ) ;
#711 = CARTESIAN_POINT ( 'NONE',  ( -9.557485742446599986, -0.8691362225820286058, -1.930422840993658795 ) ) ;
#712 = VERTEX_POINT ( 'NONE', #936 ) ;
#713 = CARTESIAN_POINT ( 'NONE',  ( 1.605145129612207233, -0.7499999999999997780, 9.344284074950621743 ) ) ;
#714 = CARTESIAN_POINT ( 'NONE',  ( 4.413936882580214771, -1.249999999999999778, -5.047838592698824733 ) ) ;
#715 = CARTESIAN_POINT ( 'NONE',  ( 2.277684824991557999, -6.349999999999999645, -9.025180162734502076 ) ) ;
#716 = DIRECTION ( 'NONE',  ( 0.000000000000000000, 0.000000000000000000, 1.000000000000000000 ) ) ;
#717 = CARTESIAN_POINT ( 'NONE',  ( -2.277684824991494938, -1.249999999999999778, 9.025180162734518063 ) ) ;
#718 = EDGE_CURVE ( 'NONE', #1497, #2549, #8233, .T. ) ;
#719 = CARTESIAN_POINT ( 'NONE',  ( -9.557485742446736765, -0.8691362225820253862, 1.930422840993757827 ) ) ;
#720 = ORIENTED_EDGE ( 'NONE', *, *, #5003, .F. ) ;
#721 = EDGE_LOOP ( 'NONE', ( #1162, #6087, #5099, #2022 ) ) ;
#722 = CARTESIAN_POINT ( 'NONE',  ( 2.279351210769155589, -0.7499999999999997780, 6.274854870387789774 ) ) ;
#723 = AXIS2_PLACEMENT_3D ( 'NONE', #3750, #471, #5649 ) ;
#724 = CARTESIAN_POINT ( 'NONE',  ( -5.756667557643673661, -6.350000000000001421, -2.632753243385812514 ) ) ;
#725 =( BOUNDED_CURVE ( )  B_SPLINE_CURVE ( 3, ( #982, #6260, #2965, #6308 ),
 .UNSPECIFIED., .F., .T. ) 
 B_SPLINE_CURVE_WITH_KNOTS ( ( 4, 4 ),
 ( 0.000000000000000000, 1.570796326794896558 ),
 .UNSPECIFIED. ) 
 CURVE ( )  GEOMETRIC_REPRESENTATION_ITEM ( )  RATIONAL_B_SPLINE_CURVE ( ( 1.000000000000000000, 0.8047378541243649375, 0.8047378541243649375, 1.000000000000000000 ) ) 
 REPRESENTATION_ITEM ( '' )  );
#726 = CARTESIAN_POINT ( 'NONE',  ( -0.9948548703877909682, -0.7499999999999997780, -9.115647332695417049 ) ) ;
#727 = DIRECTION ( 'NONE',  ( 0.000000000000000000, 0.000000000000000000, -1.000000000000000000 ) ) ;
#728 = FACE_OUTER_BOUND ( 'NONE', #7511, .T. ) ;
#729 = EDGE_CURVE ( 'NONE', #3671, #2210, #3938, .T. ) ;
#730 = LINE ( 'NONE', #653, #7275 ) ;
#731 = VERTEX_POINT ( 'NONE', #3541 ) ;
#732 = CARTESIAN_POINT ( 'NONE',  ( -2.555000000000000160, 6.349999999999999645, 2.555000000000000160 ) ) ;
#733 = ORIENTED_EDGE ( 'NONE', *, *, #2554, .F. ) ;
#734 = CARTESIAN_POINT ( 'NONE',  ( 4.266882068753075963, -6.349999999999997868, 5.153640453733400406 ) ) ;
#735 = CARTESIAN_POINT ( 'NONE',  ( -4.027408664233499636, -1.249999999999999778, 5.313392328326522751 ) ) ;
#736 = ORIENTED_EDGE ( 'NONE', *, *, #8298, .F. ) ;
#737 = CARTESIAN_POINT ( 'NONE',  ( 4.826706478543721701, -0.7499999999999997780, -4.671032987415307147 ) ) ;
#738 = DIRECTION ( 'NONE',  ( -0.5773502691896257311, 0.5773502691896255090, -0.5773502691896259531 ) ) ;
#739 = DIRECTION ( 'NONE',  ( -1.000000000000000000, 0.000000000000000000, 9.497769312600652573E-16 ) ) ;
#740 = CARTESIAN_POINT ( 'NONE',  ( 0.7948320246612303741, -1.249999999999999778, -5.774854870387792438 ) ) ;
#741 = CARTESIAN_POINT ( 'NONE',  ( 5.444455499145175459, -0.7499999999999997780, 4.718849036914098960 ) ) ;
#742 = CARTESIAN_POINT ( 'NONE',  ( -1.651291189939975812, -1.249999999999999778, -9.935817880025519244 ) ) ;
#743 = CARTESIAN_POINT ( 'NONE',  ( -6.143145171666071214, -0.7499999999999998890, -2.278515257698251695 ) ) ;
#744 = ORIENTED_EDGE ( 'NONE', *, *, #1652, .F. ) ;
#745 = DIRECTION ( 'NONE',  ( -0.000000000000000000, -0.000000000000000000, 1.000000000000000000 ) ) ;
#746 = EDGE_CURVE ( 'NONE', #1314, #1497, #2656, .T. ) ;
#747 = CARTESIAN_POINT ( 'NONE',  ( 4.267546355205334763, -6.349999999999998757, -5.153224870907498811 ) ) ;
#748 = LINE ( 'NONE', #3390, #1523 ) ;
#749 = CARTESIAN_POINT ( 'NONE',  ( 1.734723475976804925E-15, -6.349999999999999645, -12.69999999999999929 ) ) ;
#750 = B_SPLINE_CURVE_WITH_KNOTS ( 'NONE', 3,
 ( #467, #4431, #1139, #8357, #2437, #3139, #5089, #6421, #376, #5124, #7756, #1825, #3613, #6243, #328, #2946 ),
 .UNSPECIFIED., .F., .F.,
 ( 4, 1, 2, 2, 2, 1, 2, 2, 4 ),
 ( 0.000000000000000000, 0.1249999999999833189, 0.1874999999999791556, 0.2499999999999750200, 0.4999999999999654721, 0.6249999999999606981, 0.6874999999999649170, 0.7499999999999690248, 1.000000000000000000 ),
 .UNSPECIFIED. ) ;
#751 = ORIENTED_EDGE ( 'NONE', *, *, #3499, .T. ) ;
#752 = CARTESIAN_POINT ( 'NONE',  ( 9.115647332695257177, -0.7499999999999997780, 0.9948548703877890809 ) ) ;
#753 = EDGE_CURVE ( 'NONE', #2599, #934, #2750, .T. ) ;
#754 = CARTESIAN_POINT ( 'NONE',  ( 9.299109199783828217, -6.349999999999999645, -2.105145129612241650 ) ) ;
#755 = AXIS2_PLACEMENT_3D ( 'NONE', #3439, #4006, #6635 ) ;
#756 = EDGE_LOOP ( 'NONE', ( #6178, #2788, #2388, #4236 ) ) ;
#757 = CARTESIAN_POINT ( 'NONE',  ( 4.413936885869777171, -0.7499999999999997780, -5.047838596695516600 ) ) ;
#758 = CARTESIAN_POINT ( 'NONE',  ( 9.115647332695413496, -0.7499999999999996669, -0.9948548703878229427 ) ) ;
#759 = CARTESIAN_POINT ( 'NONE',  ( -12.69999999999999929, -4.349999999999999645, 1.600000000000002531 ) ) ;
#760 = CARTESIAN_POINT ( 'NONE',  ( 9.032593603681405625, -1.249999999999999778, 2.266305910672583579 ) ) ;
#761 = CARTESIAN_POINT ( 'NONE',  ( 9.755253593398164114, -0.8894853879692741216, -1.642672477270935794 ) ) ;
#762 = VECTOR ( 'NONE', #5185, 1000.000000000000000 ) ;
#763 = ORIENTED_EDGE ( 'NONE', *, *, #746, .T. ) ;
#764 = VERTEX_POINT ( 'NONE', #342 ) ;
#765 = CARTESIAN_POINT ( 'NONE',  ( -9.030248827452991733, -1.249999999999999778, 2.267556941244751822 ) ) ;
#766 = EDGE_CURVE ( 'NONE', #5612, #1680, #2982, .T. ) ;
#767 = CARTESIAN_POINT ( 'NONE',  ( -2.275387937340359823, -0.7499999999999997780, 5.774854870387812866 ) ) ;
#768 = LINE ( 'NONE', #2225, #3612 ) ;
#769 = AXIS2_PLACEMENT_3D ( 'NONE', #248, #6890, #6077 ) ;
#770 = DIRECTION ( 'NONE',  ( 0.000000000000000000, 0.000000000000000000, 1.000000000000000000 ) ) ;
#771 = CARTESIAN_POINT ( 'NONE',  ( -1.605145129612327137, -1.249999999999999778, 3.700397729387273466E-14 ) ) ;
#772 = CARTESIAN_POINT ( 'NONE',  ( -0.9482765591834922958, -0.7500000231977211884, -9.151065285163106466 ) ) ;
#773 = ORIENTED_EDGE ( 'NONE', *, *, #2517, .F. ) ;
#774 = CARTESIAN_POINT ( 'NONE',  ( 0.6093099112317897914, -0.9046407722474679725, 5.889309911231786820 ) ) ;
#775 = VERTEX_POINT ( 'NONE', #2193 ) ;
#776 = CARTESIAN_POINT ( 'NONE',  ( 9.271084787564040752, -1.249999999999999778, 0.4948548703877889698 ) ) ;
#777 = TOROIDAL_SURFACE ( 'NONE', #235, 3.719854870387792722, 0.5000000000000000000 ) ;
#778 = ADVANCED_FACE ( 'NONE', ( #977 ), #7880, .T. ) ;
#779 = DIRECTION ( 'NONE',  ( 0.000000000000000000, -1.000000000000000000, 0.000000000000000000 ) ) ;
#780 = ORIENTED_EDGE ( 'NONE', *, *, #3720, .T. ) ;
#781 = CARTESIAN_POINT ( 'NONE',  ( 5.444241131417253854, -0.7499999999999997780, -4.719110897281284522 ) ) ;
#782 = CARTESIAN_POINT ( 'NONE',  ( 6.100097556305090762, -0.9981907295795005020, 0.5579615851810402205 ) ) ;
#783 = CARTESIAN_POINT ( 'NONE',  ( 2.789869851543131496, -0.7499999999999997780, -6.243791634053088124 ) ) ;
#784 = CARTESIAN_POINT ( 'NONE',  ( 2.133400565464554699, -6.349999999999998757, 9.171654716384130879 ) ) ;
#785 = CARTESIAN_POINT ( 'NONE',  ( 3.090000000000000302, 6.349999999999999645, -2.555000000000000160 ) ) ;
#786 = ORIENTED_EDGE ( 'NONE', *, *, #2542, .T. ) ;
#787 = CARTESIAN_POINT ( 'NONE',  ( -1.895897864506560948, -0.7884503103994734419, -9.834301019142706934 ) ) ;
#788 = LINE ( 'NONE', #4202, #4729 ) ;
#789 = VERTEX_POINT ( 'NONE', #7283 ) ;
#790 = CARTESIAN_POINT ( 'NONE',  ( 2.105004284771683665, -1.249999999999999778, 9.940748498636045483 ) ) ;
#791 = CARTESIAN_POINT ( 'NONE',  ( 2.277412151966131670, -0.8044079310634758562, -6.013237424470980308 ) ) ;
#792 = EDGE_CURVE ( 'NONE', #4853, #7982, #8280, .T. ) ;
#793 = DIRECTION ( 'NONE',  ( 1.000000000000000000, 0.000000000000000000, -9.497769312600652573E-16 ) ) ;
#794 = CARTESIAN_POINT ( 'NONE',  ( 9.563309819739272299, -6.349999999999999645, 0.7270764054876839300 ) ) ;
#795 = ORIENTED_EDGE ( 'NONE', *, *, #2968, .T. ) ;
#796 = PLANE ( 'NONE',  #755 ) ;
#797 = CARTESIAN_POINT ( 'NONE',  ( 9.375177540560560630, -0.8647588404930761641, -0.6619912748340387454 ) ) ;
#798 = CARTESIAN_POINT ( 'NONE',  ( -12.69999999999999929, -4.849999999999996092, 2.099999999999998312 ) ) ;
#799 = CARTESIAN_POINT ( 'NONE',  ( 9.141450080487945939, -0.7499999999999997780, 2.147797752111780589 ) ) ;
#800 = ADVANCED_FACE ( 'NONE', ( #5431 ), #3548, .F. ) ;
#801 = CARTESIAN_POINT ( 'NONE',  ( 4.700017402160197251E-16, -0.7499999999999997780, 0.4948548703877977406 ) ) ;
#802 = VERTEX_POINT ( 'NONE', #2686 ) ;
#803 = ORIENTED_EDGE ( 'NONE', *, *, #6164, .F. ) ;
#804 = EDGE_LOOP ( 'NONE', ( #1882, #1755, #8032, #5573, #4742 ) ) ;
#805 = CARTESIAN_POINT ( 'NONE',  ( -6.074809178934704512, -6.349999999999999645, 0.4948548703878541954 ) ) ;
#806 = CARTESIAN_POINT ( 'NONE',  ( -9.806852196760573293, -0.9372534392549350946, -1.645652032776088625 ) ) ;
#807 = CARTESIAN_POINT ( 'NONE',  ( -2.329991424587346760, -1.117942496580375034, -9.008710553930306730 ) ) ;
#808 = CARTESIAN_POINT ( 'NONE',  ( 6.072021133824718753, -0.7500000000000000000, -3.560566047197964323 ) ) ;
#809 = DIRECTION ( 'NONE',  ( 0.000000000000000000, 1.000000000000000000, -0.000000000000000000 ) ) ;
#810 = APPLICATION_PROTOCOL_DEFINITION ( 'draft international standard', 'automotive_design', 1998, #4164 ) ;
#811 = EDGE_LOOP ( 'NONE', ( #2841, #4569, #5045, #3119 ) ) ;
#812 = EDGE_CURVE ( 'NONE', #8496, #6527, #5338, .T. ) ;
#813 = EDGE_CURVE ( 'NONE', #2061, #7058, #4030, .T. ) ;
#814 = ADVANCED_FACE ( 'NONE', ( #2124 ), #7277, .T. ) ;
#815 = CARTESIAN_POINT ( 'NONE',  ( 0.8719454749705944918, -0.8501667073564485033, 5.967581381844793142 ) ) ;
#816 = ORIENTED_EDGE ( 'NONE', *, *, #5939, .F. ) ;
#817 = CARTESIAN_POINT ( 'NONE',  ( 2.107681532293629534, -0.7499999999999953371, -9.259161127450044049 ) ) ;
#818 = CARTESIAN_POINT ( 'NONE',  ( 1.734723475976804925E-15, -4.349999999999999645, -14.80000000000000071 ) ) ;
#819 = CARTESIAN_POINT ( 'NONE',  ( -1.887435842406362196, -0.7499999999999996669, 8.683291449514580762 ) ) ;
#820 = ORIENTED_EDGE ( 'NONE', *, *, #812, .F. ) ;
#821 = CARTESIAN_POINT ( 'NONE',  ( 4.731547459428050217, -1.249999999999999778, -4.768964163857692284 ) ) ;
#822 = CARTESIAN_POINT ( 'NONE',  ( 5.803881357068842561, -1.047492893407809600, 0.5238813570688450882 ) ) ;
#823 = CARTESIAN_POINT ( 'NONE',  ( -1.646936468090097971, -0.9649331697241716466, 9.831777950102344121 ) ) ;
#824 = CARTESIAN_POINT ( 'NONE',  ( 6.072953921249830245, -0.7499999999999997780, 3.558419077181315338 ) ) ;
#825 = EDGE_CURVE ( 'NONE', #6050, #910, #748, .T. ) ;
#826 = CARTESIAN_POINT ( 'NONE',  ( -1.727175184591348778, -0.7538257325404484899, -9.541911710230740695 ) ) ;
#827 = CARTESIAN_POINT ( 'NONE',  ( -0.4948548703877904686, -6.349999999999999645, -6.074809178934709841 ) ) ;
#828 = CARTESIAN_POINT ( 'NONE',  ( -1.647799824854069284, -0.9799059656209808677, -9.848400162133625457 ) ) ;
#829 = CARTESIAN_POINT ( 'NONE',  ( 2.168404344971008868E-16, -12.84999999999999964, -9.741464024932666277 ) ) ;
#830 = CARTESIAN_POINT ( 'NONE',  ( 9.416551571812638244, -1.250000000000000000, 0.4948900776560693493 ) ) ;
#831 = CARTESIAN_POINT ( 'NONE',  ( 9.039649584638526747, -1.249999999999999778, -2.253406097969909982 ) ) ;
#832 = CARTESIAN_POINT ( 'NONE',  ( 9.563317320624237894, -1.115165646236150776, 0.7271087643984655013 ) ) ;
#833 = AXIS2_PLACEMENT_3D ( 'NONE', #5798, #3886, #8410 ) ;
#834 = CARTESIAN_POINT ( 'NONE',  ( 1.605145129612209898, -0.7499999999999997780, 9.286119137429906800 ) ) ;
#835 = EDGE_LOOP ( 'NONE', ( #2658, #3998, #643, #3560 ) ) ;
#836 = CARTESIAN_POINT ( 'NONE',  ( 5.103761866399034730, -0.7499999999999997780, 5.103397455562753038 ) ) ;
#837 = DIRECTION ( 'NONE',  ( -1.000000000000000000, 0.000000000000000000, 0.000000000000000000 ) ) ;
#838 = CARTESIAN_POINT ( 'NONE',  ( -1.651322806674060617, -1.249999999999999778, -9.935836767996194752 ) ) ;
#839 = CARTESIAN_POINT ( 'NONE',  ( -8.956637671642688758, -0.9888132917185209481, -2.315066160976714027 ) ) ;
#840 = AXIS2_PLACEMENT_3D ( 'NONE', #3664, #2910, #4396 ) ;
#841 = CARTESIAN_POINT ( 'NONE',  ( -9.344284074950603980, -0.7499999999999996669, 1.605145129612308708 ) ) ;
#842 = ORIENTED_EDGE ( 'NONE', *, *, #2800, .F. ) ;
#843 = ORIENTED_EDGE ( 'NONE', *, *, #291, .F. ) ;
#844 = PLANE ( 'NONE',  #1808 ) ;
#845 = CARTESIAN_POINT ( 'NONE',  ( -9.895190270746581973, -1.067192002139786711, -1.649780075212565977 ) ) ;
#846 = CIRCLE ( 'NONE', #1122, 3.219854870387946377 ) ;
#847 = EDGE_CURVE ( 'NONE', #6707, #8348, #3707, .T. ) ;
#848 = CARTESIAN_POINT ( 'NONE',  ( 5.313392328326483671, -1.249999999999999556, 4.027408664233555591 ) ) ;
#849 = FACE_OUTER_BOUND ( 'NONE', #304, .T. ) ;
#850 = CARTESIAN_POINT ( 'NONE',  ( 0.6137638917353850365, -0.9199437172441881083, 9.233440698266113245 ) ) ;
#851 = CARTESIAN_POINT ( 'NONE',  ( 0.000000000000000000, 0.000000000000000000, 0.000000000000000000 ) ) ;
#852 = ORIENTED_EDGE ( 'NONE', *, *, #3513, .T. ) ;
#853 = AXIS2_PLACEMENT_3D ( 'NONE', #6064, #8125, #7393 ) ;
#854 = DIRECTION ( 'NONE',  ( 0.7071067811865473507, -0.000000000000000000, -0.7071067811865477948 ) ) ;
#855 = ORIENTED_EDGE ( 'NONE', *, *, #6062, .T. ) ;
#856 = CARTESIAN_POINT ( 'NONE',  ( 2.112257217881278404, -0.7500000000000046629, -9.231765510647637285 ) ) ;
#857 = CARTESIAN_POINT ( 'NONE',  ( -0.7948320246611900730, -1.249999999999999778, 5.774854870387797767 ) ) ;
#858 = CARTESIAN_POINT ( 'NONE',  ( -12.69999999999999929, -4.349999999999999645, -1.734723475976804925E-15 ) ) ;
#859 = EDGE_CURVE ( 'NONE', #6269, #5537, #7573, .T. ) ;
#860 = ORIENTED_EDGE ( 'NONE', *, *, #502, .T. ) ;
#861 = CARTESIAN_POINT ( 'NONE',  ( 5.090139791141967684, -0.7499999999999997780, -5.117405750979516554 ) ) ;
#862 = CARTESIAN_POINT ( 'NONE',  ( -2.088758567957325063, -1.105333977040654725, 9.666678350329970471 ) ) ;
#863 = AXIS2_PLACEMENT_3D ( 'NONE', #4570, #4486, #1234 ) ;
#864 = CARTESIAN_POINT ( 'NONE',  ( -5.309924169184882636, -0.7499999999997998268, 4.033720774789436803 ) ) ;
#865 = CARTESIAN_POINT ( 'NONE',  ( 5.523435962883299410, -0.7499999999999997780, 4.613009108793396429 ) ) ;
#866 = CARTESIAN_POINT ( 'NONE',  ( 5.774854870387788885, -6.349999999999999645, -0.7948091789347282443 ) ) ;
#867 = DIRECTION ( 'NONE',  ( 0.000000000000000000, 1.000000000000000000, 0.000000000000000000 ) ) ;
#868 = ORIENTED_EDGE ( 'NONE', *, *, #1805, .F. ) ;
#869 =( BOUNDED_SURFACE ( )  B_SPLINE_SURFACE ( 3, 1, ( 
 ( #5875, #639 ),
 ( #5829, #1361 ),
 ( #516, #4008 ),
 ( #2526, #5268 ) ),
 .UNSPECIFIED., .F., .F., .T. ) 
 B_SPLINE_SURFACE_WITH_KNOTS ( ( 4, 4 ),
 ( 2, 2 ),
 ( 0.000000000000000000, 1.000000000000000000 ),
 ( 0.000000000000000000, 1.000000000000000000 ),
 .UNSPECIFIED. ) 
 GEOMETRIC_REPRESENTATION_ITEM ( )  RATIONAL_B_SPLINE_SURFACE ( (
 ( 1.000000000000000000, 1.000000000000000000),
 ( 0.8048096403827852408, 0.8048096403827852408),
 ( 0.8048096403827852408, 0.8048096403827852408),
 ( 1.000000000000000000, 1.000000000000000000) ) ) 
 REPRESENTATION_ITEM ( '' )  SURFACE ( )  );
#870 = CARTESIAN_POINT ( 'NONE',  ( 2.555000000000000160, 6.349999999999999645, -3.089999999999999858 ) ) ;
#871 = ADVANCED_FACE ( 'NONE', ( #7535 ), #920, .T. ) ;
#872 = CARTESIAN_POINT ( 'NONE',  ( 2.205022480679262124E-14, -1.249999999999999778, 2.105145129612210120 ) ) ;
#873 = CARTESIAN_POINT ( 'NONE',  ( 9.204977865298729967, -0.7499999999999997780, -1.609750695354030370 ) ) ;
#874 = VERTEX_POINT ( 'NONE', #3652 ) ;
#875 = CARTESIAN_POINT ( 'NONE',  ( 5.774908376104342267, -1.249999999999999778, -0.6191424365563238386 ) ) ;
#876 = CARTESIAN_POINT ( 'NONE',  ( -2.252158159391560055, -1.249999999999999778, 5.775249408043571897 ) ) ;
#877 = ADVANCED_FACE ( 'NONE', ( #1561 ), #2356, .T. ) ;
#878 = DIRECTION ( 'NONE',  ( 0.000000000000000000, 0.000000000000000000, 1.000000000000000000 ) ) ;
#879 = DIRECTION ( 'NONE',  ( -0.000000000000000000, -1.000000000000000000, -0.000000000000000000 ) ) ;
#880 = CARTESIAN_POINT ( 'NONE',  ( 9.115647332695413496, -0.7499999999999996669, -0.9948548703878229427 ) ) ;
#881 = VECTOR ( 'NONE', #5385, 1000.000000000000114 ) ;
#882 = CARTESIAN_POINT ( 'NONE',  ( 8.951975539416405780, -0.7499999999999998890, -1.679355324150429096 ) ) ;
#883 = CARTESIAN_POINT ( 'NONE',  ( 0.7270764054876509563, -0.7499999999999997780, -9.563309819739272299 ) ) ;
#884 = DIRECTION ( 'NONE',  ( -0.000000000000000000, -1.000000000000000000, -0.000000000000000000 ) ) ;
#885 = ORIENTED_EDGE ( 'NONE', *, *, #6870, .T. ) ;
#886 = VECTOR ( 'NONE', #2557, 1000.000000000000000 ) ;
#887 = CARTESIAN_POINT ( 'NONE',  ( -2.147411135466966936, -1.249999999999999778, 9.141954441198150150 ) ) ;
#888 = CARTESIAN_POINT ( 'NONE',  ( -10.20694294810231995, -1.177689514655757108, -2.105143927105223689 ) ) ;
#889 = FACE_OUTER_BOUND ( 'NONE', #3661, .T. ) ;
#890 = CARTESIAN_POINT ( 'NONE',  ( -5.773686764335373311, -1.249999999999999778, -2.344164247592837924 ) ) ;
#891 = CARTESIAN_POINT ( 'NONE',  ( 0.9948548703877906352, -0.7499999999999996669, 9.115647332695418825 ) ) ;
#892 = VECTOR ( 'NONE', #5265, 1000.000000000000000 ) ;
#893 = EDGE_CURVE ( 'NONE', #2279, #910, #2391, .T. ) ;
#894 = LINE ( 'NONE', #4231, #3934 ) ;
#895 = VERTEX_POINT ( 'NONE', #4257 ) ;
#896 = CARTESIAN_POINT ( 'NONE',  ( 4.568108057990306392, -6.350000000000000533, 4.921176097712270270 ) ) ;
#897 = CIRCLE ( 'NONE', #6836, 3.219854870387946377 ) ;
#898 = CARTESIAN_POINT ( 'NONE',  ( 6.074854871206020412, -1.184538517676302805, -0.4948548703878122290 ) ) ;
#899 = ORIENTED_EDGE ( 'NONE', *, *, #1652, .T. ) ;
#900 = ORIENTED_EDGE ( 'NONE', *, *, #6793, .T. ) ;
#901 = DIRECTION ( 'NONE',  ( 1.000000000000000000, 0.000000000000000000, -3.491481338843133355E-15 ) ) ;
#902 = CARTESIAN_POINT ( 'NONE',  ( 6.274854870387789774, -0.7499999999999996669, 0.9948548703877923005 ) ) ;
#903 = CARTESIAN_POINT ( 'NONE',  ( -2.017591391994098426, -0.9649331678688245484, 9.617147878727241306 ) ) ;
#904 = FACE_OUTER_BOUND ( 'NONE', #2501, .T. ) ;
#905 = CARTESIAN_POINT ( 'NONE',  ( 9.676946223252498314, -1.200396464468282520, -2.103262903735362510 ) ) ;
#906 = VECTOR ( 'NONE', #3263, 1000.000000000000000 ) ;
#907 = ADVANCED_FACE ( 'NONE', ( #3563 ), #3874, .T. ) ;
#908 = DIRECTION ( 'NONE',  ( 1.257890898639184420E-14, 0.000000000000000000, 1.000000000000000000 ) ) ;
#909 = DIRECTION ( 'NONE',  ( 0.000000000000000000, 0.000000000000000000, 1.000000000000000000 ) ) ;
#910 = VERTEX_POINT ( 'NONE', #2299 ) ;
#911 = CIRCLE ( 'NONE', #6708, 3.125000000000000000 ) ;
#912 = LINE ( 'NONE', #7015, #6831 ) ;
#913 = VERTEX_POINT ( 'NONE', #8263 ) ;
#914 = EDGE_CURVE ( 'NONE', #1364, #2133, #3291, .T. ) ;
#915 =( BOUNDED_CURVE ( )  B_SPLINE_CURVE ( 3, ( #5423, #1474, #3470, #6106 ),
 .UNSPECIFIED., .F., .F. ) 
 B_SPLINE_CURVE_WITH_KNOTS ( ( 4, 4 ),
 ( 4.712388980384689674, 6.283185307179586232 ),
 .UNSPECIFIED. ) 
 CURVE ( )  GEOMETRIC_REPRESENTATION_ITEM ( )  RATIONAL_B_SPLINE_CURVE ( ( 1.000000000000000000, 0.8047378541243649375, 0.8047378541243649375, 1.000000000000000000 ) ) 
 REPRESENTATION_ITEM ( '' )  );
#916 = ORIENTED_EDGE ( 'NONE', *, *, #608, .T. ) ;
#917 = CARTESIAN_POINT ( 'NONE',  ( 9.008710553930297849, -0.7499999999999997780, -2.329991424587377846 ) ) ;
#918 = B_SPLINE_CURVE_WITH_KNOTS ( 'NONE', 3,
 ( #3931, #5274, #2579, #6559, #2055, #3883 ),
 .UNSPECIFIED., .F., .F.,
 ( 4, 2, 4 ),
 ( -1.936050726373947432E-05, 0.0003751530359363611775, 0.0007696665791364618904 ),
 .UNSPECIFIED. ) ;
#919 = CARTESIAN_POINT ( 'NONE',  ( 2.105145129612210120, -1.117910049385818505, 9.299109199783138990 ) ) ;
#920 = CYLINDRICAL_SURFACE ( 'NONE', #298, 0.5349999999999999201 ) ;
#921 = DIRECTION ( 'NONE',  ( -0.000000000000000000, -1.000000000000000000, -0.000000000000000000 ) ) ;
#922 = CARTESIAN_POINT ( 'NONE',  ( 0.4948548703877565513, -6.349999999999999645, -9.271102943336710922 ) ) ;
#923 = CARTESIAN_POINT ( 'NONE',  ( 9.678314036663973496, -1.249999999999999778, 2.105145129612205235 ) ) ;
#924 = CARTESIAN_POINT ( 'NONE',  ( 8.681969558860846092, -0.7499999999999997780, 1.888820919588414915 ) ) ;
#925 = CARTESIAN_POINT ( 'NONE',  ( -2.132612037778826242, -6.350000000000000533, 9.169590547013978465 ) ) ;
#926 = EDGE_CURVE ( 'NONE', #5191, #684, #2662, .T. ) ;
#927 = VERTEX_POINT ( 'NONE', #3193 ) ;
#928 = CARTESIAN_POINT ( 'NONE',  ( 0.000000000000000000, -1.249999999999999778, 6.274854870387789774 ) ) ;
#929 = B_SPLINE_CURVE_WITH_KNOTS ( 'NONE', 3,
 ( #5905, #7064, #3866, #1774, #5121, #3783, #5865, #5161 ),
 .UNSPECIFIED., .F., .F.,
 ( 4, 2, 2, 4 ),
 ( -4.587863080612564544E-06, 0.0004300549457600743404, 0.0006473763501804176120, 0.0008646977546007608836 ),
 .UNSPECIFIED. ) ;
#930 = DIRECTION ( 'NONE',  ( -0.000000000000000000, -1.000000000000000000, -0.000000000000000000 ) ) ;
#931 = CARTESIAN_POINT ( 'NONE',  ( -5.771359271333119878, -1.249999999999999778, -2.481203500579824528 ) ) ;
#932 = DIRECTION ( 'NONE',  ( 0.000000000000000000, 0.000000000000000000, 1.000000000000000000 ) ) ;
#933 = CARTESIAN_POINT ( 'NONE',  ( -9.678314036663973496, -1.249999999999999778, -2.105145129612205235 ) ) ;
#934 = VERTEX_POINT ( 'NONE', #726 ) ;
#935 = CARTESIAN_POINT ( 'NONE',  ( 9.252939212759205390, -0.9839559469259735458, -0.5516334285290408479 ) ) ;
#936 = CARTESIAN_POINT ( 'NONE',  ( -2.105145129612112420, -1.249999999999999778, 9.299109199783162083 ) ) ;
#937 = CARTESIAN_POINT ( 'NONE',  ( -3.499999999999997780, -16.35000000000000142, 0.000000000000000000 ) ) ;
#938 = CARTESIAN_POINT ( 'NONE',  ( -9.678354296802027079, -6.349999999999999645, 2.105145129612311372 ) ) ;
#939 = ORIENTED_EDGE ( 'NONE', *, *, #4588, .T. ) ;
#940 = ORIENTED_EDGE ( 'NONE', *, *, #7838, .T. ) ;
#941 = CARTESIAN_POINT ( 'NONE',  ( -0.9022314755059800406, -0.7557942769546547312, 9.186468074454291255 ) ) ;
#942 = CARTESIAN_POINT ( 'NONE',  ( -2.105145129612104427, -1.177244903634258488, 9.678273776525923466 ) ) ;
#943 = CARTESIAN_POINT ( 'NONE',  ( 0.7948091789347080383, -6.349999999999999645, 5.774854870387789774 ) ) ;
#944 = CARTESIAN_POINT ( 'NONE',  ( 6.074854870387786931, -0.9571067811865472397, -0.4948548703878121735 ) ) ;
#945 = DIRECTION ( 'NONE',  ( 0.000000000000000000, 0.000000000000000000, 1.000000000000000000 ) ) ;
#946 = DIRECTION ( 'NONE',  ( 0.000000000000000000, 1.000000000000000000, 0.000000000000000000 ) ) ;
#947 = ORIENTED_EDGE ( 'NONE', *, *, #2194, .F. ) ;
#948 = CARTESIAN_POINT ( 'NONE',  ( 9.790070129345908256, -0.7802709338923810023, 1.870778304838963901 ) ) ;
#949 = EDGE_CURVE ( 'NONE', #2972, #4628, #6192, .T. ) ;
#950 = CARTESIAN_POINT ( 'NONE',  ( -1.736632910470468749, -0.7500000000000351941, 9.289535206411459356 ) ) ;
#951 = DIRECTION ( 'NONE',  ( 1.000000000000000000, -0.000000000000000000, -9.497769312600652573E-16 ) ) ;
#952 = ORIENTED_EDGE ( 'NONE', *, *, #8454, .F. ) ;
#953 = VERTEX_POINT ( 'NONE', #7935 ) ;
#954 = VERTEX_POINT ( 'NONE', #2490 ) ;
#955 = CARTESIAN_POINT ( 'NONE',  ( -2.542373669941696335, -0.7499999999999998890, -6.268292254110868988 ) ) ;
#956 = CARTESIAN_POINT ( 'NONE',  ( -4.718849036913816519, -0.7499999999999997780, 5.444455499145336219 ) ) ;
#957 = CARTESIAN_POINT ( 'NONE',  ( 0.8941311286845915474, -0.8131067495198620598, -6.023045516129831078 ) ) ;
#958 = EDGE_CURVE ( 'NONE', #7541, #3641, #4761, .T. ) ;
#959 = CARTESIAN_POINT ( 'NONE',  ( 3.398279215015218124, -1.249999999999999778, 5.597947723055740177 ) ) ;
#960 = DIRECTION ( 'NONE',  ( -0.7071067811865470176, -0.7071067811865479058, 0.000000000000000000 ) ) ;
#961 = EDGE_CURVE ( 'NONE', #1209, #7958, #1527, .T. ) ;
#962 = CARTESIAN_POINT ( 'NONE',  ( 9.320677620799608931, -0.8024511530617581823, 0.8678600213244469508 ) ) ;
#963 = CARTESIAN_POINT ( 'NONE',  ( -5.693895767210711334, -6.349999999999999645, 3.031737370648548424 ) ) ;
#964 = CARTESIAN_POINT ( 'NONE',  ( -2.292292372364825415, -6.349999999999999645, 9.020580731827564591 ) ) ;
#965 = ORIENTED_EDGE ( 'NONE', *, *, #5533, .F. ) ;
#966 = CARTESIAN_POINT ( 'NONE',  ( -2.132051370985958982, -1.249999999999999334, 9.170823234141126434 ) ) ;
#967 = CARTESIAN_POINT ( 'NONE',  ( 4.314449880387723368, -1.250000000000000000, -5.121866371484547820 ) ) ;
#968 = EDGE_CURVE ( 'NONE', #2791, #6683, #6046, .T. ) ;
#969 = CARTESIAN_POINT ( 'NONE',  ( -2.229098567962079169, -6.349999999999999645, -9.054086811349193908 ) ) ;
#970 = CARTESIAN_POINT ( 'NONE',  ( 0.4948548703877565513, -1.175576128890378769, -9.271066497048995103 ) ) ;
#971 = FACE_OUTER_BOUND ( 'NONE', #154, .T. ) ;
#972 = APPLICATION_PROTOCOL_DEFINITION ( 'draft international standard', 'automotive_design', 1998, #351 ) ;
#973 = LINE ( 'NONE', #2957, #2675 ) ;
#974 = ORIENTED_EDGE ( 'NONE', *, *, #6152, .T. ) ;
#975 = CARTESIAN_POINT ( 'NONE',  ( 2.266305910671431167, -1.249999999999999778, -9.032593603681908334 ) ) ;
#976 = VECTOR ( 'NONE', #1189, 1000.000000000000000 ) ;
#977 = FACE_OUTER_BOUND ( 'NONE', #4821, .T. ) ;
#978 = CARTESIAN_POINT ( 'NONE',  ( 5.420493800422518049, -6.349999999999999645, 3.827332685910937116 ) ) ;
#979 = DIRECTION ( 'NONE',  ( 0.000000000000000000, 0.000000000000000000, 1.000000000000000000 ) ) ;
#980 = ORIENTED_EDGE ( 'NONE', *, *, #6675, .F. ) ;
#981 = EDGE_LOOP ( 'NONE', ( #3598, #7424, #5623, #1542 ) ) ;
#982 = CARTESIAN_POINT ( 'NONE',  ( -0.7948320246612494699, -1.249999999999999778, -5.774854870387789774 ) ) ;
#983 = LINE ( 'NONE', #8329, #3540 ) ;
#984 = DIRECTION ( 'NONE',  ( 1.000000000000000000, -0.000000000000000000, -3.491481338843133355E-15 ) ) ;
#985 = LINE ( 'NONE', #6869, #4101 ) ;
#986 = AXIS2_PLACEMENT_3D ( 'NONE', #2509, #5155, #3859 ) ;
#987 = CARTESIAN_POINT ( 'NONE',  ( 2.234504744370406026, -6.349999999999998757, -9.052221767390610907 ) ) ;
#988 = CARTESIAN_POINT ( 'NONE',  ( -2.121320343559645494, -6.349999999999999645, 15.55634918610404327 ) ) ;
#989 = CARTESIAN_POINT ( 'NONE',  ( 1.500000000000000000, -16.35000000000000142, -2.741464024932667165 ) ) ;
#990 = ORIENTED_EDGE ( 'NONE', *, *, #5211, .F. ) ;
#991 = TOROIDAL_SURFACE ( 'NONE', #2096, 3.719854870387792722, 0.5000000000000000000 ) ;
#992 = EDGE_LOOP ( 'NONE', ( #3687, #6402, #2459, #5483 ) ) ;
#993 = CARTESIAN_POINT ( 'NONE',  ( -9.115647332695257177, -0.7499999999999997780, -0.9948548703877890809 ) ) ;
#994 = LINE ( 'NONE', #5585, #2141 ) ;
#995 = ORIENTED_EDGE ( 'NONE', *, *, #7618, .T. ) ;
#996 = AXIS2_PLACEMENT_3D ( 'NONE', #4281, #6909, #3637 ) ;
#997 = CARTESIAN_POINT ( 'NONE',  ( 5.554849294767921108, -1.249999999999999778, -3.507651352452059168 ) ) ;
#998 = ORIENTED_EDGE ( 'NONE', *, *, #1683, .F. ) ;
#999 = EDGE_CURVE ( 'NONE', #2119, #1463, #7000, .T. ) ;
#1000 = ORIENTED_EDGE ( 'NONE', *, *, #6031, .F. ) ;
#1001 = CARTESIAN_POINT ( 'NONE',  ( -9.054086811541743884, -6.349999999999999645, -2.229098567681894405 ) ) ;
#1002 = CARTESIAN_POINT ( 'NONE',  ( -6.248670252271701919, -0.7499999999999994449, -0.9293933250974670823 ) ) ;
#1003 = CARTESIAN_POINT ( 'NONE',  ( 1.653639719517049283E-16, -16.35000000000000142, -3.469446951953614189E-15 ) ) ;
#1004 = CARTESIAN_POINT ( 'NONE',  ( 0.9020927013233293046, -0.7551372933331867987, -6.182092701323358419 ) ) ;
#1005 = DIRECTION ( 'NONE',  ( 2.305335300292124268E-14, 0.000000000000000000, 1.000000000000000000 ) ) ;
#1006 = B_SPLINE_CURVE_WITH_KNOTS ( 'NONE', 3,
 ( #3595, #7439, #8087, #8043, #275, #314, #198, #5584 ),
 .UNSPECIFIED., .F., .F.,
 ( 4, 2, 2, 4 ),
 ( -4.588219504796441351E-06, 0.0004273596259625181328, 0.0006433335486961775252, 0.0008593074714298369176 ),
 .UNSPECIFIED. ) ;
#1007 = CARTESIAN_POINT ( 'NONE',  ( -17.67766952966368876, -6.349999999999999645, -1.658629486687709519E-16 ) ) ;
#1008 = CARTESIAN_POINT ( 'NONE',  ( 9.186468074454257504, -0.7557942769546477368, 0.9022314755060779623 ) ) ;
#1009 = CARTESIAN_POINT ( 'NONE',  ( -5.755478488678670068, -6.349999999999999645, 2.658265215455241748 ) ) ;
#1010 = CARTESIAN_POINT ( 'NONE',  ( 9.014118416172678394, -6.349999999999999645, -2.312816342378816170 ) ) ;
#1011 = ORIENTED_EDGE ( 'NONE', *, *, #1911, .F. ) ;
#1012 = VERTEX_POINT ( 'NONE', #4184 ) ;
#1013 = CARTESIAN_POINT ( 'NONE',  ( -5.774854870387789774, -1.249999999999999778, -2.275387937340419775 ) ) ;
#1014 = CARTESIAN_POINT ( 'NONE',  ( 0.4948556567469757916, -1.145812309439290688, -9.509478328360268407 ) ) ;
#1015 = CARTESIAN_POINT ( 'NONE',  ( -0.4948900776559706505, -1.250000000000000000, 9.416551571812643573 ) ) ;
#1016 = CIRCLE ( 'NONE', #7647, 3.719854870387792722 ) ;
#1017 = CARTESIAN_POINT ( 'NONE',  ( 0.9425052391449338929, -0.7630137179688570859, 6.143980792280646419 ) ) ;
#1018 = ORIENTED_EDGE ( 'NONE', *, *, #8248, .F. ) ;
#1019 = EDGE_CURVE ( 'NONE', #7263, #6864, #7419, .T. ) ;
#1020 = CARTESIAN_POINT ( 'NONE',  ( 2.253121529597044148, -1.249999999999999778, -9.039813263795673848 ) ) ;
#1021 = DIRECTION ( 'NONE',  ( 0.000000000000000000, 0.000000000000000000, -1.000000000000000000 ) ) ;
#1022 = CARTESIAN_POINT ( 'NONE',  ( -9.455600303971012366, -0.9199437159818829590, 0.7883005104732706547 ) ) ;
#1023 = FACE_OUTER_BOUND ( 'NONE', #5138, .T. ) ;
#1024 = ORIENTED_EDGE ( 'NONE', *, *, #6679, .T. ) ;
#1025 = EDGE_LOOP ( 'NONE', ( #8203, #531, #4773, #6279 ) ) ;
#1026 = AXIS2_PLACEMENT_3D ( 'NONE', #858, #343, #4235 ) ;
#1027 = PLANE ( 'NONE',  #1939 ) ;
#1028 = CARTESIAN_POINT ( 'NONE',  ( 2.542933621702854197, -0.7499999999999997780, -6.268306263517437138 ) ) ;
#1029 = CARTESIAN_POINT ( 'NONE',  ( 9.233270550170672664, -1.249999999999999778, 2.110363770167452024 ) ) ;
#1030 = ORIENTED_EDGE ( 'NONE', *, *, #5223, .F. ) ;
#1031 = CARTESIAN_POINT ( 'NONE',  ( -5.043630362248065602, -6.349999999999999645, 4.416687585074303257 ) ) ;
#1032 = ORIENTED_EDGE ( 'NONE', *, *, #6840, .T. ) ;
#1033 = CARTESIAN_POINT ( 'NONE',  ( -3.084035675801236831, -6.349999999999999645, 5.682154065917205621 ) ) ;
#1034 = EDGE_CURVE ( 'NONE', #6931, #6725, #7831, .T. ) ;
#1035 = CARTESIAN_POINT ( 'NONE',  ( 2.105145129612212340, -1.249999999999999778, 9.678354296802050172 ) ) ;
#1036 = AXIS2_PLACEMENT_3D ( 'NONE', #771, #6048, #139 ) ;
#1037 = EDGE_LOOP ( 'NONE', ( #4755, #8189, #6314, #7778 ) ) ;
#1038 = B_SPLINE_CURVE_WITH_KNOTS ( 'NONE', 3,
 ( #7873, #7185, #3303, #3216, #5903, #1349, #5863, #3864, #543, #4601, #6627, #8479, #2470, #2513, #7748, #8519 ),
 .UNSPECIFIED., .F., .F.,
 ( 4, 1, 2, 2, 2, 1, 2, 2, 4 ),
 ( 0.000000000000000000, 0.1250000000000015266, 0.1875000000000011102, 0.2500000000000007216, 0.4999999999999912292, 0.6249999999999855671, 0.6874999999999877875, 0.7499999999999898970, 1.000000000000000000 ),
 .UNSPECIFIED. ) ;
#1039 = ORIENTED_EDGE ( 'NONE', *, *, #893, .T. ) ;
#1040 = DIRECTION ( 'NONE',  ( 0.000000000000000000, 0.000000000000000000, -1.000000000000000000 ) ) ;
#1041 = CARTESIAN_POINT ( 'NONE',  ( 8.527837839788517726, -0.7499999999999997780, 2.192387404589964284 ) ) ;
#1042 = VECTOR ( 'NONE', #1485, 1000.000000000000000 ) ;
#1043 = CARTESIAN_POINT ( 'NONE',  ( -2.275387937340425104, -6.349999999999999645, -5.774854870387789774 ) ) ;
#1044 = CARTESIAN_POINT ( 'NONE',  ( -1.651354423408115890, -6.349999999999999645, 9.935855655966753019 ) ) ;
#1045 = CARTESIAN_POINT ( 'NONE',  ( -9.292326899263214202, -0.7499999999999997780, 1.604822354896892733 ) ) ;
#1046 = EDGE_LOOP ( 'NONE', ( #6252, #4896, #7232, #8025 ) ) ;
#1047 = ORIENTED_EDGE ( 'NONE', *, *, #1694, .T. ) ;
#1048 = AXIS2_PLACEMENT_3D ( 'NONE', #5130, #2481, #3273 ) ;
#1049 = PLANE ( 'NONE',  #2511 ) ;
#1050 = CARTESIAN_POINT ( 'NONE',  ( 4.052267668192532923, -0.7499999999999997780, 5.868537966830777108 ) ) ;
#1051 = CARTESIAN_POINT ( 'NONE',  ( -4.413936885869985005, -0.7499999999999997780, 5.047838596695477520 ) ) ;
#1052 = CARTESIAN_POINT ( 'NONE',  ( 0.5078686230832356596, -1.119125838055410549, -6.080060371465986435 ) ) ;
#1053 = CARTESIAN_POINT ( 'NONE',  ( 2.116026783217359597, -1.249999999999999778, 9.216837883457113634 ) ) ;
#1054 = CARTESIAN_POINT ( 'NONE',  ( 9.416551571812659560, -1.249999999999999778, -0.4948900776558766701 ) ) ;
#1055 = CARTESIAN_POINT ( 'NONE',  ( 9.115647332695257177, -0.7499999999999996669, 0.9948548703877886368 ) ) ;
#1056 = EDGE_CURVE ( 'NONE', #329, #3589, #2828, .T. ) ;
#1057 = CARTESIAN_POINT ( 'NONE',  ( -10.07030783714660593, -1.249999999999999778, 1.876683844410867108 ) ) ;
#1058 = PLANE ( 'NONE',  #7526 ) ;
#1059 = ORIENTED_EDGE ( 'NONE', *, *, #4212, .F. ) ;
#1060 = CARTESIAN_POINT ( 'NONE',  ( -9.940748498636045483, -6.349999999999999645, -2.105004284771679224 ) ) ;
#1061 = CARTESIAN_POINT ( 'NONE',  ( 2.733327816300129776, -1.249999999999999778, -5.746602103622774571 ) ) ;
#1062 = CARTESIAN_POINT ( 'NONE',  ( -2.467562294700925030, -1.249999999999999334, -5.771808120863290092 ) ) ;
#1063 = EDGE_CURVE ( 'NONE', #2064, #6967, #768, .T. ) ;
#1064 = CARTESIAN_POINT ( 'NONE',  ( 5.464514167704436431, -6.350000000000001421, -3.720896628015988750 ) ) ;
#1065 = CARTESIAN_POINT ( 'NONE',  ( 10.19083461549704950, -1.109988275975628547, -2.096138142704467633 ) ) ;
#1066 = CARTESIAN_POINT ( 'NONE',  ( -9.228248573552448875, -0.7500000000000000000, 0.9233579115198707887 ) ) ;
#1067 = VERTEX_POINT ( 'NONE', #3533 ) ;
#1068 = CARTESIAN_POINT ( 'NONE',  ( 2.035716236485849873, -0.7499999999999997780, -8.587963864081704202 ) ) ;
#1069 = CARTESIAN_POINT ( 'NONE',  ( 6.229044032152985189, -0.7499999989634572595, -0.9490440321529737266 ) ) ;
#1070 = DIRECTION ( 'NONE',  ( -0.000000000000000000, -1.000000000000000000, 0.000000000000000000 ) ) ;
#1071 = ORIENTED_EDGE ( 'NONE', *, *, #3568, .T. ) ;
#1072 = DIRECTION ( 'NONE',  ( 0.000000000000000000, -0.000000000000000000, 1.000000000000000000 ) ) ;
#1073 = EDGE_CURVE ( 'NONE', #3422, #3671, #6854, .T. ) ;
#1074 = EDGE_CURVE ( 'NONE', #2119, #510, #709, .T. ) ;
#1075 = CARTESIAN_POINT ( 'NONE',  ( 2.555000000000000160, -6.349999999999999645, -2.555000000000000160 ) ) ;
#1076 = CARTESIAN_POINT ( 'NONE',  ( 1.651354423408185390, -0.7499999999999997780, -9.935855655966740585 ) ) ;
#1077 = DIRECTION ( 'NONE',  ( 1.000000000000000000, 0.000000000000000000, -1.047444401652940007E-14 ) ) ;
#1078 = LINE ( 'NONE', #7046, #3206 ) ;
#1079 = EDGE_LOOP ( 'NONE', ( #5681, #842, #1796 ) ) ;
#1080 = ORIENTED_EDGE ( 'NONE', *, *, #6623, .T. ) ;
#1081 = CARTESIAN_POINT ( 'NONE',  ( -0.5078686230831931381, -1.119125838055410327, 6.080060371465977553 ) ) ;
#1082 = FACE_OUTER_BOUND ( 'NONE', #3503, .T. ) ;
#1083 = CARTESIAN_POINT ( 'NONE',  ( 8.610986891425307377, -0.7499999999999998890, 1.994620880055026912 ) ) ;
#1084 = ADVANCED_FACE ( 'NONE', ( #4747 ), #7499, .F. ) ;
#1085 = CARTESIAN_POINT ( 'NONE',  ( 9.344284074950616414, -0.7499999999999997780, -1.605145129612240096 ) ) ;
#1086 = DIRECTION ( 'NONE',  ( 0.000000000000000000, 0.000000000000000000, 1.000000000000000000 ) ) ;
#1087 = CARTESIAN_POINT ( 'NONE',  ( -9.216837882138660731, -0.7499999999999997780, 2.116026779452047091 ) ) ;
#1088 = EDGE_LOOP ( 'NONE', ( #5383, #6839, #4056, #7237, #998 ) ) ;
#1089 = VERTEX_POINT ( 'NONE', #4103 ) ;
#1090 = FACE_OUTER_BOUND ( 'NONE', #1037, .T. ) ;
#1091 = CARTESIAN_POINT ( 'NONE',  ( 3.305786864752562337, -0.7499999999999997780, 6.148784164460886714 ) ) ;
#1092 = CARTESIAN_POINT ( 'NONE',  ( -4.033781148713194042, -0.7499999999999991118, 5.309876858948944012 ) ) ;
#1093 = CARTESIAN_POINT ( 'NONE',  ( 9.299109199783131885, -0.7499999999999997780, -2.105145129612242538 ) ) ;
#1094 = CARTESIAN_POINT ( 'NONE',  ( 2.312816342313075424, -6.349999999999999645, -9.014118416197117512 ) ) ;
#1095 = CARTESIAN_POINT ( 'NONE',  ( 9.233440698265981794, -0.9199437172442047617, 0.6137638917353640533 ) ) ;
#1096 = CARTESIAN_POINT ( 'NONE',  ( 0.8543852438231485102, -0.8005544842480475376, -9.342498803529798224 ) ) ;
#1097 = FACE_OUTER_BOUND ( 'NONE', #6655, .T. ) ;
#1098 = ORIENTED_EDGE ( 'NONE', *, *, #4759, .T. ) ;
#1099 = VERTEX_POINT ( 'NONE', #2705 ) ;
#1100 = CARTESIAN_POINT ( 'NONE',  ( -10.07030783714662370, -6.349999999999999645, -1.876683844410757418 ) ) ;
#1101 = CARTESIAN_POINT ( 'NONE',  ( 4.749987219571101704, -1.249999999999999778, 4.749987219571101704 ) ) ;
#1102 = CARTESIAN_POINT ( 'NONE',  ( 0.7100921513876488067, -0.8339739459306633185, -9.203283201169510264 ) ) ;
#1103 = CARTESIAN_POINT ( 'NONE',  ( 5.770829219887845696, -6.350000000000001421, -2.439871194026005163 ) ) ;
#1104 = CARTESIAN_POINT ( 'NONE',  ( -9.299109199783138990, -6.349999999999999645, -2.105145129612210120 ) ) ;
#1105 = CARTESIAN_POINT ( 'NONE',  ( -9.487247446397635287, -0.7499999999999996669, -1.622253303979923178 ) ) ;
#1106 = ORIENTED_EDGE ( 'NONE', *, *, #2615, .T. ) ;
#1107 = CARTESIAN_POINT ( 'NONE',  ( 9.194057277607400991, -0.8005724628894494987, -0.7394344843843204673 ) ) ;
#1108 = ADVANCED_FACE ( 'NONE', ( #889 ), #2744, .T. ) ;
#1109 = CONICAL_SURFACE ( 'NONE', #5959, 1.600000000000004086, 0.7853981633974473908 ) ;
#1110 = CARTESIAN_POINT ( 'NONE',  ( 3.084035675801276355, -6.349999999999999645, -5.682154065917184305 ) ) ;
#1111 = CARTESIAN_POINT ( 'NONE',  ( 9.089382670993662927, -1.250000000000000000, 2.188037235424590943 ) ) ;
#1112 = CARTESIAN_POINT ( 'NONE',  ( -0.7271087643984650573, -1.249999999999999778, -9.563317320624394213 ) ) ;
#1113 = CARTESIAN_POINT ( 'NONE',  ( 2.213672373745895428, -6.350000000000000533, -9.067980231071157249 ) ) ;
#1114 = AXIS2_PLACEMENT_3D ( 'NONE', #1544, #6822, #901 ) ;
#1115 = CARTESIAN_POINT ( 'NONE',  ( -4.615838004787234716, -1.249999999999999778, 4.880070523796622872 ) ) ;
#1116 = CARTESIAN_POINT ( 'NONE',  ( -1.727776545394609795E-15, -0.7499999999999997780, -0.4948548703877910238 ) ) ;
#1117 = EDGE_LOOP ( 'NONE', ( #8476, #2833, #2825 ) ) ;
#1118 = EDGE_CURVE ( 'NONE', #82, #3013, #8289, .T. ) ;
#1119 = ORIENTED_EDGE ( 'NONE', *, *, #6943, .T. ) ;
#1120 = CARTESIAN_POINT ( 'NONE',  ( 2.031123569587045541, -0.9791631771277515828, -9.626473471171157925 ) ) ;
#1121 = CARTESIAN_POINT ( 'NONE',  ( 1.650131394462183154, -1.087308501813575079, 9.904085948159574215 ) ) ;
#1122 = AXIS2_PLACEMENT_3D ( 'NONE', #1333, #1245, #3891 ) ;
#1123 = CARTESIAN_POINT ( 'NONE',  ( -0.7270764054875241689, -1.249999999999999778, -9.563309819739389539 ) ) ;
#1124 = CARTESIAN_POINT ( 'NONE',  ( 5.731021261513130405, -1.249999999999999778, 2.839519246782195250 ) ) ;
#1125 = ORIENTED_EDGE ( 'NONE', *, *, #4779, .T. ) ;
#1126 = CARTESIAN_POINT ( 'NONE',  ( 2.205022480679262124E-14, -6.349999999999999645, 2.105145129612210120 ) ) ;
#1127 = FACE_OUTER_BOUND ( 'NONE', #2740, .T. ) ;
#1128 = VECTOR ( 'NONE', #1077, 1000.000000000000000 ) ;
#1129 = ORIENTED_EDGE ( 'NONE', *, *, #1130, .T. ) ;
#1130 = EDGE_CURVE ( 'NONE', #3615, #60, #7978, .T. ) ;
#1131 = CARTESIAN_POINT ( 'NONE',  ( -4.604115883184221936, -0.7499999999999997780, -5.529750942971451977 ) ) ;
#1132 = CARTESIAN_POINT ( 'NONE',  ( -6.222505239144937583, -0.7630137179688583071, -0.8639807922806462814 ) ) ;
#1133 = CARTESIAN_POINT ( 'NONE',  ( -5.021134005222686270, -0.7499999999999997780, 5.183532004855964104 ) ) ;
#1134 = CARTESIAN_POINT ( 'NONE',  ( 2.198275292831070704, -0.7499999999999997780, 8.525983939581859516 ) ) ;
#1135 = CARTESIAN_POINT ( 'NONE',  ( 2.329991424587346316, -0.7499999999999997780, 9.008710553930304954 ) ) ;
#1136 = CARTESIAN_POINT ( 'NONE',  ( -9.299109199783117674, -1.249999999999999778, 2.105145129612307375 ) ) ;
#1137 = VECTOR ( 'NONE', #1703, 1000.000000000000000 ) ;
#1138 = CARTESIAN_POINT ( 'NONE',  ( -5.554849294767896239, -1.249999999999999778, 3.507651352452097804 ) ) ;
#1139 = CARTESIAN_POINT ( 'NONE',  ( 9.024263025706188657, -6.349999999999998757, -2.285172883376060060 ) ) ;
#1140 = ORIENTED_EDGE ( 'NONE', *, *, #5586, .T. ) ;
#1141 = EDGE_CURVE ( 'NONE', #3076, #1787, #1933, .T. ) ;
#1142 = CARTESIAN_POINT ( 'NONE',  ( -6.074809178934709841, -6.349999999999999645, -0.4948548703877917454 ) ) ;
#1143 =( BOUNDED_SURFACE ( )  B_SPLINE_SURFACE ( 3, 2, ( 
 ( #3915, #3221, #4648 ),
 ( #1353, #6460, #6540 ),
 ( #3178, #8439, #594 ),
 ( #630, #2520, #5767 ),
 ( #359, #3164, #5811 ),
 ( #8422, #8383, #1121 ),
 ( #2380, #8295, #3734 ),
 ( #6960, #2331, #4378 ),
 ( #447, #492, #1675 ),
 ( #2503, #2462, #2981 ),
 ( #7092, #3688, #3122 ),
 ( #5151, #6321, #3854 ),
 ( #8251, #7782, #7138 ),
 ( #3026, #6446, #5111 ),
 ( #1851, #5024, #5631 ),
 ( #3773, #4976, #2425 ) ),
 .UNSPECIFIED., .F., .F., .T. ) 
 B_SPLINE_SURFACE_WITH_KNOTS ( ( 4, 2, 2, 2, 2, 2, 2, 4 ),
 ( 3, 3 ),
 ( 0.000000000000000000, 2.969996288214927607E-05, 5.939992576429855214E-05, 8.909988864644783160E-05, 0.0001187998515285971043, 0.0001781997772928956632, 0.0002375997030571942086, 0.0004751994061143884171 ),
 ( 0.000000000000000000, 1.000000000000000000 ),
 .UNSPECIFIED. ) 
 GEOMETRIC_REPRESENTATION_ITEM ( )  RATIONAL_B_SPLINE_SURFACE ( (
 ( 1.000000000000000000, 0.4935349706079030230, 1.000000000000000000),
 ( 1.000000000000000000, 0.4935127649134088967, 1.000000000000000000),
 ( 1.000000000000000000, 0.4995784984367803716, 1.000000000000000000),
 ( 1.000000000000000000, 0.5209348963629933937, 1.000000000000000000),
 ( 1.000000000000000000, 0.5360584284417559964, 1.000000000000000000),
 ( 1.000000000000000000, 0.5697732427675190614, 1.000000000000000000),
 ( 1.000000000000000000, 0.5887012726534993634, 1.000000000000000000),
 ( 1.000000000000000000, 0.6267654606521787519, 1.000000000000000000),
 ( 1.000000000000000000, 0.6459147758215068036, 1.000000000000000000),
 ( 1.000000000000000000, 0.7020873980202095854, 1.000000000000000000),
 ( 1.000000000000000000, 0.7379412193435417322, 1.000000000000000000),
 ( 1.000000000000000000, 0.8015170218985958606, 1.000000000000000000),
 ( 1.000000000000000000, 0.8297315967171204898, 1.000000000000000000),
 ( 1.000000000000000000, 0.9541561539496640210, 1.000000000000000000),
 ( 1.000000000000000000, 0.9996330041166505698, 1.000000000000000000),
 ( 1.000000000000000000, 1.000000000000000000, 1.000000000000000000) ) ) 
 REPRESENTATION_ITEM ( '' )  SURFACE ( )  );
#1144 = CARTESIAN_POINT ( 'NONE',  ( -1.651354423408115890, -6.349999999999999645, 9.935855655966753019 ) ) ;
#1145 = CARTESIAN_POINT ( 'NONE',  ( 2.275387937340425104, -1.249999999999999334, 5.774854870387790662 ) ) ;
#1146 = CARTESIAN_POINT ( 'NONE',  ( -2.275387937340425104, -6.349999999999999645, -5.774854870387790662 ) ) ;
#1147 = CARTESIAN_POINT ( 'NONE',  ( -9.563313570181753320, -1.249999999999999778, -0.7270925849430750487 ) ) ;
#1148 = CARTESIAN_POINT ( 'NONE',  ( 9.875745730234111619, -1.030008900595984711, -1.648963943095256290 ) ) ;
#1149 = CARTESIAN_POINT ( 'NONE',  ( 0.9490440321529121093, -0.7499999989588478355, 6.229044032153017163 ) ) ;
#1150 = ORIENTED_EDGE ( 'NONE', *, *, #1964, .T. ) ;
#1151 = CARTESIAN_POINT ( 'NONE',  ( -5.743539754459533242, -0.7499999999999997780, -4.284837061476046038 ) ) ;
#1152 = CARTESIAN_POINT ( 'NONE',  ( 1.866680249175858064, -0.8043559167682718947, -9.292913852475697567 ) ) ;
#1153 = ORIENTED_EDGE ( 'NONE', *, *, #5515, .F. ) ;
#1154 = FACE_OUTER_BOUND ( 'NONE', #3407, .T. ) ;
#1155 = CARTESIAN_POINT ( 'NONE',  ( 9.030364150608956919, -1.250000000000000000, 2.267308931587191712 ) ) ;
#1156 = VECTOR ( 'NONE', #3625, 1000.000000000000000 ) ;
#1157 = CARTESIAN_POINT ( 'NONE',  ( -0.5254370801673104996, -1.051235928158962274, -9.484758676380993236 ) ) ;
#1158 = EDGE_CURVE ( 'NONE', #5797, #3592, #8317, .T. ) ;
#1159 = CARTESIAN_POINT ( 'NONE',  ( -5.770829219887804840, -6.350000000000001421, 2.439871194027573242 ) ) ;
#1160 = FACE_OUTER_BOUND ( 'NONE', #5835, .T. ) ;
#1161 = CARTESIAN_POINT ( 'NONE',  ( 2.733715753514641023, -6.350000000000000533, 5.745157821363339856 ) ) ;
#1162 = ORIENTED_EDGE ( 'NONE', *, *, #174, .F. ) ;
#1163 = AXIS2_PLACEMENT_3D ( 'NONE', #3468, #8042, #2122 ) ;
#1164 = ORIENTED_EDGE ( 'NONE', *, *, #2336, .F. ) ;
#1165 = CARTESIAN_POINT ( 'NONE',  ( 17.67766952966368876, -16.35000000000000142, 0.000000000000000000 ) ) ;
#1166 = CARTESIAN_POINT ( 'NONE',  ( -6.274854870387789774, -0.7499999999999997780, -2.279633664619781452 ) ) ;
#1167 =( BOUNDED_CURVE ( )  B_SPLINE_CURVE ( 3, ( #3654, #1563, #3746, #922 ),
 .UNSPECIFIED., .F., .T. ) 
 B_SPLINE_CURVE_WITH_KNOTS ( ( 4, 4 ),
 ( 4.040999222087608089, 5.383778738681297860 ),
 .UNSPECIFIED. ) 
 CURVE ( )  GEOMETRIC_REPRESENTATION_ITEM ( )  RATIONAL_B_SPLINE_CURVE ( ( 1.000000000000000000, 0.8553052591889788170, 0.8553052591889788170, 1.000000000000000000 ) ) 
 REPRESENTATION_ITEM ( '' )  );
#1168 = FACE_OUTER_BOUND ( 'NONE', #5637, .T. ) ;
#1169 = EDGE_CURVE ( 'NONE', #5758, #7215, #4165, .T. ) ;
#1170 = DIRECTION ( 'NONE',  ( 0.000000000000000000, 0.000000000000000000, 1.000000000000000000 ) ) ;
#1171 = VECTOR ( 'NONE', #6811, 1000.000000000000000 ) ;
#1172 = CARTESIAN_POINT ( 'NONE',  ( -4.593849352088059668, -1.249999999999999778, -4.899664135551911492 ) ) ;
#1173 = CARTESIAN_POINT ( 'NONE',  ( 5.322930905207431174, -6.349999999999999645, -4.003097679131870201 ) ) ;
#1174 = EDGE_LOOP ( 'NONE', ( #1811, #4652, #7789, #7090 ) ) ;
#1175 = ORIENTED_EDGE ( 'NONE', *, *, #718, .F. ) ;
#1176 = CARTESIAN_POINT ( 'NONE',  ( 2.168404344971008868E-16, -12.84999999999999964, -2.741464024932667609 ) ) ;
#1177 = FACE_OUTER_BOUND ( 'NONE', #2693, .T. ) ;
#1178 = CARTESIAN_POINT ( 'NONE',  ( 4.798015527854523121, -6.349999999999999645, 4.700457728588552264 ) ) ;
#1179 = AXIS2_PLACEMENT_3D ( 'NONE', #7051, #7013, #5074 ) ;
#1180 = CARTESIAN_POINT ( 'NONE',  ( 1.998477050894529317, -0.7499999999999997780, 8.608664995635118444 ) ) ;
#1181 =( BOUNDED_SURFACE ( )  B_SPLINE_SURFACE ( 3, 2, ( 
 ( #5273, #3233, #7247 ),
 ( #5880, #6432, #8497 ),
 ( #5226, #3107, #1324 ),
 ( #7891, #3975, #521 ),
 ( #7854, #5228, #7767 ),
 ( #7249, #3321, #4895 ),
 ( #4012, #1596, #6230 ),
 ( #4251, #6879, #3599 ),
 ( #7745, #7608, #4462 ),
 ( #7098, #1087, #6369 ),
 ( #1678, #2339, #4422 ),
 ( #5680, #4290, #6917 ),
 ( #8347, #6277, #2987 ),
 ( #1045, #5116, #5773 ) ),
 .UNSPECIFIED., .F., .F., .T. ) 
 B_SPLINE_SURFACE_WITH_KNOTS ( ( 4, 2, 2, 2, 2, 2, 4 ),
 ( 3, 3 ),
 ( 0.001563564152456374708, 0.001693708570894688443, 0.001823852989333002179, 0.002084141826209629650, 0.002344430663086257555, 0.002474575081524571507, 0.002604719499962885026 ),
 ( 0.000000000000000000, 1.000000000000000000 ),
 .UNSPECIFIED. ) 
 GEOMETRIC_REPRESENTATION_ITEM ( )  RATIONAL_B_SPLINE_SURFACE ( (
 ( 1.000000000000000000, 0.7071067811865475727, 1.000000000000000000),
 ( 1.000000000000000000, 0.7071067811865475727, 1.000000000000000000),
 ( 1.000000000000000000, 0.7071067811865475727, 1.000000000000000000),
 ( 1.000000000000000000, 0.7071067811865475727, 1.000000000000000000),
 ( 1.000000000000000000, 0.7071067811865475727, 1.000000000000000000),
 ( 1.000000000000000000, 0.7071067811865475727, 1.000000000000000000),
 ( 1.000000000000000000, 0.7071067811865475727, 1.000000000000000000),
 ( 1.000000000000000000, 0.7071067811865475727, 1.000000000000000000),
 ( 1.000000000000000000, 0.7071067811865475727, 1.000000000000000000),
 ( 1.000000000000000000, 0.7071067811865475727, 1.000000000000000000),
 ( 1.000000000000000000, 0.7071067811865475727, 1.000000000000000000),
 ( 1.000000000000000000, 0.7071067811865475727, 1.000000000000000000),
 ( 1.000000000000000000, 0.7071067811865475727, 1.000000000000000000),
 ( 1.000000000000000000, 0.7071067811865475727, 1.000000000000000000) ) ) 
 REPRESENTATION_ITEM ( '' )  SURFACE ( )  );
#1182 = DIRECTION ( 'NONE',  ( -0.000000000000000000, -1.000000000000000000, -0.000000000000000000 ) ) ;
#1183 = ADVANCED_FACE ( 'NONE', ( #6248 ), #331, .T. ) ;
#1184 = CARTESIAN_POINT ( 'NONE',  ( -6.080060371465979330, -1.119125838055411659, 0.5078686230833191484 ) ) ;
#1185 = EDGE_CURVE ( 'NONE', #789, #802, #3493, .T. ) ;
#1186 = DIRECTION ( 'NONE',  ( -0.000000000000000000, -1.000000000000000000, -0.000000000000000000 ) ) ;
#1187 = VECTOR ( 'NONE', #3747, 1000.000000000000000 ) ;
#1188 = ORIENTED_EDGE ( 'NONE', *, *, #279, .T. ) ;
#1189 = DIRECTION ( 'NONE',  ( -0.000000000000000000, -1.000000000000000000, -0.000000000000000000 ) ) ;
#1190 = CARTESIAN_POINT ( 'NONE',  ( -9.441261499187508122, -0.7500000213290716200, -1.666225140804442395 ) ) ;
#1191 = CARTESIAN_POINT ( 'NONE',  ( 2.275387937340425104, -6.349999999999999645, 5.774854870387790662 ) ) ;
#1192 = CARTESIAN_POINT ( 'NONE',  ( -2.105145129612210120, -1.249999999999999778, -9.678314036664062314 ) ) ;
#1193 = CARTESIAN_POINT ( 'NONE',  ( 9.259161127450306950, -0.7499999999999997780, 2.107681532293575799 ) ) ;
#1194 = EDGE_CURVE ( 'NONE', #6444, #6918, #5546, .T. ) ;
#1195 = CARTESIAN_POINT ( 'NONE',  ( -4.607653647928460071E-14, -1.249999999999999778, -12.69999999999999929 ) ) ;
#1196 = CARTESIAN_POINT ( 'NONE',  ( -2.105004284771683665, -1.249999999999999778, -9.940748498636045483 ) ) ;
#1197 = ORIENTED_EDGE ( 'NONE', *, *, #8094, .F. ) ;
#1198 = CARTESIAN_POINT ( 'NONE',  ( -5.747822299876832908, -1.249999999999999778, -2.724202519633177833 ) ) ;
#1199 =( BOUNDED_CURVE ( )  B_SPLINE_CURVE ( 3, ( #6709, #790, #3433, #4767 ),
 .UNSPECIFIED., .F., .T. ) 
 B_SPLINE_CURVE_WITH_KNOTS ( ( 4, 4 ),
 ( 0.000000000000000000, 1.000000000000000000 ),
 .UNSPECIFIED. ) 
 CURVE ( )  GEOMETRIC_REPRESENTATION_ITEM ( )  RATIONAL_B_SPLINE_CURVE ( ( 1.000000000000000000, 0.6625055929971761515, 0.6625055929971761515, 1.000000000000000000 ) ) 
 REPRESENTATION_ITEM ( '' )  );
#1200 = CARTESIAN_POINT ( 'NONE',  ( 6.274854870387786221, -0.7499999999999996669, -0.9948548703878139499 ) ) ;
#1201 = CARTESIAN_POINT ( 'NONE',  ( -2.348440763761890260, -0.7499999999999997780, -9.002901470545154439 ) ) ;
#1202 = CARTESIAN_POINT ( 'NONE',  ( -4.708845605716343918, -0.7499999999999997780, 5.452058938419076739 ) ) ;
#1203 = CARTESIAN_POINT ( 'NONE',  ( -9.214819771646844515, -6.350000000000000533, -2.117095500974372158 ) ) ;
#1204 = CARTESIAN_POINT ( 'NONE',  ( -1.651354423408145200, -0.7499999999999997780, -9.935855655966868483 ) ) ;
#1205 = CARTESIAN_POINT ( 'NONE',  ( -9.487038773917802814, -0.7499999999999996669, 1.622228332512480442 ) ) ;
#1206 = ORIENTED_EDGE ( 'NONE', *, *, #1289, .F. ) ;
#1207 = CARTESIAN_POINT ( 'NONE',  ( 1.610352866662281945, -0.7499999999999998890, 9.199881272816430311 ) ) ;
#1208 = CARTESIAN_POINT ( 'NONE',  ( -9.271102943336662960, -1.249999999999999778, 0.4948548703878887789 ) ) ;
#1209 = VERTEX_POINT ( 'NONE', #1101 ) ;
#1210 = ORIENTED_EDGE ( 'NONE', *, *, #5022, .F. ) ;
#1211 = DIRECTION ( 'NONE',  ( -0.7071067811865475727, 0.000000000000000000, -0.7071067811865475727 ) ) ;
#1212 = CARTESIAN_POINT ( 'NONE',  ( 2.085616733134771028, -13.13208133641885667, -2.327484835812419384 ) ) ;
#1213 = CARTESIAN_POINT ( 'NONE',  ( -9.455600303970898679, -0.9199437159819139342, -0.7883005104731730661 ) ) ;
#1214 = CARTESIAN_POINT ( 'NONE',  ( -2.105145129612210120, -6.349999999999999645, -9.678354296802050172 ) ) ;
#1215 = CARTESIAN_POINT ( 'NONE',  ( -3.830157643571434622, -0.7500000000000287548, -5.419333493117711065 ) ) ;
#1216 = CARTESIAN_POINT ( 'NONE',  ( -2.555000000000000160, -6.349999999999999645, 3.089999999999999858 ) ) ;
#1217 = ORIENTED_EDGE ( 'NONE', *, *, #8465, .T. ) ;
#1218 = ORIENTED_EDGE ( 'NONE', *, *, #4031, .T. ) ;
#1219 = LINE ( 'NONE', #6454, #1535 ) ;
#1220 = CARTESIAN_POINT ( 'NONE',  ( 4.593849352088059668, -1.249999999999999778, 4.899664135551911492 ) ) ;
#1221 = EDGE_CURVE ( 'NONE', #4280, #6054, #1609, .T. ) ;
#1222 = CARTESIAN_POINT ( 'NONE',  ( 2.116026779451996020, -0.7500000000000044409, 9.216837882138506188 ) ) ;
#1223 = LINE ( 'NONE', #8436, #5691 ) ;
#1224 = CARTESIAN_POINT ( 'NONE',  ( 0.7271087643984323057, -1.115165646236151442, -9.563317320624241447 ) ) ;
#1225 = DIRECTION ( 'NONE',  ( -0.000000000000000000, -1.000000000000000000, -0.000000000000000000 ) ) ;
#1226 = ORIENTED_EDGE ( 'NONE', *, *, #8118, .F. ) ;
#1227 = CARTESIAN_POINT ( 'NONE',  ( 6.274854870387789774, -1.249999999999999778, -2.190853868390791227E-14 ) ) ;
#1228 = CARTESIAN_POINT ( 'NONE',  ( -2.275387937340359823, -1.117978668406202969, 5.774854870387813754 ) ) ;
#1229 = EDGE_CURVE ( 'NONE', #3076, #8348, #2443, .T. ) ;
#1230 = CARTESIAN_POINT ( 'NONE',  ( -2.303284211722540498, -1.249999999999999778, 9.017119767137600661 ) ) ;
#1231 = LINE ( 'NONE', #6596, #6502 ) ;
#1232 = CARTESIAN_POINT ( 'NONE',  ( -0.4948548703877977406, -0.7499999999999997780, 5.653331376399918529E-15 ) ) ;
#1233 = CARTESIAN_POINT ( 'NONE',  ( -9.467189563441923639, -0.7499999999999991118, 1.619870005845405414 ) ) ;
#1234 = DIRECTION ( 'NONE',  ( 0.000000000000000000, 0.000000000000000000, -1.000000000000000000 ) ) ;
#1235 = ORIENTED_EDGE ( 'NONE', *, *, #6675, .T. ) ;
#1236 = CARTESIAN_POINT ( 'NONE',  ( -5.775249408043547916, -1.249999999999999778, -2.252158159391612013 ) ) ;
#1237 = EDGE_CURVE ( 'NONE', #3076, #6512, #8460, .T. ) ;
#1238 = CARTESIAN_POINT ( 'NONE',  ( -9.935817806041987055, -1.224858571544305663, -1.651291066095392335 ) ) ;
#1239 = CARTESIAN_POINT ( 'NONE',  ( -1.889893395635158679, -0.7499999999999997780, -8.681112399981500971 ) ) ;
#1240 = CARTESIAN_POINT ( 'NONE',  ( -9.530431722890657653, -6.349999999999999645, 0.5853924772787240105 ) ) ;
#1241 = DIRECTION ( 'NONE',  ( 0.000000000000000000, 0.000000000000000000, 1.000000000000000000 ) ) ;
#1242 = CARTESIAN_POINT ( 'NONE',  ( -5.774854870387789774, -1.249999999999999778, -0.7948320246612505802 ) ) ;
#1243 = CARTESIAN_POINT ( 'NONE',  ( 0.7270925849430416310, -1.249999999999999778, -9.563313570181756873 ) ) ;
#1244 = EDGE_LOOP ( 'NONE', ( #5312, #763, #3731, #5399 ) ) ;
#1245 = DIRECTION ( 'NONE',  ( 0.000000000000000000, 1.000000000000000000, 0.000000000000000000 ) ) ;
#1246 = CARTESIAN_POINT ( 'NONE',  ( 1.651215506684503787, -1.200396464095383475, -9.933579480919776827 ) ) ;
#1247 = FACE_OUTER_BOUND ( 'NONE', #6245, .T. ) ;
#1248 = ORIENTED_EDGE ( 'NONE', *, *, #4100, .F. ) ;
#1249 = EDGE_CURVE ( 'NONE', #8258, #1272, #6894, .T. ) ;
#1250 = ORIENTED_EDGE ( 'NONE', *, *, #6509, .F. ) ;
#1251 = B_SPLINE_CURVE_WITH_KNOTS ( 'NONE', 3,
 ( #5907, #2605, #791, #1557, #4686, #238 ),
 .UNSPECIFIED., .F., .F.,
 ( 4, 2, 4 ),
 ( -3.433845656891848437E-05, 0.0003605718869453725215, 0.0007554822304596635341 ),
 .UNSPECIFIED. ) ;
#1252 = CARTESIAN_POINT ( 'NONE',  ( -6.274854870387789774, -0.7499999999999997780, -0.9948548703877916344 ) ) ;
#1253 = LINE ( 'NONE', #4591, #7810 ) ;
#1254 = DIRECTION ( 'NONE',  ( 0.000000000000000000, 1.000000000000000000, 0.000000000000000000 ) ) ;
#1255 = AXIS2_PLACEMENT_3D ( 'NONE', #7962, #7315, #2806 ) ;
#1256 = CARTESIAN_POINT ( 'NONE',  ( -9.233270550170672664, -1.249999999999999778, -2.110363770167452024 ) ) ;
#1257 = ORIENTED_EDGE ( 'NONE', *, *, #1194, .F. ) ;
#1258 = CARTESIAN_POINT ( 'NONE',  ( -2.047585740924979358, -0.9501741689381572042, -10.10406192414178683 ) ) ;
#1259 = CARTESIAN_POINT ( 'NONE',  ( -9.089851226871594747, -1.249999999999999778, -2.187678284771287895 ) ) ;
#1260 = ORIENTED_EDGE ( 'NONE', *, *, #6463, .F. ) ;
#1261 = VERTEX_POINT ( 'NONE', #6204 ) ;
#1262 = DIRECTION ( 'NONE',  ( -1.000000000000000000, 0.000000000000000000, 0.000000000000000000 ) ) ;
#1263 = DIRECTION ( 'NONE',  ( 1.142422094778946730E-14, -0.000000000000000000, 1.000000000000000000 ) ) ;
#1264 =( BOUNDED_CURVE ( )  B_SPLINE_CURVE ( 3, ( #497, #7786, #4507, #3081 ),
 .UNSPECIFIED., .F., .T. ) 
 B_SPLINE_CURVE_WITH_KNOTS ( ( 4, 4 ),
 ( 0.000000000000000000, 1.000000000000000000 ),
 .UNSPECIFIED. ) 
 CURVE ( )  GEOMETRIC_REPRESENTATION_ITEM ( )  RATIONAL_B_SPLINE_CURVE ( ( 1.000000000000000000, 0.8048096403827893486, 0.8048096403827893486, 1.000000000000000000 ) ) 
 REPRESENTATION_ITEM ( '' )  );
#1265 = CARTESIAN_POINT ( 'NONE',  ( -17.67766952966368876, -16.35000000000000142, -1.658629486687709519E-16 ) ) ;
#1266 = CARTESIAN_POINT ( 'NONE',  ( -2.105004284771684109, -6.350000000000000533, -9.940748498636045483 ) ) ;
#1267 = CARTESIAN_POINT ( 'NONE',  ( -5.787868623083248565, -1.119125838055404776, 0.8000603714660378118 ) ) ;
#1268 = AXIS2_PLACEMENT_3D ( 'NONE', #6631, #8133, #2130 ) ;
#1269 = EDGE_CURVE ( 'NONE', #1339, #6001, #6096, .T. ) ;
#1270 = CARTESIAN_POINT ( 'NONE',  ( 5.774908376104339602, -6.349999999999999645, -0.6191424365563260590 ) ) ;
#1271 = ORIENTED_EDGE ( 'NONE', *, *, #8107, .T. ) ;
#1272 = VERTEX_POINT ( 'NONE', #5955 ) ;
#1273 = CARTESIAN_POINT ( 'NONE',  ( 2.168404344971008868E-16, -12.84999999999999964, -17.67766952966369587 ) ) ;
#1274 = CARTESIAN_POINT ( 'NONE',  ( 2.123812721427069228, -1.249999999999999778, 9.190067605226134972 ) ) ;
#1275 = ORIENTED_EDGE ( 'NONE', *, *, #1063, .F. ) ;
#1276 = FACE_OUTER_BOUND ( 'NONE', #6630, .T. ) ;
#1277 = CARTESIAN_POINT ( 'NONE',  ( 4.352419305668610683, -6.349999999999999645, 5.093866551585399804 ) ) ;
#1278 =( BOUNDED_CURVE ( )  B_SPLINE_CURVE ( 3, ( #7219, #6574, #5193, #5287 ),
 .UNSPECIFIED., .F., .T. ) 
 B_SPLINE_CURVE_WITH_KNOTS ( ( 4, 4 ),
 ( 4.712388980384689674, 6.283185307179586232 ),
 .UNSPECIFIED. ) 
 CURVE ( )  GEOMETRIC_REPRESENTATION_ITEM ( )  RATIONAL_B_SPLINE_CURVE ( ( 1.000000000000000000, 0.8047378541243649375, 0.8047378541243649375, 1.000000000000000000 ) ) 
 REPRESENTATION_ITEM ( '' )  );
#1279 = CARTESIAN_POINT ( 'NONE',  ( -2.312816342313012807, -1.249999999999999778, 9.014118416197133499 ) ) ;
#1280 = ADVANCED_FACE ( 'NONE', ( #1960 ), #2480, .T. ) ;
#1281 = CARTESIAN_POINT ( 'NONE',  ( -9.933579480919931370, -1.200396464095382365, 1.651215506684641010 ) ) ;
#1282 = CARTESIAN_POINT ( 'NONE',  ( 0.5516334285290085404, -0.9839559469259739899, 9.252939212759208942 ) ) ;
#1283 = VERTEX_POINT ( 'NONE', #2571 ) ;
#1284 = CARTESIAN_POINT ( 'NONE',  ( -5.770063381101345534, -1.249999999999999778, -2.495959202287965084 ) ) ;
#1285 = CARTESIAN_POINT ( 'NONE',  ( -9.168307674430820953, -0.7499999999999998890, 0.9614061070025413658 ) ) ;
#1286 = CARTESIAN_POINT ( 'NONE',  ( -4.788275831678542538, -0.9887620709055030543, 4.788315312100349885 ) ) ;
#1287 = CARTESIAN_POINT ( 'NONE',  ( -0.7593135193924007709, -0.7961721122757086100, -6.039313519392363716 ) ) ;
#1288 = ORIENTED_EDGE ( 'NONE', *, *, #5489, .T. ) ;
#1289 = EDGE_CURVE ( 'NONE', #1283, #3268, #7847, .T. ) ;
#1290 = EDGE_CURVE ( 'NONE', #6789, #240, #1912, .T. ) ;
#1291 = CARTESIAN_POINT ( 'NONE',  ( 1.640970120572315727, -0.8691362217318007177, -9.728368110342715980 ) ) ;
#1292 = ORIENTED_EDGE ( 'NONE', *, *, #3594, .F. ) ;
#1293 = CARTESIAN_POINT ( 'NONE',  ( -9.530431722890657653, -6.349999999999999645, 0.5853924772787241215 ) ) ;
#1294 = ORIENTED_EDGE ( 'NONE', *, *, #2851, .F. ) ;
#1295 = CARTESIAN_POINT ( 'NONE',  ( -0.9425052391448729416, -0.7630137179688517568, 6.143980792280668624 ) ) ;
#1296 = CARTESIAN_POINT ( 'NONE',  ( 1.681300279852792121E-14, -0.7499999999999997780, 1.605145129612209898 ) ) ;
#1297 = LINE ( 'NONE', #27, #5733 ) ;
#1298 = CARTESIAN_POINT ( 'NONE',  ( -9.067187185219435008, -1.249999999999999778, -2.212147093189065217 ) ) ;
#1299 = EDGE_CURVE ( 'NONE', #1463, #1726, #3829, .T. ) ;
#1300 = CYLINDRICAL_SURFACE ( 'NONE', #5295, 3.219854870387946377 ) ;
#1301 = CARTESIAN_POINT ( 'NONE',  ( -9.259161126261689745, -1.249999999999999778, -2.107681525177090176 ) ) ;
#1302 = ORIENTED_EDGE ( 'NONE', *, *, #7062, .F. ) ;
#1303 = CARTESIAN_POINT ( 'NONE',  ( -2.329991424587249504, -1.117942496580214717, 9.008710553930329823 ) ) ;
#1304 = CARTESIAN_POINT ( 'NONE',  ( 4.749987219571084829, -6.349999999999999645, -4.749987219571117691 ) ) ;
#1305 = CYLINDRICAL_SURFACE ( 'NONE', #2504, 0.5000000000000000000 ) ;
#1306 = CARTESIAN_POINT ( 'NONE',  ( -6.274854870387779116, -0.7500000000000000000, 0.9948548703878578037 ) ) ;
#1307 = CARTESIAN_POINT ( 'NONE',  ( -1.876683844410652391, -1.249999999999999778, 10.07030783714664501 ) ) ;
#1308 = ORIENTED_EDGE ( 'NONE', *, *, #4125, .F. ) ;
#1309 = ORIENTED_EDGE ( 'NONE', *, *, #1384, .T. ) ;
#1310 = CIRCLE ( 'NONE', #4491, 3.125000000000000000 ) ;
#1311 = CARTESIAN_POINT ( 'NONE',  ( 9.563309819739270523, -0.7499999999999997780, 0.7270764054876843741 ) ) ;
#1312 = CARTESIAN_POINT ( 'NONE',  ( -5.787868623083253894, -1.119125838055411659, -0.8000603714659779708 ) ) ;
#1313 = B_SPLINE_CURVE_WITH_KNOTS ( 'NONE', 3,
 ( #1041, #3689, #6406, #7741, #1083, #1809, #2383, #8341, #7605, #1764, #6273, #3735, #6322, #535 ),
 .UNSPECIFIED., .F., .F.,
 ( 4, 2, 2, 2, 2, 2, 4 ),
 ( 0.000000000000000000, 0.0001294665291705572369, 0.0002589330583411144737, 0.0005178661166822324169, 0.0007767991750233504142, 0.0009062657041939091961, 0.001035732233364468086 ),
 .UNSPECIFIED. ) ;
#1314 = VERTEX_POINT ( 'NONE', #3315 ) ;
#1315 = CARTESIAN_POINT ( 'NONE',  ( 6.274854870387789774, -0.7499999999999997780, 2.279633664619781452 ) ) ;
#1316 = EDGE_CURVE ( 'NONE', #2934, #7302, #1231, .T. ) ;
#1317 = LINE ( 'NONE', #43, #6957 ) ;
#1318 = CARTESIAN_POINT ( 'NONE',  ( 4.206526835423882282, -6.349999999999999645, 5.195736631094203695 ) ) ;
#1319 = PLANE ( 'NONE',  #7678 ) ;
#1320 = VECTOR ( 'NONE', #1904, 1000.000000000000000 ) ;
#1321 = CARTESIAN_POINT ( 'NONE',  ( 9.572898682056839803, -0.8894853869150214365, -1.953100030760945183 ) ) ;
#1322 = EDGE_LOOP ( 'NONE', ( #6738, #6044, #1248, #8019 ) ) ;
#1323 = ORIENTED_EDGE ( 'NONE', *, *, #961, .T. ) ;
#1324 = CARTESIAN_POINT ( 'NONE',  ( -9.021147018119805239, -1.249999999999999778, 2.292008942560392448 ) ) ;
#1325 = CARTESIAN_POINT ( 'NONE',  ( 4.604115883184221936, -0.7499999999999997780, 5.529750942971451977 ) ) ;
#1326 = VECTOR ( 'NONE', #5348, 1000.000000000000000 ) ;
#1327 = LINE ( 'NONE', #5883, #4485 ) ;
#1328 = EDGE_CURVE ( 'NONE', #575, #7541, #3183, .T. ) ;
#1329 =( BOUNDED_CURVE ( )  B_SPLINE_CURVE ( 3, ( #4961, #6902, #388, #3011 ),
 .UNSPECIFIED., .F., .T. ) 
 B_SPLINE_CURVE_WITH_KNOTS ( ( 4, 4 ),
 ( 4.712388980384689674, 6.283185307179586232 ),
 .UNSPECIFIED. ) 
 CURVE ( )  GEOMETRIC_REPRESENTATION_ITEM ( )  RATIONAL_B_SPLINE_CURVE ( ( 1.000000000000000000, 0.8047378541243649375, 0.8047378541243649375, 1.000000000000000000 ) ) 
 REPRESENTATION_ITEM ( '' )  );
#1330 = DIRECTION ( 'NONE',  ( -0.000000000000000000, 1.000000000000000000, -0.000000000000000000 ) ) ;
#1331 = DIRECTION ( 'NONE',  ( 0.000000000000000000, 0.000000000000000000, 1.000000000000000000 ) ) ;
#1332 = ORIENTED_EDGE ( 'NONE', *, *, #5629, .F. ) ;
#1333 = CARTESIAN_POINT ( 'NONE',  ( 1.347601624859001816E-13, -6.349999999999999645, 12.69999999999999929 ) ) ;
#1334 = CARTESIAN_POINT ( 'NONE',  ( 1.930422840993627487, -0.8691362225820303822, -9.557485742446591104 ) ) ;
#1335 = LINE ( 'NONE', #7172, #3633 ) ;
#1336 = CARTESIAN_POINT ( 'NONE',  ( -4.404071454113198669, -1.249999999999999334, 5.055353611409806547 ) ) ;
#1337 = CARTESIAN_POINT ( 'NONE',  ( -1.624940046264464311, -0.7499999999999998890, 9.116177672728612791 ) ) ;
#1338 = ADVANCED_FACE ( 'NONE', ( #554 ), #585, .T. ) ;
#1339 = VERTEX_POINT ( 'NONE', #3922 ) ;
#1340 = CARTESIAN_POINT ( 'NONE',  ( -0.9948548703877265753, -0.7499999999999996669, 6.274854870387799544 ) ) ;
#1341 = CARTESIAN_POINT ( 'NONE',  ( -2.298552585863324005, -1.249999999999999778, -9.018609598767842073 ) ) ;
#1342 = CARTESIAN_POINT ( 'NONE',  ( -9.509478328360295052, -1.145812309439297794, -0.4948556567470224765 ) ) ;
#1343 = CARTESIAN_POINT ( 'NONE',  ( 2.310803979197435964, -6.350000000000001421, 9.014752042418718858 ) ) ;
#1344 = CARTESIAN_POINT ( 'NONE',  ( 0.4948548703879078747, -1.249999999999999778, -9.271102943336710922 ) ) ;
#1345 = ORIENTED_EDGE ( 'NONE', *, *, #5578, .T. ) ;
#1346 = DIRECTION ( 'NONE',  ( 0.000000000000000000, 0.000000000000000000, -1.000000000000000000 ) ) ;
#1347 = CARTESIAN_POINT ( 'NONE',  ( -9.039813263795485554, -1.249999999999999778, -2.253121529597344352 ) ) ;
#1348 = ORIENTED_EDGE ( 'NONE', *, *, #5533, .T. ) ;
#1349 = CARTESIAN_POINT ( 'NONE',  ( -2.247215033733549916, -6.350000000000000533, -9.043753439916697445 ) ) ;
#1350 = ADVANCED_FACE ( 'NONE', ( #8401 ), #5170, .T. ) ;
#1351 = CARTESIAN_POINT ( 'NONE',  ( 1.651322806674064392, -1.249999999999999778, -9.935836767996045538 ) ) ;
#1352 = CARTESIAN_POINT ( 'NONE',  ( -6.222505239144930478, -0.7630137179688567528, 0.8639807922807143381 ) ) ;
#1353 = CARTESIAN_POINT ( 'NONE',  ( 2.105145129612210120, -1.224858571264062945, 9.678273618406741718 ) ) ;
#1354 = ORIENTED_EDGE ( 'NONE', *, *, #5105, .T. ) ;
#1355 = DIRECTION ( 'NONE',  ( -1.000000000000000000, 0.000000000000000000, 3.491481338843127044E-15 ) ) ;
#1356 = CARTESIAN_POINT ( 'NONE',  ( -9.344284074950456542, -0.7499999999999996669, -1.605145129612208788 ) ) ;
#1357 = EDGE_CURVE ( 'NONE', #5072, #1658, #4523, .T. ) ;
#1358 = ORIENTED_EDGE ( 'NONE', *, *, #7202, .F. ) ;
#1359 = DIRECTION ( 'NONE',  ( 0.000000000000000000, 0.000000000000000000, 1.000000000000000000 ) ) ;
#1360 = CARTESIAN_POINT ( 'NONE',  ( 2.277684824991557999, -1.249999999999999778, -9.025180162734502076 ) ) ;
#1361 = CARTESIAN_POINT ( 'NONE',  ( 0.4949083761043212015, -6.349999999999999645, -5.899142436556308766 ) ) ;
#1362 = CARTESIAN_POINT ( 'NONE',  ( -2.107992638069446922, -6.349999999999999645, 9.244344518580009051 ) ) ;
#1363 = CARTESIAN_POINT ( 'NONE',  ( -9.589666438347459021, -0.7804688038444506093, 1.631311024333889304 ) ) ;
#1364 = VERTEX_POINT ( 'NONE', #4007 ) ;
#1365 = CARTESIAN_POINT ( 'NONE',  ( 2.279351210769155589, -0.7499999999999997780, 6.274854870387789774 ) ) ;
#1366 = CARTESIAN_POINT ( 'NONE',  ( -5.313043681586317568, -6.349999999999999645, -4.028208367744143814 ) ) ;
#1367 = CARTESIAN_POINT ( 'NONE',  ( -4.749987219571051966, -0.7499999999999997780, 4.749987219571150554 ) ) ;
#1368 = CARTESIAN_POINT ( 'NONE',  ( -0.9948548703877259092, -0.7499999999999997780, 6.274854870387799544 ) ) ;
#1369 = CARTESIAN_POINT ( 'NONE',  ( -4.749987219571051966, -6.349999999999999645, 4.749987219571150554 ) ) ;
#1370 = B_SPLINE_CURVE_WITH_KNOTS ( 'NONE', 3,
 ( #606, #3237, #56, #6606, #1203, #651, #3194, #1838, #4624, #5842, #4492, #6645, #3366, #6006, #98, #7252 ),
 .UNSPECIFIED., .F., .F.,
 ( 4, 1, 2, 2, 2, 1, 2, 2, 4 ),
 ( 0.000000000000000000, 0.1250000000000195677, 0.1875000000000230649, 0.2500000000000265898, 0.5000000000000308642, 0.6250000000000329736, 0.6875000000000295319, 0.7500000000000260902, 1.000000000000000000 ),
 .UNSPECIFIED. ) ;
#1371 = ORIENTED_EDGE ( 'NONE', *, *, #5088, .F. ) ;
#1372 = CARTESIAN_POINT ( 'NONE',  ( -2.329991424587346316, -6.349999999999999645, -9.008710553930304954 ) ) ;
#1373 = ADVANCED_FACE ( 'NONE', ( #6678 ), #5647, .T. ) ;
#1374 = LINE ( 'NONE', #5360, #7620 ) ;
#1375 = CARTESIAN_POINT ( 'NONE',  ( 2.115939484113651403, -1.249999999999999778, -9.217154406520963406 ) ) ;
#1376 = CARTESIAN_POINT ( 'NONE',  ( -2.732804388869807699, -1.249999999999999778, 5.746653563525531361 ) ) ;
#1377 = ORIENTED_EDGE ( 'NONE', *, *, #1895, .T. ) ;
#1378 = CARTESIAN_POINT ( 'NONE',  ( -0.5254370801672105795, -1.051235928158964716, 9.484758676380868891 ) ) ;
#1379 = DIRECTION ( 'NONE',  ( 1.000000000000000000, -0.000000000000000000, -1.047444401652940007E-14 ) ) ;
#1380 = CARTESIAN_POINT ( 'NONE',  ( -9.246666417027537221, -0.9743063024704202713, -0.5718457277413824258 ) ) ;
#1381 = CARTESIAN_POINT ( 'NONE',  ( -9.008710553930306730, -0.7499999999999997780, -2.329991424587344095 ) ) ;
#1382 = CARTESIAN_POINT ( 'NONE',  ( 0.4948548703879078747, -6.349999999999999645, -9.271102943336710922 ) ) ;
#1383 = ORIENTED_EDGE ( 'NONE', *, *, #3209, .F. ) ;
#1384 = EDGE_CURVE ( 'NONE', #3721, #2328, #6719, .T. ) ;
#1385 = CARTESIAN_POINT ( 'NONE',  ( -1.648963943095219431, -1.030008900595991372, -9.875745730234120501 ) ) ;
#1386 = CARTESIAN_POINT ( 'NONE',  ( -1.651322806673994892, -1.249999999999999778, 9.935836767996057972 ) ) ;
#1387 = ORIENTED_EDGE ( 'NONE', *, *, #1229, .T. ) ;
#1388 = VECTOR ( 'NONE', #6875, 1000.000000000000000 ) ;
#1389 = CARTESIAN_POINT ( 'NONE',  ( 2.632753243386002584, -6.349999999999998757, -5.756667557643647903 ) ) ;
#1390 = DIRECTION ( 'NONE',  ( -0.000000000000000000, -1.000000000000000000, -0.000000000000000000 ) ) ;
#1391 = CARTESIAN_POINT ( 'NONE',  ( -6.074832024661244390, -1.249999999999999778, 0.4948548703878546395 ) ) ;
#1392 = CARTESIAN_POINT ( 'NONE',  ( 2.105145129612173704, -6.349999999999999645, -9.678354296802057277 ) ) ;
#1393 = CARTESIAN_POINT ( 'NONE',  ( 9.935836767996040209, -1.249999999999999778, 1.651322806674099031 ) ) ;
#1394 = VERTEX_POINT ( 'NONE', #5519 ) ;
#1395 = CARTESIAN_POINT ( 'NONE',  ( -9.128763202256072518, -6.349999999999999645, 2.157665754351061338 ) ) ;
#1396 = DIRECTION ( 'NONE',  ( -0.000000000000000000, -0.000000000000000000, -1.000000000000000000 ) ) ;
#1397 = CARTESIAN_POINT ( 'NONE',  ( 9.509478328360451371, -1.145812309439291354, -0.4948556567470553391 ) ) ;
#1398 = LINE ( 'NONE', #4739, #5336 ) ;
#1399 = CARTESIAN_POINT ( 'NONE',  ( -5.774854870387767569, -6.349999999999999645, 2.275387937340485500 ) ) ;
#1400 = CARTESIAN_POINT ( 'NONE',  ( -10.20694294810247804, -1.177689514655752445, 2.105143927105303181 ) ) ;
#1401 = ADVANCED_FACE ( 'NONE', ( #4656 ), #2048, .T. ) ;
#1402 = ORIENTED_EDGE ( 'NONE', *, *, #5694, .F. ) ;
#1403 = ORIENTED_EDGE ( 'NONE', *, *, #1357, .F. ) ;
#1404 = VECTOR ( 'NONE', #201, 1000.000000000000000 ) ;
#1405 = CARTESIAN_POINT ( 'NONE',  ( -4.973354255620671793, -6.350000000000000533, -4.504428605851974687 ) ) ;
#1406 = CARTESIAN_POINT ( 'NONE',  ( -2.315066160981914312, -0.9888132917190025628, -8.956637671641612286 ) ) ;
#1407 = CARTESIAN_POINT ( 'NONE',  ( 1.449747468305832898, -9.350000000000001421, -16.06147744819821455 ) ) ;
#1408 = CARTESIAN_POINT ( 'NONE',  ( 3.499999999999999556, -16.35000000000000142, -9.741464024932666277 ) ) ;
#1409 = CARTESIAN_POINT ( 'NONE',  ( 5.899142436556305213, -1.249999999999999556, -0.4949083761043616136 ) ) ;
#1410 = AXIS2_PLACEMENT_3D ( 'NONE', #6787, #7480, #5462 ) ;
#1411 = ORIENTED_EDGE ( 'NONE', *, *, #3034, .F. ) ;
#1412 = CARTESIAN_POINT ( 'NONE',  ( 1.651291189939943393, -1.249999999999999778, -9.935817880025348714 ) ) ;
#1413 = ORIENTED_EDGE ( 'NONE', *, *, #7155, .T. ) ;
#1414 = CARTESIAN_POINT ( 'NONE',  ( -10.07030783714662370, -6.349999999999999645, -1.876683844410757196 ) ) ;
#1415 = CARTESIAN_POINT ( 'NONE',  ( 4.925949803599583454, -6.349999999999999645, 4.560412727924883391 ) ) ;
#1416 = ORIENTED_EDGE ( 'NONE', *, *, #706, .T. ) ;
#1417 = CARTESIAN_POINT ( 'NONE',  ( 6.273037056532242417, -0.7499999999999997780, -2.394010196254632739 ) ) ;
#1418 = CARTESIAN_POINT ( 'NONE',  ( -2.105145129612210120, -1.249999999999999778, -9.299109199783138990 ) ) ;
#1419 = EDGE_CURVE ( 'NONE', #3897, #6707, #7411, .T. ) ;
#1420 = CARTESIAN_POINT ( 'NONE',  ( 3.176966234697830238, -1.249999999999999778, -5.664556239062739529 ) ) ;
#1421 = CARTESIAN_POINT ( 'NONE',  ( 2.107197407797509747, -6.350000000000001421, 9.259638777902470252 ) ) ;
#1422 = CARTESIAN_POINT ( 'NONE',  ( 2.192387404589939415, -0.7499999999999997780, -8.527837839788524832 ) ) ;
#1423 = B_SPLINE_CURVE_WITH_KNOTS ( 'NONE', 3,
 ( #5416, #2121, #2849, #6185, #3467, #6788 ),
 .UNSPECIFIED., .F., .F.,
 ( 4, 2, 4 ),
 ( 0.000000000000000000, 0.0003906446212684390874, 0.0007812892425368783917 ),
 .UNSPECIFIED. ) ;
#1424 = FACE_OUTER_BOUND ( 'NONE', #7600, .T. ) ;
#1425 = FACE_OUTER_BOUND ( 'NONE', #1588, .T. ) ;
#1426 = ORIENTED_EDGE ( 'NONE', *, *, #571, .F. ) ;
#1427 = CARTESIAN_POINT ( 'NONE',  ( -1.650694443027600045, -1.106163596442915065, -9.916618388791309968 ) ) ;
#1428 = ADVANCED_FACE ( 'NONE', ( #3440 ), #7885, .T. ) ;
#1429 = CARTESIAN_POINT ( 'NONE',  ( -2.901675761611831383, -6.350000000000000533, -5.718890084838228027 ) ) ;
#1430 = CARTESIAN_POINT ( 'NONE',  ( -4.336769658573096820, -6.349999999999999645, -5.104410993637372052 ) ) ;
#1431 = CARTESIAN_POINT ( 'NONE',  ( 8.587454352012382941, -0.7499999999999997780, -2.036727166171322878 ) ) ;
#1432 = AXIS2_PLACEMENT_3D ( 'NONE', #8136, #4215, #4858 ) ;
#1433 = CARTESIAN_POINT ( 'NONE',  ( 9.940748498636038377, -6.349999999999998757, -2.105004284771717860 ) ) ;
#1434 = DIRECTION ( 'NONE',  ( -0.000000000000000000, -1.000000000000000000, -0.000000000000000000 ) ) ;
#1435 = CONICAL_SURFACE ( 'NONE', #5464, 3.099999999999998757, 0.7853981633974447263 ) ;
#1436 = ORIENTED_EDGE ( 'NONE', *, *, #3977, .T. ) ;
#1437 = ADVANCED_FACE ( 'NONE', ( #7668 ), #5598, .F. ) ;
#1438 = CARTESIAN_POINT ( 'NONE',  ( 0.000000000000000000, -16.35000000000000142, 16.43502884254440488 ) ) ;
#1439 = CARTESIAN_POINT ( 'NONE',  ( 9.493503963496390696, -0.9743063038738966064, -0.7665838582572399584 ) ) ;
#1440 = EDGE_CURVE ( 'NONE', #5072, #268, #2995, .T. ) ;
#1441 = LINE ( 'NONE', #7493, #4911 ) ;
#1442 = CARTESIAN_POINT ( 'NONE',  ( 9.039813263795485554, -1.249999999999999778, 2.253121529597344352 ) ) ;
#1443 = PLANE ( 'NONE',  #5470 ) ;
#1444 = VECTOR ( 'NONE', #5652, 1000.000000000000000 ) ;
#1445 = B_SPLINE_CURVE_WITH_KNOTS ( 'NONE', 3,
 ( #8499, #2661, #7934, #2016, #2580, #95, #1405, #4662, #649, #2056, #135, #7293, #1366, #6560, #2620, #2704, #3363, #3884, #4015, #5229, #8021, #724, #6004, #5354, #7977, #7332 ),
 .UNSPECIFIED., .F., .F.,
 ( 4, 1, 1, 1, 2, 2, 2, 2, 2, 2, 1, 1, 1, 2, 2, 4 ),
 ( 0.000000000000000000, 0.06250000000000359435, 0.09375000000000471845, 0.1093750000000052874, 0.1171875000000051487, 0.1250000000000049960, 0.1875000000000048572, 0.2500000000000047184, 0.5000000000000035527, 0.7500000000000022204, 0.8125000000000017764, 0.8437500000000015543, 0.8593750000000014433, 0.8671875000000016653, 0.8750000000000018874, 1.000000000000000000 ),
 .UNSPECIFIED. ) ;
#1446 = ORIENTED_EDGE ( 'NONE', *, *, #3161, .T. ) ;
#1447 = VERTEX_POINT ( 'NONE', #8221 ) ;
#1448 = CARTESIAN_POINT ( 'NONE',  ( -2.212147093188972846, -1.249999999999999778, 9.067187185219456325 ) ) ;
#1449 = CARTESIAN_POINT ( 'NONE',  ( -9.933579480919769722, -1.200396464095384363, -1.651215506684534429 ) ) ;
#1450 = CARTESIAN_POINT ( 'NONE',  ( -4.918789617494790711, -0.8042808506305143545, -4.918615740074361753 ) ) ;
#1451 = ADVANCED_FACE ( 'NONE', ( #7617 ), #6377, .T. ) ;
#1452 = CIRCLE ( 'NONE', #6291, 2.100000000000000977 ) ;
#1453 = CARTESIAN_POINT ( 'NONE',  ( 6.274854870387781780, -0.7499999999999997780, -2.279351210769174685 ) ) ;
#1454 =( BOUNDED_CURVE ( )  B_SPLINE_CURVE ( 3, ( #5302, #7919, #2000, #5870 ),
 .UNSPECIFIED., .F., .T. ) 
 B_SPLINE_CURVE_WITH_KNOTS ( ( 4, 4 ),
 ( 0.000000000000000000, 1.570796326794896558 ),
 .UNSPECIFIED. ) 
 CURVE ( )  GEOMETRIC_REPRESENTATION_ITEM ( )  RATIONAL_B_SPLINE_CURVE ( ( 1.000000000000000000, 0.8047378541243649375, 0.8047378541243649375, 1.000000000000000000 ) ) 
 REPRESENTATION_ITEM ( '' )  );
#1455 = CARTESIAN_POINT ( 'NONE',  ( 0.9351698475245373565, -0.7499999999999997780, 9.133801937671636395 ) ) ;
#1456 = ORIENTED_EDGE ( 'NONE', *, *, #8415, .F. ) ;
#1457 = CARTESIAN_POINT ( 'NONE',  ( 0.6875813818447978898, -0.8501667073564452837, 6.151945474970591299 ) ) ;
#1458 = ORIENTED_EDGE ( 'NONE', *, *, #6362, .F. ) ;
#1459 = CARTESIAN_POINT ( 'NONE',  ( 2.106590435890753454, -0.7499999999999997780, -9.271312359572347006 ) ) ;
#1460 = VECTOR ( 'NONE', #1925, 1000.000000000000000 ) ;
#1461 = CARTESIAN_POINT ( 'NONE',  ( -2.390754402008200330, -1.249999999999999778, 5.772895470921196370 ) ) ;
#1462 = CARTESIAN_POINT ( 'NONE',  ( -2.110196775178310169, -0.7499999999999998890, 8.554462905232895764 ) ) ;
#1463 = VERTEX_POINT ( 'NONE', #5688 ) ;
#1464 = CARTESIAN_POINT ( 'NONE',  ( 5.598265167210689341, -1.249999999999999778, -3.397861557201041549 ) ) ;
#1465 = CARTESIAN_POINT ( 'NONE',  ( 6.174131128684604342, -0.8131067495198550654, 0.7430455161298469280 ) ) ;
#1466 = CARTESIAN_POINT ( 'NONE',  ( -2.190853868390791227E-14, -0.7499999999999997780, -6.274854870387789774 ) ) ;
#1467 = AXIS2_PLACEMENT_3D ( 'NONE', #851, #256, #2873 ) ;
#1468 = CARTESIAN_POINT ( 'NONE',  ( 4.731569842957580541, -1.249999999999999778, 4.768980253502644651 ) ) ;
#1469 = CARTESIAN_POINT ( 'NONE',  ( 9.935817880025343385, -1.177717949231325445, 1.651291189939978032 ) ) ;
#1470 = ORIENTED_EDGE ( 'NONE', *, *, #5460, .T. ) ;
#1471 = PRODUCT ( 'wheel_adapter', 'wheel_adapter', '', ( #6086 ) ) ;
#1472 =( BOUNDED_CURVE ( )  B_SPLINE_CURVE ( 3, ( #2293, #362, #4288, #5548 ),
 .UNSPECIFIED., .F., .T. ) 
 B_SPLINE_CURVE_WITH_KNOTS ( ( 4, 4 ),
 ( 4.040999222087606313, 5.383778738681296971 ),
 .UNSPECIFIED. ) 
 CURVE ( )  GEOMETRIC_REPRESENTATION_ITEM ( )  RATIONAL_B_SPLINE_CURVE ( ( 1.000000000000000000, 0.8553052591889784839, 0.8553052591889784839, 1.000000000000000000 ) ) 
 REPRESENTATION_ITEM ( '' )  );
#1473 = CARTESIAN_POINT ( 'NONE',  ( -9.286119137429894366, -0.7499999999999997780, 1.605145129612307153 ) ) ;
#1474 = CARTESIAN_POINT ( 'NONE',  ( 0.7019616515743180019, -0.7499999999999996669, -6.157697582862410535 ) ) ;
#1475 = CARTESIAN_POINT ( 'NONE',  ( 8.552364118409430560, -0.7499999999999997780, -2.115654539307866511 ) ) ;
#1476 = VERTEX_POINT ( 'NONE', #4216 ) ;
#1477 = EDGE_CURVE ( 'NONE', #2133, #2012, #2062, .T. ) ;
#1478 = CARTESIAN_POINT ( 'NONE',  ( 5.774854870387787109, -1.249999999999999778, -0.7948320246612696760 ) ) ;
#1479 = EDGE_LOOP ( 'NONE', ( #400, #3453, #5260, #7903 ) ) ;
#1480 = CARTESIAN_POINT ( 'NONE',  ( -12.69999999999999929, -4.849999999999996092, -1.734723475976804925E-15 ) ) ;
#1481 = CARTESIAN_POINT ( 'NONE',  ( 2.105145129612210120, -0.7499999999999997780, 9.678354296802050172 ) ) ;
#1482 = CARTESIAN_POINT ( 'NONE',  ( 2.105145129612175481, -6.349999999999999645, -9.299109199783815782 ) ) ;
#1483 = CARTESIAN_POINT ( 'NONE',  ( 8.554287927967816785, -0.7499999999999998890, -2.110671036889899099 ) ) ;
#1484 = FACE_OUTER_BOUND ( 'NONE', #2591, .T. ) ;
#1485 = DIRECTION ( 'NONE',  ( -0.000000000000000000, -1.000000000000000000, -0.000000000000000000 ) ) ;
#1486 = VERTEX_POINT ( 'NONE', #283 ) ;
#1487 = ADVANCED_FACE ( 'NONE', ( #6286 ), #4156, .F. ) ;
#1488 = ORIENTED_EDGE ( 'NONE', *, *, #2080, .F. ) ;
#1489 = DIRECTION ( 'NONE',  ( 0.000000000000000000, 1.000000000000000000, 0.000000000000000000 ) ) ;
#1490 = CARTESIAN_POINT ( 'NONE',  ( -9.834301019142511535, -0.7884503103994779938, -1.895897864506555841 ) ) ;
#1491 =( BOUNDED_CURVE ( )  B_SPLINE_CURVE ( 3, ( #5780, #7876, #3219, #5085 ),
 .UNSPECIFIED., .F., .T. ) 
 B_SPLINE_CURVE_WITH_KNOTS ( ( 4, 4 ),
 ( 0.000000000000000000, 1.000000000000000000 ),
 .UNSPECIFIED. ) 
 CURVE ( )  GEOMETRIC_REPRESENTATION_ITEM ( )  RATIONAL_B_SPLINE_CURVE ( ( 1.000000000000000000, 0.8048096403827887935, 0.8048096403827887935, 1.000000000000000000 ) ) 
 REPRESENTATION_ITEM ( '' )  );
#1492 = DIRECTION ( 'NONE',  ( -0.000000000000000000, -1.000000000000000000, -0.000000000000000000 ) ) ;
#1493 = CARTESIAN_POINT ( 'NONE',  ( -0.7948320246611900730, -1.249999999999999778, 5.774854870387797767 ) ) ;
#1494 = CARTESIAN_POINT ( 'NONE',  ( 0.4948556567470130951, -1.145812309439296905, 9.509478328360634336 ) ) ;
#1495 = ORIENTED_EDGE ( 'NONE', *, *, #4000, .F. ) ;
#1496 = CARTESIAN_POINT ( 'NONE',  ( 1.651354423408145200, -0.7499999999999997780, 9.935855655966868483 ) ) ;
#1497 = VERTEX_POINT ( 'NONE', #4298 ) ;
#1498 = EDGE_CURVE ( 'NONE', #654, #2011, #7025, .T. ) ;
#1499 = DIRECTION ( 'NONE',  ( 0.7071067811865473507, 0.000000000000000000, 0.7071067811865477948 ) ) ;
#1500 = CARTESIAN_POINT ( 'NONE',  ( -2.105145129612209232, -6.349999999999999645, -9.299109199783835322 ) ) ;
#1501 = CARTESIAN_POINT ( 'NONE',  ( 6.151945474970603733, -0.8501667073564460608, -0.6875813818448185399 ) ) ;
#1502 = ORIENTED_EDGE ( 'NONE', *, *, #2493, .T. ) ;
#1503 = FACE_OUTER_BOUND ( 'NONE', #3559, .T. ) ;
#1504 = CARTESIAN_POINT ( 'NONE',  ( -1.648963943095123064, -1.030008900595990040, 9.875745730233965958 ) ) ;
#1505 = CARTESIAN_POINT ( 'NONE',  ( -5.773050187130279731, -0.7499999999999404920, 2.389218707634170435 ) ) ;
#1506 = CARTESIAN_POINT ( 'NONE',  ( 5.117390564771720385, -0.7499999999999991118, 4.320775847631598943 ) ) ;
#1507 = CARTESIAN_POINT ( 'NONE',  ( 0.000000000000000000, 6.349999999999999645, 0.000000000000000000 ) ) ;
#1508 = DIRECTION ( 'NONE',  ( 0.000000000000000000, 1.000000000000000000, 0.000000000000000000 ) ) ;
#1509 = ORIENTED_EDGE ( 'NONE', *, *, #1141, .T. ) ;
#1510 = CARTESIAN_POINT ( 'NONE',  ( 9.008710553930972864, -6.349999999999999645, 2.329991424587249060 ) ) ;
#1511 = CARTESIAN_POINT ( 'NONE',  ( -3.401930685069032290, -6.349999999999997868, 5.596587704536124086 ) ) ;
#1512 = CARTESIAN_POINT ( 'NONE',  ( 9.216837882138676719, -0.7499999999999994449, -2.116026779451973816 ) ) ;
#1513 =( BOUNDED_SURFACE ( )  B_SPLINE_SURFACE ( 3, 1, ( 
 ( #8458, #8413 ),
 ( #1795, #2537 ),
 ( #6313, #7002 ),
 ( #7731, #7043 ) ),
 .UNSPECIFIED., .F., .F., .T. ) 
 B_SPLINE_SURFACE_WITH_KNOTS ( ( 4, 4 ),
 ( 2, 2 ),
 ( 0.000000000000000000, 1.000000000000000000 ),
 ( 0.000000000000000000, 1.000000000000000000 ),
 .UNSPECIFIED. ) 
 GEOMETRIC_REPRESENTATION_ITEM ( )  RATIONAL_B_SPLINE_SURFACE ( (
 ( 1.000000000000000000, 1.000000000000000000),
 ( 0.8048096403827855738, 0.8048096403827855738),
 ( 0.8048096403827855738, 0.8048096403827855738),
 ( 1.000000000000000000, 1.000000000000000000) ) ) 
 REPRESENTATION_ITEM ( '' )  SURFACE ( )  );
#1514 = CARTESIAN_POINT ( 'NONE',  ( -2.733123488130822842, -1.249999999999999334, -5.746563553755524190 ) ) ;
#1515 = VECTOR ( 'NONE', #7590, 1000.000000000000000 ) ;
#1516 = CARTESIAN_POINT ( 'NONE',  ( -9.598094096451644575, -0.9246593638277795790, 1.990127991411593023 ) ) ;
#1517 = VERTEX_POINT ( 'NONE', #3565 ) ;
#1518 = CARTESIAN_POINT ( 'NONE',  ( 5.011613332058265868, -0.7499999999996128652, 5.011343840190009225 ) ) ;
#1519 = DIRECTION ( 'NONE',  ( -0.000000000000000000, -1.000000000000000000, -0.000000000000000000 ) ) ;
#1520 = LINE ( 'NONE', #3526, #4234 ) ;
#1521 = EDGE_CURVE ( 'NONE', #6325, #3988, #1167, .T. ) ;
#1522 = CARTESIAN_POINT ( 'NONE',  ( -8.779380792811963374, -0.8043540949608437574, -2.264314106057223164 ) ) ;
#1523 = VECTOR ( 'NONE', #705, 1000.000000000000000 ) ;
#1524 = FACE_OUTER_BOUND ( 'NONE', #7674, .T. ) ;
#1525 = ORIENTED_EDGE ( 'NONE', *, *, #453, .T. ) ;
#1526 = DIRECTION ( 'NONE',  ( 1.000000000000000000, 0.000000000000000000, 0.000000000000000000 ) ) ;
#1527 = B_SPLINE_CURVE_WITH_KNOTS ( 'NONE', 3,
 ( #4536, #2582, #5231, #7857, #1923, #848, #176, #4140, #2186, #136, #4701, #6728, #4224, #1530 ),
 .UNSPECIFIED., .F., .F.,
 ( 4, 2, 2, 2, 2, 2, 4 ),
 ( 0.000000000000000000, 0.0003474869847659709031, 0.0006949739695319418062, 0.001389947939063887299, 0.002084921908595832683, 0.002432408893361806025, 0.002779895878127779368 ),
 .UNSPECIFIED. ) ;
#1528 = CARTESIAN_POINT ( 'NONE',  ( -9.642852424229911179, -1.030008899707533176, -2.054607589228453435 ) ) ;
#1529 = AXIS2_PLACEMENT_3D ( 'NONE', #8316, #7758, #8225 ) ;
#1530 = CARTESIAN_POINT ( 'NONE',  ( 5.774854870387789774, -1.249999999999999778, 2.275387937340419775 ) ) ;
#1531 = CARTESIAN_POINT ( 'NONE',  ( 6.242133488726660850, -0.7500000000000000000, -2.801489193990805315 ) ) ;
#1532 = EDGE_CURVE ( 'NONE', #3589, #4317, #6927, .T. ) ;
#1533 = CARTESIAN_POINT ( 'NONE',  ( 0.8767189974235506389, -0.7604443519486170366, 9.151711569842911231 ) ) ;
#1534 = VERTEX_POINT ( 'NONE', #1687 ) ;
#1535 = VECTOR ( 'NONE', #1262, 1000.000000000000000 ) ;
#1536 = CARTESIAN_POINT ( 'NONE',  ( 9.678273776526070904, -1.177244336753325848, -2.105145129612244315 ) ) ;
#1537 = EDGE_LOOP ( 'NONE', ( #803, #7685, #5080, #4200 ) ) ;
#1538 = CARTESIAN_POINT ( 'NONE',  ( -9.935855655966872035, -1.249999999999999778, -1.651354423408139427 ) ) ;
#1539 = CARTESIAN_POINT ( 'NONE',  ( -0.7271087643984648352, -1.115158368669928235, -9.563317320624394213 ) ) ;
#1540 = DIRECTION ( 'NONE',  ( 0.000000000000000000, 0.000000000000000000, 1.000000000000000000 ) ) ;
#1541 = CARTESIAN_POINT ( 'NONE',  ( 2.555000000000000160, 6.349999999999999645, -2.555000000000000160 ) ) ;
#1542 = ORIENTED_EDGE ( 'NONE', *, *, #5667, .F. ) ;
#1543 = EDGE_LOOP ( 'NONE', ( #7717, #6474, #433, #3214 ) ) ;
#1544 = CARTESIAN_POINT ( 'NONE',  ( 0.000000000000000000, -0.7499999999999997780, 0.000000000000000000 ) ) ;
#1545 = CARTESIAN_POINT ( 'NONE',  ( 6.088326899293918792, -0.7777511574428108698, 0.8083268992939101061 ) ) ;
#1546 = VECTOR ( 'NONE', #1897, 1000.000000000000000 ) ;
#1547 = ADVANCED_FACE ( 'NONE', ( #5553 ), #373, .T. ) ;
#1548 = CARTESIAN_POINT ( 'NONE',  ( -2.045745706930395258, -1.012903214276670738, 9.636682573286050157 ) ) ;
#1549 = CARTESIAN_POINT ( 'NONE',  ( -5.731101953626557943, -0.7499999999999916733, 2.839101664853453055 ) ) ;
#1550 = CARTESIAN_POINT ( 'NONE',  ( 9.642852424230081709, -1.030008899707529846, -2.054607589228489850 ) ) ;
#1551 = LINE ( 'NONE', #6743, #2651 ) ;
#1552 = CARTESIAN_POINT ( 'NONE',  ( -9.299109199783138990, -0.7499999999999997780, -2.105145129612210120 ) ) ;
#1553 = ORIENTED_EDGE ( 'NONE', *, *, #6427, .F. ) ;
#1554 = CARTESIAN_POINT ( 'NONE',  ( 10.20694509942402917, -1.249999999999999778, 2.105145129612199018 ) ) ;
#1555 = CARTESIAN_POINT ( 'NONE',  ( 9.678354296802043066, -0.7499999999999997780, -2.105145129612243871 ) ) ;
#1556 = EDGE_CURVE ( 'NONE', #7757, #6477, #3703, .T. ) ;
#1557 = CARTESIAN_POINT ( 'NONE',  ( 2.275847463787754599, -0.9888798318991814940, -5.828971210989773333 ) ) ;
#1558 = ORIENTED_EDGE ( 'NONE', *, *, #792, .T. ) ;
#1559 = CARTESIAN_POINT ( 'NONE',  ( 9.229312846153334249, -0.7500000000000000000, 0.9226821440615168290 ) ) ;
#1560 = CARTESIAN_POINT ( 'NONE',  ( -9.344284074950605756, -0.7499999999999997780, 1.605145129612305377 ) ) ;
#1561 = FACE_OUTER_BOUND ( 'NONE', #4875, .T. ) ;
#1562 = CARTESIAN_POINT ( 'NONE',  ( -4.607653647928460071E-14, -0.7499999999999997780, -12.69999999999999929 ) ) ;
#1563 = CARTESIAN_POINT ( 'NONE',  ( 0.5853924772788094977, -6.349999999999998757, -9.530431722890568835 ) ) ;
#1564 = VECTOR ( 'NONE', #3912, 1000.000000000000114 ) ;
#1565 = CARTESIAN_POINT ( 'NONE',  ( -9.008710553930281861, -6.349999999999999645, 2.329991424587440907 ) ) ;
#1566 = DIRECTION ( 'NONE',  ( -0.000000000000000000, -1.000000000000000000, -0.000000000000000000 ) ) ;
#1567 = CARTESIAN_POINT ( 'NONE',  ( -2.117095500974273570, -6.349999999999997868, 9.214819771646874713 ) ) ;
#1568 = ORIENTED_EDGE ( 'NONE', *, *, #4940, .F. ) ;
#1569 = VECTOR ( 'NONE', #4029, 1000.000000000000000 ) ;
#1570 = DIRECTION ( 'NONE',  ( 0.000000000000000000, 0.000000000000000000, -1.000000000000000000 ) ) ;
#1571 = CARTESIAN_POINT ( 'NONE',  ( -3.090000000000000302, 6.349999999999999645, -2.555000000000000160 ) ) ;
#1572 = CARTESIAN_POINT ( 'NONE',  ( 5.451970297326973913, -0.7499999999999997780, -4.708982103987832346 ) ) ;
#1573 = CARTESIAN_POINT ( 'NONE',  ( -5.774854870387789774, -1.249999999999999778, 0.000000000000000000 ) ) ;
#1574 = VECTOR ( 'NONE', #6857, 1000.000000000000000 ) ;
#1575 = CARTESIAN_POINT ( 'NONE',  ( 9.502382524911750394, -0.7954488551885442460, -1.849310218122123706 ) ) ;
#1576 = ORIENTED_EDGE ( 'NONE', *, *, #4777, .T. ) ;
#1577 = CARTESIAN_POINT ( 'NONE',  ( 2.291782914460518406, -1.249999999999999778, -9.021228600866859182 ) ) ;
#1578 = EDGE_CURVE ( 'NONE', #3418, #764, #6538, .T. ) ;
#1579 = VECTOR ( 'NONE', #5163, 1000.000000000000000 ) ;
#1580 = CARTESIAN_POINT ( 'NONE',  ( 5.733375119277651422, -6.349999999999999645, 2.817950144712887184 ) ) ;
#1581 = CARTESIAN_POINT ( 'NONE',  ( 5.774908376104342267, -1.249999999999999778, 0.6191424365563067411 ) ) ;
#1582 = B_SPLINE_CURVE_WITH_KNOTS ( 'NONE', 3,
 ( #6634, #4090, #7362, #3438, #6072, #7321 ),
 .UNSPECIFIED., .F., .F.,
 ( 4, 2, 4 ),
 ( -4.586548352871322573E-06, 0.0003999856567045180218, 0.0008045578617619072916 ),
 .UNSPECIFIED. ) ;
#1583 = ORIENTED_EDGE ( 'NONE', *, *, #2019, .F. ) ;
#1584 = CARTESIAN_POINT ( 'NONE',  ( 2.192387404589939415, -0.7499999999999997780, -8.527837839788524832 ) ) ;
#1585 = DIRECTION ( 'NONE',  ( 0.000000000000000000, 0.000000000000000000, 1.000000000000000000 ) ) ;
#1586 = CARTESIAN_POINT ( 'NONE',  ( -1.605145129612111754, -0.7499999999999996669, 9.344284074950470753 ) ) ;
#1587 = VECTOR ( 'NONE', #1379, 1000.000000000000000 ) ;
#1588 = EDGE_LOOP ( 'NONE', ( #4938, #8293, #2888, #6443 ) ) ;
#1589 = CARTESIAN_POINT ( 'NONE',  ( 9.848401443176310721, -0.9799077932450641626, 1.647799883371347196 ) ) ;
#1590 = CARTESIAN_POINT ( 'NONE',  ( -5.774854870387787997, -1.117978668406473197, -2.275387937340419775 ) ) ;
#1591 = ORIENTED_EDGE ( 'NONE', *, *, #4419, .F. ) ;
#1592 = EDGE_CURVE ( 'NONE', #6481, #3966, #929, .T. ) ;
#1593 = EDGE_CURVE ( 'NONE', #6684, #4317, #7199, .T. ) ;
#1594 = CARTESIAN_POINT ( 'NONE',  ( -4.700457728588464335, -6.349999999999999645, 4.798015527854608386 ) ) ;
#1595 = CARTESIAN_POINT ( 'NONE',  ( -8.610716238940970158, -0.7499999999999998890, 1.995088011118161475 ) ) ;
#1596 = CARTESIAN_POINT ( 'NONE',  ( -9.089434105022057508, -0.7499999999999997780, 2.188081452910637825 ) ) ;
#1597 = ORIENTED_EDGE ( 'NONE', *, *, #6817, .F. ) ;
#1598 = ORIENTED_EDGE ( 'NONE', *, *, #8178, .T. ) ;
#1599 = EDGE_CURVE ( 'NONE', #5191, #1447, #1491, .T. ) ;
#1600 = CARTESIAN_POINT ( 'NONE',  ( -9.025180162734493194, -6.349999999999999645, -2.277684824991589529 ) ) ;
#1601 = CARTESIAN_POINT ( 'NONE',  ( -2.389335515751903838, -1.249999999999999778, 5.772919569475154056 ) ) ;
#1602 = CARTESIAN_POINT ( 'NONE',  ( 0.8719454749705748409, -0.8501667073564480592, -5.967581381844795807 ) ) ;
#1603 = CARTESIAN_POINT ( 'NONE',  ( 2.390870653623448305, -1.249999999999999778, 5.773023997030095167 ) ) ;
#1604 = CARTESIAN_POINT ( 'NONE',  ( 9.416551571812659560, -6.350000000000000533, -0.4948900776558766701 ) ) ;
#1605 = CARTESIAN_POINT ( 'NONE',  ( 9.133801937669206339, -0.7499999999999997780, 0.9351698475238275909 ) ) ;
#1606 = CARTESIAN_POINT ( 'NONE',  ( -4.749987219571051966, -1.249999999999999778, 4.749987219571150554 ) ) ;
#1607 = CARTESIAN_POINT ( 'NONE',  ( -2.178223217047476901, -6.349999999999999645, 9.102212355749955464 ) ) ;
#1608 = CARTESIAN_POINT ( 'NONE',  ( -9.286119137480383756, -0.7499999999999997780, -1.605145129612210342 ) ) ;
#1609 = LINE ( 'NONE', #7583, #1798 ) ;
#1610 = CARTESIAN_POINT ( 'NONE',  ( -2.467562294700925030, -6.349999999999999645, -5.771808120863290092 ) ) ;
#1611 = B_SPLINE_CURVE_WITH_KNOTS ( 'NONE', 3,
 ( #2414, #2367, #6947, #5575, #2319, #7592 ),
 .UNSPECIFIED., .F., .F.,
 ( 4, 2, 4 ),
 ( -1.936050726442500180E-05, 0.0003751530359357212272, 0.0007696665791358675308 ),
 .UNSPECIFIED. ) ;
#1612 = DIRECTION ( 'NONE',  ( -0.000000000000000000, -1.000000000000000000, -0.000000000000000000 ) ) ;
#1613 = CARTESIAN_POINT ( 'NONE',  ( 0.8000603714659768606, -1.119125838055411659, 5.787868623083253894 ) ) ;
#1614 = ORIENTED_EDGE ( 'NONE', *, *, #274, .T. ) ;
#1615 = CARTESIAN_POINT ( 'NONE',  ( 2.188037235424562077, -1.250000000000000000, -9.089382670993664703 ) ) ;
#1616 = CARTESIAN_POINT ( 'NONE',  ( -0.9948548703877909682, -0.7499999999999997780, -6.274854870387789774 ) ) ;
#1617 = DIRECTION ( 'NONE',  ( 0.000000000000000000, -0.000000000000000000, 1.000000000000000000 ) ) ;
#1618 = DIRECTION ( 'NONE',  ( 1.156482317317871331E-15, 0.000000000000000000, 1.000000000000000000 ) ) ;
#1619 = ORIENTED_EDGE ( 'NONE', *, *, #7182, .F. ) ;
#1620 = ORIENTED_EDGE ( 'NONE', *, *, #7097, .F. ) ;
#1621 = CARTESIAN_POINT ( 'NONE',  ( -0.9948548703876936017, -0.7499999999999996669, 9.115647332695267835 ) ) ;
#1622 = CARTESIAN_POINT ( 'NONE',  ( 5.008549905334578334, -0.7499999999999997780, -5.195734694948616728 ) ) ;
#1623 = CARTESIAN_POINT ( 'NONE',  ( -2.105145129612103982, -1.224858571264064722, 9.678273618406624479 ) ) ;
#1624 = CARTESIAN_POINT ( 'NONE',  ( -5.419333493116958778, -0.7500000000000581757, 3.830157643573860682 ) ) ;
#1625 = ADVANCED_FACE ( 'NONE', ( #1821 ), #2560, .F. ) ;
#1626 = ORIENTED_EDGE ( 'NONE', *, *, #4553, .T. ) ;
#1627 = DIRECTION ( 'NONE',  ( -0.000000000000000000, -1.000000000000000000, -0.000000000000000000 ) ) ;
#1628 = ORIENTED_EDGE ( 'NONE', *, *, #7615, .T. ) ;
#1629 = CARTESIAN_POINT ( 'NONE',  ( 9.728368110342708874, -0.8691362217318037153, 1.640970120572341484 ) ) ;
#1630 = CARTESIAN_POINT ( 'NONE',  ( -9.200383261364851961, -0.7499999999999998890, -1.610302168003647560 ) ) ;
#1631 = ADVANCED_FACE ( 'NONE', ( #7794 ), #6507, .T. ) ;
#1632 = CARTESIAN_POINT ( 'NONE',  ( -2.275387937340359823, -1.249999999999999778, 5.774854870387812866 ) ) ;
#1633 = VERTEX_POINT ( 'NONE', #7188 ) ;
#1634 = CARTESIAN_POINT ( 'NONE',  ( -9.271312359572148054, -0.7499999999999997780, -2.106590435890806301 ) ) ;
#1635 = ORIENTED_EDGE ( 'NONE', *, *, #5858, .F. ) ;
#1636 = ORIENTED_EDGE ( 'NONE', *, *, #6407, .F. ) ;
#1637 = CARTESIAN_POINT ( 'NONE',  ( -0.4948548703877281296, -6.349999999999999645, 6.074809178934714282 ) ) ;
#1638 = CARTESIAN_POINT ( 'NONE',  ( 2.495065244581135211, -1.249999999999999778, 5.770106042936606450 ) ) ;
#1639 = CARTESIAN_POINT ( 'NONE',  ( -3.830164468702744518, -0.7500000000000001110, 5.419322549670559042 ) ) ;
#1640 = DIRECTION ( 'NONE',  ( 0.000000000000000000, 0.000000000000000000, -1.000000000000000000 ) ) ;
#1641 = CARTESIAN_POINT ( 'NONE',  ( -2.105145129612326915, -0.7499999999999997780, 4.853065379533336231E-14 ) ) ;
#1642 = CARTESIAN_POINT ( 'NONE',  ( 9.271102943336666513, -6.349999999999999645, -0.4948548703878239419 ) ) ;
#1643 = CARTESIAN_POINT ( 'NONE',  ( 9.151065285183651810, -0.7500000350307102215, 0.9482765591599933153 ) ) ;
#1644 = CARTESIAN_POINT ( 'NONE',  ( -4.985444198140551286, -1.249999999999999778, 4.491787385390128229 ) ) ;
#1645 = ADVANCED_FACE ( 'NONE', ( #7106 ), #1305, .T. ) ;
#1646 = CARTESIAN_POINT ( 'NONE',  ( -3.090000000000000302, -6.349999999999999645, -2.555000000000000160 ) ) ;
#1647 = ORIENTED_EDGE ( 'NONE', *, *, #4553, .F. ) ;
#1648 = CARTESIAN_POINT ( 'NONE',  ( 9.563309819739387763, -0.7499999999999997780, -0.7270764054875576976 ) ) ;
#1649 = CARTESIAN_POINT ( 'NONE',  ( 9.678354296802050172, -0.7499999999999997780, 2.105145129612205235 ) ) ;
#1650 = VECTOR ( 'NONE', #1874, 1000.000000000000000 ) ;
#1651 = CARTESIAN_POINT ( 'NONE',  ( 5.745157821363663153, -6.350000000000000533, -2.733715753512684810 ) ) ;
#1652 = EDGE_CURVE ( 'NONE', #6568, #5569, #6523, .T. ) ;
#1653 = CARTESIAN_POINT ( 'NONE',  ( 0.8639807922806476137, -0.7630137179688573079, 6.222505239144937583 ) ) ;
#1654 = ORIENTED_EDGE ( 'NONE', *, *, #4951, .F. ) ;
#1655 = FACE_OUTER_BOUND ( 'NONE', #5319, .T. ) ;
#1656 = CARTESIAN_POINT ( 'NONE',  ( 5.756667557643673661, -6.350000000000001421, 2.632753243385812514 ) ) ;
#1657 = CARTESIAN_POINT ( 'NONE',  ( 5.774854870387792438, -6.349999999999999645, 0.7948091789347090375 ) ) ;
#1658 = VERTEX_POINT ( 'NONE', #3261 ) ;
#1659 = ORIENTED_EDGE ( 'NONE', *, *, #540, .T. ) ;
#1660 = CARTESIAN_POINT ( 'NONE',  ( -0.9948548703876936017, -0.7499999999999996669, 9.115647332695267835 ) ) ;
#1661 = CARTESIAN_POINT ( 'NONE',  ( 3.340952568879816287, -6.349999999999999645, -5.613350853446075206 ) ) ;
#1662 = CARTESIAN_POINT ( 'NONE',  ( 2.188426484021876561, -1.249999999999999778, 9.088981355127469186 ) ) ;
#1663 = CARTESIAN_POINT ( 'NONE',  ( -5.048101527905535235, -0.7500000000000864864, 4.413611482645585227 ) ) ;
#1664 = AXIS2_PLACEMENT_3D ( 'NONE', #8291, #6223, #3638 ) ;
#1665 = ORIENTED_EDGE ( 'NONE', *, *, #1593, .F. ) ;
#1666 = CARTESIAN_POINT ( 'NONE',  ( 2.194991654270541659, -6.350000000000000533, -9.083922598327573539 ) ) ;
#1667 = VERTEX_POINT ( 'NONE', #6586 ) ;
#1668 = CARTESIAN_POINT ( 'NONE',  ( 1.042055164444853001E-14, -1.249999999999999778, 0.9948548703877909682 ) ) ;
#1669 = FACE_OUTER_BOUND ( 'NONE', #5259, .T. ) ;
#1670 = ORIENTED_EDGE ( 'NONE', *, *, #4616, .T. ) ;
#1671 = CIRCLE ( 'NONE', #2784, 3.219854870387794055 ) ;
#1672 = ADVANCED_FACE ( 'NONE', ( #6458 ), #7401, .F. ) ;
#1673 = ORIENTED_EDGE ( 'NONE', *, *, #6714, .T. ) ;
#1674 = CARTESIAN_POINT ( 'NONE',  ( -0.4948548703877285737, -1.249999999999999778, 6.074854870387793149 ) ) ;
#1675 = CARTESIAN_POINT ( 'NONE',  ( 1.648499996500058851, -1.012903213348994358, 9.865217305540172177 ) ) ;
#1676 = CARTESIAN_POINT ( 'NONE',  ( 6.274854870387781780, -0.7499999999999997780, -2.279351210769174685 ) ) ;
#1677 = DIRECTION ( 'NONE',  ( 0.7071067811865473507, -0.000000000000000000, -0.7071067811865477948 ) ) ;
#1678 = CARTESIAN_POINT ( 'NONE',  ( -9.119388930575615504, -0.7499999999999997780, 1.624156152967130229 ) ) ;
#1679 = ORIENTED_EDGE ( 'NONE', *, *, #4506, .T. ) ;
#1680 = VERTEX_POINT ( 'NONE', #3913 ) ;
#1681 = CARTESIAN_POINT ( 'NONE',  ( -9.014118416197110406, -6.349999999999999645, -2.312816342313107398 ) ) ;
#1682 = CARTESIAN_POINT ( 'NONE',  ( 2.252437811466490913, -1.249999999999999778, 5.775218723744992566 ) ) ;
#1683 = EDGE_CURVE ( 'NONE', #2328, #5450, #1223, .T. ) ;
#1684 = CARTESIAN_POINT ( 'NONE',  ( -4.320775847865500729, -1.249999999999999778, 5.117390565118814294 ) ) ;
#1685 = CARTESIAN_POINT ( 'NONE',  ( 0.7948548703877718058, -1.249999999999999778, -5.774854870387792438 ) ) ;
#1686 = CARTESIAN_POINT ( 'NONE',  ( -15.55634918610404682, -6.349999999999999645, 2.121320343559641941 ) ) ;
#1687 = CARTESIAN_POINT ( 'NONE',  ( 5.774854870387787109, -1.249999999999999778, -0.7948320246612696760 ) ) ;
#1688 = CARTESIAN_POINT ( 'NONE',  ( 9.151711569842726490, -0.7604443519486109304, 0.8767189974235656269 ) ) ;
#1689 = CARTESIAN_POINT ( 'NONE',  ( 9.935855655966872035, -1.249999999999999778, 1.651354423408139427 ) ) ;
#1690 = CARTESIAN_POINT ( 'NONE',  ( 0.000000000000000000, -0.7499999999999997780, 0.000000000000000000 ) ) ;
#1691 = ORIENTED_EDGE ( 'NONE', *, *, #4663, .T. ) ;
#1692 = LINE ( 'NONE', #1648, #4716 ) ;
#1693 = ADVANCED_FACE ( 'NONE', ( #5255 ), #8279, .F. ) ;
#1694 = EDGE_CURVE ( 'NONE', #1849, #3477, #846, .T. ) ;
#1695 = CARTESIAN_POINT ( 'NONE',  ( -2.291782913166362068, -0.7499999999999997780, 9.021228597965881946 ) ) ;
#1696 = CARTESIAN_POINT ( 'NONE',  ( -5.730045052952281281, -1.249999999999999334, -2.845257817648666254 ) ) ;
#1697 = CARTESIAN_POINT ( 'NONE',  ( -2.148101959711775866, -1.249999999999999778, -9.140953809069202407 ) ) ;
#1698 = FACE_OUTER_BOUND ( 'NONE', #2191, .T. ) ;
#1699 = CARTESIAN_POINT ( 'NONE',  ( 9.678273618406736389, -1.224858571264065166, -2.105145129612243871 ) ) ;
#1700 = AXIS2_PLACEMENT_3D ( 'NONE', #5133, #1834, #3670 ) ;
#1701 = CARTESIAN_POINT ( 'NONE',  ( 0.8941311286846119755, -0.8131067495198565087, 6.023045516129841737 ) ) ;
#1702 = ORIENTED_EDGE ( 'NONE', *, *, #6943, .F. ) ;
#1703 = DIRECTION ( 'NONE',  ( -0.000000000000000000, -1.000000000000000000, -0.000000000000000000 ) ) ;
#1704 = ADVANCED_FACE ( 'NONE', ( #4584 ), #2588, .T. ) ;
#1705 = DIRECTION ( 'NONE',  ( 0.000000000000000000, 0.000000000000000000, -1.000000000000000000 ) ) ;
#1706 = ORIENTED_EDGE ( 'NONE', *, *, #7317, .T. ) ;
#1707 = ORIENTED_EDGE ( 'NONE', *, *, #401, .T. ) ;
#1708 = AXIS2_PLACEMENT_3D ( 'NONE', #7363, #2004, #3314 ) ;
#1709 = CARTESIAN_POINT ( 'NONE',  ( 1.653639719517049283E-16, -7.589999999999999858, -3.469446951953614189E-15 ) ) ;
#1710 = LINE ( 'NONE', #4368, #2271 ) ;
#1711 = CARTESIAN_POINT ( 'NONE',  ( -0.5853924772778812402, -1.249999999999999778, 9.530431722889428414 ) ) ;
#1712 = CARTESIAN_POINT ( 'NONE',  ( -5.718890084838164967, -6.349999999999999645, 2.901675761611808735 ) ) ;
#1713 = VERTEX_POINT ( 'NONE', #4668 ) ;
#1714 = CARTESIAN_POINT ( 'NONE',  ( -4.163775357382836440, -6.349999999999999645, 5.223832818756100949 ) ) ;
#1715 = CARTESIAN_POINT ( 'NONE',  ( 1.651354423408143424, -6.349999999999999645, 9.935855655966872035 ) ) ;
#1716 = CIRCLE ( 'NONE', #632, 2.100000000000000977 ) ;
#1717 = ORIENTED_EDGE ( 'NONE', *, *, #7742, .T. ) ;
#1718 = ORIENTED_EDGE ( 'NONE', *, *, #228, .F. ) ;
#1719 = CARTESIAN_POINT ( 'NONE',  ( 1.989444689662660748, -13.53597339375324005, -2.410851717356331303 ) ) ;
#1720 = LINE ( 'NONE', #4379, #3655 ) ;
#1721 = CIRCLE ( 'NONE', #7672, 3.219854870387946377 ) ;
#1722 = CARTESIAN_POINT ( 'NONE',  ( -9.073837464952680065, -0.7499999999999997780, 1.636167128121386982 ) ) ;
#1723 = CARTESIAN_POINT ( 'NONE',  ( -4.671032987415570936, -0.7499999999999997780, -4.826706478543465018 ) ) ;
#1724 = CARTESIAN_POINT ( 'NONE',  ( 5.322930905207431174, -1.249999999999999778, -4.003097679131870201 ) ) ;
#1725 = ORIENTED_EDGE ( 'NONE', *, *, #5048, .T. ) ;
#1726 = VERTEX_POINT ( 'NONE', #1372 ) ;
#1727 =( GEOMETRIC_REPRESENTATION_CONTEXT ( 3 ) GLOBAL_UNCERTAINTY_ASSIGNED_CONTEXT ( ( #5257 ) ) GLOBAL_UNIT_ASSIGNED_CONTEXT ( ( #697, #4153, #188 ) ) REPRESENTATION_CONTEXT ( 'NONE', 'WORKASPACE' ) );
#1728 = CARTESIAN_POINT ( 'NONE',  ( -4.279101220166660724, -0.7499999999999998890, -5.746626600267696894 ) ) ;
#1729 = DIRECTION ( 'NONE',  ( -1.000000000000000000, 0.000000000000000000, 0.000000000000000000 ) ) ;
#1730 = CARTESIAN_POINT ( 'NONE',  ( -3.312055023987269919, -0.7500000000000001110, 6.146922021385090140 ) ) ;
#1731 = PLANE ( 'NONE',  #8331 ) ;
#1732 = CARTESIAN_POINT ( 'NONE',  ( -5.451970297326918846, -0.7499999999999995559, 4.708982103987891854 ) ) ;
#1733 = B_SPLINE_CURVE_WITH_KNOTS ( 'NONE', 3,
 ( #2715, #3539, #5402, #6735, #4795, #776 ),
 .UNSPECIFIED., .F., .F.,
 ( 4, 2, 4 ),
 ( -4.586548352871115050E-06, 0.0003999856567045178050, 0.0008045578617619070748 ),
 .UNSPECIFIED. ) ;
#1734 = CARTESIAN_POINT ( 'NONE',  ( 0.9948548703877574395, -0.7499999999999997780, -9.115647332695260729 ) ) ;
#1735 = VECTOR ( 'NONE', #7476, 1000.000000000000000 ) ;
#1736 = ADVANCED_FACE ( 'NONE', ( #2667 ), #6610, .T. ) ;
#1737 = CARTESIAN_POINT ( 'NONE',  ( 9.014118416172678394, -1.249999999999999778, -2.312816342378816170 ) ) ;
#1738 = ORIENTED_EDGE ( 'NONE', *, *, #44, .T. ) ;
#1739 = CARTESIAN_POINT ( 'NONE',  ( 2.648042898853951676E-14, -6.349999999999999645, 2.105145129612326915 ) ) ;
#1740 =( BOUNDED_SURFACE ( )  B_SPLINE_SURFACE ( 3, 2, ( 
 ( #876, #5730, #5594 ),
 ( #1601, #4256, #461 ),
 ( #6883, #3037, #2343 ),
 ( #4425, #5083, #4899 ),
 ( #3781, #2298, #7572 ),
 ( #3086, #4986, #8352 ),
 ( #3699, #2938, #6332 ),
 ( #7613, #1639, #7061 ),
 ( #8173, #1092, #7709 ),
 ( #1684, #3651, #7533 ),
 ( #8262, #1051, #956 ),
 ( #1772, #4339, #6282 ),
 ( #4295, #8219, #1133 ),
 ( #2255, #2992, #6970 ) ),
 .UNSPECIFIED., .F., .F., .T. ) 
 B_SPLINE_SURFACE_WITH_KNOTS ( ( 4, 2, 2, 2, 2, 2, 4 ),
 ( 3, 3 ),
 ( 0.006309469902866533114, 0.006709787604513328327, 0.007110105306160123539, 0.007910740709453713965, 0.008711376112747304390, 0.009111693814394101337, 0.009512011516040896550 ),
 ( 0.000000000000000000, 1.000000000000000000 ),
 .UNSPECIFIED. ) 
 GEOMETRIC_REPRESENTATION_ITEM ( )  RATIONAL_B_SPLINE_SURFACE ( (
 ( 1.000000000000000000, 0.7071067811865475727, 1.000000000000000000),
 ( 1.000000000000000000, 0.7071067811865475727, 1.000000000000000000),
 ( 1.000000000000000000, 0.7071067811865475727, 1.000000000000000000),
 ( 1.000000000000000000, 0.7071067811865475727, 1.000000000000000000),
 ( 1.000000000000000000, 0.7071067811865475727, 1.000000000000000000),
 ( 1.000000000000000000, 0.7071067811865475727, 1.000000000000000000),
 ( 1.000000000000000000, 0.7071067811865476838, 1.000000000000000000),
 ( 1.000000000000000000, 0.7071067811865476838, 1.000000000000000000),
 ( 1.000000000000000000, 0.7071067811865470176, 1.000000000000000000),
 ( 1.000000000000000000, 0.7071067811865470176, 1.000000000000000000),
 ( 1.000000000000000000, 0.7071067811865475727, 1.000000000000000000),
 ( 1.000000000000000000, 0.7071067811865475727, 1.000000000000000000),
 ( 1.000000000000000000, 0.7071067811865475727, 1.000000000000000000),
 ( 1.000000000000000000, 0.7071067811865475727, 1.000000000000000000) ) ) 
 REPRESENTATION_ITEM ( '' )  SURFACE ( )  );
#1741 = CARTESIAN_POINT ( 'NONE',  ( 2.555000000000000160, -6.349999999999999645, 2.555000000000000160 ) ) ;
#1742 = CARTESIAN_POINT ( 'NONE',  ( -2.846498317571605874, -6.349999999999999645, -5.729727507366512818 ) ) ;
#1743 = CARTESIAN_POINT ( 'NONE',  ( -0.4948548703878432597, -1.249999999999999778, 9.271102943336714475 ) ) ;
#1744 = ADVANCED_FACE ( 'NONE', ( #690 ), #3806, .F. ) ;
#1745 = DIRECTION ( 'NONE',  ( 0.000000000000000000, 1.000000000000000000, 0.000000000000000000 ) ) ;
#1746 = LINE ( 'NONE', #2312, #5872 ) ;
#1747 = VERTEX_POINT ( 'NONE', #8017 ) ;
#1748 = CARTESIAN_POINT ( 'NONE',  ( 2.348482047969584485, -0.7499999999999997780, -9.002888471517007218 ) ) ;
#1749 = CARTESIAN_POINT ( 'NONE',  ( 5.967581381844789590, -0.8501667073564480592, -0.8719454749706151420 ) ) ;
#1750 = ORIENTED_EDGE ( 'NONE', *, *, #2967, .F. ) ;
#1751 = CARTESIAN_POINT ( 'NONE',  ( -2.253406097969767874, -1.249999999999999778, -9.039649584638606683 ) ) ;
#1752 = CARTESIAN_POINT ( 'NONE',  ( 4.615838004787268467, -1.249999999999999778, -4.880070523796590898 ) ) ;
#1753 = CARTESIAN_POINT ( 'NONE',  ( 9.008710553930306730, -1.249999999999999778, 2.329991424587344095 ) ) ;
#1754 = CARTESIAN_POINT ( 'NONE',  ( -0.6191424365563035215, -1.249999999999999778, -5.774908376104344043 ) ) ;
#1755 = ORIENTED_EDGE ( 'NONE', *, *, #5694, .T. ) ;
#1756 = CARTESIAN_POINT ( 'NONE',  ( -2.275387937340425104, -1.249999999999999778, -5.774854870387789774 ) ) ;
#1757 = EDGE_CURVE ( 'NONE', #3013, #6732, #8102, .T. ) ;
#1758 = LINE ( 'NONE', #4970, #4310 ) ;
#1759 = CARTESIAN_POINT ( 'NONE',  ( 2.105145129612212340, -6.349999999999999645, 9.678354296802050172 ) ) ;
#1760 = ORIENTED_EDGE ( 'NONE', *, *, #3047, .T. ) ;
#1761 = ORIENTED_EDGE ( 'NONE', *, *, #4574, .F. ) ;
#1762 = B_SPLINE_CURVE_WITH_KNOTS ( 'NONE', 3,
 ( #8140, #6120, #2220, #7495, #1567, #6848, #925, #7540, #1607, #4262, #3569, #8101, #4177, #6201, #964, #6043 ),
 .UNSPECIFIED., .F., .F.,
 ( 4, 1, 2, 2, 2, 1, 2, 2, 4 ),
 ( 0.000000000000000000, 0.1249999999999721612, 0.1874999999999650280, 0.2499999999999579225, 0.4999999999999630296, 0.6249999999999664713, 0.6874999999999694689, 0.7499999999999723554, 1.000000000000000000 ),
 .UNSPECIFIED. ) ;
#1763 = CARTESIAN_POINT ( 'NONE',  ( 1.832026341415066151, -13.91182774733797167, -2.535190168327930760 ) ) ;
#1764 = CARTESIAN_POINT ( 'NONE',  ( 9.074356132575625011, -0.7499999999999996669, 1.636022343700566095 ) ) ;
#1765 = DIRECTION ( 'NONE',  ( 8.659560562354926695E-17, -0.7071067811865482389, 0.7071067811865469066 ) ) ;
#1766 = EDGE_CURVE ( 'NONE', #5885, #3418, #918, .T. ) ;
#1767 = ORIENTED_EDGE ( 'NONE', *, *, #5945, .F. ) ;
#1768 = CARTESIAN_POINT ( 'NONE',  ( -4.924073004895028305, -0.7499999999999997780, -5.275441736259344871 ) ) ;
#1769 = CARTESIAN_POINT ( 'NONE',  ( -2.105145129612210120, -6.349999999999999645, 0.000000000000000000 ) ) ;
#1770 = CARTESIAN_POINT ( 'NONE',  ( -0.4948548703877281296, -1.249999999999999778, 6.074809178934714282 ) ) ;
#1771 = CARTESIAN_POINT ( 'NONE',  ( -6.274854870387789774, -0.7499999999999996669, -0.9948548703877923005 ) ) ;
#1772 = CARTESIAN_POINT ( 'NONE',  ( -4.593177320052576285, -1.249999999999999778, 4.900310936082175495 ) ) ;
#1773 = CARTESIAN_POINT ( 'NONE',  ( 6.048839404345904308E-14, -0.7499999999999997780, 5.774854870387789774 ) ) ;
#1774 = CARTESIAN_POINT ( 'NONE',  ( -9.598095213971651773, -0.9246613669703027671, -1.990129613247615170 ) ) ;
#1775 = CARTESIAN_POINT ( 'NONE',  ( 9.541911710230570165, -0.7538257325404321696, 1.727175184591358992 ) ) ;
#1776 = CARTESIAN_POINT ( 'NONE',  ( -5.633653610058493300, -6.349999999999999645, 3.273201351990707053 ) ) ;
#1777 = FACE_OUTER_BOUND ( 'NONE', #7998, .T. ) ;
#1778 = VERTEX_POINT ( 'NONE', #7855 ) ;
#1779 = CARTESIAN_POINT ( 'NONE',  ( -9.678354296802050172, -6.349999999999999645, -2.105145129612207455 ) ) ;
#1780 = LINE ( 'NONE', #3790, #4159 ) ;
#1781 = ADVANCED_FACE ( 'NONE', ( #2702 ), #4532, .T. ) ;
#1782 = CARTESIAN_POINT ( 'NONE',  ( -5.769407445484635133, -1.250000000000000000, -2.505816893125869527 ) ) ;
#1783 = CARTESIAN_POINT ( 'NONE',  ( 0.5254370801672746394, -1.051235928158971822, -9.484758676380863562 ) ) ;
#1784 = CARTESIAN_POINT ( 'NONE',  ( 5.752264205471703029, -6.350000000000001421, -2.676406560088307351 ) ) ;
#1785 = CARTESIAN_POINT ( 'NONE',  ( 10.10406192414177262, -0.9501741689381443257, -2.047585740925002895 ) ) ;
#1786 = CARTESIAN_POINT ( 'NONE',  ( -9.342476856437501809, -0.8005384068327892066, 0.8543982456129870506 ) ) ;
#1787 = VERTEX_POINT ( 'NONE', #1920 ) ;
#1788 =( BOUNDED_CURVE ( )  B_SPLINE_CURVE ( 3, ( #6595, #5306, #5345, #6548 ),
 .UNSPECIFIED., .F., .T. ) 
 B_SPLINE_CURVE_WITH_KNOTS ( ( 4, 4 ),
 ( 4.040999222087606313, 5.383778738681296083 ),
 .UNSPECIFIED. ) 
 CURVE ( )  GEOMETRIC_REPRESENTATION_ITEM ( )  RATIONAL_B_SPLINE_CURVE ( ( 1.000000000000000000, 0.8553052591889788170, 0.8553052591889788170, 1.000000000000000000 ) ) 
 REPRESENTATION_ITEM ( '' )  );
#1789 = CARTESIAN_POINT ( 'NONE',  ( 6.274854870387786221, -0.7499999999999996669, -0.9948548703878133947 ) ) ;
#1790 = AXIS2_PLACEMENT_3D ( 'NONE', #2815, #5475, #3733 ) ;
#1791 = ADVANCED_FACE ( 'NONE', ( #4058 ), #4573, .T. ) ;
#1792 = CARTESIAN_POINT ( 'NONE',  ( 5.981961651574336791, -0.7499999999999996669, 0.8776975828624109521 ) ) ;
#1793 = CARTESIAN_POINT ( 'NONE',  ( 2.279633664619759248, -0.7499999999999997780, -6.274854870387796879 ) ) ;
#1794 = CARTESIAN_POINT ( 'NONE',  ( -5.195734694948598076, -0.7499999999999998890, -5.008549905334595209 ) ) ;
#1795 = CARTESIAN_POINT ( 'NONE',  ( 0.6191424365563058529, -1.249999999999999778, 5.774908376104342267 ) ) ;
#1796 = ORIENTED_EDGE ( 'NONE', *, *, #4516, .F. ) ;
#1797 = CARTESIAN_POINT ( 'NONE',  ( -4.989759956450524392, -6.350000000000000533, 4.484331724749702097 ) ) ;
#1798 = VECTOR ( 'NONE', #6385, 1000.000000000000000 ) ;
#1799 = CARTESIAN_POINT ( 'NONE',  ( -2.275387937340360267, -1.249999999999999778, 5.774854870387817307 ) ) ;
#1800 = CARTESIAN_POINT ( 'NONE',  ( 2.577815806518497510, -6.350000000000001421, 5.761818502402301867 ) ) ;
#1801 = VERTEX_POINT ( 'NONE', #1365 ) ;
#1802 = EDGE_CURVE ( 'NONE', #3486, #5696, #8342, .T. ) ;
#1803 = ORIENTED_EDGE ( 'NONE', *, *, #4968, .F. ) ;
#1804 = EDGE_CURVE ( 'NONE', #3897, #3342, #624, .T. ) ;
#1805 = EDGE_CURVE ( 'NONE', #7918, #1801, #2870, .T. ) ;
#1806 = LINE ( 'NONE', #8469, #38 ) ;
#1807 = DIRECTION ( 'NONE',  ( -0.000000000000000000, -1.000000000000000000, -0.000000000000000000 ) ) ;
#1808 = AXIS2_PLACEMENT_3D ( 'NONE', #4909, #5560, #7542 ) ;
#1809 = CARTESIAN_POINT ( 'NONE',  ( 8.683291449514584315, -0.7499999999999995559, 1.887435842406414821 ) ) ;
#1810 = CARTESIAN_POINT ( 'NONE',  ( 5.747822304430938445, -0.7499999999999433786, 2.724202520076950851 ) ) ;
#1811 = ORIENTED_EDGE ( 'NONE', *, *, #3226, .T. ) ;
#1812 = CARTESIAN_POINT ( 'NONE',  ( -9.190067605226111880, -6.349999999999999645, 2.123812721427165595 ) ) ;
#1813 = CARTESIAN_POINT ( 'NONE',  ( 5.771808120863281211, -6.349999999999999645, -2.467562294700945014 ) ) ;
#1814 = AXIS2_PLACEMENT_3D ( 'NONE', #3212, #2761, #8165 ) ;
#1815 = ORIENTED_EDGE ( 'NONE', *, *, #3365, .F. ) ;
#1816 = CARTESIAN_POINT ( 'NONE',  ( -2.228527951296502163, -0.7500000000001639799, 8.654304331307312026 ) ) ;
#1817 = CARTESIAN_POINT ( 'NONE',  ( 4.671032987415570936, -0.7499999999999997780, 4.826706478543465018 ) ) ;
#1818 = DIRECTION ( 'NONE',  ( -0.7071067811865474617, 0.000000000000000000, -0.7071067811865474617 ) ) ;
#1819 = ADVANCED_FACE ( 'NONE', ( #6002 ), #4854, .T. ) ;
#1820 = CARTESIAN_POINT ( 'NONE',  ( 2.104147843289954967, -0.7499999999999997780, 9.318289500075394471 ) ) ;
#1821 = FACE_OUTER_BOUND ( 'NONE', #5991, .T. ) ;
#1822 = CARTESIAN_POINT ( 'NONE',  ( 2.247215033733549916, -6.350000000000000533, 9.043753439916697445 ) ) ;
#1823 = AXIS2_PLACEMENT_3D ( 'NONE', #4844, #8163, #6829 ) ;
#1824 = CARTESIAN_POINT ( 'NONE',  ( 9.416551571813759125, -1.249999999999999778, -0.4948900776567995430 ) ) ;
#1825 = CARTESIAN_POINT ( 'NONE',  ( 9.186653874190247038, -6.350000000000000533, -2.126840748795278291 ) ) ;
#1826 = ORIENTED_EDGE ( 'NONE', *, *, #4335, .F. ) ;
#1827 = CARTESIAN_POINT ( 'NONE',  ( 9.286119137429892589, -0.7499999999999997780, -1.605145129612242538 ) ) ;
#1828 = CARTESIAN_POINT ( 'NONE',  ( -9.478524185100301480, -0.7804688004661469725, -1.813340605360869162 ) ) ;
#1829 = CARTESIAN_POINT ( 'NONE',  ( -2.266305910671392532, -1.249999999999999778, 9.032593603681913663 ) ) ;
#1830 = CARTESIAN_POINT ( 'NONE',  ( 4.749987219571101704, -1.249999999999999334, 4.749987219571101704 ) ) ;
#1831 = CARTESIAN_POINT ( 'NONE',  ( -9.416551571812638244, -1.250000000000000000, -0.4948900776560693493 ) ) ;
#1832 = CARTESIAN_POINT ( 'NONE',  ( -4.416687585075180777, -6.349999999999998757, -5.043630362247408350 ) ) ;
#1833 = DIRECTION ( 'NONE',  ( -1.000000000000000000, 0.000000000000000000, 1.047444401652940164E-14 ) ) ;
#1834 = DIRECTION ( 'NONE',  ( 0.000000000000000000, 1.000000000000000000, -0.000000000000000000 ) ) ;
#1835 = ORIENTED_EDGE ( 'NONE', *, *, #6473, .F. ) ;
#1836 = CARTESIAN_POINT ( 'NONE',  ( -6.072953921249830245, -0.7499999999999997780, -3.558419077181315338 ) ) ;
#1837 = VERTEX_POINT ( 'NONE', #5484 ) ;
#1838 = CARTESIAN_POINT ( 'NONE',  ( -9.141921724149289830, -6.350000000000001421, -2.147236052271320972 ) ) ;
#1839 = CARTESIAN_POINT ( 'NONE',  ( 2.212529547783547823, -1.249999999999999334, 9.066882217151974288 ) ) ;
#1840 = VECTOR ( 'NONE', #2345, 1000.000000000000000 ) ;
#1841 = CARTESIAN_POINT ( 'NONE',  ( -2.100000000000000533, -12.84999999999999964, -2.314222331583553061 ) ) ;
#1842 = ORIENTED_EDGE ( 'NONE', *, *, #5882, .T. ) ;
#1843 = CARTESIAN_POINT ( 'NONE',  ( 2.105145129612177257, -6.349999999999999645, -9.299109199783146096 ) ) ;
#1844 = ADVANCED_FACE ( 'NONE', ( #6851 ), #844, .T. ) ;
#1845 = CARTESIAN_POINT ( 'NONE',  ( 1.605145129612209898, -0.7499999999999997780, 9.286119137429906800 ) ) ;
#1846 = CARTESIAN_POINT ( 'NONE',  ( -5.899142436556307878, -6.350000000000001421, -0.4949083761043419627 ) ) ;
#1847 = ORIENTED_EDGE ( 'NONE', *, *, #8311, .F. ) ;
#1848 = AXIS2_PLACEMENT_3D ( 'NONE', #6175, #3457, #1617 ) ;
#1849 = VERTEX_POINT ( 'NONE', #3487 ) ;
#1850 = CARTESIAN_POINT ( 'NONE',  ( -8.527837839788517726, -0.7499999999999997780, -2.192387404589964284 ) ) ;
#1851 = CARTESIAN_POINT ( 'NONE',  ( 1.709619794543982829, -0.7499999999999996669, 9.410623007493708059 ) ) ;
#1852 = CARTESIAN_POINT ( 'NONE',  ( -9.115647332695258953, -0.7499999999999996669, -0.9948548703877886368 ) ) ;
#1853 = CARTESIAN_POINT ( 'NONE',  ( 5.770063376547239997, -0.7500000000000578426, 2.495959201844192066 ) ) ;
#1854 = CIRCLE ( 'NONE', #221, 3.219854870387794055 ) ;
#1855 = VERTEX_POINT ( 'NONE', #7497 ) ;
#1856 = CARTESIAN_POINT ( 'NONE',  ( -4.284926764375917685, -0.7499999999999997780, -5.743488292970940101 ) ) ;
#1857 = ADVANCED_FACE ( 'NONE', ( #289 ), #7415, .F. ) ;
#1858 = CARTESIAN_POINT ( 'NONE',  ( -9.231765510647377937, -0.7499999999999997780, -2.112257217881392979 ) ) ;
#1859 = ORIENTED_EDGE ( 'NONE', *, *, #8351, .T. ) ;
#1860 = ORIENTED_EDGE ( 'NONE', *, *, #428, .T. ) ;
#1861 = DIRECTION ( 'NONE',  ( -0.000000000000000000, -1.000000000000000000, -0.000000000000000000 ) ) ;
#1862 = VECTOR ( 'NONE', #5113, 1000.000000000000000 ) ;
#1863 = CARTESIAN_POINT ( 'NONE',  ( 2.303537776765664624, -0.7499999999999997780, 9.017039927931882914 ) ) ;
#1864 = CARTESIAN_POINT ( 'NONE',  ( -2.105145129612212340, -6.349999999999999645, -9.678354296802050172 ) ) ;
#1865 = CARTESIAN_POINT ( 'NONE',  ( -6.074854870387783379, -1.249999999999999778, 0.4948548703878547506 ) ) ;
#1866 = LINE ( 'NONE', #7917, #5060 ) ;
#1867 = ADVANCED_FACE ( 'NONE', ( #4138 ), #3059, .T. ) ;
#1868 = CIRCLE ( 'NONE', #4782, 3.719854870387946377 ) ;
#1869 = VERTEX_POINT ( 'NONE', #3531 ) ;
#1870 = CARTESIAN_POINT ( 'NONE',  ( -0.5853924772786236463, -6.349999999999999645, -9.530431722890664759 ) ) ;
#1871 = CARTESIAN_POINT ( 'NONE',  ( 2.277684825170520178, -1.249999999999999778, 9.025180162666751826 ) ) ;
#1872 = CARTESIAN_POINT ( 'NONE',  ( 1.651322806674060617, -1.249999999999999778, 9.935836767996194752 ) ) ;
#1873 = B_SPLINE_CURVE_WITH_KNOTS ( 'NONE', 3,
 ( #1422, #7347, #2680, #5331, #2074, #4117, #7954, #2847, #113, #5461, #3426, #7435, #6142, #4717 ),
 .UNSPECIFIED., .F., .F.,
 ( 4, 2, 2, 2, 2, 2, 4 ),
 ( 0.000000000000000000, 0.0001294665291705548516, 0.0002589330583411097032, 0.0005178661166822187559, 0.0007767991750233278628, 0.0009062657041938800310, 0.001035732233364432091 ),
 .UNSPECIFIED. ) ;
#1874 = DIRECTION ( 'NONE',  ( -0.000000000000000000, -1.000000000000000000, -0.000000000000000000 ) ) ;
#1875 = PRODUCT_DEFINITION_FORMATION_WITH_SPECIFIED_SOURCE ( 'ANY', '', #1471, .NOT_KNOWN. ) ;
#1876 = DIRECTION ( 'NONE',  ( 4.441258270103199007E-15, 0.000000000000000000, 1.000000000000000000 ) ) ;
#1877 =( BOUNDED_CURVE ( )  B_SPLINE_CURVE ( 3, ( #6257, #8155, #6863, #938 ),
 .UNSPECIFIED., .F., .T. ) 
 B_SPLINE_CURVE_WITH_KNOTS ( ( 4, 4 ),
 ( 3.657999109116275793, 5.766778851653098670 ),
 .UNSPECIFIED. ) 
 CURVE ( )  GEOMETRIC_REPRESENTATION_ITEM ( )  RATIONAL_B_SPLINE_CURVE ( ( 1.000000000000000000, 0.6625055929971761515, 0.6625055929971761515, 1.000000000000000000 ) ) 
 REPRESENTATION_ITEM ( '' )  );
#1878 = DIRECTION ( 'NONE',  ( -1.142422094778946730E-14, 0.000000000000000000, -1.000000000000000000 ) ) ;
#1879 = CARTESIAN_POINT ( 'NONE',  ( 9.344284074950618191, -0.7499999999999996669, -1.605145129612242538 ) ) ;
#1880 = ADVANCED_FACE ( 'NONE', ( #212 ), #4785, .T. ) ;
#1881 = CARTESIAN_POINT ( 'NONE',  ( -2.724394547432318348, -0.7499999999999997780, -5.747754117993061129 ) ) ;
#1882 = ORIENTED_EDGE ( 'NONE', *, *, #502, .F. ) ;
#1883 = CARTESIAN_POINT ( 'NONE',  ( -4.900310932085249149, -0.7499999999999997780, -4.593177316763105367 ) ) ;
#1884 = CARTESIAN_POINT ( 'NONE',  ( -2.266621156504590395, -0.7499999999999997780, -9.032434125496148880 ) ) ;
#1885 = CARTESIAN_POINT ( 'NONE',  ( -5.001497253821652222, -1.249999999999999778, -4.472339845786334145 ) ) ;
#1886 = PLANE ( 'NONE',  #3800 ) ;
#1887 = CARTESIAN_POINT ( 'NONE',  ( -9.229312846153334249, -0.7500000000000000000, -0.9226821440615168290 ) ) ;
#1888 = ORIENTED_EDGE ( 'NONE', *, *, #3512, .F. ) ;
#1889 = DIRECTION ( 'NONE',  ( -3.491481338843133355E-15, 0.000000000000000000, -1.000000000000000000 ) ) ;
#1890 = CARTESIAN_POINT ( 'NONE',  ( -0.4948548703877909127, -1.114936179398976490, -9.271066631791526902 ) ) ;
#1891 = ORIENTED_EDGE ( 'NONE', *, *, #7547, .T. ) ;
#1892 = VERTEX_POINT ( 'NONE', #1608 ) ;
#1893 = CARTESIAN_POINT ( 'NONE',  ( -0.7593135193923286064, -0.7961721122757021707, 6.039313519392398355 ) ) ;
#1894 = DIRECTION ( 'NONE',  ( -0.000000000000000000, -1.000000000000000000, -0.000000000000000000 ) ) ;
#1895 = EDGE_CURVE ( 'NONE', #490, #5490, #4265, .T. ) ;
#1896 = CARTESIAN_POINT ( 'NONE',  ( 12.69999999999999929, -4.349999999999999645, -1.734723475976804925E-15 ) ) ;
#1897 = DIRECTION ( 'NONE',  ( 0.000000000000000000, 0.000000000000000000, -1.000000000000000000 ) ) ;
#1898 = CARTESIAN_POINT ( 'NONE',  ( 9.563313570181888323, -1.249999999999999778, -0.7270925849430280863 ) ) ;
#1899 = EDGE_LOOP ( 'NONE', ( #990, #2624, #665, #6643 ) ) ;
#1900 = CARTESIAN_POINT ( 'NONE',  ( 9.271102943336709146, -0.7499999999999997780, 0.4948548703877889698 ) ) ;
#1901 = CARTESIAN_POINT ( 'NONE',  ( 0.000000000000000000, -0.05000000000000056483, 0.000000000000000000 ) ) ;
#1902 = CARTESIAN_POINT ( 'NONE',  ( -1.876683844410761193, -6.350000000000000533, -10.07030783714662547 ) ) ;
#1903 = DIRECTION ( 'NONE',  ( -0.000000000000000000, -1.000000000000000000, -0.000000000000000000 ) ) ;
#1904 = DIRECTION ( 'NONE',  ( -0.000000000000000000, -1.000000000000000000, -0.000000000000000000 ) ) ;
#1905 = EDGE_LOOP ( 'NONE', ( #2895, #340, #860, #4950 ) ) ;
#1906 = CARTESIAN_POINT ( 'NONE',  ( -2.085674846886051981, -13.13181667026053745, -2.327434247306123805 ) ) ;
#1907 = CARTESIAN_POINT ( 'NONE',  ( 2.229098567962079169, -1.249999999999999778, 9.054086811349193908 ) ) ;
#1908 = ORIENTED_EDGE ( 'NONE', *, *, #6913, .F. ) ;
#1909 = CARTESIAN_POINT ( 'NONE',  ( 5.746504320735995819, -0.7499999999999997780, 4.279295632328664389 ) ) ;
#1910 = DIRECTION ( 'NONE',  ( 8.486905459769115320E-17, 0.000000000000000000, -1.000000000000000000 ) ) ;
#1911 = EDGE_CURVE ( 'NONE', #1339, #8398, #2464, .T. ) ;
#1912 = LINE ( 'NONE', #7761, #579 ) ;
#1913 = EDGE_CURVE ( 'NONE', #712, #2544, #4432, .T. ) ;
#1914 = DIRECTION ( 'NONE',  ( -1.000000000000000000, 0.000000000000000000, 4.441258270103199007E-15 ) ) ;
#1915 = DIRECTION ( 'NONE',  ( 0.000000000000000000, 0.000000000000000000, 1.000000000000000000 ) ) ;
#1916 = CARTESIAN_POINT ( 'NONE',  ( 9.467189563441881006, -0.7499999999999996669, -1.619870005845339911 ) ) ;
#1917 = ORIENTED_EDGE ( 'NONE', *, *, #7453, .F. ) ;
#1918 = ORIENTED_EDGE ( 'NONE', *, *, #766, .F. ) ;
#1919 = CARTESIAN_POINT ( 'NONE',  ( -6.243791634053537543, -0.7499999999999997780, -2.789869851539338974 ) ) ;
#1920 = CARTESIAN_POINT ( 'NONE',  ( -5.103761866399034730, -0.7499999999999997780, -5.103397455562753038 ) ) ;
#1921 = CARTESIAN_POINT ( 'NONE',  ( -9.151711569842902350, -0.7604443519486144831, 0.8767189974236544447 ) ) ;
#1922 = CARTESIAN_POINT ( 'NONE',  ( 5.774854870387788885, -0.9571067811865472397, 0.7948548703877920119 ) ) ;
#1923 = CARTESIAN_POINT ( 'NONE',  ( 5.123496652145524521, -1.249999999999999556, 4.312202876090620585 ) ) ;
#1924 = ADVANCED_FACE ( 'NONE', ( #2100 ), #6649, .T. ) ;
#1925 = DIRECTION ( 'NONE',  ( -0.000000000000000000, -1.000000000000000000, -0.000000000000000000 ) ) ;
#1926 = CARTESIAN_POINT ( 'NONE',  ( -0.8200975563050901807, -0.9981907295794998358, -5.837961585181036916 ) ) ;
#1927 = CARTESIAN_POINT ( 'NONE',  ( -0.9351698475245373565, -0.7499999999999997780, -9.133801937671636395 ) ) ;
#1928 = ORIENTED_EDGE ( 'NONE', *, *, #7766, .F. ) ;
#1929 = B_SPLINE_CURVE_WITH_KNOTS ( 'NONE', 3,
 ( #7519, #6102, #2165, #2120, #1589, #4763, #1469, #4118 ),
 .UNSPECIFIED., .F., .F.,
 ( 4, 2, 2, 4 ),
 ( -4.588219504796415093E-06, 0.0004273596259625194339, 0.0006433335486961774168, 0.0008593074714298352913 ),
 .UNSPECIFIED. ) ;
#1930 = CARTESIAN_POINT ( 'NONE',  ( 9.940748498636038377, -1.250000000000000000, -2.105004284771717415 ) ) ;
#1931 = CARTESIAN_POINT ( 'NONE',  ( 1.996594984488599955, -0.9372534403091868915, -9.602666487600084011 ) ) ;
#1932 = CARTESIAN_POINT ( 'NONE',  ( -0.5516334285290085404, -0.9839559469259739899, -9.252939212759208942 ) ) ;
#1933 = B_SPLINE_CURVE_WITH_KNOTS ( 'NONE', 3,
 ( #5396, #6809, #7374, #1450, #8022, #4307 ),
 .UNSPECIFIED., .F., .F.,
 ( 4, 2, 4 ),
 ( 0.000000000000000000, 0.0003906203680779235521, 0.0007812407361558471042 ),
 .UNSPECIFIED. ) ;
#1934 = CARTESIAN_POINT ( 'NONE',  ( 9.092018752690826489, -6.349999999999999645, 2.185427387327768312 ) ) ;
#1935 = EDGE_LOOP ( 'NONE', ( #1619, #5145, #7568, #1673 ) ) ;
#1936 = CARTESIAN_POINT ( 'NONE',  ( -0.9293933250973978044, -0.7499999999999994449, 6.248670252271711689 ) ) ;
#1937 = CARTESIAN_POINT ( 'NONE',  ( -12.69999999999999929, -0.7499999999999997780, 1.734723475976804925E-15 ) ) ;
#1938 = CARTESIAN_POINT ( 'NONE',  ( -2.030155174002323815, -12.29516938858855468, -2.376016159023358387 ) ) ;
#1939 = AXIS2_PLACEMENT_3D ( 'NONE', #5662, #8158, #1072 ) ;
#1940 = CARTESIAN_POINT ( 'NONE',  ( 6.272908065292861046, -0.7499999999999997780, 2.394258591817281623 ) ) ;
#1941 = CARTESIAN_POINT ( 'NONE',  ( -1.808605228538239462, -0.7657824690036009185, -9.681714785498517273 ) ) ;
#1942 = CARTESIAN_POINT ( 'NONE',  ( -9.032593603681405625, -1.249999999999999778, -2.266305910672583579 ) ) ;
#1943 = ORIENTED_EDGE ( 'NONE', *, *, #2151, .F. ) ;
#1944 = ADVANCED_FACE ( 'NONE', ( #2223 ), #4179, .T. ) ;
#1945 = CYLINDRICAL_SURFACE ( 'NONE', #3624, 2.100000000000000977 ) ;
#1946 = LINE ( 'NONE', #2643, #2413 ) ;
#1947 = AXIS2_PLACEMENT_3D ( 'NONE', #5849, #17, #2625 ) ;
#1948 = CARTESIAN_POINT ( 'NONE',  ( 4.527203422770814889, -6.350000000000000533, -4.954345035677409470 ) ) ;
#1949 = CARTESIAN_POINT ( 'NONE',  ( -9.252939212759203613, -0.9839559469259737678, 0.5516334285291055739 ) ) ;
#1950 = CIRCLE ( 'NONE', #4306, 8.805145129612210297 ) ;
#1951 = CARTESIAN_POINT ( 'NONE',  ( -2.105145129612105759, -6.349999999999999645, 9.678354296802071488 ) ) ;
#1952 = AXIS2_PLACEMENT_3D ( 'NONE', #1541, #2364, #1705 ) ;
#1953 = ORIENTED_EDGE ( 'NONE', *, *, #2710, .F. ) ;
#1954 = ADVANCED_FACE ( 'NONE', ( #3571 ), #2050, .F. ) ;
#1955 = CYLINDRICAL_SURFACE ( 'NONE', #313, 2.100000000000000977 ) ;
#1956 = CARTESIAN_POINT ( 'NONE',  ( -9.410623007495017234, -0.7499999999999996669, -1.709619794543076443 ) ) ;
#1957 = CIRCLE ( 'NONE', #6795, 2.999999999999999112 ) ;
#1958 = CARTESIAN_POINT ( 'NONE',  ( -9.034447134827431114, -6.350000000000001421, 2.264266895949734071 ) ) ;
#1959 = LINE ( 'NONE', #5217, #881 ) ;
#1960 = FACE_OUTER_BOUND ( 'NONE', #8166, .T. ) ;
#1961 = FACE_OUTER_BOUND ( 'NONE', #3455, .T. ) ;
#1962 = CARTESIAN_POINT ( 'NONE',  ( -2.329991424587154469, -6.349999999999999645, 9.008710553930997733 ) ) ;
#1963 = CARTESIAN_POINT ( 'NONE',  ( -9.602666487600231449, -0.9372534403091660193, 1.996594984488719193 ) ) ;
#1964 = EDGE_CURVE ( 'NONE', #2064, #2958, #2381, .T. ) ;
#1965 = ORIENTED_EDGE ( 'NONE', *, *, #4135, .F. ) ;
#1966 = ADVANCED_FACE ( 'NONE', ( #6080 ), #6422, .F. ) ;
#1967 = CARTESIAN_POINT ( 'NONE',  ( -5.275797816451363254, -0.7499999999999997780, -4.923761619198247175 ) ) ;
#1968 = CARTESIAN_POINT ( 'NONE',  ( -0.6191424365563058529, -6.349999999999999645, -5.774908376104342267 ) ) ;
#1969 = CARTESIAN_POINT ( 'NONE',  ( -9.259019847073023612, -0.7806987747700505631, 0.8089016042669258111 ) ) ;
#1970 = DIRECTION ( 'NONE',  ( 1.000000000000000000, 0.000000000000000000, -1.257890898639184104E-14 ) ) ;
#1971 = CARTESIAN_POINT ( 'NONE',  ( -3.099999999999998757, -12.84999999999999964, -9.741464024932666277 ) ) ;
#1972 = CARTESIAN_POINT ( 'NONE',  ( -1.735341132246833284, -0.7499999999999998890, -9.289501645814768338 ) ) ;
#1973 = ORIENTED_EDGE ( 'NONE', *, *, #1221, .T. ) ;
#1974 = DIRECTION ( 'NONE',  ( 3.491481338843133355E-15, 0.000000000000000000, 1.000000000000000000 ) ) ;
#1975 = CARTESIAN_POINT ( 'NONE',  ( 2.017591391994163708, -0.9649331678688217728, -9.617147878727228871 ) ) ;
#1976 = ADVANCED_FACE ( 'NONE', ( #8399, #3140 ), #4477, .T. ) ;
#1977 = CARTESIAN_POINT ( 'NONE',  ( -5.899142436556307878, -1.249999999999999778, -0.4949083761043419627 ) ) ;
#1978 = DIRECTION ( 'NONE',  ( 0.7071067811865474617, 0.7071067811865476838, 0.000000000000000000 ) ) ;
#1979 = CARTESIAN_POINT ( 'NONE',  ( 9.014118416197110406, -6.349999999999999645, 2.312816342313107398 ) ) ;
#1980 = ORIENTED_EDGE ( 'NONE', *, *, #5667, .T. ) ;
#1981 = VECTOR ( 'NONE', #879, 1000.000000000000000 ) ;
#1982 = DIRECTION ( 'NONE',  ( 0.000000000000000000, 0.000000000000000000, 1.000000000000000000 ) ) ;
#1983 = CARTESIAN_POINT ( 'NONE',  ( -2.110413316599349720, -1.250000000000000000, -9.233001570653337708 ) ) ;
#1984 = CARTESIAN_POINT ( 'NONE',  ( 2.252158159391589365, -0.7499999999999997780, -5.775249408043555910 ) ) ;
#1985 = CARTESIAN_POINT ( 'NONE',  ( 9.441261499187508122, -0.7500000213290716200, 1.666225140804442395 ) ) ;
#1986 = CARTESIAN_POINT ( 'NONE',  ( 0.7948091789346888314, -6.349999999999999645, -5.774854870387792438 ) ) ;
#1987 = EDGE_LOOP ( 'NONE', ( #2669, #5968, #1164, #5134 ) ) ;
#1988 = CARTESIAN_POINT ( 'NONE',  ( -1.651291066095390558, -1.224858571544300556, -9.935817806042161138 ) ) ;
#1989 = EDGE_CURVE ( 'NONE', #7136, #4628, #1692, .T. ) ;
#1990 = DIRECTION ( 'NONE',  ( 1.000000000000000000, 0.000000000000000000, 8.486905459769115320E-17 ) ) ;
#1991 = AXIS2_PLACEMENT_3D ( 'NONE', #32, #7227, #7103 ) ;
#1992 = ORIENTED_EDGE ( 'NONE', *, *, #5105, .F. ) ;
#1993 = CARTESIAN_POINT ( 'NONE',  ( -2.264314106057202292, -0.8043540949610750168, 8.779380792812325751 ) ) ;
#1994 = CARTESIAN_POINT ( 'NONE',  ( 4.593849348479796646, -0.7500000000000430767, 4.899664131170633041 ) ) ;
#1995 = CYLINDRICAL_SURFACE ( 'NONE', #3789, 0.5000000000000000000 ) ;
#1996 = CIRCLE ( 'NONE', #8353, 3.219854870387792722 ) ;
#1997 = CARTESIAN_POINT ( 'NONE',  ( 9.530431722890844171, -1.249999999999999778, -0.5853924772794412146 ) ) ;
#1998 = LINE ( 'NONE', #548, #6154 ) ;
#1999 = VECTOR ( 'NONE', #2519, 1000.000000000000000 ) ;
#2000 = CARTESIAN_POINT ( 'NONE',  ( 0.7019616515743385410, -0.7500000000000002220, 6.157697582862408758 ) ) ;
#2001 = DIRECTION ( 'NONE',  ( -0.000000000000000000, -0.000000000000000000, -1.000000000000000000 ) ) ;
#2002 = ORIENTED_EDGE ( 'NONE', *, *, #2336, .T. ) ;
#2003 = FACE_OUTER_BOUND ( 'NONE', #6089, .T. ) ;
#2004 = DIRECTION ( 'NONE',  ( 1.000000000000000000, 0.000000000000000000, -1.047444401652940007E-14 ) ) ;
#2005 = CARTESIAN_POINT ( 'NONE',  ( 3.273201351990647989, -1.249999999999999334, 5.633653610058527939 ) ) ;
#2006 = CARTESIAN_POINT ( 'NONE',  ( -1.727274015672306096, -0.7499999999999996669, -9.421832320581202680 ) ) ;
#2007 = EDGE_CURVE ( 'NONE', #1658, #6761, #3048, .T. ) ;
#2008 = CARTESIAN_POINT ( 'NONE',  ( -5.421188026352554701, -1.250000000000000000, 3.826023384304302333 ) ) ;
#2009 = CIRCLE ( 'NONE', #1179, 3.219854870387794055 ) ;
#2010 = CARTESIAN_POINT ( 'NONE',  ( 9.681714785498515496, -0.7657824690036014736, -1.808605228538271881 ) ) ;
#2011 = VERTEX_POINT ( 'NONE', #4952 ) ;
#2012 = VERTEX_POINT ( 'NONE', #2398 ) ;
#2013 = CARTESIAN_POINT ( 'NONE',  ( 2.542373669941696335, -0.7499999999999998890, 6.268292254110868988 ) ) ;
#2014 =( BOUNDED_SURFACE ( )  B_SPLINE_SURFACE ( 3, 2, ( 
 ( #1412, #4065, #4707 ),
 ( #4541, #7258, #5189 ),
 ( #1246, #691, #18 ),
 ( #2023, #8506, #3893 ),
 ( #8461, #7338, #5970 ),
 ( #3983, #3328, #4669 ),
 ( #7818, #6524, #612 ),
 ( #2668, #2626, #3288 ),
 ( #6612, #5284, #7901 ),
 ( #3242, #2589, #1975 ),
 ( #5236, #7862, #1931 ),
 ( #4586, #4630, #7216 ),
 ( #1291, #3937, #1334 ),
 ( #62, #5320, #7943 ),
 ( #295, #142, #8188 ),
 ( #6088, #2790, #5529 ) ),
 .UNSPECIFIED., .F., .F., .T. ) 
 B_SPLINE_SURFACE_WITH_KNOTS ( ( 4, 2, 2, 2, 2, 2, 2, 4 ),
 ( 3, 3 ),
 ( -6.776263578034402713E-21, 2.969996288214858489E-05, 5.939992576429717656E-05, 8.909988864644577161E-05, 0.0001187998515285943667, 0.0001781997772928915432, 0.0002375997030571887333, 0.0004751994061143774667 ),
 ( 0.000000000000000000, 1.000000000000000000 ),
 .UNSPECIFIED. ) 
 GEOMETRIC_REPRESENTATION_ITEM ( )  RATIONAL_B_SPLINE_SURFACE ( (
 ( 1.000000000000000000, 0.4935349706079204535, 1.000000000000000000),
 ( 1.000000000000000000, 0.4935127649134251615, 1.000000000000000000),
 ( 1.000000000000000000, 0.4995784984367996340, 1.000000000000000000),
 ( 1.000000000000000000, 0.5209348963630066054, 1.000000000000000000),
 ( 1.000000000000000000, 0.5360584284417735379, 1.000000000000000000),
 ( 1.000000000000000000, 0.5697732427675239464, 1.000000000000000000),
 ( 1.000000000000000000, 0.5887012726535002516, 1.000000000000000000),
 ( 1.000000000000000000, 0.6267654606521947391, 1.000000000000000000),
 ( 1.000000000000000000, 0.6459147758215176838, 1.000000000000000000),
 ( 1.000000000000000000, 0.7020873980202126940, 1.000000000000000000),
 ( 1.000000000000000000, 0.7379412193435359590, 1.000000000000000000),
 ( 1.000000000000000000, 0.8015170218986062967, 1.000000000000000000),
 ( 1.000000000000000000, 0.8297315967171186024, 1.000000000000000000),
 ( 1.000000000000000000, 0.9541561539496756783, 1.000000000000000000),
 ( 1.000000000000000000, 0.9996330041166404667, 1.000000000000000000),
 ( 1.000000000000000000, 1.000000000000000000, 1.000000000000000000) ) ) 
 REPRESENTATION_ITEM ( '' )  SURFACE ( )  );
#2015 = COLOUR_RGB ( '',0.7921568627450980005, 0.8196078431372548767, 0.9333333333333333481 ) ;
#2016 = CARTESIAN_POINT ( 'NONE',  ( -4.925949803599583454, -6.349999999999999645, -4.560412727924883391 ) ) ;
#2017 = CARTESIAN_POINT ( 'NONE',  ( 9.271102943336666513, -6.349999999999999645, -0.4948548703878239419 ) ) ;
#2018 = CARTESIAN_POINT ( 'NONE',  ( 1.605145129612209898, -1.249999999999999778, 0.000000000000000000 ) ) ;
#2019 = EDGE_CURVE ( 'NONE', #3639, #3418, #5830, .T. ) ;
#2020 = CARTESIAN_POINT ( 'NONE',  ( -0.7948548712060502508, -1.184538517676302138, -5.774854870387789774 ) ) ;
#2021 = CARTESIAN_POINT ( 'NONE',  ( 5.774854870387788885, -6.349999999999999645, -0.7948091789347282443 ) ) ;
#2022 = ORIENTED_EDGE ( 'NONE', *, *, #1521, .T. ) ;
#2023 = CARTESIAN_POINT ( 'NONE',  ( 1.650918591661142631, -1.152677805080582374, -9.925151415895284046 ) ) ;
#2024 = VERTEX_POINT ( 'NONE', #3097 ) ;
#2025 = CYLINDRICAL_SURFACE ( 'NONE', #316, 2.999999999999999112 ) ;
#2026 = CARTESIAN_POINT ( 'NONE',  ( -3.179346923485455889, -1.249999999999999556, 5.663769368054092368 ) ) ;
#2027 = ORIENTED_EDGE ( 'NONE', *, *, #560, .T. ) ;
#2028 = CARTESIAN_POINT ( 'NONE',  ( 5.770106037977847713, -0.7499999999999433786, -2.495065244097927959 ) ) ;
#2029 =( BOUNDED_CURVE ( )  B_SPLINE_CURVE ( 3, ( #4241, #944, #4966, #4155 ),
 .UNSPECIFIED., .F., .T. ) 
 B_SPLINE_CURVE_WITH_KNOTS ( ( 4, 4 ),
 ( 0.000000000000000000, 1.570796326794896558 ),
 .UNSPECIFIED. ) 
 CURVE ( )  GEOMETRIC_REPRESENTATION_ITEM ( )  RATIONAL_B_SPLINE_CURVE ( ( 1.000000000000000000, 0.8047378541243649375, 0.8047378541243649375, 1.000000000000000000 ) ) 
 REPRESENTATION_ITEM ( '' )  );
#2030 = FILL_AREA_STYLE_COLOUR ( '', #2015 ) ;
#2031 = CARTESIAN_POINT ( 'NONE',  ( 2.724202519635034569, -1.249999999999999778, -5.747822299876660601 ) ) ;
#2032 = ADVANCED_FACE ( 'NONE', ( #7719 ), #5283, .T. ) ;
#2033 = CARTESIAN_POINT ( 'NONE',  ( 1.921941125680746154, -9.822193657374912235, -15.75572840398294794 ) ) ;
#2034 = CARTESIAN_POINT ( 'NONE',  ( 0.7270764054876498461, -6.349999999999999645, -9.563309819739275852 ) ) ;
#2035 = VERTEX_POINT ( 'NONE', #1827 ) ;
#2036 = CARTESIAN_POINT ( 'NONE',  ( -2.096138142704433438, -1.109988275975635652, -10.19083461549706904 ) ) ;
#2037 = CARTESIAN_POINT ( 'NONE',  ( -9.141450083018597184, -1.249999999999999778, -2.147797755386026797 ) ) ;
#2038 = VERTEX_POINT ( 'NONE', #5047 ) ;
#2039 = CARTESIAN_POINT ( 'NONE',  ( -1.622228332512389404, -0.7499999999999997780, -9.487038773917820578 ) ) ;
#2040 = CARTESIAN_POINT ( 'NONE',  ( 2.718522490896959187, -6.349999999999999645, -5.746921268248789794 ) ) ;
#2041 = CARTESIAN_POINT ( 'NONE',  ( 9.170254958181537575, -1.249999999999999778, -2.132339853993453271 ) ) ;
#2042 = ORIENTED_EDGE ( 'NONE', *, *, #1185, .T. ) ;
#2043 = DIRECTION ( 'NONE',  ( -0.000000000000000000, -1.000000000000000000, -0.000000000000000000 ) ) ;
#2044 = CARTESIAN_POINT ( 'NONE',  ( 9.067980231071127051, -6.349999999999998757, 2.213672373745937172 ) ) ;
#2045 = ORIENTED_EDGE ( 'NONE', *, *, #7300, .F. ) ;
#2046 = DIRECTION ( 'NONE',  ( 0.000000000000000000, 0.000000000000000000, -1.000000000000000000 ) ) ;
#2047 = CYLINDRICAL_SURFACE ( 'NONE', #1708, 0.5000000000000004441 ) ;
#2048 = CYLINDRICAL_SURFACE ( 'NONE', #7755, 2.100000000000000089 ) ;
#2049 = CARTESIAN_POINT ( 'NONE',  ( 9.509478963620129122, -1.249999999999999778, 0.4948548703877888588 ) ) ;
#2050 =( BOUNDED_SURFACE ( )  B_SPLINE_SURFACE ( 3, 1, ( 
 ( #4099, #6203 ),
 ( #8182, #5393 ),
 ( #8020, #4745 ),
 ( #7372, #805 ) ),
 .UNSPECIFIED., .F., .F., .T. ) 
 B_SPLINE_SURFACE_WITH_KNOTS ( ( 4, 4 ),
 ( 2, 2 ),
 ( 0.000000000000000000, 1.000000000000000000 ),
 ( 0.000000000000000000, 1.000000000000000000 ),
 .UNSPECIFIED. ) 
 GEOMETRIC_REPRESENTATION_ITEM ( )  RATIONAL_B_SPLINE_SURFACE ( (
 ( 1.000000000000000000, 1.000000000000000000),
 ( 0.8048096403827852408, 0.8048096403827852408),
 ( 0.8048096403827852408, 0.8048096403827852408),
 ( 1.000000000000000000, 1.000000000000000000) ) ) 
 REPRESENTATION_ITEM ( '' )  SURFACE ( )  );
#2051 = DIRECTION ( 'NONE',  ( 0.000000000000000000, 0.000000000000000000, 1.000000000000000000 ) ) ;
#2052 = CARTESIAN_POINT ( 'NONE',  ( 9.410623007493713388, -0.7499999999999996669, -1.709619794544004590 ) ) ;
#2053 = ORIENTED_EDGE ( 'NONE', *, *, #7182, .T. ) ;
#2054 = EDGE_LOOP ( 'NONE', ( #4972, #6259, #1488 ) ) ;
#2055 = CARTESIAN_POINT ( 'NONE',  ( 2.329991424587346760, -1.117942496580375034, 9.008710553930306730 ) ) ;
#2056 = CARTESIAN_POINT ( 'NONE',  ( -5.053061251426457900, -6.350000000000000533, -4.404861914894279806 ) ) ;
#2057 = CARTESIAN_POINT ( 'NONE',  ( -1.727776545394609795E-15, -1.249999999999999778, -0.4948548703877910238 ) ) ;
#2058 = CARTESIAN_POINT ( 'NONE',  ( 1.449747468305832898, -9.350000000000001421, -9.741464024932666277 ) ) ;
#2059 =( BOUNDED_CURVE ( )  B_SPLINE_CURVE ( 3, ( #1386, #4036, #5334, #7309 ),
 .UNSPECIFIED., .F., .T. ) 
 B_SPLINE_CURVE_WITH_KNOTS ( ( 4, 4 ),
 ( 0.000000000000000000, 1.000000000000000000 ),
 .UNSPECIFIED. ) 
 CURVE ( )  GEOMETRIC_REPRESENTATION_ITEM ( )  RATIONAL_B_SPLINE_CURVE ( ( 1.000000000000000000, 0.6625055929971759294, 0.6625055929971759294, 1.000000000000000000 ) ) 
 REPRESENTATION_ITEM ( '' )  );
#2060 = CARTESIAN_POINT ( 'NONE',  ( 2.329991424587217530, -6.349999999999999645, -9.008710553930981746 ) ) ;
#2061 = VERTEX_POINT ( 'NONE', #6932 ) ;
#2062 = B_SPLINE_CURVE_WITH_KNOTS ( 'NONE', 3,
 ( #4903, #6886, #8176, #1732, #5644, #7492, #6197, #464, #2941, #3040, #2258, #6845, #4389, #8265 ),
 .UNSPECIFIED., .F., .F.,
 ( 4, 2, 2, 2, 2, 2, 4 ),
 ( 0.000000000000000000, 0.0003965523630956283192, 0.0007931047261912566385, 0.001586209452382516746, 0.002379314178573776854, 0.002775866541669406041, 0.003172418904765035661 ),
 .UNSPECIFIED. ) ;
#2063 = CARTESIAN_POINT ( 'NONE',  ( 1.995088011118063331, -0.7499999999999995559, 8.610716238940995026 ) ) ;
#2064 = VERTEX_POINT ( 'NONE', #1779 ) ;
#2065 = LINE ( 'NONE', #2836, #5561 ) ;
#2066 = EDGE_CURVE ( 'NONE', #8156, #4688, #5043, .T. ) ;
#2067 = CARTESIAN_POINT ( 'NONE',  ( -2.106080121572901476, -6.349999999999999645, -9.281126975245001631 ) ) ;
#2068 = PLANE ( 'NONE',  #5174 ) ;
#2069 = ORIENTED_EDGE ( 'NONE', *, *, #2532, .T. ) ;
#2070 = CARTESIAN_POINT ( 'NONE',  ( 5.773050187130284172, -0.7499999999999394928, -2.389218707634832128 ) ) ;
#2071 = DIRECTION ( 'NONE',  ( 0.000000000000000000, -0.000000000000000000, 1.000000000000000000 ) ) ;
#2072 = CARTESIAN_POINT ( 'NONE',  ( 2.839519246714696354, -0.7499999999999561462, -5.731021261170917924 ) ) ;
#2073 = CARTESIAN_POINT ( 'NONE',  ( 2.285172883376034303, -6.349999999999997868, 9.024263025706199315 ) ) ;
#2074 = CARTESIAN_POINT ( 'NONE',  ( 1.994620880055083756, -0.7499999999999998890, -8.610986891425262968 ) ) ;
#2075 = CARTESIAN_POINT ( 'NONE',  ( -1.645652032776087736, -0.9372534392549314308, -9.806852196760743823 ) ) ;
#2076 = CARTESIAN_POINT ( 'NONE',  ( 0.000000000000000000, -0.05000000000000056483, 0.000000000000000000 ) ) ;
#2077 = EDGE_LOOP ( 'NONE', ( #1654, #3431, #6093, #6696 ) ) ;
#2078 = EDGE_CURVE ( 'NONE', #1272, #6832, #7623, .T. ) ;
#2079 = EDGE_CURVE ( 'NONE', #1089, #4113, #6747, .T. ) ;
#2080 = EDGE_CURVE ( 'NONE', #1447, #4962, #6797, .T. ) ;
#2081 =( BOUNDED_CURVE ( )  B_SPLINE_CURVE ( 3, ( #794, #4127, #3436, #2812 ),
 .UNSPECIFIED., .F., .T. ) 
 B_SPLINE_CURVE_WITH_KNOTS ( ( 4, 4 ),
 ( 4.040999222087606313, 5.383778738681296083 ),
 .UNSPECIFIED. ) 
 CURVE ( )  GEOMETRIC_REPRESENTATION_ITEM ( )  RATIONAL_B_SPLINE_CURVE ( ( 1.000000000000000000, 0.8553052591889788170, 0.8553052591889788170, 1.000000000000000000 ) ) 
 REPRESENTATION_ITEM ( '' )  );
#2082 = DIRECTION ( 'NONE',  ( 1.607039032523497913E-14, -0.000000000000000000, 1.000000000000000000 ) ) ;
#2083 = VECTOR ( 'NONE', #6212, 1000.000000000000000 ) ;
#2084 = CARTESIAN_POINT ( 'NONE',  ( 4.028208367746033858, -6.349999999999997868, -5.313043681585354783 ) ) ;
#2085 = CARTESIAN_POINT ( 'NONE',  ( -2.611157911710273449, -6.349999999999998757, -5.758799389451016992 ) ) ;
#2086 = FACE_OUTER_BOUND ( 'NONE', #8339, .T. ) ;
#2087 = AXIS2_PLACEMENT_3D ( 'NONE', #2216, #7575, #960 ) ;
#2088 = EDGE_CURVE ( 'NONE', #1534, #4645, #7675, .T. ) ;
#2089 = CARTESIAN_POINT ( 'NONE',  ( 2.571758278209441957E-16, 6.349999999999999645, -2.100000000000000089 ) ) ;
#2090 = PLANE ( 'NONE',  #5739 ) ;
#2091 = ORIENTED_EDGE ( 'NONE', *, *, #2228, .F. ) ;
#2092 = CARTESIAN_POINT ( 'NONE',  ( 6.268306263517426480, -0.7499999999999996669, 2.542933621702867519 ) ) ;
#2093 = CARTESIAN_POINT ( 'NONE',  ( 4.718849036913330686, -0.7499999999999997780, -5.444455499145597344 ) ) ;
#2094 = CARTESIAN_POINT ( 'NONE',  ( 9.265538987049286135, -1.101661676798988854, -0.5122168160552906802 ) ) ;
#2095 = LINE ( 'NONE', #86, #6162 ) ;
#2096 = AXIS2_PLACEMENT_3D ( 'NONE', #2725, #867, #8000 ) ;
#2097 = CARTESIAN_POINT ( 'NONE',  ( 9.039813260481661672, -0.7499999999999997780, 2.253121527379920774 ) ) ;
#2098 = CARTESIAN_POINT ( 'NONE',  ( -0.4948548703877977406, -1.249999999999999778, 5.653331376399918529E-15 ) ) ;
#2099 = VERTEX_POINT ( 'NONE', #5740 ) ;
#2100 = FACE_OUTER_BOUND ( 'NONE', #8489, .T. ) ;
#2101 = VECTOR ( 'NONE', #7007, 1000.000000000000000 ) ;
#2102 = CARTESIAN_POINT ( 'NONE',  ( -9.602666487600078682, -0.9372534403091697941, -1.996594984488618163 ) ) ;
#2103 = CARTESIAN_POINT ( 'NONE',  ( 12.69999999999999929, -4.849999999999996092, -1.734723475976804925E-15 ) ) ;
#2104 = CARTESIAN_POINT ( 'NONE',  ( -5.613350853446064548, -1.249999999999999778, -3.340952568879835827 ) ) ;
#2105 = CARTESIAN_POINT ( 'NONE',  ( 0.9948548703877906352, -0.7499999999999996669, 9.115647332695417049 ) ) ;
#2106 = ORIENTED_EDGE ( 'NONE', *, *, #2140, .T. ) ;
#2107 = CARTESIAN_POINT ( 'NONE',  ( 0.000000000000000000, -6.349999999999999645, -17.67766952966369587 ) ) ;
#2108 = ORIENTED_EDGE ( 'NONE', *, *, #4932, .T. ) ;
#2109 = CARTESIAN_POINT ( 'NONE',  ( -9.678354296802050172, -1.249999999999999778, -2.105145129612207455 ) ) ;
#2110 = CARTESIAN_POINT ( 'NONE',  ( -2.106080121572901476, -1.249999999999999778, -9.281126975245001631 ) ) ;
#2111 = CARTESIAN_POINT ( 'NONE',  ( -1.625104085503158435, -0.7499999999999996669, -9.115447456203629173 ) ) ;
#2112 = ORIENTED_EDGE ( 'NONE', *, *, #3102, .F. ) ;
#2113 = CARTESIAN_POINT ( 'NONE',  ( 5.117196658066959003, -0.7499999999999997780, -4.321045569591337454 ) ) ;
#2114 = CARTESIAN_POINT ( 'NONE',  ( 5.774854870387789774, -1.184538517676302138, 0.7948548712060512500 ) ) ;
#2115 = CARTESIAN_POINT ( 'NONE',  ( 3.830164469198408472, -1.249999999999999778, -5.419322550868995059 ) ) ;
#2116 = CARTESIAN_POINT ( 'NONE',  ( 4.749987219571084829, -0.7499999999999997780, -4.749987219571117691 ) ) ;
#2117 = ADVANCED_FACE ( 'NONE', ( #7582 ), #378, .T. ) ;
#2118 = FACE_OUTER_BOUND ( 'NONE', #6370, .T. ) ;
#2119 = VERTEX_POINT ( 'NONE', #2441 ) ;
#2120 = CARTESIAN_POINT ( 'NONE',  ( 9.799626652746590949, -0.9250727480747994447, 1.645440951407612706 ) ) ;
#2121 = CARTESIAN_POINT ( 'NONE',  ( 9.299109199783131885, -1.117910049385807181, -2.105145129612242538 ) ) ;
#2122 = DIRECTION ( 'NONE',  ( 0.000000000000000000, 0.000000000000000000, 1.000000000000000000 ) ) ;
#2123 = CARTESIAN_POINT ( 'NONE',  ( -2.902291169667405857, -6.350000000000000533, 5.718747099129913636 ) ) ;
#2124 = FACE_OUTER_BOUND ( 'NONE', #4607, .T. ) ;
#2125 = EDGE_CURVE ( 'NONE', #4645, #1339, #6041, .T. ) ;
#2126 = CARTESIAN_POINT ( 'NONE',  ( -3.090000000000000302, 6.349999999999999645, 2.555000000000000160 ) ) ;
#2127 = EDGE_CURVE ( 'NONE', #3880, #8440, #6852, .T. ) ;
#2128 = AXIS2_PLACEMENT_3D ( 'NONE', #1562, #921, #5819 ) ;
#2129 = ORIENTED_EDGE ( 'NONE', *, *, #7113, .F. ) ;
#2130 = DIRECTION ( 'NONE',  ( 0.000000000000000000, 0.000000000000000000, 1.000000000000000000 ) ) ;
#2131 = CARTESIAN_POINT ( 'NONE',  ( 9.033860376951455606, -6.349999999999997868, 2.262317674287153579 ) ) ;
#2132 = VECTOR ( 'NONE', #5375, 1000.000000000000000 ) ;
#2133 = VERTEX_POINT ( 'NONE', #7879 ) ;
#2134 = DIRECTION ( 'NONE',  ( 0.000000000000000000, 0.000000000000000000, -1.000000000000000000 ) ) ;
#2135 = DIRECTION ( 'NONE',  ( 0.000000000000000000, -1.000000000000000000, 0.000000000000000000 ) ) ;
#2136 = CARTESIAN_POINT ( 'NONE',  ( 2.185427387327736337, -6.349999999999999645, -9.092018752690833594 ) ) ;
#2137 = LINE ( 'NONE', #7971, #5608 ) ;
#2138 = ADVANCED_FACE ( 'NONE', ( #7192 ), #1955, .F. ) ;
#2139 = CARTESIAN_POINT ( 'NONE',  ( 9.021228600867361891, -1.249999999999999778, 2.291782914459387310 ) ) ;
#2140 = EDGE_CURVE ( 'NONE', #508, #3721, #5992, .T. ) ;
#2141 = VECTOR ( 'NONE', #1677, 999.9999999999998863 ) ;
#2142 = ORIENTED_EDGE ( 'NONE', *, *, #6455, .F. ) ;
#2143 = CARTESIAN_POINT ( 'NONE',  ( -2.298368327098963437, -1.249999999999999778, 9.018667615732221421 ) ) ;
#2144 = CARTESIAN_POINT ( 'NONE',  ( -9.636682573286028841, -1.012903214276676955, -2.045745706930499175 ) ) ;
#2145 = CARTESIAN_POINT ( 'NONE',  ( -2.115939480238378856, -0.7500000000000044409, 9.217154405169445397 ) ) ;
#2146 = CARTESIAN_POINT ( 'NONE',  ( 0.000000000000000000, -0.7499999999999997780, 0.000000000000000000 ) ) ;
#2147 = VECTOR ( 'NONE', #153, 1000.000000000000000 ) ;
#2148 = CARTESIAN_POINT ( 'NONE',  ( -5.774854870387794215, -1.249999999999999778, -2.275387937340420219 ) ) ;
#2149 = B_SPLINE_CURVE_WITH_KNOTS ( 'NONE', 3,
 ( #692, #1890, #1932, #5807, #6480, #7259 ),
 .UNSPECIFIED., .F., .F.,
 ( 4, 2, 4 ),
 ( 0.000000000000000000, 0.0004007387190707681910, 0.0008014774381415363819 ),
 .UNSPECIFIED. ) ;
#2150 = CARTESIAN_POINT ( 'NONE',  ( 0.7605129427895398475, -0.8004147824066489836, 9.297056062852073310 ) ) ;
#2151 = EDGE_CURVE ( 'NONE', #2407, #455, #3266, .T. ) ;
#2152 = ORIENTED_EDGE ( 'NONE', *, *, #3132, .T. ) ;
#2153 = DIRECTION ( 'NONE',  ( 0.7071067811865473507, 0.000000000000000000, 0.7071067811865477948 ) ) ;
#2154 = ORIENTED_EDGE ( 'NONE', *, *, #5866, .F. ) ;
#2155 = CARTESIAN_POINT ( 'NONE',  ( 4.336769658573096820, -6.349999999999999645, 5.104410993637372052 ) ) ;
#2156 = AXIS2_PLACEMENT_3D ( 'NONE', #5964, #6563, #4017 ) ;
#2157 = CYLINDRICAL_SURFACE ( 'NONE', #5963, 0.5000000000000004441 ) ;
#2158 = DIRECTION ( 'NONE',  ( 0.000000000000000000, 1.000000000000000000, 0.000000000000000000 ) ) ;
#2159 = ORIENTED_EDGE ( 'NONE', *, *, #8514, .F. ) ;
#2160 = CARTESIAN_POINT ( 'NONE',  ( 6.073039363054990147, -0.7499999999999997780, -3.558195542702129011 ) ) ;
#2161 = CARTESIAN_POINT ( 'NONE',  ( 1.734723475976804925E-15, -1.249999999999999778, 12.69999999999999929 ) ) ;
#2162 = CARTESIAN_POINT ( 'NONE',  ( -6.243775912939212525, -0.7499999999999997780, 2.789519729342369025 ) ) ;
#2163 =( BOUNDED_CURVE ( )  B_SPLINE_CURVE ( 3, ( #6435, #1792, #1922, #5840 ),
 .UNSPECIFIED., .F., .T. ) 
 B_SPLINE_CURVE_WITH_KNOTS ( ( 4, 4 ),
 ( 4.712388980384689674, 6.283185307179586232 ),
 .UNSPECIFIED. ) 
 CURVE ( )  GEOMETRIC_REPRESENTATION_ITEM ( )  RATIONAL_B_SPLINE_CURVE ( ( 1.000000000000000000, 0.8047378541243649375, 0.8047378541243649375, 1.000000000000000000 ) ) 
 REPRESENTATION_ITEM ( '' )  );
#2164 = LINE ( 'NONE', #5054, #7946 ) ;
#2165 = CARTESIAN_POINT ( 'NONE',  ( 9.632018583346331653, -0.7952020810984772314, 1.634833337635835271 ) ) ;
#2166 = CARTESIAN_POINT ( 'NONE',  ( -6.013237424470672998, -0.8044079310636759184, -2.277412151966172971 ) ) ;
#2167 = ORIENTED_EDGE ( 'NONE', *, *, #1477, .F. ) ;
#2168 = CARTESIAN_POINT ( 'NONE',  ( 9.904085948159401909, -1.087308501813581518, 1.650131394462185597 ) ) ;
#2169 = EDGE_CURVE ( 'NONE', #1713, #2012, #7682, .T. ) ;
#2170 = CARTESIAN_POINT ( 'NONE',  ( -4.267546355205830366, -6.350000000000000533, 5.153224870907172850 ) ) ;
#2171 = B_SPLINE_CURVE_WITH_KNOTS ( 'NONE', 3,
 ( #5756, #8374, #4448, #5102, #6437, #6475, #8412, #567, #7730, #4408, #7042, #3763, #1794, #3802 ),
 .UNSPECIFIED., .F., .F.,
 ( 4, 2, 2, 2, 2, 2, 4 ),
 ( 0.000000000000000000, 0.0003955666508946122702, 0.0007911333017892245405, 0.001582266603578449081, 0.002373399905367673188, 0.002768966556262284807, 0.003164533207156895993 ),
 .UNSPECIFIED. ) ;
#2172 = CARTESIAN_POINT ( 'NONE',  ( 9.140953811825639264, -0.7499999999999997780, -2.148101963264755110 ) ) ;
#2173 = CYLINDRICAL_SURFACE ( 'NONE', #7610, 3.219854870387946377 ) ;
#2174 = EDGE_CURVE ( 'NONE', #6050, #3953, #33, .T. ) ;
#2175 = LINE ( 'NONE', #3398, #6555 ) ;
#2176 = ORIENTED_EDGE ( 'NONE', *, *, #3345, .F. ) ;
#2177 = FACE_OUTER_BOUND ( 'NONE', #346, .T. ) ;
#2178 = DIRECTION ( 'NONE',  ( 0.000000000000000000, 0.000000000000000000, 1.000000000000000000 ) ) ;
#2179 = CARTESIAN_POINT ( 'NONE',  ( 9.233440698266111468, -0.9199437172442114230, -0.6137638917353905876 ) ) ;
#2180 = DIRECTION ( 'NONE',  ( 8.659560562354930393E-17, -0.7071067811865479058, 0.7071067811865472397 ) ) ;
#2181 = CARTESIAN_POINT ( 'NONE',  ( -9.252941151366600891, -0.9839697349223607281, -0.5516273755249017086 ) ) ;
#2182 = CARTESIAN_POINT ( 'NONE',  ( -2.192387404589879019, -0.7499999999999997780, 8.527837839788540819 ) ) ;
#2183 = CARTESIAN_POINT ( 'NONE',  ( 5.103397455562737051, -0.7499999999999997780, -5.103761866399051605 ) ) ;
#2184 = EDGE_CURVE ( 'NONE', #4374, #1855, #4720, .T. ) ;
#2185 = CARTESIAN_POINT ( 'NONE',  ( -10.03582622314174522, -0.8835340632233236180, -2.009350139932125856 ) ) ;
#2186 = CARTESIAN_POINT ( 'NONE',  ( 5.663769368054055953, -1.249999999999999556, 3.179346923485514509 ) ) ;
#2187 = CARTESIAN_POINT ( 'NONE',  ( -5.501497584056000534, -6.349999999999999645, -3.650367610012353659 ) ) ;
#2188 = LINE ( 'NONE', #2832, #8486 ) ;
#2189 = EDGE_LOOP ( 'NONE', ( #4013, #584, #1416, #3360 ) ) ;
#2190 = CARTESIAN_POINT ( 'NONE',  ( 2.105145129612171484, -1.249999999999999778, -9.678314036663980602 ) ) ;
#2191 = EDGE_LOOP ( 'NONE', ( #2323, #5616, #3071, #5549 ) ) ;
#2192 = CARTESIAN_POINT ( 'NONE',  ( -9.935855655966872035, -6.349999999999999645, -1.651354423408139427 ) ) ;
#2193 = CARTESIAN_POINT ( 'NONE',  ( 0.000000000000000000, -6.349999999999999645, 16.43502884254440488 ) ) ;
#2194 = EDGE_CURVE ( 'NONE', #5191, #4962, #1454, .T. ) ;
#2195 = FACE_OUTER_BOUND ( 'NONE', #3277, .T. ) ;
#2196 = CARTESIAN_POINT ( 'NONE',  ( 0.000000000000000000, -6.349999999999999645, -13.43502884254440843 ) ) ;
#2197 = EDGE_LOOP ( 'NONE', ( #6594, #5361, #7129 ) ) ;
#2198 = ORIENTED_EDGE ( 'NONE', *, *, #2699, .F. ) ;
#2199 = CARTESIAN_POINT ( 'NONE',  ( -0.7665838582571083970, -0.9743063038739014914, 9.493503963496248588 ) ) ;
#2200 = CARTESIAN_POINT ( 'NONE',  ( 6.151945474970591299, -0.8501667073564473931, 0.6875813818447966685 ) ) ;
#2201 = CARTESIAN_POINT ( 'NONE',  ( 0.000000000000000000, -16.35000000000000142, -13.43502884254440843 ) ) ;
#2202 = DIRECTION ( 'NONE',  ( 0.000000000000000000, 1.000000000000000000, 0.000000000000000000 ) ) ;
#2203 = CARTESIAN_POINT ( 'NONE',  ( 10.13824484182496732, -0.9950584864165615828, -2.066716651290712026 ) ) ;
#2204 = CARTESIAN_POINT ( 'NONE',  ( -1.640970120572339930, -0.8691362217317938343, -9.728368110342868746 ) ) ;
#2205 = FACE_OUTER_BOUND ( 'NONE', #8254, .T. ) ;
#2206 = ORIENTED_EDGE ( 'NONE', *, *, #6042, .F. ) ;
#2207 = CARTESIAN_POINT ( 'NONE',  ( -4.404861914894905972, -6.350000000000001421, 5.053061251425939204 ) ) ;
#2208 =( BOUNDED_CURVE ( )  B_SPLINE_CURVE ( 3, ( #5572, #8193, #4921, #6819 ),
 .UNSPECIFIED., .F., .F. ) 
 B_SPLINE_CURVE_WITH_KNOTS ( ( 4, 4 ),
 ( 0.000000000000000000, 1.000000000000000000 ),
 .UNSPECIFIED. ) 
 CURVE ( )  GEOMETRIC_REPRESENTATION_ITEM ( )  RATIONAL_B_SPLINE_CURVE ( ( 1.000000000000000000, 0.8048096403827887935, 0.8048096403827887935, 1.000000000000000000 ) ) 
 REPRESENTATION_ITEM ( '' )  );
#2209 = CARTESIAN_POINT ( 'NONE',  ( 9.258927516202087205, -1.249999999999999778, -2.107703028497229791 ) ) ;
#2210 = VERTEX_POINT ( 'NONE', #7152 ) ;
#2211 = DIRECTION ( 'NONE',  ( 0.000000000000000000, 0.000000000000000000, -1.000000000000000000 ) ) ;
#2212 = CIRCLE ( 'NONE', #4843, 1.600000000000004086 ) ;
#2213 = CARTESIAN_POINT ( 'NONE',  ( -9.678273776526053140, -1.177244336753326071, 2.105145129612312260 ) ) ;
#2214 = CARTESIAN_POINT ( 'NONE',  ( 0.7593135193923555848, -0.7961721122756936220, -6.039313519392392138 ) ) ;
#2215 = DIRECTION ( 'NONE',  ( 1.000000000000000000, 0.000000000000000000, -3.491481338843130594E-15 ) ) ;
#2216 = CARTESIAN_POINT ( 'NONE',  ( -1.449747468305833564, -9.350000000000001421, -17.67766952966369587 ) ) ;
#2217 = LINE ( 'NONE', #3481, #3814 ) ;
#2218 = CARTESIAN_POINT ( 'NONE',  ( 8.879076449000551818, -0.7499999999999997780, 1.718650122459851159 ) ) ;
#2219 = ADVANCED_FACE ( 'NONE', ( #4650 ), #8487, .T. ) ;
#2220 = CARTESIAN_POINT ( 'NONE',  ( -2.108979684472841676, -6.349999999999998757, 9.251824063420576394 ) ) ;
#2221 = VERTEX_POINT ( 'NONE', #4001 ) ;
#2222 = ORIENTED_EDGE ( 'NONE', *, *, #363, .T. ) ;
#2223 = FACE_OUTER_BOUND ( 'NONE', #8224, .T. ) ;
#2224 = AXIS2_PLACEMENT_3D ( 'NONE', #4989, #6974, #5732 ) ;
#2225 = CARTESIAN_POINT ( 'NONE',  ( -2.648042898853951676E-14, -6.349999999999999645, -2.105145129612326915 ) ) ;
#2226 = CARTESIAN_POINT ( 'NONE',  ( 5.103397455562737051, -0.7499999999999997780, -5.103761866399051605 ) ) ;
#2227 = CARTESIAN_POINT ( 'NONE',  ( 5.774854870387787997, -1.117978668406473197, 2.275387937340419775 ) ) ;
#2228 = EDGE_CURVE ( 'NONE', #3761, #645, #7069, .T. ) ;
#2229 = EDGE_CURVE ( 'NONE', #4490, #8451, #7966, .T. ) ;
#2230 = VECTOR ( 'NONE', #3215, 1000.000000000000000 ) ;
#2231 = CARTESIAN_POINT ( 'NONE',  ( 9.626472722236739443, -0.9791613583409507493, -2.031122491530243046 ) ) ;
#2232 = CLOSED_SHELL ( 'NONE', ( #1819, #2032, #1924, #4918, #3258, #7462, #1736, #6593, #2915, #2138, #115, #5947, #3246, #8313, #2492, #1744, #3069, #8009, #550, #493, #5149, #1437, #669, #5188, #2431, #1966, #8078, #607, #2266, #1084, #3877, #1857, #871, #7005, #195, #2844, #1976, #4629, #4496, #7604, #5301, #1401, #6195, #814, #2908, #3394, #7826, #7638, #7463, #1791, #7217, #2337, #5159, #415, #7241, #8259, #138, #800, #6398, #92, #5421, #3079, #4372, #8381, #1338, #4359, #6923, #7791, #6267, #7443, #3691, #6758, #5641, #6003, #4766, #1451, #8232, #3995, #3023, #1880, #7684, #5509, #708, #6877, #6371, #2984, #1954, #5930, #3150, #7928, #6418, #7728, #3471, #6382, #6253, #4230, #7416, #1625, #6113, #6205, #2412, #4318, #3732, #441, #8003, #7566, #2896, #4346, #4730, #336, #1672, #4892, #700, #7836, #2449, #3092, #3244, #3518, #6188, #2325, #3142, #1547, #7849, #1944, #2752, #1108, #8524, #3090, #1487, #7278, #1693, #1844, #7253, #1183, #1428, #2689, #2606, #4299, #6897, #8026, #8058, #5035, #7729, #675, #6611, #7191, #3488, #3287, #7040, #6687, #8086, #3879, #1373, #6233, #1704, #7992, #5322, #1350, #2219, #907, #558, #524, #4789, #55, #1631, #4476, #2764, #3555, #7816, #877, #5419, #8445, #5311, #3141, #4775, #5988, #5754, #6667, #5480, #3428, #778, #2712, #2723, #4205, #1645, #255, #7049, #6092, #2954, #5794, #5369, #8505, #3787, #562, #6483, #5557, #1280, #451, #8361, #4883, #5049, #5775, #1781, #2117, #34, #5114, #1867, #402, #4144 ) ) ;
#2233 = ORIENTED_EDGE ( 'NONE', *, *, #3947, .F. ) ;
#2234 = LINE ( 'NONE', #4959, #4599 ) ;
#2235 = CARTESIAN_POINT ( 'NONE',  ( 5.772462205399800261, -6.349999999999996980, 2.416264417864705027 ) ) ;
#2236 = VERTEX_POINT ( 'NONE', #8090 ) ;
#2237 = CARTESIAN_POINT ( 'NONE',  ( 9.940748498636045483, -6.349999999999999645, 2.105004284771679224 ) ) ;
#2238 = CIRCLE ( 'NONE', #1410, 3.000000000000000888 ) ;
#2239 = CARTESIAN_POINT ( 'NONE',  ( -1.727175184591258406, -0.7538257325404559284, 9.541911710230593258 ) ) ;
#2240 = DIRECTION ( 'NONE',  ( -0.000000000000000000, 0.000000000000000000, 1.000000000000000000 ) ) ;
#2241 = EDGE_CURVE ( 'NONE', #60, #1534, #7359, .T. ) ;
#2242 = CARTESIAN_POINT ( 'NONE',  ( -1.666225140989271880, -0.7500000624335169119, -9.441261499488774689 ) ) ;
#2243 = CARTESIAN_POINT ( 'NONE',  ( -0.4948548703877904686, -1.249999999999999778, -6.074809178934709841 ) ) ;
#2244 = VERTEX_POINT ( 'NONE', #4855 ) ;
#2245 = CARTESIAN_POINT ( 'NONE',  ( 9.875745730233949971, -1.030008900595993149, 1.648963943095225204 ) ) ;
#2246 = CARTESIAN_POINT ( 'NONE',  ( -4.312904025724181523, -6.350000000000002309, 5.121242990505074921 ) ) ;
#2247 = B_SPLINE_CURVE_WITH_KNOTS ( 'NONE', 3,
 ( #752, #1559, #2811, #5471, #832, #6033 ),
 .UNSPECIFIED., .F., .F.,
 ( 4, 2, 4 ),
 ( -4.586812319617476190E-06, 0.0003993387824072190413, 0.0008032643771340553613 ),
 .UNSPECIFIED. ) ;
#2248 = DIRECTION ( 'NONE',  ( 0.000000000000000000, 0.000000000000000000, 1.000000000000000000 ) ) ;
#2249 = EDGE_CURVE ( 'NONE', #2734, #7911, #3519, .T. ) ;
#2250 = VERTEX_POINT ( 'NONE', #4046 ) ;
#2251 = EDGE_LOOP ( 'NONE', ( #6173, #3068, #1553 ) ) ;
#2252 = EDGE_LOOP ( 'NONE', ( #6873, #4501, #3494, #1377 ) ) ;
#2253 = DIRECTION ( 'NONE',  ( 9.497769312600652573E-16, -0.000000000000000000, 1.000000000000000000 ) ) ;
#2254 = CARTESIAN_POINT ( 'NONE',  ( 2.839101664922453416, -1.249999999999999778, 5.731101953972983942 ) ) ;
#2255 = CARTESIAN_POINT ( 'NONE',  ( -4.768980253502601130, -1.249999999999999778, 4.731569842957624950 ) ) ;
#2256 = CARTESIAN_POINT ( 'NONE',  ( 0.5238813570688302113, -1.047492893407806713, -5.803881357068856772 ) ) ;
#2257 = DIRECTION ( 'NONE',  ( 0.000000000000000000, 0.000000000000000000, -1.000000000000000000 ) ) ;
#2258 = CARTESIAN_POINT ( 'NONE',  ( -6.242133488726632429, -0.7499999999999997780, 2.801489193990897242 ) ) ;
#2259 = VECTOR ( 'NONE', #590, 1000.000000000000000 ) ;
#2260 = CARTESIAN_POINT ( 'NONE',  ( 5.752636975339914471, -6.349999999999999645, 2.685283670518154420 ) ) ;
#2261 = CARTESIAN_POINT ( 'NONE',  ( -4.871469919085638089, -1.249999999999999778, 4.624965505482231620 ) ) ;
#2262 = LINE ( 'NONE', #4906, #1042 ) ;
#2263 = ORIENTED_EDGE ( 'NONE', *, *, #4882, .F. ) ;
#2264 = VECTOR ( 'NONE', #1910, 1000.000000000000000 ) ;
#2265 = DIRECTION ( 'NONE',  ( 8.486905459769115320E-17, 0.000000000000000000, -1.000000000000000000 ) ) ;
#2266 = ADVANCED_FACE ( 'NONE', ( #6842 ), #8007, .T. ) ;
#2267 = DIRECTION ( 'NONE',  ( 1.000000000000000000, -0.000000000000000000, 0.000000000000000000 ) ) ;
#2268 = CARTESIAN_POINT ( 'NONE',  ( -4.352419305668610683, -6.349999999999999645, -5.093866551585399804 ) ) ;
#2269 = CARTESIAN_POINT ( 'NONE',  ( -1.678421735671946635, -0.7499999999999997780, -8.953648017086045741 ) ) ;
#2270 = CARTESIAN_POINT ( 'NONE',  ( 0.6619912748340295305, -0.8647588404930631745, 9.375177540560560630 ) ) ;
#2271 = VECTOR ( 'NONE', #1330, 1000.000000000000000 ) ;
#2272 = LINE ( 'NONE', #8112, #6813 ) ;
#2273 = ORIENTED_EDGE ( 'NONE', *, *, #3530, .T. ) ;
#2274 = CARTESIAN_POINT ( 'NONE',  ( 9.115647332695413496, -0.7499999999999997780, -0.9948548703878227206 ) ) ;
#2275 = CARTESIAN_POINT ( 'NONE',  ( -0.7270925849429945576, -1.249999999999999778, -9.563313570181891876 ) ) ;
#2276 = VECTOR ( 'NONE', #6579, 1000.000000000000000 ) ;
#2277 = FACE_OUTER_BOUND ( 'NONE', #2418, .T. ) ;
#2278 = FACE_OUTER_BOUND ( 'NONE', #5708, .T. ) ;
#2279 = VERTEX_POINT ( 'NONE', #2770 ) ;
#2280 = ORIENTED_EDGE ( 'NONE', *, *, #1118, .T. ) ;
#2281 = CARTESIAN_POINT ( 'NONE',  ( -0.8678600213243561345, -0.8024511530617394195, 9.320677620799568075 ) ) ;
#2282 = CARTESIAN_POINT ( 'NONE',  ( 6.074854871206022189, -1.184538517676303249, 0.4948548703877919674 ) ) ;
#2283 = CARTESIAN_POINT ( 'NONE',  ( -1.930422840993554656, -0.8691362225820256082, 9.557485742446605315 ) ) ;
#2284 = CARTESIAN_POINT ( 'NONE',  ( -1.500000000000000000, -16.35000000000000142, -2.741464024932667165 ) ) ;
#2285 = AXIS2_PLACEMENT_3D ( 'NONE', #7515, #6698, #1585 ) ;
#2286 = CARTESIAN_POINT ( 'NONE',  ( 2.275387937340425104, -6.349999999999999645, 5.774854870387789774 ) ) ;
#2287 = FACE_OUTER_BOUND ( 'NONE', #3939, .T. ) ;
#2288 = VERTEX_POINT ( 'NONE', #2089 ) ;
#2289 = CARTESIAN_POINT ( 'NONE',  ( 9.617147878727219990, -0.9649331678688112257, 2.017591391994190797 ) ) ;
#2290 = CARTESIAN_POINT ( 'NONE',  ( 9.299109199783808677, -1.249999999999999778, 2.105145129612208343 ) ) ;
#2291 = EDGE_CURVE ( 'NONE', #1486, #6557, #7488, .T. ) ;
#2292 = CARTESIAN_POINT ( 'NONE',  ( -2.632753243385971498, -6.349999999999997868, 5.756667557643678101 ) ) ;
#2293 = CARTESIAN_POINT ( 'NONE',  ( -0.7270764054875834548, -6.349999999999999645, 9.563309819739281181 ) ) ;
#2294 = CARTESIAN_POINT ( 'NONE',  ( -9.318246261006285280, -0.7499999999999997780, -2.104150091524124910 ) ) ;
#2295 = ORIENTED_EDGE ( 'NONE', *, *, #363, .F. ) ;
#2296 = ORIENTED_EDGE ( 'NONE', *, *, #6311, .T. ) ;
#2297 = CARTESIAN_POINT ( 'NONE',  ( -4.912057933844820035, -0.7499999999999998890, -5.285885808636718863 ) ) ;
#2298 = CARTESIAN_POINT ( 'NONE',  ( -2.839519246714982348, -0.7499999999999855671, 5.731021261170935688 ) ) ;
#2299 = CARTESIAN_POINT ( 'NONE',  ( 2.105145129612177257, -6.349999999999999645, -9.299109199783146096 ) ) ;
#2300 = CARTESIAN_POINT ( 'NONE',  ( -1.449747468305833564, -9.350000000000001421, -16.06147744819821455 ) ) ;
#2301 = CARTESIAN_POINT ( 'NONE',  ( 9.530431722890662982, -1.249999999999999778, -0.5853924772786576192 ) ) ;
#2302 = CARTESIAN_POINT ( 'NONE',  ( 9.115647332695258953, -0.7499999999999996669, 0.9948548703877886368 ) ) ;
#2303 = CARTESIAN_POINT ( 'NONE',  ( -5.434941148158438651, -1.249999999999999778, 3.788629298572705029 ) ) ;
#2304 = CARTESIAN_POINT ( 'NONE',  ( 9.190067605226127867, -1.249999999999999778, -2.123812721427101202 ) ) ;
#2305 = VERTEX_POINT ( 'NONE', #4086 ) ;
#2306 = CARTESIAN_POINT ( 'NONE',  ( 0.8776975828624099529, -0.7500000000000002220, 5.981961651574336791 ) ) ;
#2307 = CARTESIAN_POINT ( 'NONE',  ( 1.675495463096104087, -11.57719220884208866, -2.639332810517159178 ) ) ;
#2308 = CARTESIAN_POINT ( 'NONE',  ( 0.9351698475238116037, -0.7499999999999996669, -9.133801937669216997 ) ) ;
#2309 = CARTESIAN_POINT ( 'NONE',  ( -2.132339853993290735, -1.249999999999999778, -9.170254958181924820 ) ) ;
#2310 = CARTESIAN_POINT ( 'NONE',  ( -0.7270764054875835658, -6.349999999999999645, 9.563309819739281181 ) ) ;
#2311 = EDGE_CURVE ( 'NONE', #6746, #575, #8235, .T. ) ;
#2312 = CARTESIAN_POINT ( 'NONE',  ( 1.653639719517049283E-16, -16.35000000000000142, 3.124999999999996891 ) ) ;
#2313 = ORIENTED_EDGE ( 'NONE', *, *, #3658, .T. ) ;
#2314 = DIRECTION ( 'NONE',  ( 0.000000000000000000, -0.7071067811865479058, -0.7071067811865472397 ) ) ;
#2315 = PLANE ( 'NONE',  #1848 ) ;
#2316 = CARTESIAN_POINT ( 'NONE',  ( -0.4948548703877910238, -1.249999999999999778, -9.271084787564099372 ) ) ;
#2317 = ORIENTED_EDGE ( 'NONE', *, *, #8151, .F. ) ;
#2318 = ORIENTED_EDGE ( 'NONE', *, *, #337, .T. ) ;
#2319 = CARTESIAN_POINT ( 'NONE',  ( 9.008710553930296072, -1.117942496580367262, -2.329991424587378290 ) ) ;
#2320 = CARTESIAN_POINT ( 'NONE',  ( 4.749987219571084829, -6.349999999999999645, -4.749987219571117691 ) ) ;
#2321 = DIRECTION ( 'NONE',  ( -1.047444401652940007E-14, 0.000000000000000000, -1.000000000000000000 ) ) ;
#2322 = DIRECTION ( 'NONE',  ( 0.000000000000000000, 0.000000000000000000, 1.000000000000000000 ) ) ;
#2323 = ORIENTED_EDGE ( 'NONE', *, *, #7139, .F. ) ;
#2324 = CARTESIAN_POINT ( 'NONE',  ( 1.876683844410721447, -6.350000000000000533, -10.07030783714663080 ) ) ;
#2325 = ADVANCED_FACE ( 'NONE', ( #7357 ), #3396, .T. ) ;
#2326 = CARTESIAN_POINT ( 'NONE',  ( -2.648042898853951676E-14, -1.249999999999999778, -2.105145129612326915 ) ) ;
#2327 = CARTESIAN_POINT ( 'NONE',  ( -6.274854870387789774, -0.7499999999999997780, -0.9948548703877916344 ) ) ;
#2328 = VERTEX_POINT ( 'NONE', #2857 ) ;
#2329 = CARTESIAN_POINT ( 'NONE',  ( 9.659515348575524740, -1.087308500963327207, 2.078455268397016997 ) ) ;
#2330 = ORIENTED_EDGE ( 'NONE', *, *, #3830, .T. ) ;
#2331 = CARTESIAN_POINT ( 'NONE',  ( 1.954965967418303530, -0.8256352976920838804, 9.938996422655627327 ) ) ;
#2332 = CARTESIAN_POINT ( 'NONE',  ( -8.683291449514584315, -0.7499999999999995559, -1.887435842406414821 ) ) ;
#2333 =( BOUNDED_SURFACE ( )  B_SPLINE_SURFACE ( 3, 2, ( 
 ( #1236, #6513, #7078 ),
 ( #2487, #7206, #3838 ),
 ( #1284, #2578, #4488 ),
 ( #1198, #5135, #1919 ),
 ( #6558, #5750, #563 ),
 ( #5836, #6602, #3930 ),
 ( #7808, #4620, #1836 ),
 ( #7127, #6472, #5100 ),
 ( #3190, #8452, #1151 ),
 ( #7161, #646, #2450 ),
 ( #8369, #2531, #3149 ),
 ( #5177, #1883, #1967 ),
 ( #3798, #3278, #2618 ),
 ( #4531, #7, #3882 ) ),
 .UNSPECIFIED., .F., .F., .T. ) 
 B_SPLINE_SURFACE_WITH_KNOTS ( ( 4, 2, 2, 2, 2, 2, 4 ),
 ( 3, 3 ),
 ( 0.006309469902866428163, 0.006709787604513225978, 0.007110105306160022925, 0.007910740709453618555, 0.008711376112747214184, 0.009111693814394011132, 0.009512011516040808079 ),
 ( 0.000000000000000000, 1.000000000000000000 ),
 .UNSPECIFIED. ) 
 GEOMETRIC_REPRESENTATION_ITEM ( )  RATIONAL_B_SPLINE_SURFACE ( (
 ( 1.000000000000000000, 0.7071067811865469066, 1.000000000000000000),
 ( 1.000000000000000000, 0.7071067811865469066, 1.000000000000000000),
 ( 1.000000000000000000, 0.7071067811865481278, 1.000000000000000000),
 ( 1.000000000000000000, 0.7071067811865481278, 1.000000000000000000),
 ( 1.000000000000000000, 0.7071067811865475727, 1.000000000000000000),
 ( 1.000000000000000000, 0.7071067811865475727, 1.000000000000000000),
 ( 1.000000000000000000, 0.7071067811865475727, 1.000000000000000000),
 ( 1.000000000000000000, 0.7071067811865475727, 1.000000000000000000),
 ( 1.000000000000000000, 0.7071067811865470176, 1.000000000000000000),
 ( 1.000000000000000000, 0.7071067811865470176, 1.000000000000000000),
 ( 1.000000000000000000, 0.7071067811865475727, 1.000000000000000000),
 ( 1.000000000000000000, 0.7071067811865475727, 1.000000000000000000),
 ( 1.000000000000000000, 0.7071067811865475727, 1.000000000000000000),
 ( 1.000000000000000000, 0.7071067811865475727, 1.000000000000000000) ) ) 
 REPRESENTATION_ITEM ( '' )  SURFACE ( )  );
#2334 = CARTESIAN_POINT ( 'NONE',  ( 9.935836767996187646, -1.249999999999999778, -1.651322806674095256 ) ) ;
#2335 = ORIENTED_EDGE ( 'NONE', *, *, #7565, .T. ) ;
#2336 = EDGE_CURVE ( 'NONE', #2221, #2407, #2247, .T. ) ;
#2337 = ADVANCED_FACE ( 'NONE', ( #4210 ), #2173, .F. ) ;
#2338 = EDGE_CURVE ( 'NONE', #2640, #3076, #6177, .T. ) ;
#2339 = CARTESIAN_POINT ( 'NONE',  ( -9.231414770807655046, -0.7499999999999904521, 2.112333702603552688 ) ) ;
#2340 = ORIENTED_EDGE ( 'NONE', *, *, #3894, .F. ) ;
#2341 = EDGE_LOOP ( 'NONE', ( #6968, #103, #947, #7438 ) ) ;
#2342 = DIRECTION ( 'NONE',  ( 3.807460554844515166E-15, -1.000000000000000000, 0.000000000000000000 ) ) ;
#2343 = CARTESIAN_POINT ( 'NONE',  ( -2.527277109728292448, -0.7499999999999997780, 6.269379866852306193 ) ) ;
#2344 = DIRECTION ( 'NONE',  ( -0.000000000000000000, -1.000000000000000000, -0.000000000000000000 ) ) ;
#2345 = DIRECTION ( 'NONE',  ( -0.000000000000000000, -1.000000000000000000, -0.000000000000000000 ) ) ;
#2346 = CARTESIAN_POINT ( 'NONE',  ( 9.271102943336666513, -1.249999999999999778, -0.4948548703878239419 ) ) ;
#2347 = DIRECTION ( 'NONE',  ( 2.305335300292124268E-14, -0.000000000000000000, 1.000000000000000000 ) ) ;
#2348 = CARTESIAN_POINT ( 'NONE',  ( -9.935855655966854272, -6.349999999999999645, 1.651354423408247785 ) ) ;
#2349 = CARTESIAN_POINT ( 'NONE',  ( 9.299109199783828217, -1.249999999999999778, -2.105145129612241650 ) ) ;
#2350 = EDGE_LOOP ( 'NONE', ( #8132, #733, #3106, #3840 ) ) ;
#2351 = ORIENTED_EDGE ( 'NONE', *, *, #6031, .T. ) ;
#2352 = DIRECTION ( 'NONE',  ( 1.000000000000000000, -3.290565883526590149E-15, 0.000000000000000000 ) ) ;
#2353 =( BOUNDED_CURVE ( )  B_SPLINE_CURVE ( 3, ( #4802, #8321, #427, #5790 ),
 .UNSPECIFIED., .F., .T. ) 
 B_SPLINE_CURVE_WITH_KNOTS ( ( 4, 4 ),
 ( 3.657999109116275793, 5.766778851653097782 ),
 .UNSPECIFIED. ) 
 CURVE ( )  GEOMETRIC_REPRESENTATION_ITEM ( )  RATIONAL_B_SPLINE_CURVE ( ( 1.000000000000000000, 0.6625055929971763735, 0.6625055929971763735, 1.000000000000000000 ) ) 
 REPRESENTATION_ITEM ( '' )  );
#2354 = CARTESIAN_POINT ( 'NONE',  ( 4.031212700912176317, -1.249999999999999778, -5.311114186066606457 ) ) ;
#2355 = CARTESIAN_POINT ( 'NONE',  ( 0.9022314755060305558, -0.7557942769546505124, -9.186468074454259281 ) ) ;
#2356 = TOROIDAL_SURFACE ( 'NONE', #2497, 3.719854870387792722, 0.5000000000000000000 ) ;
#2357 = CARTESIAN_POINT ( 'NONE',  ( -0.7270764054875835658, -1.249999999999999778, 9.563309819739281181 ) ) ;
#2358 = CARTESIAN_POINT ( 'NONE',  ( 9.938996422655600682, -0.8256352976920812159, -1.954965967418332395 ) ) ;
#2359 = DIRECTION ( 'NONE',  ( 0.000000000000000000, 1.000000000000000000, 0.000000000000000000 ) ) ;
#2360 = ORIENTED_EDGE ( 'NONE', *, *, #2174, .F. ) ;
#2361 = CARTESIAN_POINT ( 'NONE',  ( 2.329991424587312565, -1.249999999999999778, -9.008710553930315612 ) ) ;
#2362 = VECTOR ( 'NONE', #3609, 1000.000000000000000 ) ;
#2363 = CARTESIAN_POINT ( 'NONE',  ( 6.222505239144919820, -0.7630137179688586402, -0.8639807922806657103 ) ) ;
#2364 = DIRECTION ( 'NONE',  ( -0.000000000000000000, -1.000000000000000000, -0.000000000000000000 ) ) ;
#2365 = ORIENTED_EDGE ( 'NONE', *, *, #2229, .T. ) ;
#2366 = ORIENTED_EDGE ( 'NONE', *, *, #5578, .F. ) ;
#2367 = CARTESIAN_POINT ( 'NONE',  ( 8.654304331298583008, -0.7500000000000650591, -2.228527951331962687 ) ) ;
#2368 = CARTESIAN_POINT ( 'NONE',  ( 2.886440657710605429, -6.349999999999999645, -5.723143872992064729 ) ) ;
#2369 = CARTESIAN_POINT ( 'NONE',  ( 2.132250856315017540, -1.249999999999999778, 9.170376603022745599 ) ) ;
#2370 = CARTESIAN_POINT ( 'NONE',  ( -5.090139791141921499, -0.7499999999999997780, 5.117405750979562740 ) ) ;
#2371 = VECTOR ( 'NONE', #8350, 1000.000000000000000 ) ;
#2372 = ORIENTED_EDGE ( 'NONE', *, *, #6781, .T. ) ;
#2373 = CARTESIAN_POINT ( 'NONE',  ( 2.117095500974338407, -6.349999999999998757, -9.214819771646846291 ) ) ;
#2374 = ORIENTED_EDGE ( 'NONE', *, *, #8298, .T. ) ;
#2375 = LINE ( 'NONE', #8290, #2101 ) ;
#2376 = DIRECTION ( 'NONE',  ( 1.000000000000000000, 0.000000000000000000, -3.491481338843133355E-15 ) ) ;
#2377 = ORIENTED_EDGE ( 'NONE', *, *, #5198, .F. ) ;
#2378 = CARTESIAN_POINT ( 'NONE',  ( 9.281126975314611727, -6.349999999999999645, 2.106080121565638397 ) ) ;
#2379 = ORIENTED_EDGE ( 'NONE', *, *, #1073, .F. ) ;
#2380 = CARTESIAN_POINT ( 'NONE',  ( 2.070971087514245301, -1.067192003028236691, 9.654274468678124776 ) ) ;
#2381 =( BOUNDED_CURVE ( )  B_SPLINE_CURVE ( 3, ( #422, #1060, #1100, #6340 ),
 .UNSPECIFIED., .F., .T. ) 
 B_SPLINE_CURVE_WITH_KNOTS ( ( 4, 4 ),
 ( 3.657999109116281566, 5.766778851653100446 ),
 .UNSPECIFIED. ) 
 CURVE ( )  GEOMETRIC_REPRESENTATION_ITEM ( )  RATIONAL_B_SPLINE_CURVE ( ( 1.000000000000000000, 0.6625055929971773727, 0.6625055929971773727, 1.000000000000000000 ) ) 
 REPRESENTATION_ITEM ( '' )  );
#2382 = EDGE_CURVE ( 'NONE', #8172, #7774, #2936, .T. ) ;
#2383 = CARTESIAN_POINT ( 'NONE',  ( 8.741391311106411877, -0.7499999999999997780, 1.825094118289398271 ) ) ;
#2384 = DIRECTION ( 'NONE',  ( 1.000000000000000000, 0.000000000000000000, -1.607039032523497597E-14 ) ) ;
#2385 = CARTESIAN_POINT ( 'NONE',  ( -4.719110897281589168, -0.7499999999999997780, -5.444241131417114410 ) ) ;
#2386 = CARTESIAN_POINT ( 'NONE',  ( 5.633653610058516392, -1.249999999999999778, -3.273201351990667529 ) ) ;
#2387 = ORIENTED_EDGE ( 'NONE', *, *, #4872, .T. ) ;
#2388 = ORIENTED_EDGE ( 'NONE', *, *, #4506, .F. ) ;
#2389 = CARTESIAN_POINT ( 'NONE',  ( -5.008955872946069476, -0.7499999999999997780, -5.195519756866638694 ) ) ;
#2390 = LINE ( 'NONE', #370, #4894 ) ;
#2391 = LINE ( 'NONE', #3522, #5276 ) ;
#2392 = CARTESIAN_POINT ( 'NONE',  ( -12.69999999999999929, -6.349999999999999645, -1.734723475976804925E-15 ) ) ;
#2393 = CARTESIAN_POINT ( 'NONE',  ( 0.9948548703877909682, -1.249999999999999778, 0.000000000000000000 ) ) ;
#2394 = CARTESIAN_POINT ( 'NONE',  ( 9.203283201169480066, -0.8339739459306667602, 0.7100921513876771174 ) ) ;
#2395 = CARTESIAN_POINT ( 'NONE',  ( -9.678354296802027079, -1.249999999999999778, 2.105145129612313593 ) ) ;
#2396 = LINE ( 'NONE', #7671, #501 ) ;
#2397 = ORIENTED_EDGE ( 'NONE', *, *, #7498, .T. ) ;
#2398 = CARTESIAN_POINT ( 'NONE',  ( -6.274854870387764905, -0.7499999999999997780, 2.279351210769302138 ) ) ;
#2399 = CARTESIAN_POINT ( 'NONE',  ( -2.156646134153854089, -0.7499999999999997780, 8.539091577304825265 ) ) ;
#2400 = CARTESIAN_POINT ( 'NONE',  ( 1.989602885820450862, -12.16457082008654211, -2.410713435953711237 ) ) ;
#2401 = EDGE_CURVE ( 'NONE', #5854, #2407, #303, .T. ) ;
#2402 = CARTESIAN_POINT ( 'NONE',  ( -3.273201351990647989, -6.349999999999999645, -5.633653610058527939 ) ) ;
#2403 = CARTESIAN_POINT ( 'NONE',  ( -9.530431722890567059, -1.250000000000000000, -0.5853924772788433595 ) ) ;
#2404 = CARTESIAN_POINT ( 'NONE',  ( 9.671956310102137522, -1.152677804707682219, -2.096174882211921719 ) ) ;
#2405 = AXIS2_PLACEMENT_3D ( 'NONE', #6018, #5979, #5330 ) ;
#2406 = CARTESIAN_POINT ( 'NONE',  ( 1.734723475976804925E-15, -4.849999999999996980, -14.80000000000000071 ) ) ;
#2407 = VERTEX_POINT ( 'NONE', #2433 ) ;
#2408 = CARTESIAN_POINT ( 'NONE',  ( 9.154518501907967121, -0.7500000000000002220, -0.8670548350781834834 ) ) ;
#2409 =( BOUNDED_CURVE ( )  B_SPLINE_CURVE ( 3, ( #437, #3725, #1754, #6356 ),
 .UNSPECIFIED., .F., .T. ) 
 B_SPLINE_CURVE_WITH_KNOTS ( ( 4, 4 ),
 ( 0.000000000000000000, 1.000000000000000000 ),
 .UNSPECIFIED. ) 
 CURVE ( )  GEOMETRIC_REPRESENTATION_ITEM ( )  RATIONAL_B_SPLINE_CURVE ( ( 1.000000000000000000, 0.8048096403827887935, 0.8048096403827887935, 1.000000000000000000 ) ) 
 REPRESENTATION_ITEM ( '' )  );
#2410 = CARTESIAN_POINT ( 'NONE',  ( -9.297056062852071534, -0.8004147824066337735, 0.7605129427896606398 ) ) ;
#2411 = CARTESIAN_POINT ( 'NONE',  ( -5.103397455562689977, -0.7499999999999997780, 5.103761866399098679 ) ) ;
#2412 = ADVANCED_FACE ( 'NONE', ( #5118 ), #6482, .F. ) ;
#2413 = VECTOR ( 'NONE', #7959, 1000.000000000000000 ) ;
#2414 = CARTESIAN_POINT ( 'NONE',  ( 8.527837839776362117, -0.7499999999999997780, -2.192387404637242909 ) ) ;
#2415 = CARTESIAN_POINT ( 'NONE',  ( 2.685283670518134436, -6.349999999999999645, -5.752636975339923353 ) ) ;
#2416 = CARTESIAN_POINT ( 'NONE',  ( 9.299109199783138990, -1.249999999999999778, 2.105145129612210120 ) ) ;
#2417 = CARTESIAN_POINT ( 'NONE',  ( 5.103397455562737051, -0.7499999999999997780, -5.103761866399051605 ) ) ;
#2418 = EDGE_LOOP ( 'NONE', ( #3447, #5176, #3614 ) ) ;
#2419 = CARTESIAN_POINT ( 'NONE',  ( 2.108979684472907845, -6.350000000000000533, -9.251824063420537314 ) ) ;
#2420 = CARTESIAN_POINT ( 'NONE',  ( -2.886440657710565461, -1.249999999999999778, 5.723143872992085157 ) ) ;
#2421 = DIRECTION ( 'NONE',  ( -4.441258270103199007E-15, 0.000000000000000000, -1.000000000000000000 ) ) ;
#2422 = VECTOR ( 'NONE', #1903, 1000.000000000000000 ) ;
#2423 = ORIENTED_EDGE ( 'NONE', *, *, #4811, .F. ) ;
#2424 = EDGE_LOOP ( 'NONE', ( #1965, #5665, #2351, #179 ) ) ;
#2425 = CARTESIAN_POINT ( 'NONE',  ( 1.605145129612209898, -0.7499999999999996669, 9.344284074950623520 ) ) ;
#2426 = CARTESIAN_POINT ( 'NONE',  ( -2.279351210769155589, -0.7499999999999997780, -6.274854870387789774 ) ) ;
#2427 = AXIS2_PLACEMENT_3D ( 'NONE', #3706, #2476, #6338 ) ;
#2428 = CARTESIAN_POINT ( 'NONE',  ( -9.286119137429894366, -0.7499999999999997780, 1.605145129612307153 ) ) ;
#2429 = DIRECTION ( 'NONE',  ( 0.000000000000000000, 1.000000000000000000, -0.000000000000000000 ) ) ;
#2430 = CARTESIAN_POINT ( 'NONE',  ( 5.729727507366503048, -1.249999999999999778, -2.846498317571625858 ) ) ;
#2431 = ADVANCED_FACE ( 'NONE', ( #1090 ), #1049, .F. ) ;
#2432 = ORIENTED_EDGE ( 'NONE', *, *, #353, .F. ) ;
#2433 = CARTESIAN_POINT ( 'NONE',  ( 9.563313570181753320, -1.249999999999999778, 0.7270925849430750487 ) ) ;
#2434 = CARTESIAN_POINT ( 'NONE',  ( 1.609750695353837191, -0.7499999999999997780, 9.204977865299715845 ) ) ;
#2435 = CARTESIAN_POINT ( 'NONE',  ( 4.880070523796574022, -1.249999999999999778, 4.615838004787285342 ) ) ;
#2436 = CARTESIAN_POINT ( 'NONE',  ( -5.771808120863263447, -6.349999999999999645, 2.467562294700985426 ) ) ;
#2437 = CARTESIAN_POINT ( 'NONE',  ( 9.041386124426885829, -6.350000000000001421, -2.251379595086588470 ) ) ;
#2438 = EDGE_LOOP ( 'NONE', ( #7112, #1129, #7552, #4120 ) ) ;
#2439 = EDGE_CURVE ( 'NONE', #7958, #1517, #3084, .T. ) ;
#2440 = ORIENTED_EDGE ( 'NONE', *, *, #3605, .T. ) ;
#2441 = CARTESIAN_POINT ( 'NONE',  ( -2.192387404637208270, -0.7499999999999997780, -8.527837839776372775 ) ) ;
#2442 = LINE ( 'NONE', #2479, #8304 ) ;
#2443 = LINE ( 'NONE', #7625, #3753 ) ;
#2444 = CARTESIAN_POINT ( 'NONE',  ( -3.031737370648488472, -6.349999999999999645, -5.693895767210744197 ) ) ;
#2445 = CARTESIAN_POINT ( 'NONE',  ( 4.998841268229941015, -6.350000000000000533, -4.473107448934287689 ) ) ;
#2446 = CARTESIAN_POINT ( 'NONE',  ( 9.617147878727388743, -0.9649331678688195524, -2.017591391994232985 ) ) ;
#2447 = LINE ( 'NONE', #6430, #5040 ) ;
#2448 = ORIENTED_EDGE ( 'NONE', *, *, #2079, .T. ) ;
#2449 = ADVANCED_FACE ( 'NONE', ( #7021 ), #5203, .T. ) ;
#2450 = CARTESIAN_POINT ( 'NONE',  ( -5.523435962883299410, -0.7499999999999997780, -4.613009108793396429 ) ) ;
#2451 = B_SPLINE_CURVE_WITH_KNOTS ( 'NONE', 3,
 ( #6330, #2389, #2297, #8389, #1131, #1728, #2469, #4385, #4254, #4941, #6882, #955, #8518, #7747 ),
 .UNSPECIFIED., .F., .F.,
 ( 4, 2, 2, 2, 2, 2, 4 ),
 ( 0.000000000000000000, 0.0003965523630956380770, 0.0007931047261912761541, 0.001586209452382550140, 0.002379314178573824125, 0.002775866541669460251, 0.003172418904765096810 ),
 .UNSPECIFIED. ) ;
#2452 = CARTESIAN_POINT ( 'NONE',  ( 2.411470209190168745, -0.7499999999999998890, -6.272615740881170687 ) ) ;
#2453 = CARTESIAN_POINT ( 'NONE',  ( 2.110413316599349720, -1.250000000000000000, 9.233001570653337708 ) ) ;
#2454 = CARTESIAN_POINT ( 'NONE',  ( -0.4948548703876918253, -1.249999999999999778, 9.271084787564046081 ) ) ;
#2455 = CARTESIAN_POINT ( 'NONE',  ( -5.012403481233306479, -6.350000000000000533, 4.456242149587080092 ) ) ;
#2456 = CARTESIAN_POINT ( 'NONE',  ( -2.481203500579764132, -6.349999999999999645, 5.771359271333146523 ) ) ;
#2457 = EDGE_CURVE ( 'NONE', #7144, #4020, #368, .T. ) ;
#2458 = LINE ( 'NONE', #4414, #3349 ) ;
#2459 = ORIENTED_EDGE ( 'NONE', *, *, #4951, .T. ) ;
#2460 = EDGE_LOOP ( 'NONE', ( #3597, #5590, #1636, #8382 ) ) ;
#2461 = CARTESIAN_POINT ( 'NONE',  ( -0.7430455161297788713, -0.8131067495198563977, 6.174131128684611447 ) ) ;
#2462 = CARTESIAN_POINT ( 'NONE',  ( 1.895897864506560948, -0.7884503103994734419, 9.834301019142706934 ) ) ;
#2463 = CARTESIAN_POINT ( 'NONE',  ( -8.741391311106411877, -0.7499999999999997780, -1.825094118289398271 ) ) ;
#2464 = B_SPLINE_CURVE_WITH_KNOTS ( 'NONE', 3,
 ( #251, #6123, #2742, #8104, #2826, #2183 ),
 .UNSPECIFIED., .F., .F.,
 ( 4, 2, 4 ),
 ( 0.000000000000000000, 0.0003906203680774697593, 0.0007812407361549397354 ),
 .UNSPECIFIED. ) ;
#2465 = CARTESIAN_POINT ( 'NONE',  ( 0.4948548703877705401, -6.349999999999999645, -6.074809178934711618 ) ) ;
#2466 = CARTESIAN_POINT ( 'NONE',  ( -9.190067605226111880, -1.249999999999999778, 2.123812721427165595 ) ) ;
#2467 = CARTESIAN_POINT ( 'NONE',  ( 5.755478488678688720, -6.349999999999999645, -2.658265215455201336 ) ) ;
#2468 = ORIENTED_EDGE ( 'NONE', *, *, #5677, .T. ) ;
#2469 = CARTESIAN_POINT ( 'NONE',  ( -4.048940729643130787, -0.7499999999999997780, -5.869952001185455792 ) ) ;
#2470 = CARTESIAN_POINT ( 'NONE',  ( -2.123360502070205325, -6.350000000000000533, -9.195769333336567541 ) ) ;
#2471 = CARTESIAN_POINT ( 'NONE',  ( -17.67766952966368876, -16.35000000000000142, -1.658629486687709519E-16 ) ) ;
#2472 = CARTESIAN_POINT ( 'NONE',  ( 2.188081456463047747, -1.249999999999999778, 9.089434107778910032 ) ) ;
#2473 = CARTESIAN_POINT ( 'NONE',  ( -13.43502884254440133, -6.349999999999999645, 0.000000000000000000 ) ) ;
#2474 = FACE_OUTER_BOUND ( 'NONE', #6411, .T. ) ;
#2475 = CARTESIAN_POINT ( 'NONE',  ( -6.074854871206050611, -1.184538517676302138, 0.4948548703878547506 ) ) ;
#2476 = DIRECTION ( 'NONE',  ( -0.000000000000000000, -1.000000000000000000, -0.000000000000000000 ) ) ;
#2477 = EDGE_LOOP ( 'NONE', ( #458, #3300, #6712, #3906 ) ) ;
#2478 = DIRECTION ( 'NONE',  ( -0.000000000000000000, -1.000000000000000000, -0.000000000000000000 ) ) ;
#2479 = CARTESIAN_POINT ( 'NONE',  ( -5.774854870387766681, -0.7499999999999997780, 2.275387937340485500 ) ) ;
#2480 = CYLINDRICAL_SURFACE ( 'NONE', #4294, 0.5000000000000004441 ) ;
#2481 = DIRECTION ( 'NONE',  ( -0.000000000000000000, 0.000000000000000000, 1.000000000000000000 ) ) ;
#2482 = EDGE_CURVE ( 'NONE', #1787, #3393, #2451, .T. ) ;
#2483 = CARTESIAN_POINT ( 'NONE',  ( 6.074809178934708065, -0.7499999999999997780, -0.4948548703878122290 ) ) ;
#2484 = CARTESIAN_POINT ( 'NONE',  ( 9.806852196760729612, -0.9372534392549226601, -1.645652032776121265 ) ) ;
#2485 = DIRECTION ( 'NONE',  ( -0.7071067811865450192, 0.000000000000000000, -0.7071067811865500152 ) ) ;
#2486 = ORIENTED_EDGE ( 'NONE', *, *, #4832, .F. ) ;
#2487 = CARTESIAN_POINT ( 'NONE',  ( -5.772919569475144286, -1.249999999999999778, -2.389335515751004557 ) ) ;
#2488 = VERTEX_POINT ( 'NONE', #3256 ) ;
#2489 = LINE ( 'NONE', #7856, #6639 ) ;
#2490 = CARTESIAN_POINT ( 'NONE',  ( 2.555000000000000160, -6.349999999999999645, -3.089999999999999858 ) ) ;
#2491 = CARTESIAN_POINT ( 'NONE',  ( 4.163775357382872855, -6.349999999999999645, -5.223832818756071639 ) ) ;
#2492 = ADVANCED_FACE ( 'NONE', ( #3863 ), #1945, .F. ) ;
#2493 = EDGE_CURVE ( 'NONE', #6931, #2250, #2664, .T. ) ;
#2494 = CARTESIAN_POINT ( 'NONE',  ( 1.653639719517049283E-16, -16.35000000000000142, -3.469446951953614189E-15 ) ) ;
#2495 = CARTESIAN_POINT ( 'NONE',  ( -0.5122168160552613703, -1.101661676798982858, -9.265538987049263042 ) ) ;
#2496 = CARTESIAN_POINT ( 'NONE',  ( 2.113604530851440177, -6.349999999999999645, -9.229034011522633918 ) ) ;
#2497 = AXIS2_PLACEMENT_3D ( 'NONE', #5686, #8220, #878 ) ;
#2498 = DIRECTION ( 'NONE',  ( 1.000000000000000000, 0.000000000000000000, -1.047444401652940007E-14 ) ) ;
#2499 = CARTESIAN_POINT ( 'NONE',  ( 9.233001570653327050, -1.250000000000000000, -2.110413316599383471 ) ) ;
#2500 = EDGE_LOOP ( 'NONE', ( #1217, #7126, #7967, #1403 ) ) ;
#2501 = EDGE_LOOP ( 'NONE', ( #219, #2167, #3437, #5738 ) ) ;
#2502 = CARTESIAN_POINT ( 'NONE',  ( -6.074854870387789596, -0.9571067811865472397, -0.4948548703877919674 ) ) ;
#2503 = CARTESIAN_POINT ( 'NONE',  ( 2.017591391994197458, -0.9649331678688162217, 9.617147878727395849 ) ) ;
#2504 = AXIS2_PLACEMENT_3D ( 'NONE', #6497, #5207, #6416 ) ;
#2505 = CARTESIAN_POINT ( 'NONE',  ( -9.074356132575625011, -0.7499999999999996669, -1.636022343700566095 ) ) ;
#2506 = EDGE_CURVE ( 'NONE', #7058, #2544, #6891, .T. ) ;
#2507 = CARTESIAN_POINT ( 'NONE',  ( -8.540746395040379468, -0.7500000000000001110, 2.151390521221546948 ) ) ;
#2508 = CARTESIAN_POINT ( 'NONE',  ( -4.768964163857674521, -0.7499999999999997780, -4.731547459428067981 ) ) ;
#2509 = CARTESIAN_POINT ( 'NONE',  ( 13.43502884254440310, -6.349999999999999645, -8.673617379884035472E-16 ) ) ;
#2510 = ORIENTED_EDGE ( 'NONE', *, *, #5267, .T. ) ;
#2511 = AXIS2_PLACEMENT_3D ( 'NONE', #3602, #5081, #2342 ) ;
#2512 = CARTESIAN_POINT ( 'NONE',  ( 4.749987219571101704, -0.7499999999999997780, 4.749987219571101704 ) ) ;
#2513 = CARTESIAN_POINT ( 'NONE',  ( -2.112548391227315747, -6.350000000000002309, -9.227293785926013570 ) ) ;
#2514 = CARTESIAN_POINT ( 'NONE',  ( -1.679355324150386686, -0.7499999999999998890, -8.951975539416427097 ) ) ;
#2515 = FACE_OUTER_BOUND ( 'NONE', #7394, .T. ) ;
#2516 = DIRECTION ( 'NONE',  ( 0.000000000000000000, 0.000000000000000000, 1.000000000000000000 ) ) ;
#2517 = EDGE_CURVE ( 'NONE', #5854, #6101, #6494, .T. ) ;
#2518 = CIRCLE ( 'NONE', #8035, 9.305145129612210297 ) ;
#2519 = DIRECTION ( 'NONE',  ( -0.000000000000000000, -1.000000000000000000, -0.000000000000000000 ) ) ;
#2520 = CARTESIAN_POINT ( 'NONE',  ( 2.066716651290678275, -0.9950584864165534782, 10.13824484182496732 ) ) ;
#2521 = EDGE_LOOP ( 'NONE', ( #3511, #2782, #8277, #6946 ) ) ;
#2522 = CARTESIAN_POINT ( 'NONE',  ( -1.499999999999999334, -14.31969384566990833, -2.741464024932667609 ) ) ;
#2523 = CARTESIAN_POINT ( 'NONE',  ( -5.774854870387789774, -1.184538517676302138, -0.7948548712060512500 ) ) ;
#2524 = CARTESIAN_POINT ( 'NONE',  ( -2.348482047969516984, -0.7499999999999997780, 9.002888471517024982 ) ) ;
#2525 = CARTESIAN_POINT ( 'NONE',  ( 4.624965505482180106, -6.349999999999999645, 4.871469919085686939 ) ) ;
#2526 = CARTESIAN_POINT ( 'NONE',  ( 0.7948091789346887204, -1.249999999999999778, -5.774854870387795103 ) ) ;
#2527 = CARTESIAN_POINT ( 'NONE',  ( 4.921176097712721464, -6.349999999999998757, -4.568108057989839210 ) ) ;
#2528 = CARTESIAN_POINT ( 'NONE',  ( -10.13824484182494956, -0.9950584864165571419, 2.066716651290784412 ) ) ;
#2529 = CARTESIAN_POINT ( 'NONE',  ( -2.789519729342995191, -0.7499999999999997780, -6.243775912939191208 ) ) ;
#2530 = ORIENTED_EDGE ( 'NONE', *, *, #3682, .F. ) ;
#2531 = CARTESIAN_POINT ( 'NONE',  ( -5.047838596695554791, -0.7499999999999997780, -4.413936885869913951 ) ) ;
#2532 = EDGE_CURVE ( 'NONE', #6183, #5569, #2931, .T. ) ;
#2533 = ORIENTED_EDGE ( 'NONE', *, *, #6297, .F. ) ;
#2534 = FACE_OUTER_BOUND ( 'NONE', #2979, .T. ) ;
#2535 = CARTESIAN_POINT ( 'NONE',  ( -0.9686702522716337249, -0.7500000000000000000, -6.209393325097495087 ) ) ;
#2536 = AXIS2_PLACEMENT_3D ( 'NONE', #4441, #7076, #2257 ) ;
#2537 = CARTESIAN_POINT ( 'NONE',  ( 0.6191424365563058529, -6.350000000000001421, 5.774908376104342267 ) ) ;
#2538 = ORIENTED_EDGE ( 'NONE', *, *, #5945, .T. ) ;
#2539 = CARTESIAN_POINT ( 'NONE',  ( 1.679355324150386686, -0.7499999999999998890, 8.951975539416427097 ) ) ;
#2540 = DIRECTION ( 'NONE',  ( 0.000000000000000000, 0.000000000000000000, 1.000000000000000000 ) ) ;
#2541 = ORIENTED_EDGE ( 'NONE', *, *, #6500, .T. ) ;
#2542 = EDGE_CURVE ( 'NONE', #1869, #3880, #3900, .T. ) ;
#2543 = AXIS2_PLACEMENT_3D ( 'NONE', #4835, #2158, #6862 ) ;
#2544 = VERTEX_POINT ( 'NONE', #2642 ) ;
#2545 = CARTESIAN_POINT ( 'NONE',  ( 9.666678350329943825, -1.105333977040653837, 2.088758567957425871 ) ) ;
#2546 = CARTESIAN_POINT ( 'NONE',  ( -1.500000000000000000, -11.38030615433009274, -2.741464024932667609 ) ) ;
#2547 = CARTESIAN_POINT ( 'NONE',  ( 5.775249408043547028, -0.7499999999999988898, 2.252158159391612013 ) ) ;
#2548 = AXIS2_PLACEMENT_3D ( 'NONE', #2561, #8484, #7109 ) ;
#2549 = VERTEX_POINT ( 'NONE', #5296 ) ;
#2550 = CARTESIAN_POINT ( 'NONE',  ( -9.138289497553023111, -6.349999999999999645, 2.149601316833887221 ) ) ;
#2551 = B_SPLINE_CURVE_WITH_KNOTS ( 'NONE', 3,
 ( #6614, #4633, #7261, #1336, #2751, #735, #4468, #2672, #2026, #5325, #1376, #6456, #1461, #3374 ),
 .UNSPECIFIED., .F., .F.,
 ( 4, 2, 2, 2, 2, 2, 4 ),
 ( 0.000000000000000000, 0.0003474869847659703068, 0.0006949739695319406135, 0.001389947939063879709, 0.002084921908595820106, 0.002432408893361790413, 0.002779895878127760719 ),
 .UNSPECIFIED. ) ;
#2552 = CARTESIAN_POINT ( 'NONE',  ( -8.539091577303434377, -0.7499999999999997780, -2.156646134158424655 ) ) ;
#2553 = ORIENTED_EDGE ( 'NONE', *, *, #1989, .F. ) ;
#2554 = EDGE_CURVE ( 'NONE', #1801, #4962, #4552, .T. ) ;
#2555 = EDGE_CURVE ( 'NONE', #6796, #2305, #5847, .T. ) ;
#2556 = CARTESIAN_POINT ( 'NONE',  ( -0.7556240927565108789, -0.9841965344501242274, 9.511754941615128800 ) ) ;
#2557 = DIRECTION ( 'NONE',  ( -1.607039032523497913E-14, 0.000000000000000000, -1.000000000000000000 ) ) ;
#2558 = VECTOR ( 'NONE', #4219, 1000.000000000000000 ) ;
#2559 = DIRECTION ( 'NONE',  ( 0.000000000000000000, 1.000000000000000000, 0.000000000000000000 ) ) ;
#2560 = CYLINDRICAL_SURFACE ( 'NONE', #4585, 3.219854870387946821 ) ;
#2561 = CARTESIAN_POINT ( 'NONE',  ( 1.653639719517049283E-16, -7.589999999999999858, -3.469446951953614189E-15 ) ) ;
#2562 = CARTESIAN_POINT ( 'NONE',  ( 5.774854870387788885, -6.349999999999999645, -0.7948091789347282443 ) ) ;
#2563 = PRESENTATION_LAYER_ASSIGNMENT (  '', '', ( #7128 ) ) ;
#2564 = ORIENTED_EDGE ( 'NONE', *, *, #247, .T. ) ;
#2565 = EDGE_CURVE ( 'NONE', #2907, #2640, #1219, .T. ) ;
#2566 = CARTESIAN_POINT ( 'NONE',  ( 4.749987219571084829, -1.249999999999999778, -4.749987219571117691 ) ) ;
#2567 = CARTESIAN_POINT ( 'NONE',  ( -5.774854870387789774, -1.249999999999999778, -0.7948548703877920119 ) ) ;
#2568 = EDGE_LOOP ( 'NONE', ( #1597, #5015, #4495, #7225 ) ) ;
#2569 = CARTESIAN_POINT ( 'NONE',  ( -9.067733686854525743, -6.350000000000000533, 2.211476516841460960 ) ) ;
#2570 = B_SPLINE_SURFACE_WITH_KNOTS ( 'NONE', 3, 1, ( 
 ( #3694, #454 ),
 ( #6327, #409 ),
 ( #7705, #1813 ),
 ( #8387, #2467 ),
 ( #2430, #8301 ),
 ( #3031, #3739 ),
 ( #2386, #5030 ),
 ( #997, #7656 ),
 ( #364, #5635 ),
 ( #1724, #1173 ),
 ( #6451, #4382 ),
 ( #3778, #2933 ),
 ( #5589, #4980 ),
 ( #4333, #7018 ),
 ( #6409, #3082 ),
 ( #3645, #5724 ) ),
 .UNSPECIFIED., .F., .F., .F.,
 ( 4, 1, 1, 1, 1, 1, 1, 1, 1, 1, 1, 1, 1, 4 ),
 ( 2, 2 ),
 ( 0.000000000000000000, 0.07008065970646608356, 0.1396731865527653382, 0.2087776709625975835, 0.2773942053609593783, 0.3455228842305990700, 0.4803170639563514865, 0.5469827646034604030, 0.6788519041324944103, 0.7440555568396702846, 0.8087720782009333309, 0.8730015814535390106, 0.9367441825021913804, 1.000000000000000000 ),
 ( 0.000000000000000000, 1.000000000000000000 ),
 .UNSPECIFIED. ) ;
#2571 = CARTESIAN_POINT ( 'NONE',  ( -12.69999999999999929, -4.349999999999999645, -1.600000000000005862 ) ) ;
#2572 = CIRCLE ( 'NONE', #6713, 2.100000000000000089 ) ;
#2573 = CARTESIAN_POINT ( 'NONE',  ( -9.935836767996176988, -1.249999999999999778, 1.651322806674164756 ) ) ;
#2574 = CARTESIAN_POINT ( 'NONE',  ( -4.749987219571051966, -1.249999999999999778, 4.749987219571150554 ) ) ;
#2575 = CARTESIAN_POINT ( 'NONE',  ( -9.678273618406755929, -1.224858571264064722, 2.105145129612311372 ) ) ;
#2576 = CARTESIAN_POINT ( 'NONE',  ( -2.252437811466490913, -0.7499999999999997780, -5.775218723744991678 ) ) ;
#2577 = ORIENTED_EDGE ( 'NONE', *, *, #968, .T. ) ;
#2578 = CARTESIAN_POINT ( 'NONE',  ( -5.770063376547239997, -0.7500000000000578426, -2.495959201844192066 ) ) ;
#2579 = CARTESIAN_POINT ( 'NONE',  ( 2.264314106080065336, -0.8043540949612060231, 8.779380792806675160 ) ) ;
#2580 = CARTESIAN_POINT ( 'NONE',  ( -4.954345035677255815, -6.350000000000000533, -4.527203422770980090 ) ) ;
#2581 = FACE_OUTER_BOUND ( 'NONE', #6953, .T. ) ;
#2582 = CARTESIAN_POINT ( 'NONE',  ( 4.830624969971883509, -1.249999999999999778, 4.666829039029747328 ) ) ;
#2583 = CARTESIAN_POINT ( 'NONE',  ( -4.880070523796574022, -6.349999999999999645, -4.615838004787285342 ) ) ;
#2584 = CARTESIAN_POINT ( 'NONE',  ( -6.274854870387789774, -0.7499999999999997780, -0.9948548703877916344 ) ) ;
#2585 = CARTESIAN_POINT ( 'NONE',  ( 0.4948900776560358761, -1.249999999999999778, -9.416551571811835331 ) ) ;
#2586 = ORIENTED_EDGE ( 'NONE', *, *, #6658, .F. ) ;
#2587 = EDGE_CURVE ( 'NONE', #2986, #7518, #4600, .T. ) ;
#2588 = CYLINDRICAL_SURFACE ( 'NONE', #7477, 0.5000000000000000000 ) ;
#2589 = CARTESIAN_POINT ( 'NONE',  ( 1.895897864506529862, -0.7884503103994841000, -9.834301019142539957 ) ) ;
#2590 = CARTESIAN_POINT ( 'NONE',  ( 2.439871194027436019, -6.349999999999999645, 5.770829219887830597 ) ) ;
#2591 = EDGE_LOOP ( 'NONE', ( #3919, #7100, #6865, #2964 ) ) ;
#2592 = CARTESIAN_POINT ( 'NONE',  ( -0.9948548703877270194, -0.7499999999999996669, 6.274854870387799544 ) ) ;
#2593 = CARTESIAN_POINT ( 'NONE',  ( -9.271102943336662960, -6.349999999999999645, 0.4948548703878887789 ) ) ;
#2594 = DIRECTION ( 'NONE',  ( 0.000000000000000000, 0.000000000000000000, 1.000000000000000000 ) ) ;
#2595 = EDGE_CURVE ( 'NONE', #2011, #2934, #7872, .T. ) ;
#2596 = DIRECTION ( 'NONE',  ( 8.486905459769115320E-17, 0.000000000000000000, -1.000000000000000000 ) ) ;
#2597 = CARTESIAN_POINT ( 'NONE',  ( -2.054607589228459208, -1.030008899707537839, -9.642852424230088815 ) ) ;
#2598 = CARTESIAN_POINT ( 'NONE',  ( -9.067256541108497103, -0.7499999999999997780, -2.212108988618934458 ) ) ;
#2599 = VERTEX_POINT ( 'NONE', #5817 ) ;
#2600 = ORIENTED_EDGE ( 'NONE', *, *, #7626, .T. ) ;
#2601 = CARTESIAN_POINT ( 'NONE',  ( -2.192387404589879019, -0.7499999999999997780, 8.527837839788540819 ) ) ;
#2602 = DIRECTION ( 'NONE',  ( 1.000000000000000000, 0.000000000000000000, -1.142422094778946730E-14 ) ) ;
#2603 = CARTESIAN_POINT ( 'NONE',  ( 2.275387937340400235, -6.349999999999999645, -5.774854870387802208 ) ) ;
#2604 = EDGE_CURVE ( 'NONE', #1209, #1747, #8431, .T. ) ;
#2605 = CARTESIAN_POINT ( 'NONE',  ( 2.278515257698311647, -0.7499999999998584466, -6.143145171666531290 ) ) ;
#2606 = ADVANCED_FACE ( 'NONE', ( #5156 ), #7089, .F. ) ;
#2607 = LINE ( 'NONE', #3999, #906 ) ;
#2608 = CARTESIAN_POINT ( 'NONE',  ( -6.144563154556920814, -0.7499999999995723421, 2.278318447378762990 ) ) ;
#2609 = CARTESIAN_POINT ( 'NONE',  ( 2.107992638090519844, -1.249999999999999778, 9.244344518389903342 ) ) ;
#2610 = ORIENTED_EDGE ( 'NONE', *, *, #6870, .F. ) ;
#2611 = CARTESIAN_POINT ( 'NONE',  ( 1.645440850620636608, -0.9250707305094182376, 9.799624718477112140 ) ) ;
#2612 = CARTESIAN_POINT ( 'NONE',  ( 4.593177316763199514, -0.7499999999999997780, -4.900310932085327309 ) ) ;
#2613 = CARTESIAN_POINT ( 'NONE',  ( 4.352419305668610683, -1.249999999999999334, 5.093866551585399804 ) ) ;
#2614 = CARTESIAN_POINT ( 'NONE',  ( 4.844298874234593377, -6.349999999999999645, -4.652928092866587484 ) ) ;
#2615 = EDGE_CURVE ( 'NONE', #5365, #8507, #3397, .T. ) ;
#2616 = CARTESIAN_POINT ( 'NONE',  ( -9.895190270746738292, -1.067192002139786267, 1.649780075212665675 ) ) ;
#2617 = ORIENTED_EDGE ( 'NONE', *, *, #3576, .F. ) ;
#2618 = CARTESIAN_POINT ( 'NONE',  ( -5.183532004855918807, -0.7499999999999997780, -5.021134005223019336 ) ) ;
#2619 = DIRECTION ( 'NONE',  ( 0.000000000000000000, 0.000000000000000000, 1.000000000000000000 ) ) ;
#2620 = CARTESIAN_POINT ( 'NONE',  ( -5.596587704536459817, -6.350000000000000533, -3.401930685069071369 ) ) ;
#2621 = CARTESIAN_POINT ( 'NONE',  ( -5.116479423851534314, -1.249999999999999778, -4.321772194142264212 ) ) ;
#2622 = FACE_BOUND ( 'NONE', #537, .T. ) ;
#2623 = CARTESIAN_POINT ( 'NONE',  ( 0.4948548703877565513, -1.249999999999999778, -9.271084787564042529 ) ) ;
#2624 = ORIENTED_EDGE ( 'NONE', *, *, #5404, .T. ) ;
#2625 = DIRECTION ( 'NONE',  ( 0.000000000000000000, 0.000000000000000000, -1.000000000000000000 ) ) ;
#2626 = CARTESIAN_POINT ( 'NONE',  ( 1.954965967418261341, -0.8256352976920925402, -9.938996422655451468 ) ) ;
#2627 = EDGE_LOOP ( 'NONE', ( #365, #3695, #1665, #2486 ) ) ;
#2628 = CARTESIAN_POINT ( 'NONE',  ( 3.402100798162491557, -6.350000000000001421, 5.596597400266150935 ) ) ;
#2629 = VECTOR ( 'NONE', #5216, 999.9999999999998863 ) ;
#2630 = ORIENTED_EDGE ( 'NONE', *, *, #6584, .T. ) ;
#2631 = CARTESIAN_POINT ( 'NONE',  ( 15.55634918610404682, -16.35000000000000142, 2.121320343559641497 ) ) ;
#2632 =( BOUNDED_SURFACE ( )  B_SPLINE_SURFACE ( 3, 2, ( 
 ( #4851, #5469, #4769 ),
 ( #6711, #4124, #7400 ),
 ( #1475, #7316, #4042 ),
 ( #1431, #120, #6670 ),
 ( #7486, #6750, #831 ),
 ( #6108, #6837, #4167 ),
 ( #8088, #4207, #5339 ),
 ( #5511, #2172, #7963 ),
 ( #4810, #7355, #2041 ),
 ( #3392, #1512, #8130 ),
 ( #6794, #3348, #2730 ),
 ( #873, #5379, #2209 ),
 ( #5990, #3515, #76 ),
 ( #6274, #7564, #2893 ) ),
 .UNSPECIFIED., .F., .F., .T. ) 
 B_SPLINE_SURFACE_WITH_KNOTS ( ( 4, 2, 2, 2, 2, 2, 4 ),
 ( 3, 3 ),
 ( 0.001563564152456369720, 0.001693708570894680854, 0.001823852989332991770, 0.002084141826209613604, 0.002344430663086235437, 0.002474575081524546354, 0.002604719499962857270 ),
 ( 0.000000000000000000, 1.000000000000000000 ),
 .UNSPECIFIED. ) 
 GEOMETRIC_REPRESENTATION_ITEM ( )  RATIONAL_B_SPLINE_SURFACE ( (
 ( 1.000000000000000000, 0.7071067811865475727, 1.000000000000000000),
 ( 1.000000000000000000, 0.7071067811865475727, 1.000000000000000000),
 ( 1.000000000000000000, 0.7071067811865475727, 1.000000000000000000),
 ( 1.000000000000000000, 0.7071067811865475727, 1.000000000000000000),
 ( 1.000000000000000000, 0.7071067811865475727, 1.000000000000000000),
 ( 1.000000000000000000, 0.7071067811865475727, 1.000000000000000000),
 ( 1.000000000000000000, 0.7071067811865475727, 1.000000000000000000),
 ( 1.000000000000000000, 0.7071067811865475727, 1.000000000000000000),
 ( 1.000000000000000000, 0.7071067811865473507, 1.000000000000000000),
 ( 1.000000000000000000, 0.7071067811865473507, 1.000000000000000000),
 ( 1.000000000000000000, 0.7071067811865473507, 1.000000000000000000),
 ( 1.000000000000000000, 0.7071067811865473507, 1.000000000000000000),
 ( 1.000000000000000000, 0.7071067811865475727, 1.000000000000000000),
 ( 1.000000000000000000, 0.7071067811865475727, 1.000000000000000000) ) ) 
 REPRESENTATION_ITEM ( '' )  SURFACE ( )  );
#2633 = PRESENTATION_STYLE_ASSIGNMENT (( #24 ) ) ;
#2634 = CARTESIAN_POINT ( 'NONE',  ( -2.100000000000000533, -12.71011694672559678, -2.314222331583552172 ) ) ;
#2635 = CARTESIAN_POINT ( 'NONE',  ( 2.105145129612210120, -6.349999999999999645, 9.299109199783138990 ) ) ;
#2636 = VECTOR ( 'NONE', #187, 1000.000000000000000 ) ;
#2637 = CARTESIAN_POINT ( 'NONE',  ( 9.448902058460525509E-16, -0.7499999999999997780, 0.9948548703877977406 ) ) ;
#2638 = CARTESIAN_POINT ( 'NONE',  ( -1.990103196638386196, -0.8599649199366820040, -10.00151536018419840 ) ) ;
#2639 = CARTESIAN_POINT ( 'NONE',  ( -9.021228600867361891, -1.249999999999999778, -2.291782914459387310 ) ) ;
#2640 = VERTEX_POINT ( 'NONE', #1756 ) ;
#2641 = B_SPLINE_SURFACE_WITH_KNOTS ( 'NONE', 3, 1, ( 
 ( #8184, #1146 ),
 ( #2952, #8318 ),
 ( #1062, #1610 ),
 ( #6895, #425 ),
 ( #3712, #1742 ),
 ( #5000, #2444 ),
 ( #5095, #2402 ),
 ( #3622, #4397 ),
 ( #7627, #4437 ),
 ( #3792, #6344 ),
 ( #5609, #7033 ),
 ( #6425, #2268 ),
 ( #4482, #7120 ),
 ( #5917, #3831 ),
 ( #8447, #7240 ),
 ( #47, #2655 ) ),
 .UNSPECIFIED., .F., .F., .F.,
 ( 4, 1, 1, 1, 1, 1, 1, 1, 1, 1, 1, 1, 1, 4 ),
 ( 2, 2 ),
 ( 0.000000000000000000, 0.07008065970646608356, 0.1396731865527653382, 0.2087776709625975835, 0.2773942053609593783, 0.3455228842305990700, 0.4803170639563514865, 0.5469827646034604030, 0.6788519041324944103, 0.7440555568396702846, 0.8087720782009333309, 0.8730015814535390106, 0.9367441825021913804, 1.000000000000000000 ),
 ( 0.000000000000000000, 1.000000000000000000 ),
 .UNSPECIFIED. ) ;
#2642 = CARTESIAN_POINT ( 'NONE',  ( -2.329991424587249504, -1.249999999999999778, 9.008710553930331599 ) ) ;
#2643 = CARTESIAN_POINT ( 'NONE',  ( 5.774854870387781780, -0.7499999999999997780, -2.275387937340445088 ) ) ;
#2644 = VECTOR ( 'NONE', #2901, 1000.000000000000114 ) ;
#2645 = PLANE ( 'NONE',  #6685 ) ;
#2646 = CARTESIAN_POINT ( 'NONE',  ( -5.774854870387783556, -1.249999999999999778, 0.4948548703878521970 ) ) ;
#2647 = VECTOR ( 'NONE', #4424, 1000.000000000000000 ) ;
#2648 = DIRECTION ( 'NONE',  ( -0.000000000000000000, -1.000000000000000000, -0.000000000000000000 ) ) ;
#2649 = CARTESIAN_POINT ( 'NONE',  ( -9.541911710230570165, -0.7538257325404321696, -1.727175184591358992 ) ) ;
#2650 = ORIENTED_EDGE ( 'NONE', *, *, #5606, .F. ) ;
#2651 = VECTOR ( 'NONE', #231, 1000.000000000000000 ) ;
#2652 = CARTESIAN_POINT ( 'NONE',  ( -9.186653874190234603, -6.349999999999999645, 2.126840748795344016 ) ) ;
#2653 = CARTESIAN_POINT ( 'NONE',  ( -9.271102943336709146, -6.349999999999999645, -0.4948548703877889698 ) ) ;
#2654 = CARTESIAN_POINT ( 'NONE',  ( 2.467562294700925030, -6.349999999999999645, 5.771808120863290092 ) ) ;
#2655 = CARTESIAN_POINT ( 'NONE',  ( -4.749987219571101704, -6.349999999999999645, -4.749987219571101704 ) ) ;
#2656 =( BOUNDED_CURVE ( )  B_SPLINE_CURVE ( 3, ( #3580, #2877, #5532, #4273 ),
 .UNSPECIFIED., .F., .T. ) 
 B_SPLINE_CURVE_WITH_KNOTS ( ( 4, 4 ),
 ( 0.000000000000000000, 1.000000000000000000 ),
 .UNSPECIFIED. ) 
 CURVE ( )  GEOMETRIC_REPRESENTATION_ITEM ( )  RATIONAL_B_SPLINE_CURVE ( ( 1.000000000000000000, 0.8048096403827887935, 0.8048096403827887935, 1.000000000000000000 ) ) 
 REPRESENTATION_ITEM ( '' )  );
#2657 = CARTESIAN_POINT ( 'NONE',  ( -4.830671322132737089, -1.250000000000000000, 4.666952640636915284 ) ) ;
#2658 = ORIENTED_EDGE ( 'NONE', *, *, #5806, .F. ) ;
#2659 = CARTESIAN_POINT ( 'NONE',  ( 5.008955872946069476, -0.7499999999999997780, 5.195519756866638694 ) ) ;
#2660 = EDGE_CURVE ( 'NONE', #910, #8528, #7010, .T. ) ;
#2661 = CARTESIAN_POINT ( 'NONE',  ( -4.798015527854523121, -6.349999999999999645, -4.700457728588552264 ) ) ;
#2662 = LINE ( 'NONE', #5183, #7333 ) ;
#2663 = CARTESIAN_POINT ( 'NONE',  ( 0.7948091789346888314, -6.349999999999999645, -5.774854870387792438 ) ) ;
#2664 = B_SPLINE_CURVE_WITH_KNOTS ( 'NONE', 3,
 ( #5862, #586, #3910, #2556, #5204, #7832 ),
 .UNSPECIFIED., .F., .F.,
 ( 4, 2, 4 ),
 ( -4.586812319618149581E-06, 0.0003993387824072184992, 0.0008032643771340549277 ),
 .UNSPECIFIED. ) ;
#2665 = CARTESIAN_POINT ( 'NONE',  ( -0.9948548703877906352, -0.7499999999999996669, -9.115647332695417049 ) ) ;
#2666 = ORIENTED_EDGE ( 'NONE', *, *, #1913, .F. ) ;
#2667 = FACE_OUTER_BOUND ( 'NONE', #7861, .T. ) ;
#2668 = CARTESIAN_POINT ( 'NONE',  ( 1.648963943095186568, -1.030008900595989596, -9.875745730233949971 ) ) ;
#2669 = ORIENTED_EDGE ( 'NONE', *, *, #3682, .T. ) ;
#2670 = CARTESIAN_POINT ( 'NONE',  ( 9.018609598767831415, -1.249999999999999778, -2.298552585863357312 ) ) ;
#2671 = EDGE_CURVE ( 'NONE', #6626, #5612, #4450, .T. ) ;
#2672 = CARTESIAN_POINT ( 'NONE',  ( -3.397802656289671486, -1.250000000000000000, 5.598110850518208004 ) ) ;
#2673 = CARTESIAN_POINT ( 'NONE',  ( 9.008710553930972864, -1.249999999999999778, 2.329991424587249060 ) ) ;
#2674 = ORIENTED_EDGE ( 'NONE', *, *, #6465, .F. ) ;
#2675 = VECTOR ( 'NONE', #3716, 1000.000000000000000 ) ;
#2676 = CARTESIAN_POINT ( 'NONE',  ( 5.747754113034372558, -1.249999999999999778, -2.724394546948935680 ) ) ;
#2677 = FACE_OUTER_BOUND ( 'NONE', #2189, .T. ) ;
#2678 = CARTESIAN_POINT ( 'NONE',  ( 2.527277109727307902, -0.7499999999999997780, -6.269379866852405669 ) ) ;
#2679 = CARTESIAN_POINT ( 'NONE',  ( 2.211476516841419659, -6.349999999999998757, 9.067733686854484887 ) ) ;
#2680 = CARTESIAN_POINT ( 'NONE',  ( 2.110196775178236450, -0.7499999999999997780, -8.554462905232933068 ) ) ;
#2681 = CARTESIAN_POINT ( 'NONE',  ( -5.604334266175973998E-15, -1.249999999999999778, -1.605145129612209898 ) ) ;
#2682 = EDGE_LOOP ( 'NONE', ( #7780, #1125, #5215, #3601 ) ) ;
#2683 =( BOUNDED_SURFACE ( )  B_SPLINE_SURFACE ( 3, 2, ( 
 ( #7395, #1554, #6025 ),
 ( #8128, #197, #117 ),
 ( #4121, #4725, #2727 ),
 ( #8002, #4163, #4080 ),
 ( #2804, #5466, #8084 ),
 ( #2168, #4807, #2329 ),
 ( #4973, #4284, #5583 ),
 ( #2245, #7523, #4246 ),
 ( #273, #8167, #7562 ),
 ( #2978, #3553, #2289 ),
 ( #6874, #948, #4890 ),
 ( #3593, #3640, #6271 ),
 ( #1629, #6225, #6187 ),
 ( #312, #1775, #4715 ),
 ( #7753, #1985, #4471 ),
 ( #4639, #3296, #5938 ) ),
 .UNSPECIFIED., .F., .F., .T. ) 
 B_SPLINE_SURFACE_WITH_KNOTS ( ( 4, 2, 2, 2, 2, 2, 2, 4 ),
 ( 3, 3 ),
 ( -6.776263578034402713E-21, 2.969996288214870686E-05, 5.939992576429742050E-05, 8.909988864644613753E-05, 0.0001187998515285948546, 0.0001781997772928922751, 0.0002375997030571897091, 0.0004751994061143794182 ),
 ( 0.000000000000000000, 1.000000000000000000 ),
 .UNSPECIFIED. ) 
 GEOMETRIC_REPRESENTATION_ITEM ( )  RATIONAL_B_SPLINE_SURFACE ( (
 ( 1.000000000000000000, 0.4935349706079194543, 1.000000000000000000),
 ( 1.000000000000000000, 0.4935127649134236072, 1.000000000000000000),
 ( 1.000000000000000000, 0.4995784984367895309, 1.000000000000000000),
 ( 1.000000000000000000, 0.5209348963630086038, 1.000000000000000000),
 ( 1.000000000000000000, 0.5360584284417747591, 1.000000000000000000),
 ( 1.000000000000000000, 0.5697732427675196165, 1.000000000000000000),
 ( 1.000000000000000000, 0.5887012726534996965, 1.000000000000000000),
 ( 1.000000000000000000, 0.6267654606521937399, 1.000000000000000000),
 ( 1.000000000000000000, 0.6459147758215165736, 1.000000000000000000),
 ( 1.000000000000000000, 0.7020873980202150255, 1.000000000000000000),
 ( 1.000000000000000000, 0.7379412193435431755, 1.000000000000000000),
 ( 1.000000000000000000, 0.8015170218985984141, 1.000000000000000000),
 ( 1.000000000000000000, 0.8297315967171238205, 1.000000000000000000),
 ( 1.000000000000000000, 0.9541561539496594690, 1.000000000000000000),
 ( 1.000000000000000000, 0.9996330041166539004, 1.000000000000000000),
 ( 1.000000000000000000, 1.000000000000000000, 1.000000000000000000) ) ) 
 REPRESENTATION_ITEM ( '' )  SURFACE ( )  );
#2684 = CARTESIAN_POINT ( 'NONE',  ( 0.4948548703877707067, -1.249999999999999778, -6.074832024661250607 ) ) ;
#2685 = CARTESIAN_POINT ( 'NONE',  ( 0.4948900776558433079, -1.249999999999999778, 9.416551571812661336 ) ) ;
#2686 = CARTESIAN_POINT ( 'NONE',  ( 2.100000000000000977, -12.84999999999999964, -2.314222331583551728 ) ) ;
#2687 = AXIS2_PLACEMENT_3D ( 'NONE', #4460, #7141, #1170 ) ;
#2688 = CARTESIAN_POINT ( 'NONE',  ( -4.607653647928460071E-14, -6.349999999999999645, -12.69999999999999929 ) ) ;
#2689 = ADVANCED_FACE ( 'NONE', ( #4412 ), #3766, .T. ) ;
#2690 = VECTOR ( 'NONE', #518, 1000.000000000000000 ) ;
#2691 = CARTESIAN_POINT ( 'NONE',  ( 5.729991440382116608, -1.249999999999999778, -2.845638727047901551 ) ) ;
#2692 = CARTESIAN_POINT ( 'NONE',  ( -5.803881357068842561, -1.047492893407809600, -0.5238813570688450882 ) ) ;
#2693 = EDGE_LOOP ( 'NONE', ( #4037, #6403, #2988, #7183 ) ) ;
#2694 = CARTESIAN_POINT ( 'NONE',  ( 6.146922021385059054, -0.7499999999999997780, 3.312055023987336089 ) ) ;
#2695 = LINE ( 'NONE', #6037, #3239 ) ;
#2696 = CARTESIAN_POINT ( 'NONE',  ( 9.186526414003138186, -0.8024511534720608630, -0.7639417980174091349 ) ) ;
#2697 = FACE_OUTER_BOUND ( 'NONE', #7328, .T. ) ;
#2698 = CIRCLE ( 'NONE', #7269, 3.719854870387792722 ) ;
#2699 = EDGE_CURVE ( 'NONE', #7958, #1314, #5759, .T. ) ;
#2700 = CARTESIAN_POINT ( 'NONE',  ( -9.541911710230664312, -0.7538257325404565945, 1.727175184591467572 ) ) ;
#2701 = VERTEX_POINT ( 'NONE', #4443 ) ;
#2702 = FACE_OUTER_BOUND ( 'NONE', #2627, .T. ) ;
#2703 = TOROIDAL_SURFACE ( 'NONE', #2980, 3.719854870387946377, 0.5000000000000000000 ) ;
#2704 = CARTESIAN_POINT ( 'NONE',  ( -5.663282509048526592, -6.350000000000001421, -3.181466412138542754 ) ) ;
#2705 = CARTESIAN_POINT ( 'NONE',  ( 3.090000000000000302, -6.349999999999999645, -2.555000000000000160 ) ) ;
#2706 = FACE_OUTER_BOUND ( 'NONE', #6828, .T. ) ;
#2707 = CARTESIAN_POINT ( 'NONE',  ( -0.5238813570688424237, -1.047492893407810044, -5.803881357068840785 ) ) ;
#2708 = CARTESIAN_POINT ( 'NONE',  ( 5.899142436556305213, -6.349999999999999645, -0.4949083761043616136 ) ) ;
#2709 = ORIENTED_EDGE ( 'NONE', *, *, #4978, .F. ) ;
#2710 = EDGE_CURVE ( 'NONE', #6703, #6732, #4175, .T. ) ;
#2711 = B_SPLINE_SURFACE_WITH_KNOTS ( 'NONE', 3, 1, ( 
 ( #2290, #445 ),
 ( #8338, #2378 ),
 ( #5021, #6834 ),
 ( #574, #7737 ),
 ( #8464, #5239 ),
 ( #7864, #1934 ),
 ( #7989, #3375 ),
 ( #6654, #5974 ),
 ( #146, #1979 ),
 ( #2673, #7340 ) ),
 .UNSPECIFIED., .F., .F., .F.,
 ( 4, 1, 1, 1, 1, 1, 1, 4 ),
 ( 2, 2 ),
 ( 0.000000000000000000, 0.1365072331165129715, 0.2792241529779565523, 0.4259469833406855921, 0.5740556039338107208, 0.7207780032599437892, 0.8634940608209027424, 1.000000000000000000 ),
 ( 0.000000000000000000, 1.000000000000000000 ),
 .UNSPECIFIED. ) ;
#2712 = ADVANCED_FACE ( 'NONE', ( #7725 ), #2333, .T. ) ;
#2713 = FACE_OUTER_BOUND ( 'NONE', #4674, .T. ) ;
#2714 = ORIENTED_EDGE ( 'NONE', *, *, #4249, .F. ) ;
#2715 = CARTESIAN_POINT ( 'NONE',  ( 9.115647332695257177, -0.7499999999999997780, 0.9948548703877890809 ) ) ;
#2716 = DIRECTION ( 'NONE',  ( 1.000000000000000000, 0.000000000000000000, -1.257890898639184104E-14 ) ) ;
#2717 = ORIENTED_EDGE ( 'NONE', *, *, #7874, .T. ) ;
#2718 = CARTESIAN_POINT ( 'NONE',  ( 5.775218723744984572, -0.7499999999999988898, -2.252437811466510453 ) ) ;
#2719 = DIRECTION ( 'NONE',  ( -0.000000000000000000, -1.000000000000000000, -0.000000000000000000 ) ) ;
#2720 = CARTESIAN_POINT ( 'NONE',  ( -9.265538987049106723, -1.101661676798981970, -0.5122168160552595939 ) ) ;
#2721 = CARTESIAN_POINT ( 'NONE',  ( 6.274854870387786221, -0.7499999999999997780, -0.9948548703878129507 ) ) ;
#2722 = CARTESIAN_POINT ( 'NONE',  ( 0.5853924772788094977, -6.349999999999997868, -9.530431722890568835 ) ) ;
#2723 = ADVANCED_FACE ( 'NONE', ( #5795 ), #1181, .T. ) ;
#2724 = CARTESIAN_POINT ( 'NONE',  ( -2.009350139932108537, -0.8835340632233023017, -10.03582622314190864 ) ) ;
#2725 = CARTESIAN_POINT ( 'NONE',  ( -12.69999999999999929, -1.249999999999999778, 1.347601624859001816E-13 ) ) ;
#2726 = EDGE_LOOP ( 'NONE', ( #5628, #4698, #4464, #4598 ) ) ;
#2727 = CARTESIAN_POINT ( 'NONE',  ( 9.676946223252326007, -1.200396464468286517, 2.103262903735324763 ) ) ;
#2728 = CARTESIAN_POINT ( 'NONE',  ( 0.4948548703877916344, -1.249999999999999778, 9.271102943336668289 ) ) ;
#2729 = CARTESIAN_POINT ( 'NONE',  ( 12.69999999999999929, -4.349999999999999645, -1.734723475976804925E-15 ) ) ;
#2730 = CARTESIAN_POINT ( 'NONE',  ( 9.231414770030271555, -1.249999999999999778, -2.112333697984161152 ) ) ;
#2731 = ORIENTED_EDGE ( 'NONE', *, *, #7659, .F. ) ;
#2732 = CARTESIAN_POINT ( 'NONE',  ( 5.899142436556307878, -1.249999999999999778, -0.4949083761043616136 ) ) ;
#2733 = CARTESIAN_POINT ( 'NONE',  ( 9.940748498636045483, -1.249999999999999778, 2.105004284771679224 ) ) ;
#2734 = VERTEX_POINT ( 'NONE', #8255 ) ;
#2735 = CARTESIAN_POINT ( 'NONE',  ( -9.227293785925970937, -6.350000000000000533, 2.112548391227412559 ) ) ;
#2736 = CARTESIAN_POINT ( 'NONE',  ( 9.563317348342932789, -1.175576129891577670, -0.7271088839738278908 ) ) ;
#2737 = CARTESIAN_POINT ( 'NONE',  ( 12.69999999999999929, -1.249999999999999778, -4.607653647928460071E-14 ) ) ;
#2738 = CARTESIAN_POINT ( 'NONE',  ( -9.008710553930281861, -1.249999999999999778, 2.329991424587440907 ) ) ;
#2739 = DIRECTION ( 'NONE',  ( 0.000000000000000000, 1.000000000000000000, 0.000000000000000000 ) ) ;
#2740 = EDGE_LOOP ( 'NONE', ( #2296, #3255, #22, #318 ) ) ;
#2741 = ORIENTED_EDGE ( 'NONE', *, *, #5743, .F. ) ;
#2742 = CARTESIAN_POINT ( 'NONE',  ( 4.788275831678718397, -0.9887620709050923828, -4.788315312100434262 ) ) ;
#2743 = CARTESIAN_POINT ( 'NONE',  ( -2.112257217881240656, -0.7499999999999952260, 9.231765510647651496 ) ) ;
#2744 = PLANE ( 'NONE',  #6374 ) ;
#2745 = CARTESIAN_POINT ( 'NONE',  ( -2.555000000000000160, -6.349999999999999645, 2.555000000000000160 ) ) ;
#2746 = CARTESIAN_POINT ( 'NONE',  ( 9.678354296802043066, -6.349999999999999645, -2.105145129612243871 ) ) ;
#2747 = ORIENTED_EDGE ( 'NONE', *, *, #5278, .F. ) ;
#2748 = ORIENTED_EDGE ( 'NONE', *, *, #46, .F. ) ;
#2749 = CARTESIAN_POINT ( 'NONE',  ( -9.940748498636045483, -1.249999999999999778, -2.105004284771679224 ) ) ;
#2750 = B_SPLINE_CURVE_WITH_KNOTS ( 'NONE', 3,
 ( #2275, #1539, #3628, #4149, #6255, #4919 ),
 .UNSPECIFIED., .F., .F.,
 ( 4, 2, 4 ),
 ( 0.000000000000000000, 0.0004001435597879472185, 0.0008002871195758944371 ),
 .UNSPECIFIED. ) ;
#2751 = CARTESIAN_POINT ( 'NONE',  ( -4.312202876090570847, -1.249999999999999778, 5.123496652145569819 ) ) ;
#2752 = ADVANCED_FACE ( 'NONE', ( #498 ), #2570, .T. ) ;
#2753 = ORIENTED_EDGE ( 'NONE', *, *, #7367, .T. ) ;
#2754 = EDGE_CURVE ( 'NONE', #268, #6761, #5078, .T. ) ;
#2755 = LINE ( 'NONE', #4757, #2636 ) ;
#2756 = CARTESIAN_POINT ( 'NONE',  ( 17.67766952966368876, -16.35000000000000142, 0.000000000000000000 ) ) ;
#2757 = CARTESIAN_POINT ( 'NONE',  ( 3.830164468702315528, -0.7500000000000005551, -5.419322549670536837 ) ) ;
#2758 = FACE_OUTER_BOUND ( 'NONE', #4540, .T. ) ;
#2759 =( BOUNDED_CURVE ( )  B_SPLINE_CURVE ( 3, ( #7118, #4435, #7070, #1144 ),
 .UNSPECIFIED., .F., .T. ) 
 B_SPLINE_CURVE_WITH_KNOTS ( ( 4, 4 ),
 ( 3.657999109116282455, 5.766778851653100446 ),
 .UNSPECIFIED. ) 
 CURVE ( )  GEOMETRIC_REPRESENTATION_ITEM ( )  RATIONAL_B_SPLINE_CURVE ( ( 1.000000000000000000, 0.6625055929971775948, 0.6625055929971775948, 1.000000000000000000 ) ) 
 REPRESENTATION_ITEM ( '' )  );
#2760 = CARTESIAN_POINT ( 'NONE',  ( -1.870778304838961459, -0.7802709338923750071, -9.790070129346080563 ) ) ;
#2761 = DIRECTION ( 'NONE',  ( -8.486905459769115320E-17, 0.000000000000000000, 1.000000000000000000 ) ) ;
#2762 = ORIENTED_EDGE ( 'NONE', *, *, #2789, .T. ) ;
#2763 = CARTESIAN_POINT ( 'NONE',  ( -5.604334266175973210E-15, -0.7499999999999997780, -1.605145129612209898 ) ) ;
#2764 = ADVANCED_FACE ( 'NONE', ( #1127 ), #5603, .T. ) ;
#2765 = VECTOR ( 'NONE', #45, 1000.000000000000000 ) ;
#2766 = CARTESIAN_POINT ( 'NONE',  ( -4.749987219571051966, -6.349999999999999645, 4.749987219571150554 ) ) ;
#2767 = CARTESIAN_POINT ( 'NONE',  ( -2.275387937340425104, -6.349999999999999645, -5.774854870387789774 ) ) ;
#2768 = LINE ( 'NONE', #8006, #6150 ) ;
#2769 = AXIS2_PLACEMENT_3D ( 'NONE', #485, #7006, #2824 ) ;
#2770 = CARTESIAN_POINT ( 'NONE',  ( 2.105145129612177257, -1.249999999999999778, -9.299109199783146096 ) ) ;
#2771 = LINE ( 'NONE', #4772, #2948 ) ;
#2772 = EDGE_CURVE ( 'NONE', #5537, #6444, #5200, .T. ) ;
#2773 = ORIENTED_EDGE ( 'NONE', *, *, #6323, .F. ) ;
#2774 = CARTESIAN_POINT ( 'NONE',  ( 2.088758567957392120, -1.105333977040655169, -9.666678350329952707 ) ) ;
#2775 = DIRECTION ( 'NONE',  ( 0.000000000000000000, 1.000000000000000000, 0.000000000000000000 ) ) ;
#2776 = B_SPLINE_SURFACE_WITH_KNOTS ( 'NONE', 3, 1, ( 
 ( #4002, #5262 ),
 ( #7843, #6543 ),
 ( #1871, #5167 ),
 ( #1907, #634 ),
 ( #596, #4562 ),
 ( #7193, #7153 ),
 ( #1274, #3224 ),
 ( #2609, #5214 ),
 ( #6464, #8442 ),
 ( #4609, #3181 ) ),
 .UNSPECIFIED., .F., .F., .F.,
 ( 4, 1, 1, 1, 1, 1, 1, 4 ),
 ( 2, 2 ),
 ( 0.000000000000000000, 0.1365059386517771534, 0.2792219958285665493, 0.4259443949517819905, 0.5740530155450295213, 0.7207758461108755288, 0.8634927663564990752, 1.000000000000000000 ),
 ( 0.000000000000000000, 1.000000000000000000 ),
 .UNSPECIFIED. ) ;
#2777 = CARTESIAN_POINT ( 'NONE',  ( 2.105145129612175481, -1.249999999999999778, -9.299109199783815782 ) ) ;
#2778 = CARTESIAN_POINT ( 'NONE',  ( 12.69999999999999929, -0.7499999999999997780, -4.607653647928460071E-14 ) ) ;
#2779 = AXIS2_PLACEMENT_3D ( 'NONE', #7697, #4971, #2976 ) ;
#2780 = CARTESIAN_POINT ( 'NONE',  ( 2.121320343559642829, -6.349999999999999645, -15.55634918610405037 ) ) ;
#2781 = DIRECTION ( 'NONE',  ( -1.000000000000000000, 0.000000000000000000, 9.497769312600652573E-16 ) ) ;
#2782 = ORIENTED_EDGE ( 'NONE', *, *, #8468, .T. ) ;
#2783 = DIRECTION ( 'NONE',  ( 0.000000000000000000, 0.000000000000000000, -1.000000000000000000 ) ) ;
#2784 = AXIS2_PLACEMENT_3D ( 'NONE', #7171, #7298, #102 ) ;
#2785 = CARTESIAN_POINT ( 'NONE',  ( -9.728368110342708874, -0.8691362217318037153, -1.640970120572341484 ) ) ;
#2786 = CARTESIAN_POINT ( 'NONE',  ( -2.192387404637208270, -0.7499999999999997780, -8.527837839776372775 ) ) ;
#2787 = CARTESIAN_POINT ( 'NONE',  ( -9.563309819739382434, -0.7499999999999997780, 0.7270764054876245330 ) ) ;
#2788 = ORIENTED_EDGE ( 'NONE', *, *, #7095, .T. ) ;
#2789 = EDGE_CURVE ( 'NONE', #5885, #2244, #1950, .T. ) ;
#2790 = CARTESIAN_POINT ( 'NONE',  ( 1.605145129612176813, -0.7499999999999996669, -9.344284074950460095 ) ) ;
#2791 = VERTEX_POINT ( 'NONE', #703 ) ;
#2792 = CARTESIAN_POINT ( 'NONE',  ( 4.749987219571101704, -6.349999999999999645, 4.749987219571101704 ) ) ;
#2793 = CARTESIAN_POINT ( 'NONE',  ( 5.746921268248954107, -6.350000000000000533, 2.718522490895837418 ) ) ;
#2794 = VERTEX_POINT ( 'NONE', #73 ) ;
#2795 = CARTESIAN_POINT ( 'NONE',  ( 4.826706478300105019, -1.249999999999999778, -4.671032987666004388 ) ) ;
#2796 = LINE ( 'NONE', #4799, #3404 ) ;
#2797 = CARTESIAN_POINT ( 'NONE',  ( -1.808605228538136656, -0.7657824690036030280, 9.681714785498368059 ) ) ;
#2798 = CARTESIAN_POINT ( 'NONE',  ( 2.105004284771683665, -6.349999999999998757, 9.940748498636045483 ) ) ;
#2799 = CARTESIAN_POINT ( 'NONE',  ( 5.275797816451363254, -0.7499999999999997780, 4.923761619198247175 ) ) ;
#2800 = EDGE_CURVE ( 'NONE', #4245, #5717, #2059, .T. ) ;
#2801 = CYLINDRICAL_SURFACE ( 'NONE', #4868, 0.5000000000000000000 ) ;
#2802 = FACE_OUTER_BOUND ( 'NONE', #8388, .T. ) ;
#2803 = ORIENTED_EDGE ( 'NONE', *, *, #7377, .T. ) ;
#2804 = CARTESIAN_POINT ( 'NONE',  ( 9.918988504624877578, -1.129815972907925792, 1.650697302570874658 ) ) ;
#2805 = DIRECTION ( 'NONE',  ( -1.000000000000000000, 0.000000000000000000, 1.047444401652940007E-14 ) ) ;
#2806 = DIRECTION ( 'NONE',  ( 0.000000000000000000, 0.000000000000000000, 1.000000000000000000 ) ) ;
#2807 = DIRECTION ( 'NONE',  ( -0.000000000000000000, -1.000000000000000000, -0.000000000000000000 ) ) ;
#2808 = AXIS2_PLACEMENT_3D ( 'NONE', #2392, #8310, #3745 ) ;
#2809 = EDGE_LOOP ( 'NONE', ( #1647, #6202, #6056, #2365 ) ) ;
#2810 = EDGE_CURVE ( 'NONE', #7136, #6691, #511, .T. ) ;
#2811 = CARTESIAN_POINT ( 'NONE',  ( 9.342498803529798224, -0.8005544842480476486, 0.8543852438231813728 ) ) ;
#2812 = CARTESIAN_POINT ( 'NONE',  ( 9.271102943336709146, -6.349999999999999645, 0.4948548703877889698 ) ) ;
#2813 = VECTOR ( 'NONE', #1434, 1000.000000000000000 ) ;
#2814 = EDGE_LOOP ( 'NONE', ( #8463, #5776, #218, #1761 ) ) ;
#2815 = CARTESIAN_POINT ( 'NONE',  ( 0.000000000000000000, -0.7499999999999997780, 0.000000000000000000 ) ) ;
#2816 = CARTESIAN_POINT ( 'NONE',  ( 1.653639719517049283E-16, -16.35000000000000142, 3.124999999999996891 ) ) ;
#2817 = CARTESIAN_POINT ( 'NONE',  ( 9.563317320624392437, -1.249999999999999778, -0.7271087643984983639 ) ) ;
#2818 = CARTESIAN_POINT ( 'NONE',  ( 9.271066631791374135, -1.249999999999999778, 0.4948548703877888588 ) ) ;
#2819 = CARTESIAN_POINT ( 'NONE',  ( 8.740693967611827375, -0.7499999999999997780, 1.825605362752863225 ) ) ;
#2820 = CARTESIAN_POINT ( 'NONE',  ( -0.4948548703876918253, -0.7499999999999997780, 9.271102943336714475 ) ) ;
#2821 = ORIENTED_EDGE ( 'NONE', *, *, #3605, .F. ) ;
#2822 = EDGE_CURVE ( 'NONE', #5490, #6664, #3765, .T. ) ;
#2823 = VECTOR ( 'NONE', #8147, 1000.000000000000000 ) ;
#2824 = DIRECTION ( 'NONE',  ( 0.7071067811865473507, 0.000000000000000000, -0.7071067811865477948 ) ) ;
#2825 = ORIENTED_EDGE ( 'NONE', *, *, #3161, .F. ) ;
#2826 = CARTESIAN_POINT ( 'NONE',  ( 5.011343840189733889, -0.7499999999998491207, -5.011613332057477166 ) ) ;
#2827 = CARTESIAN_POINT ( 'NONE',  ( -9.654274468677947141, -1.067192003028245795, -2.070971087514244413 ) ) ;
#2828 = LINE ( 'NONE', #3449, #3469 ) ;
#2829 = VECTOR ( 'NONE', #7150, 1000.000000000000000 ) ;
#2830 = CARTESIAN_POINT ( 'NONE',  ( -2.277684825170520178, -6.349999999999999645, -9.025180162666751826 ) ) ;
#2831 = LINE ( 'NONE', #2058, #4505 ) ;
#2832 = CARTESIAN_POINT ( 'NONE',  ( -0.7270764054875841209, -0.7499999999999997780, 9.563309819739277629 ) ) ;
#2833 = ORIENTED_EDGE ( 'NONE', *, *, #753, .T. ) ;
#2834 = DIRECTION ( 'NONE',  ( -0.000000000000000000, 0.000000000000000000, 1.000000000000000000 ) ) ;
#2835 = ORIENTED_EDGE ( 'NONE', *, *, #5022, .T. ) ;
#2836 = CARTESIAN_POINT ( 'NONE',  ( 0.000000000000000000, -16.35000000000000142, -17.67766952966369587 ) ) ;
#2837 = AXIS2_PLACEMENT_3D ( 'NONE', #4827, #215, #4061 ) ;
#2838 = CARTESIAN_POINT ( 'NONE',  ( 5.053061251426457900, -6.350000000000000533, 4.404861914894279806 ) ) ;
#2839 = CARTESIAN_POINT ( 'NONE',  ( -0.4948900776567663473, -1.249999999999999778, -9.416551571813759125 ) ) ;
#2840 = ORIENTED_EDGE ( 'NONE', *, *, #196, .F. ) ;
#2841 = ORIENTED_EDGE ( 'NONE', *, *, #5901, .F. ) ;
#2842 = CARTESIAN_POINT ( 'NONE',  ( -0.4948548703876918253, -1.175576128890380767, 9.271066497049103461 ) ) ;
#2843 = CARTESIAN_POINT ( 'NONE',  ( 5.940394692333743620, -0.8579973580746618200, 0.6603946923337102870 ) ) ;
#2844 = ADVANCED_FACE ( 'NONE', ( #6491 ), #582, .F. ) ;
#2845 = CARTESIAN_POINT ( 'NONE',  ( -1.651291189939874116, -1.249999999999999778, 9.935817880025361148 ) ) ;
#2846 = CARTESIAN_POINT ( 'NONE',  ( -5.743488292970410747, -0.7499999999999997780, 4.284926764376582931 ) ) ;
#2847 = CARTESIAN_POINT ( 'NONE',  ( 1.719408913105315406, -0.7499999999999998890, -8.878058905389192290 ) ) ;
#2848 = CARTESIAN_POINT ( 'NONE',  ( -1.631311024333782944, -0.7804688038444926867, -9.589666438347538957 ) ) ;
#2849 = CARTESIAN_POINT ( 'NONE',  ( 9.297701598600436768, -0.9887492719370472027, -2.050965205566361416 ) ) ;
#2850 = ORIENTED_EDGE ( 'NONE', *, *, #1299, .F. ) ;
#2851 = EDGE_CURVE ( 'NONE', #7518, #6512, #4642, .T. ) ;
#2852 = CARTESIAN_POINT ( 'NONE',  ( 0.000000000000000000, 6.349999999999999645, 0.000000000000000000 ) ) ;
#2853 = CARTESIAN_POINT ( 'NONE',  ( -4.266882068753075963, -6.349999999999997868, -5.153640453733400406 ) ) ;
#2854 = B_SPLINE_CURVE_WITH_KNOTS ( 'NONE', 3,
 ( #2766, #1594, #8129, #5467, #6748, #4247, #6792, #8169, #3554, #2207, #2246, #2170, #6835, #6227, #1511, #4166, #2123, #2892, #2930, #3514, #8208, #2292, #4934, #5547, #6149, #236 ),
 .UNSPECIFIED., .F., .F.,
 ( 4, 1, 1, 1, 2, 2, 2, 2, 2, 2, 1, 1, 1, 2, 2, 4 ),
 ( 0.000000000000000000, 0.06249999999999944489, 0.09374999999999948652, 0.1093749999999994449, 0.1171874999999998612, 0.1250000000000002776, 0.1875000000000015543, 0.2500000000000028311, 0.5000000000000046629, 0.7500000000000065503, 0.8125000000000068834, 0.8437500000000069944, 0.8593750000000071054, 0.8671875000000069944, 0.8750000000000067724, 1.000000000000000000 ),
 .UNSPECIFIED. ) ;
#2855 = DIRECTION ( 'NONE',  ( 0.000000000000000000, 0.000000000000000000, 1.000000000000000000 ) ) ;
#2856 = ORIENTED_EDGE ( 'NONE', *, *, #3034, .T. ) ;
#2857 = CARTESIAN_POINT ( 'NONE',  ( -3.499999999999999556, -11.40025253169416963, -14.17766952966369409 ) ) ;
#2858 = CARTESIAN_POINT ( 'NONE',  ( 9.083922598327539788, -6.349999999999998757, 2.194991654270587844 ) ) ;
#2859 = CARTESIAN_POINT ( 'NONE',  ( 0.7948548712060310439, -1.184538517676309910, -5.774854870387792438 ) ) ;
#2860 = EDGE_CURVE ( 'NONE', #1067, #6967, #4805, .T. ) ;
#2861 = CARTESIAN_POINT ( 'NONE',  ( 1.500000000000000000, -16.35000000000000142, -2.741464024932667165 ) ) ;
#2862 = CARTESIAN_POINT ( 'NONE',  ( 2.229098567681862431, -6.349999999999999645, -9.054086811541750990 ) ) ;
#2863 = EDGE_CURVE ( 'NONE', #5569, #5342, #788, .T. ) ;
#2864 = CARTESIAN_POINT ( 'NONE',  ( -6.074809178934709841, -6.349999999999999645, -0.4948548703877917454 ) ) ;
#2865 = CARTESIAN_POINT ( 'NONE',  ( -2.555000000000000160, 6.349999999999999645, 3.089999999999999858 ) ) ;
#2866 = CARTESIAN_POINT ( 'NONE',  ( 9.563313570181888323, -1.249999999999999778, -0.7270925849430280863 ) ) ;
#2867 = CARTESIAN_POINT ( 'NONE',  ( -2.188037235424495908, -1.250000000000000000, 9.089382670993686020 ) ) ;
#2868 = CARTESIAN_POINT ( 'NONE',  ( -0.5516273755248050081, -0.9839697349223609502, 9.252941151366609773 ) ) ;
#2869 = EDGE_CURVE ( 'NONE', #3757, #6931, #3482, .T. ) ;
#2870 = B_SPLINE_CURVE_WITH_KNOTS ( 'NONE', 3,
 ( #52, #2659, #8498, #5923, #1325, #6644, #3976, #134, #3362, #7292, #7933, #2013, #4014, #722 ),
 .UNSPECIFIED., .F., .F.,
 ( 4, 2, 2, 2, 2, 2, 4 ),
 ( 0.000000000000000000, 0.0003965523630956380770, 0.0007931047261912761541, 0.001586209452382550140, 0.002379314178573824125, 0.002775866541669460251, 0.003172418904765096810 ),
 .UNSPECIFIED. ) ;
#2871 = CARTESIAN_POINT ( 'NONE',  ( 6.223114930110598131, -0.7499999999999997780, -2.929862847091980527 ) ) ;
#2872 = CARTESIAN_POINT ( 'NONE',  ( 2.105145129612173704, -6.349999999999999645, -9.678354296802057277 ) ) ;
#2873 = DIRECTION ( 'NONE',  ( 1.000000000000000000, 0.000000000000000000, 0.000000000000000000 ) ) ;
#2874 = CARTESIAN_POINT ( 'NONE',  ( 0.5078686230832554216, -1.119125838055411659, 6.080060371465971336 ) ) ;
#2875 = VERTEX_POINT ( 'NONE', #7481 ) ;
#2876 = CARTESIAN_POINT ( 'NONE',  ( 2.112257224997803551, -1.249999999999999778, -9.231765511836259819 ) ) ;
#2877 = CARTESIAN_POINT ( 'NONE',  ( 5.774908376104341379, -1.249999999999999778, 0.6191424365563085175 ) ) ;
#2878 = CARTESIAN_POINT ( 'NONE',  ( 5.752814374101023809, -6.350000000000000533, 2.668551216144533278 ) ) ;
#2879 = CARTESIAN_POINT ( 'NONE',  ( -0.5853924772794074638, -1.249999999999999778, -9.530431722890845947 ) ) ;
#2880 = ORIENTED_EDGE ( 'NONE', *, *, #6934, .F. ) ;
#2881 = ORIENTED_EDGE ( 'NONE', *, *, #5882, .F. ) ;
#2882 = B_SPLINE_CURVE_WITH_KNOTS ( 'NONE', 3,
 ( #5528, #3414, #4873, #5564, #2227, #7502 ),
 .UNSPECIFIED., .F., .F.,
 ( 4, 2, 4 ),
 ( -3.433845656915109317E-05, 0.0003605718869448926536, 0.0007554822304589362512 ),
 .UNSPECIFIED. ) ;
#2883 = EDGE_CURVE ( 'NONE', #5774, #6329, #6103, .T. ) ;
#2884 = CARTESIAN_POINT ( 'NONE',  ( -0.9948548703876934907, -0.7499999999999996669, 9.115647332695269611 ) ) ;
#2885 = CARTESIAN_POINT ( 'NONE',  ( -2.031123569586978039, -0.9791631771277511387, 9.626473471171175689 ) ) ;
#2886 = CARTESIAN_POINT ( 'NONE',  ( -2.066716651290578355, -0.9950584864165659127, 10.13824484182480390 ) ) ;
#2887 = CARTESIAN_POINT ( 'NONE',  ( -0.6191424365562464560, -6.349999999999999645, 5.774908376104351149 ) ) ;
#2888 = ORIENTED_EDGE ( 'NONE', *, *, #7404, .T. ) ;
#2889 = CARTESIAN_POINT ( 'NONE',  ( 0.6191424365563057419, -6.349999999999999645, 5.774908376104341379 ) ) ;
#2890 = LINE ( 'NONE', #7349, #6919 ) ;
#2891 = ORIENTED_EDGE ( 'NONE', *, *, #1964, .F. ) ;
#2892 = CARTESIAN_POINT ( 'NONE',  ( -2.817950144714429506, -6.349999999999999645, 5.733375119277520859 ) ) ;
#2893 = CARTESIAN_POINT ( 'NONE',  ( 9.318289500075380261, -1.249999999999999778, -2.104147843289987829 ) ) ;
#2894 = ORIENTED_EDGE ( 'NONE', *, *, #8141, .T. ) ;
#2895 = ORIENTED_EDGE ( 'NONE', *, *, #79, .F. ) ;
#2896 = ADVANCED_FACE ( 'NONE', ( #1425 ), #3835, .F. ) ;
#2897 = CARTESIAN_POINT ( 'NONE',  ( -4.700017402160197251E-16, -0.7499999999999997780, -0.4948548703877977406 ) ) ;
#2898 = CARTESIAN_POINT ( 'NONE',  ( 9.020580731827518406, -6.349999999999997868, 2.292292372364979514 ) ) ;
#2899 = CARTESIAN_POINT ( 'NONE',  ( -4.652928092867055554, -6.349999999999999645, -4.844298874234138630 ) ) ;
#2900 = CARTESIAN_POINT ( 'NONE',  ( 4.312369852190717445, -1.250000000000000000, 5.123368383065072251 ) ) ;
#2901 = DIRECTION ( 'NONE',  ( -0.7071067811865474617, -0.000000000000000000, -0.7071067811865474617 ) ) ;
#2902 =( BOUNDED_SURFACE ( )  B_SPLINE_SURFACE ( 3, 2, ( 
 ( #662, #26, #111 ),
 ( #6659, #1342, #3901 ),
 ( #2720, #7783, #698 ),
 ( #1380, #7825, #6530 ),
 ( #5244, #3855, #1213 ),
 ( #3207, #4678, #4028 ),
 ( #7867, #4548, #617 ),
 ( #3250, #5896, #68 ),
 ( #7140, #3295, #6487 ),
 ( #4638, #5857, #1852 ) ),
 .UNSPECIFIED., .F., .F., .T. ) 
 B_SPLINE_SURFACE_WITH_KNOTS ( ( 4, 2, 2, 2, 4 ),
 ( 3, 3 ),
 ( 0.000000000000000000, 8.874008666946223687E-05, 0.0001774801733389244737, 0.0002662202600083867377, 0.0003549603466778489475 ),
 ( 0.000000000000000000, 1.000000000000000000 ),
 .UNSPECIFIED. ) 
 GEOMETRIC_REPRESENTATION_ITEM ( )  RATIONAL_B_SPLINE_SURFACE ( (
 ( 1.000000000000000000, 0.7828858005155491240, 1.000000000000000000),
 ( 1.000000000000000000, 0.7823316129282622544, 1.000000000000000000),
 ( 1.000000000000000000, 0.8013859402318579406, 1.000000000000000000),
 ( 1.000000000000000000, 0.8529455745548009116, 1.000000000000000000),
 ( 1.000000000000000000, 0.8846933950169429961, 1.000000000000000000),
 ( 1.000000000000000000, 0.9391236465577280645, 1.000000000000000000),
 ( 1.000000000000000000, 0.9618119039027066552, 1.000000000000000000),
 ( 1.000000000000000000, 0.9921799038934053794, 1.000000000000000000),
 ( 1.000000000000000000, 0.9999926168062702736, 1.000000000000000000),
 ( 1.000000000000000000, 1.000000000000000000, 1.000000000000000000) ) ) 
 REPRESENTATION_ITEM ( '' )  SURFACE ( )  );
#2903 = CARTESIAN_POINT ( 'NONE',  ( 5.356859988824278496, -1.249999999999999778, 3.943002256977842013 ) ) ;
#2904 = CARTESIAN_POINT ( 'NONE',  ( -8.527837839776351458, -0.7499999999999997780, 2.192387404637297976 ) ) ;
#2905 = VECTOR ( 'NONE', #5486, 1000.000000000000000 ) ;
#2906 = DIRECTION ( 'NONE',  ( -0.000000000000000000, -1.000000000000000000, 0.000000000000000000 ) ) ;
#2907 = VERTEX_POINT ( 'NONE', #6023 ) ;
#2908 = ADVANCED_FACE ( 'NONE', ( #2802 ), #5463, .T. ) ;
#2909 = AXIS2_PLACEMENT_3D ( 'NONE', #6807, #4867, #6246 ) ;
#2910 = DIRECTION ( 'NONE',  ( 0.000000000000000000, 1.000000000000000000, 0.000000000000000000 ) ) ;
#2911 = LINE ( 'NONE', #4828, #1171 ) ;
#2912 = AXIS2_PLACEMENT_3D ( 'NONE', #2897, #2253, #793 ) ;
#2913 = CARTESIAN_POINT ( 'NONE',  ( 9.421832320581490450, -0.7500000000000001110, -1.727274015672154439 ) ) ;
#2914 = ORIENTED_EDGE ( 'NONE', *, *, #2127, .T. ) ;
#2915 = ADVANCED_FACE ( 'NONE', ( #2205 ), #4119, .F. ) ;
#2916 = CARTESIAN_POINT ( 'NONE',  ( 2.114980593707716405, -0.7499999999999997780, -8.552604946024905175 ) ) ;
#2917 = CARTESIAN_POINT ( 'NONE',  ( 5.787868623083251229, -1.119125838055411659, -0.8000603714659971777 ) ) ;
#2918 = ORIENTED_EDGE ( 'NONE', *, *, #327, .T. ) ;
#2919 = ORIENTED_EDGE ( 'NONE', *, *, #2382, .T. ) ;
#2920 = CARTESIAN_POINT ( 'NONE',  ( 9.678354296802050172, -6.349999999999999645, 2.105145129612207455 ) ) ;
#2921 = CARTESIAN_POINT ( 'NONE',  ( 5.774854927343595179, -1.143549782630395750, 0.4948549273436175233 ) ) ;
#2922 = AXIS2_PLACEMENT_3D ( 'NONE', #1507, #4160, #945 ) ;
#2923 = CARTESIAN_POINT ( 'NONE',  ( -1.996594984488532232, -0.9372534403091860034, 9.602666487600099998 ) ) ;
#2924 = CARTESIAN_POINT ( 'NONE',  ( -6.275155897547265660, -0.7499999999999997780, 2.260363860329159369 ) ) ;
#2925 = EDGE_LOOP ( 'NONE', ( #5359, #900, #4958, #3108 ) ) ;
#2926 = CARTESIAN_POINT ( 'NONE',  ( 9.008710553930306730, -1.249999999999999778, 2.329991424587344095 ) ) ;
#2927 = EDGE_CURVE ( 'NONE', #2244, #3639, #6591, .T. ) ;
#2928 = PLANE ( 'NONE',  #1664 ) ;
#2929 = ORIENTED_EDGE ( 'NONE', *, *, #2555, .F. ) ;
#2930 = CARTESIAN_POINT ( 'NONE',  ( -2.718522490896977839, -6.349999999999998757, 5.746921268248859960 ) ) ;
#2931 =( BOUNDED_CURVE ( )  B_SPLINE_CURVE ( 3, ( #7102, #31, #6535, #623 ),
 .UNSPECIFIED., .F., .T. ) 
 B_SPLINE_CURVE_WITH_KNOTS ( ( 4, 4 ),
 ( 0.000000000000000000, 1.570796326794896558 ),
 .UNSPECIFIED. ) 
 CURVE ( )  GEOMETRIC_REPRESENTATION_ITEM ( )  RATIONAL_B_SPLINE_CURVE ( ( 1.000000000000000000, 0.8047378541243649375, 0.8047378541243649375, 1.000000000000000000 ) ) 
 REPRESENTATION_ITEM ( '' )  );
#2932 = CARTESIAN_POINT ( 'NONE',  ( 1.991899303797749170E-15, -6.349999999999999645, -10.59999999999999787 ) ) ;
#2933 = CARTESIAN_POINT ( 'NONE',  ( 5.093866551585383817, -6.349999999999999645, -4.352419305668629335 ) ) ;
#2934 = VERTEX_POINT ( 'NONE', #3551 ) ;
#2935 = EDGE_LOOP ( 'NONE', ( #6030, #899, #5251 ) ) ;
#2936 = LINE ( 'NONE', #4293, #7759 ) ;
#2937 = CARTESIAN_POINT ( 'NONE',  ( 3.176823113342058580, -1.249999999999999778, 5.664579310619913599 ) ) ;
#2938 = CARTESIAN_POINT ( 'NONE',  ( -3.398060893282237593, -0.7500000000000001110, 5.598188729281723397 ) ) ;
#2939 = CARTESIAN_POINT ( 'NONE',  ( 0.9948548703877713173, -0.7499999999999996669, -6.274854870387793326 ) ) ;
#2940 = DIRECTION ( 'NONE',  ( 0.000000000000000000, 0.000000000000000000, 1.000000000000000000 ) ) ;
#2941 = CARTESIAN_POINT ( 'NONE',  ( -6.147120015557292483, -0.7499999999999998890, 3.311207841204603319 ) ) ;
#2942 = CIRCLE ( 'NONE', #338, 3.219854870387946821 ) ;
#2943 = LINE ( 'NONE', #7619, #1187 ) ;
#2944 = EDGE_CURVE ( 'NONE', #8496, #2035, #1423, .T. ) ;
#2945 = CARTESIAN_POINT ( 'NONE',  ( 2.088758298798016444, -1.105332846601596142, 9.666678159476978394 ) ) ;
#2946 = CARTESIAN_POINT ( 'NONE',  ( 9.299109199783828217, -6.349999999999999645, -2.105145129612241650 ) ) ;
#2947 = ORIENTED_EDGE ( 'NONE', *, *, #3881, .T. ) ;
#2948 = VECTOR ( 'NONE', #6156, 1000.000000000000000 ) ;
#2949 = CARTESIAN_POINT ( 'NONE',  ( 9.299109199783140767, -1.117943485121084990, 2.105145129612209676 ) ) ;
#2950 =( BOUNDED_SURFACE ( )  B_SPLINE_SURFACE ( 3, 2, ( 
 ( #8492, #5350, #4615 ),
 ( #7972, #7242, #6598 ),
 ( #4483, #1193, #5957 ),
 ( #8448, #3832, #5172 ),
 ( #7803, #682, #285 ),
 ( #4740, #8139, #6805 ),
 ( #2218, #799, #208 ),
 ( #2819, #4053, #4134 ),
 ( #924, #3483, #4695 ),
 ( #4218, #2097, #1442 ),
 ( #5438, #6681, #760 ),
 ( #6161, #7494, #2139 ),
 ( #4863, #3567, #5479 ),
 ( #4094, #6721, #246 ) ),
 .UNSPECIFIED., .F., .F., .T. ) 
 B_SPLINE_SURFACE_WITH_KNOTS ( ( 4, 2, 2, 2, 2, 2, 4 ),
 ( 3, 3 ),
 ( 0.001563743598718813060, 0.001693887855682002508, 0.001824032112645191739, 0.002084320626571570419, 0.002344609140497948881, 0.002474753397461138330, 0.002604897654424327344 ),
 ( 0.000000000000000000, 1.000000000000000000 ),
 .UNSPECIFIED. ) 
 GEOMETRIC_REPRESENTATION_ITEM ( )  RATIONAL_B_SPLINE_SURFACE ( (
 ( 1.000000000000000000, 0.7071067811865475727, 1.000000000000000000),
 ( 1.000000000000000000, 0.7071067811865475727, 1.000000000000000000),
 ( 1.000000000000000000, 0.7071067811865475727, 1.000000000000000000),
 ( 1.000000000000000000, 0.7071067811865475727, 1.000000000000000000),
 ( 1.000000000000000000, 0.7071067811865475727, 1.000000000000000000),
 ( 1.000000000000000000, 0.7071067811865475727, 1.000000000000000000),
 ( 1.000000000000000000, 0.7071067811865475727, 1.000000000000000000),
 ( 1.000000000000000000, 0.7071067811865475727, 1.000000000000000000),
 ( 1.000000000000000000, 0.7071067811865475727, 1.000000000000000000),
 ( 1.000000000000000000, 0.7071067811865475727, 1.000000000000000000),
 ( 1.000000000000000000, 0.7071067811865475727, 1.000000000000000000),
 ( 1.000000000000000000, 0.7071067811865475727, 1.000000000000000000),
 ( 1.000000000000000000, 0.7071067811865475727, 1.000000000000000000),
 ( 1.000000000000000000, 0.7071067811865475727, 1.000000000000000000) ) ) 
 REPRESENTATION_ITEM ( '' )  SURFACE ( )  );
#2951 = CARTESIAN_POINT ( 'NONE',  ( 1.885108463066096807, -11.91474661913549760, -2.493275956654094294 ) ) ;
#2952 = CARTESIAN_POINT ( 'NONE',  ( -2.339595130594204431, -1.249999999999999334, -5.773836923778251418 ) ) ;
#2953 = CARTESIAN_POINT ( 'NONE',  ( -1.719465971981395613, -0.7499999999999997780, -8.877745525418553996 ) ) ;
#2954 = ADVANCED_FACE ( 'NONE', ( #270 ), #991, .T. ) ;
#2955 = CARTESIAN_POINT ( 'NONE',  ( -5.774854870387780892, -1.249999999999999778, 0.7948320246613099771 ) ) ;
#2956 = AXIS2_PLACEMENT_3D ( 'NONE', #7848, #6468, #1915 ) ;
#2957 = CARTESIAN_POINT ( 'NONE',  ( -6.074809178934709841, -0.7499999999999997780, -0.4948548703877919674 ) ) ;
#2958 = VERTEX_POINT ( 'NONE', #4764 ) ;
#2959 = CARTESIAN_POINT ( 'NONE',  ( -9.292910980517069319, -0.8042818445697047514, 1.866569705650935385 ) ) ;
#2960 = CARTESIAN_POINT ( 'NONE',  ( -0.6191424365562484544, -1.249999999999999778, 5.774908376104349372 ) ) ;
#2961 = VECTOR ( 'NONE', #3856, 1000.000000000000000 ) ;
#2962 = CARTESIAN_POINT ( 'NONE',  ( 5.774854870387794215, -6.349999999999999645, 2.275387937340420219 ) ) ;
#2963 = CYLINDRICAL_SURFACE ( 'NONE', #1952, 0.5349999999999999201 ) ;
#2964 = ORIENTED_EDGE ( 'NONE', *, *, #2615, .F. ) ;
#2965 = CARTESIAN_POINT ( 'NONE',  ( -0.8776975828624099529, -0.7500000000000002220, -5.981961651574336791 ) ) ;
#2966 = CARTESIAN_POINT ( 'NONE',  ( 4.615838004787268467, -6.349999999999999645, -4.880070523796590898 ) ) ;
#2967 = EDGE_CURVE ( 'NONE', #5869, #3592, #2890, .T. ) ;
#2968 = EDGE_CURVE ( 'NONE', #7541, #7271, #1078, .T. ) ;
#2969 = EDGE_CURVE ( 'NONE', #4276, #1869, #5669, .T. ) ;
#2970 = DIRECTION ( 'NONE',  ( 0.000000000000000000, 1.000000000000000000, -0.000000000000000000 ) ) ;
#2971 = CARTESIAN_POINT ( 'NONE',  ( -5.770106042936465229, -1.249999999999999778, 2.495065244582387987 ) ) ;
#2972 = VERTEX_POINT ( 'NONE', #5763 ) ;
#2973 = CARTESIAN_POINT ( 'NONE',  ( -5.758799389450985906, -6.350000000000000533, 2.611157911710388024 ) ) ;
#2974 = AXIS2_PLACEMENT_3D ( 'NONE', #1937, #1894, #7950 ) ;
#2975 = CARTESIAN_POINT ( 'NONE',  ( -9.563309819739382434, -6.349999999999999645, 0.7270764054876245330 ) ) ;
#2976 = DIRECTION ( 'NONE',  ( -9.497769312600652573E-16, 0.000000000000000000, -1.000000000000000000 ) ) ;
#2977 = VERTEX_POINT ( 'NONE', #8379 ) ;
#2978 = CARTESIAN_POINT ( 'NONE',  ( 9.831777950102324581, -0.9649331697241694261, 1.646936468090198114 ) ) ;
#2979 = EDGE_LOOP ( 'NONE', ( #5823, #3943, #5506, #5225 ) ) ;
#2980 = AXIS2_PLACEMENT_3D ( 'NONE', #3326, #6565, #3889 ) ;
#2981 = CARTESIAN_POINT ( 'NONE',  ( 1.646936468090205885, -0.9649331697241737560, 9.831777950102507546 ) ) ;
#2982 =( BOUNDED_CURVE ( )  B_SPLINE_CURVE ( 3, ( #857, #2960, #3500, #5495 ),
 .UNSPECIFIED., .F., .T. ) 
 B_SPLINE_CURVE_WITH_KNOTS ( ( 4, 4 ),
 ( 0.000000000000000000, 1.000000000000000000 ),
 .UNSPECIFIED. ) 
 CURVE ( )  GEOMETRIC_REPRESENTATION_ITEM ( )  RATIONAL_B_SPLINE_CURVE ( ( 1.000000000000000000, 0.8048096403827891265, 0.8048096403827891265, 1.000000000000000000 ) ) 
 REPRESENTATION_ITEM ( '' )  );
#2983 = CARTESIAN_POINT ( 'NONE',  ( -2.275817360673268119, -0.9887474541373356685, -5.829030205559150524 ) ) ;
#2984 = ADVANCED_FACE ( 'NONE', ( #1669 ), #2928, .T. ) ;
#2985 = CARTESIAN_POINT ( 'NONE',  ( 12.69999999999999929, -1.249999999999999778, -4.607653647928460071E-14 ) ) ;
#2986 = VERTEX_POINT ( 'NONE', #2327 ) ;
#2987 = CARTESIAN_POINT ( 'NONE',  ( -9.271043060280183212, -1.249999999999999778, 2.106604438206018060 ) ) ;
#2988 = ORIENTED_EDGE ( 'NONE', *, *, #5958, .F. ) ;
#2989 = ORIENTED_EDGE ( 'NONE', *, *, #5278, .T. ) ;
#2990 = CARTESIAN_POINT ( 'NONE',  ( -0.6191424365562464560, -6.349999999999999645, 5.774908376104349372 ) ) ;
#2991 = CARTESIAN_POINT ( 'NONE',  ( -6.209393325097495087, -0.7499999999999996669, -0.9686702522716346131 ) ) ;
#2992 = CARTESIAN_POINT ( 'NONE',  ( -4.768980253502601130, -0.7499999999999997780, 4.731569842957624950 ) ) ;
#2993 = CARTESIAN_POINT ( 'NONE',  ( 0.6875813818447766845, -0.8501667073564459498, -6.151945474970592187 ) ) ;
#2994 = CARTESIAN_POINT ( 'NONE',  ( 1.604822354896794812, -0.7499999999999997780, 9.292326899263226636 ) ) ;
#2995 = LINE ( 'NONE', #418, #5969 ) ;
#2996 = CARTESIAN_POINT ( 'NONE',  ( 5.774854870387794215, -1.249999999999999778, 2.275387937340420219 ) ) ;
#2997 = CARTESIAN_POINT ( 'NONE',  ( 1.605145129612207233, -0.7499999999999997780, 9.344284074950621743 ) ) ;
#2998 = CARTESIAN_POINT ( 'NONE',  ( 9.025180162666742945, -6.349999999999999645, -2.277684825170552152 ) ) ;
#2999 = ORIENTED_EDGE ( 'NONE', *, *, #1593, .T. ) ;
#3000 = DIRECTION ( 'NONE',  ( -0.000000000000000000, -1.000000000000000000, 0.000000000000000000 ) ) ;
#3001 = CARTESIAN_POINT ( 'NONE',  ( -5.123496652145524521, -1.249999999999999556, -4.312202876090620585 ) ) ;
#3002 = CARTESIAN_POINT ( 'NONE',  ( 0.5718457277413491191, -0.9743063024704217145, -9.246666417027514129 ) ) ;
#3003 = CARTESIAN_POINT ( 'NONE',  ( -0.5853924772787433284, -6.350000000000000533, 9.530431722890574164 ) ) ;
#3004 = PLANE ( 'NONE',  #7804 ) ;
#3005 = CARTESIAN_POINT ( 'NONE',  ( -9.848401443176310721, -0.9799077932450641626, -1.647799883371347196 ) ) ;
#3006 = ORIENTED_EDGE ( 'NONE', *, *, #4145, .F. ) ;
#3007 = CARTESIAN_POINT ( 'NONE',  ( -0.4948548703877910238, -6.349999999999999645, -6.074809178934709841 ) ) ;
#3008 =( BOUNDED_CURVE ( )  B_SPLINE_CURVE ( 3, ( #7593, #5012, #6949, #3112 ),
 .UNSPECIFIED., .F., .T. ) 
 B_SPLINE_CURVE_WITH_KNOTS ( ( 4, 4 ),
 ( 3.927143110234815992, 5.497634850534550921 ),
 .UNSPECIFIED. ) 
 CURVE ( )  GEOMETRIC_REPRESENTATION_ITEM ( )  RATIONAL_B_SPLINE_CURVE ( ( 1.000000000000000000, 0.8048096403827855738, 0.8048096403827855738, 1.000000000000000000 ) ) 
 REPRESENTATION_ITEM ( '' )  );
#3009 = EDGE_CURVE ( 'NONE', #5758, #2288, #6268, .T. ) ;
#3010 = CARTESIAN_POINT ( 'NONE',  ( -0.4948548703877910238, -0.9571067811865475727, -6.074854870387789596 ) ) ;
#3011 = CARTESIAN_POINT ( 'NONE',  ( 6.074832024661248830, -1.249999999999999778, 0.4948548703877919674 ) ) ;
#3012 = ORIENTED_EDGE ( 'NONE', *, *, #7356, .F. ) ;
#3013 = VERTEX_POINT ( 'NONE', #5626 ) ;
#3014 = PLANE ( 'NONE',  #3338 ) ;
#3015 = CARTESIAN_POINT ( 'NONE',  ( 4.049330476432523973, -0.7499999999999996669, -5.869745902883268585 ) ) ;
#3016 = PLANE ( 'NONE',  #6694 ) ;
#3017 = CARTESIAN_POINT ( 'NONE',  ( -5.444241131417100199, -0.7499999999999993339, 4.719110897281498573 ) ) ;
#3018 = CARTESIAN_POINT ( 'NONE',  ( -5.728350389783248175, -6.350000000000000533, 2.846954930095396463 ) ) ;
#3019 = ORIENTED_EDGE ( 'NONE', *, *, #6889, .F. ) ;
#3020 = CARTESIAN_POINT ( 'NONE',  ( 1.605145129612177923, -0.7499999999999997780, -9.286119137480389085 ) ) ;
#3021 = CARTESIAN_POINT ( 'NONE',  ( 1.876683844410761193, -1.249999999999999778, 10.07030783714662547 ) ) ;
#3022 = EDGE_LOOP ( 'NONE', ( #6121, #2881, #7020, #7579 ) ) ;
#3023 = ADVANCED_FACE ( 'NONE', ( #3117 ), #310, .T. ) ;
#3024 = VERTEX_POINT ( 'NONE', #5580 ) ;
#3025 = CARTESIAN_POINT ( 'NONE',  ( 2.105145129612171484, -1.249999999999999778, -9.678314036663980602 ) ) ;
#3026 = CARTESIAN_POINT ( 'NONE',  ( 1.813340605360877822, -0.7804688004661534118, 9.478524185100543065 ) ) ;
#3027 = DIRECTION ( 'NONE',  ( 0.000000000000000000, 0.000000000000000000, 1.000000000000000000 ) ) ;
#3028 =( BOUNDED_SURFACE ( )  B_SPLINE_SURFACE ( 3, 1, ( 
 ( #1208, #3290 ),
 ( #4543, #3159 ),
 ( #7819, #1293 ),
 ( #4498, #3849 ) ),
 .UNSPECIFIED., .F., .F., .F. ) 
 B_SPLINE_SURFACE_WITH_KNOTS ( ( 4, 4 ),
 ( 2, 2 ),
 ( 0.000000000000000000, 1.000000000000000000 ),
 ( 0.000000000000000000, 1.000000000000000000 ),
 .UNSPECIFIED. ) 
 GEOMETRIC_REPRESENTATION_ITEM ( )  RATIONAL_B_SPLINE_SURFACE ( (
 ( 1.000000000000000000, 1.000000000000000000),
 ( 0.8553052591888762324, 0.8553052591888762324),
 ( 0.8553052591888762324, 0.8553052591888762324),
 ( 1.000000000000000000, 1.000000000000000000) ) ) 
 REPRESENTATION_ITEM ( '' )  SURFACE ( )  );
#3029 = CARTESIAN_POINT ( 'NONE',  ( -9.243020368494807570, -0.7499999999999998890, 1.607386064952815774 ) ) ;
#3030 = CARTESIAN_POINT ( 'NONE',  ( -4.413611479037303553, -1.249999999999999778, -5.048101523524324286 ) ) ;
#3031 = CARTESIAN_POINT ( 'NONE',  ( 5.693895767210733538, -1.249999999999999778, -3.031737370648508456 ) ) ;
#3032 = VERTEX_POINT ( 'NONE', #5107 ) ;
#3033 = ORIENTED_EDGE ( 'NONE', *, *, #1440, .T. ) ;
#3034 = EDGE_CURVE ( 'NONE', #1726, #7648, #6515, .T. ) ;
#3035 = CARTESIAN_POINT ( 'NONE',  ( -0.6191424365562464560, -1.249999999999999556, 5.774908376104349372 ) ) ;
#3036 = DIRECTION ( 'NONE',  ( -0.000000000000000000, -1.000000000000000000, -0.000000000000000000 ) ) ;
#3037 = CARTESIAN_POINT ( 'NONE',  ( -2.495959201842833153, -0.7499999999999997780, 5.770063376547436285 ) ) ;
#3038 = CARTESIAN_POINT ( 'NONE',  ( -2.930635471882018450, -0.7499999999999997780, 6.222980790483331859 ) ) ;
#3039 = CARTESIAN_POINT ( 'NONE',  ( 1.635134950214369276, -0.7499999999999997780, 9.077256069118861959 ) ) ;
#3040 = CARTESIAN_POINT ( 'NONE',  ( -6.223114930110566156, -0.7499999999999998890, 2.929862847092099987 ) ) ;
#3041 = CARTESIAN_POINT ( 'NONE',  ( 5.001497253821652222, -6.349999999999999645, 4.472339845786334145 ) ) ;
#3042 = FACE_OUTER_BOUND ( 'NONE', #3160, .T. ) ;
#3043 = CARTESIAN_POINT ( 'NONE',  ( 9.008710553930951548, -1.249999999999999778, -2.329991424587309456 ) ) ;
#3044 =( BOUNDED_SURFACE ( )  B_SPLINE_SURFACE ( 3, 2, ( 
 ( #3812, #2718, #4712 ),
 ( #1417, #2070, #7430 ),
 ( #8033, #2028, #4676 ),
 ( #6138, #66, #2676 ),
 ( #5407, #5366, #6656 ),
 ( #6697, #8076, #3460 ),
 ( #2160, #7342, #1464 ),
 ( #4072, #7993, #7949 ),
 ( #224, #109, #5500 ),
 ( #8119, #2113, #7387 ),
 ( #781, #3378, #5456 ),
 ( #4798, #6094, #3423 ),
 ( #6057, #737, #2795 ),
 ( #861, #148, #821 ) ),
 .UNSPECIFIED., .F., .F., .F. ) 
 B_SPLINE_SURFACE_WITH_KNOTS ( ( 4, 2, 2, 2, 2, 2, 4 ),
 ( 3, 3 ),
 ( 0.006322151876922013983, 0.006722518822434075947, 0.007122885767946138778, 0.007923619658970263574, 0.008724353549994387502, 0.009124720495506451201, 0.009525087441018513165 ),
 ( 0.000000000000000000, 1.000000000000000000 ),
 .UNSPECIFIED. ) 
 GEOMETRIC_REPRESENTATION_ITEM ( )  RATIONAL_B_SPLINE_SURFACE ( (
 ( 1.000000000000000000, 0.7071067811865469066, 1.000000000000000000),
 ( 1.000000000000000000, 0.7071067811865469066, 1.000000000000000000),
 ( 1.000000000000000000, 0.7071067811865481278, 1.000000000000000000),
 ( 1.000000000000000000, 0.7071067811865481278, 1.000000000000000000),
 ( 1.000000000000000000, 0.7071067811865475727, 1.000000000000000000),
 ( 1.000000000000000000, 0.7071067811865475727, 1.000000000000000000),
 ( 1.000000000000000000, 0.7071067811865475727, 1.000000000000000000),
 ( 1.000000000000000000, 0.7071067811865475727, 1.000000000000000000),
 ( 1.000000000000000000, 0.7071067811865475727, 1.000000000000000000),
 ( 1.000000000000000000, 0.7071067811865475727, 1.000000000000000000),
 ( 1.000000000000000000, 0.7071067811865475727, 1.000000000000000000),
 ( 1.000000000000000000, 0.7071067811865475727, 1.000000000000000000),
 ( 1.000000000000000000, 0.7071067811865475727, 1.000000000000000000),
 ( 1.000000000000000000, 0.7071067811865475727, 1.000000000000000000) ) ) 
 REPRESENTATION_ITEM ( '' )  SURFACE ( )  );
#3045 = VERTEX_POINT ( 'NONE', #5019 ) ;
#3046 = VECTOR ( 'NONE', #8362, 1000.000000000000000 ) ;
#3047 = EDGE_CURVE ( 'NONE', #5604, #2794, #2458, .T. ) ;
#3048 = LINE ( 'NONE', #5697, #976 ) ;
#3049 = CARTESIAN_POINT ( 'NONE',  ( -2.035716236485265007, -0.7499999999999997780, 8.587963864082009735 ) ) ;
#3050 = CARTESIAN_POINT ( 'NONE',  ( 2.275387937340399791, -1.249999999999999778, -5.774854870387797767 ) ) ;
#3051 = CARTESIAN_POINT ( 'NONE',  ( 0.6109415328253040567, -0.9116540823656728021, -9.416042996316861036 ) ) ;
#3052 = VECTOR ( 'NONE', #1492, 1000.000000000000000 ) ;
#3053 = CARTESIAN_POINT ( 'NONE',  ( -1.624156152967107580, -0.7499999999999997780, -9.119388930575228258 ) ) ;
#3054 = CARTESIAN_POINT ( 'NONE',  ( 5.153640453733917326, -6.350000000000000533, -4.266882068752386736 ) ) ;
#3055 = LINE ( 'NONE', #557, #6702 ) ;
#3056 = LINE ( 'NONE', #3756, #4889 ) ;
#3057 = ORIENTED_EDGE ( 'NONE', *, *, #8098, .F. ) ;
#3058 = CARTESIAN_POINT ( 'NONE',  ( 2.212147093189036795, -1.249999999999999778, -9.067187185219440337 ) ) ;
#3059 = CONICAL_SURFACE ( 'NONE', #8296, 1.600000000000004086, 0.7853981633974479459 ) ;
#3060 = CARTESIAN_POINT ( 'NONE',  ( 2.105145129612177701, -1.117943485121096980, -9.299109199783147872 ) ) ;
#3061 = CARTESIAN_POINT ( 'NONE',  ( -1.623915830948627903, -0.7499999999999997780, 9.120494649535308085 ) ) ;
#3062 = ORIENTED_EDGE ( 'NONE', *, *, #8178, .F. ) ;
#3063 = ORIENTED_EDGE ( 'NONE', *, *, #4526, .T. ) ;
#3064 = DIRECTION ( 'NONE',  ( 0.000000000000000000, -0.000000000000000000, 1.000000000000000000 ) ) ;
#3065 = CARTESIAN_POINT ( 'NONE',  ( 3.561332808568850261, -0.7499999999999996669, -6.071746564236455868 ) ) ;
#3066 = CARTESIAN_POINT ( 'NONE',  ( 2.106866638529200753, -1.249999999999999778, 9.266000294902969614 ) ) ;
#3067 = CARTESIAN_POINT ( 'NONE',  ( -4.826706478543430379, -0.7499999999999997780, 4.671032987415572713 ) ) ;
#3068 = ORIENTED_EDGE ( 'NONE', *, *, #4100, .T. ) ;
#3069 = ADVANCED_FACE ( 'NONE', ( #2287 ), #8245, .F. ) ;
#3070 = CARTESIAN_POINT ( 'NONE',  ( 6.048839404345904308E-14, -1.249999999999999778, 5.774854870387789774 ) ) ;
#3071 = ORIENTED_EDGE ( 'NONE', *, *, #6014, .T. ) ;
#3072 = CARTESIAN_POINT ( 'NONE',  ( -0.7948091789346485303, -6.349999999999999645, 5.774854870387798655 ) ) ;
#3073 = PLANE ( 'NONE',  #189 ) ;
#3074 = ORIENTED_EDGE ( 'NONE', *, *, #3894, .T. ) ;
#3075 = B_SPLINE_CURVE_WITH_KNOTS ( 'NONE', 3,
 ( #4917, #341, #935, #1107, #2408, #2274 ),
 .UNSPECIFIED., .F., .F.,
 ( 4, 2, 4 ),
 ( 0.000000000000000000, 0.0004007387190707682994, 0.0008014774381415369240 ),
 .UNSPECIFIED. ) ;
#3076 = VERTEX_POINT ( 'NONE', #7559 ) ;
#3077 = FACE_OUTER_BOUND ( 'NONE', #8349, .T. ) ;
#3078 = DIRECTION ( 'NONE',  ( -0.000000000000000000, 1.000000000000000000, -0.000000000000000000 ) ) ;
#3079 = ADVANCED_FACE ( 'NONE', ( #7598 ), #5413, .F. ) ;
#3080 = CARTESIAN_POINT ( 'NONE',  ( -9.448902058460525509E-16, -0.7499999999999997780, -0.9948548703877977406 ) ) ;
#3081 = CARTESIAN_POINT ( 'NONE',  ( 0.4948548703877707067, -1.249999999999999778, -6.074832024661250607 ) ) ;
#3082 = CARTESIAN_POINT ( 'NONE',  ( 4.790377844397159635, -6.349999999999999645, -4.708419941522013374 ) ) ;
#3083 = EDGE_LOOP ( 'NONE', ( #995, #1210, #2530 ) ) ;
#3084 = LINE ( 'NONE', #5683, #2371 ) ;
#3085 = CARTESIAN_POINT ( 'NONE',  ( 4.033720774307608892, -1.249999999999999778, 5.309924168468470818 ) ) ;
#3086 = CARTESIAN_POINT ( 'NONE',  ( -3.176966234697419011, -1.249999999999999778, 5.664556239062834564 ) ) ;
#3087 = CARTESIAN_POINT ( 'NONE',  ( 2.148101963264375858, -0.7499999999999904521, 9.140953811826035391 ) ) ;
#3088 = CARTESIAN_POINT ( 'NONE',  ( 9.530431722890662982, -6.350000000000000533, -0.5853924772786576192 ) ) ;
#3089 = CARTESIAN_POINT ( 'NONE',  ( 5.001497253821652222, -1.249999999999999778, 4.472339845786334145 ) ) ;
#3090 = ADVANCED_FACE ( 'NONE', ( #7735 ), #5069, .T. ) ;
#3091 = CARTESIAN_POINT ( 'NONE',  ( 9.678354296802050172, -6.349999999999999645, 2.105145129612207455 ) ) ;
#3092 = ADVANCED_FACE ( 'NONE', ( #6317 ), #3073, .T. ) ;
#3093 = PRODUCT_DEFINITION_CONTEXT ( 'detailed design', #351, 'design' ) ;
#3094 = DIRECTION ( 'NONE',  ( -1.000000000000000000, 0.000000000000000000, 3.491481338843133355E-15 ) ) ;
#3095 = ORIENTED_EDGE ( 'NONE', *, *, #4407, .T. ) ;
#3096 = ORIENTED_EDGE ( 'NONE', *, *, #8426, .T. ) ;
#3097 = CARTESIAN_POINT ( 'NONE',  ( 2.105145129612210120, -6.349999999999999645, 9.299109199783138990 ) ) ;
#3098 = CARTESIAN_POINT ( 'NONE',  ( -1.888820919588507508, -0.7499999999999997780, 8.681969558860743064 ) ) ;
#3099 = CARTESIAN_POINT ( 'NONE',  ( -4.830624969971883509, -1.249999999999999778, -4.666829039029747328 ) ) ;
#3100 = CARTESIAN_POINT ( 'NONE',  ( 0.9482765591599847665, -0.7500000350307103325, -9.151065285183658915 ) ) ;
#3101 = CARTESIAN_POINT ( 'NONE',  ( 5.307768385487835694, -6.349999999999999645, -4.026130418057516813 ) ) ;
#3102 = EDGE_CURVE ( 'NONE', #2549, #6101, #4373, .T. ) ;
#3103 = CARTESIAN_POINT ( 'NONE',  ( 10.03582622314191397, -0.8835340632233195102, -2.009350139932152501 ) ) ;
#3104 = TOROIDAL_SURFACE ( 'NONE', #2543, 3.719854870387946377, 0.5000000000000000000 ) ;
#3105 = CARTESIAN_POINT ( 'NONE',  ( -1.651354423408115890, -0.7499999999999997780, 9.935855655966753019 ) ) ;
#3106 = ORIENTED_EDGE ( 'NONE', *, *, #5677, .F. ) ;
#3107 = CARTESIAN_POINT ( 'NONE',  ( -9.021147027159647891, -0.7499999999999997780, 2.292008946579403794 ) ) ;
#3108 = ORIENTED_EDGE ( 'NONE', *, *, #7838, .F. ) ;
#3109 = CARTESIAN_POINT ( 'NONE',  ( -2.292008946580092132, -0.7499999999999997780, -9.021147027159377885 ) ) ;
#3110 = AXIS2_PLACEMENT_3D ( 'NONE', #3690, #7528, #6324 ) ;
#3111 = CARTESIAN_POINT ( 'NONE',  ( 2.685283670518134436, -1.249999999999999778, -5.752636975339923353 ) ) ;
#3112 = CARTESIAN_POINT ( 'NONE',  ( 5.774854870387789774, -6.349999999999999645, 0.7948091789347090375 ) ) ;
#3113 = CARTESIAN_POINT ( 'NONE',  ( -0.7271088839738010234, -1.175576129891594546, -9.563317348342936342 ) ) ;
#3114 = VERTEX_POINT ( 'NONE', #5716 ) ;
#3115 = CARTESIAN_POINT ( 'NONE',  ( 2.106189664511817217, -6.350000000000001421, -9.279020191571124343 ) ) ;
#3116 = CARTESIAN_POINT ( 'NONE',  ( -2.344164247592777528, -1.249999999999999778, 5.773686764335397292 ) ) ;
#3117 = FACE_OUTER_BOUND ( 'NONE', #1174, .T. ) ;
#3118 = CIRCLE ( 'NONE', #4361, 2.999999999999999112 ) ;
#3119 = ORIENTED_EDGE ( 'NONE', *, *, #1290, .F. ) ;
#3120 = VERTEX_POINT ( 'NONE', #8335 ) ;
#3121 = DIRECTION ( 'NONE',  ( -0.7071067811865474617, 0.000000000000000000, 0.7071067811865474617 ) ) ;
#3122 = CARTESIAN_POINT ( 'NONE',  ( 1.645652032776087736, -0.9372534392549314308, 9.806852196760743823 ) ) ;
#3123 = DIRECTION ( 'NONE',  ( 1.000000000000000000, 0.000000000000000000, -1.047444401652940007E-14 ) ) ;
#3124 = VECTOR ( 'NONE', #3444, 1000.000000000000000 ) ;
#3125 = CARTESIAN_POINT ( 'NONE',  ( -9.563313570181884771, -1.249999999999999778, 0.7270925849430948107 ) ) ;
#3126 = B_SPLINE_CURVE_WITH_KNOTS ( 'NONE', 3,
 ( #5664, #4321, #7083, #5014, #6950, #7132, #1205, #3845 ),
 .UNSPECIFIED., .F., .F.,
 ( 4, 2, 2, 4 ),
 ( 0.000000000000000000, 0.0002156586824478747152, 0.0004313173648957494303, 0.0008626347297915030890 ),
 .UNSPECIFIED. ) ;
#3127 = CARTESIAN_POINT ( 'NONE',  ( -4.593849348479796646, -0.7500000000000430767, -4.899664131170633041 ) ) ;
#3128 = EDGE_LOOP ( 'NONE', ( #1000, #7522, #1080, #5201 ) ) ;
#3129 = VECTOR ( 'NONE', #253, 1000.000000000000000 ) ;
#3130 = CARTESIAN_POINT ( 'NONE',  ( -4.749987219571101704, -1.249999999999999778, -4.749987219571101704 ) ) ;
#3131 = CARTESIAN_POINT ( 'NONE',  ( 2.724394546949012952, -1.249999999999999778, 5.747754113034370782 ) ) ;
#3132 = EDGE_CURVE ( 'NONE', #7011, #6449, #6401, .T. ) ;
#3133 = CARTESIAN_POINT ( 'NONE',  ( -1.888204326372171726, -0.7499999999999997780, -8.682685175508590092 ) ) ;
#3134 = CARTESIAN_POINT ( 'NONE',  ( 1.826686617570037141, -0.7499999999999997780, 8.739575271951794733 ) ) ;
#3135 = CARTESIAN_POINT ( 'NONE',  ( 10.07030783714661659, -6.350000000000000533, -1.876683844410796498 ) ) ;
#3136 = DIRECTION ( 'NONE',  ( -0.000000000000000000, -1.000000000000000000, -0.000000000000000000 ) ) ;
#3137 = CARTESIAN_POINT ( 'NONE',  ( -4.985444198140551286, -6.349999999999999645, 4.491787385390128229 ) ) ;
#3138 = AXIS2_PLACEMENT_3D ( 'NONE', #140, #7814, #6647 ) ;
#3139 = CARTESIAN_POINT ( 'NONE',  ( 9.043753439916692116, -6.350000000000001421, -2.247215033733582334 ) ) ;
#3140 = FACE_OUTER_BOUND ( 'NONE', #3740, .T. ) ;
#3141 = ADVANCED_FACE ( 'NONE', ( #3329 ), #3808, .T. ) ;
#3142 = ADVANCED_FACE ( 'NONE', ( #1247 ), #7173, .F. ) ;
#3143 = CARTESIAN_POINT ( 'NONE',  ( 4.491787385390076714, -6.349999999999999645, 4.985444198140598360 ) ) ;
#3144 = CARTESIAN_POINT ( 'NONE',  ( 0.000000000000000000, 6.349999999999999645, 2.100000000000000089 ) ) ;
#3145 = CARTESIAN_POINT ( 'NONE',  ( -0.5853924772787433284, -1.250000000000000000, 9.530431722890574164 ) ) ;
#3146 = CARTESIAN_POINT ( 'NONE',  ( 9.925151415895449247, -1.152677805080580598, -1.650918591661214352 ) ) ;
#3147 = CARTESIAN_POINT ( 'NONE',  ( 0.9686702522716337249, -0.7500000000000000000, 6.209393325097495087 ) ) ;
#3148 = EDGE_LOOP ( 'NONE', ( #6353, #786, #7587, #5056 ) ) ;
#3149 = CARTESIAN_POINT ( 'NONE',  ( -5.444455499145175459, -0.7499999999999997780, -4.718849036914098960 ) ) ;
#3150 = ADVANCED_FACE ( 'NONE', ( #5972 ), #3028, .F. ) ;
#3151 = CARTESIAN_POINT ( 'NONE',  ( -9.271066631791525126, -1.249999999999999778, 0.4948548703878879462 ) ) ;
#3152 = CARTESIAN_POINT ( 'NONE',  ( -1.604824603125623472, -0.7499999999999997780, 9.292283660294980763 ) ) ;
#3153 = DIRECTION ( 'NONE',  ( 0.000000000000000000, 1.000000000000000000, 0.000000000000000000 ) ) ;
#3154 = CARTESIAN_POINT ( 'NONE',  ( 4.604064946664374602, -0.7499999999999998890, -5.529790801143854573 ) ) ;
#3155 = DIRECTION ( 'NONE',  ( 0.000000000000000000, 0.000000000000000000, 1.000000000000000000 ) ) ;
#3156 = CARTESIAN_POINT ( 'NONE',  ( -0.6109415328253365862, -0.9116540823656833492, -9.416042996317044000 ) ) ;
#3157 = CARTESIAN_POINT ( 'NONE',  ( -4.844298874234564956, -6.349999999999996980, 4.652928092866612353 ) ) ;
#3158 = CARTESIAN_POINT ( 'NONE',  ( -4.705393340446807571, -6.349999999999999645, 4.793229508794098592 ) ) ;
#3159 = CARTESIAN_POINT ( 'NONE',  ( -9.416551571812656007, -6.349999999999999645, 0.4948900776559423398 ) ) ;
#3160 = EDGE_LOOP ( 'NONE', ( #1888, #7865, #8050, #1119 ) ) ;
#3161 = EDGE_CURVE ( 'NONE', #3422, #934, #2149, .T. ) ;
#3162 = VERTEX_POINT ( 'NONE', #8462 ) ;
#3163 = PLANE ( 'NONE',  #5684 ) ;
#3164 = CARTESIAN_POINT ( 'NONE',  ( 2.047585740924979358, -0.9501741689381572042, 10.10406192414178683 ) ) ;
#3165 = CARTESIAN_POINT ( 'NONE',  ( -9.935855655966854272, -6.349999999999999645, 1.651354423408247563 ) ) ;
#3166 = CARTESIAN_POINT ( 'NONE',  ( 6.224795864023864311, -0.7499999999999997780, 2.919898521238229794 ) ) ;
#3167 = CARTESIAN_POINT ( 'NONE',  ( -9.299109199783812230, -1.249999999999999778, 2.105145129612306487 ) ) ;
#3168 = CARTESIAN_POINT ( 'NONE',  ( 9.342476856437514243, -0.8005384068327894287, -0.8543982456129224357 ) ) ;
#3169 = ORIENTED_EDGE ( 'NONE', *, *, #2772, .F. ) ;
#3170 = ORIENTED_EDGE ( 'NONE', *, *, #7417, .T. ) ;
#3171 = CARTESIAN_POINT ( 'NONE',  ( -6.274854870387789774, -0.7499999999999997780, 0.000000000000000000 ) ) ;
#3172 = CARTESIAN_POINT ( 'NONE',  ( -1.610352866662281945, -0.7499999999999998890, -9.199881272816430311 ) ) ;
#3173 = DIRECTION ( 'NONE',  ( -1.047444401652940007E-14, 0.000000000000000000, -1.000000000000000000 ) ) ;
#3174 = CARTESIAN_POINT ( 'NONE',  ( -1.651354423408143424, -6.349999999999999645, -9.935855655966872035 ) ) ;
#3175 = CARTESIAN_POINT ( 'NONE',  ( -6.274854870387779116, -0.7500000000000000000, 0.9948548703878571375 ) ) ;
#3176 = EDGE_CURVE ( 'NONE', #3197, #6361, #1335, .T. ) ;
#3177 = UNCERTAINTY_MEASURE_WITH_UNIT (LENGTH_MEASURE( 1.000000000000000082E-05 ), #8110, 'distance_accuracy_value', 'NONE');
#3178 = CARTESIAN_POINT ( 'NONE',  ( 2.103262903735329648, -1.200396464468285851, 9.676946223252505419 ) ) ;
#3179 = ORIENTED_EDGE ( 'NONE', *, *, #7874, .F. ) ;
#3180 = CARTESIAN_POINT ( 'NONE',  ( 2.105004284771645029, -6.349999999999999645, -9.940748498636054364 ) ) ;
#3181 = CARTESIAN_POINT ( 'NONE',  ( 2.105145129612209232, -6.349999999999999645, 9.299109199783835322 ) ) ;
#3182 = DIRECTION ( 'NONE',  ( 0.000000000000000000, 1.000000000000000000, 0.000000000000000000 ) ) ;
#3183 = LINE ( 'NONE', #4566, #2765 ) ;
#3184 = CARTESIAN_POINT ( 'NONE',  ( -5.774908376104336050, -6.350000000000001421, 0.6191424365563662491 ) ) ;
#3185 = CARTESIAN_POINT ( 'NONE',  ( -5.769351686916006194, -1.250000000000000000, 2.506000929845965342 ) ) ;
#3186 = EDGE_CURVE ( 'NONE', #1486, #8496, #3502, .T. ) ;
#3187 = CARTESIAN_POINT ( 'NONE',  ( -4.490990806000266566, -6.349999999999999645, -4.984334064523816110 ) ) ;
#3188 = CARTESIAN_POINT ( 'NONE',  ( -1.500000000000000000, -16.35000000000000142, -2.741464024932667165 ) ) ;
#3189 = ORIENTED_EDGE ( 'NONE', *, *, #6623, .F. ) ;
#3190 = CARTESIAN_POINT ( 'NONE',  ( -5.309876858252904341, -1.249999999999999778, -4.033781148248801962 ) ) ;
#3191 = CARTESIAN_POINT ( 'NONE',  ( -2.275387937340360267, -6.349999999999999645, 5.774854870387817307 ) ) ;
#3192 = CARTESIAN_POINT ( 'NONE',  ( -2.156861966637472428, -0.7499999999999997780, -8.539023618828144535 ) ) ;
#3193 = CARTESIAN_POINT ( 'NONE',  ( 0.7270925849429945576, -1.249999999999999778, 9.563313570181891876 ) ) ;
#3194 = CARTESIAN_POINT ( 'NONE',  ( -9.169590547013971360, -6.350000000000002309, -2.132612037778932379 ) ) ;
#3195 = CARTESIAN_POINT ( 'NONE',  ( 0.000000000000000000, -6.349999999999999645, 0.000000000000000000 ) ) ;
#3196 = CARTESIAN_POINT ( 'NONE',  ( -0.6619912748340295305, -0.8647588404930631745, -9.375177540560560630 ) ) ;
#3197 = VERTEX_POINT ( 'NONE', #5890 ) ;
#3198 = EDGE_CURVE ( 'NONE', #3592, #1747, #3715, .T. ) ;
#3199 = CARTESIAN_POINT ( 'NONE',  ( 2.192387404637208270, -0.7499999999999997780, 8.527837839776372775 ) ) ;
#3200 = CARTESIAN_POINT ( 'NONE',  ( 1.605145129612209898, -0.7499999999999997780, 0.000000000000000000 ) ) ;
#3201 = ORIENTED_EDGE ( 'NONE', *, *, #7267, .T. ) ;
#3202 = B_SPLINE_CURVE_WITH_KNOTS ( 'NONE', 3,
 ( #6638, #556, #3185, #7927, #5918, #5876, #3875, #2008, #7200, #49, #3972, #3274, #2657, #2574 ),
 .UNSPECIFIED., .F., .F.,
 ( 4, 2, 2, 2, 2, 2, 4 ),
 ( 0.000000000000000000, 0.0003464916817893613906, 0.0006929833635787227813, 0.001385966727157445563, 0.002078950090736168127, 0.002425441772525528759, 0.002771933454314889824 ),
 .UNSPECIFIED. ) ;
#3203 = EDGE_LOOP ( 'NONE', ( #7297, #1953 ) ) ;
#3204 = CARTESIAN_POINT ( 'NONE',  ( -0.6093099112317181820, -0.9046407722474577584, 5.889309911231803696 ) ) ;
#3205 = CARTESIAN_POINT ( 'NONE',  ( 9.598095213971651773, -0.9246613669703027671, 1.990129613247615170 ) ) ;
#3206 = VECTOR ( 'NONE', #4325, 1000.000000000000000 ) ;
#3207 = CARTESIAN_POINT ( 'NONE',  ( -9.203283201169480066, -0.8339739459306667602, -0.7100921513876771174 ) ) ;
#3208 = CARTESIAN_POINT ( 'NONE',  ( 3.089999999999999858, 6.349999999999999645, 2.555000000000000160 ) ) ;
#3209 = EDGE_CURVE ( 'NONE', #654, #913, #2065, .T. ) ;
#3210 = ORIENTED_EDGE ( 'NONE', *, *, #3549, .F. ) ;
#3211 = CARTESIAN_POINT ( 'NONE',  ( -4.671032987666274394, -1.249999999999999778, -4.826706478299842118 ) ) ;
#3212 = CARTESIAN_POINT ( 'NONE',  ( 2.555000000000000160, 6.349999999999999645, -3.089999999999999858 ) ) ;
#3213 = AXIS2_PLACEMENT_3D ( 'NONE', #5285, #2540, #572 ) ;
#3214 = ORIENTED_EDGE ( 'NONE', *, *, #3309, .F. ) ;
#3215 = DIRECTION ( 'NONE',  ( -0.000000000000000000, -1.000000000000000000, -0.000000000000000000 ) ) ;
#3216 = CARTESIAN_POINT ( 'NONE',  ( -2.264266895949677227, -6.349999999999999645, -9.034447134827443548 ) ) ;
#3217 = LINE ( 'NONE', #7186, #4023 ) ;
#3218 = CARTESIAN_POINT ( 'NONE',  ( 0.5853924772786238684, -6.349999999999999645, 9.530431722890668311 ) ) ;
#3219 = CARTESIAN_POINT ( 'NONE',  ( 0.6191424365563035215, -1.249999999999999778, 5.774908376104344043 ) ) ;
#3220 = CARTESIAN_POINT ( 'NONE',  ( -2.105145129612112864, -6.349999999999999645, 9.299109199783162083 ) ) ;
#3221 = CARTESIAN_POINT ( 'NONE',  ( 2.105145129612209676, -1.249999999999999778, 10.20694509942422812 ) ) ;
#3222 = EDGE_LOOP ( 'NONE', ( #5237, #4220, #3012, #5031 ) ) ;
#3223 = CARTESIAN_POINT ( 'NONE',  ( -6.013459441996326760, -0.8042590948707796228, 2.277279247657821415 ) ) ;
#3224 = CARTESIAN_POINT ( 'NONE',  ( 2.123812721427069228, -6.349999999999999645, 9.190067605226134972 ) ) ;
#3225 = CARTESIAN_POINT ( 'NONE',  ( -2.253121529596856742, -1.249999999999999778, 9.039813263795771547 ) ) ;
#3226 = EDGE_CURVE ( 'NONE', #2221, #5854, #1733, .T. ) ;
#3227 = CARTESIAN_POINT ( 'NONE',  ( -2.105145129612210120, -1.249999999999999778, 0.000000000000000000 ) ) ;
#3228 = CARTESIAN_POINT ( 'NONE',  ( -5.899142436556301661, -6.350000000000001421, 0.4949083761044025254 ) ) ;
#3229 = CARTESIAN_POINT ( 'NONE',  ( -2.107992638069446922, -1.249999999999999778, 9.244344518580009051 ) ) ;
#3230 = CARTESIAN_POINT ( 'NONE',  ( -9.617147878727358545, -0.9649331678688204406, 2.017591391994300931 ) ) ;
#3231 = CARTESIAN_POINT ( 'NONE',  ( -2.526946906007596638, -0.7499999999999997780, -6.269367957483096276 ) ) ;
#3232 = ORIENTED_EDGE ( 'NONE', *, *, #2401, .T. ) ;
#3233 = CARTESIAN_POINT ( 'NONE',  ( -9.002901470545131346, -0.7499999999999997780, 2.348440763761983074 ) ) ;
#3234 = CARTESIAN_POINT ( 'NONE',  ( -9.141477105748386123, -1.250000000000000000, 2.147702198187984024 ) ) ;
#3235 = EDGE_CURVE ( 'NONE', #927, #5971, #7425, .T. ) ;
#3236 = CARTESIAN_POINT ( 'NONE',  ( -1.826686617570037141, -0.7499999999999997780, -8.739575271951794733 ) ) ;
#3237 = CARTESIAN_POINT ( 'NONE',  ( -9.279020191571115461, -6.350000000000000533, -2.106189664511849635 ) ) ;
#3238 = CARTESIAN_POINT ( 'NONE',  ( -0.9948548703877914123, -0.7500000000000000000, -6.274854870387789774 ) ) ;
#3239 = VECTOR ( 'NONE', #4612, 1000.000000000000000 ) ;
#3240 = CARTESIAN_POINT ( 'NONE',  ( -0.9022314755060691915, -0.7557942769546516226, -9.186468074454490207 ) ) ;
#3241 = ORIENTED_EDGE ( 'NONE', *, *, #5586, .F. ) ;
#3242 = CARTESIAN_POINT ( 'NONE',  ( 1.646936468090169026, -0.9649331697241779748, -9.831777950102337016 ) ) ;
#3243 = CARTESIAN_POINT ( 'NONE',  ( -5.774854870387792438, -1.249999999999999778, -0.7948091789347090375 ) ) ;
#3244 = ADVANCED_FACE ( 'NONE', ( #6012 ), #5695, .F. ) ;
#3245 = EDGE_LOOP ( 'NONE', ( #6109, #4544, #6945, #4928 ) ) ;
#3246 = ADVANCED_FACE ( 'NONE', ( #6133 ), #5362, .F. ) ;
#3247 = CARTESIAN_POINT ( 'NONE',  ( -0.8349215533303084857, -0.9427265114570072546, 5.875021577744243828 ) ) ;
#3248 =( BOUNDED_SURFACE ( )  B_SPLINE_SURFACE ( 3, 2, ( 
 ( #7074, #6469, #6990 ),
 ( #1699, #5833, #475 ),
 ( #905, #1065, #4356 ),
 ( #2404, #2203, #3146 ),
 ( #3714, #1785, #7681 ),
 ( #8275, #3103, #4842 ),
 ( #7478, #4399, #7035 ),
 ( #1550, #2358, #1148 ),
 ( #6388, #5747, #8366 ),
 ( #2446, #4440, #3794 ),
 ( #6429, #8404, #2484 ),
 ( #1321, #683, #761 ),
 ( #7327, #2010, #7850 ),
 ( #3405, #8449, #4659 ),
 ( #2052, #8494, #1916 ),
 ( #3275, #4527, #1879 ) ),
 .UNSPECIFIED., .F., .F., .T. ) 
 B_SPLINE_SURFACE_WITH_KNOTS ( ( 4, 2, 2, 2, 2, 2, 2, 4 ),
 ( 3, 3 ),
 ( 0.000000000000000000, 2.969996288214934383E-05, 5.939992576429868766E-05, 8.909988864644803489E-05, 0.0001187998515285973753, 0.0001781997772928960698, 0.0002375997030571947507, 0.0004751994061143895013 ),
 ( 0.000000000000000000, 1.000000000000000000 ),
 .UNSPECIFIED. ) 
 GEOMETRIC_REPRESENTATION_ITEM ( )  RATIONAL_B_SPLINE_SURFACE ( (
 ( 1.000000000000000000, 0.4935349706079041887, 1.000000000000000000),
 ( 1.000000000000000000, 0.4935127649134131156, 1.000000000000000000),
 ( 1.000000000000000000, 0.4995784984367778736, 1.000000000000000000),
 ( 1.000000000000000000, 0.5209348963629975016, 1.000000000000000000),
 ( 1.000000000000000000, 0.5360584284417559964, 1.000000000000000000),
 ( 1.000000000000000000, 0.5697732427675215039, 1.000000000000000000),
 ( 1.000000000000000000, 0.5887012726534912588, 1.000000000000000000),
 ( 1.000000000000000000, 0.6267654606521906313, 1.000000000000000000),
 ( 1.000000000000000000, 0.6459147758215093571, 1.000000000000000000),
 ( 1.000000000000000000, 0.7020873980202106956, 1.000000000000000000),
 ( 1.000000000000000000, 0.7379412193435412881, 1.000000000000000000),
 ( 1.000000000000000000, 0.8015170218986000794, 1.000000000000000000),
 ( 1.000000000000000000, 0.8297315967171197126, 1.000000000000000000),
 ( 1.000000000000000000, 0.9541561539496690170, 1.000000000000000000),
 ( 1.000000000000000000, 0.9996330041166460179, 1.000000000000000000),
 ( 1.000000000000000000, 1.000000000000000000, 1.000000000000000000) ) ) 
 REPRESENTATION_ITEM ( '' )  SURFACE ( )  );
#3249 = LINE ( 'NONE', #3379, #6847 ) ;
#3250 = CARTESIAN_POINT ( 'NONE',  ( -9.151711569842726490, -0.7604443519486109304, -0.8767189974235656269 ) ) ;
#3251 = CARTESIAN_POINT ( 'NONE',  ( 5.772919569475144286, -1.249999999999999778, 2.389335515751004557 ) ) ;
#3252 = AXIS2_PLACEMENT_3D ( 'NONE', #6916, #7702, #2248 ) ;
#3253 = CARTESIAN_POINT ( 'NONE',  ( -12.69999999999999929, -0.7499999999999997780, 1.734723475976804925E-15 ) ) ;
#3254 = CARTESIAN_POINT ( 'NONE',  ( -9.067256534480847563, -1.249999999999999778, -2.212108984184086857 ) ) ;
#3255 = ORIENTED_EDGE ( 'NONE', *, *, #6793, .F. ) ;
#3256 = CARTESIAN_POINT ( 'NONE',  ( -6.074832024661248830, -1.249999999999999778, -0.4948548703877919674 ) ) ;
#3257 = CARTESIAN_POINT ( 'NONE',  ( 4.321045569832823396, -1.249999999999999778, 5.117196658424867373 ) ) ;
#3258 = ADVANCED_FACE ( 'NONE', ( #8114 ), #2025, .T. ) ;
#3259 = CIRCLE ( 'NONE', #4085, 9.305145129612210297 ) ;
#3260 = CARTESIAN_POINT ( 'NONE',  ( 2.647079788142332912, -6.349999999999998757, -5.755151426187519625 ) ) ;
#3261 = CARTESIAN_POINT ( 'NONE',  ( -2.105145129612210120, -1.249999999999999778, -9.678314036664062314 ) ) ;
#3262 = DIRECTION ( 'NONE',  ( -0.000000000000000000, -1.000000000000000000, -0.000000000000000000 ) ) ;
#3263 = DIRECTION ( 'NONE',  ( -4.441258270103198218E-15, 0.000000000000000000, -1.000000000000000000 ) ) ;
#3264 = VECTOR ( 'NONE', #5619, 1000.000000000000114 ) ;
#3265 = EDGE_LOOP ( 'NONE', ( #5390, #4271, #6892, #2374 ) ) ;
#3266 = LINE ( 'NONE', #1311, #4449 ) ;
#3267 = CARTESIAN_POINT ( 'NONE',  ( 2.168404344971008868E-16, -12.84999999999999964, -8.741464024932662724 ) ) ;
#3268 = VERTEX_POINT ( 'NONE', #7299 ) ;
#3269 = CARTESIAN_POINT ( 'NONE',  ( 1.647799824854069284, -0.9799059656209808677, 9.848400162133625457 ) ) ;
#3270 = CARTESIAN_POINT ( 'NONE',  ( 4.613009108794920543, -0.7499999999999997780, -5.523435962882458306 ) ) ;
#3271 = B_SPLINE_SURFACE_WITH_KNOTS ( 'NONE', 3, 1, ( 
 ( #3978, #7937 ),
 ( #8502, #5184 ),
 ( #3843, #2583 ),
 ( #1885, #7812 ),
 ( #2621, #4537 ),
 ( #3283, #686 ),
 ( #5927, #13 ),
 ( #3324, #2187 ),
 ( #2104, #3413 ),
 ( #6856, #4790 ),
 ( #4227, #8066 ),
 ( #8145, #4871 ),
 ( #931, #6765 ),
 ( #890, #7500 ),
 ( #2148, #3450 ) ),
 .UNSPECIFIED., .F., .F., .F.,
 ( 4, 1, 1, 1, 1, 1, 1, 1, 1, 1, 1, 1, 4 ),
 ( 2, 2 ),
 ( 0.000000000000000000, 0.06779283232821911587, 0.1361444658705646682, 0.2050550457802249038, 0.2745247136004537736, 0.3445536073781220732, 0.4862896081618728328, 0.6302640866214523907, 0.7030910659234864690, 0.7764780318659828540, 0.8504251008530517852, 0.9249323865572913750, 1.000000000000000000 ),
 ( 0.000000000000000000, 1.000000000000000000 ),
 .UNSPECIFIED. ) ;
#3272 = CARTESIAN_POINT ( 'NONE',  ( 2.846498317571605874, -6.349999999999999645, 5.729727507366512818 ) ) ;
#3273 = DIRECTION ( 'NONE',  ( 1.000000000000000000, 0.000000000000000000, 0.000000000000000000 ) ) ;
#3274 = CARTESIAN_POINT ( 'NONE',  ( -4.909847950338789957, -1.250000000000000000, 4.582112181391096328 ) ) ;
#3275 = CARTESIAN_POINT ( 'NONE',  ( 9.344284074950618191, -0.7499999999999996669, -1.605145129612242316 ) ) ;
#3276 = CARTESIAN_POINT ( 'NONE',  ( 0.7394344843842884929, -0.8005724628894496098, 9.194057277607406320 ) ) ;
#3277 = EDGE_LOOP ( 'NONE', ( #6339, #4500, #6951, #6859 ) ) ;
#3278 = CARTESIAN_POINT ( 'NONE',  ( -4.826950148074581115, -0.7499999999999997780, -4.670618721917393579 ) ) ;
#3279 = CARTESIAN_POINT ( 'NONE',  ( -9.299109199783117674, -1.249999999999999778, 2.105145129612307375 ) ) ;
#3280 = CARTESIAN_POINT ( 'NONE',  ( -9.220152429365576552, -0.7604443523589644593, 0.9291536445352489570 ) ) ;
#3281 = FACE_OUTER_BOUND ( 'NONE', #1025, .T. ) ;
#3282 = CARTESIAN_POINT ( 'NONE',  ( -9.416551571812656007, -6.349999999999999645, 0.4948900776559423398 ) ) ;
#3283 = CARTESIAN_POINT ( 'NONE',  ( -5.223832818756057428, -1.249999999999999778, -4.163775357382891507 ) ) ;
#3284 = CARTESIAN_POINT ( 'NONE',  ( -0.7430455161298435973, -0.8131067495198559536, -6.174131128684604342 ) ) ;
#3285 = CARTESIAN_POINT ( 'NONE',  ( -0.9291536445351462614, -0.7604443523589744514, -9.220152429365610303 ) ) ;
#3286 = ORIENTED_EDGE ( 'NONE', *, *, #6935, .F. ) ;
#3287 = ADVANCED_FACE ( 'NONE', ( #3420 ), #6292, .T. ) ;
#3288 = CARTESIAN_POINT ( 'NONE',  ( 2.054607589228418796, -1.030008899707531178, -9.642852424229921837 ) ) ;
#3289 = ORIENTED_EDGE ( 'NONE', *, *, #1592, .F. ) ;
#3290 = CARTESIAN_POINT ( 'NONE',  ( -9.271102943336662960, -6.349999999999999645, 0.4948548703878887789 ) ) ;
#3291 = B_SPLINE_CURVE_WITH_KNOTS ( 'NONE', 3,
 ( #7666, #6333, #416, #7614, #3038, #1730, #6801, #243, #6157, #12, #1202, #5886, #6605, #7130 ),
 .UNSPECIFIED., .F., .F.,
 ( 4, 2, 2, 2, 2, 2, 4 ),
 ( 0.000000000000000000, 0.0003955666508946077708, 0.0007911333017892155416, 0.001582266603578431734, 0.002373399905367648902, 0.002768966556262257052, 0.003164533207156864768 ),
 .UNSPECIFIED. ) ;
#3292 = ORIENTED_EDGE ( 'NONE', *, *, #2969, .F. ) ;
#3293 = CARTESIAN_POINT ( 'NONE',  ( 9.563309819739272299, -6.349999999999999645, 0.7270764054876839300 ) ) ;
#3294 = DIRECTION ( 'NONE',  ( -1.000000000000000000, 0.000000000000000000, 3.491481338843133355E-15 ) ) ;
#3295 = CARTESIAN_POINT ( 'NONE',  ( -9.151065285183651810, -0.7500000350307102215, -0.9482765591599933153 ) ) ;
#3296 = CARTESIAN_POINT ( 'NONE',  ( 9.344284074950456542, -0.7499999999999996669, 1.605145129612209010 ) ) ;
#3297 = LINE ( 'NONE', #5769, #1862 ) ;
#3298 = DIRECTION ( 'NONE',  ( -0.000000000000000000, -1.000000000000000000, -0.000000000000000000 ) ) ;
#3299 = CARTESIAN_POINT ( 'NONE',  ( -9.217154405169804221, -0.7499999999999950040, -2.115939480238360204 ) ) ;
#3300 = ORIENTED_EDGE ( 'NONE', *, *, #327, .F. ) ;
#3302 = CARTESIAN_POINT ( 'NONE',  ( -2.329991424587249504, -1.249999999999999778, 9.008710553930331599 ) ) ;
#3301 =( BOUNDED_SURFACE ( )  B_SPLINE_SURFACE ( 3, 2, ( 
 ( #1112, #3764, #6396 ),
 ( #3113, #5757, #568 ),
 ( #8375, #1157, #2495 ),
 ( #6438, #3156, #5803 ),
 ( #7773, #3196, #5358 ),
 ( #3368, #7296, #3980 ),
 ( #6049, #610, #4704 ),
 ( #3285, #3240, #4019 ),
 ( #3935, #772, #1927 ),
 ( #5967, #2665, #6520 ) ),
 .UNSPECIFIED., .F., .F., .T. ) 
 B_SPLINE_SURFACE_WITH_KNOTS ( ( 4, 2, 2, 2, 4 ),
 ( 3, 3 ),
 ( 0.000000000000000000, 8.874008666946169477E-05, 0.0001774801733389233895, 0.0002662202600083851114, 0.0003549603466778467791 ),
 ( 0.000000000000000000, 1.000000000000000000 ),
 .UNSPECIFIED. ) 
 GEOMETRIC_REPRESENTATION_ITEM ( )  RATIONAL_B_SPLINE_SURFACE ( (
 ( 1.000000000000000000, 0.7828858005155520106, 1.000000000000000000),
 ( 1.000000000000000000, 0.7823316129282674725, 1.000000000000000000),
 ( 1.000000000000000000, 0.8013859402318584957, 1.000000000000000000),
 ( 1.000000000000000000, 0.8529455745548045753, 1.000000000000000000),
 ( 1.000000000000000000, 0.8846933950169615368, 1.000000000000000000),
 ( 1.000000000000000000, 0.9391236465577113002, 1.000000000000000000),
 ( 1.000000000000000000, 0.9618119039027286377, 1.000000000000000000),
 ( 1.000000000000000000, 0.9921799038933842851, 1.000000000000000000),
 ( 1.000000000000000000, 0.9999926168062859277, 1.000000000000000000),
 ( 1.000000000000000000, 1.000000000000000000, 1.000000000000000000) ) ) 
 REPRESENTATION_ITEM ( '' )  SURFACE ( )  );
#3303 = CARTESIAN_POINT ( 'NONE',  ( -2.285172883376034303, -6.349999999999997868, -9.024263025706199315 ) ) ;
#3304 = CARTESIAN_POINT ( 'NONE',  ( 3.401930685070661209, -6.350000000000000533, -5.596587704535986418 ) ) ;
#3305 = CARTESIAN_POINT ( 'NONE',  ( 10.07030783714661659, -1.250000000000000000, -1.876683844410796498 ) ) ;
#3306 = CARTESIAN_POINT ( 'NONE',  ( -5.774854870387780892, -1.184538517676307690, 0.7948548712061107580 ) ) ;
#3307 = LINE ( 'NONE', #4517, #4499 ) ;
#3308 = ORIENTED_EDGE ( 'NONE', *, *, #8370, .F. ) ;
#3309 = EDGE_CURVE ( 'NONE', #7246, #3013, #386, .T. ) ;
#3310 = CARTESIAN_POINT ( 'NONE',  ( -1.821311839416041023, -13.90363556493261399, -2.540902578835125603 ) ) ;
#3311 = CARTESIAN_POINT ( 'NONE',  ( -6.039313519392364604, -0.7961721122757081659, -0.7593135193923992166 ) ) ;
#3312 = VERTEX_POINT ( 'NONE', #8152 ) ;
#3313 = CARTESIAN_POINT ( 'NONE',  ( 5.869745902883252597, -0.7499999999999997780, 4.049330476432548842 ) ) ;
#3314 = DIRECTION ( 'NONE',  ( -1.047444401652938113E-14, 0.000000000000000000, -1.000000000000000000 ) ) ;
#3315 = CARTESIAN_POINT ( 'NONE',  ( 5.774854870387789774, -1.249999999999999778, 0.7948320246612505802 ) ) ;
#3316 = FACE_OUTER_BOUND ( 'NONE', #3022, .T. ) ;
#3317 = CARTESIAN_POINT ( 'NONE',  ( -10.03582622314190331, -0.8835340632233137370, 2.009350139932220003 ) ) ;
#3318 = EDGE_CURVE ( 'NONE', #4374, #3342, #2234, .T. ) ;
#3319 = ORIENTED_EDGE ( 'NONE', *, *, #7721, .T. ) ;
#3320 = DIRECTION ( 'NONE',  ( -1.000000000000000000, 0.000000000000000000, 0.000000000000000000 ) ) ;
#3321 = CARTESIAN_POINT ( 'NONE',  ( -9.066909148835581078, -0.7499999999999997780, 2.212549695579995479 ) ) ;
#3322 = CARTESIAN_POINT ( 'NONE',  ( -9.186526414003157726, -0.8024511534720625283, 0.7639417980174687539 ) ) ;
#3323 = CARTESIAN_POINT ( 'NONE',  ( -2.132113727921928437, -1.249999999999999778, 9.170768666173250594 ) ) ;
#3324 = CARTESIAN_POINT ( 'NONE',  ( -5.501497584056000534, -1.249999999999999778, -3.650367610012353659 ) ) ;
#3325 = CARTESIAN_POINT ( 'NONE',  ( -0.4948549273436108065, -1.143549782630394418, -5.774854927343594291 ) ) ;
#3326 = CARTESIAN_POINT ( 'NONE',  ( 1.347601624859001816E-13, -1.249999999999999778, 12.69999999999999929 ) ) ;
#3327 = ORIENTED_EDGE ( 'NONE', *, *, #4991, .F. ) ;
#3328 = CARTESIAN_POINT ( 'NONE',  ( 2.009350139932082779, -0.8835340632233379399, -10.03582622314174522 ) ) ;
#3329 = FACE_OUTER_BOUND ( 'NONE', #262, .T. ) ;
#3330 = CIRCLE ( 'NONE', #5126, 1.600000000000004086 ) ;
#3331 = CARTESIAN_POINT ( 'NONE',  ( 1.622253303979844352, -0.7500000000000000000, -9.487247446397645945 ) ) ;
#3332 = ORIENTED_EDGE ( 'NONE', *, *, #3451, .F. ) ;
#3333 = CARTESIAN_POINT ( 'NONE',  ( -0.7605129427894652405, -0.8004147824066467631, 9.297056062851902780 ) ) ;
#3334 = CARTESIAN_POINT ( 'NONE',  ( 1.734723475976804925E-15, -4.349999999999999645, -12.69999999999999929 ) ) ;
#3335 = EDGE_CURVE ( 'NONE', #3615, #6691, #3075, .T. ) ;
#3336 = CARTESIAN_POINT ( 'NONE',  ( 2.495959201842296693, -0.7499999999999426015, -5.770063376547477141 ) ) ;
#3337 = CARTESIAN_POINT ( 'NONE',  ( 2.126840748795243652, -6.349999999999999645, 9.186653874190259472 ) ) ;
#3338 = AXIS2_PLACEMENT_3D ( 'NONE', #4365, #5062, #3064 ) ;
#3339 = CARTESIAN_POINT ( 'NONE',  ( 5.183532004855918807, -0.7499999999999997780, 5.021134005223019336 ) ) ;
#3340 = CARTESIAN_POINT ( 'NONE',  ( -2.070971087514245301, -1.067192003028236691, -9.654274468678124776 ) ) ;
#3341 = CARTESIAN_POINT ( 'NONE',  ( -9.141450080487945939, -0.7499999999999997780, -2.147797752111780589 ) ) ;
#3342 = VERTEX_POINT ( 'NONE', #3007 ) ;
#3343 = B_SPLINE_SURFACE_WITH_KNOTS ( 'NONE', 3, 1, ( 
 ( #7017, #8346 ),
 ( #5771, #8386 ),
 ( #8473, #5029 ),
 ( #8300, #7828 ),
 ( #7655, #4332 ),
 ( #581, #2550 ),
 ( #2466, #1812 ),
 ( #4461, #7096 ),
 ( #6450, #5199 ),
 ( #3167, #6965 ) ),
 .UNSPECIFIED., .F., .F., .F.,
 ( 4, 1, 1, 1, 1, 1, 1, 4 ),
 ( 2, 2 ),
 ( 0.000000000000000000, 0.1365059386517771534, 0.2792219958285665493, 0.4259443949517819905, 0.5740530155450295213, 0.7207758461108755288, 0.8634927663564990752, 1.000000000000000000 ),
 ( 0.000000000000000000, 1.000000000000000000 ),
 .UNSPECIFIED. ) ;
#3344 = CARTESIAN_POINT ( 'NONE',  ( 4.413611479037303553, -1.249999999999999778, 5.048101523524324286 ) ) ;
#3345 = EDGE_CURVE ( 'NONE', #2279, #4203, #4721, .T. ) ;
#3346 = CARTESIAN_POINT ( 'NONE',  ( 0.4948900776558433634, -6.349999999999999645, 9.416551571812661336 ) ) ;
#3347 = CARTESIAN_POINT ( 'NONE',  ( -2.344876953719448931, -6.350000000000000533, -5.773753185279961286 ) ) ;
#3348 = CARTESIAN_POINT ( 'NONE',  ( 9.231414770807747416, -0.7499999999999994449, -2.112333702603477192 ) ) ;
#3349 = VECTOR ( 'NONE', #2421, 1000.000000000000000 ) ;
#3350 = CARTESIAN_POINT ( 'NONE',  ( -2.100000000000000533, -12.99008008241220224, -2.314222331583552617 ) ) ;
#3351 = CARTESIAN_POINT ( 'NONE',  ( -9.467189563441513300, -0.7500000000000002220, -1.619870005847374950 ) ) ;
#3352 = ORIENTED_EDGE ( 'NONE', *, *, #4574, .T. ) ;
#3353 = EDGE_CURVE ( 'NONE', #455, #7037, #6389, .T. ) ;
#3354 = CARTESIAN_POINT ( 'NONE',  ( 4.593177320052761914, -1.249999999999999778, -4.900310936082019175 ) ) ;
#3355 = EDGE_CURVE ( 'NONE', #6122, #4364, #6254, .T. ) ;
#3356 = DIRECTION ( 'NONE',  ( 0.000000000000000000, 0.000000000000000000, -1.000000000000000000 ) ) ;
#3357 = DIRECTION ( 'NONE',  ( -1.047444401652940007E-14, 0.000000000000000000, -1.000000000000000000 ) ) ;
#3358 = CARTESIAN_POINT ( 'NONE',  ( -2.229098567681799370, -1.249999999999999778, 9.054086811541766977 ) ) ;
#3359 = CARTESIAN_POINT ( 'NONE',  ( -9.790070129346021943, -0.7802709338923906612, 1.870778304839066486 ) ) ;
#3360 = ORIENTED_EDGE ( 'NONE', *, *, #1419, .F. ) ;
#3361 = EDGE_LOOP ( 'NONE', ( #3408, #4852 ) ) ;
#3362 = CARTESIAN_POINT ( 'NONE',  ( 3.311207841204464319, -0.7499999999999996669, 6.147120015557356432 ) ) ;
#3363 = CARTESIAN_POINT ( 'NONE',  ( -5.718747099129973144, -6.349999999999999645, -2.902291169666550097 ) ) ;
#3364 = CARTESIAN_POINT ( 'NONE',  ( -0.8658322937533383667, -0.7499999999999998890, 9.154890345394047557 ) ) ;
#3365 = EDGE_CURVE ( 'NONE', #5696, #5617, #5041, .T. ) ;
#3366 = CARTESIAN_POINT ( 'NONE',  ( -9.052221767390605578, -6.349999999999999645, -2.234504744370428231 ) ) ;
#3367 = CARTESIAN_POINT ( 'NONE',  ( -0.5078686230832554216, -1.119125838055411659, -6.080060371465971336 ) ) ;
#3368 = CARTESIAN_POINT ( 'NONE',  ( -0.8390868044158245054, -0.8339739471929917825, -9.368934980870587736 ) ) ;
#3369 = EDGE_LOOP ( 'NONE', ( #573, #6165, #6079, #4518 ) ) ;
#3370 = DIRECTION ( 'NONE',  ( -1.000000000000000000, 0.000000000000000000, 3.491481338843133355E-15 ) ) ;
#3371 = DIRECTION ( 'NONE',  ( -0.000000000000000000, -1.000000000000000000, -0.000000000000000000 ) ) ;
#3372 = ORIENTED_EDGE ( 'NONE', *, *, #2754, .T. ) ;
#3373 = CARTESIAN_POINT ( 'NONE',  ( 4.416687585075180777, -6.349999999999998757, 5.043630362247408350 ) ) ;
#3374 = CARTESIAN_POINT ( 'NONE',  ( -2.275387937340359823, -1.249999999999999778, 5.774854870387812866 ) ) ;
#3375 = CARTESIAN_POINT ( 'NONE',  ( 9.054086811541743884, -6.349999999999999645, 2.229098567681894405 ) ) ;
#3376 = ORIENTED_EDGE ( 'NONE', *, *, #174, .T. ) ;
#3377 = AXIS2_PLACEMENT_3D ( 'NONE', #6885, #324, #2940 ) ;
#3378 = CARTESIAN_POINT ( 'NONE',  ( 5.048101527905807906, -0.7499999999999567013, -4.413611482645137585 ) ) ;
#3379 = CARTESIAN_POINT ( 'NONE',  ( -3.499999999999997780, -16.35000000000002629, -14.17766952966369587 ) ) ;
#3380 = FACE_OUTER_BOUND ( 'NONE', #5961, .T. ) ;
#3381 = CARTESIAN_POINT ( 'NONE',  ( 2.277279247657742811, -0.8042590948713835841, 6.013459441995450128 ) ) ;
#3382 = CARTESIAN_POINT ( 'NONE',  ( 4.900310936082032498, -1.249999999999999778, 4.593177320052743262 ) ) ;
#3383 = ORIENTED_EDGE ( 'NONE', *, *, #8271, .T. ) ;
#3384 = LINE ( 'NONE', #7909, #1546 ) ;
#3385 = CARTESIAN_POINT ( 'NONE',  ( -0.4949083761043407970, -6.350000000000001421, -5.899142436556307878 ) ) ;
#3386 = CIRCLE ( 'NONE', #1026, 1.600000000000004086 ) ;
#3387 = ORIENTED_EDGE ( 'NONE', *, *, #6782, .T. ) ;
#3388 = CARTESIAN_POINT ( 'NONE',  ( -6.274854870387779116, -0.7499999999999997780, 0.9948548703878566934 ) ) ;
#3389 = CARTESIAN_POINT ( 'NONE',  ( -0.4948548703877916344, -6.349999999999999645, -9.271102943336668289 ) ) ;
#3390 = CARTESIAN_POINT ( 'NONE',  ( 2.105145129612326915, -6.349999999999999645, -3.383050392413746527E-14 ) ) ;
#3391 = AXIS2_PLACEMENT_3D ( 'NONE', #7722, #3793, #6426 ) ;
#3392 = CARTESIAN_POINT ( 'NONE',  ( 9.077256069119098214, -0.7499999999999997780, -1.635134950214323535 ) ) ;
#3393 = VERTEX_POINT ( 'NONE', #7588 ) ;
#3394 = ADVANCED_FACE ( 'NONE', ( #1655 ), #4313, .T. ) ;
#3395 = CIRCLE ( 'NONE', #641, 9.305145129612210297 ) ;
#3396 = PLANE ( 'NONE',  #2912 ) ;
#3397 = B_SPLINE_CURVE_WITH_KNOTS ( 'NONE', 3,
 ( #439, #6907, #1159, #3805, #6440, #7733, #5714, #2973, #8333, #396, #3018, #1712, #4969, #8414, #528, #6952, #5804, #7004, #7044, #7595, #1031, #2455, #5666, #1797, #7084, #8288, #3157, #5624 ),
 .UNSPECIFIED., .F., .F.,
 ( 4, 1, 1, 1, 2, 2, 2, 2, 2, 2, 2, 1, 1, 1, 2, 2, 4 ),
 ( 0.000000000000000000, 0.06249999999999819589, 0.09374999999999704403, 0.1093749999999962114, 0.1171874999999957812, 0.1249999999999953648, 0.1874999999999940048, 0.2499999999999926448, 0.4999999999999872324, 0.6249999999999846789, 0.7499999999999826805, 0.8124999999999823475, 0.8437499999999819034, 0.8593749999999820144, 0.8671874999999820144, 0.8749999999999819034, 1.000000000000000000 ),
 .UNSPECIFIED. ) ;
#3398 = CARTESIAN_POINT ( 'NONE',  ( 0.7948091789347080383, -0.7499999999999997780, 5.774854870387789774 ) ) ;
#3399 = ORIENTED_EDGE ( 'NONE', *, *, #6311, .F. ) ;
#3400 = CARTESIAN_POINT ( 'NONE',  ( 4.768980253502633104, -0.7499999999999997780, -4.731569842957592975 ) ) ;
#3401 = CARTESIAN_POINT ( 'NONE',  ( 9.259019847072998743, -0.7806987747700471214, -0.8089016042668711881 ) ) ;
#3402 = CARTESIAN_POINT ( 'NONE',  ( 9.484758676380861786, -1.051235928158961164, 0.5254370801673123870 ) ) ;
#3403 = CARTESIAN_POINT ( 'NONE',  ( -9.271066631791377688, -1.114943544866152214, -0.4948548703877891364 ) ) ;
#3404 = VECTOR ( 'NONE', #8198, 1000.000000000000000 ) ;
#3405 = CARTESIAN_POINT ( 'NONE',  ( 9.478524185100535959, -0.7804688004661537448, -1.813340605360912239 ) ) ;
#3406 = EDGE_CURVE ( 'NONE', #5007, #3114, #4003, .T. ) ;
#3407 = EDGE_LOOP ( 'NONE', ( #1308, #3063, #2919, #5246 ) ) ;
#3408 = ORIENTED_EDGE ( 'NONE', *, *, #648, .F. ) ;
#3409 = CARTESIAN_POINT ( 'NONE',  ( 12.69999999999999929, -4.349999999999999645, -1.734723475976804925E-15 ) ) ;
#3410 = AXIS2_PLACEMENT_3D ( 'NONE', #267, #2202, #2322 ) ;
#3411 = CARTESIAN_POINT ( 'NONE',  ( -9.151065285163236140, -0.7500000231977227427, 0.9482765591836826991 ) ) ;
#3412 = DIRECTION ( 'NONE',  ( -1.000000000000000000, 0.000000000000000000, 3.491481338843133355E-15 ) ) ;
#3413 = CARTESIAN_POINT ( 'NONE',  ( -5.613350853446064548, -6.349999999999999645, -3.340952568879835827 ) ) ;
#3414 = CARTESIAN_POINT ( 'NONE',  ( 6.143145171666071214, -0.7499999999999998890, 2.278515257698251695 ) ) ;
#3415 = CARTESIAN_POINT ( 'NONE',  ( 6.074809178934708065, -6.349999999999999645, -0.4948548703878118404 ) ) ;
#3416 = ORIENTED_EDGE ( 'NONE', *, *, #3861, .T. ) ;
#3417 = CARTESIAN_POINT ( 'NONE',  ( 0.8200975563050901807, -0.9981907295794998358, 5.837961585181036916 ) ) ;
#3418 = VERTEX_POINT ( 'NONE', #644 ) ;
#3419 = EDGE_CURVE ( 'NONE', #1658, #8215, #8048, .T. ) ;
#3420 = FACE_OUTER_BOUND ( 'NONE', #4794, .T. ) ;
#3421 = PLANE ( 'NONE',  #7795 ) ;
#3422 = VERTEX_POINT ( 'NONE', #6470 ) ;
#3423 = CARTESIAN_POINT ( 'NONE',  ( 4.899664135551564215, -1.249999999999999778, -4.593849352088478000 ) ) ;
#3424 = CARTESIAN_POINT ( 'NONE',  ( 3.398060892786640252, -1.249999999999999778, -5.598188728083243859 ) ) ;
#3425 = CARTESIAN_POINT ( 'NONE',  ( 2.121320343559642385, -10.02157287525380980, -15.55634918610405037 ) ) ;
#3426 = CARTESIAN_POINT ( 'NONE',  ( 1.624940046264531368, -0.7500000000000001110, -9.116177672728593251 ) ) ;
#3427 = DIRECTION ( 'NONE',  ( 1.000000000000000000, 0.000000000000000000, -3.491481338843133355E-15 ) ) ;
#3428 = ADVANCED_FACE ( 'NONE', ( #7852 ), #3926, .T. ) ;
#3429 = DIRECTION ( 'NONE',  ( -0.000000000000000000, -1.000000000000000000, -0.000000000000000000 ) ) ;
#3430 =( BOUNDED_SURFACE ( )  B_SPLINE_SURFACE ( 3, 1, ( 
 ( #7939, #2021 ),
 ( #4666, #100 ),
 ( #1409, #2708 ),
 ( #7981, #3415 ) ),
 .UNSPECIFIED., .F., .F., .T. ) 
 B_SPLINE_SURFACE_WITH_KNOTS ( ( 4, 4 ),
 ( 2, 2 ),
 ( 0.000000000000000000, 1.000000000000000000 ),
 ( 0.000000000000000000, 1.000000000000000000 ),
 .UNSPECIFIED. ) 
 GEOMETRIC_REPRESENTATION_ITEM ( )  RATIONAL_B_SPLINE_SURFACE ( (
 ( 1.000000000000000000, 1.000000000000000000),
 ( 0.8048096403827857959, 0.8048096403827857959),
 ( 0.8048096403827857959, 0.8048096403827857959),
 ( 1.000000000000000000, 1.000000000000000000) ) ) 
 REPRESENTATION_ITEM ( '' )  SURFACE ( )  );
#3431 = ORIENTED_EDGE ( 'NONE', *, *, #5720, .T. ) ;
#3432 = LINE ( 'NONE', #234, #3521 ) ;
#3433 = CARTESIAN_POINT ( 'NONE',  ( 1.876683844410761193, -1.249999999999999778, 10.07030783714662547 ) ) ;
#3434 = CARTESIAN_POINT ( 'NONE',  ( 9.008710553930297849, -6.349999999999999645, -2.329991424587377846 ) ) ;
#3435 = CARTESIAN_POINT ( 'NONE',  ( -3.826023384304229946, -1.250000000000000222, -5.421188026352603551 ) ) ;
#3436 = CARTESIAN_POINT ( 'NONE',  ( 9.416551571812640020, -6.349999999999998757, 0.4948900776560693493 ) ) ;
#3437 = ORIENTED_EDGE ( 'NONE', *, *, #44, .F. ) ;
#3438 = CARTESIAN_POINT ( 'NONE',  ( 0.5516273755248692900, -0.9839697349223613942, -9.252941151366606221 ) ) ;
#3439 = CARTESIAN_POINT ( 'NONE',  ( -2.105145129612210120, -0.7499999999999997780, 0.000000000000000000 ) ) ;
#3440 = FACE_OUTER_BOUND ( 'NONE', #992, .T. ) ;
#3441 = CARTESIAN_POINT ( 'NONE',  ( 8.682685175508600750, -0.7499999999999998890, -1.888204326372176167 ) ) ;
#3442 = EDGE_CURVE ( 'NONE', #5235, #7774, #5077, .T. ) ;
#3443 = CARTESIAN_POINT ( 'NONE',  ( -9.271084787564040752, -1.249999999999999778, -0.4948548703877889698 ) ) ;
#3444 = DIRECTION ( 'NONE',  ( -0.000000000000000000, -1.000000000000000000, -0.000000000000000000 ) ) ;
#3445 = ORIENTED_EDGE ( 'NONE', *, *, #4263, .T. ) ;
#3446 = ORIENTED_EDGE ( 'NONE', *, *, #4526, .F. ) ;
#3447 = ORIENTED_EDGE ( 'NONE', *, *, #2241, .F. ) ;
#3448 = CARTESIAN_POINT ( 'NONE',  ( -9.790070129345908256, -0.7802709338923810023, -1.870778304838963901 ) ) ;
#3449 = CARTESIAN_POINT ( 'NONE',  ( -2.121320343559641941, -16.35000000000000142, 15.55634918610404682 ) ) ;
#3450 = CARTESIAN_POINT ( 'NONE',  ( -5.774854870387794215, -6.349999999999999645, -2.275387937340420219 ) ) ;
#3451 = EDGE_CURVE ( 'NONE', #3589, #775, #1957, .T. ) ;
#3452 = CARTESIAN_POINT ( 'NONE',  ( 0.4948548703877910238, -1.175576128890377436, 9.271066497049256228 ) ) ;
#3453 = ORIENTED_EDGE ( 'NONE', *, *, #8311, .T. ) ;
#3454 = CARTESIAN_POINT ( 'NONE',  ( 0.7430455161298435973, -0.8131067495198559536, 6.174131128684604342 ) ) ;
#3455 = EDGE_LOOP ( 'NONE', ( #5023, #6024, #720, #6078, #5784, #6881 ) ) ;
#3456 = CARTESIAN_POINT ( 'NONE',  ( 4.026130418058107452, -6.349999999999998757, 5.307768385487620755 ) ) ;
#3457 = DIRECTION ( 'NONE',  ( 0.000000000000000000, 1.000000000000000000, 0.000000000000000000 ) ) ;
#3458 = CARTESIAN_POINT ( 'NONE',  ( -1.825094118289348755, -0.7499999999999996669, 8.741391311106395889 ) ) ;
#3459 = ORIENTED_EDGE ( 'NONE', *, *, #5243, .T. ) ;
#3460 = CARTESIAN_POINT ( 'NONE',  ( 5.664579310619594743, -1.249999999999999778, -3.176823113343675953 ) ) ;
#3461 = CARTESIAN_POINT ( 'NONE',  ( 6.248670252271701919, -0.7499999999999994449, 0.9293933250974670823 ) ) ;
#3462 = EDGE_CURVE ( 'NONE', #5671, #5604, #1264, .T. ) ;
#3463 = CARTESIAN_POINT ( 'NONE',  ( -1.651291066095290416, -1.224858571544304775, 9.935817806042004818 ) ) ;
#3464 = CARTESIAN_POINT ( 'NONE',  ( 1.651354423408144756, -6.349999999999999645, 9.935855655966868483 ) ) ;
#3465 = CIRCLE ( 'NONE', #5290, 3.000000000000000000 ) ;
#3466 = CARTESIAN_POINT ( 'NONE',  ( -9.416551571811833554, -1.249999999999999778, -0.4948900776560691828 ) ) ;
#3467 = CARTESIAN_POINT ( 'NONE',  ( 9.289501645814835840, -0.7499999999999824585, -1.735341132246807971 ) ) ;
#3468 = CARTESIAN_POINT ( 'NONE',  ( -2.555000000000000160, 6.349999999999999645, 2.555000000000000160 ) ) ;
#3469 = VECTOR ( 'NONE', #6764, 1000.000000000000000 ) ;
#3470 = CARTESIAN_POINT ( 'NONE',  ( 0.4948548703877709287, -0.9571067811865472397, -6.074854870387789596 ) ) ;
#3471 = ADVANCED_FACE ( 'NONE', ( #5678 ), #3343, .T. ) ;
#3472 = DIRECTION ( 'NONE',  ( 0.000000000000000000, 1.000000000000000000, 0.000000000000000000 ) ) ;
#3473 = AXIS2_PLACEMENT_3D ( 'NONE', #94, #7809, #2619 ) ;
#3474 = CARTESIAN_POINT ( 'NONE',  ( -3.179820200577243572, -1.250000000000000000, -5.663621621357574298 ) ) ;
#3475 = CARTESIAN_POINT ( 'NONE',  ( 9.530431722890567059, -6.349999999999997868, 0.5853924772788433595 ) ) ;
#3476 = CARTESIAN_POINT ( 'NONE',  ( 10.07030783714662370, -1.249999999999999778, 1.876683844410757418 ) ) ;
#3477 = VERTEX_POINT ( 'NONE', #1044 ) ;
#3478 = FACE_OUTER_BOUND ( 'NONE', #5465, .T. ) ;
#3479 = DIRECTION ( 'NONE',  ( 0.000000000000000000, 0.000000000000000000, -1.000000000000000000 ) ) ;
#3480 = CARTESIAN_POINT ( 'NONE',  ( 9.271066497049178068, -1.175576128890373218, -0.4948548703878234423 ) ) ;
#3481 = CARTESIAN_POINT ( 'NONE',  ( -5.774854870387789774, -6.349999999999999645, 0.000000000000000000 ) ) ;
#3482 = CIRCLE ( 'NONE', #853, 3.719854870387947265 ) ;
#3483 = CARTESIAN_POINT ( 'NONE',  ( 9.067256541108497103, -0.7499999999999997780, 2.212108988618934458 ) ) ;
#3484 = LINE ( 'NONE', #4136, #6841 ) ;
#3485 = VERTEX_POINT ( 'NONE', #5814 ) ;
#3486 = VERTEX_POINT ( 'NONE', #7142 ) ;
#3487 = CARTESIAN_POINT ( 'NONE',  ( -0.7270764054875834548, -6.349999999999999645, 9.563309819739281181 ) ) ;
#3488 = ADVANCED_FACE ( 'NONE', ( #3693 ), #6580, .T. ) ;
#3489 = CARTESIAN_POINT ( 'NONE',  ( -10.13824484182477370, -0.9950584864165715748, -2.066716651290672946 ) ) ;
#3490 = CARTESIAN_POINT ( 'NONE',  ( -0.4948548703877910238, -1.249999999999999778, 0.000000000000000000 ) ) ;
#3491 = CARTESIAN_POINT ( 'NONE',  ( 0.7100921513876587987, -0.8339739459306848568, 9.203283201169663030 ) ) ;
#3492 =( NAMED_UNIT ( * ) PLANE_ANGLE_UNIT ( ) SI_UNIT ( $, .RADIAN. ) );
#3493 = B_SPLINE_CURVE_WITH_KNOTS ( 'NONE', 3,
 ( #5050, #473, #2307, #6295, #2951, #2400, #3751, #7677, #4999, #7543 ),
 .UNSPECIFIED., .F., .F.,
 ( 4, 2, 2, 2, 4 ),
 ( 1.987375409620156722E-18, 0.0004214957432596759491, 0.0008429914865193498382, 0.001264487229779024053, 0.001685982973038698375 ),
 .UNSPECIFIED. ) ;
#3494 = ORIENTED_EDGE ( 'NONE', *, *, #7721, .F. ) ;
#3495 = B_SPLINE_CURVE_WITH_KNOTS ( 'NONE', 3,
 ( #8390, #3331, #7385, #64, #5119, #6695, #7750, #7947 ),
 .UNSPECIFIED., .F., .F.,
 ( 4, 2, 2, 4 ),
 ( -4.588219504796234675E-06, 0.0004273596259625219275, 0.0006433335486961790431, 0.0008593074714298361587 ),
 .UNSPECIFIED. ) ;
#3496 = DIRECTION ( 'NONE',  ( -0.000000000000000000, -1.000000000000000000, -0.000000000000000000 ) ) ;
#3497 = ORIENTED_EDGE ( 'NONE', *, *, #6677, .T. ) ;
#3498 = DIRECTION ( 'NONE',  ( -0.000000000000000000, -1.000000000000000000, -0.000000000000000000 ) ) ;
#3499 = EDGE_CURVE ( 'NONE', #8083, #4661, #5372, .T. ) ;
#3500 = CARTESIAN_POINT ( 'NONE',  ( -0.4949083761042828988, -1.249999999999999778, 5.899142436556310543 ) ) ;
#3501 = CARTESIAN_POINT ( 'NONE',  ( 6.074854870387787820, -1.249999999999999778, -0.4948548703878122290 ) ) ;
#3502 = B_SPLINE_CURVE_WITH_KNOTS ( 'NONE', 3,
 ( #8417, #2670, #4631, #3895, #5323, #6525, #4587, #2499, #613, #3984 ),
 .UNSPECIFIED., .F., .F.,
 ( 4, 2, 2, 2, 4 ),
 ( 3.190644709152385774E-16, 9.841249399328630540E-05, 0.0001968249879862535301, 0.0002952374819792208090, 0.0003936499759721880337 ),
 .UNSPECIFIED. ) ;
#3503 = EDGE_LOOP ( 'NONE', ( #1568, #3890, #6293, #3896 ) ) ;
#3504 = CARTESIAN_POINT ( 'NONE',  ( -0.7359155481712794655, -1.101661675395383622, 9.547528442630099477 ) ) ;
#3505 = CARTESIAN_POINT ( 'NONE',  ( 5.787868623083253894, -1.119125838055411659, 0.8000603714659779708 ) ) ;
#3506 = CARTESIAN_POINT ( 'NONE',  ( -2.047585740924866116, -0.9501741689381442146, 10.10406192414162696 ) ) ;
#3507 = CARTESIAN_POINT ( 'NONE',  ( -5.309924168467872185, -1.249999999999999778, 4.033720774308490853 ) ) ;
#3508 = CARTESIAN_POINT ( 'NONE',  ( 5.664556239062728871, -1.249999999999999778, 3.176966234697815139 ) ) ;
#3509 = CARTESIAN_POINT ( 'NONE',  ( -1.619870005845416294, -0.7499999999999996669, -9.467189563441872124 ) ) ;
#3510 = CARTESIAN_POINT ( 'NONE',  ( -5.774854870387789774, -1.249999999999999778, -2.275387937340419775 ) ) ;
#3511 = ORIENTED_EDGE ( 'NONE', *, *, #560, .F. ) ;
#3512 = EDGE_CURVE ( 'NONE', #2544, #1837, #5333, .T. ) ;
#3513 = EDGE_CURVE ( 'NONE', #6931, #1476, #3951, .T. ) ;
#3514 = CARTESIAN_POINT ( 'NONE',  ( -2.668551216145173655, -6.349999999999999645, 5.752814374100981176 ) ) ;
#3515 = CARTESIAN_POINT ( 'NONE',  ( 9.271043060682679027, -0.7499999999999946709, -2.106604438185054384 ) ) ;
#3516 = AXIS2_PLACEMENT_3D ( 'NONE', #417, #5160, #4988 ) ;
#3517 = ORIENTED_EDGE ( 'NONE', *, *, #4862, .F. ) ;
#3518 = ADVANCED_FACE ( 'NONE', ( #5414 ), #1300, .F. ) ;
#3519 = LINE ( 'NONE', #5381, #5698 ) ;
#3520 = CARTESIAN_POINT ( 'NONE',  ( -9.678314036664040998, -1.249999999999999778, 2.105145129612311372 ) ) ;
#3521 = VECTOR ( 'NONE', #2082, 1000.000000000000000 ) ;
#3522 = CARTESIAN_POINT ( 'NONE',  ( 2.105145129612177257, -0.7499999999999997780, -9.299109199783146096 ) ) ;
#3523 = CARTESIAN_POINT ( 'NONE',  ( 4.918789617494790711, -0.8042808506305143545, 4.918615740074361753 ) ) ;
#3524 = CARTESIAN_POINT ( 'NONE',  ( 9.246666417027666895, -0.9743063024704148312, -0.5718457277414190632 ) ) ;
#3525 =( BOUNDED_SURFACE ( )  B_SPLINE_SURFACE ( 3, 2, ( 
 ( #2567, #8488, #552 ),
 ( #2523, #5951, #7284 ),
 ( #1312, #2692, #3871 ),
 ( #3965, #6504, #4478 ),
 ( #7799, #6592, #5912 ),
 ( #8527, #3311, #40 ),
 ( #5303, #7920, #4651 ),
 ( #6236, #7708, #1132 ),
 ( #2991, #4942, #1002 ),
 ( #1771, #5034, #7532 ) ),
 .UNSPECIFIED., .F., .F., .T. ) 
 B_SPLINE_SURFACE_WITH_KNOTS ( ( 4, 2, 2, 2, 4 ),
 ( 3, 3 ),
 ( 6.283185307179586232, 6.675884388878310816, 7.068583470577034511, 7.461282552275758206, 7.853981633974482790 ),
 ( 0.000000000000000000, 1.000000000000000000 ),
 .UNSPECIFIED. ) 
 GEOMETRIC_REPRESENTATION_ITEM ( )  RATIONAL_B_SPLINE_SURFACE ( (
 ( 1.000000000000000000, 0.7071067811865475727, 1.000000000000000000),
 ( 1.000000000000000000, 0.7066753101504366086, 1.000000000000000000),
 ( 1.000000000000000000, 0.7265523339799826452, 1.000000000000000000),
 ( 1.000000000000000000, 0.7876779057172208498, 1.000000000000000000),
 ( 1.000000000000000000, 0.8282383019017577341, 1.000000000000000000),
 ( 1.000000000000000000, 0.9038125056671185709, 1.000000000000000000),
 ( 1.000000000000000000, 0.9386557992894088986, 1.000000000000000000),
 ( 1.000000000000000000, 0.9867290404729036624, 1.000000000000000000),
 ( 1.000000000000000000, 1.000158692512681524, 1.000000000000000000),
 ( 1.000000000000000000, 1.000000000000000000, 1.000000000000000000) ) ) 
 REPRESENTATION_ITEM ( '' )  SURFACE ( )  );
#3526 = CARTESIAN_POINT ( 'NONE',  ( -9.678354296802050172, -0.7499999999999997780, -2.105145129612205235 ) ) ;
#3527 = CARTESIAN_POINT ( 'NONE',  ( 2.105145129612210120, -1.249999999999999778, 9.678314036664062314 ) ) ;
#3528 = CARTESIAN_POINT ( 'NONE',  ( 2.168404344971008868E-16, -12.84999999999999964, -8.741464024932662724 ) ) ;
#3529 = ORIENTED_EDGE ( 'NONE', *, *, #7113, .T. ) ;
#3530 = EDGE_CURVE ( 'NONE', #5007, #5191, #3384, .T. ) ;
#3531 = CARTESIAN_POINT ( 'NONE',  ( 1.499999999999999334, -14.31969384566991010, -2.741464024932667609 ) ) ;
#3532 = CARTESIAN_POINT ( 'NONE',  ( -9.904085948159401909, -1.087308501813581518, -1.650131394462185597 ) ) ;
#3533 = CARTESIAN_POINT ( 'NONE',  ( -9.299109199783138990, -1.249999999999999778, -2.105145129612210120 ) ) ;
#3534 = TOROIDAL_SURFACE ( 'NONE', #3673, 8.805145129612210297, 0.5000000000000000000 ) ;
#3535 = LINE ( 'NONE', #6168, #3129 ) ;
#3536 = CARTESIAN_POINT ( 'NONE',  ( 0.7271087643984650573, -1.249999999999999778, 9.563317320624394213 ) ) ;
#3537 = CARTESIAN_POINT ( 'NONE',  ( 0.7948548703877910127, -1.249999999999999778, 5.774854870387789774 ) ) ;
#3538 = EDGE_LOOP ( 'NONE', ( #7607, #1717, #2717, #1614, #4530, #4128, #8302, #5929, #2440, #7088, #5108, #7059, #1558 ) ) ;
#3539 = CARTESIAN_POINT ( 'NONE',  ( 9.154890345393988937, -0.7500000000000000000, 0.8658322937534185249 ) ) ;
#3540 = VECTOR ( 'NONE', #7640, 1000.000000000000000 ) ;
#3541 = CARTESIAN_POINT ( 'NONE',  ( 0.7270925849430416310, -1.249999999999999778, -9.563313570181756873 ) ) ;
#3542 = CARTESIAN_POINT ( 'NONE',  ( -2.555000000000000160, -6.349999999999999645, -3.090000000000000302 ) ) ;
#3543 = CARTESIAN_POINT ( 'NONE',  ( 1.653639719517049283E-16, -16.35000000000000142, -3.469446951953614189E-15 ) ) ;
#3544 = ORIENTED_EDGE ( 'NONE', *, *, #5048, .F. ) ;
#3545 = CARTESIAN_POINT ( 'NONE',  ( 6.274854870387789774, -0.7499999999999996669, 0.9948548703877927446 ) ) ;
#3546 = CARTESIAN_POINT ( 'NONE',  ( -1.645652032775996920, -0.9372534392549313198, 9.806852196760591056 ) ) ;
#3547 = CARTESIAN_POINT ( 'NONE',  ( -6.224860007994277744, -0.7499999999999997780, 2.919565822582428360 ) ) ;
#3548 =( BOUNDED_SURFACE ( )  B_SPLINE_SURFACE ( 3, 1, ( 
 ( #7445, #7403 ),
 ( #4126, #3475 ),
 ( #830, #6107 ),
 ( #4809, #4646 ) ),
 .UNSPECIFIED., .F., .F., .F. ) 
 B_SPLINE_SURFACE_WITH_KNOTS ( ( 4, 4 ),
 ( 2, 2 ),
 ( 0.000000000000000000, 1.000000000000000000 ),
 ( 0.000000000000000000, 1.000000000000000000 ),
 .UNSPECIFIED. ) 
 GEOMETRIC_REPRESENTATION_ITEM ( )  RATIONAL_B_SPLINE_SURFACE ( (
 ( 1.000000000000000000, 1.000000000000000000),
 ( 0.8553052591889788170, 0.8553052591889788170),
 ( 0.8553052591889788170, 0.8553052591889788170),
 ( 1.000000000000000000, 1.000000000000000000) ) ) 
 REPRESENTATION_ITEM ( '' )  SURFACE ( )  );
#3549 = EDGE_CURVE ( 'NONE', #3486, #8194, #6022, .T. ) ;
#3550 = CARTESIAN_POINT ( 'NONE',  ( -9.271084787564040752, -1.249999999999999778, -0.4948548703877889698 ) ) ;
#3551 = CARTESIAN_POINT ( 'NONE',  ( 3.499999999999998668, -11.40025253169416608, -9.741464024932666277 ) ) ;
#3552 = ORIENTED_EDGE ( 'NONE', *, *, #3775, .T. ) ;
#3553 = CARTESIAN_POINT ( 'NONE',  ( 9.834301019142511535, -0.7884503103994779938, 1.895897864506555841 ) ) ;
#3554 = CARTESIAN_POINT ( 'NONE',  ( -4.450418399866926222, -6.350000000000000533, 5.017558349705998566 ) ) ;
#3555 = ADVANCED_FACE ( 'NONE', ( #1424 ), #4803, .T. ) ;
#3556 = B_SPLINE_CURVE_WITH_KNOTS ( 'NONE', 3,
 ( #1315, #8529, #2092, #83, #7845, #2694, #5914, #3313, #1909, #125, #5343, #4735, #3967, #7923 ),
 .UNSPECIFIED., .F., .F.,
 ( 4, 2, 2, 2, 2, 2, 4 ),
 ( 0.000000000000000000, 0.0003955666508946122702, 0.0007911333017892245405, 0.001582266603578449081, 0.002373399905367673188, 0.002768966556262284807, 0.003164533207156895993 ),
 .UNSPECIFIED. ) ;
#3557 = CARTESIAN_POINT ( 'NONE',  ( 12.69999999999999929, -6.349999999999999645, -2.100000000000001421 ) ) ;
#3558 = ORIENTED_EDGE ( 'NONE', *, *, #1357, .T. ) ;
#3559 = EDGE_LOOP ( 'NONE', ( #1502, #30, #4744 ) ) ;
#3560 = ORIENTED_EDGE ( 'NONE', *, *, #4428, .F. ) ;
#3561 = CARTESIAN_POINT ( 'NONE',  ( 9.678354296802043066, -6.349999999999999645, -2.105145129612243871 ) ) ;
#3562 = CARTESIAN_POINT ( 'NONE',  ( 2.050965205566337879, -0.9887492719370695182, 9.297701598600447426 ) ) ;
#3563 = FACE_OUTER_BOUND ( 'NONE', #7790, .T. ) ;
#3564 = CARTESIAN_POINT ( 'NONE',  ( 4.749987219571101704, -1.249999999999999778, 4.749987219571101704 ) ) ;
#3565 = CARTESIAN_POINT ( 'NONE',  ( 5.774854870387794215, -6.349999999999999645, 2.275387937340420219 ) ) ;
#3566 = CARTESIAN_POINT ( 'NONE',  ( 4.793229508794048854, -6.349999999999999645, 4.705393340446858197 ) ) ;
#3567 = CARTESIAN_POINT ( 'NONE',  ( 9.017119767055381985, -0.7499999999999997780, 2.303284211983610774 ) ) ;
#3568 = EDGE_CURVE ( 'NONE', #4981, #6122, #6571, .T. ) ;
#3569 = CARTESIAN_POINT ( 'NONE',  ( -2.213672373745840805, -6.349999999999998757, 9.067980231071171460 ) ) ;
#3570 = VERTEX_POINT ( 'NONE', #866 ) ;
#3571 = FACE_OUTER_BOUND ( 'NONE', #1899, .T. ) ;
#3572 =( BOUNDED_SURFACE ( )  B_SPLINE_SURFACE ( 3, 2, ( 
 ( #5395, #4533, #7163 ),
 ( #1238, #888, #8105 ),
 ( #1449, #6763, #7373 ),
 ( #4102, #3489, #7418 ),
 ( #5485, #6081, #6727 ),
 ( #3532, #2185, #6125 ),
 ( #845, #213, #2827 ),
 ( #4825, #7456, #1528 ),
 ( #4182, #4787, #2144 ),
 ( #6808, #1490, #4139 ),
 ( #806, #3448, #2102 ),
 ( #175, #4746, #5443 ),
 ( #2785, #8063, #711 ),
 ( #5341, #2649, #1828 ),
 ( #3351, #1190, #1956 ),
 ( #1356, #3828, #5993 ) ),
 .UNSPECIFIED., .F., .F., .T. ) 
 B_SPLINE_SURFACE_WITH_KNOTS ( ( 4, 2, 2, 2, 2, 2, 2, 4 ),
 ( 3, 3 ),
 ( -6.776263578034402713E-21, 2.969996288214870686E-05, 5.939992576429742050E-05, 8.909988864644613753E-05, 0.0001187998515285948546, 0.0001781997772928922751, 0.0002375997030571897091, 0.0004751994061143794182 ),
 ( 0.000000000000000000, 1.000000000000000000 ),
 .UNSPECIFIED. ) 
 GEOMETRIC_REPRESENTATION_ITEM ( )  RATIONAL_B_SPLINE_SURFACE ( (
 ( 1.000000000000000000, 0.4935349706079194543, 1.000000000000000000),
 ( 1.000000000000000000, 0.4935127649134236072, 1.000000000000000000),
 ( 1.000000000000000000, 0.4995784984367895309, 1.000000000000000000),
 ( 1.000000000000000000, 0.5209348963630086038, 1.000000000000000000),
 ( 1.000000000000000000, 0.5360584284417747591, 1.000000000000000000),
 ( 1.000000000000000000, 0.5697732427675196165, 1.000000000000000000),
 ( 1.000000000000000000, 0.5887012726534996965, 1.000000000000000000),
 ( 1.000000000000000000, 0.6267654606521937399, 1.000000000000000000),
 ( 1.000000000000000000, 0.6459147758215165736, 1.000000000000000000),
 ( 1.000000000000000000, 0.7020873980202150255, 1.000000000000000000),
 ( 1.000000000000000000, 0.7379412193435431755, 1.000000000000000000),
 ( 1.000000000000000000, 0.8015170218985984141, 1.000000000000000000),
 ( 1.000000000000000000, 0.8297315967171238205, 1.000000000000000000),
 ( 1.000000000000000000, 0.9541561539496594690, 1.000000000000000000),
 ( 1.000000000000000000, 0.9996330041166539004, 1.000000000000000000),
 ( 1.000000000000000000, 1.000000000000000000, 1.000000000000000000) ) ) 
 REPRESENTATION_ITEM ( '' )  SURFACE ( )  );
#3573 = CARTESIAN_POINT ( 'NONE',  ( -4.749987219571101704, -1.249999999999999778, -4.749987219571101704 ) ) ;
#3574 = CARTESIAN_POINT ( 'NONE',  ( 5.746626600267686236, -0.7500000000000000000, -4.279101220166666941 ) ) ;
#3575 = FACE_OUTER_BOUND ( 'NONE', #4792, .T. ) ;
#3576 = EDGE_CURVE ( 'NONE', #2024, #1261, #7436, .T. ) ;
#3577 = CARTESIAN_POINT ( 'NONE',  ( 9.344284074950616414, -0.7499999999999997780, -1.605145129612240096 ) ) ;
#3578 = EDGE_LOOP ( 'NONE', ( #6815, #4162, #2989, #2630 ) ) ;
#3579 = CARTESIAN_POINT ( 'NONE',  ( 2.253121527379626343, -0.7499999999999997780, -9.039813260481857071 ) ) ;
#3580 = CARTESIAN_POINT ( 'NONE',  ( 5.774854870387789774, -1.249999999999999778, 0.7948320246612505802 ) ) ;
#3581 = CARTESIAN_POINT ( 'NONE',  ( 0.000000000000000000, -0.05000000000000056483, 2.100000000000000089 ) ) ;
#3582 = LINE ( 'NONE', #6214, #1515 ) ;
#3583 = ORIENTED_EDGE ( 'NONE', *, *, #3353, .F. ) ;
#3584 = ORIENTED_EDGE ( 'NONE', *, *, #3419, .T. ) ;
#3585 = CARTESIAN_POINT ( 'NONE',  ( -0.8089016042667260820, -0.7806987747700429026, 9.259019847072936571 ) ) ;
#3586 = CARTESIAN_POINT ( 'NONE',  ( -1.990129613247515028, -0.9246613669703028782, 9.598095213971676642 ) ) ;
#3587 = CARTESIAN_POINT ( 'NONE',  ( -1.619870005847044547, -0.7499999999999994449, 9.467189563441554156 ) ) ;
#3588 = CARTESIAN_POINT ( 'NONE',  ( -0.4949083761042802898, -6.349999999999999645, 5.899142436556312319 ) ) ;
#3589 = VERTEX_POINT ( 'NONE', #988 ) ;
#3590 = CARTESIAN_POINT ( 'NONE',  ( -9.530431722889421309, -1.249999999999999778, -0.5853924772779819374 ) ) ;
#3591 = DIRECTION ( 'NONE',  ( -0.000000000000000000, 1.000000000000000000, -0.000000000000000000 ) ) ;
#3592 = VERTEX_POINT ( 'NONE', #2286 ) ;
#3593 = CARTESIAN_POINT ( 'NONE',  ( 9.755253593397990031, -0.8894853879692676824, 1.642672477270903597 ) ) ;
#3594 = EDGE_CURVE ( 'NONE', #3024, #1463, #2518, .T. ) ;
#3595 = CARTESIAN_POINT ( 'NONE',  ( -1.605145129612111754, -0.7499999999999997780, 9.344284074950470753 ) ) ;
#3596 = CARTESIAN_POINT ( 'NONE',  ( -8.877074632493684447, -0.7499999999999997780, 1.720014196550175845 ) ) ;
#3597 = ORIENTED_EDGE ( 'NONE', *, *, #4991, .T. ) ;
#3598 = ORIENTED_EDGE ( 'NONE', *, *, #1578, .F. ) ;
#3599 = CARTESIAN_POINT ( 'NONE',  ( -9.140953809069227276, -1.249999999999999778, 2.148101959711835374 ) ) ;
#3600 = ORIENTED_EDGE ( 'NONE', *, *, #8200, .T. ) ;
#3601 = ORIENTED_EDGE ( 'NONE', *, *, #7752, .F. ) ;
#3602 = CARTESIAN_POINT ( 'NONE',  ( -3.500000000000005773, -14.29974746830583676, -17.67766952966369587 ) ) ;
#3603 = CARTESIAN_POINT ( 'NONE',  ( 2.394010196254652723, -0.7499999999999997780, 6.273037056532251299 ) ) ;
#3604 = AXIS2_PLACEMENT_3D ( 'NONE', #392, #8238, #3723 ) ;
#3605 = EDGE_CURVE ( 'NONE', #7851, #611, #6665, .T. ) ;
#3606 = LINE ( 'NONE', #5685, #3795 ) ;
#3607 = CARTESIAN_POINT ( 'NONE',  ( 0.7430455161298221700, -0.8131067495198562867, -6.174131128684607894 ) ) ;
#3608 = CARTESIAN_POINT ( 'NONE',  ( 4.749987219571101704, -1.249999999999999778, 4.749987219571101704 ) ) ;
#3609 = DIRECTION ( 'NONE',  ( 3.290565883526589754E-15, 1.000000000000000000, 3.290565883526591332E-15 ) ) ;
#3610 = CARTESIAN_POINT ( 'NONE',  ( 5.613350853446064548, -6.349999999999999645, 3.340952568879835827 ) ) ;
#3611 = CARTESIAN_POINT ( 'NONE',  ( 10.07030783714662370, -6.349999999999999645, 1.876683844410757196 ) ) ;
#3612 = VECTOR ( 'NONE', #4870, 1000.000000000000000 ) ;
#3613 = CARTESIAN_POINT ( 'NONE',  ( 9.195769333336562212, -6.350000000000001421, -2.123360502070237743 ) ) ;
#3614 = ORIENTED_EDGE ( 'NONE', *, *, #4407, .F. ) ;
#3615 = VERTEX_POINT ( 'NONE', #6266 ) ;
#3616 = CARTESIAN_POINT ( 'NONE',  ( -12.69999999999999929, -4.349999999999999645, -1.734723475976804925E-15 ) ) ;
#3617 = EDGE_CURVE ( 'NONE', #913, #490, #4049, .T. ) ;
#3618 = EDGE_CURVE ( 'NONE', #5797, #684, #7561, .T. ) ;
#3619 = VECTOR ( 'NONE', #7162, 1000.000000000000000 ) ;
#3620 = CARTESIAN_POINT ( 'NONE',  ( 3.185642829830207301, -1.249999999999999778, -5.662301008178086903 ) ) ;
#3621 = CARTESIAN_POINT ( 'NONE',  ( -2.277684825170520178, -1.249999999999999778, -9.025180162666751826 ) ) ;
#3622 = CARTESIAN_POINT ( 'NONE',  ( -3.507651352452040072, -1.249999999999999334, -5.554849294767932655 ) ) ;
#3623 = DIRECTION ( 'NONE',  ( 0.000000000000000000, -0.000000000000000000, 1.000000000000000000 ) ) ;
#3624 = AXIS2_PLACEMENT_3D ( 'NONE', #670, #8478, #7146 ) ;
#3625 = DIRECTION ( 'NONE',  ( -0.000000000000000000, -1.000000000000000000, -0.000000000000000000 ) ) ;
#3626 = EDGE_LOOP ( 'NONE', ( #6673, #7160, #2929, #1859 ) ) ;
#3627 = CARTESIAN_POINT ( 'NONE',  ( 2.348482047969584929, -1.249999999999999778, -9.002888471517008995 ) ) ;
#3628 = CARTESIAN_POINT ( 'NONE',  ( -0.7556270829859084159, -0.9841828767151814539, -9.511749481756831770 ) ) ;
#3629 = EDGE_CURVE ( 'NONE', #2236, #7922, #2238, .T. ) ;
#3630 = DIRECTION ( 'NONE',  ( -0.000000000000000000, 1.000000000000000000, -0.000000000000000000 ) ) ;
#3631 = ORIENTED_EDGE ( 'NONE', *, *, #766, .T. ) ;
#3632 = EDGE_LOOP ( 'NONE', ( #8092, #650, #6357, #4312 ) ) ;
#3633 = VECTOR ( 'NONE', #63, 1000.000000000000000 ) ;
#3634 = CARTESIAN_POINT ( 'NONE',  ( -1.650131394462081902, -1.087308501813583739, 9.904085948159419672 ) ) ;
#3635 = CARTESIAN_POINT ( 'NONE',  ( -5.775218723744967697, -1.249999999999999778, 2.252437811466629469 ) ) ;
#3636 = CARTESIAN_POINT ( 'NONE',  ( 2.262317674287082525, -6.350000000000000533, -9.033860376951473370 ) ) ;
#3637 = DIRECTION ( 'NONE',  ( 0.000000000000000000, 0.000000000000000000, 1.000000000000000000 ) ) ;
#3638 = DIRECTION ( 'NONE',  ( -1.047444401652940007E-14, 0.000000000000000000, -1.000000000000000000 ) ) ;
#3639 = VERTEX_POINT ( 'NONE', #2926 ) ;
#3640 = CARTESIAN_POINT ( 'NONE',  ( 9.714807231516843444, -0.7690834892384048604, 1.827703956701581589 ) ) ;
#3641 = VERTEX_POINT ( 'NONE', #2975 ) ;
#3642 = CARTESIAN_POINT ( 'NONE',  ( -2.275387937340425104, -1.249999999999999778, -5.774854870387789774 ) ) ;
#3643 =( BOUNDED_CURVE ( )  B_SPLINE_CURVE ( 3, ( #3728, #8334, #5143, #6359 ),
 .UNSPECIFIED., .F., .T. ) 
 B_SPLINE_CURVE_WITH_KNOTS ( ( 4, 4 ),
 ( 0.000000000000000000, 1.000000000000000000 ),
 .UNSPECIFIED. ) 
 CURVE ( )  GEOMETRIC_REPRESENTATION_ITEM ( )  RATIONAL_B_SPLINE_CURVE ( ( 1.000000000000000000, 0.8553052591901917356, 0.8553052591901917356, 1.000000000000000000 ) ) 
 REPRESENTATION_ITEM ( '' )  );
#3644 = CARTESIAN_POINT ( 'NONE',  ( 15.55634918610404682, -6.349999999999999645, -2.121320343559641941 ) ) ;
#3645 = CARTESIAN_POINT ( 'NONE',  ( 4.749987219571084829, -1.249999999999999778, -4.749987219571117691 ) ) ;
#3646 = ORIENTED_EDGE ( 'NONE', *, *, #5137, .F. ) ;
#3647 = ORIENTED_EDGE ( 'NONE', *, *, #2228, .T. ) ;
#3648 = CARTESIAN_POINT ( 'NONE',  ( -9.008710553930972864, -6.349999999999999645, -2.329991424587249060 ) ) ;
#3649 = CARTESIAN_POINT ( 'NONE',  ( 2.919565822583909398, -0.7499999999999997780, 6.224860007993861188 ) ) ;
#3650 = CARTESIAN_POINT ( 'NONE',  ( -2.106604438185011308, -0.7499999999999946709, -9.271043060682677250 ) ) ;
#3651 = CARTESIAN_POINT ( 'NONE',  ( -4.320775847632464028, -0.7499999999999991118, 5.117390564771359784 ) ) ;
#3652 = CARTESIAN_POINT ( 'NONE',  ( 2.279633664619759248, -0.7499999999999997780, -6.274854870387796879 ) ) ;
#3653 = CARTESIAN_POINT ( 'NONE',  ( 3.179820200577243572, -1.250000000000000000, 5.663621621357574298 ) ) ;
#3654 = CARTESIAN_POINT ( 'NONE',  ( 0.7270764054876500682, -6.349999999999999645, -9.563309819739275852 ) ) ;
#3655 = VECTOR ( 'NONE', #3123, 1000.000000000000000 ) ;
#3656 = CARTESIAN_POINT ( 'NONE',  ( 5.723143872992054071, -6.349999999999999645, 2.886440657710625413 ) ) ;
#3657 = CARTESIAN_POINT ( 'NONE',  ( -4.790377844397126772, -1.249999999999999778, 4.708419941522047125 ) ) ;
#3658 = EDGE_CURVE ( 'NONE', #7975, #7911, #6145, .T. ) ;
#3659 = CARTESIAN_POINT ( 'NONE',  ( 9.299109199783828217, -6.349999999999999645, -2.105145129612241650 ) ) ;
#3660 = ORIENTED_EDGE ( 'NONE', *, *, #540, .F. ) ;
#3661 = EDGE_LOOP ( 'NONE', ( #1302, #4194, #288, #6272 ) ) ;
#3662 = AXIS2_PLACEMENT_3D ( 'NONE', #6034, #4170, #6194 ) ;
#3663 = CARTESIAN_POINT ( 'NONE',  ( 5.774854870387789774, -1.249999999999999778, -2.016279801448634874E-14 ) ) ;
#3664 = CARTESIAN_POINT ( 'NONE',  ( 0.000000000000000000, -0.05000000000000056483, 0.000000000000000000 ) ) ;
#3665 = CARTESIAN_POINT ( 'NONE',  ( 0.7271088839737562814, -1.175576129891574562, -9.563317348342780022 ) ) ;
#3666 = CARTESIAN_POINT ( 'NONE',  ( -12.69999999999999929, -4.349999999999999645, -1.734723475976804925E-15 ) ) ;
#3667 = VECTOR ( 'NONE', #3262, 1000.000000000000000 ) ;
#3668 = CARTESIAN_POINT ( 'NONE',  ( 0.000000000000000000, -6.349999999999999645, 0.000000000000000000 ) ) ;
#3669 = EDGE_CURVE ( 'NONE', #3903, #6050, #1551, .T. ) ;
#3670 = DIRECTION ( 'NONE',  ( 0.000000000000000000, 0.000000000000000000, 1.000000000000000000 ) ) ;
#3671 = VERTEX_POINT ( 'NONE', #4201 ) ;
#3672 = CARTESIAN_POINT ( 'NONE',  ( 2.303284211722637753, -1.249999999999999778, -9.017119767137574016 ) ) ;
#3673 = AXIS2_PLACEMENT_3D ( 'NONE', #192, #4762, #7390 ) ;
#3674 = CARTESIAN_POINT ( 'NONE',  ( -9.233440698266107916, -0.9199437172442108679, 0.6137638917354555357 ) ) ;
#3675 = CARTESIAN_POINT ( 'NONE',  ( -13.43502884254440133, -16.35000000000000142, 0.000000000000000000 ) ) ;
#3676 = ORIENTED_EDGE ( 'NONE', *, *, #2710, .T. ) ;
#3677 = ORIENTED_EDGE ( 'NONE', *, *, #1237, .F. ) ;
#3678 = CARTESIAN_POINT ( 'NONE',  ( 10.07030783714662370, -6.349999999999999645, 1.876683844410757418 ) ) ;
#3679 = CARTESIAN_POINT ( 'NONE',  ( 2.147702198187888101, -1.250000000000000000, 9.141477105748407439 ) ) ;
#3680 = CARTESIAN_POINT ( 'NONE',  ( -4.731547459428007585, -0.7499999999999997780, 4.768964163857734917 ) ) ;
#3681 = CARTESIAN_POINT ( 'NONE',  ( 2.105145129612173704, -1.249999999999999778, -9.678354296802057277 ) ) ;
#3682 = EDGE_CURVE ( 'NONE', #3485, #7341, #1929, .T. ) ;
#3683 = CIRCLE ( 'NONE', #4649, 0.5349999999999999201 ) ;
#3684 = CARTESIAN_POINT ( 'NONE',  ( -2.685283670518094468, -1.249999999999999778, 5.752636975339942005 ) ) ;
#3685 = DIRECTION ( 'NONE',  ( 3.491481338843133355E-15, -0.000000000000000000, 1.000000000000000000 ) ) ;
#3686 = EDGE_LOOP ( 'NONE', ( #6132, #1842, #2053, #4528 ) ) ;
#3687 = ORIENTED_EDGE ( 'NONE', *, *, #893, .F. ) ;
#3688 = CARTESIAN_POINT ( 'NONE',  ( 1.870778304838961459, -0.7802709338923750071, 9.790070129346080563 ) ) ;
#3689 = CARTESIAN_POINT ( 'NONE',  ( 8.540799165329516995, -0.7500000000000000000, 2.151222925615986714 ) ) ;
#3690 = CARTESIAN_POINT ( 'NONE',  ( 0.000000000000000000, -6.349999999999999645, 0.000000000000000000 ) ) ;
#3691 = ADVANCED_FACE ( 'NONE', ( #193 ), #2801, .T. ) ;
#3692 = ORIENTED_EDGE ( 'NONE', *, *, #5844, .T. ) ;
#3693 = FACE_OUTER_BOUND ( 'NONE', #8001, .T. ) ;
#3694 = CARTESIAN_POINT ( 'NONE',  ( 5.774854870387782668, -1.249999999999999778, -2.275387937340445088 ) ) ;
#3695 = ORIENTED_EDGE ( 'NONE', *, *, #7095, .F. ) ;
#3696 = ORIENTED_EDGE ( 'NONE', *, *, #4822, .F. ) ;
#3697 = CARTESIAN_POINT ( 'NONE',  ( -9.008710553930972864, -1.249999999999999778, -2.329991424587249060 ) ) ;
#3698 = CARTESIAN_POINT ( 'NONE',  ( 2.839101664854168483, -0.7499999999999997780, 5.731101953626312806 ) ) ;
#3699 = CARTESIAN_POINT ( 'NONE',  ( -3.398060892786212595, -1.249999999999999778, 5.598188728083428600 ) ) ;
#3700 = CARTESIAN_POINT ( 'NONE',  ( 0.5950215777442152687, -0.9427265114570082538, -6.114921553330368909 ) ) ;
#3701 = CARTESIAN_POINT ( 'NONE',  ( 1.607090861223529288, -0.7499999999999997780, 9.248697871581965657 ) ) ;
#3702 = B_SPLINE_CURVE_WITH_KNOTS ( 'NONE', 3,
 ( #5075, #6915, #7651, #449, #8297, #1676 ),
 .UNSPECIFIED., .F., .F.,
 ( 4, 2, 4 ),
 ( 0.000000000000000000, 0.0003906404837624212760, 0.0007812809675248425520 ),
 .UNSPECIFIED. ) ;
#3703 = LINE ( 'NONE', #4555, #6232 ) ;
#3704 = CARTESIAN_POINT ( 'NONE',  ( 5.356859988824278496, -6.349999999999999645, 3.943002256977842013 ) ) ;
#3705 = CARTESIAN_POINT ( 'NONE',  ( 9.940748498636045483, -6.349999999999999645, 2.105004284771679224 ) ) ;
#3706 = CARTESIAN_POINT ( 'NONE',  ( 12.69999999999999929, -0.7499999999999997780, -4.607653647928460071E-14 ) ) ;
#3707 = B_SPLINE_CURVE_WITH_KNOTS ( 'NONE', 3,
 ( #2767, #3347, #7440, #6028, #5377, #119, #8005, #2085, #4728, #7354, #5424, #1429, #4082, #6710, #8044, #4123, #6749, #237, #2853, #1430, #1832, #7630, #7121, #3833, #3187, #6284, #2899, #6884 ),
 .UNSPECIFIED., .F., .F.,
 ( 4, 1, 1, 1, 2, 2, 2, 2, 2, 2, 2, 1, 1, 1, 2, 2, 4 ),
 ( 0.000000000000000000, 0.06250000000000373312, 0.09375000000000538458, 0.1093750000000062172, 0.1171875000000063421, 0.1250000000000064670, 0.1875000000000063283, 0.2500000000000061617, 0.5000000000000039968, 0.6250000000000028866, 0.7500000000000013323, 0.8125000000000006661, 0.8437500000000000000, 0.8593749999999992228, 0.8671874999999993339, 0.8749999999999993339, 1.000000000000000000 ),
 .UNSPECIFIED. ) ;
#3708 = EDGE_LOOP ( 'NONE', ( #2533, #4635, #3096, #4718 ) ) ;
#3709 = CARTESIAN_POINT ( 'NONE',  ( 9.292913852475686909, -0.8043559167682465816, 1.866680249175852735 ) ) ;
#3710 = EDGE_CURVE ( 'NONE', #8059, #2288, #3771, .T. ) ;
#3711 = CARTESIAN_POINT ( 'NONE',  ( 2.505234630907197335, -1.250000000000000000, -5.769464802895898359 ) ) ;
#3712 = CARTESIAN_POINT ( 'NONE',  ( -2.846498317571605874, -1.249999999999999334, -5.729727507366512818 ) ) ;
#3713 = CARTESIAN_POINT ( 'NONE',  ( 5.596597400265835631, -6.349999999999997868, -3.402100798163324669 ) ) ;
#3714 = CARTESIAN_POINT ( 'NONE',  ( 9.668310163885271535, -1.129815973758812042, -2.090991618919057160 ) ) ;
#3715 = B_SPLINE_CURVE_WITH_KNOTS ( 'NONE', 3,
 ( #8508, #7087, #2590, #5238, #1800, #3940, #6569, #6613, #4452, #1161, #659, #20, #5144, #2628, #7902, #7777, #3456, #4067, #734, #2155, #3373, #4833, #8029, #6693, #5494, #896, #183, #2792 ),
 .UNSPECIFIED., .F., .F.,
 ( 4, 1, 1, 1, 2, 2, 2, 2, 2, 2, 2, 1, 1, 1, 2, 2, 4 ),
 ( 0.000000000000000000, 0.06250000000000373312, 0.09375000000000538458, 0.1093750000000062172, 0.1171875000000063421, 0.1250000000000064670, 0.1875000000000063283, 0.2500000000000061617, 0.5000000000000039968, 0.6250000000000028866, 0.7500000000000013323, 0.8125000000000006661, 0.8437500000000000000, 0.8593749999999992228, 0.8671874999999993339, 0.8749999999999993339, 1.000000000000000000 ),
 .UNSPECIFIED. ) ;
#3716 = DIRECTION ( 'NONE',  ( -0.000000000000000000, -1.000000000000000000, -0.000000000000000000 ) ) ;
#3717 = ORIENTED_EDGE ( 'NONE', *, *, #2066, .T. ) ;
#3718 = CARTESIAN_POINT ( 'NONE',  ( 2.198316576944314704, -0.7499999999999997780, -8.525970940583452062 ) ) ;
#3719 = CARTESIAN_POINT ( 'NONE',  ( 2.050994676264060512, -0.9888152963228012959, -9.297702364258274343 ) ) ;
#3720 = EDGE_CURVE ( 'NONE', #2099, #5380, #2375, .T. ) ;
#3721 = VERTEX_POINT ( 'NONE', #5018 ) ;
#3722 = EDGE_LOOP ( 'NONE', ( #1106, #3352, #5581, #3860, #8509, #2586, #1047, #4474, #7660, #6179, #1702, #8406, #4931, #16, #3730, #8142, #795, #7703, #4209 ) ) ;
#3723 = DIRECTION ( 'NONE',  ( 0.000000000000000000, 0.000000000000000000, 1.000000000000000000 ) ) ;
#3724 = CARTESIAN_POINT ( 'NONE',  ( 2.344164247592817940, -6.349999999999999645, -5.773686764335380417 ) ) ;
#3725 = CARTESIAN_POINT ( 'NONE',  ( -0.4949083761043407970, -1.249999999999999778, -5.899142436556308766 ) ) ;
#3726 = ORIENTED_EDGE ( 'NONE', *, *, #706, .F. ) ;
#3727 = CARTESIAN_POINT ( 'NONE',  ( 2.105004284771645473, -1.249999999999999778, -9.940748498636050812 ) ) ;
#3728 = CARTESIAN_POINT ( 'NONE',  ( 0.7270925849429945576, -1.249999999999999778, 9.563313570181891876 ) ) ;
#3729 = CARTESIAN_POINT ( 'NONE',  ( 1.876683844410761193, -6.350000000000000533, 10.07030783714662547 ) ) ;
#3730 = ORIENTED_EDGE ( 'NONE', *, *, #3842, .T. ) ;
#3731 = ORIENTED_EDGE ( 'NONE', *, *, #718, .T. ) ;
#3732 = ADVANCED_FACE ( 'NONE', ( #6400 ), #7410, .T. ) ;
#3733 = DIRECTION ( 'NONE',  ( -1.000000000000000000, 0.000000000000000000, 1.047444401652940007E-14 ) ) ;
#3734 = CARTESIAN_POINT ( 'NONE',  ( 1.649780075212567976, -1.067192002139783602, 9.895190270746757832 ) ) ;
#3735 = CARTESIAN_POINT ( 'NONE',  ( 9.200383261364851961, -0.7499999999999998890, 1.610302168003647560 ) ) ;
#3736 = CARTESIAN_POINT ( 'NONE',  ( -0.4948548703876918253, -1.249999999999999778, 9.271084787564046081 ) ) ;
#3737 = ORIENTED_EDGE ( 'NONE', *, *, #6509, .T. ) ;
#3738 = CARTESIAN_POINT ( 'NONE',  ( -3.176823113342058580, -1.249999999999999778, -5.664579310619913599 ) ) ;
#3739 = CARTESIAN_POINT ( 'NONE',  ( 5.693895767210733538, -6.349999999999999645, -3.031737370648508456 ) ) ;
#3740 = EDGE_LOOP ( 'NONE', ( #1098, #1707, #5028, #6573, #6224, #885, #7746, #1345 ) ) ;
#3741 = ORIENTED_EDGE ( 'NONE', *, *, #5792, .F. ) ;
#3742 = CARTESIAN_POINT ( 'NONE',  ( -9.299109199783808677, -1.249999999999999778, -2.105145129612208343 ) ) ;
#3743 = DIRECTION ( 'NONE',  ( -0.000000000000000000, -1.000000000000000000, -0.000000000000000000 ) ) ;
#3744 = EDGE_CURVE ( 'NONE', #927, #5007, #3643, .T. ) ;
#3745 = DIRECTION ( 'NONE',  ( 0.000000000000000000, 0.000000000000000000, 1.000000000000000000 ) ) ;
#3746 = CARTESIAN_POINT ( 'NONE',  ( 0.4948900776560360981, -6.349999999999998757, -9.416551571812643573 ) ) ;
#3747 = DIRECTION ( 'NONE',  ( -0.000000000000000000, -1.000000000000000000, -0.000000000000000000 ) ) ;
#3748 = CARTESIAN_POINT ( 'NONE',  ( -4.871469919085638089, -6.349999999999999645, 4.624965505482231620 ) ) ;
#3749 = VERTEX_POINT ( 'NONE', #3072 ) ;
#3750 = CARTESIAN_POINT ( 'NONE',  ( 0.000000000000000000, -16.35000000000000142, 13.43502884254440310 ) ) ;
#3751 = CARTESIAN_POINT ( 'NONE',  ( 2.030071797156497215, -12.29478049299427411, -2.376088853737664319 ) ) ;
#3752 = CARTESIAN_POINT ( 'NONE',  ( 0.9948548703877572175, -0.7499999999999996669, -9.115647332695260729 ) ) ;
#3753 = VECTOR ( 'NONE', #380, 1000.000000000000000 ) ;
#3754 = CARTESIAN_POINT ( 'NONE',  ( 5.758799389450980577, -6.350000000000001421, -2.611157911710459523 ) ) ;
#3755 = DIRECTION ( 'NONE',  ( -0.000000000000000000, -1.000000000000000000, -0.000000000000000000 ) ) ;
#3756 = CARTESIAN_POINT ( 'NONE',  ( -9.299109199783117674, -0.7499999999999997780, 2.105145129612307375 ) ) ;
#3757 = VERTEX_POINT ( 'NONE', #5068 ) ;
#3758 = CARTESIAN_POINT ( 'NONE',  ( 2.132051370986022931, -1.249999999999999334, -9.170823234141112223 ) ) ;
#3759 = AXIS2_PLACEMENT_3D ( 'NONE', #173, #2265, #6166 ) ;
#3760 = FACE_OUTER_BOUND ( 'NONE', #6191, .T. ) ;
#3761 = VERTEX_POINT ( 'NONE', #4451 ) ;
#3762 = CARTESIAN_POINT ( 'NONE',  ( 4.472339845786316381, -6.349999999999999645, -5.001497253821668210 ) ) ;
#3763 = CARTESIAN_POINT ( 'NONE',  ( -5.286188974899620696, -0.7499999999999997780, -4.911823444770780256 ) ) ;
#3764 = CARTESIAN_POINT ( 'NONE',  ( -0.4948548703877909682, -1.249999999999999778, -9.509478963620283665 ) ) ;
#3765 = CIRCLE ( 'NONE', #986, 3.000000000000000000 ) ;
#3766 = PLANE ( 'NONE',  #8443 ) ;
#3767 = EDGE_CURVE ( 'NONE', #2972, #2977, #570, .T. ) ;
#3768 = CARTESIAN_POINT ( 'NONE',  ( -3.340952568879776763, -6.349999999999999645, 5.613350853446099187 ) ) ;
#3769 = DIRECTION ( 'NONE',  ( -1.257890898639184104E-14, 0.000000000000000000, -1.000000000000000000 ) ) ;
#3770 = VERTEX_POINT ( 'NONE', #3020 ) ;
#3771 = CIRCLE ( 'NONE', #2922, 2.100000000000000089 ) ;
#3772 = EDGE_LOOP ( 'NONE', ( #263, #843, #2366, #2541 ) ) ;
#3773 = CARTESIAN_POINT ( 'NONE',  ( 1.605145129612209898, -0.7499999999999996669, 9.344284074950623520 ) ) ;
#3774 = CARTESIAN_POINT ( 'NONE',  ( -8.540799165329516995, -0.7500000000000000000, -2.151222925615986714 ) ) ;
#3775 = EDGE_CURVE ( 'NONE', #3966, #1067, #4413, .T. ) ;
#3776 = CARTESIAN_POINT ( 'NONE',  ( -5.117405750979499679, -0.7499999999999997780, -5.090139791141984560 ) ) ;
#3777 = EDGE_CURVE ( 'NONE', #5717, #712, #1758, .T. ) ;
#3778 = CARTESIAN_POINT ( 'NONE',  ( 5.093866551585383817, -1.249999999999999778, -4.352419305668629335 ) ) ;
#3779 = VERTEX_POINT ( 'NONE', #7045 ) ;
#3780 = CARTESIAN_POINT ( 'NONE',  ( 9.563313570181753320, -1.249999999999999778, 0.7270925849430750487 ) ) ;
#3781 = CARTESIAN_POINT ( 'NONE',  ( -2.839519246782323147, -1.249999999999999778, 5.731021261513119747 ) ) ;
#3782 = CARTESIAN_POINT ( 'NONE',  ( 2.348440763761890260, -0.7499999999999997780, 9.002901470545154439 ) ) ;
#3783 = CARTESIAN_POINT ( 'NONE',  ( -9.666678350329943825, -1.105333977040653837, -2.088758567957425871 ) ) ;
#3784 = CARTESIAN_POINT ( 'NONE',  ( 2.188350977667233188, -6.350000000000000533, 9.088820031134556388 ) ) ;
#3785 = CARTESIAN_POINT ( 'NONE',  ( -5.693895767210711334, -1.249999999999999778, 3.031737370648548424 ) ) ;
#3786 = CARTESIAN_POINT ( 'NONE',  ( 9.008710553930951548, -6.349999999999999645, -2.329991424587309456 ) ) ;
#3787 = ADVANCED_FACE ( 'NONE', ( #1160 ), #8416, .T. ) ;
#3788 = CARTESIAN_POINT ( 'NONE',  ( 9.289535206411619228, -0.7499999999999996669, 1.736632910470450319 ) ) ;
#3789 = AXIS2_PLACEMENT_3D ( 'NONE', #5206, #5864, #118 ) ;
#3790 = CARTESIAN_POINT ( 'NONE',  ( -2.555000000000000160, 6.349999999999999645, -3.090000000000000302 ) ) ;
#3791 = CARTESIAN_POINT ( 'NONE',  ( 3.788629298572648185, -1.249999999999999334, 5.434941148158478619 ) ) ;
#3792 = CARTESIAN_POINT ( 'NONE',  ( -4.003097679131852438, -1.249999999999999334, -5.322930905207445385 ) ) ;
#3793 = DIRECTION ( 'NONE',  ( 0.000000000000000000, 1.000000000000000000, 0.000000000000000000 ) ) ;
#3794 = CARTESIAN_POINT ( 'NONE',  ( 9.831777950102502217, -0.9649331697241756434, -1.646936468090238970 ) ) ;
#3795 = VECTOR ( 'NONE', #3743, 1000.000000000000000 ) ;
#3796 = CARTESIAN_POINT ( 'NONE',  ( 0.9948548703877914123, -0.7500000000000000000, 6.274854870387789774 ) ) ;
#3797 = ORIENTED_EDGE ( 'NONE', *, *, #4087, .T. ) ;
#3798 = CARTESIAN_POINT ( 'NONE',  ( -4.826950147854629947, -1.249999999999999778, -4.670618722144230794 ) ) ;
#3799 = CARTESIAN_POINT ( 'NONE',  ( 6.143980792280628656, -0.7630137179688631921, -0.9425052391449530997 ) ) ;
#3800 = AXIS2_PLACEMENT_3D ( 'NONE', #3195, #57, #4538 ) ;
#3801 = CARTESIAN_POINT ( 'NONE',  ( 2.481203500579804544, -1.249999999999999778, -5.771359271333128760 ) ) ;
#3802 = CARTESIAN_POINT ( 'NONE',  ( -5.103761866399034730, -0.7499999999999997780, -5.103397455562753038 ) ) ;
#3803 =( BOUNDED_CURVE ( )  B_SPLINE_CURVE ( 3, ( #5962, #10, #6516, #54 ),
 .UNSPECIFIED., .F., .T. ) 
 B_SPLINE_CURVE_WITH_KNOTS ( ( 4, 4 ),
 ( 0.000000000000000000, 1.000000000000000000 ),
 .UNSPECIFIED. ) 
 CURVE ( )  GEOMETRIC_REPRESENTATION_ITEM ( )  RATIONAL_B_SPLINE_CURVE ( ( 1.000000000000000000, 0.8048096403827886824, 0.8048096403827886824, 1.000000000000000000 ) ) 
 REPRESENTATION_ITEM ( '' )  );
#3804 = CARTESIAN_POINT ( 'NONE',  ( -4.899664135551787147, -1.249999999999999556, 4.593849352088203553 ) ) ;
#3805 = CARTESIAN_POINT ( 'NONE',  ( -5.765192910902146473, -6.349999999999996980, 2.534529060264253619 ) ) ;
#3806 = PLANE ( 'NONE',  #2769 ) ;
#3807 = CARTESIAN_POINT ( 'NONE',  ( -4.705393340446807571, -1.249999999999999778, 4.793229508794098592 ) ) ;
#3808 = CYLINDRICAL_SURFACE ( 'NONE', #3213, 0.5000000000000000000 ) ;
#3809 = VECTOR ( 'NONE', #6722, 1000.000000000000000 ) ;
#3810 = ORIENTED_EDGE ( 'NONE', *, *, #3767, .T. ) ;
#3811 = ORIENTED_EDGE ( 'NONE', *, *, #196, .T. ) ;
#3812 = CARTESIAN_POINT ( 'NONE',  ( 6.275155897547282535, -0.7499999999999997780, -2.260363860329033692 ) ) ;
#3813 = LINE ( 'NONE', #534, #6021 ) ;
#3814 = VECTOR ( 'NONE', #5437, 1000.000000000000000 ) ;
#3815 = CARTESIAN_POINT ( 'NONE',  ( -9.141954441198127057, -1.249999999999999778, -2.147411135467062415 ) ) ;
#3816 = EDGE_LOOP ( 'NONE', ( #7633, #5749, #1332, #4384 ) ) ;
#3817 = CARTESIAN_POINT ( 'NONE',  ( 0.000000000000000000, -6.349999999999999645, 13.43502884254440310 ) ) ;
#3818 = ORIENTED_EDGE ( 'NONE', *, *, #2078, .F. ) ;
#3819 = DIRECTION ( 'NONE',  ( 0.000000000000000000, 0.000000000000000000, 1.000000000000000000 ) ) ;
#3820 = CARTESIAN_POINT ( 'NONE',  ( 4.768964163857674521, -0.7499999999999997780, 4.731547459428067981 ) ) ;
#3821 = CARTESIAN_POINT ( 'NONE',  ( 4.862868783596408839, -6.350000000000000533, 4.631506261058460971 ) ) ;
#3822 = CARTESIAN_POINT ( 'NONE',  ( 2.132339853993290735, -1.249999999999999778, 9.170254958181924820 ) ) ;
#3823 = CARTESIAN_POINT ( 'NONE',  ( 1.347601624859001816E-13, -0.7499999999999997780, 12.69999999999999929 ) ) ;
#3824 = CARTESIAN_POINT ( 'NONE',  ( -6.151945474970585082, -0.8501667073564461719, 0.6875813818448613945 ) ) ;
#3825 = LINE ( 'NONE', #4606, #230 ) ;
#3826 = ORIENTED_EDGE ( 'NONE', *, *, #2184, .F. ) ;
#3827 = DIRECTION ( 'NONE',  ( -1.000000000000000000, 0.000000000000000000, 1.257890898639184104E-14 ) ) ;
#3828 = CARTESIAN_POINT ( 'NONE',  ( -9.344284074950456542, -0.7499999999999996669, -1.605145129612209010 ) ) ;
#3829 = LINE ( 'NONE', #5874, #1650 ) ;
#3830 = EDGE_CURVE ( 'NONE', #6449, #5885, #7496, .T. ) ;
#3831 = CARTESIAN_POINT ( 'NONE',  ( -4.624965505482180106, -6.349999999999999645, -4.871469919085686939 ) ) ;
#3832 = CARTESIAN_POINT ( 'NONE',  ( 9.231765510647377937, -0.7499999999999997780, 2.112257217881392979 ) ) ;
#3833 = CARTESIAN_POINT ( 'NONE',  ( -4.484331724749822001, -6.350000000000001421, -4.989759956450440015 ) ) ;
#3834 = FACE_OUTER_BOUND ( 'NONE', #5335, .T. ) ;
#3835 =( BOUNDED_SURFACE ( )  B_SPLINE_SURFACE ( 3, 1, ( 
 ( #8041, #6146 ),
 ( #156, #5505 ),
 ( #6830, #3385 ),
 ( #2243, #827 ) ),
 .UNSPECIFIED., .F., .F., .T. ) 
 B_SPLINE_SURFACE_WITH_KNOTS ( ( 4, 4 ),
 ( 2, 2 ),
 ( 0.000000000000000000, 1.000000000000000000 ),
 ( 0.000000000000000000, 1.000000000000000000 ),
 .UNSPECIFIED. ) 
 GEOMETRIC_REPRESENTATION_ITEM ( )  RATIONAL_B_SPLINE_SURFACE ( (
 ( 1.000000000000000000, 1.000000000000000000),
 ( 0.8048096403827855738, 0.8048096403827855738),
 ( 0.8048096403827855738, 0.8048096403827855738),
 ( 1.000000000000000000, 1.000000000000000000) ) ) 
 REPRESENTATION_ITEM ( '' )  SURFACE ( )  );
#3836 = CARTESIAN_POINT ( 'NONE',  ( -1.876683844410761193, -1.249999999999999778, -10.07030783714662547 ) ) ;
#3837 = EDGE_LOOP ( 'NONE', ( #4222, #3057, #5523, #4705 ) ) ;
#3838 = CARTESIAN_POINT ( 'NONE',  ( -6.272908065292861046, -0.7499999999999997780, -2.394258591817281623 ) ) ;
#3839 = CARTESIAN_POINT ( 'NONE',  ( -9.265538987049282582, -1.101661676798973755, 0.5122168160553626226 ) ) ;
#3840 = ORIENTED_EDGE ( 'NONE', *, *, #90, .F. ) ;
#3841 = CARTESIAN_POINT ( 'NONE',  ( -2.348440763761889816, -1.249999999999999778, -9.002901470545154439 ) ) ;
#3842 = EDGE_CURVE ( 'NONE', #4661, #3641, #1671, .T. ) ;
#3843 = CARTESIAN_POINT ( 'NONE',  ( -4.880070523796574022, -1.249999999999999778, -4.615838004787285342 ) ) ;
#3844 = CARTESIAN_POINT ( 'NONE',  ( 2.192387404637208270, -0.7499999999999997780, 8.527837839776372775 ) ) ;
#3845 = CARTESIAN_POINT ( 'NONE',  ( -9.344284074950605756, -0.7499999999999997780, 1.605145129612305377 ) ) ;
#3846 = ORIENTED_EDGE ( 'NONE', *, *, #2169, .F. ) ;
#3847 = B_SPLINE_CURVE_WITH_KNOTS ( 'NONE', 3,
 ( #4549, #6488, #1256, #8513, #3815, #580, #1298, #6531, #5245, #3902 ),
 .UNSPECIFIED., .F., .F.,
 ( 4, 2, 2, 2, 4 ),
 ( 6.630742227618008203E-16, 9.841249373455896680E-05, 0.0001968249874684548627, 0.0002952374812023508127, 0.0003936499749362466815 ),
 .UNSPECIFIED. ) ;
#3848 = CARTESIAN_POINT ( 'NONE',  ( -4.749987219571051966, -6.349999999999999645, 4.749987219571150554 ) ) ;
#3849 = CARTESIAN_POINT ( 'NONE',  ( -9.563309819739380657, -6.349999999999999645, 0.7270764054876249771 ) ) ;
#3850 = ORIENTED_EDGE ( 'NONE', *, *, #8480, .T. ) ;
#3851 = ORIENTED_EDGE ( 'NONE', *, *, #8107, .F. ) ;
#3852 = CARTESIAN_POINT ( 'NONE',  ( -0.6603946923336572183, -0.8579973580746697026, 5.940394692333724080 ) ) ;
#3853 =( BOUNDED_SURFACE ( )  B_SPLINE_SURFACE ( 3, 1, ( 
 ( #4261, #3091 ),
 ( #6888, #3705 ),
 ( #4948, #3611 ),
 ( #1689, #420 ) ),
 .UNSPECIFIED., .F., .F., .T. ) 
 B_SPLINE_SURFACE_WITH_KNOTS ( ( 4, 4 ),
 ( 2, 2 ),
 ( 0.000000000000000000, 1.000000000000000000 ),
 ( 0.000000000000000000, 1.000000000000000000 ),
 .UNSPECIFIED. ) 
 GEOMETRIC_REPRESENTATION_ITEM ( )  RATIONAL_B_SPLINE_SURFACE ( (
 ( 1.000000000000000000, 1.000000000000000000),
 ( 0.6625055929971773727, 0.6625055929971773727),
 ( 0.6625055929971773727, 0.6625055929971773727),
 ( 1.000000000000000000, 1.000000000000000000) ) ) 
 REPRESENTATION_ITEM ( '' )  SURFACE ( )  );
#3854 = CARTESIAN_POINT ( 'NONE',  ( 1.642672477270901377, -0.8894853879692672383, 9.755253593398162337 ) ) ;
#3855 = CARTESIAN_POINT ( 'NONE',  ( -9.375177540560432732, -0.8647588404930756090, -0.6619912748340073261 ) ) ;
#3856 = DIRECTION ( 'NONE',  ( -0.000000000000000000, -1.000000000000000000, -0.000000000000000000 ) ) ;
#3857 = ORIENTED_EDGE ( 'NONE', *, *, #6642, .F. ) ;
#3858 = CARTESIAN_POINT ( 'NONE',  ( -4.413611482645566575, -0.7499999999999567013, -5.048101527905602737 ) ) ;
#3859 = DIRECTION ( 'NONE',  ( 0.000000000000000000, 0.000000000000000000, 1.000000000000000000 ) ) ;
#3860 = ORIENTED_EDGE ( 'NONE', *, *, #8287, .F. ) ;
#3861 = EDGE_CURVE ( 'NONE', #3570, #1778, #1374, .T. ) ;
#3862 = ORIENTED_EDGE ( 'NONE', *, *, #7426, .F. ) ;
#3863 = FACE_OUTER_BOUND ( 'NONE', #6186, .T. ) ;
#3864 = CARTESIAN_POINT ( 'NONE',  ( -2.188350977667233188, -6.350000000000000533, -9.088820031134556388 ) ) ;
#3865 = CARTESIAN_POINT ( 'NONE',  ( 2.292008946580092132, -0.7499999999999997780, 9.021147027159377885 ) ) ;
#3866 = CARTESIAN_POINT ( 'NONE',  ( -9.502384764323620558, -0.7954508894435927679, -1.849313557585598122 ) ) ;
#3867 = CARTESIAN_POINT ( 'NONE',  ( -5.875021577744227841, -0.9427265114570060334, 0.8349215533304297221 ) ) ;
#3868 = LINE ( 'NONE', #5258, #1320 ) ;
#3869 = EDGE_LOOP ( 'NONE', ( #7569, #1071, #444, #6493 ) ) ;
#3870 = CARTESIAN_POINT ( 'NONE',  ( -2.030071797156496771, -13.40521950700573228, -2.376088853737663875 ) ) ;
#3871 = CARTESIAN_POINT ( 'NONE',  ( -6.080060371465971336, -1.119125838055411215, -0.5078686230832567539 ) ) ;
#3872 = CARTESIAN_POINT ( 'NONE',  ( 4.624965505482180106, -1.249999999999999334, 4.871469919085686939 ) ) ;
#3873 = PLANE ( 'NONE',  #1048 ) ;
#3874 =( BOUNDED_SURFACE ( )  B_SPLINE_SURFACE ( 3, 2, ( 
 ( #1685, #6972, #5551 ),
 ( #2859, #5517, #4340 ),
 ( #8174, #2256, #1052 ),
 ( #4987, #371, #5596 ),
 ( #4901, #4296, #3700 ),
 ( #1602, #2214, #2993 ),
 ( #957, #5037, #3607 ),
 ( #6925, #1004, #8135 ),
 ( #5642, #6238, #323 ),
 ( #4857, #7490, #2939 ) ),
 .UNSPECIFIED., .F., .F., .F. ) 
 B_SPLINE_SURFACE_WITH_KNOTS ( ( 4, 2, 2, 2, 4 ),
 ( 3, 3 ),
 ( 6.283185307179586232, 6.675884388878310816, 7.068583470577034511, 7.461282552275758206, 7.853981633974482790 ),
 ( 0.000000000000000000, 1.000000000000000000 ),
 .UNSPECIFIED. ) 
 GEOMETRIC_REPRESENTATION_ITEM ( )  RATIONAL_B_SPLINE_SURFACE ( (
 ( 1.000000000000000000, 0.7071067811865473507, 1.000000000000000000),
 ( 1.000000000000000000, 0.7066753101504394952, 1.000000000000000000),
 ( 1.000000000000000000, 0.7265523339799833114, 1.000000000000000000),
 ( 1.000000000000000000, 0.7876779057172215159, 1.000000000000000000),
 ( 1.000000000000000000, 0.8282383019017756087, 1.000000000000000000),
 ( 1.000000000000000000, 0.9038125056671009183, 1.000000000000000000),
 ( 1.000000000000000000, 0.9386557992894067892, 1.000000000000000000),
 ( 1.000000000000000000, 0.9867290404729055497, 1.000000000000000000),
 ( 1.000000000000000000, 1.000158692512680414, 1.000000000000000000),
 ( 1.000000000000000000, 1.000000000000000000, 1.000000000000000000) ) ) 
 REPRESENTATION_ITEM ( '' )  SURFACE ( )  );
#3875 = CARTESIAN_POINT ( 'NONE',  ( -5.597947723055697544, -1.249999999999999778, 3.398279215015291843 ) ) ;
#3876 = CARTESIAN_POINT ( 'NONE',  ( -9.344284074950605756, -0.7499999999999996669, 1.605145129612308263 ) ) ;
#3877 = ADVANCED_FACE ( 'NONE', ( #7984 ), #6567, .T. ) ;
#3878 = CARTESIAN_POINT ( 'NONE',  ( 0.4948548703877910238, -1.249999999999999778, 9.271084787564099372 ) ) ;
#3879 = ADVANCED_FACE ( 'NONE', ( #2713 ), #2014, .T. ) ;
#3880 = VERTEX_POINT ( 'NONE', #5449 ) ;
#3881 = EDGE_CURVE ( 'NONE', #4962, #3114, #2272, .T. ) ;
#3882 = CARTESIAN_POINT ( 'NONE',  ( -5.090521086529022021, -0.7499999999999997780, -5.117052091976422190 ) ) ;
#3883 = CARTESIAN_POINT ( 'NONE',  ( 2.329991424587346316, -1.249999999999999778, 9.008710553930304954 ) ) ;
#3884 = CARTESIAN_POINT ( 'NONE',  ( -5.733375119277651422, -6.349999999999999645, -2.817950144712887184 ) ) ;
#3885 = AXIS2_PLACEMENT_3D ( 'NONE', #3898, #5766, #615 ) ;
#3886 = DIRECTION ( 'NONE',  ( 0.000000000000000000, 1.000000000000000000, 0.000000000000000000 ) ) ;
#3887 = CYLINDRICAL_SURFACE ( 'NONE', #2156, 3.219854870387792722 ) ;
#3888 = CARTESIAN_POINT ( 'NONE',  ( -0.6093099112317897914, -0.9046407722474679725, -5.889309911231786820 ) ) ;
#3889 = DIRECTION ( 'NONE',  ( 0.000000000000000000, 0.000000000000000000, 1.000000000000000000 ) ) ;
#3890 = ORIENTED_EDGE ( 'NONE', *, *, #90, .T. ) ;
#3891 = DIRECTION ( 'NONE',  ( -1.000000000000000000, 0.000000000000000000, 1.023640734452983565E-14 ) ) ;
#3892 = AXIS2_PLACEMENT_3D ( 'NONE', #7976, #3320, #647 ) ;
#3893 = CARTESIAN_POINT ( 'NONE',  ( 2.096174882211849777, -1.152677804707683329, -9.671956310101975873 ) ) ;
#3894 = EDGE_CURVE ( 'NONE', #7369, #3045, #894, .T. ) ;
#3895 = CARTESIAN_POINT ( 'NONE',  ( 9.066882217151963630, -1.249999999999999334, -2.212529547783586903 ) ) ;
#3896 = ORIENTED_EDGE ( 'NONE', *, *, #1158, .F. ) ;
#3897 = VERTEX_POINT ( 'NONE', #8149 ) ;
#3898 = CARTESIAN_POINT ( 'NONE',  ( -2.190853868390791227E-14, -1.249999999999999778, -6.274854870387789774 ) ) ;
#3899 = CARTESIAN_POINT ( 'NONE',  ( 0.7271087643984648352, -1.115158368669928235, 9.563317320624394213 ) ) ;
#3900 = CIRCLE ( 'NONE', #6657, 2.100000000000000977 ) ;
#3901 = CARTESIAN_POINT ( 'NONE',  ( -9.563317348342778246, -1.175576129891593435, -0.7271088839737938070 ) ) ;
#3902 = CARTESIAN_POINT ( 'NONE',  ( -9.008710553930306730, -1.249999999999999778, -2.329991424587344095 ) ) ;
#3903 = VERTEX_POINT ( 'NONE', #2190 ) ;
#3904 = CARTESIAN_POINT ( 'NONE',  ( -0.9948548703877977406, -0.7499999999999997780, 1.136544185029465375E-14 ) ) ;
#3905 = CARTESIAN_POINT ( 'NONE',  ( -9.231765511835993365, -1.249999999999999778, -2.112257224997878158 ) ) ;
#3906 = ORIENTED_EDGE ( 'NONE', *, *, #961, .F. ) ;
#3907 = VECTOR ( 'NONE', #7086, 1000.000000000000000 ) ;
#3908 = EDGE_LOOP ( 'NONE', ( #1509, #4334, #6143, #3677 ) ) ;
#3910 = CARTESIAN_POINT ( 'NONE',  ( -0.8543852438230838953, -0.8005544842480472045, 9.342498803529803553 ) ) ;
#3909 =( BOUNDED_CURVE ( )  B_SPLINE_CURVE ( 3, ( #3464, #8161, #2798, #7594 ),
 .UNSPECIFIED., .F., .T. ) 
 B_SPLINE_CURVE_WITH_KNOTS ( ( 4, 4 ),
 ( 3.657999109116274017, 5.766778851653097782 ),
 .UNSPECIFIED. ) 
 CURVE ( )  GEOMETRIC_REPRESENTATION_ITEM ( )  RATIONAL_B_SPLINE_CURVE ( ( 1.000000000000000000, 0.6625055929971759294, 0.6625055929971759294, 1.000000000000000000 ) ) 
 REPRESENTATION_ITEM ( '' )  );
#3911 = CARTESIAN_POINT ( 'NONE',  ( 5.117405750979499679, -0.7499999999999997780, 5.090139791141984560 ) ) ;
#3912 = DIRECTION ( 'NONE',  ( -0.7071067811865474617, -0.000000000000000000, -0.7071067811865474617 ) ) ;
#3913 = CARTESIAN_POINT ( 'NONE',  ( -0.4948548703877283517, -1.249999999999999778, 6.074832024661254160 ) ) ;
#3914 = CARTESIAN_POINT ( 'NONE',  ( 2.555000000000000160, 6.349999999999999645, -3.089999999999999858 ) ) ;
#3915 = CARTESIAN_POINT ( 'NONE',  ( 2.105145129612210120, -1.249999999999999778, 9.678273776526074457 ) ) ;
#3916 = ORIENTED_EDGE ( 'NONE', *, *, #5147, .F. ) ;
#3917 = CARTESIAN_POINT ( 'NONE',  ( 5.663621621357569857, -1.250000000000000000, -3.179820200577264444 ) ) ;
#3918 = CARTESIAN_POINT ( 'NONE',  ( -2.278515257697777407, -0.7499999999995760058, 6.143145171667455884 ) ) ;
#3919 = ORIENTED_EDGE ( 'NONE', *, *, #279, .F. ) ;
#3920 = CYLINDRICAL_SURFACE ( 'NONE', #7459, 3.219854870387794055 ) ;
#3921 = CARTESIAN_POINT ( 'NONE',  ( 3.089999999999999858, -6.349999999999999645, 2.555000000000000160 ) ) ;
#3922 = CARTESIAN_POINT ( 'NONE',  ( 4.749987219571084829, -1.249999999999999778, -4.749987219571117691 ) ) ;
#3923 = CARTESIAN_POINT ( 'NONE',  ( -1.605145129612207233, -0.7499999999999997780, -9.344284074950621743 ) ) ;
#3924 = EDGE_CURVE ( 'NONE', #6361, #6664, #7504, .T. ) ;
#3925 = CARTESIAN_POINT ( 'NONE',  ( -2.106080121565541141, -1.249999999999999778, 9.281126975314633043 ) ) ;
#3926 =( BOUNDED_SURFACE ( )  B_SPLINE_SURFACE ( 3, 2, ( 
 ( #5834, #2576, #602 ),
 ( #7203, #3928, #8450 ),
 ( #3231, #7806, #6556 ),
 ( #2529, #1881, #5224 ),
 ( #4529, #6511, #538 ),
 ( #6490, #4381, #3738 ),
 ( #7704, #408, #6326 ),
 ( #8427, #1215, #4421 ),
 ( #1856, #5860, #5115 ),
 ( #6368, #452, #7744 ),
 ( #2385, #3858, #3030 ),
 ( #1768, #3127, #1172 ),
 ( #7055, #1723, #3211 ),
 ( #3776, #2508, #5723 ) ),
 .UNSPECIFIED., .F., .F., .F. ) 
 B_SPLINE_SURFACE_WITH_KNOTS ( ( 4, 2, 2, 2, 2, 2, 4 ),
 ( 3, 3 ),
 ( 0.006322151876921759846, 0.006722518822433822677, 0.007122885767945884641, 0.007923619658970010304, 0.008724353549994135967, 0.009124720495506197931, 0.009525087441018261630 ),
 ( 0.000000000000000000, 1.000000000000000000 ),
 .UNSPECIFIED. ) 
 GEOMETRIC_REPRESENTATION_ITEM ( )  RATIONAL_B_SPLINE_SURFACE ( (
 ( 1.000000000000000000, 0.7071067811865475727, 1.000000000000000000),
 ( 1.000000000000000000, 0.7071067811865475727, 1.000000000000000000),
 ( 1.000000000000000000, 0.7071067811865475727, 1.000000000000000000),
 ( 1.000000000000000000, 0.7071067811865475727, 1.000000000000000000),
 ( 1.000000000000000000, 0.7071067811865475727, 1.000000000000000000),
 ( 1.000000000000000000, 0.7071067811865475727, 1.000000000000000000),
 ( 1.000000000000000000, 0.7071067811865475727, 1.000000000000000000),
 ( 1.000000000000000000, 0.7071067811865475727, 1.000000000000000000),
 ( 1.000000000000000000, 0.7071067811865475727, 1.000000000000000000),
 ( 1.000000000000000000, 0.7071067811865475727, 1.000000000000000000),
 ( 1.000000000000000000, 0.7071067811865475727, 1.000000000000000000),
 ( 1.000000000000000000, 0.7071067811865475727, 1.000000000000000000),
 ( 1.000000000000000000, 0.7071067811865475727, 1.000000000000000000),
 ( 1.000000000000000000, 0.7071067811865475727, 1.000000000000000000) ) ) 
 REPRESENTATION_ITEM ( '' )  SURFACE ( )  );
#3927 = CARTESIAN_POINT ( 'NONE',  ( -9.668310163885248443, -1.129815973758816261, 2.090991618919125550 ) ) ;
#3928 = CARTESIAN_POINT ( 'NONE',  ( -2.389218707634884975, -0.7500000000000590639, -5.773050187130291278 ) ) ;
#3929 = ORIENTED_EDGE ( 'NONE', *, *, #2229, .F. ) ;
#3930 = CARTESIAN_POINT ( 'NONE',  ( -6.148730939167617038, -0.7499999999999997780, -3.306084809891166820 ) ) ;
#3931 = CARTESIAN_POINT ( 'NONE',  ( 2.192387404637208270, -0.7499999999999997780, 8.527837839776372775 ) ) ;
#3932 = FACE_OUTER_BOUND ( 'NONE', #2460, .T. ) ;
#3933 = LINE ( 'NONE', #1408, #762 ) ;
#3934 = VECTOR ( 'NONE', #854, 999.9999999999998863 ) ;
#3935 = CARTESIAN_POINT ( 'NONE',  ( -0.9614061070024535471, -0.7499999999999998890, -9.168307674430817400 ) ) ;
#3936 = VERTEX_POINT ( 'NONE', #6858 ) ;
#3937 = CARTESIAN_POINT ( 'NONE',  ( 1.808605228538207932, -0.7657824690036031390, -9.681714785498359177 ) ) ;
#3938 =( BOUNDED_CURVE ( )  B_SPLINE_CURVE ( 3, ( #7468, #3010, #299, #1616 ),
 .UNSPECIFIED., .F., .F. ) 
 B_SPLINE_CURVE_WITH_KNOTS ( ( 4, 4 ),
 ( 0.000000000000000000, 1.570796326794896558 ),
 .UNSPECIFIED. ) 
 CURVE ( )  GEOMETRIC_REPRESENTATION_ITEM ( )  RATIONAL_B_SPLINE_CURVE ( ( 1.000000000000000000, 0.8047378541243649375, 0.8047378541243649375, 1.000000000000000000 ) ) 
 REPRESENTATION_ITEM ( '' )  );
#3939 = EDGE_LOOP ( 'NONE', ( #5079, #8282, #8111, #4025, #1383, #7009 ) ) ;
#3940 = CARTESIAN_POINT ( 'NONE',  ( 2.595501086299512927, -6.349999999999999645, 5.760253130043706093 ) ) ;
#3941 = CARTESIAN_POINT ( 'NONE',  ( -2.185427387616488470, -6.349999999999999645, -9.092018752388751679 ) ) ;
#3942 = CIRCLE ( 'NONE', #217, 2.100000000000000977 ) ;
#3943 = ORIENTED_EDGE ( 'NONE', *, *, #1237, .T. ) ;
#3944 = CARTESIAN_POINT ( 'NONE',  ( -0.9686702522715646690, -0.7499999999999996669, 6.209393325097495087 ) ) ;
#3945 = LINE ( 'NONE', #1296, #1587 ) ;
#3946 = CARTESIAN_POINT ( 'NONE',  ( -1.989444689662660304, -12.16402660624676635, -2.410851717356331303 ) ) ;
#3947 = EDGE_CURVE ( 'NONE', #6527, #2038, #5673, .T. ) ;
#3948 = CARTESIAN_POINT ( 'NONE',  ( 2.144157438244215896, -6.349999999999996980, 9.149577171533003650 ) ) ;
#3949 = CARTESIAN_POINT ( 'NONE',  ( -0.4948548703877281296, -6.349999999999999645, 6.074809178934714282 ) ) ;
#3950 = AXIS2_PLACEMENT_3D ( 'NONE', #4905, #7539, #6379 ) ;
#3951 = LINE ( 'NONE', #3904, #466 ) ;
#3952 = CARTESIAN_POINT ( 'NONE',  ( -9.170768666172490313, -1.249999999999999778, -2.132113727922281488 ) ) ;
#3953 = VERTEX_POINT ( 'NONE', #6209 ) ;
#3954 = CARTESIAN_POINT ( 'NONE',  ( 3.499999999999998668, -11.40025253169416608, -17.67766952966369587 ) ) ;
#3955 = CARTESIAN_POINT ( 'NONE',  ( 4.924073004895028305, -0.7499999999999997780, 5.275441736259344871 ) ) ;
#3956 = AXIS2_PLACEMENT_3D ( 'NONE', #209, #4820, #5482 ) ;
#3957 = CARTESIAN_POINT ( 'NONE',  ( 9.935855655966863154, -0.7499999999999997780, -1.651354423408179839 ) ) ;
#3958 = DIRECTION ( 'NONE',  ( -2.305335300292124268E-14, 0.000000000000000000, -1.000000000000000000 ) ) ;
#3959 = EDGE_CURVE ( 'NONE', #5342, #3936, #1016, .T. ) ;
#3960 = FACE_OUTER_BOUND ( 'NONE', #2935, .T. ) ;
#3961 = CARTESIAN_POINT ( 'NONE',  ( -1.651354423408035288, -6.349999999999999645, 9.935855655966888023 ) ) ;
#3962 = AXIS2_PLACEMENT_3D ( 'NONE', #7762, #7156, #6551 ) ;
#3963 = CARTESIAN_POINT ( 'NONE',  ( 1.651354423408184946, -6.349999999999999645, -9.935855655966740585 ) ) ;
#3964 = CARTESIAN_POINT ( 'NONE',  ( -6.274854870387789774, -1.249999999999999778, 0.000000000000000000 ) ) ;
#3965 = CARTESIAN_POINT ( 'NONE',  ( -5.837961585181036916, -0.9981907295794998358, -0.8200975563050912909 ) ) ;
#3966 = VERTEX_POINT ( 'NONE', #933 ) ;
#3967 = CARTESIAN_POINT ( 'NONE',  ( 5.195734694948598076, -0.7499999999999998890, 5.008549905334595209 ) ) ;
#3968 = CARTESIAN_POINT ( 'NONE',  ( 4.320775847632946309, -0.7499999999999997780, -5.117390564770996519 ) ) ;
#3969 = CARTESIAN_POINT ( 'NONE',  ( -6.274854870387789774, -1.249999999999999778, 6.572561605172373680E-14 ) ) ;
#3970 = AXIS2_PLACEMENT_3D ( 'NONE', #2284, #2240, #6784 ) ;
#3971 = CARTESIAN_POINT ( 'NONE',  ( 0.4948548703877977406, -0.7499999999999997780, -2.197778285610652791E-15 ) ) ;
#3972 = CARTESIAN_POINT ( 'NONE',  ( -5.055254220736713044, -1.249999999999999556, 4.404218182223854861 ) ) ;
#3973 = CARTESIAN_POINT ( 'NONE',  ( -9.728368110342866970, -0.8691362217318043815, 1.640970120572441182 ) ) ;
#3974 = ORIENTED_EDGE ( 'NONE', *, *, #5198, .T. ) ;
#3975 = CARTESIAN_POINT ( 'NONE',  ( -9.032434125495823807, -0.7499999999999997780, 2.266621156505494117 ) ) ;
#3976 = CARTESIAN_POINT ( 'NONE',  ( 4.048940729643130787, -0.7499999999999997780, 5.869952001185455792 ) ) ;
#3977 = EDGE_CURVE ( 'NONE', #6527, #3312, #6991, .T. ) ;
#3978 = CARTESIAN_POINT ( 'NONE',  ( -4.749987219571101704, -1.249999999999999778, -4.749987219571101704 ) ) ;
#3979 = CARTESIAN_POINT ( 'NONE',  ( -0.4948548703877910238, -1.184538517676302805, -6.074854871206022189 ) ) ;
#3980 = CARTESIAN_POINT ( 'NONE',  ( -0.7100921513876587987, -0.8339739459306848568, -9.203283201169663030 ) ) ;
#3981 = ORIENTED_EDGE ( 'NONE', *, *, #5679, .T. ) ;
#3982 = CARTESIAN_POINT ( 'NONE',  ( 9.678354296802043066, -1.249999999999999778, -2.105145129612246091 ) ) ;
#3983 = CARTESIAN_POINT ( 'NONE',  ( 1.650131394462147183, -1.087308501813584627, -9.904085948159405461 ) ) ;
#3984 = CARTESIAN_POINT ( 'NONE',  ( 9.299109199783131885, -1.249999999999999778, -2.105145129612242538 ) ) ;
#3985 = EDGE_CURVE ( 'NONE', #302, #7549, #7548, .T. ) ;
#3986 = PLANE ( 'NONE',  #7653 ) ;
#3987 = CARTESIAN_POINT ( 'NONE',  ( -1.610302168003548529, -0.7499999999999997780, 9.200383261364891041 ) ) ;
#3988 = VERTEX_POINT ( 'NONE', #5400 ) ;
#3989 = CARTESIAN_POINT ( 'NONE',  ( -0.7883005104730708146, -0.9199437159819139342, 9.455600303970907561 ) ) ;
#3990 = SURFACE_STYLE_FILL_AREA ( #4027 ) ;
#3991 = CARTESIAN_POINT ( 'NONE',  ( 2.157665754350962750, -6.350000000000000533, 9.128763202256100939 ) ) ;
#3992 = CARTESIAN_POINT ( 'NONE',  ( 4.826950147854629947, -1.249999999999999778, 4.670618722144230794 ) ) ;
#3993 = CARTESIAN_POINT ( 'NONE',  ( -9.008710553930281861, -0.7499999999999997780, 2.329991424587440907 ) ) ;
#3994 = CARTESIAN_POINT ( 'NONE',  ( -9.032593606582366874, -0.7499999999999997780, -2.266305911966670639 ) ) ;
#3995 = ADVANCED_FACE ( 'NONE', ( #6771 ), #5956, .T. ) ;
#3996 = CARTESIAN_POINT ( 'NONE',  ( 4.513471748007673590, -6.350000000000000533, -4.965840432726944087 ) ) ;
#3997 = CARTESIAN_POINT ( 'NONE',  ( -5.774854870387780892, -0.7499999999999997780, 0.7948091789347685454 ) ) ;
#3998 = ORIENTED_EDGE ( 'NONE', *, *, #1269, .T. ) ;
#3999 = CARTESIAN_POINT ( 'NONE',  ( 0.4948548703877977406, -6.349999999999999645, -2.197778285610652791E-15 ) ) ;
#4000 = EDGE_CURVE ( 'NONE', #5020, #8451, #2447, .T. ) ;
#4001 = CARTESIAN_POINT ( 'NONE',  ( 9.115647332695257177, -0.7499999999999997780, 0.9948548703877890809 ) ) ;
#4002 = CARTESIAN_POINT ( 'NONE',  ( 2.329991424587277482, -1.249999999999999778, 9.008710553930960430 ) ) ;
#4003 = B_SPLINE_CURVE_WITH_KNOTS ( 'NONE', 3,
 ( #3878, #5175, #1282, #3276, #5878, #8495 ),
 .UNSPECIFIED., .F., .F.,
 ( 4, 2, 4 ),
 ( 0.000000000000000000, 0.0004007387190707681910, 0.0008014774381415363819 ),
 .UNSPECIFIED. ) ;
#4004 = ORIENTED_EDGE ( 'NONE', *, *, #389, .T. ) ;
#4005 = CARTESIAN_POINT ( 'NONE',  ( 1.622228332512389404, -0.7499999999999997780, 9.487038773917820578 ) ) ;
#4006 = DIRECTION ( 'NONE',  ( -1.000000000000000000, 0.000000000000000000, 0.000000000000000000 ) ) ;
#4007 = CARTESIAN_POINT ( 'NONE',  ( -2.279633664619722833, -0.7499999999999997780, 6.274854870387812866 ) ) ;
#4008 = CARTESIAN_POINT ( 'NONE',  ( 0.6191424365562863130, -6.349999999999999645, -5.774908376104344043 ) ) ;
#4009 = CARTESIAN_POINT ( 'NONE',  ( -2.123812721310401663, -6.349999999999999645, 9.190067605545408469 ) ) ;
#4010 = CARTESIAN_POINT ( 'NONE',  ( -9.806852196760701190, -0.9372534392549042304, 1.645652032776197427 ) ) ;
#4011 = VERTEX_POINT ( 'NONE', #5704 ) ;
#4012 = CARTESIAN_POINT ( 'NONE',  ( -8.739575271950181801, -0.7499999999999997780, 1.826686617571478433 ) ) ;
#4013 = ORIENTED_EDGE ( 'NONE', *, *, #7404, .F. ) ;
#4014 = CARTESIAN_POINT ( 'NONE',  ( 2.411100201706657842, -0.7499999999999996669, 6.272766110050532085 ) ) ;
#4015 = CARTESIAN_POINT ( 'NONE',  ( -5.746921268248954107, -6.350000000000000533, -2.718522490895837418 ) ) ;
#4016 = DIRECTION ( 'NONE',  ( -0.000000000000000000, -1.000000000000000000, -0.000000000000000000 ) ) ;
#4017 = DIRECTION ( 'NONE',  ( 0.000000000000000000, 0.000000000000000000, -1.000000000000000000 ) ) ;
#4018 = CARTESIAN_POINT ( 'NONE',  ( -0.4948548703877910238, -1.249999999999999778, -5.774854870387789774 ) ) ;
#4019 = CARTESIAN_POINT ( 'NONE',  ( -0.8767189974235506389, -0.7604443519486170366, -9.151711569842911231 ) ) ;
#4020 = VERTEX_POINT ( 'NONE', #4357 ) ;
#4021 = CARTESIAN_POINT ( 'NONE',  ( 2.151390521221456797, -0.7500000000000000000, 8.540746395040399008 ) ) ;
#4022 = CARTESIAN_POINT ( 'NONE',  ( 1.677860179041828381, -0.7499999999999997780, -8.954900817724027462 ) ) ;
#4023 = VECTOR ( 'NONE', #745, 1000.000000000000000 ) ;
#4024 = CARTESIAN_POINT ( 'NONE',  ( -1.605145129612209898, -0.7499999999999997780, -9.286119137429906800 ) ) ;
#4025 = ORIENTED_EDGE ( 'NONE', *, *, #6547, .T. ) ;
#4026 = CARTESIAN_POINT ( 'NONE',  ( -0.6109415328252368882, -0.9116540823656787973, 9.416042996316868141 ) ) ;
#4027 = FILL_AREA_STYLE ('',( #2030 ) ) ;
#4028 = CARTESIAN_POINT ( 'NONE',  ( -9.368934980870394114, -0.8339739471929575876, -0.8390868044158322769 ) ) ;
#4029 = DIRECTION ( 'NONE',  ( -0.000000000000000000, -1.000000000000000000, -0.000000000000000000 ) ) ;
#4030 = CIRCLE ( 'NONE', #1255, 8.805145129612210297 ) ;
#4031 = EDGE_CURVE ( 'NONE', #611, #4203, #4304, .T. ) ;
#4032 = CARTESIAN_POINT ( 'NONE',  ( 6.148730939167617038, -0.7499999999999997780, 3.306084809891166820 ) ) ;
#4033 = EDGE_LOOP ( 'NONE', ( #2002, #4089, #468 ) ) ;
#4034 = CARTESIAN_POINT ( 'NONE',  ( -1.646936468090205885, -0.9649331697241737560, -9.831777950102507546 ) ) ;
#4035 = B_SPLINE_CURVE_WITH_KNOTS ( 'NONE', 3,
 ( #4781, #5521, #1522, #839, #6846, #168 ),
 .UNSPECIFIED., .F., .F.,
 ( 4, 2, 4 ),
 ( -1.936050722718827470E-05, 0.0003751530359723031843, 0.0007696665791717946297 ),
 .UNSPECIFIED. ) ;
#4036 = CARTESIAN_POINT ( 'NONE',  ( -1.876683844410652391, -1.249999999999999778, 10.07030783714664501 ) ) ;
#4037 = ORIENTED_EDGE ( 'NONE', *, *, #1034, .T. ) ;
#4038 = B_SPLINE_SURFACE_WITH_KNOTS ( 'NONE', 3, 1, ( 
 ( #4226, #4267 ),
 ( #6986, #6343 ),
 ( #3621, #2830 ),
 ( #6855, #969 ),
 ( #4110, #3941 ),
 ( #6013, #5363 ),
 ( #144, #7987 ),
 ( #8030, #4068 ),
 ( #2110, #2067 ),
 ( #4753, #1500 ) ),
 .UNSPECIFIED., .F., .F., .F.,
 ( 4, 1, 1, 1, 1, 1, 1, 4 ),
 ( 2, 2 ),
 ( 0.000000000000000000, 0.1365059386517771534, 0.2792219958285665493, 0.4259443949517819905, 0.5740530155450295213, 0.7207758461108755288, 0.8634927663564990752, 1.000000000000000000 ),
 ( 0.000000000000000000, 1.000000000000000000 ),
 .UNSPECIFIED. ) ;
#4039 = CARTESIAN_POINT ( 'NONE',  ( 2.530604541918082262, -6.349999999999998757, -5.766884193336323072 ) ) ;
#4040 = DIRECTION ( 'NONE',  ( 1.000000000000000000, 0.000000000000000000, -3.491481338843133355E-15 ) ) ;
#4041 = EDGE_CURVE ( 'NONE', #4237, #5934, #1746, .T. ) ;
#4042 = CARTESIAN_POINT ( 'NONE',  ( 9.021147018119359373, -1.249999999999999778, -2.292008942561366336 ) ) ;
#4043 = EDGE_CURVE ( 'NONE', #4509, #5994, #5006, .T. ) ;
#4044 = VECTOR ( 'NONE', #7912, 1000.000000000000000 ) ;
#4045 = ORIENTED_EDGE ( 'NONE', *, *, #2249, .T. ) ;
#4046 = CARTESIAN_POINT ( 'NONE',  ( -0.7270925849429747956, -1.249999999999999778, 9.563313570181760426 ) ) ;
#4047 = CARTESIAN_POINT ( 'NONE',  ( 1.735341132246833729, -0.7499999999999998890, 9.289501645814754127 ) ) ;
#4048 = ORIENTED_EDGE ( 'NONE', *, *, #7752, .T. ) ;
#4049 = CIRCLE ( 'NONE', #1823, 3.000000000000000000 ) ;
#4050 = CARTESIAN_POINT ( 'NONE',  ( -9.041386124426873394, -6.350000000000000533, 2.251379595086631102 ) ) ;
#4051 = DIRECTION ( 'NONE',  ( -1.000000000000000000, 0.000000000000000000, 0.000000000000000000 ) ) ;
#4052 = CARTESIAN_POINT ( 'NONE',  ( 9.563317348342778246, -1.175576129891593435, 0.7271088839737938070 ) ) ;
#4053 = CARTESIAN_POINT ( 'NONE',  ( 9.089851229402245991, -0.7499999999999997780, 2.187678288045533659 ) ) ;
#4054 = EDGE_CURVE ( 'NONE', #775, #7144, #5725, .T. ) ;
#4055 = CARTESIAN_POINT ( 'NONE',  ( -9.904085948159560004, -1.087308501813582406, 1.650131394462285739 ) ) ;
#4056 = ORIENTED_EDGE ( 'NONE', *, *, #79, .T. ) ;
#4057 = ORIENTED_EDGE ( 'NONE', *, *, #7696, .F. ) ;
#4058 = FACE_OUTER_BOUND ( 'NONE', #6301, .T. ) ;
#4059 = CARTESIAN_POINT ( 'NONE',  ( 6.274854870387789774, -0.7499999999999997780, 2.279633664619781452 ) ) ;
#4060 = DIRECTION ( 'NONE',  ( 0.000000000000000000, 0.000000000000000000, 1.000000000000000000 ) ) ;
#4061 = DIRECTION ( 'NONE',  ( 0.000000000000000000, 0.000000000000000000, -1.000000000000000000 ) ) ;
#4062 = CARTESIAN_POINT ( 'NONE',  ( -0.4948548703877910238, -1.249999999999999778, -6.074854870387789596 ) ) ;
#4063 = EDGE_CURVE ( 'NONE', #2305, #6918, #6898, .T. ) ;
#4064 = ORIENTED_EDGE ( 'NONE', *, *, #2604, .T. ) ;
#4065 = CARTESIAN_POINT ( 'NONE',  ( 2.105145129612162602, -1.250000000000000222, -10.20694509942403272 ) ) ;
#4066 = ORIENTED_EDGE ( 'NONE', *, *, #1419, .T. ) ;
#4067 = CARTESIAN_POINT ( 'NONE',  ( 4.125258209164903711, -6.349999999999999645, 5.248275075322103689 ) ) ;
#4068 = CARTESIAN_POINT ( 'NONE',  ( -2.107992638090519844, -6.349999999999999645, -9.244344518389903342 ) ) ;
#4069 = FACE_OUTER_BOUND ( 'NONE', #7257, .T. ) ;
#4070 = VERTEX_POINT ( 'NONE', #2406 ) ;
#4071 = CIRCLE ( 'NONE', #8475, 0.5350000000000003642 ) ;
#4072 = CARTESIAN_POINT ( 'NONE',  ( 5.868537966830177588, -0.7499999999999997780, -4.052267668194247996 ) ) ;
#4073 = CARTESIAN_POINT ( 'NONE',  ( -9.271102943336709146, -0.7499999999999997780, -0.4948548703877889698 ) ) ;
#4074 = DIRECTION ( 'NONE',  ( 9.497769312600652573E-16, 0.000000000000000000, 1.000000000000000000 ) ) ;
#4075 = CARTESIAN_POINT ( 'NONE',  ( 0.5853924772788094977, -1.250000000000000000, -9.530431722890568835 ) ) ;
#4076 = CARTESIAN_POINT ( 'NONE',  ( -2.096174882211887081, -1.152677804707678666, -9.671956310102144627 ) ) ;
#4077 = CARTESIAN_POINT ( 'NONE',  ( 12.69999999999999929, -4.349999999999999645, -1.734723475976804925E-15 ) ) ;
#4078 = VECTOR ( 'NONE', #1540, 1000.000000000000000 ) ;
#4079 = ORIENTED_EDGE ( 'NONE', *, *, #847, .F. ) ;
#4080 = CARTESIAN_POINT ( 'NONE',  ( 9.671956310101965215, -1.152677804707680220, 2.096174882211883084 ) ) ;
#4081 = EDGE_CURVE ( 'NONE', #2488, #8156, #973, .T. ) ;
#4082 = CARTESIAN_POINT ( 'NONE',  ( -3.183923409923649750, -6.350000000000001421, -5.662694476433974167 ) ) ;
#4083 = CIRCLE ( 'NONE', #7665, 3.219854870387946377 ) ;
#4084 = CARTESIAN_POINT ( 'NONE',  ( -5.774854870387789774, -1.249999999999999778, -2.275387937340419775 ) ) ;
#4085 = AXIS2_PLACEMENT_3D ( 'NONE', #3668, #5004, #1833 ) ;
#4086 = CARTESIAN_POINT ( 'NONE',  ( 3.089999999999999858, 6.349999999999999645, 2.555000000000000160 ) ) ;
#4087 = EDGE_CURVE ( 'NONE', #2250, #4245, #2942, .T. ) ;
#4088 = DIRECTION ( 'NONE',  ( 1.000000000000000000, 0.000000000000000000, -3.491481338843133355E-15 ) ) ;
#4089 = ORIENTED_EDGE ( 'NONE', *, *, #2401, .F. ) ;
#4090 = CARTESIAN_POINT ( 'NONE',  ( 0.8658322937533863284, -0.7499999999999995559, -9.154890345393990714 ) ) ;
#4091 = CARTESIAN_POINT ( 'NONE',  ( 5.021134005222567254, -0.7499999999999997780, -5.183532004856360231 ) ) ;
#4092 = CARTESIAN_POINT ( 'NONE',  ( 9.297056062852071534, -0.8004147824066357719, -0.7605129427895946925 ) ) ;
#4093 = CARTESIAN_POINT ( 'NONE',  ( 8.540746395040386574, -0.7499999999999996669, -2.151390521221493657 ) ) ;
#4094 = CARTESIAN_POINT ( 'NONE',  ( 8.525970940583448510, -0.7499999999999997780, 2.198316576944332468 ) ) ;
#4095 = CARTESIAN_POINT ( 'NONE',  ( 0.000000000000000000, -0.05000000000000056483, 2.100000000000000089 ) ) ;
#4096 = ORIENTED_EDGE ( 'NONE', *, *, #5525, .F. ) ;
#4097 = ORIENTED_EDGE ( 'NONE', *, *, #2506, .F. ) ;
#4098 = ORIENTED_EDGE ( 'NONE', *, *, #999, .F. ) ;
#4099 = CARTESIAN_POINT ( 'NONE',  ( -5.774854870387783556, -1.249999999999999778, 0.7948091789347686564 ) ) ;
#4100 = EDGE_CURVE ( 'NONE', #6746, #5342, #5026, .T. ) ;
#4101 = VECTOR ( 'NONE', #8122, 1000.000000000000000 ) ;
#4102 = CARTESIAN_POINT ( 'NONE',  ( -9.925151415895278717, -1.152677805080581042, -1.650918591661180601 ) ) ;
#4103 = CARTESIAN_POINT ( 'NONE',  ( 9.286119137480383756, -0.7499999999999997780, 1.605145129612210342 ) ) ;
#4104 = CARTESIAN_POINT ( 'NONE',  ( -0.8776975828623484466, -0.7499999999999996669, 5.981961651574345673 ) ) ;
#4105 = CARTESIAN_POINT ( 'NONE',  ( 0.7883005104731802826, -0.9199437159818801835, 9.455600303971019471 ) ) ;
#4106 = ORIENTED_EDGE ( 'NONE', *, *, #453, .F. ) ;
#4107 = CARTESIAN_POINT ( 'NONE',  ( 0.7593135193924007709, -0.7961721122757086100, 6.039313519392363716 ) ) ;
#4108 = EDGE_LOOP ( 'NONE', ( #8230, #2198, #8525, #4559 ) ) ;
#4109 = CARTESIAN_POINT ( 'NONE',  ( 2.106590435858893606, -1.249999999999999778, -9.271312360185504531 ) ) ;
#4110 = CARTESIAN_POINT ( 'NONE',  ( -2.185427387616488470, -1.249999999999999778, -9.092018752388751679 ) ) ;
#4111 = EDGE_CURVE ( 'NONE', #6481, #430, #6572, .T. ) ;
#4112 = CARTESIAN_POINT ( 'NONE',  ( -1.607386064952719407, -0.7499999999999993339, -9.243020368494818229 ) ) ;
#4113 = VERTEX_POINT ( 'NONE', #6347 ) ;
#4114 = CARTESIAN_POINT ( 'NONE',  ( -0.4948556567469176715, -1.145812309439294241, 9.509478328360380317 ) ) ;
#4115 = CARTESIAN_POINT ( 'NONE',  ( 6.114921553330368020, -0.9427265114570059223, 0.5950215777442385834 ) ) ;
#4116 = CARTESIAN_POINT ( 'NONE',  ( -2.105145129612091992, -1.249999999999999778, 10.20694509942405048 ) ) ;
#4117 = CARTESIAN_POINT ( 'NONE',  ( 1.887435842406455899, -0.7499999999999996669, -8.683291449514523919 ) ) ;
#4118 = CARTESIAN_POINT ( 'NONE',  ( 9.935836767996040209, -1.249999999999999778, 1.651322806674099031 ) ) ;
#4119 = CYLINDRICAL_SURFACE ( 'NONE', #4861, 2.100000000000000089 ) ;
#4120 = ORIENTED_EDGE ( 'NONE', *, *, #3767, .F. ) ;
#4121 = CARTESIAN_POINT ( 'NONE',  ( 9.933579480919769722, -1.200396464095384363, 1.651215506684534429 ) ) ;
#4122 = LINE ( 'NONE', #1555, #6410 ) ;
#4123 = CARTESIAN_POINT ( 'NONE',  ( -3.824449496671907145, -6.349999999999999645, -5.415553913586048651 ) ) ;
#4124 = CARTESIAN_POINT ( 'NONE',  ( 9.017039927931818966, -0.7499999999999997780, -2.303537776765438583 ) ) ;
#4125 = EDGE_CURVE ( 'NONE', #5696, #5235, #3056, .T. ) ;
#4126 = CARTESIAN_POINT ( 'NONE',  ( 9.530431722890567059, -1.250000000000000000, 0.5853924772788433595 ) ) ;
#4127 = CARTESIAN_POINT ( 'NONE',  ( 9.530431722890567059, -6.349999999999998757, 0.5853924772788432485 ) ) ;
#4128 = ORIENTED_EDGE ( 'NONE', *, *, #8164, .T. ) ;
#4129 = DIRECTION ( 'NONE',  ( 0.000000000000000000, 0.000000000000000000, 1.000000000000000000 ) ) ;
#4130 = CARTESIAN_POINT ( 'NONE',  ( 2.733123488130822842, -1.249999999999999334, 5.746563553755524190 ) ) ;
#4131 = CARTESIAN_POINT ( 'NONE',  ( 9.509478963620281888, -1.249999999999999778, -0.4948548703878234423 ) ) ;
#4132 =( BOUNDED_CURVE ( )  B_SPLINE_CURVE ( 3, ( #2562, #1270, #7839, #5822 ),
 .UNSPECIFIED., .F., .T. ) 
 B_SPLINE_CURVE_WITH_KNOTS ( ( 4, 4 ),
 ( 3.927143110234821766, 5.497634850534555362 ),
 .UNSPECIFIED. ) 
 CURVE ( )  GEOMETRIC_REPRESENTATION_ITEM ( )  RATIONAL_B_SPLINE_CURVE ( ( 1.000000000000000000, 0.8048096403827857959, 0.8048096403827857959, 1.000000000000000000 ) ) 
 REPRESENTATION_ITEM ( '' )  );
#4133 = CARTESIAN_POINT ( 'NONE',  ( 9.286119137429892589, -0.7499999999999997780, -1.605145129612242538 ) ) ;
#4134 = CARTESIAN_POINT ( 'NONE',  ( 9.089851226871594747, -1.249999999999999778, 2.187678284771287895 ) ) ;
#4135 = EDGE_CURVE ( 'NONE', #4245, #3477, #476, .T. ) ;
#4136 = CARTESIAN_POINT ( 'NONE',  ( 4.700017402160197251E-16, -1.249999999999999778, 0.4948548703877977406 ) ) ;
#4137 = EDGE_LOOP ( 'NONE', ( #1635, #1426, #3646 ) ) ;
#4138 = FACE_OUTER_BOUND ( 'NONE', #7985, .T. ) ;
#4139 = CARTESIAN_POINT ( 'NONE',  ( -9.617147878727219990, -0.9649331678688112257, -2.017591391994190797 ) ) ;
#4140 = CARTESIAN_POINT ( 'NONE',  ( 5.598110850518169812, -1.249999999999999778, 3.397802656289727441 ) ) ;
#4141 = CARTESIAN_POINT ( 'NONE',  ( -9.940748498636022390, -1.249999999999999778, 2.105004284771788470 ) ) ;
#4142 = CARTESIAN_POINT ( 'NONE',  ( 0.9482765591834922958, -0.7500000231977211884, 9.151065285163106466 ) ) ;
#4143 = ORIENTED_EDGE ( 'NONE', *, *, #6427, .T. ) ;
#4144 = ADVANCED_FACE ( 'NONE', ( #8367 ), #4479, .T. ) ;
#4145 = EDGE_CURVE ( 'NONE', #1209, #7918, #8419, .T. ) ;
#4146 = DIRECTION ( 'NONE',  ( -0.000000000000000000, -1.000000000000000000, -0.000000000000000000 ) ) ;
#4147 = ORIENTED_EDGE ( 'NONE', *, *, #4135, .T. ) ;
#4148 = CARTESIAN_POINT ( 'NONE',  ( -9.940748498636045483, -6.349999999999999645, -2.105004284771679224 ) ) ;
#4149 = CARTESIAN_POINT ( 'NONE',  ( -0.8543982456128892400, -0.8005384068327893177, -9.342476856437514243 ) ) ;
#4150 = CARTESIAN_POINT ( 'NONE',  ( 6.039313519392374374, -0.7961721122756940661, -0.7593135193924094306 ) ) ;
#4151 = VERTEX_POINT ( 'NONE', #7408 ) ;
#4152 = CARTESIAN_POINT ( 'NONE',  ( -0.7271088839737062104, -1.175576129891580557, 9.563317348342788904 ) ) ;
#4153 =( NAMED_UNIT ( * ) PLANE_ANGLE_UNIT ( ) SI_UNIT ( $, .RADIAN. ) );
#4154 = DIRECTION ( 'NONE',  ( 0.000000000000000000, 1.000000000000000000, -0.000000000000000000 ) ) ;
#4155 = CARTESIAN_POINT ( 'NONE',  ( 6.274854870387786221, -0.7499999999999997780, -0.9948548703878129507 ) ) ;
#4156 =( BOUNDED_SURFACE ( )  B_SPLINE_SURFACE ( 3, 1, ( 
 ( #2346, #1642 ),
 ( #1054, #1604 ),
 ( #2301, #3088 ),
 ( #4946, #6240 ) ),
 .UNSPECIFIED., .F., .F., .T. ) 
 B_SPLINE_SURFACE_WITH_KNOTS ( ( 4, 4 ),
 ( 2, 2 ),
 ( 0.000000000000000000, 1.000000000000000000 ),
 ( 0.000000000000000000, 1.000000000000000000 ),
 .UNSPECIFIED. ) 
 GEOMETRIC_REPRESENTATION_ITEM ( )  RATIONAL_B_SPLINE_SURFACE ( (
 ( 1.000000000000000000, 1.000000000000000000),
 ( 0.8553052591888766765, 0.8553052591888766765),
 ( 0.8553052591888766765, 0.8553052591888766765),
 ( 1.000000000000000000, 1.000000000000000000) ) ) 
 REPRESENTATION_ITEM ( '' )  SURFACE ( )  );
#4157 = FACE_OUTER_BOUND ( 'NONE', #721, .T. ) ;
#4158 = EDGE_CURVE ( 'NONE', #3162, #654, #6196, .T. ) ;
#4159 = VECTOR ( 'NONE', #6466, 1000.000000000000000 ) ;
#4160 = DIRECTION ( 'NONE',  ( 0.000000000000000000, 1.000000000000000000, 0.000000000000000000 ) ) ;
#4161 = DIRECTION ( 'NONE',  ( -0.000000000000000000, -1.000000000000000000, -0.000000000000000000 ) ) ;
#4162 = ORIENTED_EDGE ( 'NONE', *, *, #4249, .T. ) ;
#4163 = CARTESIAN_POINT ( 'NONE',  ( 10.13824484182477370, -0.9950584864165715748, 2.066716651290672946 ) ) ;
#4164 = APPLICATION_CONTEXT ( 'automotive_design' ) ;
#4165 = CIRCLE ( 'NONE', #840, 2.100000000000000089 ) ;
#4166 = CARTESIAN_POINT ( 'NONE',  ( -3.181466412134819954, -6.349999999999997868, 5.663282509048922719 ) ) ;
#4167 = CARTESIAN_POINT ( 'NONE',  ( 9.066909142011740030, -1.249999999999999778, -2.212549691026207910 ) ) ;
#4168 = ORIENTED_EDGE ( 'NONE', *, *, #6714, .F. ) ;
#4169 = CARTESIAN_POINT ( 'NONE',  ( -4.582112181391043926, -1.250000000000000000, -4.909847950338837919 ) ) ;
#4170 = DIRECTION ( 'NONE',  ( 0.000000000000000000, 1.000000000000000000, 0.000000000000000000 ) ) ;
#4171 = ORIENTED_EDGE ( 'NONE', *, *, #7396, .F. ) ;
#4172 = DIRECTION ( 'NONE',  ( -0.000000000000000000, -1.000000000000000000, -0.000000000000000000 ) ) ;
#4173 = CARTESIAN_POINT ( 'NONE',  ( 2.149601316613241941, -6.349999999999999645, -9.138289497907940984 ) ) ;
#4174 = DIRECTION ( 'NONE',  ( -1.000000000000000000, -0.000000000000000000, 1.257890898639184104E-14 ) ) ;
#4175 = CIRCLE ( 'NONE', #7208, 2.100000000000000089 ) ;
#4176 = CARTESIAN_POINT ( 'NONE',  ( 0.7270764054876500682, -6.349999999999999645, -9.563309819739275852 ) ) ;
#4177 = CARTESIAN_POINT ( 'NONE',  ( -2.234504744370347851, -6.349999999999998757, 9.052221767390623341 ) ) ;
#4178 = ORIENTED_EDGE ( 'NONE', *, *, #7534, .T. ) ;
#4179 = PLANE ( 'NONE',  #2909 ) ;
#4180 = VECTOR ( 'NONE', #666, 1000.000000000000000 ) ;
#4181 =( BOUNDED_SURFACE ( )  B_SPLINE_SURFACE ( 3, 2, ( 
 ( #7054, #2547, #5292 ),
 ( #3251, #664, #1940 ),
 ( #7222, #1853, #5813 ),
 ( #5197, #1810, #7908 ),
 ( #1124, #6448, #3166 ),
 ( #3508, #6742, #4032 ),
 ( #5504, #8123, #824 ),
 ( #6785, #4680, #6661 ),
 ( #7997, #701, #6621 ),
 ( #70, #1506, #865 ),
 ( #5371, #7307, #741 ),
 ( #3382, #6020, #2799 ),
 ( #3992, #6061, #3339 ),
 ( #1468, #5981, #4640 ) ),
 .UNSPECIFIED., .F., .F., .T. ) 
 B_SPLINE_SURFACE_WITH_KNOTS ( ( 4, 2, 2, 2, 2, 2, 4 ),
 ( 3, 3 ),
 ( 0.006309469902866428163, 0.006709787604513225978, 0.007110105306160022925, 0.007910740709453618555, 0.008711376112747214184, 0.009111693814394011132, 0.009512011516040808079 ),
 ( 0.000000000000000000, 1.000000000000000000 ),
 .UNSPECIFIED. ) 
 GEOMETRIC_REPRESENTATION_ITEM ( )  RATIONAL_B_SPLINE_SURFACE ( (
 ( 1.000000000000000000, 0.7071067811865469066, 1.000000000000000000),
 ( 1.000000000000000000, 0.7071067811865469066, 1.000000000000000000),
 ( 1.000000000000000000, 0.7071067811865481278, 1.000000000000000000),
 ( 1.000000000000000000, 0.7071067811865481278, 1.000000000000000000),
 ( 1.000000000000000000, 0.7071067811865475727, 1.000000000000000000),
 ( 1.000000000000000000, 0.7071067811865475727, 1.000000000000000000),
 ( 1.000000000000000000, 0.7071067811865475727, 1.000000000000000000),
 ( 1.000000000000000000, 0.7071067811865475727, 1.000000000000000000),
 ( 1.000000000000000000, 0.7071067811865470176, 1.000000000000000000),
 ( 1.000000000000000000, 0.7071067811865470176, 1.000000000000000000),
 ( 1.000000000000000000, 0.7071067811865475727, 1.000000000000000000),
 ( 1.000000000000000000, 0.7071067811865475727, 1.000000000000000000),
 ( 1.000000000000000000, 0.7071067811865475727, 1.000000000000000000),
 ( 1.000000000000000000, 0.7071067811865475727, 1.000000000000000000) ) ) 
 REPRESENTATION_ITEM ( '' )  SURFACE ( )  );
#4182 = CARTESIAN_POINT ( 'NONE',  ( -9.865217305540001647, -1.012903213348997689, -1.648499996500064846 ) ) ;
#4183 = EDGE_CURVE ( 'NONE', #5869, #1209, #5344, .T. ) ;
#4184 = CARTESIAN_POINT ( 'NONE',  ( 4.749987219571084829, -6.349999999999999645, -4.749987219571117691 ) ) ;
#4185 = CARTESIAN_POINT ( 'NONE',  ( -10.07030783714660593, -1.249999999999999778, 1.876683844410867330 ) ) ;
#4186 = CARTESIAN_POINT ( 'NONE',  ( 0.5122168160552613703, -1.101661676798982858, 9.265538987049263042 ) ) ;
#4187 = SHAPE_DEFINITION_REPRESENTATION ( #5420, #5391 ) ;
#4188 = ORIENTED_EDGE ( 'NONE', *, *, #4087, .F. ) ;
#4189 = CARTESIAN_POINT ( 'NONE',  ( 9.598094096451657009, -0.9246593638277799121, -1.990127991411527075 ) ) ;
#4190 = ORIENTED_EDGE ( 'NONE', *, *, #7453, .T. ) ;
#4191 = CARTESIAN_POINT ( 'NONE',  ( 2.104150091524092492, -0.7499999999999997780, -9.318246261006290609 ) ) ;
#4192 = LINE ( 'NONE', #3581, #628 ) ;
#4193 = CARTESIAN_POINT ( 'NONE',  ( 5.774908376104342267, -6.350000000000001421, 0.6191424365563067411 ) ) ;
#4194 = ORIENTED_EDGE ( 'NONE', *, *, #2088, .T. ) ;
#4195 = CARTESIAN_POINT ( 'NONE',  ( -9.271084787564094043, -1.249999999999999778, 0.4948548703878881683 ) ) ;
#4196 = CARTESIAN_POINT ( 'NONE',  ( 6.143980792280646419, -0.7630137179688570859, 0.9425052391449327827 ) ) ;
#4197 = CARTESIAN_POINT ( 'NONE',  ( -1.650697302570770075, -1.129815972907922461, 9.918988504624893565 ) ) ;
#4198 = CARTESIAN_POINT ( 'NONE',  ( -5.598265168447309925, -0.7499999999999422684, 3.397861557710692981 ) ) ;
#4199 = DIRECTION ( 'NONE',  ( 0.000000000000000000, 0.000000000000000000, -1.000000000000000000 ) ) ;
#4200 = ORIENTED_EDGE ( 'NONE', *, *, #7426, .T. ) ;
#4201 = CARTESIAN_POINT ( 'NONE',  ( -0.4948548703877910238, -1.249999999999999778, -6.074832024661248830 ) ) ;
#4202 = CARTESIAN_POINT ( 'NONE',  ( 1.042055164444853001E-14, -0.7499999999999997780, 0.9948548703877909682 ) ) ;
#4203 = VERTEX_POINT ( 'NONE', #6755 ) ;
#4204 = CIRCLE ( 'NONE', #6544, 3.219854870387794055 ) ;
#4205 = ADVANCED_FACE ( 'NONE', ( #7536 ), #7099, .T. ) ;
#4206 = CARTESIAN_POINT ( 'NONE',  ( -1.605145129612113086, -0.7499999999999997780, 9.286119137480397967 ) ) ;
#4207 = CARTESIAN_POINT ( 'NONE',  ( 9.089434105022439425, -0.7499999999999997780, -2.188081452910143554 ) ) ;
#4208 = VECTOR ( 'NONE', #6672, 1000.000000000000114 ) ;
#4209 = ORIENTED_EDGE ( 'NONE', *, *, #4882, .T. ) ;
#4210 = FACE_OUTER_BOUND ( 'NONE', #8246, .T. ) ;
#4211 = CARTESIAN_POINT ( 'NONE',  ( 2.105145129612210120, -1.249999999999999778, 9.299109199783138990 ) ) ;
#4212 = EDGE_CURVE ( 'NONE', #3721, #2236, #6219, .T. ) ;
#4213 = VECTOR ( 'NONE', #6250, 1000.000000000000000 ) ;
#4214 = CARTESIAN_POINT ( 'NONE',  ( -2.555000000000000160, 6.349999999999999645, 3.089999999999999858 ) ) ;
#4215 = DIRECTION ( 'NONE',  ( 0.000000000000000000, 1.000000000000000000, 0.000000000000000000 ) ) ;
#4216 = CARTESIAN_POINT ( 'NONE',  ( -0.9948548703877259092, -0.7499999999999997780, 6.274854870387799544 ) ) ;
#4217 = CARTESIAN_POINT ( 'NONE',  ( 9.455600303970898679, -0.9199437159819139342, 0.7883005104731730661 ) ) ;
#4218 = CARTESIAN_POINT ( 'NONE',  ( 8.609132449040311386, -0.7499999999999997780, 1.997672270374400982 ) ) ;
#4219 = DIRECTION ( 'NONE',  ( -0.000000000000000000, -1.000000000000000000, -0.000000000000000000 ) ) ;
#4220 = ORIENTED_EDGE ( 'NONE', *, *, #8351, .F. ) ;
#4221 = TOROIDAL_SURFACE ( 'NONE', #3956, 8.805145129612210297, 0.5000000000000000000 ) ;
#4222 = ORIENTED_EDGE ( 'NONE', *, *, #1019, .T. ) ;
#4223 = CARTESIAN_POINT ( 'NONE',  ( -2.329991424587249504, -1.249999999999999778, 9.008710553930331599 ) ) ;
#4224 = CARTESIAN_POINT ( 'NONE',  ( 5.772895470921170613, -1.249999999999999778, 2.390754402008260282 ) ) ;
#4225 = CIRCLE ( 'NONE', #509, 2.100000000000000089 ) ;
#4226 = CARTESIAN_POINT ( 'NONE',  ( -2.329991424587277482, -1.249999999999999778, -9.008710553930960430 ) ) ;
#4227 = CARTESIAN_POINT ( 'NONE',  ( -5.723143872992054071, -1.249999999999999778, -2.886440657710625413 ) ) ;
#4228 = CARTESIAN_POINT ( 'NONE',  ( -2.112333702603445218, -0.7500000000000093259, -9.231414770807756298 ) ) ;
#4229 = LINE ( 'NONE', #2787, #1574 ) ;
#4230 = ADVANCED_FACE ( 'NONE', ( #4945 ), #7574, .T. ) ;
#4231 = CARTESIAN_POINT ( 'NONE',  ( 0.000000000000000000, -16.35000000000000142, -17.67766952966369587 ) ) ;
#4232 = ORIENTED_EDGE ( 'NONE', *, *, #812, .T. ) ;
#4233 = DIRECTION ( 'NONE',  ( 0.000000000000000000, 0.000000000000000000, 1.000000000000000000 ) ) ;
#4234 = VECTOR ( 'NONE', #6720, 1000.000000000000000 ) ;
#4235 = DIRECTION ( 'NONE',  ( 0.000000000000000000, 0.000000000000000000, 1.000000000000000000 ) ) ;
#4236 = ORIENTED_EDGE ( 'NONE', *, *, #1056, .T. ) ;
#4237 = VERTEX_POINT ( 'NONE', #2816 ) ;
#4238 = LINE ( 'NONE', #8197, #440 ) ;
#4239 = LINE ( 'NONE', #2756, #3264 ) ;
#4240 = CARTESIAN_POINT ( 'NONE',  ( -1.605145129612111532, -0.7499999999999996669, 9.344284074950470753 ) ) ;
#4241 = CARTESIAN_POINT ( 'NONE',  ( 6.074832024661247942, -1.249999999999999778, -0.4948548703878122290 ) ) ;
#4242 = EDGE_CURVE ( 'NONE', #4490, #4628, #4204, .T. ) ;
#4243 = DIRECTION ( 'NONE',  ( -0.000000000000000000, 1.000000000000000000, -0.000000000000000000 ) ) ;
#4244 = CARTESIAN_POINT ( 'NONE',  ( 4.700017402160197251E-16, -6.349999999999999645, 0.4948548703877977406 ) ) ;
#4245 = VERTEX_POINT ( 'NONE', #5435 ) ;
#4246 = CARTESIAN_POINT ( 'NONE',  ( 9.642852424229911179, -1.030008899707533176, 2.054607589228453435 ) ) ;
#4247 = CARTESIAN_POINT ( 'NONE',  ( -4.513471748007710005, -6.350000000000002309, 4.965840432726910336 ) ) ;
#4248 = CARTESIAN_POINT ( 'NONE',  ( -8.589525023534660519, -0.7500000000000001110, 2.032805528092123115 ) ) ;
#4249 = EDGE_CURVE ( 'NONE', #2791, #4070, #8187, .T. ) ;
#4250 = EDGE_CURVE ( 'NONE', #6329, #1261, #4816, .T. ) ;
#4251 = CARTESIAN_POINT ( 'NONE',  ( -8.877745525420126071, -0.7499999999999997780, 1.719465971980144836 ) ) ;
#4252 = ORIENTED_EDGE ( 'NONE', *, *, #5243, .F. ) ;
#4253 = ORIENTED_EDGE ( 'NONE', *, *, #999, .T. ) ;
#4254 = CARTESIAN_POINT ( 'NONE',  ( -3.311207841204464319, -0.7499999999999996669, -6.147120015557356432 ) ) ;
#4255 = CARTESIAN_POINT ( 'NONE',  ( 3.176823113478628446, -0.7499999999999997780, 5.664579311313253207 ) ) ;
#4256 = CARTESIAN_POINT ( 'NONE',  ( -2.389335516027021988, -0.7499999999999402700, 5.772919569470362333 ) ) ;
#4257 = CARTESIAN_POINT ( 'NONE',  ( 6.274854870387781780, -0.7499999999999997780, -2.279351210769174685 ) ) ;
#4258 = CARTESIAN_POINT ( 'NONE',  ( 4.582112181391043926, -1.250000000000000000, 4.909847950338837919 ) ) ;
#4259 = DIRECTION ( 'NONE',  ( -1.000000000000000000, 0.000000000000000000, 0.000000000000000000 ) ) ;
#4260 = CARTESIAN_POINT ( 'NONE',  ( 4.749987219571101704, -6.349999999999999645, 4.749987219571101704 ) ) ;
#4261 = CARTESIAN_POINT ( 'NONE',  ( 9.678354296802050172, -1.249999999999999778, 2.105145129612207455 ) ) ;
#4262 = CARTESIAN_POINT ( 'NONE',  ( -2.194991654270491477, -6.349999999999997868, 9.083922598327584197 ) ) ;
#4263 = EDGE_CURVE ( 'NONE', #430, #2958, #6116, .T. ) ;
#4264 = ORIENTED_EDGE ( 'NONE', *, *, #2457, .F. ) ;
#4265 = LINE ( 'NONE', #5442, #6914 ) ;
#4266 = CARTESIAN_POINT ( 'NONE',  ( -5.746653563525504715, -1.249999999999999778, -2.732804388869867651 ) ) ;
#4267 = CARTESIAN_POINT ( 'NONE',  ( -2.329991424587277482, -6.349999999999999645, -9.008710553930960430 ) ) ;
#4268 = CARTESIAN_POINT ( 'NONE',  ( 0.7665838582571758986, -0.9743063038738934978, -9.493503963496237930 ) ) ;
#4269 = CARTESIAN_POINT ( 'NONE',  ( -1.605145129612209898, -0.7499999999999997780, -9.286119137429906800 ) ) ;
#4270 = CARTESIAN_POINT ( 'NONE',  ( 0.5579615851810393323, -0.9981907295794998358, 6.100097556305090762 ) ) ;
#4271 = ORIENTED_EDGE ( 'NONE', *, *, #4605, .T. ) ;
#4272 = CARTESIAN_POINT ( 'NONE',  ( 1.997672270373497705, -0.7499999999999997780, -8.609132449040933110 ) ) ;
#4273 = CARTESIAN_POINT ( 'NONE',  ( 6.074832024661248830, -1.249999999999999778, 0.4948548703877919674 ) ) ;
#4274 = CARTESIAN_POINT ( 'NONE',  ( 6.080060371465970448, -1.119125838055411659, -0.5078686230832765158 ) ) ;
#4275 = CARTESIAN_POINT ( 'NONE',  ( 5.774854870387792438, -1.249999999999999778, 0.7948091789347090375 ) ) ;
#4276 = VERTEX_POINT ( 'NONE', #2861 ) ;
#4277 = ORIENTED_EDGE ( 'NONE', *, *, #4993, .T. ) ;
#4278 = LINE ( 'NONE', #8283, #4848 ) ;
#4279 = CARTESIAN_POINT ( 'NONE',  ( -1.650918591661077794, -1.152677805080579931, 9.925151415895296481 ) ) ;
#4280 = VERTEX_POINT ( 'NONE', #5518 ) ;
#4281 = CARTESIAN_POINT ( 'NONE',  ( 0.000000000000000000, -0.7499999999999997780, 0.000000000000000000 ) ) ;
#4282 = CARTESIAN_POINT ( 'NONE',  ( 2.571758278209441957E-16, -0.05000000000000056483, -2.100000000000000089 ) ) ;
#4283 = ORIENTED_EDGE ( 'NONE', *, *, #6933, .T. ) ;
#4284 = CARTESIAN_POINT ( 'NONE',  ( 10.00151536018401721, -0.8599649199366981023, 1.990103196638388861 ) ) ;
#4285 = CARTESIAN_POINT ( 'NONE',  ( 0.000000000000000000, -0.7499999999999997780, 0.000000000000000000 ) ) ;
#4286 = EDGE_CURVE ( 'NONE', #6122, #430, #5314, .T. ) ;
#4287 = CARTESIAN_POINT ( 'NONE',  ( -9.286119137480383756, -0.7499999999999997780, -1.605145129612210342 ) ) ;
#4288 = CARTESIAN_POINT ( 'NONE',  ( -0.4948900776559706505, -6.349999999999999645, 9.416551571812643573 ) ) ;
#4289 = ORIENTED_EDGE ( 'NONE', *, *, #4054, .F. ) ;
#4290 = CARTESIAN_POINT ( 'NONE',  ( -9.258927515424668186, -0.7500000000000093259, 2.107703023877970150 ) ) ;
#4291 = ORIENTED_EDGE ( 'NONE', *, *, #5128, .T. ) ;
#4292 = ORIENTED_EDGE ( 'NONE', *, *, #6677, .F. ) ;
#4293 = CARTESIAN_POINT ( 'NONE',  ( -9.678354296802027079, -0.7499999999999997780, 2.105145129612311372 ) ) ;
#4294 = AXIS2_PLACEMENT_3D ( 'NONE', #3969, #681, #6506 ) ;
#4295 = CARTESIAN_POINT ( 'NONE',  ( -4.670618722144268986, -1.249999999999999778, 4.826950147854593531 ) ) ;
#4296 = CARTESIAN_POINT ( 'NONE',  ( 0.6603946923337161712, -0.8579973580746783623, -5.940394692333717863 ) ) ;
#4297 = CARTESIAN_POINT ( 'NONE',  ( -1.696602814969631057, -9.596855346663799580, -15.92521819945708117 ) ) ;
#4298 = CARTESIAN_POINT ( 'NONE',  ( 6.074832024661248830, -1.249999999999999778, 0.4948548703877919674 ) ) ;
#4299 = ADVANCED_FACE ( 'NONE', ( #7491 ), #6844, .F. ) ;
#4300 = CARTESIAN_POINT ( 'NONE',  ( 9.246666417027537221, -0.9743063024704202713, 0.5718457277413824258 ) ) ;
#4301 = CARTESIAN_POINT ( 'NONE',  ( 1.727274015672306096, -0.7499999999999996669, 9.421832320581202680 ) ) ;
#4302 = AXIS2_PLACEMENT_3D ( 'NONE', #7801, #4481, #597 ) ;
#4303 = DIRECTION ( 'NONE',  ( 1.000000000000000000, 0.000000000000000000, -3.491481338843133355E-15 ) ) ;
#4304 = B_SPLINE_CURVE_WITH_KNOTS ( 'NONE', 3,
 ( #8405, #6251, #7036, #5791, #7683, #339 ),
 .UNSPECIFIED., .F., .F.,
 ( 4, 2, 4 ),
 ( -1.936050722712595341E-05, 0.0003751530359723480161, 0.0007696665791718220601 ),
 .UNSPECIFIED. ) ;
#4305 = CARTESIAN_POINT ( 'NONE',  ( 0.000000000000000000, -1.249999999999999778, 0.000000000000000000 ) ) ;
#4306 = AXIS2_PLACEMENT_3D ( 'NONE', #7224, #4644, #7829 ) ;
#4307 = CARTESIAN_POINT ( 'NONE',  ( -5.103761866399034730, -0.7499999999999997780, -5.103397455562753038 ) ) ;
#4308 = EDGE_CURVE ( 'NONE', #3779, #7724, #6270, .T. ) ;
#4309 = CARTESIAN_POINT ( 'NONE',  ( 5.728350389783542163, -6.349999999999999645, -2.846954930094016234 ) ) ;
#4310 = VECTOR ( 'NONE', #7133, 1000.000000000000000 ) ;
#4311 = CARTESIAN_POINT ( 'NONE',  ( -9.344284074950452990, -0.7499999999999997780, -1.605145129612209454 ) ) ;
#4312 = ORIENTED_EDGE ( 'NONE', *, *, #6198, .F. ) ;
#4313 = PLANE ( 'NONE',  #863 ) ;
#4314 = FACE_OUTER_BOUND ( 'NONE', #4108, .T. ) ;
#4315 = CARTESIAN_POINT ( 'NONE',  ( 5.757573124251191388, -6.350000000000002309, 2.623896044971846031 ) ) ;
#4316 = DIRECTION ( 'NONE',  ( 0.000000000000000000, 1.000000000000000000, 0.000000000000000000 ) ) ;
#4317 = VERTEX_POINT ( 'NONE', #1686 ) ;
#4318 = ADVANCED_FACE ( 'NONE', ( #6415 ), #1731, .T. ) ;
#4319 = CARTESIAN_POINT ( 'NONE',  ( -0.9614061070044194190, -0.7499999999999998890, 9.168307674432019994 ) ) ;
#4320 = PLANE ( 'NONE',  #8085 ) ;
#4321 = CARTESIAN_POINT ( 'NONE',  ( -9.935817880025499704, -1.177717385068819400, 1.651291189940079951 ) ) ;
#4322 = CARTESIAN_POINT ( 'NONE',  ( 2.226551138341094305, -6.350000000000000533, -9.057873628492645324 ) ) ;
#4323 = ORIENTED_EDGE ( 'NONE', *, *, #7166, .T. ) ;
#4324 = CARTESIAN_POINT ( 'NONE',  ( -3.340952568879776763, -1.249999999999999778, 5.613350853446099187 ) ) ;
#4325 = DIRECTION ( 'NONE',  ( 1.000000000000000000, 0.000000000000000000, -1.047444401652940007E-14 ) ) ;
#4326 = ORIENTED_EDGE ( 'NONE', *, *, #1592, .T. ) ;
#4327 = ORIENTED_EDGE ( 'NONE', *, *, #3198, .T. ) ;
#4328 = CARTESIAN_POINT ( 'NONE',  ( -0.4948549273435657314, -1.143549782630389311, 5.774854927343599620 ) ) ;
#4329 = CARTESIAN_POINT ( 'NONE',  ( 1.499999999999999334, -14.31969384566991010, -2.741464024932667609 ) ) ;
#4330 = CARTESIAN_POINT ( 'NONE',  ( -12.69999999999999929, -4.349999999999999645, 1.600000000000002531 ) ) ;
#4331 = CARTESIAN_POINT ( 'NONE',  ( -15.55634918610404682, -6.349999999999999645, -2.121320343559641941 ) ) ;
#4332 = CARTESIAN_POINT ( 'NONE',  ( -9.092018752388730363, -6.349999999999999645, 2.185427387616583950 ) ) ;
#4333 = CARTESIAN_POINT ( 'NONE',  ( 4.871469919085670064, -1.249999999999999778, -4.624965505482197869 ) ) ;
#4334 = ORIENTED_EDGE ( 'NONE', *, *, #5892, .F. ) ;
#4335 = EDGE_CURVE ( 'NONE', #8496, #5020, #6376, .T. ) ;
#4336 = EDGE_LOOP ( 'NONE', ( #74, #2106, #1309, #8305, #2340, #5913 ) ) ;
#4337 = CARTESIAN_POINT ( 'NONE',  ( -0.7948091789346485303, -6.349999999999999645, 5.774854870387801320 ) ) ;
#4338 = CARTESIAN_POINT ( 'NONE',  ( 3.397861557201226290, -1.249999999999999778, 5.598265167210606741 ) ) ;
#4339 = CARTESIAN_POINT ( 'NONE',  ( -4.593177316762946383, -0.7499999999999997780, 4.900310932085402804 ) ) ;
#4340 = CARTESIAN_POINT ( 'NONE',  ( 0.4948548703877708177, -1.184538517676303249, -6.074854871206068374 ) ) ;
#4341 = CARTESIAN_POINT ( 'NONE',  ( 2.253406097969767874, -1.249999999999999778, 9.039649584638606683 ) ) ;
#4342 = CARTESIAN_POINT ( 'NONE',  ( 3.499999999999982236, -16.35000000000002274, -14.17766952966371008 ) ) ;
#4343 = CARTESIAN_POINT ( 'NONE',  ( 9.416042996316859259, -0.9116540823656812398, 0.6109415328253325894 ) ) ;
#4344 = CARTESIAN_POINT ( 'NONE',  ( -9.940748498636020614, -1.249999999999999778, 2.105004284771788026 ) ) ;
#4345 = CARTESIAN_POINT ( 'NONE',  ( 9.281126975244994526, -6.349999999999999645, -2.106080121572934338 ) ) ;
#4346 = ADVANCED_FACE ( 'NONE', ( #2515 ), #545, .T. ) ;
#4347 = ORIENTED_EDGE ( 'NONE', *, *, #4308, .T. ) ;
#4348 = CIRCLE ( 'NONE', #8483, 3.125000000000000000 ) ;
#4349 = CARTESIAN_POINT ( 'NONE',  ( 0.9948548703877909682, -0.7499999999999997780, 6.274854870387789774 ) ) ;
#4350 = CARTESIAN_POINT ( 'NONE',  ( 3.405245572615326122, -1.249999999999999778, -5.595509903136267837 ) ) ;
#4351 = FACE_OUTER_BOUND ( 'NONE', #410, .T. ) ;
#4352 = CARTESIAN_POINT ( 'NONE',  ( 0.9948548703877572175, -0.7499999999999996669, -9.115647332695260729 ) ) ;
#4353 = CARTESIAN_POINT ( 'NONE',  ( -1.635134950214369276, -0.7499999999999997780, -9.077256069118861959 ) ) ;
#4354 = CARTESIAN_POINT ( 'NONE',  ( 5.765192910902180223, -6.349999999999997868, -2.534529060263066125 ) ) ;
#4355 = AXIS2_PLACEMENT_3D ( 'NONE', #3666, #8274, #3623 ) ;
#4356 = CARTESIAN_POINT ( 'NONE',  ( 9.933579480919938476, -1.200396464095382809, -1.651215506684566403 ) ) ;
#4357 = CARTESIAN_POINT ( 'NONE',  ( 2.121320343559645494, -16.35000000000000142, 15.55634918610404327 ) ) ;
#4358 = ORIENTED_EDGE ( 'NONE', *, *, #4514, .F. ) ;
#4359 = ADVANCED_FACE ( 'NONE', ( #7793 ), #7110, .T. ) ;
#4360 = CARTESIAN_POINT ( 'NONE',  ( 1.825605362750781779, -0.7499999999999997780, -8.740693967614429738 ) ) ;
#4361 = AXIS2_PLACEMENT_3D ( 'NONE', #286, #2906, #5558 ) ;
#4362 = CARTESIAN_POINT ( 'NONE',  ( -0.4948548703876918253, -6.349999999999999645, 9.271102943336714475 ) ) ;
#4363 = ORIENTED_EDGE ( 'NONE', *, *, #6850, .F. ) ;
#4364 = VERTEX_POINT ( 'NONE', #5643 ) ;
#4365 = CARTESIAN_POINT ( 'NONE',  ( 1.449747468305832898, -9.350000000000001421, -17.67766952966369587 ) ) ;
#4366 = DIRECTION ( 'NONE',  ( 1.047444401652940007E-14, -0.000000000000000000, 1.000000000000000000 ) ) ;
#4367 = B_SPLINE_CURVE_WITH_KNOTS ( 'NONE', 3,
 ( #5457, #5501, #6867, #3586, #2885, #862, #942, #7388 ),
 .UNSPECIFIED., .F., .F.,
 ( 4, 2, 2, 4 ),
 ( -4.587863080614013817E-06, 0.0004300549457600735272, 0.0006473763501804170699, 0.0008646977546007607752 ),
 .UNSPECIFIED. ) ;
#4368 = CARTESIAN_POINT ( 'NONE',  ( 1.500000000000000000, -16.35000000000000142, -2.741464024932667165 ) ) ;
#4369 = EDGE_LOOP ( 'NONE', ( #1835, #4411, #239 ) ) ;
#4370 = CARTESIAN_POINT ( 'NONE',  ( 2.329991424587217530, -6.349999999999999645, -9.008710553930981746 ) ) ;
#4371 = CARTESIAN_POINT ( 'NONE',  ( -3.084035675801236831, -1.249999999999999778, 5.682154065917205621 ) ) ;
#4372 = ADVANCED_FACE ( 'NONE', ( #8264 ), #7380, .F. ) ;
#4373 = LINE ( 'NONE', #4244, #8171 ) ;
#4374 = VERTEX_POINT ( 'NONE', #3389 ) ;
#4375 = CARTESIAN_POINT ( 'NONE',  ( 0.000000000000000000, -1.249999999999999778, 5.774854870387789774 ) ) ;
#4376 = ORIENTED_EDGE ( 'NONE', *, *, #247, .F. ) ;
#4377 =( GEOMETRIC_REPRESENTATION_CONTEXT ( 3 ) GLOBAL_UNCERTAINTY_ASSIGNED_CONTEXT ( ( #3177 ) ) GLOBAL_UNIT_ASSIGNED_CONTEXT ( ( #8110, #3492, #8148 ) ) REPRESENTATION_CONTEXT ( 'NONE', 'WORKASPACE' ) );
#4378 = CARTESIAN_POINT ( 'NONE',  ( 1.648963943095219431, -1.030008900595991372, 9.875745730234120501 ) ) ;
#4379 = CARTESIAN_POINT ( 'NONE',  ( 6.048839404345904308E-14, -6.349999999999999645, 5.774854870387789774 ) ) ;
#4380 = LINE ( 'NONE', #6366, #7251 ) ;
#4381 = CARTESIAN_POINT ( 'NONE',  ( -3.176823113478628446, -0.7499999999999997780, -5.664579311313253207 ) ) ;
#4382 = CARTESIAN_POINT ( 'NONE',  ( 5.195736631094189484, -6.349999999999999645, -4.206526835423900934 ) ) ;
#4383 = ORIENTED_EDGE ( 'NONE', *, *, #4081, .T. ) ;
#4384 = ORIENTED_EDGE ( 'NONE', *, *, #8098, .T. ) ;
#4385 = CARTESIAN_POINT ( 'NONE',  ( -3.560566047197925243, -0.7499999999999998890, -6.072021133824734740 ) ) ;
#4386 = CARTESIAN_POINT ( 'NONE',  ( -2.104147843289954967, -0.7499999999999997780, -9.318289500075394471 ) ) ;
#4387 = CARTESIAN_POINT ( 'NONE',  ( 1.734723475976804925E-15, -0.7499999999999997780, 12.69999999999999929 ) ) ;
#4388 = CARTESIAN_POINT ( 'NONE',  ( 2.212549695579459019, -0.7499999999999997780, 9.066909148835845755 ) ) ;
#4389 = CARTESIAN_POINT ( 'NONE',  ( -6.272766110050506327, -0.7500000000000000000, 2.411100201706802171 ) ) ;
#4390 = FACE_OUTER_BOUND ( 'NONE', #583, .T. ) ;
#4391 = CARTESIAN_POINT ( 'NONE',  ( 0.9226821440614619840, -0.7499999999999995559, -9.229312846153325367 ) ) ;
#4392 = CARTESIAN_POINT ( 'NONE',  ( 2.168404344971008868E-16, -12.84999999999999964, -9.741464024932666277 ) ) ;
#4393 = ORIENTED_EDGE ( 'NONE', *, *, #1440, .F. ) ;
#4394 = CARTESIAN_POINT ( 'NONE',  ( 0.7948320246612494699, -1.249999999999999778, 5.774854870387789774 ) ) ;
#4395 = CARTESIAN_POINT ( 'NONE',  ( -2.212108984184739668, -1.249999999999999778, 9.067256534480373276 ) ) ;
#4396 = DIRECTION ( 'NONE',  ( 0.000000000000000000, 0.000000000000000000, 1.000000000000000000 ) ) ;
#4397 = CARTESIAN_POINT ( 'NONE',  ( -3.507651352452040072, -6.349999999999999645, -5.554849294767932655 ) ) ;
#4398 = CARTESIAN_POINT ( 'NONE',  ( 5.761818502402305420, -6.350000000000000533, -2.577815806517882002 ) ) ;
#4399 = CARTESIAN_POINT ( 'NONE',  ( 10.00151536018420728, -0.8599649199366857788, -1.990103196638424610 ) ) ;
#4400 = CARTESIAN_POINT ( 'NONE',  ( -9.563317320624385331, -1.115158368669928013, 0.7271087643985651994 ) ) ;
#4401 = ORIENTED_EDGE ( 'NONE', *, *, #4242, .T. ) ;
#4402 = CARTESIAN_POINT ( 'NONE',  ( 1.888820919590093128, -0.7499999999999997780, -8.681969558859652381 ) ) ;
#4403 = CARTESIAN_POINT ( 'NONE',  ( 6.174131128684616776, -0.8131067495198546213, -0.7430455161298683553 ) ) ;
#4404 = CARTESIAN_POINT ( 'NONE',  ( -2.106590435858827881, -1.249999999999999778, 9.271312360185532953 ) ) ;
#4405 = VERTEX_POINT ( 'NONE', #1351 ) ;
#4406 = CARTESIAN_POINT ( 'NONE',  ( 4.163775357382872855, -1.249999999999999778, -5.223832818756071639 ) ) ;
#4407 = EDGE_CURVE ( 'NONE', #1534, #5682, #8256, .T. ) ;
#4408 = CARTESIAN_POINT ( 'NONE',  ( -5.529790801143862566, -0.7499999999999998890, -4.604064946664356839 ) ) ;
#4409 =( BOUNDED_SURFACE ( )  B_SPLINE_SURFACE ( 3, 1, ( 
 ( #7270, #2034 ),
 ( #4075, #2722 ),
 ( #6100, #229 ),
 ( #1344, #1382 ) ),
 .UNSPECIFIED., .F., .F., .T. ) 
 B_SPLINE_SURFACE_WITH_KNOTS ( ( 4, 4 ),
 ( 2, 2 ),
 ( 0.000000000000000000, 1.000000000000000000 ),
 ( 0.000000000000000000, 1.000000000000000000 ),
 .UNSPECIFIED. ) 
 GEOMETRIC_REPRESENTATION_ITEM ( )  RATIONAL_B_SPLINE_SURFACE ( (
 ( 1.000000000000000000, 1.000000000000000000),
 ( 0.8553052591889788170, 0.8553052591889788170),
 ( 0.8553052591889788170, 0.8553052591889788170),
 ( 1.000000000000000000, 1.000000000000000000) ) ) 
 REPRESENTATION_ITEM ( '' )  SURFACE ( )  );
#4410 = CARTESIAN_POINT ( 'NONE',  ( -1.500000000000000000, -16.35000000000000142, -2.741464024932667165 ) ) ;
#4411 = ORIENTED_EDGE ( 'NONE', *, *, #2810, .T. ) ;
#4412 = FACE_OUTER_BOUND ( 'NONE', #6601, .T. ) ;
#4413 = LINE ( 'NONE', #2326, #5853 ) ;
#4414 = CARTESIAN_POINT ( 'NONE',  ( 0.4948548703877977406, -1.249999999999999778, -2.197778285610652791E-15 ) ) ;
#4415 = EDGE_LOOP ( 'NONE', ( #1826, #4232, #1626, #1495 ) ) ;
#4416 = EDGE_LOOP ( 'NONE', ( #6541, #2273, #4897, #1226 ) ) ;
#4417 = CARTESIAN_POINT ( 'NONE',  ( 12.69999999999999929, -4.849999999999996092, -1.734723475976804925E-15 ) ) ;
#4418 = CARTESIAN_POINT ( 'NONE',  ( -0.4948900776558433079, -1.249999999999999778, -9.416551571812661336 ) ) ;
#4419 = EDGE_CURVE ( 'NONE', #6997, #5971, #7983, .T. ) ;
#4420 = CARTESIAN_POINT ( 'NONE',  ( 9.115647332695413496, -0.7499999999999997780, -0.9948548703878227206 ) ) ;
#4421 = CARTESIAN_POINT ( 'NONE',  ( -3.830157644083111990, -1.249999999999999778, -5.419333494353775649 ) ) ;
#4422 = CARTESIAN_POINT ( 'NONE',  ( -9.231414770030177408, -1.249999999999999778, 2.112333697984238423 ) ) ;
#4423 = ORIENTED_EDGE ( 'NONE', *, *, #5429, .F. ) ;
#4424 = DIRECTION ( 'NONE',  ( -0.000000000000000000, -1.000000000000000000, -0.000000000000000000 ) ) ;
#4425 = CARTESIAN_POINT ( 'NONE',  ( -2.724202519634453257, -1.249999999999999778, 5.747822299876725438 ) ) ;
#4426 = CARTESIAN_POINT ( 'NONE',  ( 2.112333702603445218, -0.7500000000000093259, 9.231414770807756298 ) ) ;
#4427 = CARTESIAN_POINT ( 'NONE',  ( -6.074854870387783379, -0.9571067811865472397, 0.4948548703878545285 ) ) ;
#4428 = EDGE_CURVE ( 'NONE', #1012, #3120, #7713, .T. ) ;
#4429 = CARTESIAN_POINT ( 'NONE',  ( 2.123360502070205325, -6.350000000000000533, 9.195769333336567541 ) ) ;
#4430 = CARTESIAN_POINT ( 'NONE',  ( -5.195736631094160174, -1.249999999999999778, 4.206526835423937349 ) ) ;
#4431 = CARTESIAN_POINT ( 'NONE',  ( 9.014752042418711753, -6.350000000000000533, -2.310803979197463942 ) ) ;
#4432 = B_SPLINE_CURVE_WITH_KNOTS ( 'NONE', 3,
 ( #4824, #6893, #8062, #966, #887, #2867, #1448, #7455, #2143, #4223 ),
 .UNSPECIFIED., .F., .F.,
 ( 4, 2, 2, 2, 4 ),
 ( 6.630742227618008203E-16, 9.841249373456117586E-05, 0.0001968249874684592808, 0.0002952374812023574263, 0.0003936499749362555177 ),
 .UNSPECIFIED. ) ;
#4433 = AXIS2_PLACEMENT_3D ( 'NONE', #4285, #4774, #7407 ) ;
#4434 = ORIENTED_EDGE ( 'NONE', *, *, #3744, .T. ) ;
#4435 = CARTESIAN_POINT ( 'NONE',  ( -2.105004284771574419, -6.349999999999998757, 9.940748498636065023 ) ) ;
#4436 = CARTESIAN_POINT ( 'NONE',  ( -5.772895470921170613, -1.249999999999999778, -2.390754402008260282 ) ) ;
#4437 = CARTESIAN_POINT ( 'NONE',  ( -3.788629298572648185, -6.349999999999999645, -5.434941148158478619 ) ) ;
#4438 = AXIS2_PLACEMENT_3D ( 'NONE', #2146, #4788, #5445 ) ;
#4439 = CARTESIAN_POINT ( 'NONE',  ( -9.271102943336709146, -1.249999999999999778, -0.4948548703879404043 ) ) ;
#4440 = CARTESIAN_POINT ( 'NONE',  ( 9.834301019142701605, -0.7884503103994815465, -1.895897864506603359 ) ) ;
#4441 = CARTESIAN_POINT ( 'NONE',  ( 12.69999999999999929, -4.349999999999999645, -1.734723475976804925E-15 ) ) ;
#4442 = ORIENTED_EDGE ( 'NONE', *, *, #2927, .F. ) ;
#4443 = CARTESIAN_POINT ( 'NONE',  ( -1.449747468305833564, -9.350000000000001421, -9.741464024932666277 ) ) ;
#4444 = AXIS2_PLACEMENT_3D ( 'NONE', #4470, #626, #7148 ) ;
#4445 = CARTESIAN_POINT ( 'NONE',  ( -9.115647332695406391, -0.7499999999999997780, 0.9948548703878864474 ) ) ;
#4446 = DIRECTION ( 'NONE',  ( 0.000000000000000000, 0.000000000000000000, 1.000000000000000000 ) ) ;
#4447 = CARTESIAN_POINT ( 'NONE',  ( 3.084035675801276355, -1.249999999999999778, -5.682154065917184305 ) ) ;
#4448 = CARTESIAN_POINT ( 'NONE',  ( -6.268306263517426480, -0.7499999999999996669, -2.542933621702867519 ) ) ;
#4449 = VECTOR ( 'NONE', #39, 1000.000000000000000 ) ;
#4450 = LINE ( 'NONE', #3070, #1128 ) ;
#4451 = CARTESIAN_POINT ( 'NONE',  ( 1.734723475976804925E-15, -4.349999999999999645, -14.30000000000000426 ) ) ;
#4452 = CARTESIAN_POINT ( 'NONE',  ( 2.676406560089605424, -6.350000000000000533, 5.752264205471494307 ) ) ;
#4453 = ORIENTED_EDGE ( 'NONE', *, *, #8514, .T. ) ;
#4454 = VECTOR ( 'NONE', #7223, 1000.000000000000000 ) ;
#4455 = ORIENTED_EDGE ( 'NONE', *, *, #1802, .T. ) ;
#4456 = CARTESIAN_POINT ( 'NONE',  ( -0.6875813818447320536, -0.8501667073564477262, 6.151945474970597516 ) ) ;
#4457 =( BOUNDED_SURFACE ( )  B_SPLINE_SURFACE ( 3, 2, ( 
 ( #2845, #4116, #6740 ),
 ( #3463, #4926, #1623 ),
 ( #226, #4800, #6783 ),
 ( #4279, #2886, #4760 ),
 ( #4197, #3506, #8079 ),
 ( #3634, #5502, #6824 ),
 ( #6140, #8121, #7432 ),
 ( #1504, #6262, #4840 ),
 ( #7475, #266, #1548 ),
 ( #823, #6097, #903 ),
 ( #3546, #6181, #2923 ),
 ( #5576, #8201, #5540 ),
 ( #190, #2797, #2283 ),
 ( #8160, #2239, #349 ),
 ( #3587, #7516, #4884 ),
 ( #1586, #4240, #8037 ) ),
 .UNSPECIFIED., .F., .F., .T. ) 
 B_SPLINE_SURFACE_WITH_KNOTS ( ( 4, 2, 2, 2, 2, 2, 2, 4 ),
 ( 3, 3 ),
 ( 0.000000000000000000, 2.969996288214881867E-05, 5.939992576429763734E-05, 8.909988864644644924E-05, 0.0001187998515285952747, 0.0001781997772928928985, 0.0002375997030571905494, 0.0004751994061143810988 ),
 ( 0.000000000000000000, 1.000000000000000000 ),
 .UNSPECIFIED. ) 
 GEOMETRIC_REPRESENTATION_ITEM ( )  RATIONAL_B_SPLINE_SURFACE ( (
 ( 1.000000000000000000, 0.4935349706079194543, 1.000000000000000000),
 ( 1.000000000000000000, 0.4935127649134213867, 1.000000000000000000),
 ( 1.000000000000000000, 0.4995784984368021320, 1.000000000000000000),
 ( 1.000000000000000000, 0.5209348963630024976, 1.000000000000000000),
 ( 1.000000000000000000, 0.5360584284417565515, 1.000000000000000000),
 ( 1.000000000000000000, 0.5697732427675431532, 1.000000000000000000),
 ( 1.000000000000000000, 0.5887012726534925910, 1.000000000000000000),
 ( 1.000000000000000000, 0.6267654606522000682, 1.000000000000000000),
 ( 1.000000000000000000, 0.6459147758215192381, 1.000000000000000000),
 ( 1.000000000000000000, 0.7020873980202063658, 1.000000000000000000),
 ( 1.000000000000000000, 0.7379412193435408440, 1.000000000000000000),
 ( 1.000000000000000000, 0.8015170218986049644, 1.000000000000000000),
 ( 1.000000000000000000, 0.8297315967171199347, 1.000000000000000000),
 ( 1.000000000000000000, 0.9541561539496834499, 1.000000000000000000),
 ( 1.000000000000000000, 0.9996330041166364699, 1.000000000000000000),
 ( 1.000000000000000000, 1.000000000000000000, 1.000000000000000000) ) ) 
 REPRESENTATION_ITEM ( '' )  SURFACE ( )  );
#4458 = DIRECTION ( 'NONE',  ( 0.000000000000000000, 0.000000000000000000, -1.000000000000000000 ) ) ;
#4459 = CARTESIAN_POINT ( 'NONE',  ( -0.4948900776558433079, -6.349999999999999645, -9.416551571812661336 ) ) ;
#4460 = CARTESIAN_POINT ( 'NONE',  ( 1.734723475976804925E-15, -1.249999999999999778, 12.69999999999999929 ) ) ;
#4461 = CARTESIAN_POINT ( 'NONE',  ( -9.244344518389882026, -1.249999999999999778, 2.107992638090616655 ) ) ;
#4462 = CARTESIAN_POINT ( 'NONE',  ( -9.170254958181526916, -1.249999999999999778, 2.132339853993516332 ) ) ;
#4463 = ORIENTED_EDGE ( 'NONE', *, *, #7742, .F. ) ;
#4464 = ORIENTED_EDGE ( 'NONE', *, *, #6465, .T. ) ;
#4465 = EDGE_CURVE ( 'NONE', #2038, #4490, #4727, .T. ) ;
#4466 = CARTESIAN_POINT ( 'NONE',  ( -2.315066160976631426, -0.9888132917187273385, 8.956637671642807774 ) ) ;
#4467 = CARTESIAN_POINT ( 'NONE',  ( 1.605145129612327137, -0.7499999999999997780, -2.579530876151998675E-14 ) ) ;
#4468 = CARTESIAN_POINT ( 'NONE',  ( -3.825679759194859475, -1.249999999999999778, 5.421361699928629818 ) ) ;
#4469 = CARTESIAN_POINT ( 'NONE',  ( 1.678421735671946635, -0.7499999999999997780, 8.953648017086045741 ) ) ;
#4470 = CARTESIAN_POINT ( 'NONE',  ( 0.000000000000000000, -1.249999999999999778, 0.000000000000000000 ) ) ;
#4471 = CARTESIAN_POINT ( 'NONE',  ( 9.410623007495017234, -0.7499999999999996669, 1.709619794543076443 ) ) ;
#4472 = CARTESIAN_POINT ( 'NONE',  ( 9.271084787564097596, -1.249999999999999778, -0.4948548703878234423 ) ) ;
#4473 = CARTESIAN_POINT ( 'NONE',  ( 9.054086811349186803, -1.249999999999999778, -2.229098567962111144 ) ) ;
#4474 = ORIENTED_EDGE ( 'NONE', *, *, #290, .F. ) ;
#4475 = EDGE_LOOP ( 'NONE', ( #6352, #399 ) ) ;
#4476 = ADVANCED_FACE ( 'NONE', ( #4602 ), #1995, .T. ) ;
#4477 = PLANE ( 'NONE',  #8433 ) ;
#4478 = CARTESIAN_POINT ( 'NONE',  ( -6.100097556305090762, -0.9981907295795005020, -0.5579615851810402205 ) ) ;
#4479 = CONICAL_SURFACE ( 'NONE', #2536, 1.600000000000004086, 0.7853981633974479459 ) ;
#4480 = DIRECTION ( 'NONE',  ( -0.000000000000000000, -1.000000000000000000, -0.000000000000000000 ) ) ;
#4481 = DIRECTION ( 'NONE',  ( -4.441258270103199007E-15, 0.000000000000000000, -1.000000000000000000 ) ) ;
#4482 = CARTESIAN_POINT ( 'NONE',  ( -4.491787385390076714, -1.249999999999999334, -4.985444198140598360 ) ) ;
#4483 = CARTESIAN_POINT ( 'NONE',  ( 9.205690971483454277, -0.7499999999999997780, 1.609686061306082161 ) ) ;
#4484 = FACE_OUTER_BOUND ( 'NONE', #4916, .T. ) ;
#4485 = VECTOR ( 'NONE', #5275, 1000.000000000000000 ) ;
#4486 = DIRECTION ( 'NONE',  ( 1.000000000000000000, 0.000000000000000000, 0.000000000000000000 ) ) ;
#4487 = ORIENTED_EDGE ( 'NONE', *, *, #7396, .T. ) ;
#4488 = CARTESIAN_POINT ( 'NONE',  ( -6.269379866851940264, -0.7499999999999997780, -2.527277109731124849 ) ) ;
#4489 = CARTESIAN_POINT ( 'NONE',  ( -9.416042996317010250, -0.9116540823656825721, 0.6109415328254348410 ) ) ;
#4490 = VERTEX_POINT ( 'NONE', #35 ) ;
#4491 = AXIS2_PLACEMENT_3D ( 'NONE', #2494, #5141, #7772 ) ;
#4492 = CARTESIAN_POINT ( 'NONE',  ( -9.067980231071127051, -6.349999999999998757, -2.213672373745937172 ) ) ;
#4493 = CARTESIAN_POINT ( 'NONE',  ( 9.018667615732198328, -1.249999999999999778, 2.298368327099056252 ) ) ;
#4494 = CARTESIAN_POINT ( 'NONE',  ( -5.048101523524315404, -1.249999999999999556, 4.413611479037312435 ) ) ;
#4495 = ORIENTED_EDGE ( 'NONE', *, *, #6934, .T. ) ;
#4496 = ADVANCED_FACE ( 'NONE', ( #8481 ), #2645, .T. ) ;
#4497 = CARTESIAN_POINT ( 'NONE',  ( 1.607386064952719407, -0.7499999999999993339, 9.243020368494818229 ) ) ;
#4498 = CARTESIAN_POINT ( 'NONE',  ( -9.563309819739380657, -1.249999999999999778, 0.7270764054876249771 ) ) ;
#4499 = VECTOR ( 'NONE', #5909, 1000.000000000000000 ) ;
#4500 = ORIENTED_EDGE ( 'NONE', *, *, #4286, .F. ) ;
#4501 = ORIENTED_EDGE ( 'NONE', *, *, #2457, .T. ) ;
#4502 = CARTESIAN_POINT ( 'NONE',  ( -0.5950215777441741904, -0.9427265114570064775, 6.114921553330374238 ) ) ;
#4503 = CARTESIAN_POINT ( 'NONE',  ( 2.100000000000000977, -12.98988305327440962, -2.314222331583552617 ) ) ;
#4504 = CARTESIAN_POINT ( 'NONE',  ( -2.085616733134771028, -12.56791866358114618, -2.327484835812419384 ) ) ;
#4505 = VECTOR ( 'NONE', #5397, 1000.000000000000000 ) ;
#4506 = EDGE_CURVE ( 'NONE', #329, #5718, #7187, .T. ) ;
#4507 = CARTESIAN_POINT ( 'NONE',  ( 0.4949083761043241436, -1.250000000000000000, -5.899142436556306102 ) ) ;
#4508 = CARTESIAN_POINT ( 'NONE',  ( -8.609132449040311386, -0.7499999999999997780, -1.997672270374400982 ) ) ;
#4509 = VERTEX_POINT ( 'NONE', #6876 ) ;
#4510 = DIRECTION ( 'NONE',  ( 0.000000000000000000, -0.000000000000000000, -1.000000000000000000 ) ) ;
#4511 = CARTESIAN_POINT ( 'NONE',  ( 4.719110897281589168, -0.7499999999999997780, 5.444241131417114410 ) ) ;
#4512 = CARTESIAN_POINT ( 'NONE',  ( 2.266621156504590395, -0.7499999999999997780, 9.032434125496148880 ) ) ;
#4513 = DIRECTION ( 'NONE',  ( -0.000000000000000000, -0.000000000000000000, 1.000000000000000000 ) ) ;
#4514 = EDGE_CURVE ( 'NONE', #2875, #712, #5248, .T. ) ;
#4515 = CARTESIAN_POINT ( 'NONE',  ( -6.100097556305073887, -0.9981907295795000579, 0.5579615851811032812 ) ) ;
#4516 = EDGE_CURVE ( 'NONE', #3757, #4245, #1006, .T. ) ;
#4517 = CARTESIAN_POINT ( 'NONE',  ( -12.69999999999999929, -4.349999999999999645, -2.100000000000001421 ) ) ;
#4518 = ORIENTED_EDGE ( 'NONE', *, *, #958, .T. ) ;
#4519 = ORIENTED_EDGE ( 'NONE', *, *, #3102, .T. ) ;
#4520 = CARTESIAN_POINT ( 'NONE',  ( -0.7270764054875240578, -6.349999999999999645, -9.563309819739389539 ) ) ;
#4521 = FACE_OUTER_BOUND ( 'NONE', #981, .T. ) ;
#4522 = CARTESIAN_POINT ( 'NONE',  ( -1.825605362753747407, -0.7499999999999997780, 8.740693967610699389 ) ) ;
#4523 = LINE ( 'NONE', #3227, #6774 ) ;
#4524 = PLANE ( 'NONE',  #3962 ) ;
#4525 = CARTESIAN_POINT ( 'NONE',  ( -2.149601316613177993, -6.349999999999999645, 9.138289497907956971 ) ) ;
#4526 = EDGE_CURVE ( 'NONE', #5696, #8172, #7485, .T. ) ;
#4527 = CARTESIAN_POINT ( 'NONE',  ( 9.344284074950618191, -0.7499999999999996669, -1.605145129612242538 ) ) ;
#4528 = ORIENTED_EDGE ( 'NONE', *, *, #4933, .F. ) ;
#4529 = CARTESIAN_POINT ( 'NONE',  ( -2.919565822583909398, -0.7499999999999997780, -6.224860007993861188 ) ) ;
#4530 = ORIENTED_EDGE ( 'NONE', *, *, #8209, .T. ) ;
#4531 = CARTESIAN_POINT ( 'NONE',  ( -4.731569842957580541, -1.249999999999999778, -4.768980253502644651 ) ) ;
#4532 = CYLINDRICAL_SURFACE ( 'NONE', #3473, 3.000000000000000000 ) ;
#4533 = CARTESIAN_POINT ( 'NONE',  ( -10.20694509942402917, -1.249999999999999778, -2.105145129612199018 ) ) ;
#4534 = CARTESIAN_POINT ( 'NONE',  ( -2.106590435890727253, -0.7499999999999997780, 9.271312359572387862 ) ) ;
#4535 = CARTESIAN_POINT ( 'NONE',  ( -2.266621160523622169, -1.249999999999999778, -9.032434134536041270 ) ) ;
#4536 = CARTESIAN_POINT ( 'NONE',  ( 4.749987219571101704, -1.249999999999999778, 4.749987219571101704 ) ) ;
#4537 = CARTESIAN_POINT ( 'NONE',  ( -5.116479423851534314, -6.349999999999999645, -4.321772194142264212 ) ) ;
#4538 = DIRECTION ( 'NONE',  ( 0.000000000000000000, 0.000000000000000000, 1.000000000000000000 ) ) ;
#4539 = CARTESIAN_POINT ( 'NONE',  ( -9.563313570181753320, -1.249999999999999778, -0.7270925849430750487 ) ) ;
#4540 = EDGE_LOOP ( 'NONE', ( #1059, #163, #4376, #7145, #1402, #7882 ) ) ;
#4541 = CARTESIAN_POINT ( 'NONE',  ( 1.651291066095354143, -1.224858571544304331, -9.935817806041988831 ) ) ;
#4542 =( BOUNDED_SURFACE ( )  B_SPLINE_SURFACE ( 3, 2, ( 
 ( #5672, #4975, #1674 ),
 ( #4815, #4328, #403 ),
 ( #6959, #6320, #1081 ),
 ( #6404, #3204, #5150 ),
 ( #3247, #3852, #4502 ),
 ( #7264, #1893, #4456 ),
 ( #6445, #23, #2461 ),
 ( #1295, #7823, #7781 ),
 ( #3944, #576, #1936 ),
 ( #1340, #2592, #4546 ) ),
 .UNSPECIFIED., .F., .F., .F. ) 
 B_SPLINE_SURFACE_WITH_KNOTS ( ( 4, 2, 2, 2, 4 ),
 ( 3, 3 ),
 ( 6.283185307179586232, 6.675884388878310816, 7.068583470577034511, 7.461282552275758206, 7.853981633974482790 ),
 ( 0.000000000000000000, 1.000000000000000000 ),
 .UNSPECIFIED. ) 
 GEOMETRIC_REPRESENTATION_ITEM ( )  RATIONAL_B_SPLINE_SURFACE ( (
 ( 1.000000000000000000, 0.7071067811865492381, 1.000000000000000000),
 ( 1.000000000000000000, 0.7066753101504335000, 1.000000000000000000),
 ( 1.000000000000000000, 0.7265523339799899727, 1.000000000000000000),
 ( 1.000000000000000000, 0.7876779057172126342, 1.000000000000000000),
 ( 1.000000000000000000, 0.8282383019017669490, 1.000000000000000000),
 ( 1.000000000000000000, 0.9038125056671100221, 1.000000000000000000),
 ( 1.000000000000000000, 0.9386557992894049018, 1.000000000000000000),
 ( 1.000000000000000000, 0.9867290404729076592, 1.000000000000000000),
 ( 1.000000000000000000, 1.000158692512678638, 1.000000000000000000),
 ( 1.000000000000000000, 1.000000000000000000, 1.000000000000000000) ) ) 
 REPRESENTATION_ITEM ( '' )  SURFACE ( )  );
#4543 = CARTESIAN_POINT ( 'NONE',  ( -9.416551571812656007, -1.249999999999999778, 0.4948900776559423398 ) ) ;
#4544 = ORIENTED_EDGE ( 'NONE', *, *, #5654, .T. ) ;
#4545 = ORIENTED_EDGE ( 'NONE', *, *, #7317, .F. ) ;
#4546 = CARTESIAN_POINT ( 'NONE',  ( -0.9948548703877274635, -0.7499999999999996669, 6.274854870387799544 ) ) ;
#4547 = CARTESIAN_POINT ( 'NONE',  ( 9.678273776525896821, -1.177244903634258488, 2.105145129612204347 ) ) ;
#4548 = CARTESIAN_POINT ( 'NONE',  ( -9.259019847072956111, -0.7806987747700490088, -0.8089016042668204509 ) ) ;
#4549 = CARTESIAN_POINT ( 'NONE',  ( -9.299109199783138990, -1.249999999999999778, -2.105145129612210120 ) ) ;
#4550 = CARTESIAN_POINT ( 'NONE',  ( -2.105143927105241008, -1.177689514655745340, -10.20694294810248159 ) ) ;
#4551 = CARTESIAN_POINT ( 'NONE',  ( -9.217154406521077092, -1.249999999999999778, -2.115939484113642521 ) ) ;
#4552 = LINE ( 'NONE', #542, #4044 ) ;
#4553 = EDGE_CURVE ( 'NONE', #6527, #8451, #4122, .T. ) ;
#4554 = DIRECTION ( 'NONE',  ( 0.000000000000000000, -0.000000000000000000, 1.000000000000000000 ) ) ;
#4555 = CARTESIAN_POINT ( 'NONE',  ( -2.105145129612326915, -6.349999999999999645, 4.853065379533336231E-14 ) ) ;
#4556 = CARTESIAN_POINT ( 'NONE',  ( -5.940394692333709870, -0.8579973580746668160, 0.6603946923337792319 ) ) ;
#4557 = FACE_OUTER_BOUND ( 'NONE', #2424, .T. ) ;
#4558 = ORIENTED_EDGE ( 'NONE', *, *, #4933, .T. ) ;
#4559 = ORIENTED_EDGE ( 'NONE', *, *, #3720, .F. ) ;
#4560 = CARTESIAN_POINT ( 'NONE',  ( 5.773023997030088061, -1.249999999999999778, -2.390870653623468289 ) ) ;
#4561 = EDGE_CURVE ( 'NONE', #2288, #8059, #211, .T. ) ;
#4562 = CARTESIAN_POINT ( 'NONE',  ( 2.185427387616488470, -6.349999999999999645, 9.092018752388751679 ) ) ;
#4563 = EDGE_LOOP ( 'NONE', ( #7175, #2206, #689, #7320 ) ) ;
#4564 = CARTESIAN_POINT ( 'NONE',  ( -9.259638777902432949, -6.350000000000001421, 2.107197407797607447 ) ) ;
#4565 = CARTESIAN_POINT ( 'NONE',  ( 9.299109199783138990, -6.349999999999999645, 2.105145129612210120 ) ) ;
#4566 = CARTESIAN_POINT ( 'NONE',  ( -9.271102943336662960, -0.7499999999999997780, 0.4948548703878881683 ) ) ;
#4567 = CARTESIAN_POINT ( 'NONE',  ( -2.312816342313012807, -6.349999999999999645, 9.014118416197133499 ) ) ;
#4568 = CARTESIAN_POINT ( 'NONE',  ( -9.935817880025501481, -1.249999999999999778, 1.651291189940079729 ) ) ;
#4569 = ORIENTED_EDGE ( 'NONE', *, *, #7124, .T. ) ;
#4570 = CARTESIAN_POINT ( 'NONE',  ( 2.105145129612210120, -0.7499999999999997780, 0.000000000000000000 ) ) ;
#4571 = ORIENTED_EDGE ( 'NONE', *, *, #2869, .T. ) ;
#4572 = DIRECTION ( 'NONE',  ( 0.000000000000000000, 1.000000000000000000, 0.000000000000000000 ) ) ;
#4573 = PLANE ( 'NONE',  #3892 ) ;
#4574 = EDGE_CURVE ( 'NONE', #8507, #5327, #2854, .T. ) ;
#4575 = FACE_OUTER_BOUND ( 'NONE', #6981, .T. ) ;
#4576 = AXIS2_PLACEMENT_3D ( 'NONE', #1571, #6005, #96 ) ;
#4577 = CARTESIAN_POINT ( 'NONE',  ( -2.107681525177038218, -1.249999999999999778, 9.259161126261439279 ) ) ;
#4578 = ORIENTED_EDGE ( 'NONE', *, *, #6052, .F. ) ;
#4579 = CARTESIAN_POINT ( 'NONE',  ( 9.416551571812659560, -6.349999999999997868, -0.4948900776558766146 ) ) ;
#4580 = CARTESIAN_POINT ( 'NONE',  ( -2.019097449534359545E-14, -1.249999999999999778, -1.605145129612327137 ) ) ;
#4581 = FACE_BOUND ( 'NONE', #7170, .T. ) ;
#4582 = FACE_OUTER_BOUND ( 'NONE', #603, .T. ) ;
#4583 = ORIENTED_EDGE ( 'NONE', *, *, #3047, .F. ) ;
#4584 = FACE_OUTER_BOUND ( 'NONE', #7003, .T. ) ;
#4585 = AXIS2_PLACEMENT_3D ( 'NONE', #3823, #591, #8482 ) ;
#4586 = CARTESIAN_POINT ( 'NONE',  ( 1.642672477270866960, -0.8894853879692746768, -9.755253593398000689 ) ) ;
#4587 = CARTESIAN_POINT ( 'NONE',  ( 9.170376603022731388, -1.249999999999999778, -2.132250856315051291 ) ) ;
#4588 = EDGE_CURVE ( 'NONE', #3032, #5994, #8337, .T. ) ;
#4589 = ORIENTED_EDGE ( 'NONE', *, *, #6933, .F. ) ;
#4590 = FACE_OUTER_BOUND ( 'NONE', #6461, .T. ) ;
#4591 = CARTESIAN_POINT ( 'NONE',  ( -0.7270764054875242799, -0.7499999999999997780, -9.563309819739389539 ) ) ;
#4592 = VECTOR ( 'NONE', #3591, 1000.000000000000000 ) ;
#4593 = CARTESIAN_POINT ( 'NONE',  ( -1.832026341415066817, -11.78817225266204005, -2.535190168327930316 ) ) ;
#4594 = CIRCLE ( 'NONE', #7893, 2.100000000000000977 ) ;
#4595 = LINE ( 'NONE', #3208, #5891 ) ;
#4596 = CARTESIAN_POINT ( 'NONE',  ( -2.017591391994197458, -0.9649331678688162217, -9.617147878727395849 ) ) ;
#4597 = CARTESIAN_POINT ( 'NONE',  ( -9.017119767137304009, -1.249999999999999778, -2.303284211723501063 ) ) ;
#4598 = ORIENTED_EDGE ( 'NONE', *, *, #4706, .F. ) ;
#4599 = VECTOR ( 'NONE', #5570, 1000.000000000000000 ) ;
#4600 = LINE ( 'NONE', #3171, #5978 ) ;
#4601 = CARTESIAN_POINT ( 'NONE',  ( -2.144157438244215896, -6.349999999999996980, -9.149577171533003650 ) ) ;
#4602 = FACE_OUTER_BOUND ( 'NONE', #2500, .T. ) ;
#4603 = CARTESIAN_POINT ( 'NONE',  ( -6.157697582862401653, -0.7499999999999996669, 0.7019616515744030449 ) ) ;
#4604 = CARTESIAN_POINT ( 'NONE',  ( 1.605145129612209898, -0.7499999999999997780, 9.286119137429906800 ) ) ;
#4605 = EDGE_CURVE ( 'NONE', #6329, #302, #1199, .T. ) ;
#4606 = CARTESIAN_POINT ( 'NONE',  ( -0.4948548703877910238, -0.7499999999999997780, -6.074809178934709841 ) ) ;
#4607 = EDGE_LOOP ( 'NONE', ( #4171, #2280, #6545, #4277 ) ) ;
#4608 = CARTESIAN_POINT ( 'NONE',  ( 4.909847950338821931, -1.250000000000000000, -4.582112181391059025 ) ) ;
#4609 = CARTESIAN_POINT ( 'NONE',  ( 2.105145129612209232, -1.249999999999999778, 9.299109199783835322 ) ) ;
#4610 = ORIENTED_EDGE ( 'NONE', *, *, #3959, .T. ) ;
#4611 = LINE ( 'NONE', #7195, #2629 ) ;
#4612 = DIRECTION ( 'NONE',  ( -0.000000000000000000, 1.000000000000000000, 0.000000000000000000 ) ) ;
#4613 = DIRECTION ( 'NONE',  ( -0.7071067811865476838, 0.7071067811865474617, 0.000000000000000000 ) ) ;
#4614 = CARTESIAN_POINT ( 'NONE',  ( -2.105145129612210120, -1.177244336753326071, -9.678273776526076233 ) ) ;
#4615 = CARTESIAN_POINT ( 'NONE',  ( 9.318246261006285280, -1.249999999999999778, 2.104150091524124910 ) ) ;
#4616 = EDGE_CURVE ( 'NONE', #7982, #5604, #915, .T. ) ;
#4617 = CARTESIAN_POINT ( 'NONE',  ( -9.755253593398167666, -0.8894853879692932175, 1.642672477270996856 ) ) ;
#4618 = ORIENTED_EDGE ( 'NONE', *, *, #8185, .F. ) ;
#4619 = ORIENTED_EDGE ( 'NONE', *, *, #3777, .F. ) ;
#4620 = CARTESIAN_POINT ( 'NONE',  ( -5.598188729282035148, -0.7499999999998984146, -3.398060893281710459 ) ) ;
#4621 = TOROIDAL_SURFACE ( 'NONE', #2405, 3.719854870387946377, 0.5000000000000000000 ) ;
#4622 = CARTESIAN_POINT ( 'NONE',  ( -0.4949083761043407970, -6.349999999999999645, -5.899142436556307878 ) ) ;
#4623 = CARTESIAN_POINT ( 'NONE',  ( -9.186468074454483101, -0.7557942769546464046, 0.9022314755061701108 ) ) ;
#4624 = CARTESIAN_POINT ( 'NONE',  ( -9.102212355749912831, -6.349999999999998757, -2.178223217047572380 ) ) ;
#4625 = CARTESIAN_POINT ( 'NONE',  ( 2.275387937340399791, -1.249999999999999778, -5.774854870387797767 ) ) ;
#4626 = AXIS2_PLACEMENT_3D ( 'NONE', #1641, #6926, #1005 ) ;
#4627 = CARTESIAN_POINT ( 'NONE',  ( -1.866569705650914068, -0.8042818445697549334, -9.292910980517078201 ) ) ;
#4628 = VERTEX_POINT ( 'NONE', #7398 ) ;
#4629 = ADVANCED_FACE ( 'NONE', ( #405 ), #360, .F. ) ;
#4630 = CARTESIAN_POINT ( 'NONE',  ( 1.827703956701528742, -0.7690834892383960897, -9.714807231516866537 ) ) ;
#4631 = CARTESIAN_POINT ( 'NONE',  ( 9.030248827453004168, -1.249999999999999778, -2.267556941244692759 ) ) ;
#4632 = VECTOR ( 'NONE', #6256, 1000.000000000000000 ) ;
#4633 = CARTESIAN_POINT ( 'NONE',  ( -4.666829039029695814, -1.249999999999999778, 4.830624969971932359 ) ) ;
#4634 = B_SPLINE_CURVE_WITH_KNOTS ( 'NONE', 3,
 ( #8252, #3774, #494, #5768, #8384, #2332, #2463, #5812, #8423, #2505, #5152, #1630, #4977, #4287 ),
 .UNSPECIFIED., .F., .F.,
 ( 4, 2, 2, 2, 2, 2, 4 ),
 ( 0.000000000000000000, 0.0001294665291705572369, 0.0002589330583411144737, 0.0005178661166822324169, 0.0007767991750233504142, 0.0009062657041939091961, 0.001035732233364468086 ),
 .UNSPECIFIED. ) ;
#4635 = ORIENTED_EDGE ( 'NONE', *, *, #7031, .T. ) ;
#4636 = FACE_OUTER_BOUND ( 'NONE', #7699, .T. ) ;
#4637 = DIRECTION ( 'NONE',  ( 3.807460554844515166E-15, -1.000000000000000000, -3.807460554844516743E-15 ) ) ;
#4638 = CARTESIAN_POINT ( 'NONE',  ( -9.115647332695257177, -0.7499999999999996669, -0.9948548703877884147 ) ) ;
#4639 = CARTESIAN_POINT ( 'NONE',  ( 9.344284074950456542, -0.7499999999999996669, 1.605145129612208788 ) ) ;
#4640 = CARTESIAN_POINT ( 'NONE',  ( 5.090521086529022021, -0.7499999999999997780, 5.117052091976422190 ) ) ;
#4641 = VECTOR ( 'NONE', #2051, 1000.000000000000000 ) ;
#4642 = B_SPLINE_CURVE_WITH_KNOTS ( 'NONE', 3,
 ( #5544, #743, #2166, #5373, #1590, #3510 ),
 .UNSPECIFIED., .F., .F.,
 ( 4, 2, 4 ),
 ( -3.433845656915109317E-05, 0.0003605718869448926536, 0.0007554822304589362512 ),
 .UNSPECIFIED. ) ;
#4643 = CARTESIAN_POINT ( 'NONE',  ( -2.103262903735329648, -1.200396464468285851, -9.676946223252505419 ) ) ;
#4644 = DIRECTION ( 'NONE',  ( 0.000000000000000000, 1.000000000000000000, -0.000000000000000000 ) ) ;
#4645 = VERTEX_POINT ( 'NONE', #5675 ) ;
#4646 = CARTESIAN_POINT ( 'NONE',  ( 9.271102943336709146, -6.349999999999999645, 0.4948548703879404043 ) ) ;
#4647 = CARTESIAN_POINT ( 'NONE',  ( -6.039313519392385032, -0.7961721122757030589, 0.7593135193924539506 ) ) ;
#4648 = CARTESIAN_POINT ( 'NONE',  ( 1.651291189939975812, -1.249999999999999778, 9.935817880025519244 ) ) ;
#4649 = AXIS2_PLACEMENT_3D ( 'NONE', #2745, #7335, #7458 ) ;
#4650 = FACE_OUTER_BOUND ( 'NONE', #7471, .T. ) ;
#4651 = CARTESIAN_POINT ( 'NONE',  ( -6.174131128684604342, -0.8131067495198550654, -0.7430455161298469280 ) ) ;
#4652 = ORIENTED_EDGE ( 'NONE', *, *, #7166, .F. ) ;
#4653 = DIRECTION ( 'NONE',  ( -0.000000000000000000, -1.000000000000000000, -0.000000000000000000 ) ) ;
#4654 = FACE_OUTER_BOUND ( 'NONE', #5921, .T. ) ;
#4655 = B_SPLINE_SURFACE_WITH_KNOTS ( 'NONE', 3, 1, ( 
 ( #7452, #1399 ),
 ( #5388, #8014 ),
 ( #6976, #2436 ),
 ( #5646, #1009 ),
 ( #5087, #7714 ),
 ( #3785, #963 ),
 ( #7066, #1776 ),
 ( #1138, #6419 ),
 ( #2303, #5735 ),
 ( #7621, #8356 ),
 ( #4430, #6930 ),
 ( #8223, #506 ),
 ( #1644, #3137 ),
 ( #2261, #3748 ),
 ( #3657, #4992 ),
 ( #1606, #375 ) ),
 .UNSPECIFIED., .F., .F., .F.,
 ( 4, 1, 1, 1, 1, 1, 1, 1, 1, 1, 1, 1, 1, 4 ),
 ( 2, 2 ),
 ( 0.000000000000000000, 0.07008065970646608356, 0.1396731865527653382, 0.2087776709625975835, 0.2773942053609593783, 0.3455228842305990700, 0.4803170639563514865, 0.5469827646034604030, 0.6788519041324944103, 0.7440555568396702846, 0.8087720782009333309, 0.8730015814535390106, 0.9367441825021913804, 1.000000000000000000 ),
 ( 0.000000000000000000, 1.000000000000000000 ),
 .UNSPECIFIED. ) ;
#4656 = FACE_OUTER_BOUND ( 'NONE', #2521, .T. ) ;
#4657 = VECTOR ( 'NONE', #5065, 1000.000000000000000 ) ;
#4658 = CARTESIAN_POINT ( 'NONE',  ( -2.105145129612110644, -6.349999999999999645, 9.299109199783831770 ) ) ;
#4659 = CARTESIAN_POINT ( 'NONE',  ( 9.589666438347530075, -0.7804688038444888010, -1.631311024333826687 ) ) ;
#4660 = VERTEX_POINT ( 'NONE', #4330 ) ;
#4661 = VERTEX_POINT ( 'NONE', #3165 ) ;
#4662 = CARTESIAN_POINT ( 'NONE',  ( -4.976029049068056764, -6.350000000000000533, -4.501194178395552470 ) ) ;
#4663 = EDGE_CURVE ( 'NONE', #2640, #3393, #5, .T. ) ;
#4664 = DIRECTION ( 'NONE',  ( -0.000000000000000000, 0.000000000000000000, 1.000000000000000000 ) ) ;
#4665 = CARTESIAN_POINT ( 'NONE',  ( -0.5950215777442345866, -0.9427265114570090310, -6.114921553330368020 ) ) ;
#4666 = CARTESIAN_POINT ( 'NONE',  ( 5.774908376104339602, -1.249999999999999556, -0.6191424365563260590 ) ) ;
#4667 = ORIENTED_EDGE ( 'NONE', *, *, #379, .T. ) ;
#4668 = CARTESIAN_POINT ( 'NONE',  ( -5.774854870387766681, -1.249999999999999778, 2.275387937340485500 ) ) ;
#4669 = CARTESIAN_POINT ( 'NONE',  ( 2.078455268396984579, -1.087308500963329871, -9.659515348575544280 ) ) ;
#4670 = ORIENTED_EDGE ( 'NONE', *, *, #7311, .F. ) ;
#4671 = CARTESIAN_POINT ( 'NONE',  ( 2.115939480238359760, -0.7500000000000093259, -9.217154405169685205 ) ) ;
#4672 = CARTESIAN_POINT ( 'NONE',  ( -2.032805528092013869, -0.7499999999999997780, -8.589525023534697823 ) ) ;
#4673 = B_SPLINE_CURVE_WITH_KNOTS ( 'NONE', 3,
 ( #15, #58, #5281, #4627, #1972, #5888 ),
 .UNSPECIFIED., .F., .F.,
 ( 4, 2, 4 ),
 ( 0.000000000000000000, 0.0003906446212684062903, 0.0007812892425368119301 ),
 .UNSPECIFIED. ) ;
#4674 = EDGE_LOOP ( 'NONE', ( #4004, #1992, #2377 ) ) ;
#4675 = EDGE_CURVE ( 'NONE', #4645, #895, #3702, .T. ) ;
#4676 = CARTESIAN_POINT ( 'NONE',  ( 5.770106042936586910, -1.249999999999999778, -2.495065244581238684 ) ) ;
#4677 = CARTESIAN_POINT ( 'NONE',  ( -2.188426484021876561, -1.249999999999999778, -9.088981355127469186 ) ) ;
#4678 = CARTESIAN_POINT ( 'NONE',  ( -9.297056062851895675, -0.8004147824066365491, -0.7605129427895579441 ) ) ;
#4679 = CARTESIAN_POINT ( 'NONE',  ( -15.55634918610404682, -16.35000000000000142, 2.121320343559641941 ) ) ;
#4680 = CARTESIAN_POINT ( 'NONE',  ( 5.419322549670175349, -0.7500000000001011413, 3.830164468703379566 ) ) ;
#4681 = ORIENTED_EDGE ( 'NONE', *, *, #729, .T. ) ;
#4682 = CARTESIAN_POINT ( 'NONE',  ( -1.954965967418303530, -0.8256352976920838804, -9.938996422655627327 ) ) ;
#4683 = ORIENTED_EDGE ( 'NONE', *, *, #2604, .F. ) ;
#4684 = EDGE_CURVE ( 'NONE', #2244, #1089, #1313, .T. ) ;
#4685 = CARTESIAN_POINT ( 'NONE',  ( 4.631506261058109253, -6.349999999999997868, -4.862868783596745459 ) ) ;
#4686 = CARTESIAN_POINT ( 'NONE',  ( 2.275387937340400235, -1.117978668406382825, -5.774854870387798655 ) ) ;
#4687 =( BOUNDED_CURVE ( )  B_SPLINE_CURVE ( 3, ( #2465, #8472, #7743, #1986 ),
 .UNSPECIFIED., .F., .T. ) 
 B_SPLINE_CURVE_WITH_KNOTS ( ( 4, 4 ),
 ( 3.927143110234815104, 5.497634850534550921 ),
 .UNSPECIFIED. ) 
 CURVE ( )  GEOMETRIC_REPRESENTATION_ITEM ( )  RATIONAL_B_SPLINE_CURVE ( ( 1.000000000000000000, 0.8048096403827852408, 0.8048096403827852408, 1.000000000000000000 ) ) 
 REPRESENTATION_ITEM ( '' )  );
#4688 = VERTEX_POINT ( 'NONE', #5025 ) ;
#4689 = CARTESIAN_POINT ( 'NONE',  ( -5.774854870387766681, -1.249999999999999778, 2.275387937340485500 ) ) ;
#4690 = ORIENTED_EDGE ( 'NONE', *, *, #5844, .F. ) ;
#4691 = CARTESIAN_POINT ( 'NONE',  ( -9.008710553930281861, -6.349999999999999645, 2.329991424587440907 ) ) ;
#4692 = FACE_OUTER_BOUND ( 'NONE', #271, .T. ) ;
#4693 = CARTESIAN_POINT ( 'NONE',  ( 9.133801937671639948, -0.7499999999999996669, -0.9351698475245781017 ) ) ;
#4694 = CARTESIAN_POINT ( 'NONE',  ( 9.563317320624237894, -1.249999999999999778, 0.7271087643984657234 ) ) ;
#4695 = CARTESIAN_POINT ( 'NONE',  ( 9.067256534480847563, -1.249999999999999778, 2.212108984184086857 ) ) ;
#4696 = CARTESIAN_POINT ( 'NONE',  ( -10.20694509942420858, -1.249999999999999778, 2.105145129612317589 ) ) ;
#4697 = VERTEX_POINT ( 'NONE', #993 ) ;
#4698 = ORIENTED_EDGE ( 'NONE', *, *, #2671, .T. ) ;
#4699 = ORIENTED_EDGE ( 'NONE', *, *, #4, .T. ) ;
#4700 = CARTESIAN_POINT ( 'NONE',  ( -9.233001570653321721, -1.250000000000000000, 2.110413316599446532 ) ) ;
#4701 = CARTESIAN_POINT ( 'NONE',  ( 5.746653563525504715, -1.249999999999999778, 2.732804388869867651 ) ) ;
#4702 = CARTESIAN_POINT ( 'NONE',  ( 5.529750942971447536, -0.7499999999999997780, -4.604115883184227265 ) ) ;
#4703 = CARTESIAN_POINT ( 'NONE',  ( -0.9425052391449338929, -0.7630137179688570859, -6.143980792280646419 ) ) ;
#4704 = CARTESIAN_POINT ( 'NONE',  ( -0.7639417980173768274, -0.8024511534720613071, -9.186526414003166607 ) ) ;
#4705 = ORIENTED_EDGE ( 'NONE', *, *, #6042, .T. ) ;
#4706 = EDGE_CURVE ( 'NONE', #5327, #3749, #1720, .T. ) ;
#4707 = CARTESIAN_POINT ( 'NONE',  ( 2.105145129612171484, -1.249999999999999778, -9.678273776525905703 ) ) ;
#4708 = CARTESIAN_POINT ( 'NONE',  ( 0.7270764054875242799, -0.7499999999999997780, 9.563309819739389539 ) ) ;
#4709 = VECTOR ( 'NONE', #4040, 1000.000000000000000 ) ;
#4710 = DIRECTION ( 'NONE',  ( -0.000000000000000000, -1.000000000000000000, -0.000000000000000000 ) ) ;
#4711 = ORIENTED_EDGE ( 'NONE', *, *, #104, .T. ) ;
#4712 = CARTESIAN_POINT ( 'NONE',  ( 5.775218723744984572, -1.249999999999999778, -2.252437811466510453 ) ) ;
#4713 = DIRECTION ( 'NONE',  ( 1.000000000000000000, 0.000000000000000000, -0.000000000000000000 ) ) ;
#4714 = CARTESIAN_POINT ( 'NONE',  ( 2.839519246782158390, -1.249999999999999778, -5.731021261513138398 ) ) ;
#4715 = CARTESIAN_POINT ( 'NONE',  ( 9.478524185100301480, -0.7804688004661469725, 1.813340605360869162 ) ) ;
#4716 = VECTOR ( 'NONE', #2478, 1000.000000000000000 ) ;
#4717 = CARTESIAN_POINT ( 'NONE',  ( 1.605145129612177923, -0.7499999999999997780, -9.286119137480389085 ) ) ;
#4718 = ORIENTED_EDGE ( 'NONE', *, *, #6532, .F. ) ;
#4719 = CARTESIAN_POINT ( 'NONE',  ( -1.650697302570872660, -1.129815972907925792, -9.918988504625051661 ) ) ;
#4720 =( BOUNDED_CURVE ( )  B_SPLINE_CURVE ( 3, ( #551, #8441, #1870, #4520 ),
 .UNSPECIFIED., .F., .T. ) 
 B_SPLINE_CURVE_WITH_KNOTS ( ( 4, 4 ),
 ( 4.040999222087533482, 5.383778738681717080 ),
 .UNSPECIFIED. ) 
 CURVE ( )  GEOMETRIC_REPRESENTATION_ITEM ( )  RATIONAL_B_SPLINE_CURVE ( ( 1.000000000000000000, 0.8553052591888763434, 0.8553052591888763434, 1.000000000000000000 ) ) 
 REPRESENTATION_ITEM ( '' )  );
#4721 = B_SPLINE_CURVE_WITH_KNOTS ( 'NONE', 3,
 ( #5657, #6211, #431, #3758, #5613, #1615, #3058, #6392, #8278, #2361 ),
 .UNSPECIFIED., .F., .F.,
 ( 4, 2, 2, 2, 4 ),
 ( 6.630742227618007217E-16, 9.841249373456151467E-05, 0.0001968249874684599584, 0.0002952374812023584021, 0.0003936499749362568730 ),
 .UNSPECIFIED. ) ;
#4722 = CARTESIAN_POINT ( 'NONE',  ( 8.527837839788517726, -0.7499999999999997780, 2.192387404589964284 ) ) ;
#4723 = ORIENTED_EDGE ( 'NONE', *, *, #1521, .F. ) ;
#4724 = B_SPLINE_SURFACE_WITH_KNOTS ( 'NONE', 3, 1, ( 
 ( #6508, #4658 ),
 ( #3925, #7289 ),
 ( #3229, #1362 ),
 ( #6552, #4009 ),
 ( #5269, #4525 ),
 ( #5832, #640 ),
 ( #3358, #2 ),
 ( #717, #87 ),
 ( #1279, #4567 ),
 ( #7888, #1962 ) ),
 .UNSPECIFIED., .F., .F., .F.,
 ( 4, 1, 1, 1, 1, 1, 1, 4 ),
 ( 2, 2 ),
 ( 0.000000000000000000, 0.1365072331165129715, 0.2792241529779565523, 0.4259469833406855921, 0.5740556039338107208, 0.7207780032599437892, 0.8634940608209027424, 1.000000000000000000 ),
 ( 0.000000000000000000, 1.000000000000000000 ),
 .UNSPECIFIED. ) ;
#4725 = CARTESIAN_POINT ( 'NONE',  ( 10.19083461549687186, -1.109988275975639871, 2.096138142704428553 ) ) ;
#4726 = AXIS2_PLACEMENT_3D ( 'NONE', #6294, #2352, #7068 ) ;
#4727 = LINE ( 'NONE', #3957, #2259 ) ;
#4728 = CARTESIAN_POINT ( 'NONE',  ( -2.676406560089605424, -6.350000000000000533, -5.752264205471494307 ) ) ;
#4729 = VECTOR ( 'NONE', #232, 1000.000000000000000 ) ;
#4730 = ADVANCED_FACE ( 'NONE', ( #1168 ), #6825, .F. ) ;
#4731 = CARTESIAN_POINT ( 'NONE',  ( -9.530431722890840618, -1.249999999999999778, 0.5853924772795069398 ) ) ;
#4732 = CARTESIAN_POINT ( 'NONE',  ( 9.169590547013971360, -6.350000000000002309, 2.132612037778932379 ) ) ;
#4733 = ORIENTED_EDGE ( 'NONE', *, *, #6052, .T. ) ;
#4734 = VECTOR ( 'NONE', #8204, 1000.000000000000000 ) ;
#4735 = CARTESIAN_POINT ( 'NONE',  ( 5.286188974899620696, -0.7499999999999997780, 4.911823444770780256 ) ) ;
#4736 = CARTESIAN_POINT ( 'NONE',  ( 5.117052091976410644, -0.7499999999999997780, -5.090521086529034456 ) ) ;
#4737 = CARTESIAN_POINT ( 'NONE',  ( 0.000000000000000000, -6.349999999999999645, -5.774854870387789774 ) ) ;
#4738 =( BOUNDED_SURFACE ( )  B_SPLINE_SURFACE ( 3, 1, ( 
 ( #8267, #2348 ),
 ( #1057, #5042 ),
 ( #4344, #8312 ),
 ( #2395, #7670 ) ),
 .UNSPECIFIED., .F., .F., .T. ) 
 B_SPLINE_SURFACE_WITH_KNOTS ( ( 4, 4 ),
 ( 2, 2 ),
 ( 0.000000000000000000, 1.000000000000000000 ),
 ( 0.000000000000000000, 1.000000000000000000 ),
 .UNSPECIFIED. ) 
 GEOMETRIC_REPRESENTATION_ITEM ( )  RATIONAL_B_SPLINE_SURFACE ( (
 ( 1.000000000000000000, 1.000000000000000000),
 ( 0.6625055929971761515, 0.6625055929971761515),
 ( 0.6625055929971761515, 0.6625055929971761515),
 ( 1.000000000000000000, 1.000000000000000000) ) ) 
 REPRESENTATION_ITEM ( '' )  SURFACE ( )  );
#4739 = CARTESIAN_POINT ( 'NONE',  ( -6.274854870387789774, -0.7499999999999997780, 6.572561605172373680E-14 ) ) ;
#4740 = CARTESIAN_POINT ( 'NONE',  ( 8.954900817723386197, -0.7499999999999997780, 1.677860179042054201 ) ) ;
#4741 = DIRECTION ( 'NONE',  ( 0.000000000000000000, 0.000000000000000000, 1.000000000000000000 ) ) ;
#4742 = ORIENTED_EDGE ( 'NONE', *, *, #1316, .T. ) ;
#4743 = EDGE_CURVE ( 'NONE', #510, #1892, #4634, .T. ) ;
#4744 = ORIENTED_EDGE ( 'NONE', *, *, #1034, .F. ) ;
#4745 = CARTESIAN_POINT ( 'NONE',  ( -5.899142436556301661, -6.349999999999999645, 0.4949083761044024143 ) ) ;
#4746 = CARTESIAN_POINT ( 'NONE',  ( -9.714807231516843444, -0.7690834892384048604, -1.827703956701581589 ) ) ;
#4747 = FACE_OUTER_BOUND ( 'NONE', #3837, .T. ) ;
#4748 = CARTESIAN_POINT ( 'NONE',  ( 5.103761866399034730, -0.7499999999999997780, 5.103397455562753038 ) ) ;
#4749 = CARTESIAN_POINT ( 'NONE',  ( 0.4948548703877909682, -1.249999999999999778, 9.509478963620283665 ) ) ;
#4750 = ORIENTED_EDGE ( 'NONE', *, *, #7031, .F. ) ;
#4751 = VERTEX_POINT ( 'NONE', #8512 ) ;
#4752 = CARTESIAN_POINT ( 'NONE',  ( 0.000000000000000000, -16.35000000000000142, 13.43502884254440310 ) ) ;
#4753 = CARTESIAN_POINT ( 'NONE',  ( -2.105145129612209232, -1.249999999999999778, -9.299109199783835322 ) ) ;
#4754 = DIRECTION ( 'NONE',  ( 0.000000000000000000, 0.000000000000000000, -1.000000000000000000 ) ) ;
#4755 = ORIENTED_EDGE ( 'NONE', *, *, #1683, .T. ) ;
#4756 = AXIS2_PLACEMENT_3D ( 'NONE', #732, #3371, #6011 ) ;
#4757 = CARTESIAN_POINT ( 'NONE',  ( -12.69999999999999929, -4.349999999999999645, 2.099999999999998312 ) ) ;
#4758 = CARTESIAN_POINT ( 'NONE',  ( 6.229044032153018051, -0.7499999989588495009, 0.9490440321529129974 ) ) ;
#4759 = EDGE_CURVE ( 'NONE', #5032, #6016, #4071, .T. ) ;
#4760 = CARTESIAN_POINT ( 'NONE',  ( -2.096174882211781831, -1.152677804707681330, 9.671956310101981202 ) ) ;
#4761 =( BOUNDED_CURVE ( )  B_SPLINE_CURVE ( 3, ( #7770, #3282, #1240, #5841 ),
 .UNSPECIFIED., .F., .T. ) 
 B_SPLINE_CURVE_WITH_KNOTS ( ( 4, 4 ),
 ( 4.040999222087535259, 5.383778738681718856 ),
 .UNSPECIFIED. ) 
 CURVE ( )  GEOMETRIC_REPRESENTATION_ITEM ( )  RATIONAL_B_SPLINE_CURVE ( ( 1.000000000000000000, 0.8553052591888763434, 0.8553052591888763434, 1.000000000000000000 ) ) 
 REPRESENTATION_ITEM ( '' )  );
#4762 = DIRECTION ( 'NONE',  ( 0.000000000000000000, 1.000000000000000000, -0.000000000000000000 ) ) ;
#4763 = CARTESIAN_POINT ( 'NONE',  ( 9.916618705063635630, -1.106164725127300130, 1.650694452287101877 ) ) ;
#4764 = CARTESIAN_POINT ( 'NONE',  ( -9.935855655966737032, -6.349999999999999645, -1.651354423408220029 ) ) ;
#4765 = CIRCLE ( 'NONE', #8068, 3.719854870387791390 ) ;
#4766 = ADVANCED_FACE ( 'NONE', ( #6619 ), #4621, .T. ) ;
#4767 = CARTESIAN_POINT ( 'NONE',  ( 1.651322806674060617, -1.249999999999999778, 9.935836767996194752 ) ) ;
#4768 = CIRCLE ( 'NONE', #3391, 2.100000000000000977 ) ;
#4769 = CARTESIAN_POINT ( 'NONE',  ( 9.002901470545145557, -1.249999999999999778, -2.348440763761925343 ) ) ;
#4770 = AXIS2_PLACEMENT_3D ( 'NONE', #5097, #6299, #7763 ) ;
#4771 = CARTESIAN_POINT ( 'NONE',  ( -2.506000929845902281, -1.249999999999999778, -5.769351686916033728 ) ) ;
#4772 = CARTESIAN_POINT ( 'NONE',  ( 0.000000000000000000, -16.35000000000000142, 16.43502884254440488 ) ) ;
#4773 = ORIENTED_EDGE ( 'NONE', *, *, #2822, .F. ) ;
#4774 = DIRECTION ( 'NONE',  ( -0.000000000000000000, -1.000000000000000000, -0.000000000000000000 ) ) ;
#4775 = ADVANCED_FACE ( 'NONE', ( #578 ), #2902, .T. ) ;
#4776 = CARTESIAN_POINT ( 'NONE',  ( 4.749987219571099040, -1.117918423547530793, 4.749987219571101704 ) ) ;
#4777 = EDGE_CURVE ( 'NONE', #8440, #7975, #8127, .T. ) ;
#4778 = CARTESIAN_POINT ( 'NONE',  ( 2.229098567681862431, -1.249999999999999778, -9.054086811541750990 ) ) ;
#4779 = EDGE_CURVE ( 'NONE', #2488, #4981, #7951, .T. ) ;
#4780 = LINE ( 'NONE', #6118, #1326 ) ;
#4781 = CARTESIAN_POINT ( 'NONE',  ( -8.527837839788517726, -0.7499999999999997780, -2.192387404589964284 ) ) ;
#4782 = AXIS2_PLACEMENT_3D ( 'NONE', #6688, #5446, #770 ) ;
#4783 = LINE ( 'NONE', #6806, #3124 ) ;
#4784 = ORIENTED_EDGE ( 'NONE', *, *, #753, .F. ) ;
#4785 = CYLINDRICAL_SURFACE ( 'NONE', #48, 0.5000000000000004441 ) ;
#4786 =( BOUNDED_CURVE ( )  B_SPLINE_CURVE ( 3, ( #2454, #527, #1711, #7693 ),
 .UNSPECIFIED., .F., .T. ) 
 B_SPLINE_CURVE_WITH_KNOTS ( ( 4, 4 ),
 ( 0.000000000000000000, 1.000000000000000000 ),
 .UNSPECIFIED. ) 
 CURVE ( )  GEOMETRIC_REPRESENTATION_ITEM ( )  RATIONAL_B_SPLINE_CURVE ( ( 1.000000000000000000, 0.8553052591902943202, 0.8553052591902943202, 1.000000000000000000 ) ) 
 REPRESENTATION_ITEM ( '' )  );
#4787 = CARTESIAN_POINT ( 'NONE',  ( -9.910389448421859981, -0.8140102161161405503, -1.938856732754042023 ) ) ;
#4788 = DIRECTION ( 'NONE',  ( 0.000000000000000000, 1.000000000000000000, 0.000000000000000000 ) ) ;
#4789 = ADVANCED_FACE ( 'NONE', ( #3380 ), #6452, .T. ) ;
#4790 = CARTESIAN_POINT ( 'NONE',  ( -5.682154065917173646, -6.349999999999999645, -3.084035675801296339 ) ) ;
#4791 = CARTESIAN_POINT ( 'NONE',  ( 0.9291536445351462614, -0.7604443523589744514, 9.220152429365610303 ) ) ;
#4792 = EDGE_LOOP ( 'NONE', ( #6622, #4619, #2731, #5661 ) ) ;
#4793 = CARTESIAN_POINT ( 'NONE',  ( -12.69999999999999929, -0.7499999999999997780, 1.347601624859001816E-13 ) ) ;
#4794 = EDGE_LOOP ( 'NONE', ( #1218, #2176, #5448, #3019 ) ) ;
#4795 = CARTESIAN_POINT ( 'NONE',  ( 9.271066631791377688, -1.114943544866152214, 0.4948548703877891364 ) ) ;
#4796 = CARTESIAN_POINT ( 'NONE',  ( 5.774854927343626265, -1.143549782630397971, -0.4948549273436722573 ) ) ;
#4797 = ORIENTED_EDGE ( 'NONE', *, *, #1249, .F. ) ;
#4798 = CARTESIAN_POINT ( 'NONE',  ( 5.275441736259138814, -0.7499999999999997780, -4.924073004895413774 ) ) ;
#4799 = CARTESIAN_POINT ( 'NONE',  ( -0.9948548703877909682, -0.7499999999999997780, 0.000000000000000000 ) ) ;
#4800 = CARTESIAN_POINT ( 'NONE',  ( -2.096138142704303320, -1.109988275975647420, 10.19083461549688252 ) ) ;
#4801 = CARTESIAN_POINT ( 'NONE',  ( -5.731101953973117169, -1.249999999999999778, 2.839101664921688251 ) ) ;
#4802 = CARTESIAN_POINT ( 'NONE',  ( -1.651354423408143424, -6.349999999999999645, -9.935855655966872035 ) ) ;
#4803 =( BOUNDED_SURFACE ( )  B_SPLINE_SURFACE ( 3, 2, ( 
 ( #29, #5940, #742 ),
 ( #7999, #4550, #1988 ),
 ( #4643, #2036, #6063 ),
 ( #4076, #620, #7180 ),
 ( #5898, #1258, #4719 ),
 ( #6704, #2724, #702 ),
 ( #3340, #2638, #5293 ),
 ( #2597, #4682, #1385 ),
 ( #6624, #5983, #7308 ),
 ( #4596, #787, #4034 ),
 ( #155, #2760, #2075 ),
 ( #5247, #7869, #72 ),
 ( #6662, #1941, #2204 ),
 ( #4804, #826, #2848 ),
 ( #6222, #2242, #3509 ),
 ( #5543, #6871, #269 ) ),
 .UNSPECIFIED., .F., .F., .T. ) 
 B_SPLINE_SURFACE_WITH_KNOTS ( ( 4, 2, 2, 2, 2, 2, 2, 4 ),
 ( 3, 3 ),
 ( 0.000000000000000000, 2.969996288214927607E-05, 5.939992576429855214E-05, 8.909988864644783160E-05, 0.0001187998515285971043, 0.0001781997772928956632, 0.0002375997030571942086, 0.0004751994061143884171 ),
 ( 0.000000000000000000, 1.000000000000000000 ),
 .UNSPECIFIED. ) 
 GEOMETRIC_REPRESENTATION_ITEM ( )  RATIONAL_B_SPLINE_SURFACE ( (
 ( 1.000000000000000000, 0.4935349706079030230, 1.000000000000000000),
 ( 1.000000000000000000, 0.4935127649134088967, 1.000000000000000000),
 ( 1.000000000000000000, 0.4995784984367803716, 1.000000000000000000),
 ( 1.000000000000000000, 0.5209348963629933937, 1.000000000000000000),
 ( 1.000000000000000000, 0.5360584284417559964, 1.000000000000000000),
 ( 1.000000000000000000, 0.5697732427675190614, 1.000000000000000000),
 ( 1.000000000000000000, 0.5887012726534993634, 1.000000000000000000),
 ( 1.000000000000000000, 0.6267654606521787519, 1.000000000000000000),
 ( 1.000000000000000000, 0.6459147758215068036, 1.000000000000000000),
 ( 1.000000000000000000, 0.7020873980202095854, 1.000000000000000000),
 ( 1.000000000000000000, 0.7379412193435417322, 1.000000000000000000),
 ( 1.000000000000000000, 0.8015170218985958606, 1.000000000000000000),
 ( 1.000000000000000000, 0.8297315967171204898, 1.000000000000000000),
 ( 1.000000000000000000, 0.9541561539496640210, 1.000000000000000000),
 ( 1.000000000000000000, 0.9996330041166505698, 1.000000000000000000),
 ( 1.000000000000000000, 1.000000000000000000, 1.000000000000000000) ) ) 
 REPRESENTATION_ITEM ( '' )  SURFACE ( )  );
#4804 = CARTESIAN_POINT ( 'NONE',  ( -1.813340605360877822, -0.7804688004661534118, -9.478524185100543065 ) ) ;
#4805 = LINE ( 'NONE', #1552, #53 ) ;
#4806 = ORIENTED_EDGE ( 'NONE', *, *, #6144, .F. ) ;
#4807 = CARTESIAN_POINT ( 'NONE',  ( 10.03582622314174522, -0.8835340632233236180, 2.009350139932125856 ) ) ;
#4808 = CARTESIAN_POINT ( 'NONE',  ( -2.105145129612112420, -1.249999999999999778, 9.299109199783162083 ) ) ;
#4809 = CARTESIAN_POINT ( 'NONE',  ( 9.271102943336709146, -1.249999999999999778, 0.4948548703879404043 ) ) ;
#4810 = CARTESIAN_POINT ( 'NONE',  ( 8.953648017085603428, -0.7499999999999997780, -1.678421735672112725 ) ) ;
#4811 = EDGE_CURVE ( 'NONE', #5490, #7144, #1959, .T. ) ;
#4812 = DIRECTION ( 'NONE',  ( -0.000000000000000000, -1.000000000000000000, -0.000000000000000000 ) ) ;
#4813 = CARTESIAN_POINT ( 'NONE',  ( 9.214819771646844515, -6.350000000000000533, 2.117095500974372158 ) ) ;
#4814 = ORIENTED_EDGE ( 'NONE', *, *, #6977, .F. ) ;
#4815 = CARTESIAN_POINT ( 'NONE',  ( -0.7948548712059950727, -1.184538517676302138, 5.774854870387797767 ) ) ;
#4816 = LINE ( 'NONE', #1481, #1981 ) ;
#4817 = CARTESIAN_POINT ( 'NONE',  ( 2.106080121565605978, -6.349999999999999645, -9.281126975314617056 ) ) ;
#4818 = DIRECTION ( 'NONE',  ( 0.000000000000000000, 1.000000000000000000, 0.000000000000000000 ) ) ;
#4819 = CARTESIAN_POINT ( 'NONE',  ( -4.607653647928460071E-14, -0.7499999999999997780, -12.69999999999999929 ) ) ;
#4820 = DIRECTION ( 'NONE',  ( 0.000000000000000000, 1.000000000000000000, 0.000000000000000000 ) ) ;
#4821 = EDGE_LOOP ( 'NONE', ( #2538, #4578, #1294, #296 ) ) ;
#4822 = EDGE_CURVE ( 'NONE', #954, #5250, #1317, .T. ) ;
#4823 = EDGE_LOOP ( 'NONE', ( #3327, #8269, #5545, #19 ) ) ;
#4824 = CARTESIAN_POINT ( 'NONE',  ( -2.105145129612112420, -1.249999999999999778, 9.299109199783162083 ) ) ;
#4825 = CARTESIAN_POINT ( 'NONE',  ( -9.875745730233949971, -1.030008900595993149, -1.648963943095225204 ) ) ;
#4826 = CARTESIAN_POINT ( 'NONE',  ( 1.991899303797749170E-15, -4.349999999999999645, -10.59999999999999787 ) ) ;
#4827 = CARTESIAN_POINT ( 'NONE',  ( -12.69999999999999929, -0.7499999999999997780, 1.347601624859001816E-13 ) ) ;
#4828 = CARTESIAN_POINT ( 'NONE',  ( -2.105145129612103538, -0.7499999999999997780, 9.678354296802073264 ) ) ;
#4829 = ORIENTED_EDGE ( 'NONE', *, *, #3009, .F. ) ;
#4830 = CARTESIAN_POINT ( 'NONE',  ( 10.07030783714661659, -1.249999999999999778, -1.876683844410796498 ) ) ;
#4831 = ORIENTED_EDGE ( 'NONE', *, *, #4968, .T. ) ;
#4832 = EDGE_CURVE ( 'NONE', #7369, #6684, #2695, .T. ) ;
#4833 = CARTESIAN_POINT ( 'NONE',  ( 4.456242149587571255, -6.349999999999999645, 5.012403481232944102 ) ) ;
#4834 = CARTESIAN_POINT ( 'NONE',  ( -2.275387937340425104, -0.7499999999999997780, -5.774854870387789774 ) ) ;
#4835 = CARTESIAN_POINT ( 'NONE',  ( -12.69999999999999929, -1.249999999999999778, 1.734723475976804925E-15 ) ) ;
#4836 = DIRECTION ( 'NONE',  ( 0.000000000000000000, 1.000000000000000000, -0.000000000000000000 ) ) ;
#4837 = ORIENTED_EDGE ( 'NONE', *, *, #5489, .F. ) ;
#4838 = CARTESIAN_POINT ( 'NONE',  ( -0.6137638917352660206, -0.9199437172442057609, 9.233440698265962254 ) ) ;
#4839 = CARTESIAN_POINT ( 'NONE',  ( 6.023045516129841737, -0.8131067495198565087, 0.8941311286846147510 ) ) ;
#4840 = CARTESIAN_POINT ( 'NONE',  ( -2.054607589228350850, -1.030008899707530290, 9.642852424229934272 ) ) ;
#4841 = CARTESIAN_POINT ( 'NONE',  ( -0.7948091789346485303, -6.349999999999999645, 5.774854870387798655 ) ) ;
#4842 = CARTESIAN_POINT ( 'NONE',  ( 9.904085948159570663, -1.087308501813579520, -1.650131394462217793 ) ) ;
#4843 = AXIS2_PLACEMENT_3D ( 'NONE', #553, #3182, #5169 ) ;
#4844 = CARTESIAN_POINT ( 'NONE',  ( 13.43502884254440310, -16.35000000000000142, -8.673617379884035472E-16 ) ) ;
#4845 = EDGE_CURVE ( 'NONE', #934, #4280, #8061, .T. ) ;
#4846 = CARTESIAN_POINT ( 'NONE',  ( 8.956637671642686982, -0.9888132917185100679, 2.315066160976705145 ) ) ;
#4847 = EDGE_LOOP ( 'NONE', ( #1175, #4323, #5499, #2112 ) ) ;
#4848 = VECTOR ( 'NONE', #5538, 1000.000000000000000 ) ;
#4849 = CARTESIAN_POINT ( 'NONE',  ( -1.866680249175829420, -0.8043559167682958755, 9.292913852475713554 ) ) ;
#4850 = B_SPLINE_CURVE_WITH_KNOTS ( 'NONE', 3,
 ( #6066, #7352, #1427, #828, #157, #7483, #2039, #6666 ),
 .UNSPECIFIED., .F., .F.,
 ( 4, 2, 2, 4 ),
 ( 0.000000000000000000, 0.0002156586824478767209, 0.0004313173648957534419, 0.0008626347297915028722 ),
 .UNSPECIFIED. ) ;
#4851 = CARTESIAN_POINT ( 'NONE',  ( 8.525983939581850635, -0.7499999999999997780, -2.198275292831106231 ) ) ;
#4852 = ORIENTED_EDGE ( 'NONE', *, *, #4308, .F. ) ;
#4853 = VERTEX_POINT ( 'NONE', #6718 ) ;
#4854 = CONICAL_SURFACE ( 'NONE', #6099, 1.600000000000004086, 0.7853981633974479459 ) ;
#4855 = CARTESIAN_POINT ( 'NONE',  ( 8.527837839788517726, -0.7499999999999997780, 2.192387404589964284 ) ) ;
#4856 = DIRECTION ( 'NONE',  ( -0.000000000000000000, -1.000000000000000000, -0.000000000000000000 ) ) ;
#4857 = CARTESIAN_POINT ( 'NONE',  ( 0.9948548703877704291, -0.7499999999999996669, -6.274854870387793326 ) ) ;
#4858 = DIRECTION ( 'NONE',  ( 0.000000000000000000, 0.000000000000000000, 1.000000000000000000 ) ) ;
#4859 = CARTESIAN_POINT ( 'NONE',  ( 2.329991424587217530, -1.249999999999999778, -9.008710553930981746 ) ) ;
#4860 = CARTESIAN_POINT ( 'NONE',  ( 0.000000000000000000, -0.05000000000000056483, 0.000000000000000000 ) ) ;
#4861 = AXIS2_PLACEMENT_3D ( 'NONE', #2076, #4887, #909 ) ;
#4862 = EDGE_CURVE ( 'NONE', #4364, #4865, #1788, .T. ) ;
#4863 = CARTESIAN_POINT ( 'NONE',  ( 8.539091577303434377, -0.7499999999999997780, 2.156646134158424655 ) ) ;
#4864 = DIRECTION ( 'NONE',  ( -1.000000000000000000, 0.000000000000000000, 0.000000000000000000 ) ) ;
#4865 = VERTEX_POINT ( 'NONE', #2653 ) ;
#4866 = ORIENTED_EDGE ( 'NONE', *, *, #8360, .F. ) ;
#4867 = DIRECTION ( 'NONE',  ( 0.000000000000000000, 1.000000000000000000, 0.000000000000000000 ) ) ;
#4868 = AXIS2_PLACEMENT_3D ( 'NONE', #8082, #5579, #908 ) ;
#4869 = B_SPLINE_CURVE_WITH_KNOTS ( 'NONE', 3,
 ( #6629, #707, #1949, #7189, #7914, #5821 ),
 .UNSPECIFIED., .F., .F.,
 ( 4, 2, 4 ),
 ( 0.000000000000000000, 0.0004007387190707682994, 0.0008014774381415368156 ),
 .UNSPECIFIED. ) ;
#4870 = DIRECTION ( 'NONE',  ( 1.000000000000000000, 0.000000000000000000, -1.257890898639184104E-14 ) ) ;
#4871 = CARTESIAN_POINT ( 'NONE',  ( -5.752636975339914471, -6.349999999999999645, -2.685283670518154420 ) ) ;
#4872 = EDGE_CURVE ( 'NONE', #3393, #2210, #7924, .T. ) ;
#4873 = CARTESIAN_POINT ( 'NONE',  ( 6.013237424470672998, -0.8044079310636759184, 2.277412151966172971 ) ) ;
#4874 = CARTESIAN_POINT ( 'NONE',  ( 0.4948548703877910238, -1.249999999999999778, 6.074854870387789596 ) ) ;
#4875 = EDGE_LOOP ( 'NONE', ( #1140, #477, #4784, #952 ) ) ;
#4876 = CARTESIAN_POINT ( 'NONE',  ( 2.212108984184598448, -1.249999999999999778, -9.067256534480494068 ) ) ;
#4877 = CYLINDRICAL_SURFACE ( 'NONE', #5270, 3.125000000000000000 ) ;
#4878 = ORIENTED_EDGE ( 'NONE', *, *, #4675, .F. ) ;
#4879 = CARTESIAN_POINT ( 'NONE',  ( 9.935855655966737032, -6.349999999999999645, 1.651354423408220029 ) ) ;
#4880 = DIRECTION ( 'NONE',  ( -0.000000000000000000, -1.000000000000000000, -0.000000000000000000 ) ) ;
#4881 = B_SPLINE_CURVE_WITH_KNOTS ( 'NONE', 3,
 ( #7700, #4503, #1212, #6364, #1719, #1763, #7602, #4329 ),
 .UNSPECIFIED., .F., .F.,
 ( 4, 2, 2, 4 ),
 ( 0.001685982973038698375, 0.002106885862971553339, 0.002527788752904408520, 0.003369594532770118448 ),
 .UNSPECIFIED. ) ;
#4882 = EDGE_CURVE ( 'NONE', #7738, #5365, #680, .T. ) ;
#4883 = ADVANCED_FACE ( 'NONE', ( #1276 ), #2047, .T. ) ;
#4884 = CARTESIAN_POINT ( 'NONE',  ( -1.709619794542881044, -0.7499999999999995559, 9.410623007495122039 ) ) ;
#4885 = LINE ( 'NONE', #8080, #6032 ) ;
#4886 = CARTESIAN_POINT ( 'NONE',  ( -1.500000000000000000, -16.35000000000000142, -2.741464024932667165 ) ) ;
#4887 = DIRECTION ( 'NONE',  ( -0.000000000000000000, 1.000000000000000000, -0.000000000000000000 ) ) ;
#4888 = ORIENTED_EDGE ( 'NONE', *, *, #5720, .F. ) ;
#4889 = VECTOR ( 'NONE', #6390, 1000.000000000000000 ) ;
#4890 = CARTESIAN_POINT ( 'NONE',  ( 9.602666487600078682, -0.9372534403091697941, 1.996594984488618163 ) ) ;
#4891 = DIRECTION ( 'NONE',  ( -1.000000000000000000, 0.000000000000000000, 0.000000000000000000 ) ) ;
#4892 = ADVANCED_FACE ( 'NONE', ( #4654 ), #796, .T. ) ;
#4893 = CARTESIAN_POINT ( 'NONE',  ( 9.916618388791301086, -1.106163596442915065, -1.650694443027635128 ) ) ;
#4894 = VECTOR ( 'NONE', #4943, 1000.000000000000000 ) ;
#4895 = CARTESIAN_POINT ( 'NONE',  ( -9.066909142011349232, -1.249999999999999778, 2.212549691026840737 ) ) ;
#4896 = ORIENTED_EDGE ( 'NONE', *, *, #4872, .F. ) ;
#4897 = ORIENTED_EDGE ( 'NONE', *, *, #926, .T. ) ;
#4898 = DIRECTION ( 'NONE',  ( -0.000000000000000000, -1.000000000000000000, -0.000000000000000000 ) ) ;
#4899 = CARTESIAN_POINT ( 'NONE',  ( -2.789869851542111867, -0.7499999999999997780, 6.243791634053216910 ) ) ;
#4900 = CIRCLE ( 'NONE', #3110, 9.305145129612210297 ) ;
#4901 = CARTESIAN_POINT ( 'NONE',  ( 0.8349215533303481207, -0.9427265114570065885, -5.875021577744238499 ) ) ;
#4902 = CARTESIAN_POINT ( 'NONE',  ( 4.666952640636861105, -1.249999999999999778, 4.830671322132786827 ) ) ;
#4903 = CARTESIAN_POINT ( 'NONE',  ( -5.103397455562689977, -0.7499999999999997780, 5.103761866399098679 ) ) ;
#4904 = CARTESIAN_POINT ( 'NONE',  ( 5.771359271333119878, -6.349999999999999645, 2.481203500579824528 ) ) ;
#4905 = CARTESIAN_POINT ( 'NONE',  ( 0.000000000000000000, -0.7499999999999997780, 0.000000000000000000 ) ) ;
#4906 = CARTESIAN_POINT ( 'NONE',  ( 9.008710553930306730, -0.7499999999999997780, 2.329991424587344095 ) ) ;
#4907 = CIRCLE ( 'NONE', #5751, 2.100000000000000089 ) ;
#4908 = ORIENTED_EDGE ( 'NONE', *, *, #2482, .T. ) ;
#4909 = CARTESIAN_POINT ( 'NONE',  ( -7.350074935597541465E-15, -0.7499999999999997780, -2.105145129612210120 ) ) ;
#4910 = DIRECTION ( 'NONE',  ( -0.000000000000000000, -1.000000000000000000, -0.000000000000000000 ) ) ;
#4911 = VECTOR ( 'NONE', #8013, 1000.000000000000000 ) ;
#4912 = CARTESIAN_POINT ( 'NONE',  ( 0.8089016042668055739, -0.7806987747700455671, -9.259019847072956111 ) ) ;
#4913 = CARTESIAN_POINT ( 'NONE',  ( -1.609750695353837191, -0.7499999999999997780, -9.204977865299715845 ) ) ;
#4914 = LINE ( 'NONE', #1573, #89 ) ;
#4915 = CARTESIAN_POINT ( 'NONE',  ( 0.5238813570688424237, -1.047492893407810044, 5.803881357068840785 ) ) ;
#4916 = EDGE_LOOP ( 'NONE', ( #2108, #1908, #2610, #5321 ) ) ;
#4917 = CARTESIAN_POINT ( 'NONE',  ( 9.271084787564097596, -1.249999999999999778, -0.4948548703878234423 ) ) ;
#4918 = ADVANCED_FACE ( 'NONE', ( #4692 ), #1435, .F. ) ;
#4919 = CARTESIAN_POINT ( 'NONE',  ( -0.9948548703877909682, -0.7499999999999997780, -9.115647332695417049 ) ) ;
#4920 = CARTESIAN_POINT ( 'NONE',  ( 6.100097556305089874, -0.9981907295795000579, -0.5579615851810605376 ) ) ;
#4921 = CARTESIAN_POINT ( 'NONE',  ( -5.899142436556304325, -1.249999999999999778, -0.4949083761043444607 ) ) ;
#4922 = ORIENTED_EDGE ( 'NONE', *, *, #5147, .T. ) ;
#4923 = VERTEX_POINT ( 'NONE', #1438 ) ;
#4924 = CARTESIAN_POINT ( 'NONE',  ( -0.9291536445350614404, -0.7604443523589553555, 9.220152429365409574 ) ) ;
#4925 = CARTESIAN_POINT ( 'NONE',  ( 5.837961585181036916, -0.9981907295794998358, 0.8200975563050912909 ) ) ;
#4926 = CARTESIAN_POINT ( 'NONE',  ( -2.105143927105072255, -1.177689514655752001, 10.20694294810228797 ) ) ;
#4927 = CARTESIAN_POINT ( 'NONE',  ( -5.774854870387789774, -0.7499999999999997780, -2.275387937340419775 ) ) ;
#4928 = ORIENTED_EDGE ( 'NONE', *, *, #1498, .F. ) ;
#4929 = CARTESIAN_POINT ( 'NONE',  ( -9.563313570181753320, -1.249999999999999778, -0.7270925849430750487 ) ) ;
#4930 = CARTESIAN_POINT ( 'NONE',  ( 0.000000000000000000, -16.35000000000000142, -17.67766952966369587 ) ) ;
#4931 = ORIENTED_EDGE ( 'NONE', *, *, #3442, .T. ) ;
#4932 = EDGE_CURVE ( 'NONE', #6918, #1099, #6073, .T. ) ;
#4933 = EDGE_CURVE ( 'NONE', #6832, #5588, #5772, .T. ) ;
#4934 = CARTESIAN_POINT ( 'NONE',  ( -2.623896044971783414, -6.349999999999998757, 5.757573124251216257 ) ) ;
#4935 = CARTESIAN_POINT ( 'NONE',  ( 1.605145129612327137, -1.249999999999999778, -2.579530876151997729E-14 ) ) ;
#4936 = ORIENTED_EDGE ( 'NONE', *, *, #6500, .F. ) ;
#4937 = CARTESIAN_POINT ( 'NONE',  ( -9.318246261006285280, -1.249999999999999778, -2.104150091524124910 ) ) ;
#4938 = ORIENTED_EDGE ( 'NONE', *, *, #7377, .F. ) ;
#4939 = ORIENTED_EDGE ( 'NONE', *, *, #184, .F. ) ;
#4940 = EDGE_CURVE ( 'NONE', #1447, #5797, #2175, .T. ) ;
#4941 = CARTESIAN_POINT ( 'NONE',  ( -2.929862847091947220, -0.7499999999999997780, -6.223114930110607013 ) ) ;
#4942 = CARTESIAN_POINT ( 'NONE',  ( -6.229044032153018051, -0.7499999989588495009, -0.9490440321529129974 ) ) ;
#4943 = DIRECTION ( 'NONE',  ( 8.659560562354930393E-17, -0.7071067811865479058, 0.7071067811865472397 ) ) ;
#4944 = DIRECTION ( 'NONE',  ( -0.000000000000000000, -1.000000000000000000, -0.000000000000000000 ) ) ;
#4945 = FACE_OUTER_BOUND ( 'NONE', #3128, .T. ) ;
#4946 = CARTESIAN_POINT ( 'NONE',  ( 9.563309819739385986, -1.249999999999999778, -0.7270764054875579196 ) ) ;
#4947 = CARTESIAN_POINT ( 'NONE',  ( 4.880070523796574022, -6.349999999999999645, 4.615838004787285342 ) ) ;
#4948 = CARTESIAN_POINT ( 'NONE',  ( 10.07030783714662370, -1.249999999999999778, 1.876683844410757196 ) ) ;
#4949 = CARTESIAN_POINT ( 'NONE',  ( 12.69999999999999929, -4.349999999999999645, -1.600000000000005862 ) ) ;
#4950 = ORIENTED_EDGE ( 'NONE', *, *, #7894, .T. ) ;
#4951 = EDGE_CURVE ( 'NONE', #4203, #8528, #7446, .T. ) ;
#4952 = CARTESIAN_POINT ( 'NONE',  ( 3.499999999999998668, -11.40025253169416608, -14.17766952966370297 ) ) ;
#4953 = CARTESIAN_POINT ( 'NONE',  ( -5.055353611409759473, -1.249999999999999556, -4.404071454113248407 ) ) ;
#4954 = CARTESIAN_POINT ( 'NONE',  ( 0.9948548703877572175, -0.7499999999999996669, -9.115647332695260729 ) ) ;
#4955 = CARTESIAN_POINT ( 'NONE',  ( -2.116026783217359597, -1.249999999999999778, -9.216837883457113634 ) ) ;
#4956 = CARTESIAN_POINT ( 'NONE',  ( -9.530431722890567059, -6.349999999999997868, -0.5853924772788433595 ) ) ;
#4957 = CARTESIAN_POINT ( 'NONE',  ( -9.632018583346331653, -0.7952020810984772314, -1.634833337635835271 ) ) ;
#4958 = ORIENTED_EDGE ( 'NONE', *, *, #5743, .T. ) ;
#4959 = CARTESIAN_POINT ( 'NONE',  ( -0.4948548703877910238, -6.349999999999999645, 0.000000000000000000 ) ) ;
#4960 = CARTESIAN_POINT ( 'NONE',  ( 5.889309911231772610, -0.9046407722474697488, -0.6093099112318164368 ) ) ;
#4961 = CARTESIAN_POINT ( 'NONE',  ( 6.274854870387789774, -0.7499999999999997780, 0.9948548703877916344 ) ) ;
#4962 = VERTEX_POINT ( 'NONE', #202 ) ;
#4963 = FACE_OUTER_BOUND ( 'NONE', #1905, .T. ) ;
#4964 = CARTESIAN_POINT ( 'NONE',  ( 4.705393340446841322, -6.349999999999999645, -4.793229508794065730 ) ) ;
#4965 = DIRECTION ( 'NONE',  ( -1.000000000000000000, 0.000000000000000000, 1.047444401652940007E-14 ) ) ;
#4966 = CARTESIAN_POINT ( 'NONE',  ( 6.157697582862406094, -0.7499999999999996669, -0.7019616515743600793 ) ) ;
#4967 = ORIENTED_EDGE ( 'NONE', *, *, #5378, .T. ) ;
#4968 = EDGE_CURVE ( 'NONE', #8172, #3936, #6170, .T. ) ;
#4969 = CARTESIAN_POINT ( 'NONE',  ( -5.662694476434057655, -6.349999999999997868, 3.183923409924036108 ) ) ;
#4970 = CARTESIAN_POINT ( 'NONE',  ( -2.105145129612326915, -1.249999999999999778, 4.853065379533336231E-14 ) ) ;
#4971 = DIRECTION ( 'NONE',  ( 1.000000000000000000, -0.000000000000000000, -9.497769312600652573E-16 ) ) ;
#4972 = ORIENTED_EDGE ( 'NONE', *, *, #1599, .F. ) ;
#4973 = CARTESIAN_POINT ( 'NONE',  ( 9.895190270746581973, -1.067192002139786711, 1.649780075212565977 ) ) ;
#4974 = ORIENTED_EDGE ( 'NONE', *, *, #6198, .T. ) ;
#4975 = CARTESIAN_POINT ( 'NONE',  ( -0.4948548703877328481, -1.249999999999999778, 5.774854870387795103 ) ) ;
#4976 = CARTESIAN_POINT ( 'NONE',  ( 1.605145129612209898, -0.7499999999999996669, 9.344284074950623520 ) ) ;
#4977 = CARTESIAN_POINT ( 'NONE',  ( -9.243195242910294596, -0.7499999999999998890, -1.607376972291165718 ) ) ;
#4978 = EDGE_CURVE ( 'NONE', #4923, #775, #2771, .T. ) ;
#4979 = CARTESIAN_POINT ( 'NONE',  ( 9.935817880025513915, -1.177717385068819400, -1.651291189940010895 ) ) ;
#4980 = CARTESIAN_POINT ( 'NONE',  ( 4.985444198140582373, -6.349999999999999645, -4.491787385390093590 ) ) ;
#4981 = VERTEX_POINT ( 'NONE', #8091 ) ;
#4982 = ORIENTED_EDGE ( 'NONE', *, *, #25, .F. ) ;
#4983 = CARTESIAN_POINT ( 'NONE',  ( -9.244344518579985959, -1.249999999999999778, -2.107992638069543734 ) ) ;
#4984 = CARTESIAN_POINT ( 'NONE',  ( 2.252437811466490913, -0.7499999999999997780, 5.775218723744991678 ) ) ;
#4985 = AXIS2_PLACEMENT_3D ( 'NONE', #1165, #1211, #3121 ) ;
#4986 = CARTESIAN_POINT ( 'NONE',  ( -3.176966234832100167, -0.7500000000000283107, 5.664556239747200905 ) ) ;
#4987 = CARTESIAN_POINT ( 'NONE',  ( 0.8200975563050709738, -0.9981907295795091617, -5.837961585181036916 ) ) ;
#4988 = DIRECTION ( 'NONE',  ( 0.000000000000000000, 0.000000000000000000, -1.000000000000000000 ) ) ;
#4989 = CARTESIAN_POINT ( 'NONE',  ( -5.774854870387789774, -0.7499999999999997780, 0.000000000000000000 ) ) ;
#4990 = CARTESIAN_POINT ( 'NONE',  ( 9.220152429365354507, -0.7604443523589372589, 0.9291536445351639140 ) ) ;
#4991 = EDGE_CURVE ( 'NONE', #5774, #6449, #7821, .T. ) ;
#4992 = CARTESIAN_POINT ( 'NONE',  ( -4.790377844397126772, -6.349999999999999645, 4.708419941522047125 ) ) ;
#4993 = EDGE_CURVE ( 'NONE', #6732, #6703, #8196, .T. ) ;
#4994 = CARTESIAN_POINT ( 'NONE',  ( -6.074809178934704512, -6.349999999999999645, 0.4948548703878546395 ) ) ;
#4995 = B_SPLINE_CURVE_WITH_KNOTS ( 'NONE', 3,
 ( #7165, #565, #1286, #7211, #5926, #2411 ),
 .UNSPECIFIED., .F., .F.,
 ( 4, 2, 4 ),
 ( 0.000000000000000000, 0.0003906203680768546914, 0.0007812407361537091659 ),
 .UNSPECIFIED. ) ;
#4996 = ORIENTED_EDGE ( 'NONE', *, *, #2699, .T. ) ;
#4997 = DIRECTION ( 'NONE',  ( 0.000000000000000000, -0.000000000000000000, 1.000000000000000000 ) ) ;
#4998 = AXIS2_PLACEMENT_3D ( 'NONE', #1227, #7282, #1355 ) ;
#4999 = CARTESIAN_POINT ( 'NONE',  ( 2.100000000000000977, -12.70991991758779882, -2.314222331583552617 ) ) ;
#5000 = CARTESIAN_POINT ( 'NONE',  ( -3.031737370648488472, -1.249999999999999334, -5.693895767210744197 ) ) ;
#5001 = CARTESIAN_POINT ( 'NONE',  ( -2.188081452910447755, -0.7500000000000093259, -9.089434105022075272 ) ) ;
#5002 = FACE_OUTER_BOUND ( 'NONE', #3869, .T. ) ;
#5003 = EDGE_CURVE ( 'NONE', #2701, #5450, #280, .T. ) ;
#5004 = DIRECTION ( 'NONE',  ( 0.000000000000000000, 1.000000000000000000, 0.000000000000000000 ) ) ;
#5005 = VECTOR ( 'NONE', #7863, 1000.000000000000000 ) ;
#5006 = LINE ( 'NONE', #7764, #622 ) ;
#5007 = VERTEX_POINT ( 'NONE', #122 ) ;
#5008 = CARTESIAN_POINT ( 'NONE',  ( 12.69999999999999929, -6.349999999999999645, -1.734723475976804925E-15 ) ) ;
#5009 = ORIENTED_EDGE ( 'NONE', *, *, #2493, .F. ) ;
#5010 = ORIENTED_EDGE ( 'NONE', *, *, #3419, .F. ) ;
#5011 = CARTESIAN_POINT ( 'NONE',  ( 2.275387937340400235, -1.249999999999999778, -5.774854870387802208 ) ) ;
#5012 = CARTESIAN_POINT ( 'NONE',  ( 5.899142436556307878, -6.349999999999999645, 0.4949083761043419627 ) ) ;
#5013 =( BOUNDED_SURFACE ( )  B_SPLINE_SURFACE ( 3, 2, ( 
 ( #7431, #149, #6058 ),
 ( #2114, #2921, #2282 ),
 ( #3505, #822, #6139 ),
 ( #4925, #7474, #782 ),
 ( #225, #2843, #4115 ),
 ( #7553, #8120, #2200 ),
 ( #4839, #1545, #1465 ),
 ( #4196, #5539, #6095 ),
 ( #6823, #4758, #3461 ),
 ( #902, #3545, #6180 ) ),
 .UNSPECIFIED., .F., .F., .T. ) 
 B_SPLINE_SURFACE_WITH_KNOTS ( ( 4, 2, 2, 2, 4 ),
 ( 3, 3 ),
 ( 6.283185307179586232, 6.675884388878310816, 7.068583470577034511, 7.461282552275758206, 7.853981633974482790 ),
 ( 0.000000000000000000, 1.000000000000000000 ),
 .UNSPECIFIED. ) 
 GEOMETRIC_REPRESENTATION_ITEM ( )  RATIONAL_B_SPLINE_SURFACE ( (
 ( 1.000000000000000000, 0.7071067811865475727, 1.000000000000000000),
 ( 1.000000000000000000, 0.7066753101504366086, 1.000000000000000000),
 ( 1.000000000000000000, 0.7265523339799826452, 1.000000000000000000),
 ( 1.000000000000000000, 0.7876779057172208498, 1.000000000000000000),
 ( 1.000000000000000000, 0.8282383019017577341, 1.000000000000000000),
 ( 1.000000000000000000, 0.9038125056671185709, 1.000000000000000000),
 ( 1.000000000000000000, 0.9386557992894088986, 1.000000000000000000),
 ( 1.000000000000000000, 0.9867290404729036624, 1.000000000000000000),
 ( 1.000000000000000000, 1.000158692512681524, 1.000000000000000000),
 ( 1.000000000000000000, 1.000000000000000000, 1.000000000000000000) ) ) 
 REPRESENTATION_ITEM ( '' )  SURFACE ( )  );
#5014 = CARTESIAN_POINT ( 'NONE',  ( -9.848400162133616575, -0.9799059656209810898, 1.647799824854172979 ) ) ;
#5015 = ORIENTED_EDGE ( 'NONE', *, *, #7311, .T. ) ;
#5016 = CARTESIAN_POINT ( 'NONE',  ( 2.118344590434088737, -6.349999999999999645, -9.210195143065625700 ) ) ;
#5017 = ORIENTED_EDGE ( 'NONE', *, *, #2863, .F. ) ;
#5018 = CARTESIAN_POINT ( 'NONE',  ( -2.121320343559642829, -10.02157287525380980, -15.55634918610405037 ) ) ;
#5019 = CARTESIAN_POINT ( 'NONE',  ( -3.499999999999997780, -16.35000000000000142, -14.17766952966369587 ) ) ;
#5020 = VERTEX_POINT ( 'NONE', #754 ) ;
#5021 = CARTESIAN_POINT ( 'NONE',  ( 9.244344518579985959, -1.249999999999999778, 2.107992638069543734 ) ) ;
#5022 = EDGE_CURVE ( 'NONE', #7341, #8258, #7715, .T. ) ;
#5023 = ORIENTED_EDGE ( 'NONE', *, *, #5966, .F. ) ;
#5024 = CARTESIAN_POINT ( 'NONE',  ( 1.666225140989271880, -0.7500000624335169119, 9.441261499488774689 ) ) ;
#5025 = CARTESIAN_POINT ( 'NONE',  ( -5.774854870387789774, -6.349999999999999645, -0.7948091789347090375 ) ) ;
#5026 = B_SPLINE_CURVE_WITH_KNOTS ( 'NONE', 3,
 ( #5611, #4400, #8229, #1786, #1066, #5655 ),
 .UNSPECIFIED., .F., .F.,
 ( 4, 2, 4 ),
 ( 0.000000000000000000, 0.0004001435597879474354, 0.0008002871195758951960 ),
 .UNSPECIFIED. ) ;
#5027 = CARTESIAN_POINT ( 'NONE',  ( 9.848400162133625457, -0.9799059656209815339, -1.647799824854104145 ) ) ;
#5028 = ORIENTED_EDGE ( 'NONE', *, *, #5629, .T. ) ;
#5029 = CARTESIAN_POINT ( 'NONE',  ( -9.025180162666728734, -6.349999999999999645, 2.277684825170614769 ) ) ;
#5030 = CARTESIAN_POINT ( 'NONE',  ( 5.633653610058516392, -6.349999999999999645, -3.273201351990667529 ) ) ;
#5031 = ORIENTED_EDGE ( 'NONE', *, *, #859, .T. ) ;
#5032 = VERTEX_POINT ( 'NONE', #8008 ) ;
#5033 = CARTESIAN_POINT ( 'NONE',  ( -9.092018752690826489, -6.349999999999999645, -2.185427387327768312 ) ) ;
#5034 = CARTESIAN_POINT ( 'NONE',  ( -6.274854870387789774, -0.7499999999999996669, -0.9948548703877927446 ) ) ;
#5035 = ADVANCED_FACE ( 'NONE', ( #7405 ), #2090, .T. ) ;
#5036 = CARTESIAN_POINT ( 'NONE',  ( 1.876683844410721447, -1.250000000000000000, -10.07030783714663258 ) ) ;
#5037 = CARTESIAN_POINT ( 'NONE',  ( 0.8083268992938904551, -0.7777511574428105368, -6.088326899293906358 ) ) ;
#5038 = CARTESIAN_POINT ( 'NONE',  ( 2.348440763761889816, -1.249999999999999778, 9.002901470545154439 ) ) ;
#5039 = DIRECTION ( 'NONE',  ( 0.000000000000000000, 0.000000000000000000, -1.000000000000000000 ) ) ;
#5040 = VECTOR ( 'NONE', #6992, 1000.000000000000000 ) ;
#5041 = B_SPLINE_CURVE_WITH_KNOTS ( 'NONE', 3,
 ( #6860, #5531, #297, #2959, #8231, #5706 ),
 .UNSPECIFIED., .F., .F.,
 ( 4, 2, 4 ),
 ( 0.000000000000000000, 0.0003906446212684730772, 0.0007812892425369458290 ),
 .UNSPECIFIED. ) ;
#5042 = CARTESIAN_POINT ( 'NONE',  ( -10.07030783714660593, -6.350000000000000533, 1.876683844410867108 ) ) ;
#5043 =( BOUNDED_CURVE ( )  B_SPLINE_CURVE ( 3, ( #1142, #6982, #6383, #7116 ),
 .UNSPECIFIED., .F., .T. ) 
 B_SPLINE_CURVE_WITH_KNOTS ( ( 4, 4 ),
 ( 3.927143110234815992, 5.497634850534550921 ),
 .UNSPECIFIED. ) 
 CURVE ( )  GEOMETRIC_REPRESENTATION_ITEM ( )  RATIONAL_B_SPLINE_CURVE ( ( 1.000000000000000000, 0.8048096403827855738, 0.8048096403827855738, 1.000000000000000000 ) ) 
 REPRESENTATION_ITEM ( '' )  );
#5044 = CARTESIAN_POINT ( 'NONE',  ( 9.092018752388744574, -1.249999999999999778, -2.185427387616520445 ) ) ;
#5045 = ORIENTED_EDGE ( 'NONE', *, *, #7139, .T. ) ;
#5046 = AXIS2_PLACEMENT_3D ( 'NONE', #7833, #1263, #2602 ) ;
#5047 = CARTESIAN_POINT ( 'NONE',  ( 9.935836767996187646, -1.249999999999999778, -1.651322806674095256 ) ) ;
#5048 = EDGE_CURVE ( 'NONE', #455, #6101, #2081, .T. ) ;
#5049 = ADVANCED_FACE ( 'NONE', ( #5472 ), #1740, .T. ) ;
#5050 = CARTESIAN_POINT ( 'NONE',  ( 1.500000000000000000, -11.38030615433009274, -2.741464024932667609 ) ) ;
#5051 = CARTESIAN_POINT ( 'NONE',  ( 0.7271087643984323057, -1.249999999999999778, -9.563317320624239670 ) ) ;
#5052 = CARTESIAN_POINT ( 'NONE',  ( 4.989759956450551925, -6.350000000000000533, -4.484331724749668346 ) ) ;
#5053 = AXIS2_PLACEMENT_3D ( 'NONE', #1232, #600, #1878 ) ;
#5054 = CARTESIAN_POINT ( 'NONE',  ( 0.7948091789346888314, -0.7499999999999997780, -5.774854870387792438 ) ) ;
#5055 = CARTESIAN_POINT ( 'NONE',  ( -9.935817880025343385, -1.177717949231325445, -1.651291189939978032 ) ) ;
#5056 = ORIENTED_EDGE ( 'NONE', *, *, #571, .T. ) ;
#5057 = CARTESIAN_POINT ( 'NONE',  ( 2.212108988619433614, -0.7499999999999997780, -9.067256541108125845 ) ) ;
#5058 = CARTESIAN_POINT ( 'NONE',  ( 0.9948548703877977406, -0.7499999999999997780, -4.418407420662253084E-15 ) ) ;
#5059 = EDGE_CURVE ( 'NONE', #3114, #7011, #4765, .T. ) ;
#5060 = VECTOR ( 'NONE', #1225, 1000.000000000000000 ) ;
#5061 = CARTESIAN_POINT ( 'NONE',  ( 6.209393325097495087, -0.7499999999999996669, -0.9686702522716570396 ) ) ;
#5062 = DIRECTION ( 'NONE',  ( 0.000000000000000000, 1.000000000000000000, 0.000000000000000000 ) ) ;
#5063 = CARTESIAN_POINT ( 'NONE',  ( 2.275387937340400235, -6.349999999999999645, -5.774854870387802208 ) ) ;
#5064 = CARTESIAN_POINT ( 'NONE',  ( 9.170823234141108671, -1.249999999999999334, 2.132051370986054462 ) ) ;
#5065 = DIRECTION ( 'NONE',  ( -0.000000000000000000, -1.000000000000000000, -0.000000000000000000 ) ) ;
#5066 = CARTESIAN_POINT ( 'NONE',  ( 2.147236052271303652, -6.349999999999999645, -9.141921724149263184 ) ) ;
#5067 = VECTOR ( 'NONE', #4880, 1000.000000000000000 ) ;
#5068 = CARTESIAN_POINT ( 'NONE',  ( -1.605145129612111754, -0.7499999999999997780, 9.344284074950470753 ) ) ;
#5069 = PLANE ( 'NONE',  #6247 ) ;
#5070 = ORIENTED_EDGE ( 'NONE', *, *, #813, .T. ) ;
#5071 = EDGE_CURVE ( 'NONE', #3422, #4374, #3606, .T. ) ;
#5072 = VERTEX_POINT ( 'NONE', #8308 ) ;
#5073 =( BOUNDED_CURVE ( )  B_SPLINE_CURVE ( 3, ( #7375, #4141, #4185, #6127 ),
 .UNSPECIFIED., .F., .T. ) 
 B_SPLINE_CURVE_WITH_KNOTS ( ( 4, 4 ),
 ( 0.000000000000000000, 1.000000000000000000 ),
 .UNSPECIFIED. ) 
 CURVE ( )  GEOMETRIC_REPRESENTATION_ITEM ( )  RATIONAL_B_SPLINE_CURVE ( ( 1.000000000000000000, 0.6625055929971763735, 0.6625055929971763735, 1.000000000000000000 ) ) 
 REPRESENTATION_ITEM ( '' )  );
#5074 = DIRECTION ( 'NONE',  ( 0.000000000000000000, 0.000000000000000000, -1.000000000000000000 ) ) ;
#5075 = CARTESIAN_POINT ( 'NONE',  ( 5.774854870387781780, -1.249999999999999778, -2.275387937340445088 ) ) ;
#5076 = CARTESIAN_POINT ( 'NONE',  ( -8.951975539416439531, -0.7500000000000000000, 1.679355324150463069 ) ) ;
#5077 = LINE ( 'NONE', #1126, #7899 ) ;
#5078 = LINE ( 'NONE', #1769, #5422 ) ;
#5079 = ORIENTED_EDGE ( 'NONE', *, *, #7524, .T. ) ;
#5080 = ORIENTED_EDGE ( 'NONE', *, *, #7062, .T. ) ;
#5081 = DIRECTION ( 'NONE',  ( -1.000000000000000000, -3.807460554844515166E-15, 0.000000000000000000 ) ) ;
#5082 = CARTESIAN_POINT ( 'NONE',  ( -5.774854870387789774, -0.7499999999999997780, -0.7948091789347090375 ) ) ;
#5083 = CARTESIAN_POINT ( 'NONE',  ( -2.724202520078221834, -0.7499999999999997780, 5.747822304430791007 ) ) ;
#5084 = CARTESIAN_POINT ( 'NONE',  ( 2.107703023877881332, -0.7499999999999904521, 9.258927515424622001 ) ) ;
#5085 = CARTESIAN_POINT ( 'NONE',  ( 0.7948320246612494699, -1.249999999999999778, 5.774854870387789774 ) ) ;
#5086 = CARTESIAN_POINT ( 'NONE',  ( 5.501497584056000534, -6.349999999999999645, 3.650367610012353659 ) ) ;
#5087 = CARTESIAN_POINT ( 'NONE',  ( -5.729727507366483508, -1.249999999999999778, 2.846498317571665826 ) ) ;
#5088 = EDGE_CURVE ( 'NONE', #5240, #82, #2390, .T. ) ;
#5089 = CARTESIAN_POINT ( 'NONE',  ( 9.067733686854488440, -6.350000000000002309, -2.211476516841444973 ) ) ;
#5090 = ORIENTED_EDGE ( 'NONE', *, *, #4779, .F. ) ;
#5091 = ORIENTED_EDGE ( 'NONE', *, *, #2127, .F. ) ;
#5092 = CARTESIAN_POINT ( 'NONE',  ( 5.774854870387781780, -1.249999999999999778, -2.275387937340445088 ) ) ;
#5093 = CARTESIAN_POINT ( 'NONE',  ( -2.266305911965491582, -0.7499999999999997780, 9.032593606582906887 ) ) ;
#5094 = CARTESIAN_POINT ( 'NONE',  ( -5.598110850518169812, -1.249999999999999778, -3.397802656289727441 ) ) ;
#5095 = CARTESIAN_POINT ( 'NONE',  ( -3.273201351990647989, -1.249999999999999334, -5.633653610058527939 ) ) ;
#5096 = CARTESIAN_POINT ( 'NONE',  ( 5.773753185279966615, -6.350000000000001421, -2.344876953718638468 ) ) ;
#5097 = CARTESIAN_POINT ( 'NONE',  ( -2.555000000000000160, -6.349999999999999645, -2.555000000000000160 ) ) ;
#5098 = DIRECTION ( 'NONE',  ( -0.000000000000000000, 1.000000000000000000, -0.000000000000000000 ) ) ;
#5099 = ORIENTED_EDGE ( 'NONE', *, *, #6297, .T. ) ;
#5100 = CARTESIAN_POINT ( 'NONE',  ( -5.868525306271784814, -0.7499999999999997780, -4.052276192138255517 ) ) ;
#5101 = CARTESIAN_POINT ( 'NONE',  ( 2.930635471882042431, -0.7499999999999997780, -6.222980790483313207 ) ) ;
#5102 = CARTESIAN_POINT ( 'NONE',  ( -6.242084559014551282, -0.7499999999999994449, -2.802218210153312850 ) ) ;
#5103 = FACE_OUTER_BOUND ( 'NONE', #1117, .T. ) ;
#5104 = CARTESIAN_POINT ( 'NONE',  ( 1.651354423408103456, -6.349999999999999645, -9.935855655966877364 ) ) ;
#5105 = EDGE_CURVE ( 'NONE', #4405, #3903, #317, .T. ) ;
#5106 = CARTESIAN_POINT ( 'NONE',  ( -4.472339845786281742, -6.349999999999999645, 5.001497253821699296 ) ) ;
#5107 = CARTESIAN_POINT ( 'NONE',  ( 3.099999999999998757, -12.84999999999999964, -9.741464024932666277 ) ) ;
#5108 = ORIENTED_EDGE ( 'NONE', *, *, #5525, .T. ) ;
#5109 = EDGE_LOOP ( 'NONE', ( #1659, #4670, #1250, #5181 ) ) ;
#5110 = CARTESIAN_POINT ( 'NONE',  ( -6.157697582862408758, -0.7499999999999996669, -0.7019616515743394292 ) ) ;
#5111 = CARTESIAN_POINT ( 'NONE',  ( 1.631311024333782944, -0.7804688038444926867, 9.589666438347538957 ) ) ;
#5112 = CARTESIAN_POINT ( 'NONE',  ( 0.000000000000000000, -0.05000000000000056483, 0.000000000000000000 ) ) ;
#5113 = DIRECTION ( 'NONE',  ( -0.000000000000000000, -1.000000000000000000, -0.000000000000000000 ) ) ;
#5114 = ADVANCED_FACE ( 'NONE', ( #6414 ), #7107, .F. ) ;
#5115 = CARTESIAN_POINT ( 'NONE',  ( -4.033720774307608892, -1.249999999999999778, -5.309924168468470818 ) ) ;
#5116 = CARTESIAN_POINT ( 'NONE',  ( -9.318289500075371379, -0.7499999999999997780, 2.104147843290053999 ) ) ;
#5117 = ORIENTED_EDGE ( 'NONE', *, *, #5267, .F. ) ;
#5118 = FACE_OUTER_BOUND ( 'NONE', #6136, .T. ) ;
#5119 = CARTESIAN_POINT ( 'NONE',  ( 1.647799883371312779, -0.9799077932450639405, -9.848401443176317827 ) ) ;
#5120 = CARTESIAN_POINT ( 'NONE',  ( 1.719465971981395613, -0.7499999999999997780, 8.877745525418553996 ) ) ;
#5121 = CARTESIAN_POINT ( 'NONE',  ( -9.626473471171149043, -0.9791631771277509166, -2.031123569587077959 ) ) ;
#5122 = DIRECTION ( 'NONE',  ( -1.000000000000000000, 0.000000000000000000, 9.497769312600652573E-16 ) ) ;
#5123 = CARTESIAN_POINT ( 'NONE',  ( -5.774854927343621824, -1.143549782630399081, 0.4948549273436330664 ) ) ;
#5124 = CARTESIAN_POINT ( 'NONE',  ( 9.149577171532992992, -6.349999999999999645, -2.144157438244254088 ) ) ;
#5125 = ORIENTED_EDGE ( 'NONE', *, *, #2382, .F. ) ;
#5126 = AXIS2_PLACEMENT_3D ( 'NONE', #8500, #3153, #4446 ) ;
#5127 = DIRECTION ( 'NONE',  ( -1.776356839400250465E-15, 0.000000000000000000, 1.000000000000000000 ) ) ;
#5128 = EDGE_CURVE ( 'NONE', #1089, #3485, #322, .T. ) ;
#5129 = CARTESIAN_POINT ( 'NONE',  ( -12.69999999999999929, -4.349999999999999645, -1.600000000000005862 ) ) ;
#5130 = CARTESIAN_POINT ( 'NONE',  ( -1.500000000000000000, -16.35000000000000142, -2.741464024932667165 ) ) ;
#5131 = VECTOR ( 'NONE', #6861, 1000.000000000000000 ) ;
#5132 = LINE ( 'NONE', #3188, #2690 ) ;
#5133 = CARTESIAN_POINT ( 'NONE',  ( 0.000000000000000000, -6.349999999999999645, 13.43502884254440310 ) ) ;
#5134 = ORIENTED_EDGE ( 'NONE', *, *, #7941, .F. ) ;
#5135 = CARTESIAN_POINT ( 'NONE',  ( -5.747822304430938445, -0.7499999999999433786, -2.724202520076950851 ) ) ;
#5136 = CARTESIAN_POINT ( 'NONE',  ( -9.484758676381014553, -1.051235928158962052, 0.5254370801674087543 ) ) ;
#5137 = EDGE_CURVE ( 'NONE', #4237, #8418, #4348, .T. ) ;
#5138 = EDGE_LOOP ( 'NONE', ( #7429, #6600, #541, #816, #2042, #4190, #3292 ) ) ;
#5139 = DIRECTION ( 'NONE',  ( -0.000000000000000000, -1.000000000000000000, -0.000000000000000000 ) ) ;
#5140 = CARTESIAN_POINT ( 'NONE',  ( -5.774854870387782668, -6.349999999999999645, 0.7948091789347685454 ) ) ;
#5141 = DIRECTION ( 'NONE',  ( 0.000000000000000000, -1.000000000000000000, 0.000000000000000000 ) ) ;
#5142 = CARTESIAN_POINT ( 'NONE',  ( 2.132612037778903069, -6.350000000000000533, -9.169590547013964255 ) ) ;
#5143 = CARTESIAN_POINT ( 'NONE',  ( 0.4948900776567663473, -1.249999999999999778, 9.416551571813759125 ) ) ;
#5144 = CARTESIAN_POINT ( 'NONE',  ( 3.183923409923649750, -6.350000000000001421, 5.662694476433974167 ) ) ;
#5145 = ORIENTED_EDGE ( 'NONE', *, *, #2019, .T. ) ;
#5146 = AXIS2_PLACEMENT_3D ( 'NONE', #5008, #478, #4233 ) ;
#5147 = EDGE_CURVE ( 'NONE', #6054, #2119, #8018, .T. ) ;
#5148 = ORIENTED_EDGE ( 'NONE', *, *, #6584, .F. ) ;
#5149 = ADVANCED_FACE ( 'NONE', ( #8434 ), #2068, .F. ) ;
#5150 = CARTESIAN_POINT ( 'NONE',  ( -0.5579615851809759386, -0.9981907295795007240, 6.100097556305096980 ) ) ;
#5151 = CARTESIAN_POINT ( 'NONE',  ( 1.953100030760920536, -0.8894853869150308734, 9.572898682056846908 ) ) ;
#5152 = CARTESIAN_POINT ( 'NONE',  ( -9.116177672728573711, -0.7500000000000000000, -1.624940046264566451 ) ) ;
#5153 = FACE_OUTER_BOUND ( 'NONE', #5212, .T. ) ;
#5154 = DIRECTION ( 'NONE',  ( -1.000000000000000000, 0.000000000000000000, 1.047444401652940007E-14 ) ) ;
#5155 = DIRECTION ( 'NONE',  ( 0.000000000000000000, 1.000000000000000000, -0.000000000000000000 ) ) ;
#5156 = FACE_OUTER_BOUND ( 'NONE', #6307, .T. ) ;
#5157 = CARTESIAN_POINT ( 'NONE',  ( -2.555000000000000160, -6.349999999999999645, 3.089999999999999858 ) ) ;
#5158 = CARTESIAN_POINT ( 'NONE',  ( -2.192387404637208270, -0.7499999999999997780, -8.527837839776372775 ) ) ;
#5159 = ADVANCED_FACE ( 'NONE', ( #4069 ), #3421, .T. ) ;
#5160 = DIRECTION ( 'NONE',  ( 1.000000000000000000, 0.000000000000000000, 0.000000000000000000 ) ) ;
#5161 = CARTESIAN_POINT ( 'NONE',  ( -9.678314036663973496, -1.249999999999999778, -2.105145129612205235 ) ) ;
#5162 = CARTESIAN_POINT ( 'NONE',  ( 9.563313570181888323, -1.249999999999999778, -0.7270925849430280863 ) ) ;
#5163 = DIRECTION ( 'NONE',  ( -0.000000000000000000, -1.000000000000000000, -0.000000000000000000 ) ) ;
#5164 = EDGE_LOOP ( 'NONE', ( #5125, #8126, #751, #7370 ) ) ;
#5165 = ORIENTED_EDGE ( 'NONE', *, *, #1802, .F. ) ;
#5166 = CARTESIAN_POINT ( 'NONE',  ( -2.100000000000000533, -12.84999999999999964, -2.314222331583553061 ) ) ;
#5167 = CARTESIAN_POINT ( 'NONE',  ( 2.277684825170520178, -6.349999999999999645, 9.025180162666751826 ) ) ;
#5168 = VECTOR ( 'NONE', #4172, 1000.000000000000000 ) ;
#5169 = DIRECTION ( 'NONE',  ( 0.000000000000000000, 0.000000000000000000, 1.000000000000000000 ) ) ;
#5170 = CYLINDRICAL_SURFACE ( 'NONE', #4302, 0.5000000000000000000 ) ;
#5171 = CARTESIAN_POINT ( 'NONE',  ( -1.990127991411492880, -0.9246593638277795790, -9.598094096451669444 ) ) ;
#5172 = CARTESIAN_POINT ( 'NONE',  ( 9.231765511835993365, -1.249999999999999778, 2.112257224997878158 ) ) ;
#5173 = CARTESIAN_POINT ( 'NONE',  ( -9.642852424230067498, -1.030008899707525849, 2.054607589228555575 ) ) ;
#5174 = AXIS2_PLACEMENT_3D ( 'NONE', #2471, #7301, #1818 ) ;
#5175 = CARTESIAN_POINT ( 'NONE',  ( 0.4948548703877909127, -1.114936179398976490, 9.271066631791526902 ) ) ;
#5176 = ORIENTED_EDGE ( 'NONE', *, *, #8320, .T. ) ;
#5177 = CARTESIAN_POINT ( 'NONE',  ( -4.900310936082032498, -1.249999999999999778, -4.593177320052743262 ) ) ;
#5178 = DIRECTION ( 'NONE',  ( 0.000000000000000000, 0.000000000000000000, -1.000000000000000000 ) ) ;
#5179 = CARTESIAN_POINT ( 'NONE',  ( -9.246666417027663343, -0.9743063024704297082, 0.5718457277414767947 ) ) ;
#5180 = CARTESIAN_POINT ( 'NONE',  ( -1.607079079512764075, -0.7499999999999997780, 9.248924463132889073 ) ) ;
#5181 = ORIENTED_EDGE ( 'NONE', *, *, #5785, .F. ) ;
#5182 = CARTESIAN_POINT ( 'NONE',  ( -2.303537777566948996, -1.249999999999999778, -9.017039927679544320 ) ) ;
#5183 = CARTESIAN_POINT ( 'NONE',  ( 0.4948548703877910238, -0.7499999999999997780, 6.074809178934709841 ) ) ;
#5184 = CARTESIAN_POINT ( 'NONE',  ( -4.793229508794048854, -6.349999999999999645, -4.705393340446858197 ) ) ;
#5185 = DIRECTION ( 'NONE',  ( 1.000000000000000000, -0.000000000000000000, -0.000000000000000000 ) ) ;
#5186 = CARTESIAN_POINT ( 'NONE',  ( -5.117196658425063660, -1.249999999999999778, 4.321045569832518751 ) ) ;
#5187 = VERTEX_POINT ( 'NONE', #6653 ) ;
#5188 = ADVANCED_FACE ( 'NONE', ( #693 ), #3986, .F. ) ;
#5189 = CARTESIAN_POINT ( 'NONE',  ( 2.105145129612171484, -1.224858571264066720, -9.678273618406572965 ) ) ;
#5190 = AXIS2_PLACEMENT_3D ( 'NONE', #1896, #5897, #7094 ) ;
#5191 = VERTEX_POINT ( 'NONE', #5778 ) ;
#5192 = ORIENTED_EDGE ( 'NONE', *, *, #8141, .F. ) ;
#5193 = CARTESIAN_POINT ( 'NONE',  ( 0.7948548703877719168, -0.9571067811865472397, -5.774854870387793326 ) ) ;
#5194 = CARTESIAN_POINT ( 'NONE',  ( -2.106866638529200753, -1.249999999999999778, -9.266000294902969614 ) ) ;
#5195 = CARTESIAN_POINT ( 'NONE',  ( 2.252158159391589365, -1.249999999999999778, -5.775249408043555910 ) ) ;
#5196 = CIRCLE ( 'NONE', #2974, 3.719854870387946377 ) ;
#5197 = CARTESIAN_POINT ( 'NONE',  ( 5.747822299876832908, -1.249999999999999778, 2.724202519633177833 ) ) ;
#5198 = EDGE_CURVE ( 'NONE', #4151, #4405, #3495, .T. ) ;
#5199 = CARTESIAN_POINT ( 'NONE',  ( -9.281126975244978539, -6.349999999999999645, 2.106080121572998731 ) ) ;
#5200 = LINE ( 'NONE', #1216, #7484 ) ;
#5201 = ORIENTED_EDGE ( 'NONE', *, *, #1556, .F. ) ;
#5202 = ORIENTED_EDGE ( 'NONE', *, *, #5566, .T. ) ;
#5203 = B_SPLINE_SURFACE_WITH_KNOTS ( 'NONE', 3, 1, ( 
 ( #3742, #412 ),
 ( #8260, #7661 ),
 ( #4983, #5638 ),
 ( #6372, #6412 ),
 ( #5777, #6921 ),
 ( #8306, #5033 ),
 ( #6280, #1001 ),
 ( #7612, #1600 ),
 ( #459, #1681 ),
 ( #3697, #3648 ) ),
 .UNSPECIFIED., .F., .F., .F.,
 ( 4, 1, 1, 1, 1, 1, 1, 4 ),
 ( 2, 2 ),
 ( 0.000000000000000000, 0.1365072331165129715, 0.2792241529779565523, 0.4259469833406855921, 0.5740556039338107208, 0.7207780032599437892, 0.8634940608209027424, 1.000000000000000000 ),
 ( 0.000000000000000000, 1.000000000000000000 ),
 .UNSPECIFIED. ) ;
#5204 = CARTESIAN_POINT ( 'NONE',  ( -0.7271087643983656923, -1.115165646236150998, 9.563317320624244999 ) ) ;
#5205 = CARTESIAN_POINT ( 'NONE',  ( -2.104147843289954967, -1.249999999999999778, -9.318289500075394471 ) ) ;
#5206 = CARTESIAN_POINT ( 'NONE',  ( -1.605145129612209898, -1.249999999999999778, 0.000000000000000000 ) ) ;
#5207 = DIRECTION ( 'NONE',  ( -1.000000000000000000, 0.000000000000000000, 1.047444401652940007E-14 ) ) ;
#5208 = CARTESIAN_POINT ( 'NONE',  ( -5.837961585181027147, -0.9981907295795064972, 0.8200975563051511319 ) ) ;
#5209 = CARTESIAN_POINT ( 'NONE',  ( -2.555000000000000160, 6.349999999999999645, 3.089999999999999858 ) ) ;
#5210 = EDGE_CURVE ( 'NONE', #953, #6626, #2551, .T. ) ;
#5211 = EDGE_CURVE ( 'NONE', #6568, #7271, #6015, .T. ) ;
#5212 = EDGE_LOOP ( 'NONE', ( #4667, #614, #7019, #3741 ) ) ;
#5213 = CARTESIAN_POINT ( 'NONE',  ( -1.885108463066096585, -13.78525338086450525, -2.493275956654094294 ) ) ;
#5214 = CARTESIAN_POINT ( 'NONE',  ( 2.107992638090519844, -6.349999999999999645, 9.244344518389903342 ) ) ;
#5215 = ORIENTED_EDGE ( 'NONE', *, *, #7686, .T. ) ;
#5216 = DIRECTION ( 'NONE',  ( 0.000000000000000000, -0.7071067811865482389, -0.7071067811865469066 ) ) ;
#5217 = CARTESIAN_POINT ( 'NONE',  ( 17.67766952966368876, -6.349999999999999645, 0.000000000000000000 ) ) ;
#5218 = CARTESIAN_POINT ( 'NONE',  ( 2.339595130594204431, -1.249999999999999334, 5.773836923778251418 ) ) ;
#5219 = FACE_OUTER_BOUND ( 'NONE', #5417, .T. ) ;
#5220 = PLANE ( 'NONE',  #5053 ) ;
#5221 = CARTESIAN_POINT ( 'NONE',  ( -9.834301019142651867, -0.7884503103994592310, 1.895897864506672414 ) ) ;
#5222 = ORIENTED_EDGE ( 'NONE', *, *, #914, .T. ) ;
#5223 = EDGE_CURVE ( 'NONE', #1747, #1517, #7409, .T. ) ;
#5224 = CARTESIAN_POINT ( 'NONE',  ( -2.724394546949012952, -1.249999999999999778, -5.747754113034370782 ) ) ;
#5225 = ORIENTED_EDGE ( 'NONE', *, *, #5418, .F. ) ;
#5226 = CARTESIAN_POINT ( 'NONE',  ( -8.552364118411539096, -0.7499999999999997780, 2.115654539303260862 ) ) ;
#5227 = CARTESIAN_POINT ( 'NONE',  ( 12.69999999999999929, -4.349999999999999645, -2.100000000000001421 ) ) ;
#5228 = CARTESIAN_POINT ( 'NONE',  ( -9.039649581226584019, -0.7499999999999997780, 2.253406095693116562 ) ) ;
#5229 = CARTESIAN_POINT ( 'NONE',  ( -5.752814374101023809, -6.350000000000000533, -2.668551216144533278 ) ) ;
#5230 = CARTESIAN_POINT ( 'NONE',  ( -2.253406095693203159, -0.7499999999999997780, -9.039649581226509412 ) ) ;
#5231 = CARTESIAN_POINT ( 'NONE',  ( 4.909990463520464310, -1.249999999999999778, 4.582069818201015998 ) ) ;
#5232 = LINE ( 'NONE', #1367, #1460 ) ;
#5233 = FACE_BOUND ( 'NONE', #5693, .T. ) ;
#5234 = CARTESIAN_POINT ( 'NONE',  ( 0.5853924772779478536, -1.249999999999999778, -9.530431722889423085 ) ) ;
#5235 = VERTEX_POINT ( 'NONE', #6818 ) ;
#5236 = CARTESIAN_POINT ( 'NONE',  ( 1.645652032776056650, -0.9372534392549275450, -9.806852196760573293 ) ) ;
#5237 = ORIENTED_EDGE ( 'NONE', *, *, #2772, .T. ) ;
#5238 = CARTESIAN_POINT ( 'NONE',  ( 2.534529060264137712, -6.350000000000001421, 5.765192910902177559 ) ) ;
#5239 = CARTESIAN_POINT ( 'NONE',  ( 9.138289497907933878, -6.349999999999999645, 2.149601316613273916 ) ) ;
#5240 = VERTEX_POINT ( 'NONE', #8074 ) ;
#5241 = DIRECTION ( 'NONE',  ( 0.7071067811865450192, 8.659560562354902043E-17, -0.7071067811865500152 ) ) ;
#5242 = CARTESIAN_POINT ( 'NONE',  ( -2.212529547783547823, -1.249999999999999334, -9.066882217151974288 ) ) ;
#5243 = EDGE_CURVE ( 'NONE', #7215, #8059, #4192, .T. ) ;
#5244 = CARTESIAN_POINT ( 'NONE',  ( -9.233440698265981794, -0.9199437172442047617, -0.6137638917353640533 ) ) ;
#5245 = CARTESIAN_POINT ( 'NONE',  ( -9.018667615732198328, -1.249999999999999778, -2.298368327099056252 ) ) ;
#5246 = ORIENTED_EDGE ( 'NONE', *, *, #3442, .F. ) ;
#5247 = CARTESIAN_POINT ( 'NONE',  ( -1.953100030760920536, -0.8894853869150308734, -9.572898682056846908 ) ) ;
#5248 = B_SPLINE_CURVE_WITH_KNOTS ( 'NONE', 3,
 ( #4206, #950, #4849, #6067, #7525, #4808 ),
 .UNSPECIFIED., .F., .F.,
 ( 4, 2, 4 ),
 ( -1.962951082068738643E-05, 0.0003748910068234684659, 0.0007694115244676243961 ),
 .UNSPECIFIED. ) ;
#5249 = CARTESIAN_POINT ( 'NONE',  ( -9.039813260481661672, -0.7499999999999997780, -2.253121527379920774 ) ) ;
#5250 = VERTEX_POINT ( 'NONE', #3542 ) ;
#5251 = ORIENTED_EDGE ( 'NONE', *, *, #2532, .F. ) ;
#5252 = DIRECTION ( 'NONE',  ( -0.000000000000000000, 0.000000000000000000, -1.000000000000000000 ) ) ;
#5253 = CYLINDRICAL_SURFACE ( 'NONE', #5046, 0.5000000000000000000 ) ;
#5254 = CARTESIAN_POINT ( 'NONE',  ( 0.7270764054875241689, -1.249999999999999778, 9.563309819739389539 ) ) ;
#5255 = FACE_OUTER_BOUND ( 'NONE', #2809, .T. ) ;
#5256 = CARTESIAN_POINT ( 'NONE',  ( -6.114921553330361803, -0.9427265114570080318, 0.5950215777442996457 ) ) ;
#5257 = UNCERTAINTY_MEASURE_WITH_UNIT (LENGTH_MEASURE( 1.000000000000000082E-05 ), #697, 'distance_accuracy_value', 'NONE');
#5258 = CARTESIAN_POINT ( 'NONE',  ( -0.7948091789347080383, -0.7499999999999997780, -5.774854870387789774 ) ) ;
#5259 = EDGE_LOOP ( 'NONE', ( #2142, #974, #1188, #2263 ) ) ;
#5260 = ORIENTED_EDGE ( 'NONE', *, *, #5211, .T. ) ;
#5261 = CARTESIAN_POINT ( 'NONE',  ( 1.876683844410721447, -6.349999999999999645, -10.07030783714663258 ) ) ;
#5262 = CARTESIAN_POINT ( 'NONE',  ( 2.329991424587277482, -6.349999999999999645, 9.008710553930960430 ) ) ;
#5263 = ORIENTED_EDGE ( 'NONE', *, *, #2007, .T. ) ;
#5264 = CARTESIAN_POINT ( 'NONE',  ( 1.605145129612177035, -0.7499999999999997780, -9.344284074950458319 ) ) ;
#5265 = DIRECTION ( 'NONE',  ( 1.047444401652940007E-14, 0.000000000000000000, 1.000000000000000000 ) ) ;
#5266 = CARTESIAN_POINT ( 'NONE',  ( 4.491787385390076714, -1.249999999999999334, 4.985444198140598360 ) ) ;
#5267 = EDGE_CURVE ( 'NONE', #1283, #4660, #3386, .T. ) ;
#5268 = CARTESIAN_POINT ( 'NONE',  ( 0.7948091789346887204, -6.349999999999999645, -5.774854870387795103 ) ) ;
#5269 = CARTESIAN_POINT ( 'NONE',  ( -2.149601316613177993, -1.249999999999999778, 9.138289497907956971 ) ) ;
#5270 = AXIS2_PLACEMENT_3D ( 'NONE', #3543, #5659, #979 ) ;
#5271 = CARTESIAN_POINT ( 'NONE',  ( -9.875745730234106290, -1.030008900595988042, 1.648963943095329343 ) ) ;
#5272 = ORIENTED_EDGE ( 'NONE', *, *, #7673, .F. ) ;
#5273 = CARTESIAN_POINT ( 'NONE',  ( -8.525983939581836424, -0.7499999999999997780, 2.198275292831163963 ) ) ;
#5274 = CARTESIAN_POINT ( 'NONE',  ( 2.228527951332007095, -0.7500000000000784928, 8.654304331298598996 ) ) ;
#5275 = DIRECTION ( 'NONE',  ( -1.000000000000000000, 0.000000000000000000, 1.257890898639184104E-14 ) ) ;
#5276 = VECTOR ( 'NONE', #2344, 1000.000000000000000 ) ;
#5277 = CARTESIAN_POINT ( 'NONE',  ( -2.132113735672525934, -0.7499999999999904521, 9.170768668875806995 ) ) ;
#5278 = EDGE_CURVE ( 'NONE', #4070, #7611, #222, .T. ) ;
#5279 = FACE_OUTER_BOUND ( 'NONE', #7194, .T. ) ;
#5280 = CARTESIAN_POINT ( 'NONE',  ( -0.8639807922806476137, -0.7630137179688573079, -6.222505239144937583 ) ) ;
#5281 = CARTESIAN_POINT ( 'NONE',  ( -2.050965205566337435, -0.9887492719370695182, -9.297701598600445649 ) ) ;
#5282 = EDGE_LOOP ( 'NONE', ( #6215, #2564, #3857, #2999, #8327, #7479, #8517, #2423, #561 ) ) ;
#5283 = CONICAL_SURFACE ( 'NONE', #1529, 1.600000000000004086, 0.7853981633974473908 ) ;
#5284 = CARTESIAN_POINT ( 'NONE',  ( 1.938856732754002943, -0.8140102161161387739, -9.910389448421861758 ) ) ;
#5285 = CARTESIAN_POINT ( 'NONE',  ( -0.9948548703877909682, -1.249999999999999778, 0.000000000000000000 ) ) ;
#5286 = ORIENTED_EDGE ( 'NONE', *, *, #5137, .T. ) ;
#5287 = CARTESIAN_POINT ( 'NONE',  ( 0.7948320246612303741, -1.249999999999999778, -5.774854870387792438 ) ) ;
#5288 = AXIS2_PLACEMENT_3D ( 'NONE', #7645, #946, #8205 ) ;
#5289 = CARTESIAN_POINT ( 'NONE',  ( 2.389335516027504713, -0.7499999999999997780, -5.772919569470574608 ) ) ;
#5290 = AXIS2_PLACEMENT_3D ( 'NONE', #3675, #1070, #1618 ) ;
#5291 = CARTESIAN_POINT ( 'NONE',  ( 2.275817360673268119, -0.9887474541373356685, 5.829030205559150524 ) ) ;
#5292 = CARTESIAN_POINT ( 'NONE',  ( 6.275177308441763024, -0.7499999999999997780, 2.260649001719242435 ) ) ;
#5293 = CARTESIAN_POINT ( 'NONE',  ( -1.649780075212567976, -1.067192002139783602, -9.895190270746757832 ) ) ;
#5294 = CARTESIAN_POINT ( 'NONE',  ( -9.002888471517005442, -0.7499999999999997780, -2.348482047969602693 ) ) ;
#5295 = AXIS2_PLACEMENT_3D ( 'NONE', #3253, #7956, #1346 ) ;
#5296 = CARTESIAN_POINT ( 'NONE',  ( 6.074809178934709841, -6.349999999999999645, 0.4948548703877917454 ) ) ;
#5297 = CARTESIAN_POINT ( 'NONE',  ( 0.4948548703877910238, -6.349999999999999645, 9.271102943336668289 ) ) ;
#5298 = CARTESIAN_POINT ( 'NONE',  ( -5.889309911231769057, -0.9046407722474709701, 0.6093099112318560717 ) ) ;
#5299 =( BOUNDED_SURFACE ( )  B_SPLINE_SURFACE ( 3, 1, ( 
 ( #2357, #2310 ),
 ( #3145, #3003 ),
 ( #1015, #8403 ),
 ( #1743, #5610 ) ),
 .UNSPECIFIED., .F., .F., .T. ) 
 B_SPLINE_SURFACE_WITH_KNOTS ( ( 4, 4 ),
 ( 2, 2 ),
 ( 0.000000000000000000, 1.000000000000000000 ),
 ( 0.000000000000000000, 1.000000000000000000 ),
 .UNSPECIFIED. ) 
 GEOMETRIC_REPRESENTATION_ITEM ( )  RATIONAL_B_SPLINE_SURFACE ( (
 ( 1.000000000000000000, 1.000000000000000000),
 ( 0.8553052591889784839, 0.8553052591889784839),
 ( 0.8553052591889784839, 0.8553052591889784839),
 ( 1.000000000000000000, 1.000000000000000000) ) ) 
 REPRESENTATION_ITEM ( '' )  SURFACE ( )  );
#5300 = CARTESIAN_POINT ( 'NONE',  ( 9.935836767996040209, -1.249999999999999778, 1.651322806674099031 ) ) ;
#5301 = ADVANCED_FACE ( 'NONE', ( #6213 ), #2315, .T. ) ;
#5302 = CARTESIAN_POINT ( 'NONE',  ( 0.4948548703877910238, -1.249999999999999778, 6.074832024661248830 ) ) ;
#5303 = CARTESIAN_POINT ( 'NONE',  ( -6.023045516129841737, -0.8131067495198565087, -0.8941311286846147510 ) ) ;
#5304 = ORIENTED_EDGE ( 'NONE', *, *, #4419, .T. ) ;
#5305 = CARTESIAN_POINT ( 'NONE',  ( 1.651322806674060617, -1.249999999999999778, 9.935836767996194752 ) ) ;
#5306 = CARTESIAN_POINT ( 'NONE',  ( -9.530431722890567059, -6.349999999999998757, -0.5853924772788432485 ) ) ;
#5307 = CARTESIAN_POINT ( 'NONE',  ( 2.658265215455181352, -1.249999999999999334, 5.755478488678697602 ) ) ;
#5308 = FACE_OUTER_BOUND ( 'NONE', #3148, .T. ) ;
#5309 = FACE_OUTER_BOUND ( 'NONE', #8376, .T. ) ;
#5310 = CARTESIAN_POINT ( 'NONE',  ( -10.10406192414176019, -0.9501741689381515421, 2.047585740925078390 ) ) ;
#5311 = ADVANCED_FACE ( 'NONE', ( #2195 ), #3104, .T. ) ;
#5312 = ORIENTED_EDGE ( 'NONE', *, *, #7367, .F. ) ;
#5313 = EDGE_CURVE ( 'NONE', #3045, #5656, #7469, .T. ) ;
#5314 = CIRCLE ( 'NONE', #1432, 3.219854870387946377 ) ;
#5315 = CARTESIAN_POINT ( 'NONE',  ( -9.115647332695406391, -0.7499999999999996669, 0.9948548703878866695 ) ) ;
#5316 = DIRECTION ( 'NONE',  ( -0.000000000000000000, -1.000000000000000000, -0.000000000000000000 ) ) ;
#5317 = CARTESIAN_POINT ( 'NONE',  ( -0.5579615851810393323, -0.9981907295794998358, -6.100097556305090762 ) ) ;
#5318 = DIRECTION ( 'NONE',  ( 0.000000000000000000, -1.000000000000000000, 0.000000000000000000 ) ) ;
#5319 = EDGE_LOOP ( 'NONE', ( #1018, #5765, #7890, #2617 ) ) ;
#5320 = CARTESIAN_POINT ( 'NONE',  ( 1.727175184591309920, -0.7538257325404510434, -9.541911710230579047 ) ) ;
#5321 = ORIENTED_EDGE ( 'NONE', *, *, #4063, .T. ) ;
#5322 = ADVANCED_FACE ( 'NONE', ( #2277 ), #61, .T. ) ;
#5323 = CARTESIAN_POINT ( 'NONE',  ( 9.088981355127454975, -1.249999999999999778, -2.188426484021912977 ) ) ;
#5324 = TOROIDAL_SURFACE ( 'NONE', #2687, 3.719854870387792722, 0.5000000000000000000 ) ;
#5325 = CARTESIAN_POINT ( 'NONE',  ( -2.845257817648604970, -1.249999999999999556, 5.730045052952312368 ) ) ;
#5326 = CARTESIAN_POINT ( 'NONE',  ( -1.994620880054970291, -0.7499999999999998890, 8.610986891425298495 ) ) ;
#5327 = VERTEX_POINT ( 'NONE', #3191 ) ;
#5328 = CARTESIAN_POINT ( 'NONE',  ( -0.4948548703876918253, -1.249999999999999778, 9.271066631791377688 ) ) ;
#5329 = CARTESIAN_POINT ( 'NONE',  ( -2.147702198187888101, -1.250000000000000000, -9.141477105748407439 ) ) ;
#5330 = DIRECTION ( 'NONE',  ( 0.000000000000000000, 0.000000000000000000, 1.000000000000000000 ) ) ;
#5331 = CARTESIAN_POINT ( 'NONE',  ( 2.032137613995939507, -0.7499999999999995559, -8.589867508417915687 ) ) ;
#5332 = CIRCLE ( 'NONE', #4770, 0.5350000000000003642 ) ;
#5333 = LINE ( 'NONE', #7272, #4180 ) ;
#5334 = CARTESIAN_POINT ( 'NONE',  ( -2.105004284771576195, -1.249999999999999778, 9.940748498636065023 ) ) ;
#5335 = EDGE_LOOP ( 'NONE', ( #2233, #1436, #6397 ) ) ;
#5336 = VECTOR ( 'NONE', #3357, 1000.000000000000000 ) ;
#5337 = CARTESIAN_POINT ( 'NONE',  ( 4.501194178395504508, -6.350000000000001421, -4.976029049068102950 ) ) ;
#5338 = LINE ( 'NONE', #7399, #4709 ) ;
#5339 = CARTESIAN_POINT ( 'NONE',  ( 9.089434107779293726, -1.249999999999999778, -2.188081456462769303 ) ) ;
#5340 = CARTESIAN_POINT ( 'NONE',  ( 5.055254220736749460, -1.249999999999999778, -4.404218182223817557 ) ) ;
#5341 = CARTESIAN_POINT ( 'NONE',  ( -9.589666438347309807, -0.7804688038444554943, -1.631311024333787163 ) ) ;
#5342 = VERTEX_POINT ( 'NONE', #4445 ) ;
#5343 = CARTESIAN_POINT ( 'NONE',  ( 5.452058938419022560, -0.7499999999999998890, 4.708845605716412308 ) ) ;
#5344 = B_SPLINE_CURVE_WITH_KNOTS ( 'NONE', 3,
 ( #282, #1603, #8095, #4130, #6158, #3653, #959, #5552, #6802, #2900, #8175, #4258, #4902, #3608 ),
 .UNSPECIFIED., .F., .F.,
 ( 4, 2, 2, 2, 2, 2, 4 ),
 ( 0.000000000000000000, 0.0003464916817893543975, 0.0006929833635787087951, 0.001385966727157417590, 0.002078950090736126494, 0.002425441772525480620, 0.002771933454314835180 ),
 .UNSPECIFIED. ) ;
#5345 = CARTESIAN_POINT ( 'NONE',  ( -9.416551571812640020, -6.349999999999998757, -0.4948900776560693493 ) ) ;
#5346 = CARTESIAN_POINT ( 'NONE',  ( 2.312816342313075424, -1.249999999999999778, -9.014118416197117512 ) ) ;
#5347 =( BOUNDED_CURVE ( )  B_SPLINE_CURVE ( 3, ( #2584, #6564, #7168, #1242 ),
 .UNSPECIFIED., .F., .T. ) 
 B_SPLINE_CURVE_WITH_KNOTS ( ( 4, 4 ),
 ( 4.712388980384689674, 6.283185307179586232 ),
 .UNSPECIFIED. ) 
 CURVE ( )  GEOMETRIC_REPRESENTATION_ITEM ( )  RATIONAL_B_SPLINE_CURVE ( ( 1.000000000000000000, 0.8047378541243649375, 0.8047378541243649375, 1.000000000000000000 ) ) 
 REPRESENTATION_ITEM ( '' )  );
#5348 = DIRECTION ( 'NONE',  ( -0.000000000000000000, -1.000000000000000000, -0.000000000000000000 ) ) ;
#5349 = EDGE_CURVE ( 'NONE', #3770, #2279, #325, .T. ) ;
#5350 = CARTESIAN_POINT ( 'NONE',  ( 9.318246261006285280, -0.7499999999999997780, 2.104150091524124910 ) ) ;
#5351 = CARTESIAN_POINT ( 'NONE',  ( -9.410623007493688519, -0.7499999999999997780, 1.709619794544074534 ) ) ;
#5352 = ORIENTED_EDGE ( 'NONE', *, *, #4777, .F. ) ;
#5353 = EDGE_LOOP ( 'NONE', ( #6328, #7512, #7329, #93 ) ) ;
#5354 = CARTESIAN_POINT ( 'NONE',  ( -5.766884193336330178, -6.350000000000001421, -2.530604541917247818 ) ) ;
#5355 = DIRECTION ( 'NONE',  ( 3.491481338843133355E-15, 0.000000000000000000, 1.000000000000000000 ) ) ;
#5356 = CARTESIAN_POINT ( 'NONE',  ( 6.268292254110853889, -0.7499999999999998890, -2.542373669941701220 ) ) ;
#5357 = CARTESIAN_POINT ( 'NONE',  ( -0.8941311286846119755, -0.8131067495198565087, -6.023045516129841737 ) ) ;
#5358 = CARTESIAN_POINT ( 'NONE',  ( -0.6137638917353850365, -0.9199437172441881083, -9.233440698266113245 ) ) ;
#5359 = ORIENTED_EDGE ( 'NONE', *, *, #2860, .F. ) ;
#5360 = CARTESIAN_POINT ( 'NONE',  ( 5.774854870387789774, -6.349999999999999645, -2.016279801448634874E-14 ) ) ;
#5361 = ORIENTED_EDGE ( 'NONE', *, *, #8467, .F. ) ;
#5362 = CYLINDRICAL_SURFACE ( 'NONE', #7351, 3.125000000000000000 ) ;
#5363 = CARTESIAN_POINT ( 'NONE',  ( -2.149601316833791742, -6.349999999999999645, -9.138289497553046203 ) ) ;
#5364 = CARTESIAN_POINT ( 'NONE',  ( -1.636167128121300385, -0.7499999999999998890, -9.073837464952664078 ) ) ;
#5365 = VERTEX_POINT ( 'NONE', #6434 ) ;
#5366 = CARTESIAN_POINT ( 'NONE',  ( 5.731101953626476231, -0.7499999999999429345, -2.839101664853390439 ) ) ;
#5367 = CARTESIAN_POINT ( 'NONE',  ( 0.9233579115197835252, -0.7499999999999997780, 9.228248573552459533 ) ) ;
#5368 = CARTESIAN_POINT ( 'NONE',  ( 4.052276192137301614, -0.7499999999999997780, -5.868525306272033504 ) ) ;
#5369 = ADVANCED_FACE ( 'NONE', ( #522 ), #604, .T. ) ;
#5370 = CARTESIAN_POINT ( 'NONE',  ( 1.449747468305832898, -9.350000000000001421, -16.06147744819821455 ) ) ;
#5371 = CARTESIAN_POINT ( 'NONE',  ( 5.047838592698770555, -1.249999999999999778, 4.413936882580276055 ) ) ;
#5372 = LINE ( 'NONE', #7348, #4454 ) ;
#5373 = CARTESIAN_POINT ( 'NONE',  ( -5.828971210989686291, -0.9888798318993597958, -2.275847463787803004 ) ) ;
#5374 = ORIENTED_EDGE ( 'NONE', *, *, #599, .F. ) ;
#5375 = DIRECTION ( 'NONE',  ( -1.000000000000000000, -0.000000000000000000, 3.491481338843133355E-15 ) ) ;
#5376 = CARTESIAN_POINT ( 'NONE',  ( 5.774854870387787109, -1.249999999999999778, -0.7948320246612696760 ) ) ;
#5377 = CARTESIAN_POINT ( 'NONE',  ( -2.577815806518497510, -6.350000000000001421, -5.761818502402301867 ) ) ;
#5378 = EDGE_CURVE ( 'NONE', #8258, #4113, #1327, .T. ) ;
#5379 = CARTESIAN_POINT ( 'NONE',  ( 9.258927515424609567, -0.7499999999999994449, -2.107703023877913306 ) ) ;
#5380 = VERTEX_POINT ( 'NONE', #4059 ) ;
#5381 = CARTESIAN_POINT ( 'NONE',  ( -1.500000000000000000, -7.589999999999999858, -2.741464024932667165 ) ) ;
#5382 = CARTESIAN_POINT ( 'NONE',  ( 9.678314036663973496, -1.249999999999999778, 2.105145129612205235 ) ) ;
#5383 = ORIENTED_EDGE ( 'NONE', *, *, #1384, .F. ) ;
#5384 = CARTESIAN_POINT ( 'NONE',  ( -9.299109199783812230, -6.349999999999999645, 2.105145129612306487 ) ) ;
#5385 = DIRECTION ( 'NONE',  ( -0.7071067811865474617, 0.000000000000000000, 0.7071067811865474617 ) ) ;
#5386 = CARTESIAN_POINT ( 'NONE',  ( 9.320677620799640906, -0.8024511530617123301, -0.8678600213245011297 ) ) ;
#5387 = CARTESIAN_POINT ( 'NONE',  ( -9.678314036664040998, -1.249999999999999778, 2.105145129612311372 ) ) ;
#5388 = CARTESIAN_POINT ( 'NONE',  ( -5.773836923778226549, -1.249999999999999778, 2.339595130594264827 ) ) ;
#5389 = CARTESIAN_POINT ( 'NONE',  ( 2.121320343559645494, -6.349999999999999645, 15.55634918610404327 ) ) ;
#5390 = ORIENTED_EDGE ( 'NONE', *, *, #4250, .F. ) ;
#5391 = ADVANCED_BREP_SHAPE_REPRESENTATION ( 'wheel_adapter', ( #7629, #1467 ), #4377 ) ;
#5392 = ORIENTED_EDGE ( 'NONE', *, *, #3009, .T. ) ;
#5393 = CARTESIAN_POINT ( 'NONE',  ( -5.774908376104336050, -6.349999999999999645, 0.6191424365563662491 ) ) ;
#5394 = EDGE_CURVE ( 'NONE', #6626, #5327, #6604, .T. ) ;
#5395 = CARTESIAN_POINT ( 'NONE',  ( -9.935817880025343385, -1.249999999999999778, -1.651291189939978032 ) ) ;
#5396 = CARTESIAN_POINT ( 'NONE',  ( -4.749987219571101704, -1.249999999999999778, -4.749987219571101704 ) ) ;
#5397 = DIRECTION ( 'NONE',  ( -1.000000000000000000, 0.000000000000000000, 0.000000000000000000 ) ) ;
#5398 = CARTESIAN_POINT ( 'NONE',  ( 0.9614061070024535471, -0.7499999999999998890, 9.168307674430817400 ) ) ;
#5399 = ORIENTED_EDGE ( 'NONE', *, *, #5866, .T. ) ;
#5400 = CARTESIAN_POINT ( 'NONE',  ( 0.4948548703877565513, -6.349999999999999645, -9.271102943336710922 ) ) ;
#5401 = EDGE_LOOP ( 'NONE', ( #1718, #3497, #4106, #2295 ) ) ;
#5402 = CARTESIAN_POINT ( 'NONE',  ( 9.194064971858891155, -0.8005886769970042005, 0.7394098138758128380 ) ) ;
#5403 = CIRCLE ( 'NONE', #3604, 2.100000000000000089 ) ;
#5404 = EDGE_CURVE ( 'NONE', #6568, #6183, #3803, .T. ) ;
#5405 = CARTESIAN_POINT ( 'NONE',  ( -2.110671036889858687, -0.7500000000000000000, -8.554287927967822114 ) ) ;
#5406 = ORIENTED_EDGE ( 'NONE', *, *, #7942, .T. ) ;
#5407 = CARTESIAN_POINT ( 'NONE',  ( 6.224860007994026390, -0.7499999999999997780, -2.919565822583092718 ) ) ;
#5408 = CARTESIAN_POINT ( 'NONE',  ( -9.008710553930972864, -6.349999999999999645, -2.329991424587249060 ) ) ;
#5409 = CARTESIAN_POINT ( 'NONE',  ( 3.306084809893574672, -0.7499999999999997780, -6.148730939167288412 ) ) ;
#5410 = CARTESIAN_POINT ( 'NONE',  ( 2.279351210769155589, -0.7499999999999997780, 6.274854870387789774 ) ) ;
#5411 = AXIS2_PLACEMENT_3D ( 'NONE', #2473, #8521, #2516 ) ;
#5412 = CARTESIAN_POINT ( 'NONE',  ( 3.089999999999999858, -6.349999999999999645, 2.555000000000000160 ) ) ;
#5413 =( BOUNDED_SURFACE ( )  B_SPLINE_SURFACE ( 3, 1, ( 
 ( #6955, #1715 ),
 ( #3021, #3729 ),
 ( #354, #6360 ),
 ( #1035, #1759 ) ),
 .UNSPECIFIED., .F., .F., .T. ) 
 B_SPLINE_SURFACE_WITH_KNOTS ( ( 4, 4 ),
 ( 2, 2 ),
 ( 0.000000000000000000, 1.000000000000000000 ),
 ( 0.000000000000000000, 1.000000000000000000 ),
 .UNSPECIFIED. ) 
 GEOMETRIC_REPRESENTATION_ITEM ( )  RATIONAL_B_SPLINE_SURFACE ( (
 ( 1.000000000000000000, 1.000000000000000000),
 ( 0.6625055929971761515, 0.6625055929971761515),
 ( 0.6625055929971761515, 0.6625055929971761515),
 ( 1.000000000000000000, 1.000000000000000000) ) ) 
 REPRESENTATION_ITEM ( '' )  SURFACE ( )  );
#5414 = FACE_OUTER_BOUND ( 'NONE', #7048, .T. ) ;
#5415 = B_SPLINE_CURVE_WITH_KNOTS ( 'NONE', 3,
 ( #5264, #204, #8093, #164, #1120, #2774, #7601, #3025 ),
 .UNSPECIFIED., .F., .F.,
 ( 4, 2, 2, 4 ),
 ( -4.587863080614028217E-06, 0.0004300549457600724972, 0.0006473763501804159857, 0.0008646977546007594741 ),
 .UNSPECIFIED. ) ;
#5416 = CARTESIAN_POINT ( 'NONE',  ( 9.299109199783131885, -1.249999999999999778, -2.105145129612242538 ) ) ;
#5417 = EDGE_LOOP ( 'NONE', ( #1024, #6554, #7706, #980 ) ) ;
#5418 = EDGE_CURVE ( 'NONE', #8348, #4011, #1445, .T. ) ;
#5419 = ADVANCED_FACE ( 'NONE', ( #4575 ), #3572, .T. ) ;
#5420 = PRODUCT_DEFINITION_SHAPE ( 'NONE', 'NONE',  #6786 ) ;
#5421 = ADVANCED_FACE ( 'NONE', ( #4521 ), #2776, .T. ) ;
#5422 = VECTOR ( 'NONE', #7056, 1000.000000000000000 ) ;
#5423 = CARTESIAN_POINT ( 'NONE',  ( 0.9948548703877699850, -0.7499999999999997780, -6.274854870387793326 ) ) ;
#5424 = CARTESIAN_POINT ( 'NONE',  ( -2.846954930095972003, -6.349999999999999645, -5.728350389783218866 ) ) ;
#5425 = CYLINDRICAL_SURFACE ( 'NONE', #6971, 2.100000000000000977 ) ;
#5426 = VECTOR ( 'NONE', #3498, 1000.000000000000000 ) ;
#5427 = ORIENTED_EDGE ( 'NONE', *, *, #3235, .T. ) ;
#5428 =( BOUNDED_CURVE ( )  B_SPLINE_CURVE ( 3, ( #1252, #5110, #2502, #5810 ),
 .UNSPECIFIED., .F., .T. ) 
 B_SPLINE_CURVE_WITH_KNOTS ( ( 4, 4 ),
 ( 4.712388980384689674, 6.283185307179586232 ),
 .UNSPECIFIED. ) 
 CURVE ( )  GEOMETRIC_REPRESENTATION_ITEM ( )  RATIONAL_B_SPLINE_CURVE ( ( 1.000000000000000000, 0.8047378541243649375, 0.8047378541243649375, 1.000000000000000000 ) ) 
 REPRESENTATION_ITEM ( '' )  );
#5429 = EDGE_CURVE ( 'NONE', #1364, #6626, #5491, .T. ) ;
#5430 = CARTESIAN_POINT ( 'NONE',  ( -4.312369852190717445, -1.250000000000000000, -5.123368383065072251 ) ) ;
#5431 = FACE_OUTER_BOUND ( 'NONE', #7900, .T. ) ;
#5432 = CARTESIAN_POINT ( 'NONE',  ( 9.057873628492624007, -6.349999999999999645, 2.226551138341132052 ) ) ;
#5433 = ORIENTED_EDGE ( 'NONE', *, *, #5966, .T. ) ;
#5434 = DIRECTION ( 'NONE',  ( 0.000000000000000000, 0.000000000000000000, 1.000000000000000000 ) ) ;
#5435 = CARTESIAN_POINT ( 'NONE',  ( -1.651322806673994892, -1.249999999999999778, 9.935836767996057972 ) ) ;
#5436 = CARTESIAN_POINT ( 'NONE',  ( 2.106080121565605978, -1.249999999999999778, -9.281126975314617056 ) ) ;
#5437 = DIRECTION ( 'NONE',  ( 0.000000000000000000, 0.000000000000000000, 1.000000000000000000 ) ) ;
#5438 = CARTESIAN_POINT ( 'NONE',  ( 8.587963864079554810, -0.7499999999999997780, 2.035716236490698439 ) ) ;
#5439 = CARTESIAN_POINT ( 'NONE',  ( -15.55634918610404682, -16.35000000000000142, 2.121320343559641941 ) ) ;
#5440 = ORIENTED_EDGE ( 'NONE', *, *, #1989, .T. ) ;
#5441 = ORIENTED_EDGE ( 'NONE', *, *, #8118, .T. ) ;
#5442 = CARTESIAN_POINT ( 'NONE',  ( 15.55634918610404682, -16.35000000000000142, 2.121320343559641497 ) ) ;
#5443 = CARTESIAN_POINT ( 'NONE',  ( -9.572898682056672826, -0.8894853869150328718, -1.953100030760919426 ) ) ;
#5444 = CARTESIAN_POINT ( 'NONE',  ( -2.112257224997738714, -1.249999999999999778, 9.231765511836268701 ) ) ;
#5445 = DIRECTION ( 'NONE',  ( 0.000000000000000000, 0.000000000000000000, 1.000000000000000000 ) ) ;
#5446 = DIRECTION ( 'NONE',  ( -0.000000000000000000, -1.000000000000000000, 0.000000000000000000 ) ) ;
#5447 = CYLINDRICAL_SURFACE ( 'NONE', #1036, 0.5000000000000000000 ) ;
#5448 = ORIENTED_EDGE ( 'NONE', *, *, #5349, .F. ) ;
#5449 = CARTESIAN_POINT ( 'NONE',  ( -1.499999999999999334, -14.31969384566990833, -2.741464024932667609 ) ) ;
#5450 = VERTEX_POINT ( 'NONE', #6632 ) ;
#5451 = CARTESIAN_POINT ( 'NONE',  ( 1.609686061306284222, -0.7499999999999997780, -9.205690971482273000 ) ) ;
#5452 = CARTESIAN_POINT ( 'NONE',  ( 5.940394692333728521, -0.8579973580746755868, -0.6603946923337415953 ) ) ;
#5453 = CARTESIAN_POINT ( 'NONE',  ( -2.192387404589879019, -0.7499999999999997780, 8.527837839788540819 ) ) ;
#5454 = ORIENTED_EDGE ( 'NONE', *, *, #228, .T. ) ;
#5455 = VECTOR ( 'NONE', #5748, 1000.000000000000000 ) ;
#5456 = CARTESIAN_POINT ( 'NONE',  ( 5.048101523524620049, -1.249999999999999778, -4.413611479036949170 ) ) ;
#5457 = CARTESIAN_POINT ( 'NONE',  ( -1.605145129612111754, -0.7499999999999997780, 9.344284074950470753 ) ) ;
#5458 = DIRECTION ( 'NONE',  ( 0.000000000000000000, 0.000000000000000000, 1.000000000000000000 ) ) ;
#5459 = LINE ( 'NONE', #4927, #1735 ) ;
#5460 = EDGE_CURVE ( 'NONE', #4509, #1667, #3942, .T. ) ;
#5461 = CARTESIAN_POINT ( 'NONE',  ( 1.636022343700541004, -0.7499999999999997780, -9.074356132575625011 ) ) ;
#5462 = DIRECTION ( 'NONE',  ( 0.000000000000000000, 0.000000000000000000, 1.000000000000000000 ) ) ;
#5463 = PLANE ( 'NONE',  #456 ) ;
#5464 = AXIS2_PLACEMENT_3D ( 'NONE', #7322, #1396, #4051 ) ;
#5465 = EDGE_LOOP ( 'NONE', ( #6381, #5222, #6899, #3600, #7028, #4610, #2600, #6582, #5070, #4711, #78, #4571, #852 ) ) ;
#5466 = CARTESIAN_POINT ( 'NONE',  ( 10.10406192414158788, -0.9501741689381693057, 2.047585740924958042 ) ) ;
#5467 = CARTESIAN_POINT ( 'NONE',  ( -4.560412727924780363, -6.349999999999997868, 4.925949803599680266 ) ) ;
#5468 = AXIS2_PLACEMENT_3D ( 'NONE', #4819, #8055, #7413 ) ;
#5469 = CARTESIAN_POINT ( 'NONE',  ( 9.002901470545145557, -0.7499999999999997780, -2.348440763761925787 ) ) ;
#5470 = AXIS2_PLACEMENT_3D ( 'NONE', #801, #8056, #2781 ) ;
#5471 = CARTESIAN_POINT ( 'NONE',  ( 9.511754941615121695, -0.9841965344501251156, 0.7556240927566103549 ) ) ;
#5472 = FACE_OUTER_BOUND ( 'NONE', #7948, .T. ) ;
#5473 = ORIENTED_EDGE ( 'NONE', *, *, #2506, .T. ) ;
#5474 =( BOUNDED_CURVE ( )  B_SPLINE_CURVE ( 3, ( #2623, #2585, #5234, #1243 ),
 .UNSPECIFIED., .F., .F. ) 
 B_SPLINE_CURVE_WITH_KNOTS ( ( 4, 4 ),
 ( 0.000000000000000000, 1.000000000000000000 ),
 .UNSPECIFIED. ) 
 CURVE ( )  GEOMETRIC_REPRESENTATION_ITEM ( )  RATIONAL_B_SPLINE_CURVE ( ( 1.000000000000000000, 0.8553052591902937651, 0.8553052591902937651, 1.000000000000000000 ) ) 
 REPRESENTATION_ITEM ( '' )  );
#5475 = DIRECTION ( 'NONE',  ( 0.000000000000000000, 1.000000000000000000, 0.000000000000000000 ) ) ;
#5476 = CARTESIAN_POINT ( 'NONE',  ( 3.499999999999982236, -16.35000000000000142, 0.000000000000000000 ) ) ;
#5477 = CARTESIAN_POINT ( 'NONE',  ( 9.151711569842932548, -0.7604443519486161485, -0.8767189974235852779 ) ) ;
#5478 = DIRECTION ( 'NONE',  ( 0.000000000000000000, 0.000000000000000000, 1.000000000000000000 ) ) ;
#5479 = CARTESIAN_POINT ( 'NONE',  ( 9.017119767137304009, -1.249999999999999778, 2.303284211723501063 ) ) ;
#5480 = ADVANCED_FACE ( 'NONE', ( #7117 ), #3525, .T. ) ;
#5481 = AXIS2_PLACEMENT_3D ( 'NONE', #7994, #2071, #4713 ) ;
#5482 = DIRECTION ( 'NONE',  ( 0.000000000000000000, 0.000000000000000000, 1.000000000000000000 ) ) ;
#5483 = ORIENTED_EDGE ( 'NONE', *, *, #2660, .F. ) ;
#5484 = CARTESIAN_POINT ( 'NONE',  ( -2.329991424587154469, -6.349999999999999645, 9.008710553930997733 ) ) ;
#5485 = CARTESIAN_POINT ( 'NONE',  ( -9.918988504624877578, -1.129815972907925792, -1.650697302570874658 ) ) ;
#5486 = DIRECTION ( 'NONE',  ( 0.000000000000000000, 0.000000000000000000, 1.000000000000000000 ) ) ;
#5487 = CARTESIAN_POINT ( 'NONE',  ( -1.651354423408143424, -6.349999999999999645, -9.935855655966872035 ) ) ;
#5488 = CARTESIAN_POINT ( 'NONE',  ( 0.6109415328253365862, -0.9116540823656833492, 9.416042996317044000 ) ) ;
#5489 = EDGE_CURVE ( 'NONE', #1633, #4688, #7662, .T. ) ;
#5490 = VERTEX_POINT ( 'NONE', #8261 ) ;
#5491 = B_SPLINE_CURVE_WITH_KNOTS ( 'NONE', 3,
 ( #7881, #3918, #7235, #677, #1228, #5826 ),
 .UNSPECIFIED., .F., .F.,
 ( 4, 2, 4 ),
 ( -3.433845656889789809E-05, 0.0003605718869458990100, 0.0007554822304606959114 ),
 .UNSPECIFIED. ) ;
#5492 = CARTESIAN_POINT ( 'NONE',  ( 0.6603946923337050690, -0.8579973580746623751, 5.940394692333744509 ) ) ;
#5493 = ORIENTED_EDGE ( 'NONE', *, *, #3842, .F. ) ;
#5494 = CARTESIAN_POINT ( 'NONE',  ( 4.490990806000266566, -6.349999999999999645, 4.984334064523816110 ) ) ;
#5495 = CARTESIAN_POINT ( 'NONE',  ( -0.4948548703877283517, -1.249999999999999778, 6.074832024661254160 ) ) ;
#5496 = CARTESIAN_POINT ( 'NONE',  ( 5.755151426187571140, -6.350000000000000533, 2.647079788141950996 ) ) ;
#5497 = CARTESIAN_POINT ( 'NONE',  ( 1.734723475976804925E-15, -4.349999999999999645, -12.69999999999999929 ) ) ;
#5498 = EDGE_LOOP ( 'NONE', ( #3850, #6904, #108 ) ) ;
#5499 = ORIENTED_EDGE ( 'NONE', *, *, #2517, .T. ) ;
#5500 = CARTESIAN_POINT ( 'NONE',  ( 5.309924168467136774, -1.249999999999999778, -4.033720774309594859 ) ) ;
#5501 = CARTESIAN_POINT ( 'NONE',  ( -1.727453363996546143, -0.7499999999999996669, 9.421946201485079442 ) ) ;
#5502 = CARTESIAN_POINT ( 'NONE',  ( -2.009350139932003732, -0.8835340632233512626, 10.03582622314174877 ) ) ;
#5503 = CARTESIAN_POINT ( 'NONE',  ( -5.523271562641475008, -0.7499999999999997780, 4.613233430757142095 ) ) ;
#5504 = CARTESIAN_POINT ( 'NONE',  ( 5.598188728083631105, -1.249999999999999778, 3.398060892785697895 ) ) ;
#5505 = CARTESIAN_POINT ( 'NONE',  ( -0.6191424365563058529, -6.350000000000001421, -5.774908376104342267 ) ) ;
#5506 = ORIENTED_EDGE ( 'NONE', *, *, #8360, .T. ) ;
#5507 = B_SPLINE_CURVE_WITH_KNOTS ( 'NONE', 3,
 ( #7265, #1341, #8511, #5242, #4677, #5329, #5856, #1983, #5194, #1418 ),
 .UNSPECIFIED., .F., .F.,
 ( 4, 2, 2, 2, 4 ),
 ( 3.190644709152385774E-16, 9.841249399329184838E-05, 0.0001968249879862646161, 0.0002952374819792373973, 0.0003936499759722102056 ),
 .UNSPECIFIED. ) ;
#5508 = CARTESIAN_POINT ( 'NONE',  ( -0.7948320246611900730, -1.249999999999999778, 5.774854870387797767 ) ) ;
#5509 = ADVANCED_FACE ( 'NONE', ( #369 ), #7657, .T. ) ;
#5510 = DIRECTION ( 'NONE',  ( 0.000000000000000000, 0.000000000000000000, 1.000000000000000000 ) ) ;
#5511 = CARTESIAN_POINT ( 'NONE',  ( 8.877745525417534367, -0.7499999999999997780, -1.719465971982270691 ) ) ;
#5512 = ORIENTED_EDGE ( 'NONE', *, *, #847, .T. ) ;
#5513 = ORIENTED_EDGE ( 'NONE', *, *, #3318, .F. ) ;
#5514 = CARTESIAN_POINT ( 'NONE',  ( -4.027670858600284731, -1.249999999999999556, -5.313232176770981141 ) ) ;
#5515 = EDGE_CURVE ( 'NONE', #1726, #268, #1038, .T. ) ;
#5516 = CARTESIAN_POINT ( 'NONE',  ( -9.666678159476955301, -1.105332846601596586, 2.088758298798117696 ) ) ;
#5517 = CARTESIAN_POINT ( 'NONE',  ( 0.4948549273436362306, -1.143549782630399747, -5.774854927343652911 ) ) ;
#5518 = CARTESIAN_POINT ( 'NONE',  ( -1.605145129612207233, -0.7499999999999997780, -9.344284074950621743 ) ) ;
#5519 = CARTESIAN_POINT ( 'NONE',  ( 2.555000000000000160, 6.349999999999999645, -3.089999999999999858 ) ) ;
#5520 = DIRECTION ( 'NONE',  ( 2.798050251561502172E-15, 0.000000000000000000, 1.000000000000000000 ) ) ;
#5521 = CARTESIAN_POINT ( 'NONE',  ( -8.654304331306724052, -0.7499999999999996669, -2.228527951296668252 ) ) ;
#5522 = DIRECTION ( 'NONE',  ( 1.000000000000000000, 0.000000000000000000, -9.497769312600652573E-16 ) ) ;
#5523 = ORIENTED_EDGE ( 'NONE', *, *, #401, .F. ) ;
#5524 = DIRECTION ( 'NONE',  ( 0.000000000000000000, -1.000000000000000000, 0.000000000000000000 ) ) ;
#5525 = EDGE_CURVE ( 'NONE', #3770, #4151, #5943, .T. ) ;
#5526 = CARTESIAN_POINT ( 'NONE',  ( -0.4948548703876918253, -1.114943544866152436, 9.271066631791379464 ) ) ;
#5527 = CARTESIAN_POINT ( 'NONE',  ( -0.7948548703877316157, -0.9571067811865472397, 5.774854870387797767 ) ) ;
#5528 = CARTESIAN_POINT ( 'NONE',  ( 6.274854870387789774, -0.7499999999999997780, 2.279633664619781452 ) ) ;
#5529 = CARTESIAN_POINT ( 'NONE',  ( 1.605145129612177257, -0.7499999999999996669, -9.344284074950460095 ) ) ;
#5530 = ORIENTED_EDGE ( 'NONE', *, *, #3669, .F. ) ;
#5531 = CARTESIAN_POINT ( 'NONE',  ( -9.299109199783119450, -1.117910049385796079, 2.105145129612308263 ) ) ;
#5532 = CARTESIAN_POINT ( 'NONE',  ( 5.899142436556304325, -1.249999999999999778, 0.4949083761043444607 ) ) ;
#5533 = EDGE_CURVE ( 'NONE', #7975, #789, #7378, .T. ) ;
#5534 = CARTESIAN_POINT ( 'NONE',  ( 5.774854870387786221, -1.249999999999999778, -0.7948548703878113297 ) ) ;
#5535 = DIRECTION ( 'NONE',  ( 0.000000000000000000, 0.000000000000000000, 1.000000000000000000 ) ) ;
#5536 = ORIENTED_EDGE ( 'NONE', *, *, #5892, .T. ) ;
#5537 = VERTEX_POINT ( 'NONE', #5157 ) ;
#5538 = DIRECTION ( 'NONE',  ( 1.000000000000000000, 0.000000000000000000, 0.000000000000000000 ) ) ;
#5539 = CARTESIAN_POINT ( 'NONE',  ( 6.182092701323337103, -0.7551372933331874648, 0.9020927013233528413 ) ) ;
#5540 = CARTESIAN_POINT ( 'NONE',  ( -1.953100030760801964, -0.8894853869150143311, 9.572898682056694142 ) ) ;
#5541 = CARTESIAN_POINT ( 'NONE',  ( -6.148784164459938140, -0.7499999999999997780, 3.305786864755860588 ) ) ;
#5542 = CIRCLE ( 'NONE', #7209, 2.100000000000000089 ) ;
#5543 = CARTESIAN_POINT ( 'NONE',  ( -1.605145129612209898, -0.7499999999999996669, -9.344284074950623520 ) ) ;
#5544 = CARTESIAN_POINT ( 'NONE',  ( -6.274854870387789774, -0.7499999999999997780, -2.279633664619781452 ) ) ;
#5545 = ORIENTED_EDGE ( 'NONE', *, *, #1766, .F. ) ;
#5546 = CIRCLE ( 'NONE', #5825, 0.5349999999999999201 ) ;
#5547 = CARTESIAN_POINT ( 'NONE',  ( -2.530604541917199413, -6.350000000000002309, 5.766884193336356823 ) ) ;
#5548 = CARTESIAN_POINT ( 'NONE',  ( -0.4948548703876918253, -6.349999999999999645, 9.271102943336714475 ) ) ;
#5549 = ORIENTED_EDGE ( 'NONE', *, *, #6658, .T. ) ;
#5550 = CARTESIAN_POINT ( 'NONE',  ( 2.168404344971008868E-16, -12.84999999999999964, -9.741464024932666277 ) ) ;
#5551 = CARTESIAN_POINT ( 'NONE',  ( 0.4948548703877708177, -1.249999999999999778, -6.074854870387790484 ) ) ;
#5552 = CARTESIAN_POINT ( 'NONE',  ( 3.826023384304229946, -1.250000000000000222, 5.421188026352603551 ) ) ;
#5553 = FACE_OUTER_BOUND ( 'NONE', #6522, .T. ) ;
#5554 = CARTESIAN_POINT ( 'NONE',  ( 9.493503963496248588, -0.9743063038739190329, 0.7665838582572106485 ) ) ;
#5555 = AXIS2_PLACEMENT_3D ( 'NONE', #7402, #4898, #2211 ) ;
#5556 = LINE ( 'NONE', #6759, #4641 ) ;
#5557 = ADVANCED_FACE ( 'NONE', ( #1177 ), #5253, .T. ) ;
#5558 = DIRECTION ( 'NONE',  ( -8.881784197001254296E-16, 0.000000000000000000, 1.000000000000000000 ) ) ;
#5559 = EDGE_LOOP ( 'NONE', ( #7830, #4831, #3308 ) ) ;
#5560 = DIRECTION ( 'NONE',  ( -3.491481338843133355E-15, 0.000000000000000000, -1.000000000000000000 ) ) ;
#5561 = VECTOR ( 'NONE', #1499, 999.9999999999998863 ) ;
#5562 = DIRECTION ( 'NONE',  ( 0.000000000000000000, 0.000000000000000000, -1.000000000000000000 ) ) ;
#5563 = CARTESIAN_POINT ( 'NONE',  ( 0.7883005104731426460, -0.9199437159818936172, -9.455600303970879139 ) ) ;
#5564 = CARTESIAN_POINT ( 'NONE',  ( 5.828971210989686291, -0.9888798318993597958, 2.275847463787803004 ) ) ;
#5565 = EDGE_CURVE ( 'NONE', #4645, #1778, #1946, .T. ) ;
#5566 = EDGE_CURVE ( 'NONE', #3903, #2279, #3432, .T. ) ;
#5567 =( BOUNDED_CURVE ( )  B_SPLINE_CURVE ( 3, ( #6729, #4104, #5527, #1493 ),
 .UNSPECIFIED., .F., .T. ) 
 B_SPLINE_CURVE_WITH_KNOTS ( ( 4, 4 ),
 ( 4.712388980384689674, 6.283185307179586232 ),
 .UNSPECIFIED. ) 
 CURVE ( )  GEOMETRIC_REPRESENTATION_ITEM ( )  RATIONAL_B_SPLINE_CURVE ( ( 1.000000000000000000, 0.8047378541243649375, 0.8047378541243649375, 1.000000000000000000 ) ) 
 REPRESENTATION_ITEM ( '' )  );
#5568 = CARTESIAN_POINT ( 'NONE',  ( 0.7948548712060502508, -1.184538517676302138, 5.774854870387789774 ) ) ;
#5569 = VERTEX_POINT ( 'NONE', #3388 ) ;
#5570 = DIRECTION ( 'NONE',  ( 0.000000000000000000, 0.000000000000000000, 1.000000000000000000 ) ) ;
#5571 = CARTESIAN_POINT ( 'NONE',  ( 5.121242990505596282, -6.350000000000001421, 4.312904025723560686 ) ) ;
#5572 = CARTESIAN_POINT ( 'NONE',  ( -5.774854870387789774, -1.249999999999999778, -0.7948320246612505802 ) ) ;
#5573 = ORIENTED_EDGE ( 'NONE', *, *, #2595, .T. ) ;
#5574 = ORIENTED_EDGE ( 'NONE', *, *, #2125, .F. ) ;
#5575 = CARTESIAN_POINT ( 'NONE',  ( 8.956637671641601628, -0.9888132917189873528, -2.315066160981933852 ) ) ;
#5576 = CARTESIAN_POINT ( 'NONE',  ( -1.642672477270789910, -0.8894853879692701248, 9.755253593398002465 ) ) ;
#5577 = CARTESIAN_POINT ( 'NONE',  ( -5.664579311312645693, -0.7500000000000131006, 3.176823113480387928 ) ) ;
#5578 = EDGE_CURVE ( 'NONE', #1394, #5032, #5987, .T. ) ;
#5579 = DIRECTION ( 'NONE',  ( -1.000000000000000000, 0.000000000000000000, 1.257890898639184104E-14 ) ) ;
#5580 = CARTESIAN_POINT ( 'NONE',  ( -9.008710553930306730, -1.249999999999999778, -2.329991424587344095 ) ) ;
#5581 = ORIENTED_EDGE ( 'NONE', *, *, #4706, .T. ) ;
#5582 = VECTOR ( 'NONE', #3479, 1000.000000000000000 ) ;
#5583 = CARTESIAN_POINT ( 'NONE',  ( 9.654274468677947141, -1.067192003028245795, 2.070971087514244413 ) ) ;
#5584 = CARTESIAN_POINT ( 'NONE',  ( -1.651322806673994892, -1.249999999999999778, 9.935836767996057972 ) ) ;
#5585 = CARTESIAN_POINT ( 'NONE',  ( 0.000000000000000000, -6.349999999999999645, -17.67766952966369587 ) ) ;
#5586 = EDGE_CURVE ( 'NONE', #8215, #4280, #4850, .T. ) ;
#5587 = AXIS2_PLACEMENT_3D ( 'NONE', #5550, #6237, #1729 ) ;
#5588 = VERTEX_POINT ( 'NONE', #1510 ) ;
#5589 = CARTESIAN_POINT ( 'NONE',  ( 4.985444198140582373, -1.249999999999999778, -4.491787385390093590 ) ) ;
#5590 = ORIENTED_EDGE ( 'NONE', *, *, #3132, .F. ) ;
#5591 = EDGE_LOOP ( 'NONE', ( #7442, #1891, #8028 ) ) ;
#5592 = CARTESIAN_POINT ( 'NONE',  ( -0.4949083761042802898, -6.349999999999999645, 5.899142436556312319 ) ) ;
#5593 = CARTESIAN_POINT ( 'NONE',  ( 2.526946906007596638, -0.7499999999999997780, 6.269367957483096276 ) ) ;
#5594 = CARTESIAN_POINT ( 'NONE',  ( -2.260649001719183815, -0.7499999999999997780, 6.275177308441787005 ) ) ;
#5595 = VECTOR ( 'NONE', #7389, 1000.000000000000000 ) ;
#5596 = CARTESIAN_POINT ( 'NONE',  ( 0.5579615851810185712, -0.9981907295795009460, -6.100097556305080992 ) ) ;
#5597 = CARTESIAN_POINT ( 'NONE',  ( -1.921941125680747042, -9.822193657374914011, -15.75572840398294794 ) ) ;
#5598 = PLANE ( 'NONE',  #2087 ) ;
#5599 = CARTESIAN_POINT ( 'NONE',  ( 5.116479423851534314, -6.349999999999999645, 4.321772194142264212 ) ) ;
#5600 = CARTESIAN_POINT ( 'NONE',  ( 2.031122491530208851, -0.9791613583409500832, 9.626472722236748325 ) ) ;
#5601 = CARTESIAN_POINT ( 'NONE',  ( 9.190067605226127867, -6.349999999999999645, -2.123812721427101202 ) ) ;
#5602 = CIRCLE ( 'NONE', #8081, 3.099999999999998757 ) ;
#5603 =( BOUNDED_SURFACE ( )  B_SPLINE_SURFACE ( 3, 2, ( 
 ( #8213, #2294, #4937 ),
 ( #7567, #1634, #5861 ),
 ( #6581, #5899, #1301 ),
 ( #8474, #1858, #3905 ),
 ( #7273, #3299, #4551 ),
 ( #667, #7910, #3952 ),
 ( #5984, #3341, #2037 ),
 ( #8516, #621, #1259 ),
 ( #6534, #2598, #3254 ),
 ( #4508, #5249, #1347 ),
 ( #7787, #3994, #1942 ),
 ( #5941, #7870, #2639 ),
 ( #2552, #7143, #4597 ),
 ( #6625, #5294, #7181 ) ),
 .UNSPECIFIED., .F., .F., .T. ) 
 B_SPLINE_SURFACE_WITH_KNOTS ( ( 4, 2, 2, 2, 2, 2, 4 ),
 ( 3, 3 ),
 ( 0.001563743598718813060, 0.001693887855682002508, 0.001824032112645191739, 0.002084320626571570419, 0.002344609140497948881, 0.002474753397461138330, 0.002604897654424327344 ),
 ( 0.000000000000000000, 1.000000000000000000 ),
 .UNSPECIFIED. ) 
 GEOMETRIC_REPRESENTATION_ITEM ( )  RATIONAL_B_SPLINE_SURFACE ( (
 ( 1.000000000000000000, 0.7071067811865475727, 1.000000000000000000),
 ( 1.000000000000000000, 0.7071067811865475727, 1.000000000000000000),
 ( 1.000000000000000000, 0.7071067811865475727, 1.000000000000000000),
 ( 1.000000000000000000, 0.7071067811865475727, 1.000000000000000000),
 ( 1.000000000000000000, 0.7071067811865475727, 1.000000000000000000),
 ( 1.000000000000000000, 0.7071067811865475727, 1.000000000000000000),
 ( 1.000000000000000000, 0.7071067811865475727, 1.000000000000000000),
 ( 1.000000000000000000, 0.7071067811865475727, 1.000000000000000000),
 ( 1.000000000000000000, 0.7071067811865475727, 1.000000000000000000),
 ( 1.000000000000000000, 0.7071067811865475727, 1.000000000000000000),
 ( 1.000000000000000000, 0.7071067811865475727, 1.000000000000000000),
 ( 1.000000000000000000, 0.7071067811865475727, 1.000000000000000000),
 ( 1.000000000000000000, 0.7071067811865475727, 1.000000000000000000),
 ( 1.000000000000000000, 0.7071067811865475727, 1.000000000000000000) ) ) 
 REPRESENTATION_ITEM ( '' )  SURFACE ( )  );
#5604 = VERTEX_POINT ( 'NONE', #2684 ) ;
#5605 = CARTESIAN_POINT ( 'NONE',  ( 0.7948548703877912347, -0.9571067811865475727, 5.774854870387788885 ) ) ;
#5606 = EDGE_CURVE ( 'NONE', #3312, #2035, #7313, .T. ) ;
#5607 = DIRECTION ( 'NONE',  ( 0.000000000000000000, 1.000000000000000000, 0.000000000000000000 ) ) ;
#5608 = VECTOR ( 'NONE', #6757, 1000.000000000000000 ) ;
#5609 = CARTESIAN_POINT ( 'NONE',  ( -4.206526835423882282, -1.249999999999999334, -5.195736631094203695 ) ) ;
#5610 = CARTESIAN_POINT ( 'NONE',  ( -0.4948548703878432597, -6.349999999999999645, 9.271102943336714475 ) ) ;
#5611 = CARTESIAN_POINT ( 'NONE',  ( -9.563313570181884771, -1.249999999999999778, 0.7270925849430948107 ) ) ;
#5612 = VERTEX_POINT ( 'NONE', #5508 ) ;
#5613 = CARTESIAN_POINT ( 'NONE',  ( 2.147411135467031773, -1.249999999999999778, -9.141954441198130610 ) ) ;
#5614 = CARTESIAN_POINT ( 'NONE',  ( 5.774854870387787109, -1.249999999999999778, -0.4948548703878105637 ) ) ;
#5615 = CARTESIAN_POINT ( 'NONE',  ( 6.074809178934709841, -1.249999999999999778, 0.4948548703877917454 ) ) ;
#5616 = ORIENTED_EDGE ( 'NONE', *, *, #8396, .T. ) ;
#5617 = VERTEX_POINT ( 'NONE', #1473 ) ;
#5618 = CARTESIAN_POINT ( 'NONE',  ( 1.961283133819065383E-15, -4.349999999999999645, -11.09999999999999609 ) ) ;
#5619 = DIRECTION ( 'NONE',  ( -0.7071067811865474617, 0.000000000000000000, 0.7071067811865474617 ) ) ;
#5620 = FACE_OUTER_BOUND ( 'NONE', #1479, .T. ) ;
#5621 =( BOUNDED_CURVE ( )  B_SPLINE_CURVE ( 3, ( #5162, #1997, #1824, #4472 ),
 .UNSPECIFIED., .F., .T. ) 
 B_SPLINE_CURVE_WITH_KNOTS ( ( 4, 4 ),
 ( 0.000000000000000000, 1.000000000000000000 ),
 .UNSPECIFIED. ) 
 CURVE ( )  GEOMETRIC_REPRESENTATION_ITEM ( )  RATIONAL_B_SPLINE_CURVE ( ( 1.000000000000000000, 0.8553052591901920687, 0.8553052591901920687, 1.000000000000000000 ) ) 
 REPRESENTATION_ITEM ( '' )  );
#5622 = CARTESIAN_POINT ( 'NONE',  ( -6.073039363056330409, -0.7500000000000002220, 3.558195542698753044 ) ) ;
#5623 = ORIENTED_EDGE ( 'NONE', *, *, #8248, .T. ) ;
#5624 = CARTESIAN_POINT ( 'NONE',  ( -4.749987219571051966, -6.349999999999999645, 4.749987219571150554 ) ) ;
#5625 = CARTESIAN_POINT ( 'NONE',  ( -4.749987219571051966, -1.249999999999999778, 4.749987219571150554 ) ) ;
#5626 = CARTESIAN_POINT ( 'NONE',  ( 12.69999999999999929, -4.849999999999996092, -2.100000000000001421 ) ) ;
#5627 = ORIENTED_EDGE ( 'NONE', *, *, #469, .F. ) ;
#5628 = ORIENTED_EDGE ( 'NONE', *, *, #5394, .F. ) ;
#5629 = EDGE_CURVE ( 'NONE', #6589, #6269, #8344, .T. ) ;
#5630 = CYLINDRICAL_SURFACE ( 'NONE', #4433, 9.305145129612210297 ) ;
#5631 = CARTESIAN_POINT ( 'NONE',  ( 1.619870005845416294, -0.7499999999999996669, 9.467189563441872124 ) ) ;
#5632 = CARTESIAN_POINT ( 'NONE',  ( -0.4948548703877916344, -1.249999999999999778, -9.271102943336668289 ) ) ;
#5633 = PRODUCT_RELATED_PRODUCT_CATEGORY ( 'part', '', ( #1471 ) ) ;
#5634 = CYLINDRICAL_SURFACE ( 'NONE', #3252, 0.5000000000000004441 ) ;
#5635 = CARTESIAN_POINT ( 'NONE',  ( 5.434941148158466184, -6.349999999999999645, -3.788629298572667281 ) ) ;
#5636 = EDGE_LOOP ( 'NONE', ( #1815, #5165, #2773, #186 ) ) ;
#5637 = EDGE_LOOP ( 'NONE', ( #7465, #7596, #7991, #5808 ) ) ;
#5638 = CARTESIAN_POINT ( 'NONE',  ( -9.244344518579985959, -6.349999999999999645, -2.107992638069543734 ) ) ;
#5639 = CARTESIAN_POINT ( 'NONE',  ( 2.389218707331016045, -1.249999999999999778, 5.773050187135009281 ) ) ;
#5640 = CARTESIAN_POINT ( 'NONE',  ( 2.105004284771645029, -1.250000000000000000, -9.940748498636054364 ) ) ;
#5641 = ADVANCED_FACE ( 'NONE', ( #6790 ), #2683, .T. ) ;
#5642 = CARTESIAN_POINT ( 'NONE',  ( 0.9686702522716085229, -0.7499999999999996669, -6.209393325097488869 ) ) ;
#5643 = CARTESIAN_POINT ( 'NONE',  ( -9.563309819739272299, -6.349999999999999645, -0.7270764054876839300 ) ) ;
#5644 = CARTESIAN_POINT ( 'NONE',  ( -5.529750942971389804, -0.7499999999999997780, 4.604115883184295654 ) ) ;
#5645 = CARTESIAN_POINT ( 'NONE',  ( 5.752636975339914471, -1.249999999999999778, 2.685283670518154420 ) ) ;
#5646 = CARTESIAN_POINT ( 'NONE',  ( -5.755478488678670068, -1.249999999999999778, 2.658265215455241748 ) ) ;
#5647 =( BOUNDED_SURFACE ( )  B_SPLINE_SURFACE ( 3, 2, ( 
 ( #2817, #4131, #6038 ),
 ( #2736, #1397, #3480 ),
 ( #8097, #7288, #2094 ),
 ( #1439, #8137, #3524 ),
 ( #6117, #797, #2179 ),
 ( #6074, #4092, #6636 ),
 ( #5386, #3401, #2696 ),
 ( #166, #206, #5477 ),
 ( #7970, #6803, #4693 ),
 ( #6756, #758, #880 ) ),
 .UNSPECIFIED., .F., .F., .F. ) 
 B_SPLINE_SURFACE_WITH_KNOTS ( ( 4, 2, 2, 2, 4 ),
 ( 3, 3 ),
 ( 0.000000000000000000, 8.874008666946176253E-05, 0.0001774801733389235251, 0.0002662202600083852740, 0.0003549603466778470501 ),
 ( 0.000000000000000000, 1.000000000000000000 ),
 .UNSPECIFIED. ) 
 GEOMETRIC_REPRESENTATION_ITEM ( )  RATIONAL_B_SPLINE_SURFACE ( (
 ( 1.000000000000000000, 0.7828858005155510114, 1.000000000000000000),
 ( 1.000000000000000000, 0.7823316129282678055, 1.000000000000000000),
 ( 1.000000000000000000, 0.8013859402318542768, 1.000000000000000000),
 ( 1.000000000000000000, 0.8529455745548070178, 1.000000000000000000),
 ( 1.000000000000000000, 0.8846933950169530991, 1.000000000000000000),
 ( 1.000000000000000000, 0.9391236465577195158, 1.000000000000000000),
 ( 1.000000000000000000, 0.9618119039027287487, 1.000000000000000000),
 ( 1.000000000000000000, 0.9921799038933843962, 1.000000000000000000),
 ( 1.000000000000000000, 0.9999926168062864829, 1.000000000000000000),
 ( 1.000000000000000000, 1.000000000000000000, 1.000000000000000000) ) ) 
 REPRESENTATION_ITEM ( '' )  SURFACE ( )  );
#5648 = CARTESIAN_POINT ( 'NONE',  ( 9.138289497553039098, -1.249999999999999778, -2.149601316833823716 ) ) ;
#5649 = DIRECTION ( 'NONE',  ( 0.000000000000000000, 0.000000000000000000, 1.000000000000000000 ) ) ;
#5650 = CARTESIAN_POINT ( 'NONE',  ( 4.749987219571084829, -1.249999999999999778, -4.749987219571117691 ) ) ;
#5651 = CARTESIAN_POINT ( 'NONE',  ( 0.4948548703877904686, -6.349999999999999645, 6.074809178934709841 ) ) ;
#5652 = DIRECTION ( 'NONE',  ( -0.000000000000000000, -1.000000000000000000, -0.000000000000000000 ) ) ;
#5653 = CARTESIAN_POINT ( 'NONE',  ( 3.089999999999999858, 6.349999999999999645, 2.555000000000000160 ) ) ;
#5654 = EDGE_CURVE ( 'NONE', #3162, #2934, #1297, .T. ) ;
#5655 = CARTESIAN_POINT ( 'NONE',  ( -9.115647332695406391, -0.7499999999999997780, 0.9948548703878864474 ) ) ;
#5656 = VERTEX_POINT ( 'NONE', #7268 ) ;
#5657 = CARTESIAN_POINT ( 'NONE',  ( 2.105145129612177257, -1.249999999999999778, -9.299109199783146096 ) ) ;
#5658 = CARTESIAN_POINT ( 'NONE',  ( -9.320677620799685315, -0.8024511530617314259, 0.8678600213245583062 ) ) ;
#5659 = DIRECTION ( 'NONE',  ( -0.000000000000000000, 1.000000000000000000, -0.000000000000000000 ) ) ;
#5660 = ORIENTED_EDGE ( 'NONE', *, *, #2439, .T. ) ;
#5661 = ORIENTED_EDGE ( 'NONE', *, *, #8247, .F. ) ;
#5662 = CARTESIAN_POINT ( 'NONE',  ( 1.653639719517049283E-16, -7.589999999999999858, -3.469446951953614189E-15 ) ) ;
#5663 = FACE_OUTER_BOUND ( 'NONE', #835, .T. ) ;
#5664 = CARTESIAN_POINT ( 'NONE',  ( -9.935836767996176988, -1.249999999999999778, 1.651322806674164756 ) ) ;
#5665 = ORIENTED_EDGE ( 'NONE', *, *, #2800, .T. ) ;
#5666 = CARTESIAN_POINT ( 'NONE',  ( -4.998841268229914370, -6.349999999999999645, 4.473107448934324104 ) ) ;
#5667 = EDGE_CURVE ( 'NONE', #764, #2024, #5801, .T. ) ;
#5668 = DIRECTION ( 'NONE',  ( 1.000000000000000000, 0.000000000000000000, -1.257890898639184104E-14 ) ) ;
#5669 = LINE ( 'NONE', #989, #593 ) ;
#5670 = ORIENTED_EDGE ( 'NONE', *, *, #2078, .T. ) ;
#5671 = VERTEX_POINT ( 'NONE', #740 ) ;
#5672 = CARTESIAN_POINT ( 'NONE',  ( -0.7948548703877315047, -1.249999999999999778, 5.774854870387797767 ) ) ;
#5673 =( BOUNDED_CURVE ( )  B_SPLINE_CURVE ( 3, ( #8070, #7381, #4830, #7464 ),
 .UNSPECIFIED., .F., .T. ) 
 B_SPLINE_CURVE_WITH_KNOTS ( ( 4, 4 ),
 ( 0.000000000000000000, 1.000000000000000000 ),
 .UNSPECIFIED. ) 
 CURVE ( )  GEOMETRIC_REPRESENTATION_ITEM ( )  RATIONAL_B_SPLINE_CURVE ( ( 1.000000000000000000, 0.6625055929971777058, 0.6625055929971777058, 1.000000000000000000 ) ) 
 REPRESENTATION_ITEM ( '' )  );
#5674 = DIRECTION ( 'NONE',  ( 0.000000000000000000, 0.000000000000000000, 1.000000000000000000 ) ) ;
#5675 = CARTESIAN_POINT ( 'NONE',  ( 5.774854870387781780, -1.249999999999999778, -2.275387937340445088 ) ) ;
#5676 = AXIS2_PLACEMENT_3D ( 'NONE', #5497, #4316, #6176 ) ;
#5677 = EDGE_CURVE ( 'NONE', #5869, #1801, #8354, .T. ) ;
#5678 = FACE_OUTER_BOUND ( 'NONE', #7379, .T. ) ;
#5679 = EDGE_CURVE ( 'NONE', #1892, #1067, #6617, .T. ) ;
#5680 = CARTESIAN_POINT ( 'NONE',  ( -9.204977865299273532, -0.7499999999999997780, 1.609750695354010608 ) ) ;
#5681 = ORIENTED_EDGE ( 'NONE', *, *, #7659, .T. ) ;
#5682 = VERTEX_POINT ( 'NONE', #2721 ) ;
#5683 = CARTESIAN_POINT ( 'NONE',  ( 5.774854870387789774, -0.7499999999999997780, 2.275387937340419775 ) ) ;
#5684 = AXIS2_PLACEMENT_3D ( 'NONE', #8421, #7904, #1982 ) ;
#5685 = CARTESIAN_POINT ( 'NONE',  ( -0.4948548703877910238, -0.7499999999999997780, -9.271102943336668289 ) ) ;
#5686 = CARTESIAN_POINT ( 'NONE',  ( -1.734723475976804925E-15, -1.249999999999999778, -12.69999999999999929 ) ) ;
#5687 = CARTESIAN_POINT ( 'NONE',  ( 2.132339861524017000, -0.7499999999999904521, 9.170254960819141488 ) ) ;
#5688 = CARTESIAN_POINT ( 'NONE',  ( -2.329991424587346316, -1.249999999999999778, -9.008710553930304954 ) ) ;
#5689 = CARTESIAN_POINT ( 'NONE',  ( 5.771359271333119878, -1.249999999999999778, 2.481203500579824528 ) ) ;
#5690 = FACE_OUTER_BOUND ( 'NONE', #5164, .T. ) ;
#5691 = VECTOR ( 'NONE', #4513, 1000.000000000000000 ) ;
#5692 = CARTESIAN_POINT ( 'NONE',  ( 9.281126975244994526, -1.249999999999999778, -2.106080121572934338 ) ) ;
#5693 = EDGE_LOOP ( 'NONE', ( #4558, #4168, #1980, #5770, #736, #3529, #1591, #5441, #6129, #6723, #4327, #7472, #7151, #2154, #4519, #3544, #6492, #133, #5670 ) ) ;
#5694 = EDGE_CURVE ( 'NONE', #7922, #3197, #6550, .T. ) ;
#5695 =( BOUNDED_SURFACE ( )  B_SPLINE_SURFACE ( 3, 1, ( 
 ( #2109, #105 ),
 ( #2749, #4148 ),
 ( #7986, #1414 ),
 ( #1538, #2192 ) ),
 .UNSPECIFIED., .F., .F., .T. ) 
 B_SPLINE_SURFACE_WITH_KNOTS ( ( 4, 4 ),
 ( 2, 2 ),
 ( 0.000000000000000000, 1.000000000000000000 ),
 ( 0.000000000000000000, 1.000000000000000000 ),
 .UNSPECIFIED. ) 
 GEOMETRIC_REPRESENTATION_ITEM ( )  RATIONAL_B_SPLINE_SURFACE ( (
 ( 1.000000000000000000, 1.000000000000000000),
 ( 0.6625055929971773727, 0.6625055929971773727),
 ( 0.6625055929971773727, 0.6625055929971773727),
 ( 1.000000000000000000, 1.000000000000000000) ) ) 
 REPRESENTATION_ITEM ( '' )  SURFACE ( )  );
#5696 = VERTEX_POINT ( 'NONE', #1136 ) ;
#5697 = CARTESIAN_POINT ( 'NONE',  ( -2.105145129612210120, -0.7499999999999997780, -9.678354296802050172 ) ) ;
#5698 = VECTOR ( 'NONE', #6155, 1000.000000000000000 ) ;
#5699 = CARTESIAN_POINT ( 'NONE',  ( 4.582905400914244254, -1.249999999999999778, -4.909238357543654452 ) ) ;
#5700 = CARTESIAN_POINT ( 'NONE',  ( 0.8390868044157979710, -0.8339739471929766834, -9.368934980870420759 ) ) ;
#5701 = CARTESIAN_POINT ( 'NONE',  ( 5.104410993638287763, -6.349999999999999645, -4.336769658571881791 ) ) ;
#5702 = DIRECTION ( 'NONE',  ( 0.000000000000000000, 0.000000000000000000, 1.000000000000000000 ) ) ;
#5703 = VECTOR ( 'NONE', #2314, 1000.000000000000000 ) ;
#5704 = CARTESIAN_POINT ( 'NONE',  ( -5.774854870387794215, -6.349999999999999645, -2.275387937340420219 ) ) ;
#5705 = EDGE_LOOP ( 'NONE', ( #658, #6588 ) ) ;
#5706 = CARTESIAN_POINT ( 'NONE',  ( -9.286119137429894366, -0.7499999999999997780, 1.605145129612307153 ) ) ;
#5707 = CARTESIAN_POINT ( 'NONE',  ( -9.493503963496388920, -0.9743063038739021575, 0.7665838582573071269 ) ) ;
#5708 = EDGE_LOOP ( 'NONE', ( #3692, #4936, #8236, #319 ) ) ;
#5709 = FACE_OUTER_BOUND ( 'NONE', #3538, .T. ) ;
#5710 = CARTESIAN_POINT ( 'NONE',  ( 5.103397455562737051, -0.7499999999999997780, -5.103761866399051605 ) ) ;
#5711 = CARTESIAN_POINT ( 'NONE',  ( 9.271084787564040752, -1.249999999999999778, 0.4948548703877889698 ) ) ;
#5712 = CARTESIAN_POINT ( 'NONE',  ( -4.826706478299850112, -1.249999999999999778, 4.671032987666266401 ) ) ;
#5713 = ORIENTED_EDGE ( 'NONE', *, *, #618, .T. ) ;
#5714 = CARTESIAN_POINT ( 'NONE',  ( -5.759183060185232073, -6.349999999999999645, 2.607098787731497946 ) ) ;
#5715 = CARTESIAN_POINT ( 'NONE',  ( -4.321772194142210921, -6.349999999999999645, 5.116479423851578723 ) ) ;
#5716 = CARTESIAN_POINT ( 'NONE',  ( 0.9948548703877909682, -0.7499999999999997780, 9.115647332695417049 ) ) ;
#5717 = VERTEX_POINT ( 'NONE', #7952 ) ;
#5718 = VERTEX_POINT ( 'NONE', #4679 ) ;
#5719 = PLANE ( 'NONE',  #6428 ) ;
#5720 = EDGE_CURVE ( 'NONE', #4203, #1486, #6821, .T. ) ;
#5721 = CARTESIAN_POINT ( 'NONE',  ( -0.4948548703877916344, -6.349999999999999645, -9.271102943336668289 ) ) ;
#5722 = FACE_OUTER_BOUND ( 'NONE', #6772, .T. ) ;
#5723 = CARTESIAN_POINT ( 'NONE',  ( -4.768964163857674521, -1.249999999999999778, -4.731547459428067981 ) ) ;
#5724 = CARTESIAN_POINT ( 'NONE',  ( 4.749987219571084829, -6.349999999999999645, -4.749987219571117691 ) ) ;
#5725 = CIRCLE ( 'NONE', #1700, 2.999999999999999112 ) ;
#5726 = ORIENTED_EDGE ( 'NONE', *, *, #7155, .F. ) ;
#5727 = CARTESIAN_POINT ( 'NONE',  ( 9.271084787564040752, -1.249999999999999778, 0.4948548703877889698 ) ) ;
#5728 = CARTESIAN_POINT ( 'NONE',  ( 4.613233430757334830, -0.7499999999999997780, 5.523271562641316912 ) ) ;
#5729 = CARTESIAN_POINT ( 'NONE',  ( -2.106604438205919028, -1.249999999999999778, -9.271043060280229398 ) ) ;
#5730 = CARTESIAN_POINT ( 'NONE',  ( -2.252158159391560055, -0.7499999999999997780, 5.775249408043571897 ) ) ;
#5731 = CARTESIAN_POINT ( 'NONE',  ( 2.112333697984127845, -1.249999999999999778, 9.231414770030278660 ) ) ;
#5732 = DIRECTION ( 'NONE',  ( 0.000000000000000000, 0.000000000000000000, -1.000000000000000000 ) ) ;
#5733 = VECTOR ( 'NONE', #5781, 1000.000000000000000 ) ;
#5734 = CARTESIAN_POINT ( 'NONE',  ( 5.116479423851534314, -1.249999999999999778, 4.321772194142264212 ) ) ;
#5735 = CARTESIAN_POINT ( 'NONE',  ( -5.434941148158438651, -6.349999999999999645, 3.788629298572705029 ) ) ;
#5736 = CARTESIAN_POINT ( 'NONE',  ( 9.025180162666742945, -1.249999999999999778, -2.277684825170552152 ) ) ;
#5737 = ORIENTED_EDGE ( 'NONE', *, *, #6130, .T. ) ;
#5738 = ORIENTED_EDGE ( 'NONE', *, *, #6216, .F. ) ;
#5739 = AXIS2_PLACEMENT_3D ( 'NONE', #6112, #7358, #4088 ) ;
#5740 = CARTESIAN_POINT ( 'NONE',  ( 6.274854870387789774, -0.7499999999999997780, 0.9948548703877916344 ) ) ;
#5741 = LINE ( 'NONE', #8400, #3046 ) ;
#5742 = CARTESIAN_POINT ( 'NONE',  ( -4.909990463520464310, -1.249999999999999778, -4.582069818201015998 ) ) ;
#5743 = EDGE_CURVE ( 'NONE', #3024, #7648, #7108, .T. ) ;
#5744 = CARTESIAN_POINT ( 'NONE',  ( 0.9614061070045168966, -0.7499999999999996669, -9.168307674432073284 ) ) ;
#5745 = PLANE ( 'NONE',  #4355 ) ;
#5746 = CIRCLE ( 'NONE', #8206, 0.5349999999999999201 ) ;
#5747 = CARTESIAN_POINT ( 'NONE',  ( 9.910389448422025183, -0.8140102161161226757, -1.938856732754068002 ) ) ;
#5748 = DIRECTION ( 'NONE',  ( -0.000000000000000000, -1.000000000000000000, -0.000000000000000000 ) ) ;
#5749 = ORIENTED_EDGE ( 'NONE', *, *, #859, .F. ) ;
#5750 = CARTESIAN_POINT ( 'NONE',  ( -5.731021261170965886, -0.7499999999999429345, -2.839519246714801159 ) ) ;
#5751 = AXIS2_PLACEMENT_3D ( 'NONE', #4417, #404, #5674 ) ;
#5752 = CARTESIAN_POINT ( 'NONE',  ( 6.088326899293931227, -0.7777511574428085384, -0.8083268992939413033 ) ) ;
#5753 = CARTESIAN_POINT ( 'NONE',  ( -2.036727166172514369, -0.7499999999999997780, -8.587454352011727465 ) ) ;
#5754 = ADVANCED_FACE ( 'NONE', ( #2474 ), #7996, .T. ) ;
#5755 = DIRECTION ( 'NONE',  ( 1.000000000000000000, 0.000000000000000000, -1.047444401652940007E-14 ) ) ;
#5756 = CARTESIAN_POINT ( 'NONE',  ( -6.274854870387789774, -0.7499999999999997780, -2.279633664619781452 ) ) ;
#5757 = CARTESIAN_POINT ( 'NONE',  ( -0.4948556567470130951, -1.145812309439296905, -9.509478328360634336 ) ) ;
#5758 = VERTEX_POINT ( 'NONE', #6060 ) ;
#5759 = LINE ( 'NONE', #8377, #6384 ) ;
#5760 = VECTOR ( 'NONE', #2180, 1000.000000000000000 ) ;
#5761 = CARTESIAN_POINT ( 'NONE',  ( -2.344164247592777528, -6.349999999999999645, 5.773686764335397292 ) ) ;
#5762 =( BOUNDED_SURFACE ( )  B_SPLINE_SURFACE ( 3, 2, ( 
 ( #3152, #5839, #7210 ),
 ( #5180, #4534, #4404 ),
 ( #5884, #7164, #4577 ),
 ( #3061, #2743, #5444 ),
 ( #8064, #2145, #5925 ),
 ( #11, #5277, #3323 ),
 ( #7760, #7624, #7800 ),
 ( #4522, #6505, #472 ),
 ( #3098, #7030, #4395 ),
 ( #423, #6983, #3225 ),
 ( #3049, #5093, #1829 ),
 ( #8444, #1695, #5787 ),
 ( #2399, #7676, #1230 ),
 ( #6341, #2524, #6423 ) ),
 .UNSPECIFIED., .F., .F., .T. ) 
 B_SPLINE_SURFACE_WITH_KNOTS ( ( 4, 2, 2, 2, 2, 2, 4 ),
 ( 3, 3 ),
 ( 0.001563743598718811759, 0.001693887855682002725, 0.001824032112645193691, 0.002084320626571575623, 0.002344609140497957989, 0.002474753397461148738, 0.002604897654424339921 ),
 ( 0.000000000000000000, 1.000000000000000000 ),
 .UNSPECIFIED. ) 
 GEOMETRIC_REPRESENTATION_ITEM ( )  RATIONAL_B_SPLINE_SURFACE ( (
 ( 1.000000000000000000, 0.7071067811865475727, 1.000000000000000000),
 ( 1.000000000000000000, 0.7071067811865475727, 1.000000000000000000),
 ( 1.000000000000000000, 0.7071067811865475727, 1.000000000000000000),
 ( 1.000000000000000000, 0.7071067811865475727, 1.000000000000000000),
 ( 1.000000000000000000, 0.7071067811865475727, 1.000000000000000000),
 ( 1.000000000000000000, 0.7071067811865475727, 1.000000000000000000),
 ( 1.000000000000000000, 0.7071067811865475727, 1.000000000000000000),
 ( 1.000000000000000000, 0.7071067811865475727, 1.000000000000000000),
 ( 1.000000000000000000, 0.7071067811865475727, 1.000000000000000000),
 ( 1.000000000000000000, 0.7071067811865475727, 1.000000000000000000),
 ( 1.000000000000000000, 0.7071067811865475727, 1.000000000000000000),
 ( 1.000000000000000000, 0.7071067811865475727, 1.000000000000000000),
 ( 1.000000000000000000, 0.7071067811865475727, 1.000000000000000000),
 ( 1.000000000000000000, 0.7071067811865475727, 1.000000000000000000) ) ) 
 REPRESENTATION_ITEM ( '' )  SURFACE ( )  );
#5763 = CARTESIAN_POINT ( 'NONE',  ( 9.271102943336666513, -6.349999999999999645, -0.4948548703878239419 ) ) ;
#5764 = ORIENTED_EDGE ( 'NONE', *, *, #4684, .T. ) ;
#5765 = ORIENTED_EDGE ( 'NONE', *, *, #2883, .T. ) ;
#5766 = DIRECTION ( 'NONE',  ( -1.000000000000000000, 0.000000000000000000, 3.491481338843133355E-15 ) ) ;
#5767 = CARTESIAN_POINT ( 'NONE',  ( 1.650918591661175938, -1.152677805080577489, 9.925151415895452800 ) ) ;
#5768 = CARTESIAN_POINT ( 'NONE',  ( -8.589867508417867725, -0.7499999999999998890, -2.032137613996061187 ) ) ;
#5769 = CARTESIAN_POINT ( 'NONE',  ( 2.275387937340399791, -0.7499999999999997780, -5.774854870387797767 ) ) ;
#5770 = ORIENTED_EDGE ( 'NONE', *, *, #3576, .T. ) ;
#5771 = CARTESIAN_POINT ( 'NONE',  ( -9.014118416172662407, -1.249999999999999778, 2.312816342378879231 ) ) ;
#5772 = B_SPLINE_CURVE_WITH_KNOTS ( 'NONE', 3,
 ( #4565, #5915, #8530, #7884, #4813, #6070, #4732, #6799, #7319, #2858, #2044, #5432, #6843, #2131, #2898, #242 ),
 .UNSPECIFIED., .F., .F.,
 ( 4, 1, 2, 2, 2, 1, 2, 2, 4 ),
 ( 0.000000000000000000, 0.1250000000000195677, 0.1875000000000230649, 0.2500000000000265898, 0.5000000000000308642, 0.6250000000000329736, 0.6875000000000295319, 0.7500000000000260902, 1.000000000000000000 ),
 .UNSPECIFIED. ) ;
#5773 = CARTESIAN_POINT ( 'NONE',  ( -9.318289500075369602, -1.249999999999999778, 2.104147843290053999 ) ) ;
#5774 = VERTEX_POINT ( 'NONE', #152 ) ;
#5775 = ADVANCED_FACE ( 'NONE', ( #2758 ), #6905, .T. ) ;
#5776 = ORIENTED_EDGE ( 'NONE', *, *, #5210, .T. ) ;
#5777 = CARTESIAN_POINT ( 'NONE',  ( -9.138289497907933878, -1.249999999999999778, -2.149601316613273916 ) ) ;
#5778 = CARTESIAN_POINT ( 'NONE',  ( 0.4948548703877910238, -1.249999999999999778, 6.074832024661248830 ) ) ;
#5779 = CARTESIAN_POINT ( 'NONE',  ( 2.292008942561060358, -1.249999999999999778, 9.021147018119485494 ) ) ;
#5780 = CARTESIAN_POINT ( 'NONE',  ( 0.4948548703877910238, -1.249999999999999778, 6.074832024661248830 ) ) ;
#5781 = DIRECTION ( 'NONE',  ( 3.290565883526590149E-15, 1.000000000000000000, 0.000000000000000000 ) ) ;
#5782 = ORIENTED_EDGE ( 'NONE', *, *, #2789, .F. ) ;
#5783 = CARTESIAN_POINT ( 'NONE',  ( 9.092018752388744574, -6.349999999999999645, -2.185427387616520445 ) ) ;
#5784 = ORIENTED_EDGE ( 'NONE', *, *, #1316, .F. ) ;
#5785 = EDGE_CURVE ( 'NONE', #7982, #874, #7555, .T. ) ;
#5786 = DIRECTION ( 'NONE',  ( 0.000000000000000000, 1.000000000000000000, 0.000000000000000000 ) ) ;
#5787 = CARTESIAN_POINT ( 'NONE',  ( -2.291782914460461562, -1.249999999999999778, 9.021228600866875169 ) ) ;
#5788 = CARTESIAN_POINT ( 'NONE',  ( 4.708419941521996499, -1.249999999999999334, 4.790377844397176510 ) ) ;
#5789 = LINE ( 'NONE', #7680, #4213 ) ;
#5790 = CARTESIAN_POINT ( 'NONE',  ( -2.105145129612210120, -6.349999999999999645, -9.678354296802050172 ) ) ;
#5791 = CARTESIAN_POINT ( 'NONE',  ( 2.315066160976711807, -0.9888132917185316062, -8.956637671642694087 ) ) ;
#5792 = EDGE_CURVE ( 'NONE', #302, #927, #1854, .T. ) ;
#5793 = ORIENTED_EDGE ( 'NONE', *, *, #300, .T. ) ;
#5794 = ADVANCED_FACE ( 'NONE', ( #6868 ), #4457, .T. ) ;
#5795 = FACE_OUTER_BOUND ( 'NONE', #5636, .T. ) ;
#5796 = CARTESIAN_POINT ( 'NONE',  ( -9.509478328360447819, -1.145812309439299126, 0.4948556567471932843 ) ) ;
#5797 = VERTEX_POINT ( 'NONE', #943 ) ;
#5798 = CARTESIAN_POINT ( 'NONE',  ( 13.43502884254440310, -16.35000000000000142, -8.673617379884035472E-16 ) ) ;
#5799 = CARTESIAN_POINT ( 'NONE',  ( 9.530431722890662982, -6.349999999999997868, -0.5853924772786576192 ) ) ;
#5800 = CARTESIAN_POINT ( 'NONE',  ( 4.911823444770747393, -0.7499999999999996669, -5.286188974899642901 ) ) ;
#5801 = B_SPLINE_CURVE_WITH_KNOTS ( 'NONE', 3,
 ( #6660, #1343, #2073, #663, #69, #1822, #2679, #3784, #3991, #3948, #784, #3337, #4429, #6019, #1421, #2635 ),
 .UNSPECIFIED., .F., .F.,
 ( 4, 1, 2, 2, 2, 1, 2, 2, 4 ),
 ( 0.000000000000000000, 0.1250000000000015266, 0.1875000000000011102, 0.2500000000000007216, 0.4999999999999912292, 0.6249999999999855671, 0.6874999999999877875, 0.7499999999999898970, 1.000000000000000000 ),
 .UNSPECIFIED. ) ;
#5802 = LINE ( 'NONE', #394, #6562 ) ;
#5803 = CARTESIAN_POINT ( 'NONE',  ( -0.5718457277413842021, -0.9743063024704207153, -9.246666417027695317 ) ) ;
#5804 = CARTESIAN_POINT ( 'NONE',  ( -5.307768385487380947, -6.349999999999999645, 4.026130418058190052 ) ) ;
#5805 = CARTESIAN_POINT ( 'NONE',  ( -2.275387937340360267, -6.349999999999999645, 5.774854870387817307 ) ) ;
#5806 = EDGE_CURVE ( 'NONE', #1339, #1012, #6218, .T. ) ;
#5807 = CARTESIAN_POINT ( 'NONE',  ( -0.7394344843842884929, -0.8005724628894496098, -9.194057277607406320 ) ) ;
#5808 = ORIENTED_EDGE ( 'NONE', *, *, #2184, .T. ) ;
#5809 = ORIENTED_EDGE ( 'NONE', *, *, #2066, .F. ) ;
#5810 = CARTESIAN_POINT ( 'NONE',  ( -6.074832024661248830, -1.249999999999999778, -0.4948548703877919674 ) ) ;
#5811 = CARTESIAN_POINT ( 'NONE',  ( 1.650697302570872660, -1.129815972907925792, 9.918988504625051661 ) ) ;
#5812 = CARTESIAN_POINT ( 'NONE',  ( -8.878058905389313082, -0.7499999999999996669, -1.719408913105277215 ) ) ;
#5813 = CARTESIAN_POINT ( 'NONE',  ( 6.269379866851940264, -0.7499999999999997780, 2.527277109731124849 ) ) ;
#5814 = CARTESIAN_POINT ( 'NONE',  ( 9.344284074950452990, -0.7499999999999997780, 1.605145129612209454 ) ) ;
#5815 = CARTESIAN_POINT ( 'NONE',  ( 9.228248573552630063, -0.7499999999999998890, -0.9233579115200866161 ) ) ;
#5816 = EDGE_LOOP ( 'NONE', ( #223, #4057, #4097, #8113 ) ) ;
#5817 = CARTESIAN_POINT ( 'NONE',  ( -0.7270925849429945576, -1.249999999999999778, -9.563313570181891876 ) ) ;
#5818 = CARTESIAN_POINT ( 'NONE',  ( -2.151390521221456797, -0.7500000000000000000, -8.540746395040399008 ) ) ;
#5819 = DIRECTION ( 'NONE',  ( 0.000000000000000000, 0.000000000000000000, -1.000000000000000000 ) ) ;
#5820 = CARTESIAN_POINT ( 'NONE',  ( -2.105004284771684109, -1.249999999999999778, -9.940748498636045483 ) ) ;
#5821 = CARTESIAN_POINT ( 'NONE',  ( -9.115647332695406391, -0.7499999999999997780, 0.9948548703878864474 ) ) ;
#5822 = CARTESIAN_POINT ( 'NONE',  ( 6.074809178934708065, -6.349999999999999645, -0.4948548703878122290 ) ) ;
#5823 = ORIENTED_EDGE ( 'NONE', *, *, #1229, .F. ) ;
#5824 = ORIENTED_EDGE ( 'NONE', *, *, #8199, .F. ) ;
#5825 = AXIS2_PLACEMENT_3D ( 'NONE', #1741, #5607, #7032 ) ;
#5826 = CARTESIAN_POINT ( 'NONE',  ( -2.275387937340359823, -1.249999999999999778, 5.774854870387812866 ) ) ;
#5827 = CARTESIAN_POINT ( 'NONE',  ( -2.105145129612209232, -6.349999999999999645, -9.299109199783835322 ) ) ;
#5828 = CARTESIAN_POINT ( 'NONE',  ( 2.846498317571605874, -1.249999999999999334, 5.729727507366512818 ) ) ;
#5829 = CARTESIAN_POINT ( 'NONE',  ( 0.4949083761043212015, -1.249999999999999778, -5.899142436556308766 ) ) ;
#5830 = CIRCLE ( 'NONE', #7887, 9.305145129612210297 ) ;
#5831 = EDGE_CURVE ( 'NONE', #3418, #5774, #6912, .T. ) ;
#5832 = CARTESIAN_POINT ( 'NONE',  ( -2.185427387327672832, -1.249999999999999778, 9.092018752690849581 ) ) ;
#5833 = CARTESIAN_POINT ( 'NONE',  ( 10.20694294810249936, -1.177689514655752667, -2.105143927105274759 ) ) ;
#5834 = CARTESIAN_POINT ( 'NONE',  ( -2.260363860329013708, -0.7499999999999997780, -6.275155897547290529 ) ) ;
#5835 = EDGE_LOOP ( 'NONE', ( #4143, #5017, #744, #1847 ) ) ;
#5836 = CARTESIAN_POINT ( 'NONE',  ( -5.664556239062728871, -1.249999999999999778, -3.176966234697815139 ) ) ;
#5837 = AXIS2_PLACEMENT_3D ( 'NONE', #7226, #5902, #3819 ) ;
#5838 = CARTESIAN_POINT ( 'NONE',  ( 1.605145129612177923, -0.7499999999999997780, -9.286119137480389085 ) ) ;
#5839 = CARTESIAN_POINT ( 'NONE',  ( -2.104150091524026767, -0.7499999999999997780, 9.318246261006310149 ) ) ;
#5840 = CARTESIAN_POINT ( 'NONE',  ( 5.774854870387789774, -1.249999999999999778, 0.7948320246612505802 ) ) ;
#5841 = CARTESIAN_POINT ( 'NONE',  ( -9.563309819739382434, -6.349999999999999645, 0.7270764054876245330 ) ) ;
#5842 = CARTESIAN_POINT ( 'NONE',  ( -9.083922598327539788, -6.349999999999998757, -2.194991654270587844 ) ) ;
#5843 = EDGE_CURVE ( 'NONE', #8215, #7974, #7131, .T. ) ;
#5844 = EDGE_CURVE ( 'NONE', #1099, #954, #5746, .T. ) ;
#5845 = CARTESIAN_POINT ( 'NONE',  ( -0.8349215533303676606, -0.9427265114570053672, -5.875021577744237611 ) ) ;
#5846 = CARTESIAN_POINT ( 'NONE',  ( -4.899664131170565540, -0.7499999999999136246, 4.593849348479930761 ) ) ;
#5847 = CIRCLE ( 'NONE', #5837, 0.5349999999999999201 ) ;
#5848 = ORIENTED_EDGE ( 'NONE', *, *, #3512, .T. ) ;
#5849 = CARTESIAN_POINT ( 'NONE',  ( -12.69999999999999929, -4.349999999999999645, -1.734723475976804925E-15 ) ) ;
#5850 = CARTESIAN_POINT ( 'NONE',  ( 1.825891731655359340, -0.7499999999999998890, 8.740564108599841120 ) ) ;
#5851 = CARTESIAN_POINT ( 'NONE',  ( -5.774854870387792438, -6.349999999999999645, -0.7948091789347090375 ) ) ;
#5852 = ORIENTED_EDGE ( 'NONE', *, *, #5843, .T. ) ;
#5853 = VECTOR ( 'NONE', #5668, 1000.000000000000000 ) ;
#5854 = VERTEX_POINT ( 'NONE', #5711 ) ;
#5855 = FACE_OUTER_BOUND ( 'NONE', #2252, .T. ) ;
#5856 = CARTESIAN_POINT ( 'NONE',  ( -2.132250856315017540, -1.249999999999999778, -9.170376603022745599 ) ) ;
#5857 = CARTESIAN_POINT ( 'NONE',  ( -9.115647332695257177, -0.7499999999999996669, -0.9948548703877886368 ) ) ;
#5858 = EDGE_CURVE ( 'NONE', #4276, #4237, #1310, .T. ) ;
#5859 = FACE_OUTER_BOUND ( 'NONE', #2477, .T. ) ;
#5860 = CARTESIAN_POINT ( 'NONE',  ( -4.033720774788659647, -0.7499999999999997780, -5.309924169185638476 ) ) ;
#5861 = CARTESIAN_POINT ( 'NONE',  ( -9.271312360185302026, -1.249999999999999778, -2.106590435858935795 ) ) ;
#5862 = CARTESIAN_POINT ( 'NONE',  ( -0.9948548703876936017, -0.7499999999999997780, 9.115647332695267835 ) ) ;
#5863 = CARTESIAN_POINT ( 'NONE',  ( -2.211476516841419659, -6.349999999999998757, -9.067733686854484887 ) ) ;
#5864 = DIRECTION ( 'NONE',  ( 0.000000000000000000, 0.000000000000000000, -1.000000000000000000 ) ) ;
#5865 = CARTESIAN_POINT ( 'NONE',  ( -9.678273776525896821, -1.177244903634258488, -2.105145129612204347 ) ) ;
#5866 = EDGE_CURVE ( 'NONE', #2549, #5187, #3008, .T. ) ;
#5867 = CARTESIAN_POINT ( 'NONE',  ( -6.274854870387779116, -0.7500000000000000000, 0.9948548703878575816 ) ) ;
#5868 = LINE ( 'NONE', #7796, #1579 ) ;
#5869 = VERTEX_POINT ( 'NONE', #7082 ) ;
#5870 = CARTESIAN_POINT ( 'NONE',  ( 0.9948548703877909682, -0.7499999999999997780, 6.274854870387789774 ) ) ;
#5871 = DIRECTION ( 'NONE',  ( -1.000000000000000000, 0.000000000000000000, 0.000000000000000000 ) ) ;
#5872 = VECTOR ( 'NONE', #5098, 1000.000000000000000 ) ;
#5873 = ORIENTED_EDGE ( 'NONE', *, *, #914, .F. ) ;
#5874 = CARTESIAN_POINT ( 'NONE',  ( -2.329991424587346316, -0.7499999999999997780, -9.008710553930304954 ) ) ;
#5875 = CARTESIAN_POINT ( 'NONE',  ( 0.4948548703877705401, -1.249999999999999778, -6.074809178934711618 ) ) ;
#5876 = CARTESIAN_POINT ( 'NONE',  ( -5.663621621357538771, -1.249999999999999778, 3.179820200577315958 ) ) ;
#5877 = CARTESIAN_POINT ( 'NONE',  ( -9.344284074950605756, -0.7499999999999996669, 1.605145129612308486 ) ) ;
#5878 = CARTESIAN_POINT ( 'NONE',  ( 0.8670548350780586944, -0.7499999999999998890, 9.154518501907666916 ) ) ;
#5879 = ORIENTED_EDGE ( 'NONE', *, *, #3462, .T. ) ;
#5880 = CARTESIAN_POINT ( 'NONE',  ( -8.539023618827204842, -0.7499999999999997780, 2.156861966640071238 ) ) ;
#5881 = CARTESIAN_POINT ( 'NONE',  ( -9.170376603022718953, -1.249999999999999778, 2.132250856315114795 ) ) ;
#5882 = EDGE_CURVE ( 'NONE', #4113, #3639, #5906, .T. ) ;
#5883 = CARTESIAN_POINT ( 'NONE',  ( 2.648042898853951676E-14, -1.249999999999999778, 2.105145129612326915 ) ) ;
#5884 = CARTESIAN_POINT ( 'NONE',  ( -1.609686061306179417, -0.7499999999999997780, 9.205690971482372476 ) ) ;
#5885 = VERTEX_POINT ( 'NONE', #3844 ) ;
#5886 = CARTESIAN_POINT ( 'NONE',  ( -4.911823444770713643, -0.7499999999999998890, 5.286188974899682869 ) ) ;
#5887 = FACE_BOUND ( 'NONE', #7844, .T. ) ;
#5888 = CARTESIAN_POINT ( 'NONE',  ( -1.605145129612209898, -0.7499999999999997780, -9.286119137429906800 ) ) ;
#5889 = ORIENTED_EDGE ( 'NONE', *, *, #1130, .F. ) ;
#5890 = CARTESIAN_POINT ( 'NONE',  ( 2.121320343559642385, -10.02157287525380980, -15.55634918610405037 ) ) ;
#5891 = VECTOR ( 'NONE', #2596, 1000.000000000000000 ) ;
#5892 = EDGE_CURVE ( 'NONE', #7518, #1787, #2171, .T. ) ;
#5893 = ORIENTED_EDGE ( 'NONE', *, *, #8320, .F. ) ;
#5894 = CARTESIAN_POINT ( 'NONE',  ( 1.734723475976804925E-15, -4.849999999999996980, -12.69999999999999929 ) ) ;
#5895 = DIRECTION ( 'NONE',  ( 0.000000000000000000, 0.000000000000000000, -1.000000000000000000 ) ) ;
#5896 = CARTESIAN_POINT ( 'NONE',  ( -9.186468074454257504, -0.7557942769546477368, -0.9022314755060779623 ) ) ;
#5897 = DIRECTION ( 'NONE',  ( 0.000000000000000000, 1.000000000000000000, 0.000000000000000000 ) ) ;
#5898 = CARTESIAN_POINT ( 'NONE',  ( -2.090991618919025186, -1.129815973758819592, -9.668310163885267983 ) ) ;
#5899 = CARTESIAN_POINT ( 'NONE',  ( -9.259161127450306950, -0.7499999999999997780, -2.107681532293575799 ) ) ;
#5900 = B_SPLINE_SURFACE_WITH_KNOTS ( 'NONE', 3, 1, ( 
 ( #8239, #2320 ),
 ( #8284, #4964 ),
 ( #1752, #2966 ),
 ( #7081, #3762 ),
 ( #8411, #8373 ),
 ( #4406, #2491 ),
 ( #348, #6948 ),
 ( #7691, #6999 ),
 ( #480, #1661 ),
 ( #4447, #1110 ),
 ( #7041, #2368 ),
 ( #3111, #2415 ),
 ( #3801, #6436 ),
 ( #6394, #3724 ),
 ( #5011, #5063 ) ),
 .UNSPECIFIED., .F., .F., .F.,
 ( 4, 1, 1, 1, 1, 1, 1, 1, 1, 1, 1, 1, 4 ),
 ( 2, 2 ),
 ( 0.000000000000000000, 0.06779283232821911587, 0.1361444658705646682, 0.2050550457802249038, 0.2745247136004537736, 0.3445536073781220732, 0.4862896081618728328, 0.6302640866214523907, 0.7030910659234864690, 0.7764780318659828540, 0.8504251008530517852, 0.9249323865572913750, 1.000000000000000000 ),
 ( 0.000000000000000000, 1.000000000000000000 ),
 .UNSPECIFIED. ) ;
#5901 = EDGE_CURVE ( 'NONE', #1680, #6789, #5802, .T. ) ;
#5902 = DIRECTION ( 'NONE',  ( 0.000000000000000000, 1.000000000000000000, 0.000000000000000000 ) ) ;
#5903 = CARTESIAN_POINT ( 'NONE',  ( -2.251379595086559160, -6.350000000000001421, -9.041386124426892934 ) ) ;
#5904 = CARTESIAN_POINT ( 'NONE',  ( 5.981961651574335015, -0.7499999999999996669, -0.8776975828624308251 ) ) ;
#5905 = CARTESIAN_POINT ( 'NONE',  ( -9.344284074950452990, -0.7499999999999997780, -1.605145129612209454 ) ) ;
#5906 = B_SPLINE_CURVE_WITH_KNOTS ( 'NONE', 3,
 ( #2416, #8330, #1029, #5064, #7692, #1111, #6312, #1155, #4493, #1753 ),
 .UNSPECIFIED., .F., .F.,
 ( 4, 2, 2, 2, 4 ),
 ( 6.630742227618008203E-16, 9.841249373455896680E-05, 0.0001968249874684548627, 0.0002952374812023508127, 0.0003936499749362466815 ),
 .UNSPECIFIED. ) ;
#5907 = CARTESIAN_POINT ( 'NONE',  ( 2.279633664619759248, -0.7499999999999997780, -6.274854870387796879 ) ) ;
#5908 =( BOUNDED_SURFACE ( )  B_SPLINE_SURFACE ( 3, 2, ( 
 ( #332, #7072, #5051 ),
 ( #970, #1014, #3665 ),
 ( #6296, #1783, #7544 ),
 ( #3002, #3051, #4268 ),
 ( #8364, #7679, #5563 ),
 ( #1102, #6249, #5700 ),
 ( #6987, #4912, #8227 ),
 ( #381, #2355, #6386 ),
 ( #2308, #3100, #5744 ),
 ( #4954, #4352, #3752 ) ),
 .UNSPECIFIED., .F., .F., .T. ) 
 B_SPLINE_SURFACE_WITH_KNOTS ( ( 4, 2, 2, 2, 4 ),
 ( 3, 3 ),
 ( 0.000000000000000000, 8.874008666946192516E-05, 0.0001774801733389238503, 0.0002662202600083857619, 0.0003549603466778477007 ),
 ( 0.000000000000000000, 1.000000000000000000 ),
 .UNSPECIFIED. ) 
 GEOMETRIC_REPRESENTATION_ITEM ( )  RATIONAL_B_SPLINE_SURFACE ( (
 ( 1.000000000000000000, 0.7828858005155465705, 1.000000000000000000),
 ( 1.000000000000000000, 0.7823316129282673614, 1.000000000000000000),
 ( 1.000000000000000000, 0.8013859402318537217, 1.000000000000000000),
 ( 1.000000000000000000, 0.8529455745548064627, 1.000000000000000000),
 ( 1.000000000000000000, 0.8846933950169445504, 1.000000000000000000),
 ( 1.000000000000000000, 0.9391236465577276205, 1.000000000000000000),
 ( 1.000000000000000000, 0.9618119039027102080, 1.000000000000000000),
 ( 1.000000000000000000, 0.9921799038934022708, 1.000000000000000000),
 ( 1.000000000000000000, 0.9999926168062724940, 1.000000000000000000),
 ( 1.000000000000000000, 1.000000000000000000, 1.000000000000000000) ) ) 
 REPRESENTATION_ITEM ( '' )  SURFACE ( )  );
#5909 = DIRECTION ( 'NONE',  ( -0.000000000000000000, -1.000000000000000000, -0.000000000000000000 ) ) ;
#5910 = ORIENTED_EDGE ( 'NONE', *, *, #7312, .F. ) ;
#5911 = CARTESIAN_POINT ( 'NONE',  ( -5.774854870387766681, -1.117911682262563655, 2.275387937340485944 ) ) ;
#5912 = CARTESIAN_POINT ( 'NONE',  ( -6.114921553330368020, -0.9427265114570059223, -0.5950215777442385834 ) ) ;
#5913 = ORIENTED_EDGE ( 'NONE', *, *, #4832, .T. ) ;
#5914 = CARTESIAN_POINT ( 'NONE',  ( 6.071746564236446986, -0.7499999999999997780, 3.561332808568873798 ) ) ;
#5915 = CARTESIAN_POINT ( 'NONE',  ( 9.279020191571115461, -6.350000000000000533, 2.106189664511849635 ) ) ;
#5916 = DIRECTION ( 'NONE',  ( 1.142422094778946572E-14, 0.000000000000000000, 1.000000000000000000 ) ) ;
#5917 = CARTESIAN_POINT ( 'NONE',  ( -4.624965505482180106, -1.249999999999999334, -4.871469919085686939 ) ) ;
#5918 = CARTESIAN_POINT ( 'NONE',  ( -5.729991440382093515, -1.249999999999999778, 2.845638727047951289 ) ) ;
#5919 = CARTESIAN_POINT ( 'NONE',  ( -9.654274468678103460, -1.067192003028247793, 2.070971087514351439 ) ) ;
#5920 = B_SPLINE_CURVE_WITH_KNOTS ( 'NONE', 3,
 ( #2226, #137, #293, #1572, #4702, #3574, #6206, #808, #8023, #2871, #1531, #5356, #7979, #1453 ),
 .UNSPECIFIED., .F., .F.,
 ( 4, 2, 2, 2, 2, 2, 4 ),
 ( 0.000000000000000000, 0.0003965523630956356918, 0.0007931047261912713836, 0.001586209452382542767, 0.002379314178573812850, 0.002775866541669448542, 0.003172418904765084233 ),
 .UNSPECIFIED. ) ;
#5921 = EDGE_LOOP ( 'NONE', ( #4393, #3558, #5263, #132 ) ) ;
#5922 = DIRECTION ( 'NONE',  ( 0.000000000000000000, 0.000000000000000000, 1.000000000000000000 ) ) ;
#5923 = CARTESIAN_POINT ( 'NONE',  ( 4.708982103987809253, -0.7499999999999994449, 5.451970297326987236 ) ) ;
#5924 = CARTESIAN_POINT ( 'NONE',  ( -9.115647332695408167, -0.7499999999999996669, 0.9948548703878864474 ) ) ;
#5925 = CARTESIAN_POINT ( 'NONE',  ( -2.115939484113677160, -1.249999999999999778, 9.217154406520723597 ) ) ;
#5926 = CARTESIAN_POINT ( 'NONE',  ( -5.011343840189044663, -0.7500000000001716405, 5.011613332056704451 ) ) ;
#5927 = CARTESIAN_POINT ( 'NONE',  ( -5.356859988824278496, -1.249999999999999778, -3.943002256977842013 ) ) ;
#5928 = CARTESIAN_POINT ( 'NONE',  ( 0.4948548703877705401, -6.349999999999999645, -6.074809178934711618 ) ) ;
#5929 = ORIENTED_EDGE ( 'NONE', *, *, #8151, .T. ) ;
#5930 = ADVANCED_FACE ( 'NONE', ( #5620 ), #3016, .T. ) ;
#5931 = CARTESIAN_POINT ( 'NONE',  ( -3.473517214816176275E-15, -1.249999999999999778, -0.9948548703877909682 ) ) ;
#5932 = CARTESIAN_POINT ( 'NONE',  ( 2.032805528092013869, -0.7499999999999997780, 8.589525023534697823 ) ) ;
#5933 = CARTESIAN_POINT ( 'NONE',  ( -6.074809178934709841, -1.249999999999999778, -0.4948548703877917454 ) ) ;
#5934 = VERTEX_POINT ( 'NONE', #7641 ) ;
#5935 = CYLINDRICAL_SURFACE ( 'NONE', #3885, 0.5000000000000004441 ) ;
#5936 = CARTESIAN_POINT ( 'NONE',  ( 0.9948548703877909682, -0.7499999999999997780, 9.115647332695417049 ) ) ;
#5937 = CARTESIAN_POINT ( 'NONE',  ( 2.389335515752356809, -1.249999999999999778, -5.772919569475129187 ) ) ;
#5938 = CARTESIAN_POINT ( 'NONE',  ( 9.344284074950454766, -0.7499999999999996669, 1.605145129612209454 ) ) ;
#5939 = EDGE_CURVE ( 'NONE', #789, #2734, #1710, .T. ) ;
#5940 = CARTESIAN_POINT ( 'NONE',  ( -2.105145129612209676, -1.249999999999999778, -10.20694509942422812 ) ) ;
#5941 = CARTESIAN_POINT ( 'NONE',  ( -8.552604946027196675, -0.7499999999999997780, -2.114980593702568967 ) ) ;
#5942 = EDGE_LOOP ( 'NONE', ( #8089, #2840, #1767 ) ) ;
#5943 = LINE ( 'NONE', #4467, #886 ) ;
#5944 = CARTESIAN_POINT ( 'NONE',  ( 2.817950144714391314, -6.350000000000001421, -5.733375119277430265 ) ) ;
#5945 = EDGE_CURVE ( 'NONE', #2986, #1633, #5347, .T. ) ;
#5946 = CARTESIAN_POINT ( 'NONE',  ( -5.803881357068848779, -1.047492893407807379, 0.5238813570688963805 ) ) ;
#5947 = ADVANCED_FACE ( 'NONE', ( #2622, #4581, #7897, #6689, #6646, #5887, #99, #609, #5233 ), #1886, .T. ) ;
#5948 = CARTESIAN_POINT ( 'NONE',  ( -2.105004284771576195, -6.350000000000000533, 9.940748498636066799 ) ) ;
#5949 = CARTESIAN_POINT ( 'NONE',  ( 4.830671322132768175, -1.249999999999999778, -4.666952640636880645 ) ) ;
#5950 = DIRECTION ( 'NONE',  ( 1.000000000000000000, 0.000000000000000000, 0.000000000000000000 ) ) ;
#5951 = CARTESIAN_POINT ( 'NONE',  ( -5.774854927343595179, -1.143549782630395750, -0.4948549273436175233 ) ) ;
#5952 = ORIENTED_EDGE ( 'NONE', *, *, #5128, .F. ) ;
#5953 = CARTESIAN_POINT ( 'NONE',  ( -9.043753439916656589, -6.349999999999999645, 2.247215033733657386 ) ) ;
#5954 = CARTESIAN_POINT ( 'NONE',  ( 4.320775847865998998, -1.249999999999999778, -5.117390565118474122 ) ) ;
#5955 = CARTESIAN_POINT ( 'NONE',  ( 9.678354296802050172, -6.349999999999999645, 2.105145129612207455 ) ) ;
#5956 =( BOUNDED_SURFACE ( )  B_SPLINE_SURFACE ( 3, 2, ( 
 ( #4874, #257, #3537 ),
 ( #6131, #6172, #5568 ),
 ( #2874, #4915, #1613 ),
 ( #4270, #774, #3417 ),
 ( #6053, #5492, #8027 ),
 ( #1457, #4107, #815 ),
 ( #3454, #181, #1701 ),
 ( #1653, #6939, #1017 ),
 ( #519, #1149, #3147 ),
 ( #8276, #8322, #3796 ) ),
 .UNSPECIFIED., .F., .F., .T. ) 
 B_SPLINE_SURFACE_WITH_KNOTS ( ( 4, 2, 2, 2, 4 ),
 ( 3, 3 ),
 ( 6.283185307179586232, 6.675884388878310816, 7.068583470577034511, 7.461282552275758206, 7.853981633974482790 ),
 ( 0.000000000000000000, 1.000000000000000000 ),
 .UNSPECIFIED. ) 
 GEOMETRIC_REPRESENTATION_ITEM ( )  RATIONAL_B_SPLINE_SURFACE ( (
 ( 1.000000000000000000, 0.7071067811865475727, 1.000000000000000000),
 ( 1.000000000000000000, 0.7066753101504371637, 1.000000000000000000),
 ( 1.000000000000000000, 0.7265523339799810909, 1.000000000000000000),
 ( 1.000000000000000000, 0.7876779057172224041, 1.000000000000000000),
 ( 1.000000000000000000, 0.8282383019017557357, 1.000000000000000000),
 ( 1.000000000000000000, 0.9038125056671201252, 1.000000000000000000),
 ( 1.000000000000000000, 0.9386557992894107860, 1.000000000000000000),
 ( 1.000000000000000000, 0.9867290404729016640, 1.000000000000000000),
 ( 1.000000000000000000, 1.000158692512683745, 1.000000000000000000),
 ( 1.000000000000000000, 1.000000000000000000, 1.000000000000000000) ) ) 
 REPRESENTATION_ITEM ( '' )  SURFACE ( )  );
#5957 = CARTESIAN_POINT ( 'NONE',  ( 9.259161126261689745, -1.249999999999999778, 2.107681525177090176 ) ) ;
#5958 = EDGE_CURVE ( 'NONE', #1476, #1680, #656, .T. ) ;
#5959 = AXIS2_PLACEMENT_3D ( 'NONE', #358, #8051, #2134 ) ;
#5960 = CARTESIAN_POINT ( 'NONE',  ( -9.636682573286192266, -1.012903214276670072, 2.045745706930600871 ) ) ;
#5961 = EDGE_LOOP ( 'NONE', ( #311, #4463, #3737, #6290 ) ) ;
#5962 = CARTESIAN_POINT ( 'NONE',  ( -6.074832024661244390, -1.249999999999999778, 0.4948548703878546395 ) ) ;
#5963 = AXIS2_PLACEMENT_3D ( 'NONE', #6942, #1021, #6303 ) ;
#5964 = CARTESIAN_POINT ( 'NONE',  ( 1.734723475976804925E-15, -0.7499999999999997780, 12.69999999999999929 ) ) ;
#5965 = CARTESIAN_POINT ( 'NONE',  ( -0.7948548703877910127, -1.249999999999999778, -5.774854870387789774 ) ) ;
#5966 = EDGE_CURVE ( 'NONE', #5656, #3162, #3933, .T. ) ;
#5967 = CARTESIAN_POINT ( 'NONE',  ( -0.9948548703877906352, -0.7499999999999996669, -9.115647332695418825 ) ) ;
#5968 = ORIENTED_EDGE ( 'NONE', *, *, #6082, .F. ) ;
#5969 = VECTOR ( 'NONE', #7537, 1000.000000000000000 ) ;
#5970 = CARTESIAN_POINT ( 'NONE',  ( 2.090991618918984774, -1.129815973758811598, -9.668310163885109887 ) ) ;
#5971 = VERTEX_POINT ( 'NONE', #7859 ) ;
#5972 = FACE_OUTER_BOUND ( 'NONE', #3369, .T. ) ;
#5973 = CARTESIAN_POINT ( 'NONE',  ( 2.648042898853951676E-14, -0.7499999999999997780, 2.105145129612326915 ) ) ;
#5974 = CARTESIAN_POINT ( 'NONE',  ( 9.025180162734493194, -6.349999999999999645, 2.277684824991589529 ) ) ;
#5975 = VERTEX_POINT ( 'NONE', #5928 ) ;
#5976 = CARTESIAN_POINT ( 'NONE',  ( -0.8390868044157370198, -0.8339739471929574766, 9.368934980870402995 ) ) ;
#5977 = CARTESIAN_POINT ( 'NONE',  ( 9.344284074950452990, -0.7499999999999997780, 1.605145129612209454 ) ) ;
#5978 = VECTOR ( 'NONE', #5252, 1000.000000000000000 ) ;
#5979 = DIRECTION ( 'NONE',  ( 0.000000000000000000, 1.000000000000000000, -0.000000000000000000 ) ) ;
#5980 = CARTESIAN_POINT ( 'NONE',  ( -9.289535206411619228, -0.7499999999999996669, -1.736632910470450319 ) ) ;
#5981 = CARTESIAN_POINT ( 'NONE',  ( 4.731569842957579652, -0.7499999999999997780, 4.768980253502645539 ) ) ;
#5982 = ORIENTED_EDGE ( 'NONE', *, *, #627, .F. ) ;
#5983 = CARTESIAN_POINT ( 'NONE',  ( -1.938856732754042023, -0.8140102161161271166, -9.910389448422032288 ) ) ;
#5984 = CARTESIAN_POINT ( 'NONE',  ( -8.879076449000551818, -0.7499999999999997780, -1.718650122459851159 ) ) ;
#5985 = ORIENTED_EDGE ( 'NONE', *, *, #3365, .T. ) ;
#5986 = VECTOR ( 'NONE', #3298, 1000.000000000000000 ) ;
#5987 = LINE ( 'NONE', #870, #7245 ) ;
#5988 = ADVANCED_FACE ( 'NONE', ( #728 ), #7433, .T. ) ;
#5989 = CARTESIAN_POINT ( 'NONE',  ( 4.450418399866761909, -6.349999999999999645, -5.017558349706103371 ) ) ;
#5990 = CARTESIAN_POINT ( 'NONE',  ( 9.248697871582718832, -0.7499999999999997780, -1.607090861223532396 ) ) ;
#5991 = EDGE_LOOP ( 'NONE', ( #446, #3797, #4147, #7726 ) ) ;
#5992 = LINE ( 'NONE', #633, #6791 ) ;
#5993 = CARTESIAN_POINT ( 'NONE',  ( -9.344284074950454766, -0.7499999999999996669, -1.605145129612209454 ) ) ;
#5994 = VERTEX_POINT ( 'NONE', #1971 ) ;
#5995 = CARTESIAN_POINT ( 'NONE',  ( 4.033781148712305864, -0.7499999999999997780, -5.309876858949609257 ) ) ;
#5996 = CARTESIAN_POINT ( 'NONE',  ( 2.149601316613241941, -1.249999999999999778, -9.138289497907940984 ) ) ;
#5997 = FACE_OUTER_BOUND ( 'NONE', #4033, .T. ) ;
#5998 = CARTESIAN_POINT ( 'NONE',  ( 4.749987219571084829, -6.349999999999999645, -4.749987219571117691 ) ) ;
#5999 = CARTESIAN_POINT ( 'NONE',  ( -9.681714785498520826, -0.7657824690035988091, 1.808605228538337162 ) ) ;
#6000 = ORIENTED_EDGE ( 'NONE', *, *, #7085, .T. ) ;
#6001 = VERTEX_POINT ( 'NONE', #4625 ) ;
#6002 = FACE_OUTER_BOUND ( 'NONE', #1543, .T. ) ;
#6003 = ADVANCED_FACE ( 'NONE', ( #7254 ), #7330, .T. ) ;
#6004 = CARTESIAN_POINT ( 'NONE',  ( -5.757573124251191388, -6.350000000000002309, -2.623896044971846031 ) ) ;
#6005 = DIRECTION ( 'NONE',  ( 1.000000000000000000, 0.000000000000000000, 0.000000000000000000 ) ) ;
#6006 = CARTESIAN_POINT ( 'NONE',  ( -9.033860376951455606, -6.349999999999997868, -2.262317674287153579 ) ) ;
#6007 = CARTESIAN_POINT ( 'NONE',  ( -0.8000603714659768606, -1.119125838055411659, -5.787868623083253894 ) ) ;
#6008 = AXIS2_PLACEMENT_3D ( 'NONE', #2201, #2970, #306 ) ;
#6009 = CARTESIAN_POINT ( 'NONE',  ( -9.511754941615121695, -0.9841965344501251156, -0.7556240927566103549 ) ) ;
#6010 = ORIENTED_EDGE ( 'NONE', *, *, #3355, .F. ) ;
#6011 = DIRECTION ( 'NONE',  ( 0.000000000000000000, 0.000000000000000000, -1.000000000000000000 ) ) ;
#6012 = FACE_OUTER_BOUND ( 'NONE', #6526, .T. ) ;
#6013 = CARTESIAN_POINT ( 'NONE',  ( -2.149601316833791742, -1.249999999999999778, -9.138289497553046203 ) ) ;
#6014 = EDGE_CURVE ( 'NONE', #2250, #1849, #2188, .T. ) ;
#6015 = LINE ( 'NONE', #107, #489 ) ;
#6016 = VERTEX_POINT ( 'NONE', #8109 ) ;
#6017 = LINE ( 'NONE', #110, #8210 ) ;
#6018 = CARTESIAN_POINT ( 'NONE',  ( 12.69999999999999929, -1.249999999999999778, -1.734723475976804925E-15 ) ) ;
#6019 = CARTESIAN_POINT ( 'NONE',  ( 2.112548391227315747, -6.350000000000002309, 9.227293785926013570 ) ) ;
#6020 = CARTESIAN_POINT ( 'NONE',  ( 4.900310932085249149, -0.7499999999999997780, 4.593177316763105367 ) ) ;
#6021 = VECTOR ( 'NONE', #738, 1000.000000000000114 ) ;
#6022 = LINE ( 'NONE', #3993, #5986 ) ;
#6023 = CARTESIAN_POINT ( 'NONE',  ( -0.7948320246612494699, -1.249999999999999778, -5.774854870387789774 ) ) ;
#6024 = ORIENTED_EDGE ( 'NONE', *, *, #7990, .F. ) ;
#6025 = CARTESIAN_POINT ( 'NONE',  ( 9.678273776525898597, -1.249999999999999778, 2.105145129612205235 ) ) ;
#6026 = CIRCLE ( 'NONE', #3410, 3.219854870387792722 ) ;
#6027 = CARTESIAN_POINT ( 'NONE',  ( 4.312904025723916845, -6.349999999999999645, -5.121242990505246340 ) ) ;
#6028 = CARTESIAN_POINT ( 'NONE',  ( -2.534529060264137712, -6.350000000000001421, -5.765192910902177559 ) ) ;
#6029 = DIRECTION ( 'NONE',  ( -0.000000000000000000, -1.000000000000000000, -0.000000000000000000 ) ) ;
#6030 = ORIENTED_EDGE ( 'NONE', *, *, #5404, .F. ) ;
#6031 = EDGE_CURVE ( 'NONE', #5717, #7757, #2911, .T. ) ;
#6032 = VECTOR ( 'NONE', #350, 1000.000000000000000 ) ;
#6033 = CARTESIAN_POINT ( 'NONE',  ( 9.563313570181753320, -1.249999999999999778, 0.7270925849430750487 ) ) ;
#6034 = CARTESIAN_POINT ( 'NONE',  ( 12.69999999999999929, -6.349999999999999645, -1.734723475976804925E-15 ) ) ;
#6035 = EDGE_LOOP ( 'NONE', ( #780, #2918, #7135, #7698, #2947, #8430, #2152, #2330, #2762, #5764, #4291, #6065, #1032 ) ) ;
#6036 = CARTESIAN_POINT ( 'NONE',  ( -9.088820031134533295, -6.349999999999998757, 2.188350977667319341 ) ) ;
#6037 = CARTESIAN_POINT ( 'NONE',  ( -15.55634918610404682, -16.35000000000000142, -2.121320343559641941 ) ) ;
#6038 = CARTESIAN_POINT ( 'NONE',  ( 9.271066631791528678, -1.249999999999999778, -0.4948548703878234423 ) ) ;
#6039 = CARTESIAN_POINT ( 'NONE',  ( 9.509478328360295052, -1.145812309439297794, 0.4948556567470224765 ) ) ;
#6040 = CARTESIAN_POINT ( 'NONE',  ( -8.654304331298432018, -0.7500000000000140998, 2.228527951331875201 ) ) ;
#6041 = B_SPLINE_CURVE_WITH_KNOTS ( 'NONE', 3,
 ( #5092, #4560, #80, #710, #2691, #3917, #7842, #7318, #6462, #595, #5340, #4608, #5949, #2566 ),
 .UNSPECIFIED., .F., .F.,
 ( 4, 2, 2, 2, 2, 2, 4 ),
 ( 0.000000000000000000, 0.0003464916817893537470, 0.0006929833635787074940, 0.001385966727157414988, 0.002078950090736122591, 0.002425441772525476283, 0.002771933454314829976 ),
 .UNSPECIFIED. ) ;
#6042 = EDGE_CURVE ( 'NONE', #6016, #7263, #7460, .T. ) ;
#6043 = CARTESIAN_POINT ( 'NONE',  ( -2.329991424587154469, -6.349999999999999645, 9.008710553930997733 ) ) ;
#6044 = ORIENTED_EDGE ( 'NONE', *, *, #3959, .F. ) ;
#6045 = DIRECTION ( 'NONE',  ( 0.000000000000000000, -1.000000000000000000, 0.000000000000000000 ) ) ;
#6046 = LINE ( 'NONE', #4826, #3052 ) ;
#6047 = CARTESIAN_POINT ( 'NONE',  ( 5.774854870387789774, -1.249999999999999778, 2.275387937340419775 ) ) ;
#6048 = DIRECTION ( 'NONE',  ( -2.305335300292124268E-14, 0.000000000000000000, -1.000000000000000000 ) ) ;
#6049 = CARTESIAN_POINT ( 'NONE',  ( -0.8678600213244657136, -0.8024511530617212118, -9.320677620799665775 ) ) ;
#6050 = VERTEX_POINT ( 'NONE', #2872 ) ;
#6051 = EDGE_CURVE ( 'NONE', #5380, #7958, #2882, .T. ) ;
#6052 = EDGE_CURVE ( 'NONE', #6512, #1633, #4914, .T. ) ;
#6053 = CARTESIAN_POINT ( 'NONE',  ( 0.5950215777442345866, -0.9427265114570090310, 6.114921553330368020 ) ) ;
#6054 = VERTEX_POINT ( 'NONE', #4269 ) ;
#6055 = CARTESIAN_POINT ( 'NONE',  ( 4.954345035677255815, -6.350000000000000533, 4.527203422770980090 ) ) ;
#6056 = ORIENTED_EDGE ( 'NONE', *, *, #4465, .T. ) ;
#6057 = CARTESIAN_POINT ( 'NONE',  ( 5.183271730746021433, -0.7499999999999997780, -5.021560706604903501 ) ) ;
#6058 = CARTESIAN_POINT ( 'NONE',  ( 6.074854870387789596, -1.249999999999999778, 0.4948548703877919674 ) ) ;
#6059 = CARTESIAN_POINT ( 'NONE',  ( 3.398060893282734085, -0.7500000000000005551, -5.598188729281701193 ) ) ;
#6060 = CARTESIAN_POINT ( 'NONE',  ( 2.571758278209441957E-16, -0.05000000000000056483, -2.100000000000000089 ) ) ;
#6061 = CARTESIAN_POINT ( 'NONE',  ( 4.826950148074581115, -0.7499999999999997780, 4.670618721917393579 ) ) ;
#6062 = EDGE_CURVE ( 'NONE', #6746, #3641, #4229, .T. ) ;
#6063 = CARTESIAN_POINT ( 'NONE',  ( -1.651215506684534873, -1.200396464095386362, -9.933579480919947358 ) ) ;
#6064 = CARTESIAN_POINT ( 'NONE',  ( 1.347601624859001816E-13, -0.7499999999999997780, 12.69999999999999929 ) ) ;
#6065 = ORIENTED_EDGE ( 'NONE', *, *, #7941, .T. ) ;
#6066 = CARTESIAN_POINT ( 'NONE',  ( -1.651322806674060617, -1.249999999999999778, -9.935836767996194752 ) ) ;
#6067 = CARTESIAN_POINT ( 'NONE',  ( -2.050994676264005001, -0.9888152963228225012, 9.297702364258299212 ) ) ;
#6068 = CARTESIAN_POINT ( 'NONE',  ( 9.678314036664053432, -1.249999999999999778, -2.105145129612243871 ) ) ;
#6069 = DIRECTION ( 'NONE',  ( 0.000000000000000000, 0.000000000000000000, -1.000000000000000000 ) ) ;
#6070 = CARTESIAN_POINT ( 'NONE',  ( 9.210195143065618595, -6.350000000000002309, 2.118344590434122487 ) ) ;
#6071 = ORIENTED_EDGE ( 'NONE', *, *, #5939, .T. ) ;
#6072 = CARTESIAN_POINT ( 'NONE',  ( 0.4948548703877565513, -1.114943544866152214, -9.271066631791375912 ) ) ;
#6073 = LINE ( 'NONE', #3921, #2264 ) ;
#6074 = CARTESIAN_POINT ( 'NONE',  ( 9.368934980870584184, -0.8339739471929877856, -0.8390868044158662498 ) ) ;
#6075 = CARTESIAN_POINT ( 'NONE',  ( 8.610716238941009237, -0.7499999999999997780, -1.995088011118064664 ) ) ;
#6076 = CARTESIAN_POINT ( 'NONE',  ( -9.008710553930281861, -1.117942496580333733, 2.329991424587441351 ) ) ;
#6077 = DIRECTION ( 'NONE',  ( 0.000000000000000000, 0.000000000000000000, 1.000000000000000000 ) ) ;
#6078 = ORIENTED_EDGE ( 'NONE', *, *, #7894, .F. ) ;
#6079 = ORIENTED_EDGE ( 'NONE', *, *, #1328, .T. ) ;
#6080 = FACE_OUTER_BOUND ( 'NONE', #3245, .T. ) ;
#6081 = CARTESIAN_POINT ( 'NONE',  ( -10.10406192414158788, -0.9501741689381693057, -2.047585740924958042 ) ) ;
#6082 = EDGE_CURVE ( 'NONE', #2407, #7341, #4083, .T. ) ;
#6083 = CARTESIAN_POINT ( 'NONE',  ( -2.228527951332007095, -0.7500000000000784928, -8.654304331298598996 ) ) ;
#6084 = CARTESIAN_POINT ( 'NONE',  ( -1.500000000000000000, -7.589999999999999858, -2.741464024932667165 ) ) ;
#6085 = CARTESIAN_POINT ( 'NONE',  ( 0.8089016042668315531, -0.7806987747700460112, 9.259019847073032494 ) ) ;
#6086 = PRODUCT_CONTEXT ( 'NONE', #4164, 'mechanical' ) ;
#6087 = ORIENTED_EDGE ( 'NONE', *, *, #8467, .T. ) ;
#6088 = CARTESIAN_POINT ( 'NONE',  ( 1.605145129612176369, -0.7499999999999996669, -9.344284074950461871 ) ) ;
#6089 = EDGE_LOOP ( 'NONE', ( #8069, #8429, #2335, #6391 ) ) ;
#6090 = CARTESIAN_POINT ( 'NONE',  ( 2.107681525177104387, -1.249999999999999778, -9.259161126261419739 ) ) ;
#6091 = CARTESIAN_POINT ( 'NONE',  ( 5.837961585181035140, -0.9981907295794998358, -0.8200975563051104977 ) ) ;
#6092 = ADVANCED_FACE ( 'NONE', ( #3575 ), #5447, .T. ) ;
#6093 = ORIENTED_EDGE ( 'NONE', *, *, #2291, .T. ) ;
#6094 = CARTESIAN_POINT ( 'NONE',  ( 4.899664131170376358, -0.7500000000000430767, -4.593849348480289585 ) ) ;
#6095 = CARTESIAN_POINT ( 'NONE',  ( 6.222505239144937583, -0.7630137179688583071, 0.8639807922806462814 ) ) ;
#6096 = B_SPLINE_CURVE_WITH_KNOTS ( 'NONE', 3,
 ( #5650, #8273, #5699, #292, #967, #2354, #8183, #4350, #3620, #6984, #1061, #3711, #6342, #3050 ),
 .UNSPECIFIED., .F., .F.,
 ( 4, 2, 2, 2, 2, 2, 4 ),
 ( 0.000000000000000000, 0.0003457990138653612116, 0.0006915980277307224233, 0.001383196055461441160, 0.002074794083192159789, 0.002420593097057518669, 0.002766392110922877550 ),
 .UNSPECIFIED. ) ;
#6097 = CARTESIAN_POINT ( 'NONE',  ( -1.895897864506464803, -0.7884503103994818796, 9.834301019142534628 ) ) ;
#6098 = PLANE ( 'NONE',  #3970 ) ;
#6099 = AXIS2_PLACEMENT_3D ( 'NONE', #3409, #6045, #5178 ) ;
#6100 = CARTESIAN_POINT ( 'NONE',  ( 0.4948900776560360981, -1.250000000000000000, -9.416551571812640020 ) ) ;
#6101 = VERTEX_POINT ( 'NONE', #8024 ) ;
#6102 = CARTESIAN_POINT ( 'NONE',  ( 9.487247446397635287, -0.7499999999999996669, 1.622253303979923178 ) ) ;
#6103 = LINE ( 'NONE', #194, #8303 ) ;
#6104 = ORIENTED_EDGE ( 'NONE', *, *, #6767, .T. ) ;
#6105 = VECTOR ( 'NONE', #1861, 1000.000000000000000 ) ;
#6106 = CARTESIAN_POINT ( 'NONE',  ( 0.4948548703877707067, -1.249999999999999778, -6.074832024661250607 ) ) ;
#6107 = CARTESIAN_POINT ( 'NONE',  ( 9.416551571812638244, -6.349999999999997868, 0.4948900776560693493 ) ) ;
#6108 = CARTESIAN_POINT ( 'NONE',  ( 8.681112399981371297, -0.7499999999999997780, -1.889893395635469320 ) ) ;
#6109 = ORIENTED_EDGE ( 'NONE', *, *, #4158, .F. ) ;
#6110 = EDGE_LOOP ( 'NONE', ( #2553, #7931, #5737, #6769 ) ) ;
#6111 = CARTESIAN_POINT ( 'NONE',  ( -4.404218182223798905, -1.249999999999999778, -5.055254220736761894 ) ) ;
#6112 = CARTESIAN_POINT ( 'NONE',  ( -2.016279801448634874E-14, -0.7499999999999997780, -5.774854870387789774 ) ) ;
#6113 = ADVANCED_FACE ( 'NONE', ( #1698 ), #5299, .F. ) ;
#6114 = ORIENTED_EDGE ( 'NONE', *, *, #2542, .F. ) ;
#6115 = PLANE ( 'NONE',  #1790 ) ;
#6116 = LINE ( 'NONE', #205, #5168 ) ;
#6117 = CARTESIAN_POINT ( 'NONE',  ( 9.455600303971019471, -0.9199437159818840692, -0.7883005104732045965 ) ) ;
#6118 = CARTESIAN_POINT ( 'NONE',  ( -3.090000000000000302, 6.349999999999999645, 2.555000000000000160 ) ) ;
#6119 = CARTESIAN_POINT ( 'NONE',  ( -8.779380792806531275, -0.8043540949611146518, 2.264314106080064004 ) ) ;
#6120 = CARTESIAN_POINT ( 'NONE',  ( -2.106189664511751936, -6.350000000000001421, 9.279020191571154541 ) ) ;
#6121 = ORIENTED_EDGE ( 'NONE', *, *, #2927, .T. ) ;
#6122 = VERTEX_POINT ( 'NONE', #1147 ) ;
#6123 = CARTESIAN_POINT ( 'NONE',  ( 4.749987219571084829, -1.117918423547684670, -4.749987219571118580 ) ) ;
#6124 = B_SPLINE_CURVE_WITH_KNOTS ( 'NONE', 3,
 ( #4133, #8099, #7412, #6804, #245, #882, #8138, #207, #3441, #6075, #7365, #1483, #4093, #167 ),
 .UNSPECIFIED., .F., .F.,
 ( 4, 2, 2, 2, 2, 2, 4 ),
 ( 0.000000000000000000, 0.0001294670375280027313, 0.0002589340750560054625, 0.0005178681501120061545, 0.0007768022251680070092, 0.0009062692626960074365, 0.001035736300224007755 ),
 .UNSPECIFIED. ) ;
#6125 = CARTESIAN_POINT ( 'NONE',  ( -9.659515348575524740, -1.087308500963327207, -2.078455268397016997 ) ) ;
#6126 = CARTESIAN_POINT ( 'NONE',  ( -0.9948548703876936017, -0.7499999999999997780, 9.115647332695267835 ) ) ;
#6127 = CARTESIAN_POINT ( 'NONE',  ( -9.935836767996176988, -1.249999999999999778, 1.651322806674164756 ) ) ;
#6128 = CARTESIAN_POINT ( 'NONE',  ( 0.8678600213244657136, -0.8024511530617212118, 9.320677620799665775 ) ) ;
#6129 = ORIENTED_EDGE ( 'NONE', *, *, #3618, .F. ) ;
#6130 = EDGE_CURVE ( 'NONE', #3615, #2972, #334, .T. ) ;
#6131 = CARTESIAN_POINT ( 'NONE',  ( 0.4948548703877910238, -1.184538517676302805, 6.074854871206022189 ) ) ;
#6132 = ORIENTED_EDGE ( 'NONE', *, *, #6782, .F. ) ;
#6133 = FACE_OUTER_BOUND ( 'NONE', #6849, .T. ) ;
#6134 = CARTESIAN_POINT ( 'NONE',  ( 5.017558349706329857, -6.349999999999999645, 4.450418399866528318 ) ) ;
#6135 = CARTESIAN_POINT ( 'NONE',  ( -0.7270925849429945576, -1.249999999999999778, -9.563313570181891876 ) ) ;
#6136 = EDGE_LOOP ( 'NONE', ( #2674, #3631, #377, #7636 ) ) ;
#6137 = AXIS2_PLACEMENT_3D ( 'NONE', #2852, #158, #5510 ) ;
#6138 = CARTESIAN_POINT ( 'NONE',  ( 6.243775912939240058, -0.7499999999999997780, -2.789519729342972987 ) ) ;
#6139 = CARTESIAN_POINT ( 'NONE',  ( 6.080060371465971336, -1.119125838055411215, 0.5078686230832567539 ) ) ;
#6140 = CARTESIAN_POINT ( 'NONE',  ( -1.649780075212460284, -1.067192002139790707, 9.895190270746599737 ) ) ;
#6141 = CARTESIAN_POINT ( 'NONE',  ( -5.770106037977765112, -0.7500000000000578426, 2.495065244099081259 ) ) ;
#6142 = CARTESIAN_POINT ( 'NONE',  ( 1.607376972291133743, -0.7499999999999996669, -9.243195242910299925 ) ) ;
#6143 = ORIENTED_EDGE ( 'NONE', *, *, #2851, .T. ) ;
#6144 = EDGE_CURVE ( 'NONE', #6683, #7611, #4768, .T. ) ;
#6145 = LINE ( 'NONE', #4886, #7075 ) ;
#6146 = CARTESIAN_POINT ( 'NONE',  ( -0.7948091789347081493, -6.349999999999999645, -5.774854870387792438 ) ) ;
#6147 = VECTOR ( 'NONE', #685, 1000.000000000000000 ) ;
#6148 = ORIENTED_EDGE ( 'NONE', *, *, #3335, .T. ) ;
#6149 = CARTESIAN_POINT ( 'NONE',  ( -2.416264417864658842, -6.350000000000000533, 5.772462205399829571 ) ) ;
#6150 = VECTOR ( 'NONE', #6029, 1000.000000000000000 ) ;
#6151 = DIRECTION ( 'NONE',  ( 1.000000000000000000, 0.000000000000000000, -3.232549687746263931E-15 ) ) ;
#6152 = EDGE_CURVE ( 'NONE', #6183, #1713, #5789, .T. ) ;
#6153 = ORIENTED_EDGE ( 'NONE', *, *, #4263, .F. ) ;
#6154 = VECTOR ( 'NONE', #1186, 1000.000000000000000 ) ;
#6155 = DIRECTION ( 'NONE',  ( -1.000000000000000000, -0.000000000000000000, -0.000000000000000000 ) ) ;
#6156 = DIRECTION ( 'NONE',  ( 0.000000000000000000, 1.000000000000000000, 0.000000000000000000 ) ) ;
#6157 = CARTESIAN_POINT ( 'NONE',  ( -4.279295632328603993, -0.7499999999999997780, 5.746504320736044669 ) ) ;
#6158 = CARTESIAN_POINT ( 'NONE',  ( 2.845638727047882899, -1.249999999999999778, 5.729991440382128154 ) ) ;
#6159 = DIRECTION ( 'NONE',  ( -0.5773502691896253980, -0.5773502691896261751, 0.5773502691896258421 ) ) ;
#6160 = DIRECTION ( 'NONE',  ( 0.000000000000000000, 0.000000000000000000, -1.000000000000000000 ) ) ;
#6161 = CARTESIAN_POINT ( 'NONE',  ( 8.552604946027196675, -0.7499999999999997780, 2.114980593702568967 ) ) ;
#6162 = VECTOR ( 'NONE', #4174, 1000.000000000000000 ) ;
#6163 = DIRECTION ( 'NONE',  ( -0.000000000000000000, -0.000000000000000000, -1.000000000000000000 ) ) ;
#6164 = EDGE_CURVE ( 'NONE', #60, #2977, #517, .T. ) ;
#6165 = ORIENTED_EDGE ( 'NONE', *, *, #2311, .T. ) ;
#6166 = DIRECTION ( 'NONE',  ( -1.000000000000000000, 0.000000000000000000, -8.486905459769115320E-17 ) ) ;
#6167 = CARTESIAN_POINT ( 'NONE',  ( -3.090000000000000302, -6.349999999999999645, -2.555000000000000160 ) ) ;
#6168 = CARTESIAN_POINT ( 'NONE',  ( -3.500000000000005773, -14.29974746830583676, -9.741464024932666277 ) ) ;
#6169 = CARTESIAN_POINT ( 'NONE',  ( 0.8390868044158245054, -0.8339739471929917825, 9.368934980870587736 ) ) ;
#6170 = B_SPLINE_CURVE_WITH_KNOTS ( 'NONE', 3,
 ( #3520, #2213, #5516, #7489, #1516, #8049, #162, #1560 ),
 .UNSPECIFIED., .F., .F.,
 ( 4, 2, 2, 4 ),
 ( 0.000000000000000000, 0.0002170027322560632058, 0.0004340054645121264117, 0.0008680109290242535823 ),
 .UNSPECIFIED. ) ;
#6171 =( BOUNDED_SURFACE ( )  B_SPLINE_SURFACE ( 3, 2, ( 
 ( #7290, #4696, #4568 ),
 ( #2575, #1400, #6599 ),
 ( #7158, #7201, #1281 ),
 ( #642, #2528, #6640 ),
 ( #3927, #5310, #6553 ),
 ( #6510, #3317, #4055 ),
 ( #5919, #6682, #2616 ),
 ( #5173, #3, #5271 ),
 ( #5960, #7889, #7805 ),
 ( #3230, #5221, #7929 ),
 ( #1963, #3359, #4010 ),
 ( #88, #50, #4617 ),
 ( #719, #5999, #3973 ),
 ( #7243, #2700, #1363 ),
 ( #5351, #7973, #1233 ),
 ( #3876, #5877, #841 ) ),
 .UNSPECIFIED., .F., .F., .T. ) 
 B_SPLINE_SURFACE_WITH_KNOTS ( ( 4, 2, 2, 2, 2, 2, 2, 4 ),
 ( 3, 3 ),
 ( -6.776263578034402713E-21, 2.969996288214942515E-05, 5.939992576429885707E-05, 8.909988864644829238E-05, 0.0001187998515285977141, 0.0001781997772928965848, 0.0002375997030571954283, 0.0004751994061143908566 ),
 ( 0.000000000000000000, 1.000000000000000000 ),
 .UNSPECIFIED. ) 
 GEOMETRIC_REPRESENTATION_ITEM ( )  RATIONAL_B_SPLINE_SURFACE ( (
 ( 1.000000000000000000, 0.4935349706079013021, 1.000000000000000000),
 ( 1.000000000000000000, 0.4935127649134105066, 1.000000000000000000),
 ( 1.000000000000000000, 0.4995784984367871440, 1.000000000000000000),
 ( 1.000000000000000000, 0.5209348963629912843, 1.000000000000000000),
 ( 1.000000000000000000, 0.5360584284417605483, 1.000000000000000000),
 ( 1.000000000000000000, 0.5697732427675150646, 1.000000000000000000),
 ( 1.000000000000000000, 0.5887012726534847085, 1.000000000000000000),
 ( 1.000000000000000000, 0.6267654606521974037, 1.000000000000000000),
 ( 1.000000000000000000, 0.6459147758215193491, 1.000000000000000000),
 ( 1.000000000000000000, 0.7020873980201879361, 1.000000000000000000),
 ( 1.000000000000000000, 0.7379412193435763712, 1.000000000000000000),
 ( 1.000000000000000000, 0.8015170218985629980, 1.000000000000000000),
 ( 1.000000000000000000, 0.8297315967171121631, 1.000000000000000000),
 ( 1.000000000000000000, 0.9541561539496945521, 1.000000000000000000),
 ( 1.000000000000000000, 0.9996330041166286984, 1.000000000000000000),
 ( 1.000000000000000000, 1.000000000000000000, 1.000000000000000000) ) ) 
 REPRESENTATION_ITEM ( '' )  SURFACE ( )  );
#6172 = CARTESIAN_POINT ( 'NONE',  ( 0.4948549273436108065, -1.143549782630394418, 5.774854927343594291 ) ) ;
#6173 = ORIENTED_EDGE ( 'NONE', *, *, #2311, .F. ) ;
#6174 = CARTESIAN_POINT ( 'NONE',  ( 1.653639719517049283E-16, -16.35000000000000142, -3.469446951953614189E-15 ) ) ;
#6175 = CARTESIAN_POINT ( 'NONE',  ( 1.734723475976804925E-15, -4.349999999999999645, -12.69999999999999929 ) ) ;
#6176 = DIRECTION ( 'NONE',  ( 0.000000000000000000, 0.000000000000000000, 1.000000000000000000 ) ) ;
#6177 = B_SPLINE_CURVE_WITH_KNOTS ( 'NONE', 3,
 ( #7444, #6193, #4771, #1514, #278, #3474, #8047, #3435, #5514, #5430, #6111, #4169, #6798, #3130 ),
 .UNSPECIFIED., .F., .F.,
 ( 4, 2, 2, 2, 2, 2, 4 ),
 ( 0.000000000000000000, 0.0003464916817893543975, 0.0006929833635787087951, 0.001385966727157417590, 0.002078950090736126494, 0.002425441772525480620, 0.002771933454314835180 ),
 .UNSPECIFIED. ) ;
#6178 = ORIENTED_EDGE ( 'NONE', *, *, #1532, .T. ) ;
#6179 = ORIENTED_EDGE ( 'NONE', *, *, #7202, .T. ) ;
#6180 = CARTESIAN_POINT ( 'NONE',  ( 6.274854870387789774, -0.7499999999999996669, 0.9948548703877931887 ) ) ;
#6181 = CARTESIAN_POINT ( 'NONE',  ( -1.870778304838878858, -0.7802709338923891069, 9.790070129345926020 ) ) ;
#6182 = CARTESIAN_POINT ( 'NONE',  ( -6.269367957483002129, -0.7499999999999997780, 2.526946906008515903 ) ) ;
#6183 = VERTEX_POINT ( 'NONE', #2955 ) ;
#6184 = CARTESIAN_POINT ( 'NONE',  ( 0.7948091789347080383, -6.349999999999999645, 5.774854870387789774 ) ) ;
#6185 = CARTESIAN_POINT ( 'NONE',  ( 9.292910980517062214, -0.8042818445697302865, -1.866569705650908295 ) ) ;
#6186 = EDGE_LOOP ( 'NONE', ( #2159, #1470, #631, #6453, #965, #5352 ) ) ;
#6187 = CARTESIAN_POINT ( 'NONE',  ( 9.557485742446599986, -0.8691362225820286058, 1.930422840993658795 ) ) ;
#6188 = ADVANCED_FACE ( 'NONE', ( #5002 ), #6770, .F. ) ;
#6189 = DIRECTION ( 'NONE',  ( -0.000000000000000000, -1.000000000000000000, -0.000000000000000000 ) ) ;
#6190 = CARTESIAN_POINT ( 'NONE',  ( -8.740564108599835791, -0.7499999999999998890, 1.825891731655462813 ) ) ;
#6191 = EDGE_LOOP ( 'NONE', ( #5473, #2666, #4358, #635 ) ) ;
#6192 =( BOUNDED_CURVE ( )  B_SPLINE_CURVE ( 3, ( #2017, #4579, #5799, #8501 ),
 .UNSPECIFIED., .F., .T. ) 
 B_SPLINE_CURVE_WITH_KNOTS ( ( 4, 4 ),
 ( 4.040999222087536147, 5.383778738681718856 ),
 .UNSPECIFIED. ) 
 CURVE ( )  GEOMETRIC_REPRESENTATION_ITEM ( )  RATIONAL_B_SPLINE_CURVE ( ( 1.000000000000000000, 0.8553052591888766765, 0.8553052591888766765, 1.000000000000000000 ) ) 
 REPRESENTATION_ITEM ( '' )  );
#6193 = CARTESIAN_POINT ( 'NONE',  ( -2.390870653623448305, -1.249999999999999778, -5.773023997030095167 ) ) ;
#6194 = DIRECTION ( 'NONE',  ( 0.000000000000000000, 0.000000000000000000, 1.000000000000000000 ) ) ;
#6195 = ADVANCED_FACE ( 'NONE', ( #971 ), #5745, .T. ) ;
#6196 = LINE ( 'NONE', #5476, #5582 ) ;
#6197 = CARTESIAN_POINT ( 'NONE',  ( -5.869952001185394508, -0.7500000000000004441, 4.048940729643245362 ) ) ;
#6198 = EDGE_CURVE ( 'NONE', #1778, #1012, #8237, .T. ) ;
#6199 = CARTESIAN_POINT ( 'NONE',  ( 9.259019847072956111, -0.7806987747700490088, 0.8089016042668204509 ) ) ;
#6200 = CARTESIAN_POINT ( 'NONE',  ( -9.154890345393988937, -0.7500000000000000000, -0.8658322937534185249 ) ) ;
#6201 = CARTESIAN_POINT ( 'NONE',  ( -2.262317674287000369, -6.349999999999999645, 9.033860376951498239 ) ) ;
#6202 = ORIENTED_EDGE ( 'NONE', *, *, #3947, .T. ) ;
#6203 = CARTESIAN_POINT ( 'NONE',  ( -5.774854870387783556, -6.349999999999999645, 0.7948091789347686564 ) ) ;
#6204 = CARTESIAN_POINT ( 'NONE',  ( 2.105145129612212340, -6.349999999999999645, 9.678354296802050172 ) ) ;
#6205 = ADVANCED_FACE ( 'NONE', ( #7157 ), #5220, .T. ) ;
#6206 = CARTESIAN_POINT ( 'NONE',  ( 5.869952001185433588, -0.7499999999999997780, -4.048940729643168090 ) ) ;
#6207 = CARTESIAN_POINT ( 'NONE',  ( -2.112333697984127845, -1.249999999999999778, -9.231414770030278660 ) ) ;
#6208 = CARTESIAN_POINT ( 'NONE',  ( 0.4948548703877910238, -1.249999999999999778, 9.271066631791530455 ) ) ;
#6209 = CARTESIAN_POINT ( 'NONE',  ( 1.651354423408184946, -6.349999999999999645, -9.935855655966740585 ) ) ;
#6210 = EDGE_LOOP ( 'NONE', ( #3726, #6903, #1387, #4079 ) ) ;
#6211 = CARTESIAN_POINT ( 'NONE',  ( 2.106856607853010654, -1.249999999999999778, -9.266193209664390196 ) ) ;
#6212 = DIRECTION ( 'NONE',  ( -0.000000000000000000, -1.000000000000000000, -0.000000000000000000 ) ) ;
#6213 = FACE_OUTER_BOUND ( 'NONE', #6920, .T. ) ;
#6214 = CARTESIAN_POINT ( 'NONE',  ( 0.4948548703877565513, -0.7499999999999997780, -9.271102943336710922 ) ) ;
#6215 = ORIENTED_EDGE ( 'NONE', *, *, #3924, .F. ) ;
#6216 = EDGE_CURVE ( 'NONE', #1713, #953, #3202, .T. ) ;
#6217 = CARTESIAN_POINT ( 'NONE',  ( -0.8767189974234771421, -0.7604443519486082659, 9.151711569842762017 ) ) ;
#6218 = LINE ( 'NONE', #2116, #5595 ) ;
#6219 =( BOUNDED_CURVE ( )  B_SPLINE_CURVE ( 3, ( #7449, #5597, #4297, #2300 ),
 .UNSPECIFIED., .F., .T. ) 
 B_SPLINE_CURVE_WITH_KNOTS ( ( 4, 4 ),
 ( 3.926990816987240951, 4.208026779900773562 ),
 .UNSPECIFIED. ) 
 CURVE ( )  GEOMETRIC_REPRESENTATION_ITEM ( )  RATIONAL_B_SPLINE_CURVE ( ( 1.000000000000000000, 0.9934290550868132286, 0.9934290550868132286, 1.000000000000000000 ) ) 
 REPRESENTATION_ITEM ( '' )  );
#6220 = CARTESIAN_POINT ( 'NONE',  ( 5.774854870387794215, -6.349999999999999645, 2.275387937340420219 ) ) ;
#6221 = AXIS2_PLACEMENT_3D ( 'NONE', #2196, #4836, #5535 ) ;
#6222 = CARTESIAN_POINT ( 'NONE',  ( -1.709619794543982829, -0.7499999999999996669, -9.410623007493708059 ) ) ;
#6223 = DIRECTION ( 'NONE',  ( 1.000000000000000000, 0.000000000000000000, -1.047444401652940007E-14 ) ) ;
#6224 = ORIENTED_EDGE ( 'NONE', *, *, #2555, .T. ) ;
#6225 = CARTESIAN_POINT ( 'NONE',  ( 9.681714785498352072, -0.7657824690036092452, 1.808605228538238130 ) ) ;
#6226 = AXIS2_PLACEMENT_3D ( 'NONE', #2729, #1390, #6669 ) ;
#6227 = CARTESIAN_POINT ( 'NONE',  ( -3.827332685910857180, -6.349999999999999645, 5.420493800422929276 ) ) ;
#6228 = B_SPLINE_CURVE_WITH_KNOTS ( 'NONE', 3,
 ( #4691, #6546, #679, #1958, #4050, #5953, #2569, #6036, #1395, #42, #6674, #2652, #7883, #2735, #4564, #5384 ),
 .UNSPECIFIED., .F., .F.,
 ( 4, 1, 2, 2, 2, 1, 2, 2, 4 ),
 ( 0.000000000000000000, 0.1249999999999862887, 0.1874999999999809319, 0.2499999999999755751, 0.4999999999999638067, 0.6249999999999579225, 0.6874999999999601430, 0.7499999999999622524, 1.000000000000000000 ),
 .UNSPECIFIED. ) ;
#6229 = DIRECTION ( 'NONE',  ( -0.000000000000000000, -1.000000000000000000, -0.000000000000000000 ) ) ;
#6230 = CARTESIAN_POINT ( 'NONE',  ( -9.089434107778844307, -1.249999999999999778, 2.188081456463178753 ) ) ;
#6231 = ORIENTED_EDGE ( 'NONE', *, *, #6532, .T. ) ;
#6232 = VECTOR ( 'NONE', #3958, 1000.000000000000000 ) ;
#6233 = ADVANCED_FACE ( 'NONE', ( #2697 ), #355, .T. ) ;
#6234 = ORIENTED_EDGE ( 'NONE', *, *, #2088, .F. ) ;
#6235 = CARTESIAN_POINT ( 'NONE',  ( 9.530431722889421309, -1.249999999999999778, 0.5853924772779819374 ) ) ;
#6236 = CARTESIAN_POINT ( 'NONE',  ( -6.143980792280646419, -0.7630137179688570859, -0.9425052391449327827 ) ) ;
#6237 = DIRECTION ( 'NONE',  ( -0.000000000000000000, -0.000000000000000000, -1.000000000000000000 ) ) ;
#6238 = CARTESIAN_POINT ( 'NONE',  ( 0.9490440321529216572, -0.7499999989634573705, -6.229044032152970978 ) ) ;
#6239 = CARTESIAN_POINT ( 'NONE',  ( 4.788315312100536403, -0.9887620709047898471, 4.788275831678805439 ) ) ;
#6240 = CARTESIAN_POINT ( 'NONE',  ( 9.563309819739385986, -6.349999999999999645, -0.7270764054875579196 ) ) ;
#6241 = CARTESIAN_POINT ( 'NONE',  ( 5.682154065917173646, -1.249999999999999778, 3.084035675801296339 ) ) ;
#6242 = CARTESIAN_POINT ( 'NONE',  ( 2.105145129612210120, -1.249999999999999778, 9.678314036664062314 ) ) ;
#6243 = CARTESIAN_POINT ( 'NONE',  ( 9.227293785925990477, -6.349999999999999645, -2.112548391227347722 ) ) ;
#6244 = EDGE_LOOP ( 'NONE', ( #3286, #3696, #4690, #41, #1257, #3169, #6880, #7769 ) ) ;
#6245 = EDGE_LOOP ( 'NONE', ( #4837, #3811, #4383, #3717 ) ) ;
#6246 = DIRECTION ( 'NONE',  ( 0.000000000000000000, 0.000000000000000000, -1.000000000000000000 ) ) ;
#6247 = AXIS2_PLACEMENT_3D ( 'NONE', #1116, #3685, #2376 ) ;
#6248 = FACE_OUTER_BOUND ( 'NONE', #2077, .T. ) ;
#6249 = CARTESIAN_POINT ( 'NONE',  ( 0.7605129427895213068, -0.8004147824066476513, -9.297056062851895675 ) ) ;
#6250 = DIRECTION ( 'NONE',  ( 1.047444401652940007E-14, -0.000000000000000000, 1.000000000000000000 ) ) ;
#6251 = CARTESIAN_POINT ( 'NONE',  ( 2.228527951296471521, -0.7500000000000081046, -8.654304331306809317 ) ) ;
#6252 = ORIENTED_EDGE ( 'NONE', *, *, #627, .T. ) ;
#6253 = ADVANCED_FACE ( 'NONE', ( #5309 ), #4724, .T. ) ;
#6254 = LINE ( 'NONE', #7634, #1137 ) ;
#6255 = CARTESIAN_POINT ( 'NONE',  ( -0.9233579115197835252, -0.7499999999999997780, -9.228248573552459533 ) ) ;
#6256 = DIRECTION ( 'NONE',  ( -0.000000000000000000, -1.000000000000000000, -0.000000000000000000 ) ) ;
#6257 = CARTESIAN_POINT ( 'NONE',  ( -9.935855655966854272, -6.349999999999999645, 1.651354423408247563 ) ) ;
#6258 = ORIENTED_EDGE ( 'NONE', *, *, #6152, .F. ) ;
#6259 = ORIENTED_EDGE ( 'NONE', *, *, #2194, .T. ) ;
#6260 = CARTESIAN_POINT ( 'NONE',  ( -0.7948548703877912347, -0.9571067811865475727, -5.774854870387788885 ) ) ;
#6261 = CARTESIAN_POINT ( 'NONE',  ( -12.69999999999999929, -6.349999999999999645, -2.100000000000001421 ) ) ;
#6262 = CARTESIAN_POINT ( 'NONE',  ( -1.954965967418195616, -0.8256352976920940945, 9.938996422655463903 ) ) ;
#6263 = CARTESIAN_POINT ( 'NONE',  ( -5.747754113034442724, -1.249999999999999778, 2.724394546948032847 ) ) ;
#6264 = DIRECTION ( 'NONE',  ( 1.000000000000000000, 0.000000000000000000, -1.607039032523497913E-14 ) ) ;
#6265 = EDGE_LOOP ( 'NONE', ( #5985, #6911, #1803, #3446 ) ) ;
#6266 = CARTESIAN_POINT ( 'NONE',  ( 9.271084787564097596, -1.249999999999999778, -0.4948548703878234423 ) ) ;
#6267 = ADVANCED_FACE ( 'NONE', ( #3316 ), #2950, .T. ) ;
#6268 = LINE ( 'NONE', #4282, #4592 ) ;
#6269 = VERTEX_POINT ( 'NONE', #2865 ) ;
#6270 = CIRCLE ( 'NONE', #2808, 2.100000000000000089 ) ;
#6271 = CARTESIAN_POINT ( 'NONE',  ( 9.572898682056672826, -0.8894853869150328718, 1.953100030760919426 ) ) ;
#6272 = ORIENTED_EDGE ( 'NONE', *, *, #3861, .F. ) ;
#6273 = CARTESIAN_POINT ( 'NONE',  ( 9.116177672728573711, -0.7500000000000000000, 1.624940046264566451 ) ) ;
#6274 = CARTESIAN_POINT ( 'NONE',  ( 9.292326899263212425, -0.7499999999999997780, -1.604822354896827674 ) ) ;
#6275 = AXIS2_PLACEMENT_3D ( 'NONE', #126, #165, #1359 ) ;
#6276 = ORIENTED_EDGE ( 'NONE', *, *, #1118, .F. ) ;
#6277 = CARTESIAN_POINT ( 'NONE',  ( -9.271043060682627512, -0.7499999999999793499, 2.106604438185049055 ) ) ;
#6278 = ORIENTED_EDGE ( 'NONE', *, *, #6724, .T. ) ;
#6279 = ORIENTED_EDGE ( 'NONE', *, *, #1895, .F. ) ;
#6280 = CARTESIAN_POINT ( 'NONE',  ( -9.054086811541743884, -1.249999999999999778, -2.229098567681894405 ) ) ;
#6281 = CARTESIAN_POINT ( 'NONE',  ( 3.397861557712904101, -0.7499999999999710232, 5.598265168446671325 ) ) ;
#6282 = CARTESIAN_POINT ( 'NONE',  ( -4.923761619198424810, -0.7499999999999997780, 5.275797816451293087 ) ) ;
#6283 = CIRCLE ( 'NONE', #2548, 3.125000000000000000 ) ;
#6284 = CARTESIAN_POINT ( 'NONE',  ( -4.568108057990306392, -6.350000000000000533, -4.921176097712270270 ) ) ;
#6285 = CARTESIAN_POINT ( 'NONE',  ( 12.69999999999999929, -6.349999999999999645, -4.607653647928460071E-14 ) ) ;
#6286 = FACE_OUTER_BOUND ( 'NONE', #6110, .T. ) ;
#6287 = CARTESIAN_POINT ( 'NONE',  ( 5.773686764335373311, -1.249999999999999778, 2.344164247592837924 ) ) ;
#6288 = FACE_OUTER_BOUND ( 'NONE', #6367, .T. ) ;
#6289 = CARTESIAN_POINT ( 'NONE',  ( 1.449747468305832898, -9.350000000000001421, -9.741464024932666277 ) ) ;
#6290 = ORIENTED_EDGE ( 'NONE', *, *, #1269, .F. ) ;
#6291 = AXIS2_PLACEMENT_3D ( 'NONE', #3528, #6163, #4864 ) ;
#6292 =( BOUNDED_SURFACE ( )  B_SPLINE_SURFACE ( 3, 2, ( 
 ( #7466, #4191, #259 ),
 ( #6773, #1459, #4109 ),
 ( #5451, #817, #6090 ),
 ( #8072, #856, #2876 ),
 ( #7945, #4671, #1375 ),
 ( #4022, #6652, #7687 ),
 ( #6900, #6941, #8324 ),
 ( #4360, #6994, #8190 ),
 ( #4402, #5057, #4876 ),
 ( #4272, #3579, #1020 ),
 ( #1068, #7506, #975 ),
 ( #2916, #6302, #1577 ),
 ( #7550, #7038, #3672 ),
 ( #3718, #1748, #3627 ) ),
 .UNSPECIFIED., .F., .F., .T. ) 
 B_SPLINE_SURFACE_WITH_KNOTS ( ( 4, 2, 2, 2, 2, 2, 4 ),
 ( 3, 3 ),
 ( 0.001563743598718814794, 0.001693887855682007712, 0.001824032112645200413, 0.002084320626571586031, 0.002344609140497971866, 0.002474753397461164350, 0.002604897654424357268 ),
 ( 0.000000000000000000, 1.000000000000000000 ),
 .UNSPECIFIED. ) 
 GEOMETRIC_REPRESENTATION_ITEM ( )  RATIONAL_B_SPLINE_SURFACE ( (
 ( 1.000000000000000000, 0.7071067811865475727, 1.000000000000000000),
 ( 1.000000000000000000, 0.7071067811865475727, 1.000000000000000000),
 ( 1.000000000000000000, 0.7071067811865476838, 1.000000000000000000),
 ( 1.000000000000000000, 0.7071067811865476838, 1.000000000000000000),
 ( 1.000000000000000000, 0.7071067811865475727, 1.000000000000000000),
 ( 1.000000000000000000, 0.7071067811865475727, 1.000000000000000000),
 ( 1.000000000000000000, 0.7071067811865475727, 1.000000000000000000),
 ( 1.000000000000000000, 0.7071067811865475727, 1.000000000000000000),
 ( 1.000000000000000000, 0.7071067811865475727, 1.000000000000000000),
 ( 1.000000000000000000, 0.7071067811865475727, 1.000000000000000000),
 ( 1.000000000000000000, 0.7071067811865475727, 1.000000000000000000),
 ( 1.000000000000000000, 0.7071067811865475727, 1.000000000000000000),
 ( 1.000000000000000000, 0.7071067811865475727, 1.000000000000000000),
 ( 1.000000000000000000, 0.7071067811865475727, 1.000000000000000000) ) ) 
 REPRESENTATION_ITEM ( '' )  SURFACE ( )  );
#6293 = ORIENTED_EDGE ( 'NONE', *, *, #2967, .T. ) ;
#6294 = CARTESIAN_POINT ( 'NONE',  ( 3.499999999999989342, -14.29974746830583143, -17.67766952966369587 ) ) ;
#6295 = CARTESIAN_POINT ( 'NONE',  ( 1.821311839416041245, -11.79636443506738352, -2.540902578835124714 ) ) ;
#6296 = CARTESIAN_POINT ( 'NONE',  ( 0.5122168160552273974, -1.101661676798981748, -9.265538987049133368 ) ) ;
#6297 = EDGE_CURVE ( 'NONE', #731, #6325, #7325, .T. ) ;
#6298 = CARTESIAN_POINT ( 'NONE',  ( 5.043630362248089583, -6.350000000000000533, -4.416687585074272171 ) ) ;
#6299 = DIRECTION ( 'NONE',  ( 0.000000000000000000, 1.000000000000000000, 0.000000000000000000 ) ) ;
#6300 = CARTESIAN_POINT ( 'NONE',  ( -9.935836767996040209, -1.249999999999999778, -1.651322806674099031 ) ) ;
#6301 = EDGE_LOOP ( 'NONE', ( #357, #4996, #2753, #4814 ) ) ;
#6302 = CARTESIAN_POINT ( 'NONE',  ( 2.291782913166438451, -0.7499999999999997780, -9.021228597965910367 ) ) ;
#6303 = DIRECTION ( 'NONE',  ( -1.000000000000000000, 0.000000000000000000, 0.000000000000000000 ) ) ;
#6304 =( BOUNDED_CURVE ( )  B_SPLINE_CURVE ( 3, ( #344, #7470, #261, #8281 ),
 .UNSPECIFIED., .F., .T. ) 
 B_SPLINE_CURVE_WITH_KNOTS ( ( 4, 4 ),
 ( 0.000000000000000000, 1.000000000000000000 ),
 .UNSPECIFIED. ) 
 CURVE ( )  GEOMETRIC_REPRESENTATION_ITEM ( )  RATIONAL_B_SPLINE_CURVE ( ( 1.000000000000000000, 0.6625055929971773727, 0.6625055929971773727, 1.000000000000000000 ) ) 
 REPRESENTATION_ITEM ( '' )  );
#6305 = CARTESIAN_POINT ( 'NONE',  ( -9.368934980870578855, -0.8339739471929871195, 0.8390868044159325301 ) ) ;
#6306 = CARTESIAN_POINT ( 'NONE',  ( 5.899142436556307878, -6.350000000000001421, 0.4949083761043419627 ) ) ;
#6307 = EDGE_LOOP ( 'NONE', ( #6753, #1354, #7281, #114 ) ) ;
#6308 = CARTESIAN_POINT ( 'NONE',  ( -0.9948548703877909682, -0.7499999999999997780, -6.274854870387789774 ) ) ;
#6309 = CARTESIAN_POINT ( 'NONE',  ( 4.279295632328681265, -0.7499999999999998890, -5.746504320735990490 ) ) ;
#6310 = EDGE_CURVE ( 'NONE', #4697, #4981, #6705, .T. ) ;
#6311 = EDGE_CURVE ( 'NONE', #510, #3024, #4035, .T. ) ;
#6312 = CARTESIAN_POINT ( 'NONE',  ( 9.067187185219435008, -1.249999999999999778, 2.212147093189065217 ) ) ;
#6313 = CARTESIAN_POINT ( 'NONE',  ( 0.4949083761043407970, -1.249999999999999778, 5.899142436556307878 ) ) ;
#6314 = ORIENTED_EDGE ( 'NONE', *, *, #5313, .F. ) ;
#6315 = CARTESIAN_POINT ( 'NONE',  ( 1.876683844410721447, -1.249999999999999778, -10.07030783714663080 ) ) ;
#6316 = CARTESIAN_POINT ( 'NONE',  ( 1.625104085503158435, -0.7499999999999996669, 9.115447456203629173 ) ) ;
#6317 = FACE_OUTER_BOUND ( 'NONE', #7291, .T. ) ;
#6318 = ORIENTED_EDGE ( 'NONE', *, *, #7016, .T. ) ;
#6319 = ORIENTED_EDGE ( 'NONE', *, *, #6310, .T. ) ;
#6320 = CARTESIAN_POINT ( 'NONE',  ( -0.5238813570687951282, -1.047492893407817816, 5.803881357068835456 ) ) ;
#6321 = CARTESIAN_POINT ( 'NONE',  ( 1.827703956701582255, -0.7690834892384009747, 9.714807231517015751 ) ) ;
#6322 = CARTESIAN_POINT ( 'NONE',  ( 9.243195242910294596, -0.7499999999999998890, 1.607376972291165718 ) ) ;
#6323 = EDGE_CURVE ( 'NONE', #2061, #3486, #7123, .T. ) ;
#6324 = DIRECTION ( 'NONE',  ( 0.000000000000000000, 0.000000000000000000, 1.000000000000000000 ) ) ;
#6325 = VERTEX_POINT ( 'NONE', #4176 ) ;
#6326 = CARTESIAN_POINT ( 'NONE',  ( -3.397861557201226290, -1.249999999999999778, -5.598265167210606741 ) ) ;
#6327 = CARTESIAN_POINT ( 'NONE',  ( 5.773836923778243424, -1.249999999999999778, -2.339595130594224415 ) ) ;
#6328 = ORIENTED_EDGE ( 'NONE', *, *, #926, .F. ) ;
#6329 = VERTEX_POINT ( 'NONE', #3527 ) ;
#6330 = CARTESIAN_POINT ( 'NONE',  ( -5.103761866399034730, -0.7499999999999997780, -5.103397455562753038 ) ) ;
#6331 = CARTESIAN_POINT ( 'NONE',  ( 3.830157643571434622, -0.7500000000000287548, 5.419333493117711065 ) ) ;
#6332 = CARTESIAN_POINT ( 'NONE',  ( -3.558419077181431245, -0.7499999999999997780, 6.072953921249752973 ) ) ;
#6333 = CARTESIAN_POINT ( 'NONE',  ( -2.411470209190131442, -0.7499999999999998890, 6.272615740881191115 ) ) ;
#6334 = CARTESIAN_POINT ( 'NONE',  ( 2.106604438205919028, -1.249999999999999778, 9.271043060280229398 ) ) ;
#6335 = CARTESIAN_POINT ( 'NONE',  ( 2.329991424587217530, -6.349999999999999645, -9.008710553930981746 ) ) ;
#6336 = CARTESIAN_POINT ( 'NONE',  ( 9.375177540560432732, -0.8647588404930756090, 0.6619912748340073261 ) ) ;
#6337 = CARTESIAN_POINT ( 'NONE',  ( 1.990127991411492880, -0.9246593638277795790, 9.598094096451669444 ) ) ;
#6338 = DIRECTION ( 'NONE',  ( 0.000000000000000000, 0.000000000000000000, -1.000000000000000000 ) ) ;
#6339 = ORIENTED_EDGE ( 'NONE', *, *, #4111, .T. ) ;
#6340 = CARTESIAN_POINT ( 'NONE',  ( -9.935855655966737032, -6.349999999999999645, -1.651354423408220029 ) ) ;
#6341 = CARTESIAN_POINT ( 'NONE',  ( -2.198316576944246759, -0.7499999999999997780, 8.525970940583469826 ) ) ;
#6342 = CARTESIAN_POINT ( 'NONE',  ( 2.390385738859446718, -1.250000000000000000, -5.772901732345406600 ) ) ;
#6343 = CARTESIAN_POINT ( 'NONE',  ( -2.312816342378784640, -6.349999999999999645, -9.014118416172685500 ) ) ;
#6344 = CARTESIAN_POINT ( 'NONE',  ( -4.003097679131852438, -6.349999999999999645, -5.322930905207445385 ) ) ;
#6345 = CARTESIAN_POINT ( 'NONE',  ( 5.415553913586260926, -6.349999999999998757, -3.824449496671315174 ) ) ;
#6346 = DIRECTION ( 'NONE',  ( -8.486905459769115320E-17, 0.000000000000000000, 1.000000000000000000 ) ) ;
#6347 = CARTESIAN_POINT ( 'NONE',  ( 9.299109199783138990, -1.249999999999999778, 2.105145129612210120 ) ) ;
#6348 = ORIENTED_EDGE ( 'NONE', *, *, #2151, .T. ) ;
#6349 = CARTESIAN_POINT ( 'NONE',  ( 12.69999999999999929, -4.349999999999999645, -1.600000000000005862 ) ) ;
#6350 = EDGE_CURVE ( 'NONE', #1667, #802, #5556, .T. ) ;
#6351 = CARTESIAN_POINT ( 'NONE',  ( 2.105145129612177257, -1.249999999999999778, -9.299109199783146096 ) ) ;
#6352 = ORIENTED_EDGE ( 'NONE', *, *, #3710, .F. ) ;
#6353 = ORIENTED_EDGE ( 'NONE', *, *, #2969, .T. ) ;
#6354 = CARTESIAN_POINT ( 'NONE',  ( 4.708845605716382998, -0.7500000000000000000, -5.452058938419050094 ) ) ;
#6355 = CARTESIAN_POINT ( 'NONE',  ( 2.105145129612210120, -1.249999999999999778, 9.299109199783138990 ) ) ;
#6356 = CARTESIAN_POINT ( 'NONE',  ( -0.7948320246612494699, -1.249999999999999778, -5.774854870387789774 ) ) ;
#6357 = ORIENTED_EDGE ( 'NONE', *, *, #5806, .T. ) ;
#6358 = CARTESIAN_POINT ( 'NONE',  ( 2.292292372364908459, -6.349999999999999645, -9.020580731827539722 ) ) ;
#6359 = CARTESIAN_POINT ( 'NONE',  ( 0.4948548703877910238, -1.249999999999999778, 9.271084787564099372 ) ) ;
#6360 = CARTESIAN_POINT ( 'NONE',  ( 2.105004284771684109, -6.350000000000000533, 9.940748498636045483 ) ) ;
#6361 = VERTEX_POINT ( 'NONE', #2780 ) ;
#6362 = EDGE_CURVE ( 'NONE', #4151, #4853, #7797, .T. ) ;
#6363 = ORIENTED_EDGE ( 'NONE', *, *, #129, .T. ) ;
#6364 = CARTESIAN_POINT ( 'NONE',  ( 2.030155174002323815, -13.40483061141144461, -2.376016159023359275 ) ) ;
#6365 = CIRCLE ( 'NONE', #5676, 1.600000000000004086 ) ;
#6366 = CARTESIAN_POINT ( 'NONE',  ( -2.105145129612112420, -0.7499999999999997780, 9.299109199783162083 ) ) ;
#6367 = EDGE_LOOP ( 'NONE', ( #8257, #2835, #6812, #916 ) ) ;
#6368 = CARTESIAN_POINT ( 'NONE',  ( -4.613233430757334830, -0.7499999999999997780, -5.523271562641316912 ) ) ;
#6369 = CARTESIAN_POINT ( 'NONE',  ( -9.216837883457264624, -1.249999999999999778, 2.116026783217394236 ) ) ;
#6370 = EDGE_LOOP ( 'NONE', ( #7591, #1583, #4442, #5782 ) ) ;
#6371 = ADVANCED_FACE ( 'NONE', ( #1484 ), #4655, .T. ) ;
#6372 = CARTESIAN_POINT ( 'NONE',  ( -9.190067605545385376, -1.249999999999999778, -2.123812721310498031 ) ) ;
#6373 = CARTESIAN_POINT ( 'NONE',  ( 4.284926764375917685, -0.7499999999999997780, 5.743488292970940101 ) ) ;
#6374 = AXIS2_PLACEMENT_3D ( 'NONE', #7457, #8065, #5355 ) ;
#6375 = DIRECTION ( 'NONE',  ( 0.000000000000000000, 0.000000000000000000, 1.000000000000000000 ) ) ;
#6376 = LINE ( 'NONE', #1093, #1840 ) ;
#6377 = CYLINDRICAL_SURFACE ( 'NONE', #308, 0.5000000000000000000 ) ;
#6378 = CARTESIAN_POINT ( 'NONE',  ( 4.749987219571101704, -1.249999999999999778, 4.749987219571101704 ) ) ;
#6379 = DIRECTION ( 'NONE',  ( 0.000000000000000000, 0.000000000000000000, -1.000000000000000000 ) ) ;
#6380 = VECTOR ( 'NONE', #7029, 1000.000000000000000 ) ;
#6381 = ORIENTED_EDGE ( 'NONE', *, *, #8185, .T. ) ;
#6382 = ADVANCED_FACE ( 'NONE', ( #3042 ), #8179, .T. ) ;
#6383 = CARTESIAN_POINT ( 'NONE',  ( -5.774908376104342267, -6.349999999999999645, -0.6191424365563067411 ) ) ;
#6384 = VECTOR ( 'NONE', #352, 1000.000000000000000 ) ;
#6385 = DIRECTION ( 'NONE',  ( -0.000000000000000000, -0.000000000000000000, 1.000000000000000000 ) ) ;
#6386 = CARTESIAN_POINT ( 'NONE',  ( 0.9291536445351207263, -0.7604443523589380360, -9.220152429365358060 ) ) ;
#6387 = CARTESIAN_POINT ( 'NONE',  ( 5.662694476434242397, -6.349999999999999645, -3.183923409923079983 ) ) ;
#6388 = CARTESIAN_POINT ( 'NONE',  ( 9.636682573286197595, -1.012903214276668962, -2.045745706930532481 ) ) ;
#6389 = CIRCLE ( 'NONE', #5146, 3.219854870387946377 ) ;
#6390 = DIRECTION ( 'NONE',  ( -0.000000000000000000, -1.000000000000000000, -0.000000000000000000 ) ) ;
#6391 = ORIENTED_EDGE ( 'NONE', *, *, #7510, .F. ) ;
#6392 = CARTESIAN_POINT ( 'NONE',  ( 2.267308931587161958, -1.250000000000000000, -9.030364150608964025 ) ) ;
#6393 = ORIENTED_EDGE ( 'NONE', *, *, #7766, .T. ) ;
#6394 = CARTESIAN_POINT ( 'NONE',  ( 2.344164247592817940, -1.249999999999999778, -5.773686764335380417 ) ) ;
#6395 = CARTESIAN_POINT ( 'NONE',  ( 2.298552585863324005, -1.249999999999999778, 9.018609598767842073 ) ) ;
#6396 = CARTESIAN_POINT ( 'NONE',  ( -0.4948548703877910238, -1.249999999999999778, -9.271066631791530455 ) ) ;
#6397 = ORIENTED_EDGE ( 'NONE', *, *, #6679, .F. ) ;
#6398 = ADVANCED_FACE ( 'NONE', ( #6288 ), #3853, .F. ) ;
#6399 = CARTESIAN_POINT ( 'NONE',  ( 2.105145129612326915, -0.7499999999999997780, -3.383050392413746527E-14 ) ) ;
#6400 = FACE_OUTER_BOUND ( 'NONE', #2814, .T. ) ;
#6401 = LINE ( 'NONE', #3200, #5005 ) ;
#6402 = ORIENTED_EDGE ( 'NONE', *, *, #3345, .T. ) ;
#6403 = ORIENTED_EDGE ( 'NONE', *, *, #7124, .F. ) ;
#6404 = CARTESIAN_POINT ( 'NONE',  ( -0.8200975563050304507, -0.9981907295794998358, 5.837961585181045798 ) ) ;
#6405 = CYLINDRICAL_SURFACE ( 'NONE', #97, 2.100000000000000089 ) ;
#6406 = CARTESIAN_POINT ( 'NONE',  ( 8.554462905232886882, -0.7499999999999997780, 2.110196775178361683 ) ) ;
#6407 = EDGE_CURVE ( 'NONE', #6329, #7011, #7527, .T. ) ;
#6408 = DIRECTION ( 'NONE',  ( -0.000000000000000000, -1.000000000000000000, 0.000000000000000000 ) ) ;
#6409 = CARTESIAN_POINT ( 'NONE',  ( 4.790377844397159635, -1.249999999999999778, -4.708419941522013374 ) ) ;
#6410 = VECTOR ( 'NONE', #6189, 1000.000000000000000 ) ;
#6411 = EDGE_LOOP ( 'NONE', ( #6319, #5090, #7350, #7047 ) ) ;
#6412 = CARTESIAN_POINT ( 'NONE',  ( -9.190067605545385376, -6.349999999999999645, -2.123812721310498031 ) ) ;
#6413 = CARTESIAN_POINT ( 'NONE',  ( 2.789519729342995191, -0.7499999999999997780, 6.243775912939191208 ) ) ;
#6414 = FACE_OUTER_BOUND ( 'NONE', #660, .T. ) ;
#6415 = FACE_OUTER_BOUND ( 'NONE', #2726, .T. ) ;
#6416 = DIRECTION ( 'NONE',  ( 1.047444401652940322E-14, 0.000000000000000000, 1.000000000000000000 ) ) ;
#6417 = DIRECTION ( 'NONE',  ( 0.000000000000000000, 0.000000000000000000, 1.000000000000000000 ) ) ;
#6418 = ADVANCED_FACE ( 'NONE', ( #5690 ), #4738, .F. ) ;
#6419 = CARTESIAN_POINT ( 'NONE',  ( -5.554849294767896239, -6.349999999999999645, 3.507651352452097804 ) ) ;
#6420 = EDGE_CURVE ( 'NONE', #4853, #731, #123, .T. ) ;
#6421 = CARTESIAN_POINT ( 'NONE',  ( 9.088820031134559940, -6.350000000000001421, -2.188350977667258057 ) ) ;
#6422 = PLANE ( 'NONE',  #4726 ) ;
#6423 = CARTESIAN_POINT ( 'NONE',  ( -2.348482047969516984, -1.249999999999999778, 9.002888471517024982 ) ) ;
#6424 = CARTESIAN_POINT ( 'NONE',  ( 3.788629298572648185, -6.349999999999999645, 5.434941148158478619 ) ) ;
#6425 = CARTESIAN_POINT ( 'NONE',  ( -4.352419305668610683, -1.249999999999999334, -5.093866551585399804 ) ) ;
#6426 = DIRECTION ( 'NONE',  ( 0.000000000000000000, 0.000000000000000000, 1.000000000000000000 ) ) ;
#6427 = EDGE_CURVE ( 'NONE', #575, #5342, #4869, .T. ) ;
#6428 = AXIS2_PLACEMENT_3D ( 'NONE', #7650, #1040, #8340 ) ;
#6429 = CARTESIAN_POINT ( 'NONE',  ( 9.602666487600245659, -0.9372534403091744570, -1.996594984488659907 ) ) ;
#6430 = CARTESIAN_POINT ( 'NONE',  ( -7.350074935597541465E-15, -6.349999999999999645, -2.105145129612210120 ) ) ;
#6431 = ORIENTED_EDGE ( 'NONE', *, *, #184, .T. ) ;
#6432 = CARTESIAN_POINT ( 'NONE',  ( -9.017039927931541854, -0.7499999999999997780, 2.303537776766328538 ) ) ;
#6433 = MECHANICAL_DESIGN_GEOMETRIC_PRESENTATION_REPRESENTATION (  '', ( #7128 ), #1727 ) ;
#6434 = CARTESIAN_POINT ( 'NONE',  ( -5.774854870387766681, -6.349999999999999645, 2.275387937340485500 ) ) ;
#6435 = CARTESIAN_POINT ( 'NONE',  ( 6.274854870387789774, -0.7499999999999997780, 0.9948548703877916344 ) ) ;
#6436 = CARTESIAN_POINT ( 'NONE',  ( 2.481203500579804544, -6.349999999999999645, -5.771359271333128760 ) ) ;
#6437 = CARTESIAN_POINT ( 'NONE',  ( -6.222980790483299884, -0.7499999999999996669, -2.930635471882081067 ) ) ;
#6438 = CARTESIAN_POINT ( 'NONE',  ( -0.7665838582572097604, -0.9743063038739198101, -9.493503963496406683 ) ) ;
#6439 = ORIENTED_EDGE ( 'NONE', *, *, #1056, .F. ) ;
#6440 = CARTESIAN_POINT ( 'NONE',  ( -5.761818502402276998, -6.350000000000000533, 2.577815806518592545 ) ) ;
#6441 = CARTESIAN_POINT ( 'NONE',  ( -3.650367610012296371, -6.349999999999999645, 5.501497584056038725 ) ) ;
#6442 = CARTESIAN_POINT ( 'NONE',  ( -5.774908376104342267, -1.249999999999999778, -0.6191424365563067411 ) ) ;
#6443 = ORIENTED_EDGE ( 'NONE', *, *, #1804, .T. ) ;
#6444 = VERTEX_POINT ( 'NONE', #8437 ) ;
#6445 = CARTESIAN_POINT ( 'NONE',  ( -0.8941311286845471384, -0.8131067495198620598, 6.023045516129836408 ) ) ;
#6446 = CARTESIAN_POINT ( 'NONE',  ( 1.727175184591348778, -0.7538257325404484899, 9.541911710230740695 ) ) ;
#6447 = CARTESIAN_POINT ( 'NONE',  ( -0.7270764054875241689, -6.349999999999999645, -9.563309819739389539 ) ) ;
#6448 = CARTESIAN_POINT ( 'NONE',  ( 5.731021261170965886, -0.7499999999999429345, 2.839519246714801159 ) ) ;
#6449 = VERTEX_POINT ( 'NONE', #4604 ) ;
#6450 = CARTESIAN_POINT ( 'NONE',  ( -9.281126975244978539, -1.249999999999999778, 2.106080121572998731 ) ) ;
#6451 = CARTESIAN_POINT ( 'NONE',  ( 5.195736631094189484, -1.249999999999999778, -4.206526835423900934 ) ) ;
#6452 =( BOUNDED_SURFACE ( )  B_SPLINE_SURFACE ( 3, 2, ( 
 ( #5195, #1984, #6576 ),
 ( #5937, #5289, #7906 ),
 ( #7266, #3336, #2678 ),
 ( #2031, #6699, #783 ),
 ( #4714, #2072, #7344 ),
 ( #1420, #8036, #5409 ),
 ( #3424, #6059, #150 ),
 ( #2115, #2757, #5368 ),
 ( #7995, #5995, #7196 ),
 ( #5954, #3968, #3270 ),
 ( #714, #757, #2093 ),
 ( #3354, #2612, #84 ),
 ( #7287, #7238, #4091 ),
 ( #7846, #3400, #4736 ) ),
 .UNSPECIFIED., .F., .F., .T. ) 
 B_SPLINE_SURFACE_WITH_KNOTS ( ( 4, 2, 2, 2, 2, 2, 4 ),
 ( 3, 3 ),
 ( 0.006309469902866336223, 0.006709787604513134038, 0.007110105306159930985, 0.007910740709453524880, 0.008711376112747120509, 0.009111693814393917457, 0.009512011516040714404 ),
 ( 0.000000000000000000, 1.000000000000000000 ),
 .UNSPECIFIED. ) 
 GEOMETRIC_REPRESENTATION_ITEM ( )  RATIONAL_B_SPLINE_SURFACE ( (
 ( 1.000000000000000000, 0.7071067811865475727, 1.000000000000000000),
 ( 1.000000000000000000, 0.7071067811865475727, 1.000000000000000000),
 ( 1.000000000000000000, 0.7071067811865475727, 1.000000000000000000),
 ( 1.000000000000000000, 0.7071067811865475727, 1.000000000000000000),
 ( 1.000000000000000000, 0.7071067811865467956, 1.000000000000000000),
 ( 1.000000000000000000, 0.7071067811865467956, 1.000000000000000000),
 ( 1.000000000000000000, 0.7071067811865481278, 1.000000000000000000),
 ( 1.000000000000000000, 0.7071067811865481278, 1.000000000000000000),
 ( 1.000000000000000000, 0.7071067811865475727, 1.000000000000000000),
 ( 1.000000000000000000, 0.7071067811865475727, 1.000000000000000000),
 ( 1.000000000000000000, 0.7071067811865475727, 1.000000000000000000),
 ( 1.000000000000000000, 0.7071067811865475727, 1.000000000000000000),
 ( 1.000000000000000000, 0.7071067811865475727, 1.000000000000000000),
 ( 1.000000000000000000, 0.7071067811865475727, 1.000000000000000000) ) ) 
 REPRESENTATION_ITEM ( '' )  SURFACE ( )  );
#6453 = ORIENTED_EDGE ( 'NONE', *, *, #1185, .F. ) ;
#6454 = CARTESIAN_POINT ( 'NONE',  ( 0.000000000000000000, -1.249999999999999778, -5.774854870387789774 ) ) ;
#6455 = EDGE_CURVE ( 'NONE', #6183, #7738, #674, .T. ) ;
#6456 = CARTESIAN_POINT ( 'NONE',  ( -2.505816893125808686, -1.249999999999999778, 5.769407445484661778 ) ) ;
#6457 = CARTESIAN_POINT ( 'NONE',  ( 1.624156152967107580, -0.7499999999999997780, 9.119388930575228258 ) ) ;
#6458 = FACE_OUTER_BOUND ( 'NONE', #6616, .T. ) ;
#6459 = CARTESIAN_POINT ( 'NONE',  ( -6.174131128684596348, -0.8131067495198566197, 0.7430455161299069911 ) ) ;
#6460 = CARTESIAN_POINT ( 'NONE',  ( 2.105143927105241008, -1.177689514655745340, 10.20694294810248159 ) ) ;
#6461 = EDGE_LOOP ( 'NONE', ( #1679, #6363, #3074, #141, #5433, #8181, #6966, #8270, #3319, #6000, #2372 ) ) ;
#6462 = CARTESIAN_POINT ( 'NONE',  ( 5.313232176770968707, -1.249999999999999556, -4.027670858600303383 ) ) ;
#6463 = EDGE_CURVE ( 'NONE', #5934, #2734, #6283, .T. ) ;
#6464 = CARTESIAN_POINT ( 'NONE',  ( 2.106080121572901476, -1.249999999999999778, 9.281126975245001631 ) ) ;
#6465 = EDGE_CURVE ( 'NONE', #5612, #3749, #6587, .T. ) ;
#6466 = DIRECTION ( 'NONE',  ( -0.000000000000000000, -1.000000000000000000, -0.000000000000000000 ) ) ;
#6467 = CARTESIAN_POINT ( 'NONE',  ( 3.507651352452040072, -6.349999999999999645, 5.554849294767932655 ) ) ;
#6468 = DIRECTION ( 'NONE',  ( 0.000000000000000000, 1.000000000000000000, 0.000000000000000000 ) ) ;
#6469 = CARTESIAN_POINT ( 'NONE',  ( 10.20694509942421568, -1.249999999999999778, -2.105145129612243871 ) ) ;
#6470 = CARTESIAN_POINT ( 'NONE',  ( -0.4948548703877910238, -1.249999999999999778, -9.271084787564099372 ) ) ;
#6471 = ORIENTED_EDGE ( 'NONE', *, *, #729, .F. ) ;
#6472 = CARTESIAN_POINT ( 'NONE',  ( -5.419322549670175349, -0.7500000000001011413, -3.830164468703379566 ) ) ;
#6473 = EDGE_CURVE ( 'NONE', #7136, #3615, #5621, .T. ) ;
#6474 = ORIENTED_EDGE ( 'NONE', *, *, #5088, .T. ) ;
#6475 = CARTESIAN_POINT ( 'NONE',  ( -6.146922021385059054, -0.7499999999999997780, -3.312055023987336089 ) ) ;
#6476 = FACE_OUTER_BOUND ( 'NONE', #5353, .T. ) ;
#6477 = VERTEX_POINT ( 'NONE', #3220 ) ;
#6478 = CARTESIAN_POINT ( 'NONE',  ( 9.940748498636038377, -6.350000000000000533, -2.105004284771717415 ) ) ;
#6479 = CARTESIAN_POINT ( 'NONE',  ( -3.650367610012296371, -1.249999999999999778, 5.501497584056038725 ) ) ;
#6480 = CARTESIAN_POINT ( 'NONE',  ( -0.8670548350780586944, -0.7499999999999998890, -9.154518501907666916 ) ) ;
#6481 = VERTEX_POINT ( 'NONE', #8395 ) ;
#6482 =( BOUNDED_SURFACE ( )  B_SPLINE_SURFACE ( 3, 1, ( 
 ( #1770, #1637 ),
 ( #320, #5592 ),
 ( #3035, #2990 ),
 ( #7707, #4337 ) ),
 .UNSPECIFIED., .F., .F., .T. ) 
 B_SPLINE_SURFACE_WITH_KNOTS ( ( 4, 4 ),
 ( 2, 2 ),
 ( 0.000000000000000000, 1.000000000000000000 ),
 ( 0.000000000000000000, 1.000000000000000000 ),
 .UNSPECIFIED. ) 
 GEOMETRIC_REPRESENTATION_ITEM ( )  RATIONAL_B_SPLINE_SURFACE ( (
 ( 1.000000000000000000, 1.000000000000000000),
 ( 0.8048096403827857959, 0.8048096403827857959),
 ( 0.8048096403827857959, 0.8048096403827857959),
 ( 1.000000000000000000, 1.000000000000000000) ) ) 
 REPRESENTATION_ITEM ( '' )  SURFACE ( )  );
#6483 = ADVANCED_FACE ( 'NONE', ( #3960 ), #6499, .T. ) ;
#6484 = ORIENTED_EDGE ( 'NONE', *, *, #2249, .F. ) ;
#6485 = DIRECTION ( 'NONE',  ( 0.000000000000000000, -1.000000000000000000, 0.000000000000000000 ) ) ;
#6486 = PLANE ( 'NONE',  #5481 ) ;
#6487 = CARTESIAN_POINT ( 'NONE',  ( -9.168307674432041310, -0.7499999999999998890, -0.9614061070045173407 ) ) ;
#6488 = CARTESIAN_POINT ( 'NONE',  ( -9.266193209664386643, -1.249999999999999778, -2.106856607853043961 ) ) ;
#6489 = ORIENTED_EDGE ( 'NONE', *, *, #3462, .F. ) ;
#6490 = CARTESIAN_POINT ( 'NONE',  ( -3.305786864752562337, -0.7499999999999997780, -6.148784164460886714 ) ) ;
#6491 = FACE_OUTER_BOUND ( 'NONE', #3772, .T. ) ;
#6492 = ORIENTED_EDGE ( 'NONE', *, *, #3353, .T. ) ;
#6493 = ORIENTED_EDGE ( 'NONE', *, *, #4862, .T. ) ;
#6494 = LINE ( 'NONE', #1900, #2230 ) ;
#6495 = CARTESIAN_POINT ( 'NONE',  ( 5.021560706605106894, -0.7499999999999997780, 5.183271730745823369 ) ) ;
#6496 = CARTESIAN_POINT ( 'NONE',  ( 4.700457728588347095, -6.350000000000001421, -4.798015527854724738 ) ) ;
#6497 = CARTESIAN_POINT ( 'NONE',  ( 1.681300279852792121E-14, -1.249999999999999778, 1.605145129612209898 ) ) ;
#6498 = CARTESIAN_POINT ( 'NONE',  ( -6.209393325097474658, -0.7500000000000000000, 0.9686702522716952313 ) ) ;
#6499 =( BOUNDED_SURFACE ( )  B_SPLINE_SURFACE ( 3, 2, ( 
 ( #1865, #2646, #7877 ),
 ( #2475, #5123, #3306 ),
 ( #1184, #5946, #1267 ),
 ( #4515, #5298, #5208 ),
 ( #5256, #4556, #3867 ),
 ( #3824, #4647, #592 ),
 ( #6459, #7230, #7279 ),
 ( #1352, #7149, #7754 ),
 ( #629, #547, #6498 ),
 ( #1306, #5867, #3175 ) ),
 .UNSPECIFIED., .F., .F., .T. ) 
 B_SPLINE_SURFACE_WITH_KNOTS ( ( 4, 2, 2, 2, 4 ),
 ( 3, 3 ),
 ( 6.283185307179586232, 6.675884388878310816, 7.068583470577034511, 7.461282552275758206, 7.853981633974482790 ),
 ( 0.000000000000000000, 1.000000000000000000 ),
 .UNSPECIFIED. ) 
 GEOMETRIC_REPRESENTATION_ITEM ( )  RATIONAL_B_SPLINE_SURFACE ( (
 ( 1.000000000000000000, 0.7071067811865480168, 1.000000000000000000),
 ( 1.000000000000000000, 0.7066753101504454904, 1.000000000000000000),
 ( 1.000000000000000000, 0.7265523339799713209, 1.000000000000000000),
 ( 1.000000000000000000, 0.7876779057172312859, 1.000000000000000000),
 ( 1.000000000000000000, 0.8282383019017660608, 1.000000000000000000),
 ( 1.000000000000000000, 0.9038125056671091340, 1.000000000000000000),
 ( 1.000000000000000000, 0.9386557992894027924, 1.000000000000000000),
 ( 1.000000000000000000, 0.9867290404729094355, 1.000000000000000000),
 ( 1.000000000000000000, 1.000158692512677527, 1.000000000000000000),
 ( 1.000000000000000000, 1.000000000000000000, 1.000000000000000000) ) ) 
 REPRESENTATION_ITEM ( '' )  SURFACE ( )  );
#6500 = EDGE_CURVE ( 'NONE', #1394, #954, #7837, .T. ) ;
#6501 = FACE_OUTER_BOUND ( 'NONE', #7637, .T. ) ;
#6502 = VECTOR ( 'NONE', #4613, 1000.000000000000000 ) ;
#6503 = CARTESIAN_POINT ( 'NONE',  ( -6.274854870387764905, -0.7499999999999997780, 2.279351210769302138 ) ) ;
#6504 = CARTESIAN_POINT ( 'NONE',  ( -5.889309911231786820, -0.9046407722474678614, -0.6093099112317894583 ) ) ;
#6505 = CARTESIAN_POINT ( 'NONE',  ( -2.187678288045412422, -0.7500000000000093259, 9.089851229402404087 ) ) ;
#6506 = DIRECTION ( 'NONE',  ( 1.000000000000000000, 0.000000000000000000, -1.047444401652938113E-14 ) ) ;
#6507 = TOROIDAL_SURFACE ( 'NONE', #4444, 8.805145129612210297, 0.5000000000000000000 ) ;
#6508 = CARTESIAN_POINT ( 'NONE',  ( -2.105145129612110644, -1.249999999999999778, 9.299109199783831770 ) ) ;
#6509 = EDGE_CURVE ( 'NONE', #874, #6001, #1251, .T. ) ;
#6510 = CARTESIAN_POINT ( 'NONE',  ( -9.659515348575700600, -1.087308500963320768, 2.078455268397121358 ) ) ;
#6511 = CARTESIAN_POINT ( 'NONE',  ( -2.839101664854168483, -0.7499999999999997780, -5.731101953626312806 ) ) ;
#6512 = VERTEX_POINT ( 'NONE', #4084 ) ;
#6513 = CARTESIAN_POINT ( 'NONE',  ( -5.775249408043547028, -0.7499999999999988898, -2.252158159391612013 ) ) ;
#6514 = CARTESIAN_POINT ( 'NONE',  ( -9.008710553930281861, -1.249999999999999778, 2.329991424587440907 ) ) ;
#6515 = CIRCLE ( 'NONE', #5288, 9.305145129612210297 ) ;
#6516 = CARTESIAN_POINT ( 'NONE',  ( -5.774908376104337826, -1.249999999999999778, 0.6191424365563636956 ) ) ;
#6517 = CARTESIAN_POINT ( 'NONE',  ( -2.212549695579459019, -0.7499999999999997780, -9.066909148835845755 ) ) ;
#6518 = CARTESIAN_POINT ( 'NONE',  ( 0.000000000000000000, -0.7499999999999997780, 0.000000000000000000 ) ) ;
#6519 = CARTESIAN_POINT ( 'NONE',  ( -0.8083268992939068864, -0.7777511574428084273, -6.088326899293919681 ) ) ;
#6520 = CARTESIAN_POINT ( 'NONE',  ( -0.9948548703877906352, -0.7499999999999996669, -9.115647332695417049 ) ) ;
#6521 = AXIS2_PLACEMENT_3D ( 'NONE', #1668, #2498, #7776 ) ;
#6522 = EDGE_LOOP ( 'NONE', ( #4866, #4733, #1288, #3062 ) ) ;
#6523 =( BOUNDED_CURVE ( )  B_SPLINE_CURVE ( 3, ( #8393, #4427, #4603, #7835 ),
 .UNSPECIFIED., .F., .F. ) 
 B_SPLINE_CURVE_WITH_KNOTS ( ( 4, 4 ),
 ( 0.000000000000000000, 1.570796326794896558 ),
 .UNSPECIFIED. ) 
 CURVE ( )  GEOMETRIC_REPRESENTATION_ITEM ( )  RATIONAL_B_SPLINE_CURVE ( ( 1.000000000000000000, 0.8047378541243649375, 0.8047378541243649375, 1.000000000000000000 ) ) 
 REPRESENTATION_ITEM ( '' )  );
#6524 = CARTESIAN_POINT ( 'NONE',  ( 1.990103196638357108, -0.8599649199367054297, -10.00151536018403498 ) ) ;
#6525 = CARTESIAN_POINT ( 'NONE',  ( 9.141477105748391452, -1.250000000000000000, -2.147702198187927181 ) ) ;
#6526 = EDGE_LOOP ( 'NONE', ( #6153, #6431, #2894, #1150 ) ) ;
#6527 = VERTEX_POINT ( 'NONE', #6068 ) ;
#6528 = DIRECTION ( 'NONE',  ( -0.000000000000000000, -0.000000000000000000, 1.000000000000000000 ) ) ;
#6529 = SURFACE_SIDE_STYLE ('',( #3990 ) ) ;
#6530 = CARTESIAN_POINT ( 'NONE',  ( -9.493503963496248588, -0.9743063038739190329, -0.7665838582572106485 ) ) ;
#6531 = CARTESIAN_POINT ( 'NONE',  ( -9.030364150608956919, -1.250000000000000000, -2.267308931587191712 ) ) ;
#6532 = EDGE_CURVE ( 'NONE', #6325, #3953, #897, .T. ) ;
#6533 = DIRECTION ( 'NONE',  ( -1.142422094778946730E-14, 0.000000000000000000, -1.000000000000000000 ) ) ;
#6534 = CARTESIAN_POINT ( 'NONE',  ( -8.681969558860846092, -0.7499999999999997780, -1.888820919588414915 ) ) ;
#6535 = CARTESIAN_POINT ( 'NONE',  ( -5.981961651574327909, -0.7500000000000000000, 0.8776975828624724585 ) ) ;
#6536 = CARTESIAN_POINT ( 'NONE',  ( 0.5853924772786238684, -1.249999999999999778, 9.530431722890668311 ) ) ;
#6537 = B_SPLINE_CURVE_WITH_KNOTS ( 'NONE', 3,
 ( #5453, #7428, #1462, #6737, #5326, #819, #3458, #6777, #21, #7262, #1337, #3987, #6615, #694 ),
 .UNSPECIFIED., .F., .F.,
 ( 4, 2, 2, 2, 2, 2, 4 ),
 ( 0.000000000000000000, 0.0001294665291705513551, 0.0002589330583411027101, 0.0005178661166822070465, 0.0007767991750233112745, 0.0009062657041938634427, 0.001035732233364415611 ),
 .UNSPECIFIED. ) ;
#6538 = LINE ( 'NONE', #1135, #588 ) ;
#6539 = CARTESIAN_POINT ( 'NONE',  ( 0.7270925849430416310, -1.249999999999999778, -9.563313570181756873 ) ) ;
#6540 = CARTESIAN_POINT ( 'NONE',  ( 1.651291066095390558, -1.224858571544300556, 9.935817806042161138 ) ) ;
#6541 = ORIENTED_EDGE ( 'NONE', *, *, #618, .F. ) ;
#6542 = CARTESIAN_POINT ( 'NONE',  ( -1.989602885820450862, -13.53542917991346073, -2.410713435953710349 ) ) ;
#6543 = CARTESIAN_POINT ( 'NONE',  ( 2.312816342378784640, -6.349999999999999645, 9.014118416172685500 ) ) ;
#6544 = AXIS2_PLACEMENT_3D ( 'NONE', #6285, #2775, #2215 ) ;
#6545 = ORIENTED_EDGE ( 'NONE', *, *, #1757, .T. ) ;
#6546 = CARTESIAN_POINT ( 'NONE',  ( -9.014752042418704647, -6.350000000000000533, 2.310803979197502578 ) ) ;
#6547 = EDGE_CURVE ( 'NONE', #6664, #913, #2768, .T. ) ;
#6548 = CARTESIAN_POINT ( 'NONE',  ( -9.271102943336709146, -6.349999999999999645, -0.4948548703877889698 ) ) ;
#6549 = CARTESIAN_POINT ( 'NONE',  ( 2.339595130594204431, -6.349999999999999645, 5.773836923778251418 ) ) ;
#6550 =( BOUNDED_CURVE ( )  B_SPLINE_CURVE ( 3, ( #5370, #7065, #2033, #3425 ),
 .UNSPECIFIED., .F., .T. ) 
 B_SPLINE_CURVE_WITH_KNOTS ( ( 4, 4 ),
 ( 2.075158527278812670, 2.356194490192345281 ),
 .UNSPECIFIED. ) 
 CURVE ( )  GEOMETRIC_REPRESENTATION_ITEM ( )  RATIONAL_B_SPLINE_CURVE ( ( 1.000000000000000000, 0.9934290550868132286, 0.9934290550868132286, 1.000000000000000000 ) ) 
 REPRESENTATION_ITEM ( '' )  );
#6551 = DIRECTION ( 'NONE',  ( -1.000000000000000000, 0.000000000000000000, 0.000000000000000000 ) ) ;
#6552 = CARTESIAN_POINT ( 'NONE',  ( -2.123812721310401663, -1.249999999999999778, 9.190067605545408469 ) ) ;
#6553 = CARTESIAN_POINT ( 'NONE',  ( -9.918988504625033897, -1.129815972907921573, 1.650697302570977465 ) ) ;
#6554 = ORIENTED_EDGE ( 'NONE', *, *, #8164, .F. ) ;
#6555 = VECTOR ( 'NONE', #4856, 1000.000000000000000 ) ;
#6556 = CARTESIAN_POINT ( 'NONE',  ( -2.495065244581135211, -1.249999999999999778, -5.770106042936606450 ) ) ;
#6557 = VERTEX_POINT ( 'NONE', #3434 ) ;
#6558 = CARTESIAN_POINT ( 'NONE',  ( -5.731021261513130405, -1.249999999999999778, -2.839519246782195250 ) ) ;
#6559 = CARTESIAN_POINT ( 'NONE',  ( 2.315066160981914312, -0.9888132917190025628, 8.956637671641612286 ) ) ;
#6560 = CARTESIAN_POINT ( 'NONE',  ( -5.420493800422518049, -6.349999999999999645, -3.827332685910937116 ) ) ;
#6561 = CARTESIAN_POINT ( 'NONE',  ( -1.998477050894529317, -0.7499999999999997780, -8.608664995635118444 ) ) ;
#6562 = VECTOR ( 'NONE', #526, 1000.000000000000000 ) ;
#6563 = DIRECTION ( 'NONE',  ( -0.000000000000000000, -1.000000000000000000, -0.000000000000000000 ) ) ;
#6564 = CARTESIAN_POINT ( 'NONE',  ( -5.981961651574336791, -0.7499999999999996669, -0.8776975828624109521 ) ) ;
#6565 = DIRECTION ( 'NONE',  ( 0.000000000000000000, 1.000000000000000000, 0.000000000000000000 ) ) ;
#6566 = ORIENTED_EDGE ( 'NONE', *, *, #746, .F. ) ;
#6567 = CYLINDRICAL_SURFACE ( 'NONE', #4756, 0.5349999999999999201 ) ;
#6568 = VERTEX_POINT ( 'NONE', #1391 ) ;
#6569 = CARTESIAN_POINT ( 'NONE',  ( 2.607098787731426448, -6.349999999999998757, 5.759183060185255165 ) ) ;
#6570 = AXIS2_PLACEMENT_3D ( 'NONE', #28, #6408, #7179 ) ;
#6571 =( BOUNDED_CURVE ( )  B_SPLINE_CURVE ( 3, ( #3550, #3466, #3590, #4929 ),
 .UNSPECIFIED., .F., .T. ) 
 B_SPLINE_CURVE_WITH_KNOTS ( ( 4, 4 ),
 ( 0.000000000000000000, 1.000000000000000000 ),
 .UNSPECIFIED. ) 
 CURVE ( )  GEOMETRIC_REPRESENTATION_ITEM ( )  RATIONAL_B_SPLINE_CURVE ( ( 1.000000000000000000, 0.8553052591902936541, 0.8553052591902936541, 1.000000000000000000 ) ) 
 REPRESENTATION_ITEM ( '' )  );
#6572 = B_SPLINE_CURVE_WITH_KNOTS ( 'NONE', 3,
 ( #4311, #1105, #4957, #429, #3005, #7586, #5055, #6300 ),
 .UNSPECIFIED., .F., .F.,
 ( 4, 2, 2, 4 ),
 ( -4.588219504796415093E-06, 0.0004273596259625194339, 0.0006433335486961774168, 0.0008593074714298352913 ),
 .UNSPECIFIED. ) ;
#6573 = ORIENTED_EDGE ( 'NONE', *, *, #7356, .T. ) ;
#6574 = CARTESIAN_POINT ( 'NONE',  ( 0.8776975828623901910, -0.7499999999999996669, -5.981961651574340344 ) ) ;
#6575 = CARTESIAN_POINT ( 'NONE',  ( 0.7270925849429945576, -1.249999999999999778, 9.563313570181891876 ) ) ;
#6576 = CARTESIAN_POINT ( 'NONE',  ( 2.260649001719219786, -0.7499999999999997780, -6.275177308441771018 ) ) ;
#6577 = CARTESIAN_POINT ( 'NONE',  ( 2.275387937340425548, -1.117911682262836326, 5.774854870387790662 ) ) ;
#6578 = AXIS2_PLACEMENT_3D ( 'NONE', #2018, #4664, #7294 ) ;
#6579 = DIRECTION ( 'NONE',  ( -1.000000000000000000, 0.000000000000000000, 9.497769312600652573E-16 ) ) ;
#6580 = CYLINDRICAL_SURFACE ( 'NONE', #6929, 0.5000000000000000000 ) ;
#6581 = CARTESIAN_POINT ( 'NONE',  ( -9.205690971483454277, -0.7499999999999997780, -1.609686061306082161 ) ) ;
#6582 = ORIENTED_EDGE ( 'NONE', *, *, #6744, .T. ) ;
#6583 = DIRECTION ( 'NONE',  ( -0.000000000000000000, -0.000000000000000000, 1.000000000000000000 ) ) ;
#6584 = EDGE_CURVE ( 'NONE', #7611, #6683, #1716, .T. ) ;
#6585 = CARTESIAN_POINT ( 'NONE',  ( 0.7270764054875241689, -6.349999999999999645, 9.563309819739389539 ) ) ;
#6586 = CARTESIAN_POINT ( 'NONE',  ( 2.100000000000000977, -12.84999999999999964, -8.741464024932662724 ) ) ;
#6587 = LINE ( 'NONE', #36, #2422 ) ;
#6588 = ORIENTED_EDGE ( 'NONE', *, *, #1169, .T. ) ;
#6589 = VERTEX_POINT ( 'NONE', #2126 ) ;
#6590 = DIRECTION ( 'NONE',  ( 0.000000000000000000, 0.000000000000000000, 1.000000000000000000 ) ) ;
#6591 = B_SPLINE_CURVE_WITH_KNOTS ( 'NONE', 3,
 ( #4722, #7520, #6745, #4846, #6706, #6663 ),
 .UNSPECIFIED., .F., .F.,
 ( 4, 2, 4 ),
 ( -1.936050722722043824E-05, 0.0003751530359722864876, 0.0007696665791717934371 ),
 .UNSPECIFIED. ) ;
#6592 = CARTESIAN_POINT ( 'NONE',  ( -5.940394692333743620, -0.8579973580746618200, -0.6603946923337102870 ) ) ;
#6593 = ADVANCED_FACE ( 'NONE', ( #199 ), #5425, .T. ) ;
#6594 = ORIENTED_EDGE ( 'NONE', *, *, #6420, .T. ) ;
#6595 = CARTESIAN_POINT ( 'NONE',  ( -9.563309819739272299, -6.349999999999999645, -0.7270764054876839300 ) ) ;
#6596 = CARTESIAN_POINT ( 'NONE',  ( 3.499999999999998668, -11.40025253169416608, -9.741464024932666277 ) ) ;
#6597 = CARTESIAN_POINT ( 'NONE',  ( -1.849310218122089733, -0.7954488551885441350, -9.502382524911753947 ) ) ;
#6598 = CARTESIAN_POINT ( 'NONE',  ( 9.271312360185302026, -1.249999999999999778, 2.106590435858935795 ) ) ;
#6599 = CARTESIAN_POINT ( 'NONE',  ( -9.935817806042154032, -1.224858571544305219, 1.651291066095511351 ) ) ;
#6600 = ORIENTED_EDGE ( 'NONE', *, *, #4041, .T. ) ;
#6601 = EDGE_LOOP ( 'NONE', ( #5530, #5202, #1039, #488 ) ) ;
#6602 = CARTESIAN_POINT ( 'NONE',  ( -5.664556239747059685, -0.7500000000001136868, -3.176966234832603764 ) ) ;
#6603 = CARTESIAN_POINT ( 'NONE',  ( -9.266000294902948298, -1.249999999999999778, 2.106866638529297564 ) ) ;
#6604 = LINE ( 'NONE', #767, #6147 ) ;
#6605 = CARTESIAN_POINT ( 'NONE',  ( -5.008549905334530372, -0.7499999999999998890, 5.195734694948662025 ) ) ;
#6606 = CARTESIAN_POINT ( 'NONE',  ( -9.229034011522626813, -6.350000000000001421, -2.113604530851473928 ) ) ;
#6607 = CARTESIAN_POINT ( 'NONE',  ( -0.4948548703877284627, -0.9571067811865472397, 6.074854870387794925 ) ) ;
#6608 = CARTESIAN_POINT ( 'NONE',  ( -9.563317320624237894, -1.115165646236150776, -0.7271087643984655013 ) ) ;
#6609 = ORIENTED_EDGE ( 'NONE', *, *, #6420, .F. ) ;
#6610 = CYLINDRICAL_SURFACE ( 'NONE', #1947, 2.100000000000000089 ) ;
#6611 = ADVANCED_FACE ( 'NONE', ( #2086 ), #2632, .T. ) ;
#6612 = CARTESIAN_POINT ( 'NONE',  ( 1.648499996500027986, -1.012903213348993914, -9.865217305540001647 ) ) ;
#6613 = CARTESIAN_POINT ( 'NONE',  ( 2.611157911710273449, -6.349999999999998757, 5.758799389451016992 ) ) ;
#6614 = CARTESIAN_POINT ( 'NONE',  ( -4.749987219571051966, -1.249999999999999778, 4.749987219571150554 ) ) ;
#6615 = CARTESIAN_POINT ( 'NONE',  ( -1.607376972291070016, -0.7500000000000001110, 9.243195242910308806 ) ) ;
#6616 = EDGE_LOOP ( 'NONE', ( #8420, #3584, #5852, #4283 ) ) ;
#6617 = B_SPLINE_CURVE_WITH_KNOTS ( 'NONE', 3,
 ( #6620, #5980, #8394, #112, #7345, #699 ),
 .UNSPECIFIED., .F., .F.,
 ( 4, 2, 4 ),
 ( -1.962951082081033495E-05, 0.0003748910068234122500, 0.0007694115244676346960 ),
 .UNSPECIFIED. ) ;
#6618 = CARTESIAN_POINT ( 'NONE',  ( -0.7100921513875816382, -0.8339739459306658720, 9.203283201169512040 ) ) ;
#6619 = FACE_OUTER_BOUND ( 'NONE', #1987, .T. ) ;
#6620 = CARTESIAN_POINT ( 'NONE',  ( -9.286119137480383756, -0.7499999999999997780, -1.605145129612210342 ) ) ;
#6621 = CARTESIAN_POINT ( 'NONE',  ( 5.743539754459533242, -0.7499999999999997780, 4.284837061476046038 ) ) ;
#6622 = ORIENTED_EDGE ( 'NONE', *, *, #4514, .T. ) ;
#6623 = EDGE_CURVE ( 'NONE', #712, #6477, #4380, .T. ) ;
#6624 = CARTESIAN_POINT ( 'NONE',  ( -2.045745706930501395, -1.012903214276672959, -9.636682573286204700 ) ) ;
#6625 = CARTESIAN_POINT ( 'NONE',  ( -8.525970940583448510, -0.7499999999999997780, -2.198316576944332468 ) ) ;
#6626 = VERTEX_POINT ( 'NONE', #1632 ) ;
#6627 = CARTESIAN_POINT ( 'NONE',  ( -2.133400565464554699, -6.349999999999998757, -9.171654716384130879 ) ) ;
#6628 = CARTESIAN_POINT ( 'NONE',  ( 4.504428605851909850, -6.350000000000001421, -4.973354255620729525 ) ) ;
#6629 = CARTESIAN_POINT ( 'NONE',  ( -9.271084787564094043, -1.249999999999999778, 0.4948548703878881683 ) ) ;
#6630 = EDGE_LOOP ( 'NONE', ( #5406, #7159, #4423, #4618 ) ) ;
#6631 = CARTESIAN_POINT ( 'NONE',  ( 1.734723475976804925E-15, -4.349999999999999645, -12.69999999999999929 ) ) ;
#6632 = CARTESIAN_POINT ( 'NONE',  ( -3.499999999999999556, -11.40025253169416963, -9.741464024932666277 ) ) ;
#6633 = EDGE_LOOP ( 'NONE', ( #4253, #1292, #3399, #8212 ) ) ;
#6634 = CARTESIAN_POINT ( 'NONE',  ( 0.9948548703877574395, -0.7499999999999997780, -9.115647332695260729 ) ) ;
#6635 = DIRECTION ( 'NONE',  ( 0.000000000000000000, 0.000000000000000000, 1.000000000000000000 ) ) ;
#6636 = CARTESIAN_POINT ( 'NONE',  ( 9.203283201169661254, -0.8339739459306593217, -0.7100921513877195279 ) ) ;
#6637 = DIRECTION ( 'NONE',  ( 0.000000000000000000, 1.000000000000000000, 0.000000000000000000 ) ) ;
#6638 = CARTESIAN_POINT ( 'NONE',  ( -5.774854870387766681, -1.249999999999999778, 2.275387937340485500 ) ) ;
#6639 = VECTOR ( 'NONE', #5139, 1000.000000000000000 ) ;
#6640 = CARTESIAN_POINT ( 'NONE',  ( -9.925151415895435036, -1.152677805080580153, 1.650918591661278079 ) ) ;
#6641 = ORIENTED_EDGE ( 'NONE', *, *, #6407, .T. ) ;
#6642 = EDGE_CURVE ( 'NONE', #6684, #508, #994, .T. ) ;
#6643 = ORIENTED_EDGE ( 'NONE', *, *, #8046, .T. ) ;
#6644 = CARTESIAN_POINT ( 'NONE',  ( 4.279101220166660724, -0.7499999999999998890, 5.746626600267696894 ) ) ;
#6645 = CARTESIAN_POINT ( 'NONE',  ( -9.057873628492624007, -6.349999999999999645, -2.226551138341132052 ) ) ;
#6646 = FACE_BOUND ( 'NONE', #3361, .T. ) ;
#6647 = DIRECTION ( 'NONE',  ( 0.000000000000000000, 0.000000000000000000, 1.000000000000000000 ) ) ;
#6648 = ORIENTED_EDGE ( 'NONE', *, *, #3198, .F. ) ;
#6649 = CONICAL_SURFACE ( 'NONE', #7603, 1.600000000000004086, 0.7853981633974479459 ) ;
#6650 = CARTESIAN_POINT ( 'NONE',  ( 1.720014196550089247, -0.7499999999999998890, 8.877074632493719974 ) ) ;
#6651 = ORIENTED_EDGE ( 'NONE', *, *, #7580, .T. ) ;
#6652 = CARTESIAN_POINT ( 'NONE',  ( 2.132113735672762189, -0.7499999999999809042, -9.170768668875254548 ) ) ;
#6653 = CARTESIAN_POINT ( 'NONE',  ( 5.774854870387789774, -6.349999999999999645, 0.7948091789347090375 ) ) ;
#6654 = CARTESIAN_POINT ( 'NONE',  ( 9.025180162734493194, -1.249999999999999778, 2.277684824991589529 ) ) ;
#6655 = EDGE_LOOP ( 'NONE', ( #71, #7658, #7386, #5910 ) ) ;
#6656 = CARTESIAN_POINT ( 'NONE',  ( 5.731101953973130492, -1.249999999999999778, -2.839101664921672263 ) ) ;
#6657 = AXIS2_PLACEMENT_3D ( 'NONE', #1176, #4510, #7184 ) ;
#6658 = EDGE_CURVE ( 'NONE', #1849, #240, #1472, .T. ) ;
#6659 = CARTESIAN_POINT ( 'NONE',  ( -9.271066497049023525, -1.175576128890378325, -0.4948548703877888588 ) ) ;
#6660 = CARTESIAN_POINT ( 'NONE',  ( 2.329991424587277482, -6.349999999999999645, 9.008710553930960430 ) ) ;
#6661 = CARTESIAN_POINT ( 'NONE',  ( 5.868525306271784814, -0.7499999999999997780, 4.052276192138255517 ) ) ;
#6662 = CARTESIAN_POINT ( 'NONE',  ( -1.930422840993656353, -0.8691362225820243870, -9.557485742446758081 ) ) ;
#6663 = CARTESIAN_POINT ( 'NONE',  ( 9.008710553930306730, -1.249999999999999778, 2.329991424587344095 ) ) ;
#6664 = VERTEX_POINT ( 'NONE', #3644 ) ;
#6665 = CIRCLE ( 'NONE', #996, 8.805145129612210297 ) ;
#6666 = CARTESIAN_POINT ( 'NONE',  ( -1.605145129612207233, -0.7499999999999997780, -9.344284074950621743 ) ) ;
#6667 = ADVANCED_FACE ( 'NONE', ( #6878 ), #5634, .T. ) ;
#6668 = CARTESIAN_POINT ( 'NONE',  ( 2.416264417865540359, -6.350000000000000533, -5.772462205399795820 ) ) ;
#6669 = DIRECTION ( 'NONE',  ( 0.000000000000000000, 0.000000000000000000, -1.000000000000000000 ) ) ;
#6670 = CARTESIAN_POINT ( 'NONE',  ( 9.032434134536130088, -1.249999999999999778, -2.266621160523427658 ) ) ;
#6671 = CARTESIAN_POINT ( 'NONE',  ( -9.563313570181884771, -1.249999999999999778, 0.7270925849430948107 ) ) ;
#6672 = DIRECTION ( 'NONE',  ( -0.7071067811865470176, -0.7071067811865479058, 0.000000000000000000 ) ) ;
#6673 = ORIENTED_EDGE ( 'NONE', *, *, #1194, .T. ) ;
#6674 = CARTESIAN_POINT ( 'NONE',  ( -9.171654716384107786, -6.350000000000000533, 2.133400565464655951 ) ) ;
#6675 = EDGE_CURVE ( 'NONE', #2038, #7136, #1996, .T. ) ;
#6676 = DIRECTION ( 'NONE',  ( -1.000000000000000000, 0.000000000000000000, -8.486905459769115320E-17 ) ) ;
#6677 = EDGE_CURVE ( 'NONE', #645, #2791, #912, .T. ) ;
#6678 = FACE_OUTER_BOUND ( 'NONE', #4369, .T. ) ;
#6679 = EDGE_CURVE ( 'NONE', #2038, #3312, #8477, .T. ) ;
#6680 = CARTESIAN_POINT ( 'NONE',  ( 9.265538987049106723, -1.101661676798981970, 0.5122168160552595939 ) ) ;
#6681 = CARTESIAN_POINT ( 'NONE',  ( 9.032593606582366874, -0.7499999999999997780, 2.266305911966670639 ) ) ;
#6682 = CARTESIAN_POINT ( 'NONE',  ( -10.00151536018419485, -0.8599649199366821151, 1.990103196638496774 ) ) ;
#6683 = VERTEX_POINT ( 'NONE', #2932 ) ;
#6684 = VERTEX_POINT ( 'NONE', #4331 ) ;
#6685 = AXIS2_PLACEMENT_3D ( 'NONE', #1901, #2559, #4554 ) ;
#6686 = DIRECTION ( 'NONE',  ( 0.000000000000000000, -1.000000000000000000, 0.000000000000000000 ) ) ;
#6687 = ADVANCED_FACE ( 'NONE', ( #5722 ), #8170, .T. ) ;
#6688 = CARTESIAN_POINT ( 'NONE',  ( 12.69999999999999929, -0.7499999999999997780, -1.734723475976804925E-15 ) ) ;
#6689 = FACE_BOUND ( 'NONE', #3203, .T. ) ;
#6690 = VECTOR ( 'NONE', #7023, 1000.000000000000000 ) ;
#6691 = VERTEX_POINT ( 'NONE', #4420 ) ;
#6692 = CARTESIAN_POINT ( 'NONE',  ( 2.110671036889858687, -0.7500000000000000000, 8.554287927967822114 ) ) ;
#6693 = CARTESIAN_POINT ( 'NONE',  ( 4.484331724749822001, -6.350000000000001421, 4.989759956450440015 ) ) ;
#6694 = AXIS2_PLACEMENT_3D ( 'NONE', #8240, #2321, #4965 ) ;
#6695 = CARTESIAN_POINT ( 'NONE',  ( 1.650694452287067682, -1.106164725127299686, -9.916618705063640959 ) ) ;
#6696 = ORIENTED_EDGE ( 'NONE', *, *, #7300, .T. ) ;
#6697 = CARTESIAN_POINT ( 'NONE',  ( 6.148784164460538548, -0.7499999999999997780, -3.305786864754220566 ) ) ;
#6698 = DIRECTION ( 'NONE',  ( -0.000000000000000000, -1.000000000000000000, -0.000000000000000000 ) ) ;
#6699 = CARTESIAN_POINT ( 'NONE',  ( 2.724202520078831125, -0.7500000000000570655, -5.747822304430718177 ) ) ;
#6700 = CARTESIAN_POINT ( 'NONE',  ( -9.448902058460523537E-16, -1.249999999999999778, -0.9948548703877977406 ) ) ;
#6701 = LINE ( 'NONE', #785, #2147 ) ;
#6702 = VECTOR ( 'NONE', #4199, 1000.000000000000000 ) ;
#6703 = VERTEX_POINT ( 'NONE', #6962 ) ;
#6704 = CARTESIAN_POINT ( 'NONE',  ( -2.078455268397018330, -1.087308500963315216, -9.659515348575718363 ) ) ;
#6705 = B_SPLINE_CURVE_WITH_KNOTS ( 'NONE', 3,
 ( #7366, #6200, #8100, #2181, #3403, #3443 ),
 .UNSPECIFIED., .F., .F.,
 ( 4, 2, 4 ),
 ( -4.586548352871115050E-06, 0.0003999856567045178050, 0.0008045578617619070748 ),
 .UNSPECIFIED. ) ;
#6706 = CARTESIAN_POINT ( 'NONE',  ( 9.008710553930308507, -1.117942496580105471, 2.329991424587344540 ) ) ;
#6707 = VERTEX_POINT ( 'NONE', #1043 ) ;
#6708 = AXIS2_PLACEMENT_3D ( 'NONE', #1709, #7167, #1241 ) ;
#6709 = CARTESIAN_POINT ( 'NONE',  ( 2.105145129612210120, -1.249999999999999778, 9.678314036664062314 ) ) ;
#6710 = CARTESIAN_POINT ( 'NONE',  ( -3.402100798162491557, -6.350000000000001421, -5.596597400266150935 ) ) ;
#6711 = CARTESIAN_POINT ( 'NONE',  ( 8.539023618828387896, -0.7499999999999997780, -2.156861966636304029 ) ) ;
#6712 = ORIENTED_EDGE ( 'NONE', *, *, #6051, .T. ) ;
#6713 = AXIS2_PLACEMENT_3D ( 'NONE', #7898, #5318, #7255 ) ;
#6714 = EDGE_CURVE ( 'NONE', #764, #5588, #4900, .T. ) ;
#6715 = CARTESIAN_POINT ( 'NONE',  ( 9.935855655966864930, -6.349999999999999645, -1.651354423408178507 ) ) ;
#6716 = ORIENTED_EDGE ( 'NONE', *, *, #792, .F. ) ;
#6717 = CARTESIAN_POINT ( 'NONE',  ( 1.651291189939976256, -1.177717385068819178, 9.935817880025515692 ) ) ;
#6718 = CARTESIAN_POINT ( 'NONE',  ( 0.9948548703877574395, -0.7499999999999997780, -9.115647332695260729 ) ) ;
#6719 = LINE ( 'NONE', #127, #8438 ) ;
#6720 = DIRECTION ( 'NONE',  ( -0.000000000000000000, -1.000000000000000000, -0.000000000000000000 ) ) ;
#6721 = CARTESIAN_POINT ( 'NONE',  ( 9.002888471517005442, -0.7499999999999997780, 2.348482047969602693 ) ) ;
#6722 = DIRECTION ( 'NONE',  ( 1.142422094778946730E-14, -0.000000000000000000, 1.000000000000000000 ) ) ;
#6723 = ORIENTED_EDGE ( 'NONE', *, *, #1158, .T. ) ;
#6724 = EDGE_CURVE ( 'NONE', #4697, #2986, #407, .T. ) ;
#6725 = VERTEX_POINT ( 'NONE', #3736 ) ;
#6726 = DIRECTION ( 'NONE',  ( 0.000000000000000000, -1.000000000000000000, 0.000000000000000000 ) ) ;
#6727 = CARTESIAN_POINT ( 'NONE',  ( -9.668310163885108111, -1.129815973758814263, -2.090991618919018968 ) ) ;
#6728 = CARTESIAN_POINT ( 'NONE',  ( 5.769407445484635133, -1.250000000000000000, 2.505816893125869527 ) ) ;
#6729 = CARTESIAN_POINT ( 'NONE',  ( -0.9948548703877259092, -0.7499999999999997780, 6.274854870387799544 ) ) ;
#6730 = CARTESIAN_POINT ( 'NONE',  ( 0.7359155481713762770, -1.101661675395366302, 9.547528442630239809 ) ) ;
#6731 = B_SPLINE_CURVE_WITH_KNOTS ( 'NONE', 3,
 ( #6575, #3899, #661, #616, #5367, #5936 ),
 .UNSPECIFIED., .F., .F.,
 ( 4, 2, 4 ),
 ( 0.000000000000000000, 0.0004001435597879472185, 0.0008002871195758944371 ),
 .UNSPECIFIED. ) ;
#6732 = VERTEX_POINT ( 'NONE', #3557 ) ;
#6733 = DIRECTION ( 'NONE',  ( 6.062442211716587711E-15, 0.000000000000000000, 1.000000000000000000 ) ) ;
#6734 = ORIENTED_EDGE ( 'NONE', *, *, #3499, .F. ) ;
#6735 = CARTESIAN_POINT ( 'NONE',  ( 9.252941151366600891, -0.9839697349223607281, 0.5516273755249017086 ) ) ;
#6736 = CARTESIAN_POINT ( 'NONE',  ( -1.825891731655359340, -0.7499999999999998890, -8.740564108599841120 ) ) ;
#6737 = CARTESIAN_POINT ( 'NONE',  ( -2.032137613996011449, -0.7499999999999998890, 8.589867508417869502 ) ) ;
#6738 = ORIENTED_EDGE ( 'NONE', *, *, #8370, .T. ) ;
#6739 = CARTESIAN_POINT ( 'NONE',  ( -0.4948548703876891608, -1.249999999999999778, 9.509478963620134451 ) ) ;
#6740 = CARTESIAN_POINT ( 'NONE',  ( -2.105145129612103982, -1.249999999999999778, 9.678273776525921690 ) ) ;
#6741 = CARTESIAN_POINT ( 'NONE',  ( -5.775218723744967697, -0.7499999999999997780, 2.252437811466629469 ) ) ;
#6742 = CARTESIAN_POINT ( 'NONE',  ( 5.664556239747059685, -0.7500000000001136868, 3.176966234832603764 ) ) ;
#6743 = CARTESIAN_POINT ( 'NONE',  ( 2.105145129612171484, -0.7499999999999997780, -9.678354296802057277 ) ) ;
#6744 = EDGE_CURVE ( 'NONE', #5617, #2061, #655, .T. ) ;
#6745 = CARTESIAN_POINT ( 'NONE',  ( 8.779380792811943834, -0.8043540949608314339, 2.264314106057226272 ) ) ;
#6746 = VERTEX_POINT ( 'NONE', #3125 ) ;
#6747 = B_SPLINE_CURVE_WITH_KNOTS ( 'NONE', 3,
 ( #8272, #3788, #3709, #330, #2949, #8359 ),
 .UNSPECIFIED., .F., .F.,
 ( 4, 2, 4 ),
 ( -1.962951082081033495E-05, 0.0003748910068234122500, 0.0007694115244676346960 ),
 .UNSPECIFIED. ) ;
#6748 = CARTESIAN_POINT ( 'NONE',  ( -4.527203422770895713, -6.349999999999999645, 4.954345035677330422 ) ) ;
#6749 = CARTESIAN_POINT ( 'NONE',  ( -4.026130418058107452, -6.349999999999998757, -5.307768385487620755 ) ) ;
#6750 = CARTESIAN_POINT ( 'NONE',  ( 9.039649581226411712, -0.7499999999999997780, -2.253406095693332389 ) ) ;
#6751 = CARTESIAN_POINT ( 'NONE',  ( -9.271084787564094043, -1.249999999999999778, 0.4948548703878881683 ) ) ;
#6752 = CARTESIAN_POINT ( 'NONE',  ( 1.866569705650913846, -0.8042818445697550445, 9.292910980517079977 ) ) ;
#6753 = ORIENTED_EDGE ( 'NONE', *, *, #8426, .F. ) ;
#6754 = LINE ( 'NONE', #7050, #7053 ) ;
#6755 = CARTESIAN_POINT ( 'NONE',  ( 2.329991424587312565, -1.249999999999999778, -9.008710553930315612 ) ) ;
#6756 = CARTESIAN_POINT ( 'NONE',  ( 9.115647332695415272, -0.7499999999999996669, -0.9948548703878227206 ) ) ;
#6757 = DIRECTION ( 'NONE',  ( 1.000000000000000000, -0.000000000000000000, -3.491481338843133355E-15 ) ) ;
#6758 = ADVANCED_FACE ( 'NONE', ( #5153 ), #5324, .T. ) ;
#6759 = CARTESIAN_POINT ( 'NONE',  ( 2.100000000000000977, -12.84999999999999964, -17.67766952966369587 ) ) ;
#6760 = LINE ( 'NONE', #2820, #2558 ) ;
#6761 = VERTEX_POINT ( 'NONE', #1214 ) ;
#6762 = CARTESIAN_POINT ( 'NONE',  ( -12.69999999999999929, -4.349999999999999645, -1.734723475976804925E-15 ) ) ;
#6763 = CARTESIAN_POINT ( 'NONE',  ( -10.19083461549687186, -1.109988275975639871, -2.096138142704428553 ) ) ;
#6764 = DIRECTION ( 'NONE',  ( 0.000000000000000000, 1.000000000000000000, 0.000000000000000000 ) ) ;
#6765 = CARTESIAN_POINT ( 'NONE',  ( -5.771359271333119878, -6.349999999999999645, -2.481203500579824528 ) ) ;
#6766 = CIRCLE ( 'NONE', #6221, 3.000000000000000888 ) ;
#6767 = EDGE_CURVE ( 'NONE', #7246, #5240, #7521, .T. ) ;
#6768 = CARTESIAN_POINT ( 'NONE',  ( 0.7665838582572097604, -0.9743063038739198101, 9.493503963496406683 ) ) ;
#6769 = ORIENTED_EDGE ( 'NONE', *, *, #949, .T. ) ;
#6770 =( BOUNDED_SURFACE ( )  B_SPLINE_SURFACE ( 3, 1, ( 
 ( #8228, #7628 ),
 ( #2403, #4956 ),
 ( #1831, #6989 ),
 ( #4439, #6896 ) ),
 .UNSPECIFIED., .F., .F., .T. ) 
 B_SPLINE_SURFACE_WITH_KNOTS ( ( 4, 4 ),
 ( 2, 2 ),
 ( 0.000000000000000000, 1.000000000000000000 ),
 ( 0.000000000000000000, 1.000000000000000000 ),
 .UNSPECIFIED. ) 
 GEOMETRIC_REPRESENTATION_ITEM ( )  RATIONAL_B_SPLINE_SURFACE ( (
 ( 1.000000000000000000, 1.000000000000000000),
 ( 0.8553052591889788170, 0.8553052591889788170),
 ( 0.8553052591889788170, 0.8553052591889788170),
 ( 1.000000000000000000, 1.000000000000000000) ) ) 
 REPRESENTATION_ITEM ( '' )  SURFACE ( )  );
#6771 = FACE_OUTER_BOUND ( 'NONE', #2054, .T. ) ;
#6772 = EDGE_LOOP ( 'NONE', ( #7560, #258, #8157, #4096 ) ) ;
#6773 = CARTESIAN_POINT ( 'NONE',  ( 1.607079079512788722, -0.7499999999999997780, -9.248924463132933482 ) ) ;
#6774 = VECTOR ( 'NONE', #7364, 1000.000000000000000 ) ;
#6775 = CARTESIAN_POINT ( 'NONE',  ( 6.074809178934709841, -0.7499999999999997780, 0.4948548703877919674 ) ) ;
#6776 = CARTESIAN_POINT ( 'NONE',  ( 5.718747099129973144, -6.349999999999999645, 2.902291169666550097 ) ) ;
#6777 = CARTESIAN_POINT ( 'NONE',  ( -1.719408913105203718, -0.7499999999999998890, 8.878058905389289990 ) ) ;
#6778 = ORIENTED_EDGE ( 'NONE', *, *, #2944, .T. ) ;
#6779 = CARTESIAN_POINT ( 'NONE',  ( -0.5122168160551640037, -1.101661676798978640, 9.265538987049138697 ) ) ;
#6780 = FACE_OUTER_BOUND ( 'NONE', #7505, .T. ) ;
#6781 = EDGE_CURVE ( 'NONE', #4923, #329, #7391, .T. ) ;
#6782 = EDGE_CURVE ( 'NONE', #4113, #6832, #536, .T. ) ;
#6783 = CARTESIAN_POINT ( 'NONE',  ( -2.103262903735223066, -1.200396464468285407, 9.676946223252359758 ) ) ;
#6784 = DIRECTION ( 'NONE',  ( 1.000000000000000000, 0.000000000000000000, 0.000000000000000000 ) ) ;
#6785 = CARTESIAN_POINT ( 'NONE',  ( 5.419322550868579391, -1.249999999999999778, 3.830164469199392130 ) ) ;
#6786 = PRODUCT_DEFINITION ( 'UNKNOWN', '', #1875, #3093 ) ;
#6787 = CARTESIAN_POINT ( 'NONE',  ( 0.000000000000000000, -9.350000000000001421, -13.43502884254440843 ) ) ;
#6788 = CARTESIAN_POINT ( 'NONE',  ( 9.286119137429892589, -0.7499999999999997780, -1.605145129612242538 ) ) ;
#6789 = VERTEX_POINT ( 'NONE', #3949 ) ;
#6790 = FACE_OUTER_BOUND ( 'NONE', #3083, .T. ) ;
#6791 = VECTOR ( 'NONE', #2043, 1000.000000000000000 ) ;
#6792 = CARTESIAN_POINT ( 'NONE',  ( -4.504428605851913403, -6.350000000000000533, 4.973354255620725084 ) ) ;
#6793 = EDGE_CURVE ( 'NONE', #1067, #3024, #3847, .T. ) ;
#6794 = CARTESIAN_POINT ( 'NONE',  ( 9.119388930576127095, -0.7499999999999997780, -1.624156152966989897 ) ) ;
#6795 = AXIS2_PLACEMENT_3D ( 'NONE', #3817, #2429, #1086 ) ;
#6796 = VERTEX_POINT ( 'NONE', #8385 ) ;
#6797 =( BOUNDED_CURVE ( )  B_SPLINE_CURVE ( 3, ( #4394, #5605, #2306, #4349 ),
 .UNSPECIFIED., .F., .T. ) 
 B_SPLINE_CURVE_WITH_KNOTS ( ( 4, 4 ),
 ( 0.000000000000000000, 1.570796326794896558 ),
 .UNSPECIFIED. ) 
 CURVE ( )  GEOMETRIC_REPRESENTATION_ITEM ( )  RATIONAL_B_SPLINE_CURVE ( ( 1.000000000000000000, 0.8047378541243649375, 0.8047378541243649375, 1.000000000000000000 ) ) 
 REPRESENTATION_ITEM ( '' )  );
#6798 = CARTESIAN_POINT ( 'NONE',  ( -4.666952640636861105, -1.249999999999999778, -4.830671322132786827 ) ) ;
#6799 = CARTESIAN_POINT ( 'NONE',  ( 9.141921724149289830, -6.350000000000001421, 2.147236052271320972 ) ) ;
#6800 = ORIENTED_EDGE ( 'NONE', *, *, #3658, .F. ) ;
#6801 = CARTESIAN_POINT ( 'NONE',  ( -3.561332808568809405, -0.7499999999999997780, 6.071746564236479848 ) ) ;
#6802 = CARTESIAN_POINT ( 'NONE',  ( 4.027670858600284731, -1.249999999999999556, 5.313232176770981141 ) ) ;
#6803 = CARTESIAN_POINT ( 'NONE',  ( 9.151065285163232588, -0.7500000231977227427, -0.9482765591836422869 ) ) ;
#6804 = CARTESIAN_POINT ( 'NONE',  ( 9.115447456203620291, -0.7499999999999997780, -1.625104085503191076 ) ) ;
#6805 = CARTESIAN_POINT ( 'NONE',  ( 9.170768666172490313, -1.249999999999999778, 2.132113727922281488 ) ) ;
#6806 = CARTESIAN_POINT ( 'NONE',  ( 5.774854870387787109, -0.7499999999999997780, -0.7948091789347282443 ) ) ;
#6807 = CARTESIAN_POINT ( 'NONE',  ( 0.000000000000000000, -0.7499999999999997780, 0.000000000000000000 ) ) ;
#6808 = CARTESIAN_POINT ( 'NONE',  ( -9.831777950102324581, -0.9649331697241694261, -1.646936468090198114 ) ) ;
#6809 = CARTESIAN_POINT ( 'NONE',  ( -4.749987219571099040, -1.117918423547530793, -4.749987219571101704 ) ) ;
#6810 = CARTESIAN_POINT ( 'NONE',  ( 0.9948548703877699850, -0.7499999999999997780, -6.274854870387793326 ) ) ;
#6811 = DIRECTION ( 'NONE',  ( -0.000000000000000000, -1.000000000000000000, -0.000000000000000000 ) ) ;
#6812 = ORIENTED_EDGE ( 'NONE', *, *, #1249, .T. ) ;
#6813 = VECTOR ( 'NONE', #2834, 1000.000000000000000 ) ;
#6814 = CARTESIAN_POINT ( 'NONE',  ( 9.666678159476967735, -1.105332846601597252, -2.088758298798050639 ) ) ;
#6815 = ORIENTED_EDGE ( 'NONE', *, *, #968, .F. ) ;
#6816 = DIRECTION ( 'NONE',  ( 0.000000000000000000, 1.000000000000000000, 0.000000000000000000 ) ) ;
#6817 = EDGE_CURVE ( 'NONE', #6001, #3120, #3297, .T. ) ;
#6818 = CARTESIAN_POINT ( 'NONE',  ( -9.299109199783812230, -6.349999999999999645, 2.105145129612306487 ) ) ;
#6819 = CARTESIAN_POINT ( 'NONE',  ( -6.074832024661248830, -1.249999999999999778, -0.4948548703877919674 ) ) ;
#6820 = EDGE_LOOP ( 'NONE', ( #7361, #4434, #5713, #5304 ) ) ;
#6821 = CIRCLE ( 'NONE', #7921, 9.305145129612210297 ) ;
#6822 = DIRECTION ( 'NONE',  ( 0.000000000000000000, 1.000000000000000000, 0.000000000000000000 ) ) ;
#6823 = CARTESIAN_POINT ( 'NONE',  ( 6.209393325097495087, -0.7499999999999996669, 0.9686702522716346131 ) ) ;
#6824 = CARTESIAN_POINT ( 'NONE',  ( -2.078455268396917077, -1.087308500963328317, 9.659515348575565596 ) ) ;
#6825 =( BOUNDED_SURFACE ( )  B_SPLINE_SURFACE ( 3, 1, ( 
 ( #5632, #5721 ),
 ( #4418, #4459 ),
 ( #7052, #7093 ),
 ( #1123, #6447 ) ),
 .UNSPECIFIED., .F., .F., .T. ) 
 B_SPLINE_SURFACE_WITH_KNOTS ( ( 4, 4 ),
 ( 2, 2 ),
 ( 0.000000000000000000, 1.000000000000000000 ),
 ( 0.000000000000000000, 1.000000000000000000 ),
 .UNSPECIFIED. ) 
 GEOMETRIC_REPRESENTATION_ITEM ( )  RATIONAL_B_SPLINE_SURFACE ( (
 ( 1.000000000000000000, 1.000000000000000000),
 ( 0.8553052591888762324, 0.8553052591888762324),
 ( 0.8553052591888762324, 0.8553052591888762324),
 ( 1.000000000000000000, 1.000000000000000000) ) ) 
 REPRESENTATION_ITEM ( '' )  SURFACE ( )  );
#6826 = FACE_OUTER_BOUND ( 'NONE', #287, .T. ) ;
#6827 = DIRECTION ( 'NONE',  ( -1.000000000000000000, 0.000000000000000000, -8.486905459769115320E-17 ) ) ;
#6828 = EDGE_LOOP ( 'NONE', ( #2741, #678, #65, #2856 ) ) ;
#6829 = DIRECTION ( 'NONE',  ( -1.734723475976807094E-15, 0.000000000000000000, 1.000000000000000000 ) ) ;
#6830 = CARTESIAN_POINT ( 'NONE',  ( -0.4949083761043407970, -1.249999999999999778, -5.899142436556307878 ) ) ;
#6831 = VECTOR ( 'NONE', #1765, 999.9999999999998863 ) ;
#6832 = VERTEX_POINT ( 'NONE', #7784 ) ;
#6833 = DIRECTION ( 'NONE',  ( -1.000000000000000000, 0.000000000000000000, -8.486905459769115320E-17 ) ) ;
#6834 = CARTESIAN_POINT ( 'NONE',  ( 9.244344518579985959, -6.349999999999999645, 2.107992638069543734 ) ) ;
#6835 = CARTESIAN_POINT ( 'NONE',  ( -4.028208367743871143, -6.349999999999999645, 5.313043681586806954 ) ) ;
#6836 = AXIS2_PLACEMENT_3D ( 'NONE', #2688, #3472, #6151 ) ;
#6837 = CARTESIAN_POINT ( 'NONE',  ( 9.066909148835975429, -0.7499999999999997780, -2.212549695579363096 ) ) ;
#6838 = B_SPLINE_CURVE_WITH_KNOTS ( 'NONE', 3,
 ( #1192, #4614, #7926, #598, #5171, #6597, #2006, #3923 ),
 .UNSPECIFIED., .F., .F.,
 ( 4, 2, 2, 4 ),
 ( 0.000000000000000000, 0.0002170027322560639106, 0.0004340054645121278211, 0.0008680109290242533655 ),
 .UNSPECIFIED. ) ;
#6839 = ORIENTED_EDGE ( 'NONE', *, *, #4212, .T. ) ;
#6840 = EDGE_CURVE ( 'NONE', #2221, #2099, #7868, .T. ) ;
#6841 = VECTOR ( 'NONE', #5522, 1000.000000000000000 ) ;
#6842 = FACE_OUTER_BOUND ( 'NONE', #4563, .T. ) ;
#6843 = CARTESIAN_POINT ( 'NONE',  ( 9.052221767390605578, -6.349999999999999645, 2.234504744370428231 ) ) ;
#6844 = CYLINDRICAL_SURFACE ( 'NONE', #2128, 3.219854870387946821 ) ;
#6845 = CARTESIAN_POINT ( 'NONE',  ( -6.268292254110835238, -0.7499999999999997780, 2.542373669941801140 ) ) ;
#6846 = CARTESIAN_POINT ( 'NONE',  ( -9.008710553930308507, -1.117942496580110578, -2.329991424587344095 ) ) ;
#6847 = VECTOR ( 'NONE', #4637, 1000.000000000000000 ) ;
#6848 = CARTESIAN_POINT ( 'NONE',  ( -2.118344590434027452, -6.349999999999999645, 9.210195143065639911 ) ) ;
#6849 = EDGE_LOOP ( 'NONE', ( #7940, #5286, #6318, #2914, #1576, #2313, #6393 ) ) ;
#6850 = EDGE_CURVE ( 'NONE', #5975, #7841, #4687, .T. ) ;
#6851 = FACE_OUTER_BOUND ( 'NONE', #4415, .T. ) ;
#6852 = B_SPLINE_CURVE_WITH_KNOTS ( 'NONE', 3,
 ( #2522, #7964, #7234, #3310, #5213, #6542, #3870, #1906, #3350, #5166 ),
 .UNSPECIFIED., .F., .F.,
 ( 4, 2, 2, 2, 4 ),
 ( 0.000000000000000000, 0.0004214957432596742144, 0.0008429914865193484288, 0.001264487229779022535, 0.001685982973038696858 ),
 .UNSPECIFIED. ) ;
#6853 = CIRCLE ( 'NONE', #3138, 3.219854870387792722 ) ;
#6854 = LINE ( 'NONE', #3490, #2905 ) ;
#6855 = CARTESIAN_POINT ( 'NONE',  ( -2.229098567962079169, -1.249999999999999778, -9.054086811349193908 ) ) ;
#6856 = CARTESIAN_POINT ( 'NONE',  ( -5.682154065917173646, -1.249999999999999778, -3.084035675801296339 ) ) ;
#6857 = DIRECTION ( 'NONE',  ( -0.000000000000000000, -1.000000000000000000, -0.000000000000000000 ) ) ;
#6858 = CARTESIAN_POINT ( 'NONE',  ( -9.344284074950605756, -0.7499999999999997780, 1.605145129612305377 ) ) ;
#6859 = ORIENTED_EDGE ( 'NONE', *, *, #7615, .F. ) ;
#6860 = CARTESIAN_POINT ( 'NONE',  ( -9.299109199783117674, -1.249999999999999778, 2.105145129612307375 ) ) ;
#6861 = DIRECTION ( 'NONE',  ( -0.000000000000000000, -1.000000000000000000, -0.000000000000000000 ) ) ;
#6862 = DIRECTION ( 'NONE',  ( 0.000000000000000000, 0.000000000000000000, 1.000000000000000000 ) ) ;
#6863 = CARTESIAN_POINT ( 'NONE',  ( -9.940748498636020614, -6.350000000000000533, 2.105004284771788470 ) ) ;
#6864 = VERTEX_POINT ( 'NONE', #619 ) ;
#6865 = ORIENTED_EDGE ( 'NONE', *, *, #7779, .T. ) ;
#6866 = FACE_OUTER_BOUND ( 'NONE', #7765, .T. ) ;
#6867 = CARTESIAN_POINT ( 'NONE',  ( -1.849313557585497536, -0.7954508894435925459, 9.502384764323638322 ) ) ;
#6868 = FACE_OUTER_BOUND ( 'NONE', #1079, .T. ) ;
#6869 = CARTESIAN_POINT ( 'NONE',  ( 5.183329636183829187E-15, -1.249999999999999778, 0.4948548703877910238 ) ) ;
#6870 = EDGE_CURVE ( 'NONE', #2305, #4751, #4595, .T. ) ;
#6871 = CARTESIAN_POINT ( 'NONE',  ( -1.605145129612209898, -0.7499999999999996669, -9.344284074950623520 ) ) ;
#6872 = DIRECTION ( 'NONE',  ( -1.000000000000000000, 0.000000000000000000, 1.257890898639184104E-14 ) ) ;
#6873 = ORIENTED_EDGE ( 'NONE', *, *, #4811, .T. ) ;
#6874 = CARTESIAN_POINT ( 'NONE',  ( 9.806852196760573293, -0.9372534392549350946, 1.645652032776088625 ) ) ;
#6875 = DIRECTION ( 'NONE',  ( 1.000000000000000000, 0.000000000000000000, 0.000000000000000000 ) ) ;
#6876 = CARTESIAN_POINT ( 'NONE',  ( -2.100000000000000977, -12.84999999999999964, -8.741464024932662724 ) ) ;
#6877 = ADVANCED_FACE ( 'NONE', ( #5859 ), #4181, .T. ) ;
#6878 = FACE_OUTER_BOUND ( 'NONE', #1046, .T. ) ;
#6879 = CARTESIAN_POINT ( 'NONE',  ( -9.140953811826012299, -0.7499999999999997780, 2.148101963264376746 ) ) ;
#6880 = ORIENTED_EDGE ( 'NONE', *, *, #7916, .F. ) ;
#6881 = ORIENTED_EDGE ( 'NONE', *, *, #5654, .F. ) ;
#6882 = CARTESIAN_POINT ( 'NONE',  ( -2.801489193990799986, -0.7499999999999997780, -6.242133488726664403 ) ) ;
#6883 = CARTESIAN_POINT ( 'NONE',  ( -2.495959202286601730, -1.249999999999999778, 5.770063381101501854 ) ) ;
#6884 = CARTESIAN_POINT ( 'NONE',  ( -4.749987219571101704, -6.349999999999999645, -4.749987219571101704 ) ) ;
#6885 = CARTESIAN_POINT ( 'NONE',  ( 0.000000000000000000, -1.249999999999999778, 0.000000000000000000 ) ) ;
#6886 = CARTESIAN_POINT ( 'NONE',  ( -5.195519756866576522, -0.7499999999999998890, 5.008955872946136978 ) ) ;
#6887 = CARTESIAN_POINT ( 'NONE',  ( 5.223832818756057428, -1.249999999999999778, 4.163775357382891507 ) ) ;
#6888 = CARTESIAN_POINT ( 'NONE',  ( 9.940748498636045483, -1.249999999999999778, 2.105004284771679224 ) ) ;
#6889 = EDGE_CURVE ( 'NONE', #611, #3770, #1873, .T. ) ;
#6890 = DIRECTION ( 'NONE',  ( 0.000000000000000000, 1.000000000000000000, -0.000000000000000000 ) ) ;
#6891 = B_SPLINE_CURVE_WITH_KNOTS ( 'NONE', 3,
 ( #2601, #1816, #1993, #4466, #1303, #3302 ),
 .UNSPECIFIED., .F., .F.,
 ( 4, 2, 4 ),
 ( -1.936050722653154634E-05, 0.0003751530359726458464, 0.0007696665791718234695 ),
 .UNSPECIFIED. ) ;
#6892 = ORIENTED_EDGE ( 'NONE', *, *, #3985, .T. ) ;
#6893 = CARTESIAN_POINT ( 'NONE',  ( -2.106856607852946706, -1.249999999999999778, 9.266193209664406183 ) ) ;
#6894 = LINE ( 'NONE', #1649, #6908 ) ;
#6895 = CARTESIAN_POINT ( 'NONE',  ( -2.658265215455181352, -1.249999999999999334, -5.755478488678697602 ) ) ;
#6896 = CARTESIAN_POINT ( 'NONE',  ( -9.271102943336709146, -6.349999999999999645, -0.4948548703879404043 ) ) ;
#6897 = ADVANCED_FACE ( 'NONE', ( #4157 ), #4409, .F. ) ;
#6898 = LINE ( 'NONE', #384, #1156 ) ;
#6899 = ORIENTED_EDGE ( 'NONE', *, *, #1477, .T. ) ;
#6900 = CARTESIAN_POINT ( 'NONE',  ( 1.718650122461957697, -0.7499999999999997780, -8.879076448997844651 ) ) ;
#6901 = CARTESIAN_POINT ( 'NONE',  ( 5.153224870907243904, -6.350000000000000533, 4.267546355205830366 ) ) ;
#6902 = CARTESIAN_POINT ( 'NONE',  ( 6.157697582862408758, -0.7499999999999996669, 0.7019616515743394292 ) ) ;
#6903 = ORIENTED_EDGE ( 'NONE', *, *, #2338, .T. ) ;
#6904 = ORIENTED_EDGE ( 'NONE', *, *, #3568, .F. ) ;
#6905 = CYLINDRICAL_SURFACE ( 'NONE', #6008, 3.000000000000000888 ) ;
#6906 = CARTESIAN_POINT ( 'NONE',  ( -5.419333494352803982, -1.250000000000029088, 3.830157644085389279 ) ) ;
#6907 = CARTESIAN_POINT ( 'NONE',  ( -5.773753185279934641, -6.350000000000001421, 2.344876953719551960 ) ) ;
#6908 = VECTOR ( 'NONE', #930, 1000.000000000000000 ) ;
#6909 = DIRECTION ( 'NONE',  ( 0.000000000000000000, 1.000000000000000000, 0.000000000000000000 ) ) ;
#6910 = DIRECTION ( 'NONE',  ( -0.000000000000000000, 1.000000000000000000, -0.000000000000000000 ) ) ;
#6911 = ORIENTED_EDGE ( 'NONE', *, *, #7626, .F. ) ;
#6912 = B_SPLINE_CURVE_WITH_KNOTS ( 'NONE', 3,
 ( #7001, #6395, #436, #1839, #1662, #3679, #2369, #2453, #3066, #6355 ),
 .UNSPECIFIED., .F., .F.,
 ( 4, 2, 2, 2, 4 ),
 ( 3.190644709152385774E-16, 9.841249399329184838E-05, 0.0001968249879862646161, 0.0002952374819792373973, 0.0003936499759722102056 ),
 .UNSPECIFIED. ) ;
#6913 = EDGE_CURVE ( 'NONE', #4751, #1099, #6701, .T. ) ;
#6914 = VECTOR ( 'NONE', #1489, 1000.000000000000000 ) ;
#6915 = CARTESIAN_POINT ( 'NONE',  ( 5.774854870387782668, -1.117911682262936690, -2.275387937340445088 ) ) ;
#6916 = CARTESIAN_POINT ( 'NONE',  ( 0.000000000000000000, -1.249999999999999778, -6.274854870387789774 ) ) ;
#6917 = CARTESIAN_POINT ( 'NONE',  ( -9.258927516202145824, -1.249999999999999778, 2.107703028497283970 ) ) ;
#6918 = VERTEX_POINT ( 'NONE', #5412 ) ;
#6919 = VECTOR ( 'NONE', #4161, 1000.000000000000000 ) ;
#6920 = EDGE_LOOP ( 'NONE', ( #3647, #5454 ) ) ;
#6921 = CARTESIAN_POINT ( 'NONE',  ( -9.138289497907933878, -6.349999999999999645, -2.149601316613273916 ) ) ;
#6922 = CARTESIAN_POINT ( 'NONE',  ( -1.607090861223529288, -0.7499999999999997780, -9.248697871581965657 ) ) ;
#6923 = ADVANCED_FACE ( 'NONE', ( #2118 ), #3534, .T. ) ;
#6924 = CARTESIAN_POINT ( 'NONE',  ( 2.019097449534359860E-14, -0.7499999999999997780, 1.605145129612327137 ) ) ;
#6925 = CARTESIAN_POINT ( 'NONE',  ( 0.9425052391449134648, -0.7630137179688512017, -6.143980792280664183 ) ) ;
#6926 = DIRECTION ( 'NONE',  ( -1.000000000000000000, 0.000000000000000000, 2.305335300292124268E-14 ) ) ;
#6927 = LINE ( 'NONE', #1007, #2644 ) ;
#6928 = CARTESIAN_POINT ( 'NONE',  ( 5.613350853446064548, -1.249999999999999778, 3.340952568879835827 ) ) ;
#6929 = AXIS2_PLACEMENT_3D ( 'NONE', #2681, #3427, #8515 ) ;
#6930 = CARTESIAN_POINT ( 'NONE',  ( -5.195736631094160174, -6.349999999999999645, 4.206526835423937349 ) ) ;
#6931 = VERTEX_POINT ( 'NONE', #8038 ) ;
#6932 = CARTESIAN_POINT ( 'NONE',  ( -8.527837839776351458, -0.7499999999999997780, 2.192387404637297976 ) ) ;
#6933 = EDGE_CURVE ( 'NONE', #7974, #6761, #2353, .T. ) ;
#6934 = EDGE_CURVE ( 'NONE', #5671, #7841, #2164, .T. ) ;
#6935 = EDGE_CURVE ( 'NONE', #5250, #7263, #5332, .T. ) ;
#6936 = CARTESIAN_POINT ( 'NONE',  ( 0.000000000000000000, -0.7499999999999997780, 0.000000000000000000 ) ) ;
#6937 = FACE_OUTER_BOUND ( 'NONE', #2197, .T. ) ;
#6938 = CARTESIAN_POINT ( 'NONE',  ( 5.718890084838147203, -6.350000000000001421, -2.901675761611998805 ) ) ;
#6939 = CARTESIAN_POINT ( 'NONE',  ( 0.9020927013233538405, -0.7551372933331891302, 6.182092701323337991 ) ) ;
#6940 = ORIENTED_EDGE ( 'NONE', *, *, #4242, .F. ) ;
#6941 = CARTESIAN_POINT ( 'NONE',  ( 2.147797752112544867, -0.7500000000000093259, -9.141450080486967167 ) ) ;
#6942 = CARTESIAN_POINT ( 'NONE',  ( 6.274854870387789774, -1.249999999999999778, 0.000000000000000000 ) ) ;
#6943 = EDGE_CURVE ( 'NONE', #8194, #1837, #3259, .T. ) ;
#6944 = FACE_OUTER_BOUND ( 'NONE', #1244, .T. ) ;
#6945 = ORIENTED_EDGE ( 'NONE', *, *, #2595, .F. ) ;
#6946 = ORIENTED_EDGE ( 'NONE', *, *, #648, .T. ) ;
#6947 = CARTESIAN_POINT ( 'NONE',  ( 8.779380792806641409, -0.8043540949611887036, -2.264314106080075994 ) ) ;
#6948 = CARTESIAN_POINT ( 'NONE',  ( 3.943002256977822917, -6.349999999999999645, -5.356859988824292707 ) ) ;
#6949 = CARTESIAN_POINT ( 'NONE',  ( 5.774908376104342267, -6.349999999999999645, 0.6191424365563067411 ) ) ;
#6950 = CARTESIAN_POINT ( 'NONE',  ( -9.799624718477094376, -0.9250707305094181265, 1.645440850620739415 ) ) ;
#6951 = ORIENTED_EDGE ( 'NONE', *, *, #8480, .F. ) ;
#6952 = CARTESIAN_POINT ( 'NONE',  ( -5.415553913585807067, -6.349999999999999645, 3.824449496671990190 ) ) ;
#6953 = EDGE_LOOP ( 'NONE', ( #532, #124, #4098, #3916 ) ) ;
#6954 = CARTESIAN_POINT ( 'NONE',  ( -4.163775357382836440, -1.249999999999999778, 5.223832818756100949 ) ) ;
#6955 = CARTESIAN_POINT ( 'NONE',  ( 1.651354423408143424, -1.249999999999999778, 9.935855655966872035 ) ) ;
#6956 = ORIENTED_EDGE ( 'NONE', *, *, #4845, .T. ) ;
#6957 = VECTOR ( 'NONE', #6676, 1000.000000000000000 ) ;
#6958 = EDGE_LOOP ( 'NONE', ( #2468, #868, #3006, #411 ) ) ;
#6959 = CARTESIAN_POINT ( 'NONE',  ( -0.8000603714659171306, -1.119125838055411659, 5.787868623083261888 ) ) ;
#6960 = CARTESIAN_POINT ( 'NONE',  ( 2.054607589228459208, -1.030008899707537839, 9.642852424230088815 ) ) ;
#6961 = CARTESIAN_POINT ( 'NONE',  ( -2.275387937340425548, -1.117911682262836326, -5.774854870387790662 ) ) ;
#6962 = CARTESIAN_POINT ( 'NONE',  ( 12.69999999999999929, -6.349999999999999645, 2.099999999999998312 ) ) ;
#6963 = VECTOR ( 'NONE', #637, 1000.000000000000000 ) ;
#6964 = ORIENTED_EDGE ( 'NONE', *, *, #4043, .T. ) ;
#6965 = CARTESIAN_POINT ( 'NONE',  ( -9.299109199783812230, -6.349999999999999645, 2.105145129612306487 ) ) ;
#6966 = ORIENTED_EDGE ( 'NONE', *, *, #3209, .T. ) ;
#6967 = VERTEX_POINT ( 'NONE', #1104 ) ;
#6968 = ORIENTED_EDGE ( 'NONE', *, *, #3406, .T. ) ;
#6969 = DIRECTION ( 'NONE',  ( -0.000000000000000000, -1.000000000000000000, -0.000000000000000000 ) ) ;
#6970 = CARTESIAN_POINT ( 'NONE',  ( -5.117052091976375117, -0.7499999999999997780, 5.090521086529069983 ) ) ;
#6971 = AXIS2_PLACEMENT_3D ( 'NONE', #7441, #2807, #8045 ) ;
#6972 = CARTESIAN_POINT ( 'NONE',  ( 0.4948548703877717059, -1.249999999999999778, -5.774854870387791550 ) ) ;
#6973 = CARTESIAN_POINT ( 'NONE',  ( 2.303537777566948996, -1.249999999999999778, 9.017039927679544320 ) ) ;
#6974 = DIRECTION ( 'NONE',  ( 1.000000000000000000, 0.000000000000000000, 0.000000000000000000 ) ) ;
#6975 = CARTESIAN_POINT ( 'NONE',  ( 9.368934980870394114, -0.8339739471929575876, 0.8390868044158322769 ) ) ;
#6976 = CARTESIAN_POINT ( 'NONE',  ( -5.771808120863263447, -1.249999999999999778, 2.467562294700985426 ) ) ;
#6977 = EDGE_CURVE ( 'NONE', #1517, #5187, #3055, .T. ) ;
#6978 = DIRECTION ( 'NONE',  ( 0.000000000000000000, 0.000000000000000000, 1.000000000000000000 ) ) ;
#6979 = ORIENTED_EDGE ( 'NONE', *, *, #1063, .T. ) ;
#6980 = CIRCLE ( 'NONE', #7936, 0.5349999999999999201 ) ;
#6981 = EDGE_LOOP ( 'NONE', ( #4326, #4939, #7530 ) ) ;
#6982 = CARTESIAN_POINT ( 'NONE',  ( -5.899142436556307878, -6.349999999999999645, -0.4949083761043419627 ) ) ;
#6983 = CARTESIAN_POINT ( 'NONE',  ( -2.253121527379415845, -0.7499999999999997780, 9.039813260481919244 ) ) ;
#6984 = CARTESIAN_POINT ( 'NONE',  ( 2.846839301758395280, -1.250000000000000000, -5.729838739071262843 ) ) ;
#6985 = AXIS2_PLACEMENT_3D ( 'NONE', #8034, #265, #305 ) ;
#6986 = CARTESIAN_POINT ( 'NONE',  ( -2.312816342378784640, -1.249999999999999778, -9.014118416172685500 ) ) ;
#6987 = CARTESIAN_POINT ( 'NONE',  ( 0.7639417980173541789, -0.8024511534720565331, -9.186526414003038710 ) ) ;
#6988 = CARTESIAN_POINT ( 'NONE',  ( -2.116026779451996020, -0.7500000000000044409, -9.216837882138506188 ) ) ;
#6989 = CARTESIAN_POINT ( 'NONE',  ( -9.416551571812638244, -6.349999999999997868, -0.4948900776560693493 ) ) ;
#6990 = CARTESIAN_POINT ( 'NONE',  ( 9.935817880025513915, -1.249999999999999778, -1.651291189940010673 ) ) ;
#6991 = B_SPLINE_CURVE_WITH_KNOTS ( 'NONE', 3,
 ( #7423, #1536, #6814, #2231, #4189, #1575, #2913, #3577 ),
 .UNSPECIFIED., .F., .F.,
 ( 4, 2, 2, 4 ),
 ( 0.000000000000000000, 0.0002170027322560631516, 0.0004340054645121263033, 0.0008680109290242523897 ),
 .UNSPECIFIED. ) ;
#6992 = DIRECTION ( 'NONE',  ( 1.000000000000000000, 0.000000000000000000, -3.491481338843133355E-15 ) ) ;
#6993 = ORIENTED_EDGE ( 'NONE', *, *, #7510, .T. ) ;
#6994 = CARTESIAN_POINT ( 'NONE',  ( 2.187678288044706765, -0.7499999999999904521, -9.089851229403235422 ) ) ;
#6995 = CARTESIAN_POINT ( 'NONE',  ( 6.248670252271700143, -0.7499999999999995559, -0.9293933250974913962 ) ) ;
#6996 = ORIENTED_EDGE ( 'NONE', *, *, #1757, .F. ) ;
#6997 = VERTEX_POINT ( 'NONE', #383 ) ;
#6998 = CARTESIAN_POINT ( 'NONE',  ( 3.499999999999999556, -16.35000000000000142, -14.17766952966370830 ) ) ;
#6999 = CARTESIAN_POINT ( 'NONE',  ( 3.650367610012334563, -6.349999999999999645, -5.501497584056013856 ) ) ;
#7000 = B_SPLINE_CURVE_WITH_KNOTS ( 'NONE', 3,
 ( #2786, #6083, #7334, #1406, #807, #214 ),
 .UNSPECIFIED., .F., .F.,
 ( 4, 2, 4 ),
 ( -1.936050726373947432E-05, 0.0003751530359363611775, 0.0007696665791364618904 ),
 .UNSPECIFIED. ) ;
#7001 = CARTESIAN_POINT ( 'NONE',  ( 2.329991424587346316, -1.249999999999999778, 9.008710553930304954 ) ) ;
#7002 = CARTESIAN_POINT ( 'NONE',  ( 0.4949083761043407970, -6.350000000000001421, 5.899142436556307878 ) ) ;
#7003 = EDGE_LOOP ( 'NONE', ( #6148, #7487, #5893, #5889 ) ) ;
#7004 = CARTESIAN_POINT ( 'NONE',  ( -5.248275075320990801, -6.349999999999998757, 4.125258209166379864 ) ) ;
#7005 = ADVANCED_FACE ( 'NONE', ( #4484 ), #3004, .F. ) ;
#7006 = DIRECTION ( 'NONE',  ( 0.7071067811865477948, 0.000000000000000000, 0.7071067811865473507 ) ) ;
#7007 = DIRECTION ( 'NONE',  ( -0.000000000000000000, 0.000000000000000000, 1.000000000000000000 ) ) ;
#7008 = DIRECTION ( 'NONE',  ( 1.000000000000000000, 0.000000000000000000, -9.497769312600650601E-16 ) ) ;
#7009 = ORIENTED_EDGE ( 'NONE', *, *, #1498, .T. ) ;
#7010 = B_SPLINE_CURVE_WITH_KNOTS ( 'NONE', 3,
 ( #1843, #3115, #2419, #2496, #2373, #5016, #5142, #5066, #7643, #1666, #1113, #4322, #987, #3636, #6358, #4370 ),
 .UNSPECIFIED., .F., .F.,
 ( 4, 1, 2, 2, 2, 1, 2, 2, 4 ),
 ( 0.000000000000000000, 0.1250000000000201228, 0.1875000000000236478, 0.2500000000000272005, 0.5000000000000305311, 0.6250000000000270894, 0.6875000000000254241, 0.7500000000000236478, 1.000000000000000000 ),
 .UNSPECIFIED. ) ;
#7011 = VERTEX_POINT ( 'NONE', #7122 ) ;
#7012 = DIRECTION ( 'NONE',  ( 0.000000000000000000, -1.000000000000000000, 0.000000000000000000 ) ) ;
#7013 = DIRECTION ( 'NONE',  ( 0.000000000000000000, 1.000000000000000000, 0.000000000000000000 ) ) ;
#7014 = CARTESIAN_POINT ( 'NONE',  ( -2.278318447378713696, -0.7500000000000000000, -6.144563154555564566 ) ) ;
#7015 = CARTESIAN_POINT ( 'NONE',  ( 1.930666963840381990E-15, -4.349999999999999645, -11.09999999999999609 ) ) ;
#7016 = EDGE_CURVE ( 'NONE', #8418, #3880, #5132, .T. ) ;
#7017 = CARTESIAN_POINT ( 'NONE',  ( -9.008710553930935561, -1.249999999999999778, 2.329991424587372073 ) ) ;
#7018 = CARTESIAN_POINT ( 'NONE',  ( 4.871469919085670064, -6.349999999999999645, -4.624965505482197869 ) ) ;
#7019 = ORIENTED_EDGE ( 'NONE', *, *, #7547, .F. ) ;
#7020 = ORIENTED_EDGE ( 'NONE', *, *, #2079, .F. ) ;
#7021 = FACE_OUTER_BOUND ( 'NONE', #2925, .T. ) ;
#7022 = CARTESIAN_POINT ( 'NONE',  ( 2.260363860329013708, -0.7499999999999997780, 6.275155897547290529 ) ) ;
#7023 = DIRECTION ( 'NONE',  ( 1.000000000000000000, -0.000000000000000000, -1.257890898639184104E-14 ) ) ;
#7024 = CARTESIAN_POINT ( 'NONE',  ( 2.148101959711775866, -1.249999999999999778, 9.140953809069202407 ) ) ;
#7025 = LINE ( 'NONE', #4342, #2362 ) ;
#7026 = CARTESIAN_POINT ( 'NONE',  ( 9.168307674432041310, -0.7499999999999998890, 0.9614061070045173407 ) ) ;
#7027 = FACE_OUTER_BOUND ( 'NONE', #6035, .T. ) ;
#7028 = ORIENTED_EDGE ( 'NONE', *, *, #2863, .T. ) ;
#7029 = DIRECTION ( 'NONE',  ( -3.491481338843133355E-15, 0.000000000000000000, -1.000000000000000000 ) ) ;
#7030 = CARTESIAN_POINT ( 'NONE',  ( -2.212108988619621464, -0.7499999999999997780, 9.067256541108074330 ) ) ;
#7031 = EDGE_CURVE ( 'NONE', #731, #4405, #7260, .T. ) ;
#7032 = DIRECTION ( 'NONE',  ( 0.000000000000000000, 0.000000000000000000, 1.000000000000000000 ) ) ;
#7033 = CARTESIAN_POINT ( 'NONE',  ( -4.206526835423882282, -6.349999999999999645, -5.195736631094203695 ) ) ;
#7034 = CARTESIAN_POINT ( 'NONE',  ( 5.760253130043703429, -6.349999999999999645, -2.595501086299150550 ) ) ;
#7035 = CARTESIAN_POINT ( 'NONE',  ( 9.895190270746752503, -1.067192002139788043, -1.649780075212600394 ) ) ;
#7036 = CARTESIAN_POINT ( 'NONE',  ( 2.264314106057256470, -0.8043540949608556367, -8.779380792811972256 ) ) ;
#7037 = VERTEX_POINT ( 'NONE', #7631 ) ;
#7038 = CARTESIAN_POINT ( 'NONE',  ( 2.303284211982738583, -0.7499999999999997780, -9.017119767055632451 ) ) ;
#7039 = CARTESIAN_POINT ( 'NONE',  ( 6.182092701323319339, -0.7551372933331890192, -0.9020927013233646097 ) ) ;
#7040 = ADVANCED_FACE ( 'NONE', ( #3834 ), #3248, .T. ) ;
#7041 = CARTESIAN_POINT ( 'NONE',  ( 2.886440657710605429, -1.249999999999999778, -5.723143872992064729 ) ) ;
#7042 = CARTESIAN_POINT ( 'NONE',  ( -5.452058938419022560, -0.7499999999999998890, -4.708845605716412308 ) ) ;
#7043 = CARTESIAN_POINT ( 'NONE',  ( 0.4948548703877904686, -6.349999999999999645, 6.074809178934709841 ) ) ;
#7044 = CARTESIAN_POINT ( 'NONE',  ( -5.153640453733890681, -6.349999999999999645, 4.266882068752419599 ) ) ;
#7045 = CARTESIAN_POINT ( 'NONE',  ( -12.69999999999999929, -6.349999999999999645, 2.099999999999998312 ) ) ;
#7046 = CARTESIAN_POINT ( 'NONE',  ( 5.183329636183829187E-15, -6.349999999999999645, 0.4948548703877910238 ) ) ;
#7047 = ORIENTED_EDGE ( 'NONE', *, *, #6724, .F. ) ;
#7048 = EDGE_LOOP ( 'NONE', ( #6010, #249, #3445, #5726 ) ) ;
#7049 = ADVANCED_FACE ( 'NONE', ( #601 ), #6171, .T. ) ;
#7050 = CARTESIAN_POINT ( 'NONE',  ( -3.090000000000000302, 6.349999999999999645, -2.555000000000000160 ) ) ;
#7051 = CARTESIAN_POINT ( 'NONE',  ( -1.734723475976804925E-15, -6.349999999999999645, -12.69999999999999929 ) ) ;
#7052 = CARTESIAN_POINT ( 'NONE',  ( -0.5853924772786238684, -1.249999999999999778, -9.530431722890668311 ) ) ;
#7053 = VECTOR ( 'NONE', #5434, 1000.000000000000000 ) ;
#7054 = CARTESIAN_POINT ( 'NONE',  ( 5.775249408043547916, -1.249999999999999778, 2.252158159391612013 ) ) ;
#7055 = CARTESIAN_POINT ( 'NONE',  ( -5.021560706605106894, -0.7499999999999997780, -5.183271730745823369 ) ) ;
#7056 = DIRECTION ( 'NONE',  ( 0.000000000000000000, 0.000000000000000000, -1.000000000000000000 ) ) ;
#7057 =( BOUNDED_SURFACE ( )  B_SPLINE_SURFACE ( 3, 1, ( 
 ( #7231, #1951 ),
 ( #37, #5948 ),
 ( #1307, #7190 ),
 ( #8485, #3961 ) ),
 .UNSPECIFIED., .F., .F., .T. ) 
 B_SPLINE_SURFACE_WITH_KNOTS ( ( 4, 4 ),
 ( 2, 2 ),
 ( 0.000000000000000000, 1.000000000000000000 ),
 ( 0.000000000000000000, 1.000000000000000000 ),
 .UNSPECIFIED. ) 
 GEOMETRIC_REPRESENTATION_ITEM ( )  RATIONAL_B_SPLINE_SURFACE ( (
 ( 1.000000000000000000, 1.000000000000000000),
 ( 0.6625055929971759294, 0.6625055929971759294),
 ( 0.6625055929971759294, 0.6625055929971759294),
 ( 1.000000000000000000, 1.000000000000000000) ) ) 
 REPRESENTATION_ITEM ( '' )  SURFACE ( )  );
#7058 = VERTEX_POINT ( 'NONE', #2182 ) ;
#7059 = ORIENTED_EDGE ( 'NONE', *, *, #6362, .T. ) ;
#7060 = VECTOR ( 'NONE', #4060, 1000.000000000000000 ) ;
#7061 = CARTESIAN_POINT ( 'NONE',  ( -4.052276192138020150, -0.7499999999999997780, 5.868525306271939357 ) ) ;
#7062 = EDGE_CURVE ( 'NONE', #1534, #3570, #4783, .T. ) ;
#7063 = CARTESIAN_POINT ( 'NONE',  ( 2.107703028497198261, -1.249999999999999778, 9.258927516202097863 ) ) ;
#7064 = CARTESIAN_POINT ( 'NONE',  ( -9.421946201485146943, -0.7499999999999998890, -1.727453363996594549 ) ) ;
#7065 = CARTESIAN_POINT ( 'NONE',  ( 1.696602814969629724, -9.596855346663799580, -15.92521819945708117 ) ) ;
#7066 = CARTESIAN_POINT ( 'NONE',  ( -5.633653610058493300, -1.249999999999999778, 3.273201351990707053 ) ) ;
#7067 = DIRECTION ( 'NONE',  ( 0.000000000000000000, 1.000000000000000000, -0.000000000000000000 ) ) ;
#7068 = DIRECTION ( 'NONE',  ( 3.290565883526590149E-15, 1.000000000000000000, 0.000000000000000000 ) ) ;
#7069 = CIRCLE ( 'NONE', #1268, 1.600000000000004086 ) ;
#7070 = CARTESIAN_POINT ( 'NONE',  ( -1.876683844410651281, -6.349999999999998757, 10.07030783714664501 ) ) ;
#7071 = DIRECTION ( 'NONE',  ( 0.000000000000000000, -0.7071067811865479058, -0.7071067811865472397 ) ) ;
#7072 = CARTESIAN_POINT ( 'NONE',  ( 0.4948548703877537203, -1.249999999999999778, -9.509478963620127345 ) ) ;
#7073 = CARTESIAN_POINT ( 'NONE',  ( 4.984334064523769925, -6.350000000000001421, -4.490990806000314528 ) ) ;
#7074 = CARTESIAN_POINT ( 'NONE',  ( 9.678273776526069128, -1.249999999999999778, -2.105145129612243871 ) ) ;
#7075 = VECTOR ( 'NONE', #4243, 1000.000000000000000 ) ;
#7076 = DIRECTION ( 'NONE',  ( 0.000000000000000000, -1.000000000000000000, 0.000000000000000000 ) ) ;
#7077 = EDGE_LOOP ( 'NONE', ( #2709, #345, #4264, #4289 ) ) ;
#7078 = CARTESIAN_POINT ( 'NONE',  ( -6.275177308441763024, -0.7499999999999997780, -2.260649001719242435 ) ) ;
#7079 = CARTESIAN_POINT ( 'NONE',  ( 1.736632910470482738, -0.7500000000000174305, -9.289535206411336787 ) ) ;
#7080 = ORIENTED_EDGE ( 'NONE', *, *, #6350, .F. ) ;
#7081 = CARTESIAN_POINT ( 'NONE',  ( 4.472339845786316381, -1.249999999999999778, -5.001497253821668210 ) ) ;
#7082 = CARTESIAN_POINT ( 'NONE',  ( 2.275387937340425104, -1.249999999999999778, 5.774854870387789774 ) ) ;
#7083 = CARTESIAN_POINT ( 'NONE',  ( -9.916618388791290428, -1.106163596442914843, 1.650694443027704184 ) ) ;
#7084 = CARTESIAN_POINT ( 'NONE',  ( -4.984334064523739727, -6.350000000000002309, 4.490990806000351832 ) ) ;
#7085 = EDGE_CURVE ( 'NONE', #4020, #4923, #3118, .T. ) ;
#7086 = DIRECTION ( 'NONE',  ( -1.000000000000000000, 0.000000000000000000, 3.491481338843133355E-15 ) ) ;
#7087 = CARTESIAN_POINT ( 'NONE',  ( 2.344876953719448931, -6.350000000000000533, 5.773753185279961286 ) ) ;
#7088 = ORIENTED_EDGE ( 'NONE', *, *, #6889, .T. ) ;
#7089 =( BOUNDED_SURFACE ( )  B_SPLINE_SURFACE ( 3, 1, ( 
 ( #3681, #8243 ),
 ( #3727, #7694 ),
 ( #6315, #2324 ),
 ( #7775, #5104 ) ),
 .UNSPECIFIED., .F., .F., .F. ) 
 B_SPLINE_SURFACE_WITH_KNOTS ( ( 4, 4 ),
 ( 2, 2 ),
 ( 0.000000000000000000, 1.000000000000000000 ),
 ( 0.000000000000000000, 1.000000000000000000 ),
 .UNSPECIFIED. ) 
 GEOMETRIC_REPRESENTATION_ITEM ( )  RATIONAL_B_SPLINE_SURFACE ( (
 ( 1.000000000000000000, 1.000000000000000000),
 ( 0.6625055929971750412, 0.6625055929971750412),
 ( 0.6625055929971750412, 0.6625055929971750412),
 ( 1.000000000000000000, 1.000000000000000000) ) ) 
 REPRESENTATION_ITEM ( '' )  SURFACE ( )  );
#7090 = ORIENTED_EDGE ( 'NONE', *, *, #6840, .F. ) ;
#7091 = FACE_OUTER_BOUND ( 'NONE', #5109, .T. ) ;
#7092 = CARTESIAN_POINT ( 'NONE',  ( 1.996594984488619495, -0.9372534403091671296, 9.602666487600252765 ) ) ;
#7093 = CARTESIAN_POINT ( 'NONE',  ( -0.5853924772786238684, -6.349999999999999645, -9.530431722890668311 ) ) ;
#7094 = DIRECTION ( 'NONE',  ( 0.000000000000000000, 0.000000000000000000, 1.000000000000000000 ) ) ;
#7095 = EDGE_CURVE ( 'NONE', #4317, #5718, #7414, .T. ) ;
#7096 = CARTESIAN_POINT ( 'NONE',  ( -9.244344518389882026, -6.349999999999999645, 2.107992638090616655 ) ) ;
#7097 = EDGE_CURVE ( 'NONE', #1667, #4509, #1452, .T. ) ;
#7098 = CARTESIAN_POINT ( 'NONE',  ( -9.077256069118805115, -0.7499999999999997780, 1.635134950214496286 ) ) ;
#7099 = TOROIDAL_SURFACE ( 'NONE', #3377, 8.805145129612210297, 0.5000000000000000000 ) ;
#7100 = ORIENTED_EDGE ( 'NONE', *, *, #6216, .T. ) ;
#7101 = ORIENTED_EDGE ( 'NONE', *, *, #4043, .F. ) ;
#7102 = CARTESIAN_POINT ( 'NONE',  ( -5.774854870387780892, -1.249999999999999778, 0.7948320246613099771 ) ) ;
#7103 = DIRECTION ( 'NONE',  ( 1.000000000000000000, 0.000000000000000000, 0.000000000000000000 ) ) ;
#7104 = CARTESIAN_POINT ( 'NONE',  ( 4.749987219571101704, -6.349999999999999645, 4.749987219571101704 ) ) ;
#7105 = CARTESIAN_POINT ( 'NONE',  ( 2.104147843289954967, -1.249999999999999778, 9.318289500075394471 ) ) ;
#7106 = FACE_OUTER_BOUND ( 'NONE', #6265, .T. ) ;
#7107 = CONICAL_SURFACE ( 'NONE', #5587, 3.099999999999998757, 0.7853981633974447263 ) ;
#7108 = LINE ( 'NONE', #1381, #1569 ) ;
#7109 = DIRECTION ( 'NONE',  ( 0.000000000000000000, 0.000000000000000000, 1.000000000000000000 ) ) ;
#7110 =( BOUNDED_SURFACE ( )  B_SPLINE_SURFACE ( 3, 2, ( 
 ( #1134, #3782, #5038 ),
 ( #503, #1863, #6973 ),
 ( #7616, #3865, #5779 ),
 ( #372, #4512, #7147 ),
 ( #1180, #7710, #4341 ),
 ( #7667, #4388, #463 ),
 ( #3134, #8392, #2472 ),
 ( #5120, #3087, #7024 ),
 ( #4469, #5687, #3822 ),
 ( #3039, #1222, #1053 ),
 ( #6457, #4426, #5731 ),
 ( #2434, #5084, #7063 ),
 ( #3701, #7751, #6334 ),
 ( #2994, #1820, #7105 ) ),
 .UNSPECIFIED., .F., .F., .F. ) 
 B_SPLINE_SURFACE_WITH_KNOTS ( ( 4, 2, 2, 2, 2, 2, 4 ),
 ( 3, 3 ),
 ( 0.001563564152456373190, 0.001693708570894687793, 0.001823852989333002179, 0.002084141826209631385, 0.002344430663086260157, 0.002474575081524574977, 0.002604719499962889363 ),
 ( 0.000000000000000000, 1.000000000000000000 ),
 .UNSPECIFIED. ) 
 GEOMETRIC_REPRESENTATION_ITEM ( )  RATIONAL_B_SPLINE_SURFACE ( (
 ( 1.000000000000000000, 0.7071067811865475727, 1.000000000000000000),
 ( 1.000000000000000000, 0.7071067811865475727, 1.000000000000000000),
 ( 1.000000000000000000, 0.7071067811865475727, 1.000000000000000000),
 ( 1.000000000000000000, 0.7071067811865475727, 1.000000000000000000),
 ( 1.000000000000000000, 0.7071067811865475727, 1.000000000000000000),
 ( 1.000000000000000000, 0.7071067811865475727, 1.000000000000000000),
 ( 1.000000000000000000, 0.7071067811865475727, 1.000000000000000000),
 ( 1.000000000000000000, 0.7071067811865475727, 1.000000000000000000),
 ( 1.000000000000000000, 0.7071067811865475727, 1.000000000000000000),
 ( 1.000000000000000000, 0.7071067811865475727, 1.000000000000000000),
 ( 1.000000000000000000, 0.7071067811865475727, 1.000000000000000000),
 ( 1.000000000000000000, 0.7071067811865475727, 1.000000000000000000),
 ( 1.000000000000000000, 0.7071067811865475727, 1.000000000000000000),
 ( 1.000000000000000000, 0.7071067811865475727, 1.000000000000000000) ) ) 
 REPRESENTATION_ITEM ( '' )  SURFACE ( )  );
#7111 = CARTESIAN_POINT ( 'NONE',  ( 9.054086811349186803, -6.349999999999999645, -2.229098567962111144 ) ) ;
#7112 = ORIENTED_EDGE ( 'NONE', *, *, #6130, .F. ) ;
#7113 = EDGE_CURVE ( 'NONE', #7549, #5971, #8493, .T. ) ;
#7114 = ORIENTED_EDGE ( 'NONE', *, *, #1913, .T. ) ;
#7115 = VECTOR ( 'NONE', #382, 1000.000000000000000 ) ;
#7116 = CARTESIAN_POINT ( 'NONE',  ( -5.774854870387789774, -6.349999999999999645, -0.7948091789347090375 ) ) ;
#7117 = FACE_OUTER_BOUND ( 'NONE', #5942, .T. ) ;
#7118 = CARTESIAN_POINT ( 'NONE',  ( -2.105145129612105759, -6.349999999999999645, 9.678354296802073264 ) ) ;
#7119 = CARTESIAN_POINT ( 'NONE',  ( 3.273201351990647989, -6.349999999999999645, 5.633653610058527939 ) ) ;
#7120 = CARTESIAN_POINT ( 'NONE',  ( -4.491787385390076714, -6.349999999999999645, -4.985444198140598360 ) ) ;
#7121 = CARTESIAN_POINT ( 'NONE',  ( -4.473107448934595887, -6.350000000000001421, -4.998841268229710977 ) ) ;
#7122 = CARTESIAN_POINT ( 'NONE',  ( 1.605145129612207233, -0.7499999999999997780, 9.344284074950621743 ) ) ;
#7123 = B_SPLINE_CURVE_WITH_KNOTS ( 'NONE', 3,
 ( #2904, #6040, #6119, #130, #6076, #2738 ),
 .UNSPECIFIED., .F., .F.,
 ( 4, 2, 4 ),
 ( -1.936050726399022318E-05, 0.0003751530359362329706, 0.0007696665791364561441 ),
 .UNSPECIFIED. ) ;
#7124 = EDGE_CURVE ( 'NONE', #1680, #6725, #8016, .T. ) ;
#7125 = CARTESIAN_POINT ( 'NONE',  ( -2.105145129612210120, -1.249999999999999778, -9.678314036664062314 ) ) ;
#7126 = ORIENTED_EDGE ( 'NONE', *, *, #1221, .F. ) ;
#7127 = CARTESIAN_POINT ( 'NONE',  ( -5.419322550868579391, -1.249999999999999778, -3.830164469199392130 ) ) ;
#7128 = STYLED_ITEM ( 'NONE', ( #2633 ), #7629 ) ;
#7129 = ORIENTED_EDGE ( 'NONE', *, *, #337, .F. ) ;
#7130 = CARTESIAN_POINT ( 'NONE',  ( -5.103397455562689977, -0.7499999999999997780, 5.103761866399098679 ) ) ;
#7131 = LINE ( 'NONE', #1204, #8073 ) ;
#7132 = CARTESIAN_POINT ( 'NONE',  ( -9.632014602767339895, -0.7952000343970887508, 1.634833042451787177 ) ) ;
#7133 = DIRECTION ( 'NONE',  ( -2.305335300292124268E-14, 0.000000000000000000, -1.000000000000000000 ) ) ;
#7134 = CARTESIAN_POINT ( 'NONE',  ( -6.074809178934709841, -6.349999999999999645, -0.4948548703877917454 ) ) ;
#7135 = ORIENTED_EDGE ( 'NONE', *, *, #1805, .T. ) ;
#7136 = VERTEX_POINT ( 'NONE', #2866 ) ;
#7137 = DIRECTION ( 'NONE',  ( 0.000000000000000000, 0.000000000000000000, 1.000000000000000000 ) ) ;
#7138 = CARTESIAN_POINT ( 'NONE',  ( 1.640970120572339930, -0.8691362217317938343, 9.728368110342868746 ) ) ;
#7139 = EDGE_CURVE ( 'NONE', #6725, #240, #6760, .T. ) ;
#7140 = CARTESIAN_POINT ( 'NONE',  ( -9.133801937669206339, -0.7499999999999997780, -0.9351698475238275909 ) ) ;
#7141 = DIRECTION ( 'NONE',  ( 0.000000000000000000, 1.000000000000000000, -0.000000000000000000 ) ) ;
#7142 = CARTESIAN_POINT ( 'NONE',  ( -9.008710553930281861, -1.249999999999999778, 2.329991424587440907 ) ) ;
#7143 = CARTESIAN_POINT ( 'NONE',  ( -9.017119767055381985, -0.7499999999999997780, -2.303284211983610774 ) ) ;
#7144 = VERTEX_POINT ( 'NONE', #5389 ) ;
#7145 = ORIENTED_EDGE ( 'NONE', *, *, #3176, .F. ) ;
#7146 = DIRECTION ( 'NONE',  ( 1.000000000000000000, 0.000000000000000000, 0.000000000000000000 ) ) ;
#7147 = CARTESIAN_POINT ( 'NONE',  ( 2.266621160523622169, -1.249999999999999778, 9.032434134536041270 ) ) ;
#7148 = DIRECTION ( 'NONE',  ( 0.000000000000000000, 0.000000000000000000, 1.000000000000000000 ) ) ;
#7149 = CARTESIAN_POINT ( 'NONE',  ( -6.182092701323345096, -0.7551372933331835791, 0.9020927013234164571 ) ) ;
#7150 = DIRECTION ( 'NONE',  ( 1.000000000000000000, 0.000000000000000000, 8.486905459769115320E-17 ) ) ;
#7151 = ORIENTED_EDGE ( 'NONE', *, *, #6977, .T. ) ;
#7152 = CARTESIAN_POINT ( 'NONE',  ( -0.9948548703877909682, -0.7499999999999997780, -6.274854870387789774 ) ) ;
#7153 = CARTESIAN_POINT ( 'NONE',  ( 2.149601316833791742, -6.349999999999999645, 9.138289497553046203 ) ) ;
#7154 = CARTESIAN_POINT ( 'NONE',  ( 2.467562294700925030, -1.249999999999999334, 5.771808120863290092 ) ) ;
#7155 = EDGE_CURVE ( 'NONE', #4364, #2958, #1721, .T. ) ;
#7156 = DIRECTION ( 'NONE',  ( -0.000000000000000000, 0.000000000000000000, -1.000000000000000000 ) ) ;
#7157 = FACE_OUTER_BOUND ( 'NONE', #811, .T. ) ;
#7158 = CARTESIAN_POINT ( 'NONE',  ( -9.676946223252484103, -1.200396464468282964, 2.103262903735430012 ) ) ;
#7159 = ORIENTED_EDGE ( 'NONE', *, *, #2671, .F. ) ;
#7160 = ORIENTED_EDGE ( 'NONE', *, *, #4063, .F. ) ;
#7161 = CARTESIAN_POINT ( 'NONE',  ( -5.117390565119320556, -1.249999999999999778, -4.320775847864734232 ) ) ;
#7162 = DIRECTION ( 'NONE',  ( -0.000000000000000000, -1.000000000000000000, -0.000000000000000000 ) ) ;
#7163 = CARTESIAN_POINT ( 'NONE',  ( -9.678273776525898597, -1.249999999999999778, -2.105145129612205235 ) ) ;
#7164 = CARTESIAN_POINT ( 'NONE',  ( -2.107681532293536275, -0.7500000000000044409, 9.259161127450058260 ) ) ;
#7165 = CARTESIAN_POINT ( 'NONE',  ( -4.749987219571051966, -1.249999999999999778, 4.749987219571150554 ) ) ;
#7166 = EDGE_CURVE ( 'NONE', #1497, #5854, #3484, .T. ) ;
#7167 = DIRECTION ( 'NONE',  ( 0.000000000000000000, 1.000000000000000000, 0.000000000000000000 ) ) ;
#7168 = CARTESIAN_POINT ( 'NONE',  ( -5.774854870387788885, -0.9571067811865472397, -0.7948548703877920119 ) ) ;
#7169 = CARTESIAN_POINT ( 'NONE',  ( 9.299109199783131885, -1.249999999999999778, -2.105145129612242538 ) ) ;
#7170 = EDGE_LOOP ( 'NONE', ( #5512, #8057, #1598, #5809, #4048, #3517, #1413, #2891, #6979, #940, #1411, #7822, #3372, #4589, #6993, #3826, #7218, #233, #4066 ) ) ;
#7171 = CARTESIAN_POINT ( 'NONE',  ( -12.69999999999999929, -6.349999999999999645, 1.347601624859001816E-13 ) ) ;
#7172 = CARTESIAN_POINT ( 'NONE',  ( 2.121320343559642829, -16.35000000000000142, -15.55634918610405037 ) ) ;
#7173 =( BOUNDED_SURFACE ( )  B_SPLINE_SURFACE ( 3, 1, ( 
 ( #5933, #7134 ),
 ( #1977, #1846 ),
 ( #6442, #530 ),
 ( #3243, #5851 ) ),
 .UNSPECIFIED., .F., .F., .F. ) 
 B_SPLINE_SURFACE_WITH_KNOTS ( ( 4, 4 ),
 ( 2, 2 ),
 ( 0.000000000000000000, 1.000000000000000000 ),
 ( 0.000000000000000000, 1.000000000000000000 ),
 .UNSPECIFIED. ) 
 GEOMETRIC_REPRESENTATION_ITEM ( )  RATIONAL_B_SPLINE_SURFACE ( (
 ( 1.000000000000000000, 1.000000000000000000),
 ( 0.8048096403827855738, 0.8048096403827855738),
 ( 0.8048096403827855738, 0.8048096403827855738),
 ( 1.000000000000000000, 1.000000000000000000) ) ) 
 REPRESENTATION_ITEM ( '' )  SURFACE ( )  );
#7174 = EDGE_LOOP ( 'NONE', ( #2748, #1760, #3376, #4545 ) ) ;
#7175 = ORIENTED_EDGE ( 'NONE', *, *, #6935, .T. ) ;
#7176 = PLANE ( 'NONE',  #4985 ) ;
#7177 = PLANE ( 'NONE',  #6985 ) ;
#7178 = CARTESIAN_POINT ( 'NONE',  ( -2.555000000000000160, 6.349999999999999645, -2.555000000000000160 ) ) ;
#7179 = DIRECTION ( 'NONE',  ( 0.000000000000000000, 0.000000000000000000, 1.000000000000000000 ) ) ;
#7180 = CARTESIAN_POINT ( 'NONE',  ( -1.650918591661175938, -1.152677805080577489, -9.925151415895452800 ) ) ;
#7181 = CARTESIAN_POINT ( 'NONE',  ( -9.002888471517005442, -1.249999999999999778, -2.348482047969603137 ) ) ;
#7182 = EDGE_CURVE ( 'NONE', #3639, #5588, #2262, .T. ) ;
#7183 = ORIENTED_EDGE ( 'NONE', *, *, #3513, .F. ) ;
#7184 = DIRECTION ( 'NONE',  ( 1.000000000000000000, 0.000000000000000000, 0.000000000000000000 ) ) ;
#7185 = CARTESIAN_POINT ( 'NONE',  ( -2.310803979197435964, -6.350000000000001421, -9.014752042418718858 ) ) ;
#7186 = CARTESIAN_POINT ( 'NONE',  ( -1.449747468305833564, -9.350000000000001421, -17.67766952966369587 ) ) ;
#7187 = LINE ( 'NONE', #1265, #1564 ) ;
#7188 = CARTESIAN_POINT ( 'NONE',  ( -5.774854870387789774, -1.249999999999999778, -0.7948320246612505802 ) ) ;
#7189 = CARTESIAN_POINT ( 'NONE',  ( -9.194057277607392109, -0.8005724628894492767, 0.7394344843843846382 ) ) ;
#7190 = CARTESIAN_POINT ( 'NONE',  ( -1.876683844410652391, -6.350000000000000533, 10.07030783714664501 ) ) ;
#7191 = ADVANCED_FACE ( 'NONE', ( #1524 ), #4221, .T. ) ;
#7192 = FACE_OUTER_BOUND ( 'NONE', #7337, .T. ) ;
#7193 = CARTESIAN_POINT ( 'NONE',  ( 2.149601316833791742, -1.249999999999999778, 9.138289497553046203 ) ) ;
#7194 = EDGE_LOOP ( 'NONE', ( #203, #8459, #5427, #2129 ) ) ;
#7195 = CARTESIAN_POINT ( 'NONE',  ( 1.734723475976804925E-15, -4.349999999999999645, -14.30000000000000426 ) ) ;
#7196 = CARTESIAN_POINT ( 'NONE',  ( 4.284837061472943631, -0.7499999999999997780, -5.743539754461263414 ) ) ;
#7197 = CARTESIAN_POINT ( 'NONE',  ( 3.031737370648488472, -6.349999999999999645, 5.693895767210744197 ) ) ;
#7198 = LINE ( 'NONE', #759, #5760 ) ;
#7199 = CIRCLE ( 'NONE', #5411, 3.000000000000000000 ) ;
#7200 = CARTESIAN_POINT ( 'NONE',  ( -5.313232176770941173, -1.249999999999999778, 4.027670858600352233 ) ) ;
#7201 = CARTESIAN_POINT ( 'NONE',  ( -10.19083461549703173, -1.109988275975630545, 2.096138142704535134 ) ) ;
#7202 = EDGE_CURVE ( 'NONE', #6477, #1837, #1762, .T. ) ;
#7203 = CARTESIAN_POINT ( 'NONE',  ( -2.394010196254652723, -0.7499999999999997780, -6.273037056532251299 ) ) ;
#7204 = ORIENTED_EDGE ( 'NONE', *, *, #825, .T. ) ;
#7205 = EDGE_CURVE ( 'NONE', #4751, #1394, #6980, .T. ) ;
#7206 = CARTESIAN_POINT ( 'NONE',  ( -5.772919569470591483, -0.7500000000001774136, -2.389335516026133366 ) ) ;
#7207 = CARTESIAN_POINT ( 'NONE',  ( -9.066882217151949419, -1.249999999999999334, 2.212529547783645079 ) ) ;
#7208 = AXIS2_PLACEMENT_3D ( 'NONE', #8407, #4572, #5922 ) ;
#7209 = AXIS2_PLACEMENT_3D ( 'NONE', #1480, #7012, #4129 ) ;
#7210 = CARTESIAN_POINT ( 'NONE',  ( -2.104150091524026767, -1.249999999999999778, 9.318246261006310149 ) ) ;
#7211 = CARTESIAN_POINT ( 'NONE',  ( -4.918615740073487785, -0.8042808506313144923, 4.918789617493977140 ) ) ;
#7212 = CYLINDRICAL_SURFACE ( 'NONE', #7397, 9.305145129612210297 ) ;
#7213 = CARTESIAN_POINT ( 'NONE',  ( -0.7019616515742750362, -0.7499999999999996669, 6.157697582862414976 ) ) ;
#7214 = CARTESIAN_POINT ( 'NONE',  ( -9.342498803529798224, -0.8005544842480476486, -0.8543852438231813728 ) ) ;
#7215 = VERTEX_POINT ( 'NONE', #4095 ) ;
#7216 = CARTESIAN_POINT ( 'NONE',  ( 1.953100030760868799, -0.8894853869150144421, -9.572898682056678155 ) ) ;
#7217 = ADVANCED_FACE ( 'NONE', ( #7368 ), #1443, .T. ) ;
#7218 = ORIENTED_EDGE ( 'NONE', *, *, #3318, .T. ) ;
#7219 = CARTESIAN_POINT ( 'NONE',  ( 0.9948548703877699850, -0.7499999999999997780, -6.274854870387793326 ) ) ;
#7220 = DIRECTION ( 'NONE',  ( -0.000000000000000000, -1.000000000000000000, -0.000000000000000000 ) ) ;
#7221 = CARTESIAN_POINT ( 'NONE',  ( -1.685752330690127865, -11.56988883296488879, -2.639829097937034241 ) ) ;
#7222 = CARTESIAN_POINT ( 'NONE',  ( 5.770063381101345534, -1.249999999999999778, 2.495959202287965084 ) ) ;
#7223 = DIRECTION ( 'NONE',  ( -0.000000000000000000, -1.000000000000000000, -0.000000000000000000 ) ) ;
#7224 = CARTESIAN_POINT ( 'NONE',  ( 0.000000000000000000, -0.7499999999999997780, 0.000000000000000000 ) ) ;
#7225 = ORIENTED_EDGE ( 'NONE', *, *, #7534, .F. ) ;
#7226 = CARTESIAN_POINT ( 'NONE',  ( 2.555000000000000160, 6.349999999999999645, 2.555000000000000160 ) ) ;
#7227 = DIRECTION ( 'NONE',  ( 0.000000000000000000, -0.000000000000000000, -1.000000000000000000 ) ) ;
#7228 = CARTESIAN_POINT ( 'NONE',  ( 2.902291169667400084, -6.349999999999998757, -5.718747099129850575 ) ) ;
#7229 = CARTESIAN_POINT ( 'NONE',  ( 9.935855655966864930, -1.249999999999999778, -1.651354423408178507 ) ) ;
#7230 = CARTESIAN_POINT ( 'NONE',  ( -6.088326899293894812, -0.7777511574428145336, 0.8083268992939734998 ) ) ;
#7231 = CARTESIAN_POINT ( 'NONE',  ( -2.105145129612105759, -1.249999999999999778, 9.678354296802071488 ) ) ;
#7232 = ORIENTED_EDGE ( 'NONE', *, *, #4663, .F. ) ;
#7233 =( BOUNDED_SURFACE ( )  B_SPLINE_SURFACE ( 3, 2, ( 
 ( #7690, #1201, #3841 ),
 ( #3192, #8455, #5182 ),
 ( #479, #3109, #7811 ),
 ( #5753, #1884, #4535 ),
 ( #6561, #5230, #1751 ),
 ( #1239, #6517, #605 ),
 ( #3236, #5001, #333 ),
 ( #2953, #8146, #1697 ),
 ( #2269, #7501, #2309 ),
 ( #4353, #6988, #4955 ),
 ( #3053, #4228, #6207 ),
 ( #4913, #7545, #8307 ),
 ( #6922, #3650, #5729 ),
 ( #7663, #4386, #5205 ) ),
 .UNSPECIFIED., .F., .F., .T. ) 
 B_SPLINE_SURFACE_WITH_KNOTS ( ( 4, 2, 2, 2, 2, 2, 4 ),
 ( 3, 3 ),
 ( 0.001563564152456373190, 0.001693708570894687793, 0.001823852989333002179, 0.002084141826209631385, 0.002344430663086260157, 0.002474575081524574977, 0.002604719499962889363 ),
 ( 0.000000000000000000, 1.000000000000000000 ),
 .UNSPECIFIED. ) 
 GEOMETRIC_REPRESENTATION_ITEM ( )  RATIONAL_B_SPLINE_SURFACE ( (
 ( 1.000000000000000000, 0.7071067811865475727, 1.000000000000000000),
 ( 1.000000000000000000, 0.7071067811865475727, 1.000000000000000000),
 ( 1.000000000000000000, 0.7071067811865475727, 1.000000000000000000),
 ( 1.000000000000000000, 0.7071067811865475727, 1.000000000000000000),
 ( 1.000000000000000000, 0.7071067811865475727, 1.000000000000000000),
 ( 1.000000000000000000, 0.7071067811865475727, 1.000000000000000000),
 ( 1.000000000000000000, 0.7071067811865475727, 1.000000000000000000),
 ( 1.000000000000000000, 0.7071067811865475727, 1.000000000000000000),
 ( 1.000000000000000000, 0.7071067811865475727, 1.000000000000000000),
 ( 1.000000000000000000, 0.7071067811865475727, 1.000000000000000000),
 ( 1.000000000000000000, 0.7071067811865475727, 1.000000000000000000),
 ( 1.000000000000000000, 0.7071067811865475727, 1.000000000000000000),
 ( 1.000000000000000000, 0.7071067811865475727, 1.000000000000000000),
 ( 1.000000000000000000, 0.7071067811865475727, 1.000000000000000000) ) ) 
 REPRESENTATION_ITEM ( '' )  SURFACE ( )  );
#7234 = CARTESIAN_POINT ( 'NONE',  ( -1.675495463096103865, -14.12280779115791240, -2.639332810517158734 ) ) ;
#7235 = CARTESIAN_POINT ( 'NONE',  ( -2.277412151966072162, -0.8044079310630761759, 6.013237424471592263 ) ) ;
#7236 = VECTOR ( 'NONE', #739, 1000.000000000000000 ) ;
#7237 = ORIENTED_EDGE ( 'NONE', *, *, #5003, .T. ) ;
#7238 = CARTESIAN_POINT ( 'NONE',  ( 4.670618721917353611, -0.7499999999999997780, -4.826950148074623748 ) ) ;
#7239 = CARTESIAN_POINT ( 'NONE',  ( 4.749987219571101704, -6.349999999999999645, 4.749987219571101704 ) ) ;
#7240 = CARTESIAN_POINT ( 'NONE',  ( -4.708419941521996499, -6.349999999999999645, -4.790377844397176510 ) ) ;
#7241 = ADVANCED_FACE ( 'NONE', ( #7027 ), #1058, .T. ) ;
#7242 = CARTESIAN_POINT ( 'NONE',  ( 9.271312359572148054, -0.7499999999999997780, 2.106590435890806301 ) ) ;
#7243 = CARTESIAN_POINT ( 'NONE',  ( -9.478524185100521748, -0.7804688004661540779, 1.813340605360978630 ) ) ;
#7244 = EDGE_LOOP ( 'NONE', ( #2318, #4583, #210, #6716 ) ) ;
#7245 = VECTOR ( 'NONE', #6833, 1000.000000000000000 ) ;
#7246 = VERTEX_POINT ( 'NONE', #4949 ) ;
#7247 = CARTESIAN_POINT ( 'NONE',  ( -9.002901470545131346, -1.249999999999999778, 2.348440763761983074 ) ) ;
#7248 = CARTESIAN_POINT ( 'NONE',  ( -0.4948548703877910238, -6.349999999999999645, -6.074809178934709841 ) ) ;
#7249 = CARTESIAN_POINT ( 'NONE',  ( -8.681112399981213201, -0.7499999999999997780, 1.889893395635747986 ) ) ;
#7250 = CARTESIAN_POINT ( 'NONE',  ( -9.133801937671627513, -0.7499999999999996669, 0.9351698475246263964 ) ) ;
#7251 = VECTOR ( 'NONE', #6229, 1000.000000000000000 ) ;
#7252 = CARTESIAN_POINT ( 'NONE',  ( -9.008710553930972864, -6.349999999999999645, -2.329991424587249060 ) ) ;
#7253 = ADVANCED_FACE ( 'NONE', ( #1097 ), #7817, .T. ) ;
#7254 = FACE_OUTER_BOUND ( 'NONE', #5591, .T. ) ;
#7255 = DIRECTION ( 'NONE',  ( 0.000000000000000000, 0.000000000000000000, 1.000000000000000000 ) ) ;
#7256 = B_SPLINE_CURVE_WITH_KNOTS ( 'NONE', 3,
 ( #1793, #2452, #1028, #435, #5101, #525, #3065, #3015, #6309, #3154, #6354, #5800, #1622, #5710 ),
 .UNSPECIFIED., .F., .F.,
 ( 4, 2, 2, 2, 2, 2, 4 ),
 ( 0.000000000000000000, 0.0003955666508946131918, 0.0007911333017892263836, 0.001582266603578452117, 0.002373399905367677958, 0.002768966556262291746, 0.003164533207156904667 ),
 .UNSPECIFIED. ) ;
#7257 = EDGE_LOOP ( 'NONE', ( #4797, #4967, #3387, #3818 ) ) ;
#7258 = CARTESIAN_POINT ( 'NONE',  ( 2.105143927105192603, -1.177689514655756664, -10.20694294810232350 ) ) ;
#7259 = CARTESIAN_POINT ( 'NONE',  ( -0.9948548703877909682, -0.7499999999999997780, -9.115647332695417049 ) ) ;
#7260 = CIRCLE ( 'NONE', #8358, 3.219854870387946821 ) ;
#7261 = CARTESIAN_POINT ( 'NONE',  ( -4.582069818200963596, -1.249999999999999556, 4.909990463520510495 ) ) ;
#7262 = CARTESIAN_POINT ( 'NONE',  ( -1.636022343700471726, -0.7500000000000000000, 9.074356132575640999 ) ) ;
#7263 = VERTEX_POINT ( 'NONE', #1646 ) ;
#7264 = CARTESIAN_POINT ( 'NONE',  ( -0.8719454749705317642, -0.8501667073564471711, 5.967581381844803801 ) ) ;
#7265 = CARTESIAN_POINT ( 'NONE',  ( -2.329991424587346316, -1.249999999999999778, -9.008710553930304954 ) ) ;
#7266 = CARTESIAN_POINT ( 'NONE',  ( 2.495959202286093692, -1.249999999999999778, -5.770063381101533828 ) ) ;
#7267 = EDGE_CURVE ( 'NONE', #5994, #3032, #5602, .T. ) ;
#7268 = CARTESIAN_POINT ( 'NONE',  ( -3.499999999999997780, -16.35000000000000142, -9.741464024932666277 ) ) ;
#7269 = AXIS2_PLACEMENT_3D ( 'NONE', #2778, #128, #5520 ) ;
#7270 = CARTESIAN_POINT ( 'NONE',  ( 0.7270764054876498461, -1.249999999999999778, -9.563309819739275852 ) ) ;
#7271 = VERTEX_POINT ( 'NONE', #4994 ) ;
#7272 = CARTESIAN_POINT ( 'NONE',  ( -2.329991424587249504, -0.7499999999999997780, 9.008710553930331599 ) ) ;
#7273 = CARTESIAN_POINT ( 'NONE',  ( -9.078152156823211527, -0.7499999999999997780, -1.634883707223552918 ) ) ;
#7274 = ORIENTED_EDGE ( 'NONE', *, *, #428, .F. ) ;
#7275 = VECTOR ( 'NONE', #1331, 1000.000000000000000 ) ;
#7276 = CARTESIAN_POINT ( 'NONE',  ( 4.413611482645566575, -0.7499999999999567013, 5.048101527905602737 ) ) ;
#7277 = CYLINDRICAL_SURFACE ( 'NONE', #6226, 2.100000000000000089 ) ;
#7278 = ADVANCED_FACE ( 'NONE', ( #1777 ), #8315, .F. ) ;
#7279 = CARTESIAN_POINT ( 'NONE',  ( -6.023045516129817756, -0.8131067495198620598, 0.8941311286846778117 ) ) ;
#7280 = CARTESIAN_POINT ( 'NONE',  ( -15.55634918610404682, -16.35000000000000142, -2.121320343559641941 ) ) ;
#7281 = ORIENTED_EDGE ( 'NONE', *, *, #3669, .T. ) ;
#7282 = DIRECTION ( 'NONE',  ( -3.491481338843133355E-15, 0.000000000000000000, -1.000000000000000000 ) ) ;
#7283 = CARTESIAN_POINT ( 'NONE',  ( 1.500000000000000000, -11.38030615433009274, -2.741464024932667609 ) ) ;
#7284 = CARTESIAN_POINT ( 'NONE',  ( -6.074854871206022189, -1.184538517676303249, -0.4948548703877919674 ) ) ;
#7285 = ORIENTED_EDGE ( 'NONE', *, *, #7097, .T. ) ;
#7286 = CARTESIAN_POINT ( 'NONE',  ( 1.634833042451687035, -0.7952000343970890839, 9.632014602767354106 ) ) ;
#7287 = CARTESIAN_POINT ( 'NONE',  ( 4.670618722144183721, -1.249999999999999778, -4.826950147854675244 ) ) ;
#7288 = CARTESIAN_POINT ( 'NONE',  ( 9.484758676381016329, -1.051235928158972044, -0.5254370801673393654 ) ) ;
#7289 = CARTESIAN_POINT ( 'NONE',  ( -2.106080121565541141, -6.349999999999999645, 9.281126975314633043 ) ) ;
#7290 = CARTESIAN_POINT ( 'NONE',  ( -9.678273776526053140, -1.249999999999999778, 2.105145129612311372 ) ) ;
#7291 = EDGE_LOOP ( 'NONE', ( #5192, #3552, #7944, #1275 ) ) ;
#7292 = CARTESIAN_POINT ( 'NONE',  ( 2.929862847091947220, -0.7499999999999997780, 6.223114930110607013 ) ) ;
#7293 = CARTESIAN_POINT ( 'NONE',  ( -5.153224870907243904, -6.350000000000000533, -4.267546355205830366 ) ) ;
#7294 = DIRECTION ( 'NONE',  ( 1.000000000000000000, 0.000000000000000000, 0.000000000000000000 ) ) ;
#7295 = CARTESIAN_POINT ( 'NONE',  ( -0.8719454749705944918, -0.8501667073564485033, -5.967581381844793142 ) ) ;
#7296 = CARTESIAN_POINT ( 'NONE',  ( -0.7605129427895398475, -0.8004147824066489836, -9.297056062852073310 ) ) ;
#7297 = ORIENTED_EDGE ( 'NONE', *, *, #4993, .F. ) ;
#7298 = DIRECTION ( 'NONE',  ( 0.000000000000000000, 1.000000000000000000, 0.000000000000000000 ) ) ;
#7299 = CARTESIAN_POINT ( 'NONE',  ( -12.69999999999999929, -4.849999999999996092, -2.100000000000001421 ) ) ;
#7300 = EDGE_CURVE ( 'NONE', #6557, #8528, #3395, .T. ) ;
#7301 = DIRECTION ( 'NONE',  ( 0.7071067811865475727, 0.000000000000000000, -0.7071067811865475727 ) ) ;
#7302 = VERTEX_POINT ( 'NONE', #6289 ) ;
#7303 = CARTESIAN_POINT ( 'NONE',  ( -0.7271087643983656923, -1.249999999999999778, 9.563317320624244999 ) ) ;
#7304 = FACE_OUTER_BOUND ( 'NONE', #3578, .T. ) ;
#7305 = CARTESIAN_POINT ( 'NONE',  ( -2.100000000000000533, -12.84999999999999964, -2.314222331583553061 ) ) ;
#7306 = CARTESIAN_POINT ( 'NONE',  ( 0.000000000000000000, -1.249999999999999778, 0.000000000000000000 ) ) ;
#7307 = CARTESIAN_POINT ( 'NONE',  ( 5.047838596695554791, -0.7499999999999997780, 4.413936885869913951 ) ) ;
#7308 = CARTESIAN_POINT ( 'NONE',  ( -1.648499996500058851, -1.012903213348994358, -9.865217305540172177 ) ) ;
#7309 = CARTESIAN_POINT ( 'NONE',  ( -2.105145129612103982, -1.249999999999999778, 9.678314036663996589 ) ) ;
#7310 = ORIENTED_EDGE ( 'NONE', *, *, #2660, .T. ) ;
#7311 = EDGE_CURVE ( 'NONE', #6001, #5671, #2396, .T. ) ;
#7312 = EDGE_CURVE ( 'NONE', #6557, #5020, #750, .T. ) ;
#7313 = LINE ( 'NONE', #2763, #2132 ) ;
#7314 = CARTESIAN_POINT ( 'NONE',  ( 4.404861914894638630, -6.350000000000001421, -5.053061251426111511 ) ) ;
#7315 = DIRECTION ( 'NONE',  ( 0.000000000000000000, 1.000000000000000000, 0.000000000000000000 ) ) ;
#7316 = CARTESIAN_POINT ( 'NONE',  ( 9.021147027159171827, -0.7499999999999997780, -2.292008946580363027 ) ) ;
#7317 = EDGE_CURVE ( 'NONE', #5975, #3988, #2607, .T. ) ;
#7318 = CARTESIAN_POINT ( 'NONE',  ( 5.421188026352588452, -1.250000000000000222, -3.826023384304252595 ) ) ;
#7319 = CARTESIAN_POINT ( 'NONE',  ( 9.102212355749912831, -6.349999999999998757, 2.178223217047572380 ) ) ;
#7320 = ORIENTED_EDGE ( 'NONE', *, *, #291, .T. ) ;
#7321 = CARTESIAN_POINT ( 'NONE',  ( 0.4948548703877565513, -1.249999999999999778, -9.271084787564042529 ) ) ;
#7322 = CARTESIAN_POINT ( 'NONE',  ( 2.168404344971008868E-16, -12.84999999999999964, -9.741464024932666277 ) ) ;
#7323 = CARTESIAN_POINT ( 'NONE',  ( 2.123812721310466056, -1.249999999999999778, -9.190067605545392482 ) ) ;
#7324 = CARTESIAN_POINT ( 'NONE',  ( 9.271066497049023525, -1.175576128890378325, 0.4948548703877888588 ) ) ;
#7325 = LINE ( 'NONE', #883, #7384 ) ;
#7326 = AXIS2_PLACEMENT_3D ( 'NONE', #2103, #6686, #8106 ) ;
#7327 = CARTESIAN_POINT ( 'NONE',  ( 9.557485742446750976, -0.8691362225820252752, -1.930422840993690992 ) ) ;
#7328 = EDGE_LOOP ( 'NONE', ( #3974, #4750, #6609, #1458 ) ) ;
#7329 = ORIENTED_EDGE ( 'NONE', *, *, #4940, .T. ) ;
#7330 =( BOUNDED_SURFACE ( )  B_SPLINE_SURFACE ( 3, 2, ( 
 ( #3536, #4749, #6208 ),
 ( #216, #1494, #3452 ),
 ( #6730, #294, #4186 ),
 ( #6768, #5488, #8067 ),
 ( #4105, #2270, #850 ),
 ( #6169, #2150, #3491 ),
 ( #6128, #6085, #8186 ),
 ( #4791, #7421, #1533 ),
 ( #5398, #4142, #1455 ),
 ( #891, #2105, #178 ) ),
 .UNSPECIFIED., .F., .F., .T. ) 
 B_SPLINE_SURFACE_WITH_KNOTS ( ( 4, 2, 2, 2, 4 ),
 ( 3, 3 ),
 ( 0.000000000000000000, 8.874008666946169477E-05, 0.0001774801733389233895, 0.0002662202600083851114, 0.0003549603466778467791 ),
 ( 0.000000000000000000, 1.000000000000000000 ),
 .UNSPECIFIED. ) 
 GEOMETRIC_REPRESENTATION_ITEM ( )  RATIONAL_B_SPLINE_SURFACE ( (
 ( 1.000000000000000000, 0.7828858005155520106, 1.000000000000000000),
 ( 1.000000000000000000, 0.7823316129282674725, 1.000000000000000000),
 ( 1.000000000000000000, 0.8013859402318584957, 1.000000000000000000),
 ( 1.000000000000000000, 0.8529455745548045753, 1.000000000000000000),
 ( 1.000000000000000000, 0.8846933950169615368, 1.000000000000000000),
 ( 1.000000000000000000, 0.9391236465577113002, 1.000000000000000000),
 ( 1.000000000000000000, 0.9618119039027286377, 1.000000000000000000),
 ( 1.000000000000000000, 0.9921799038933842851, 1.000000000000000000),
 ( 1.000000000000000000, 0.9999926168062859277, 1.000000000000000000),
 ( 1.000000000000000000, 1.000000000000000000, 1.000000000000000000) ) ) 
 REPRESENTATION_ITEM ( '' )  SURFACE ( )  );
#7331 = CARTESIAN_POINT ( 'NONE',  ( -9.088981355127447870, -1.249999999999999778, 2.188426484021974705 ) ) ;
#7332 = CARTESIAN_POINT ( 'NONE',  ( -5.774854870387794215, -6.349999999999999645, -2.275387937340420219 ) ) ;
#7333 = VECTOR ( 'NONE', #4016, 1000.000000000000000 ) ;
#7334 = CARTESIAN_POINT ( 'NONE',  ( -2.264314106080065336, -0.8043540949612060231, -8.779380792806675160 ) ) ;
#7335 = DIRECTION ( 'NONE',  ( 0.000000000000000000, 1.000000000000000000, 0.000000000000000000 ) ) ;
#7336 = CARTESIAN_POINT ( 'NONE',  ( -0.9948548703877920785, -0.7500000000000000000, -6.274854870387789774 ) ) ;
#7337 = EDGE_LOOP ( 'NONE', ( #7285, #4453, #5091, #6114, #1917, #7080 ) ) ;
#7338 = CARTESIAN_POINT ( 'NONE',  ( 2.047585740924926956, -0.9501741689381582034, -10.10406192414160209 ) ) ;
#7339 = DIRECTION ( 'NONE',  ( 1.257890898639184104E-14, -0.000000000000000000, 1.000000000000000000 ) ) ;
#7340 = CARTESIAN_POINT ( 'NONE',  ( 9.008710553930972864, -6.349999999999999645, 2.329991424587249060 ) ) ;
#7341 = VERTEX_POINT ( 'NONE', #5300 ) ;
#7342 = CARTESIAN_POINT ( 'NONE',  ( 5.598265168446544315, -0.7499999999998983036, -3.397861557712515967 ) ) ;
#7343 = CARTESIAN_POINT ( 'NONE',  ( 1.734723475976804925E-15, -6.349999999999999645, -14.80000000000000071 ) ) ;
#7344 = CARTESIAN_POINT ( 'NONE',  ( 2.919898521236968580, -0.7499999999999997780, -6.224795864024047276 ) ) ;
#7345 = CARTESIAN_POINT ( 'NONE',  ( -9.299109199783140767, -1.117943485121084990, -2.105145129612209676 ) ) ;
#7346 = EDGE_CURVE ( 'NONE', #3268, #7724, #3307, .T. ) ;
#7347 = CARTESIAN_POINT ( 'NONE',  ( 2.151222925615962289, -0.7500000000000000000, -8.540799165329522324 ) ) ;
#7348 = CARTESIAN_POINT ( 'NONE',  ( -9.935855655966850719, -0.7499999999999997780, 1.651354423408249339 ) ) ;
#7349 = CARTESIAN_POINT ( 'NONE',  ( 2.275387937340425104, -0.7499999999999997780, 5.774854870387789774 ) ) ;
#7350 = ORIENTED_EDGE ( 'NONE', *, *, #514, .F. ) ;
#7351 = AXIS2_PLACEMENT_3D ( 'NONE', #6174, #143, #220 ) ;
#7352 = CARTESIAN_POINT ( 'NONE',  ( -1.651291189939976256, -1.177717385068819178, -9.935817880025515692 ) ) ;
#7353 = CARTESIAN_POINT ( 'NONE',  ( 0.4948548703877916344, -6.349999999999999645, 9.271102943336668289 ) ) ;
#7354 = CARTESIAN_POINT ( 'NONE',  ( -2.733715753514641023, -6.350000000000000533, -5.745157821363339856 ) ) ;
#7355 = CARTESIAN_POINT ( 'NONE',  ( 9.170254960818748913, -0.7499999999999994449, -2.132339861524164881 ) ) ;
#7356 = EDGE_CURVE ( 'NONE', #6269, #6796, #8523, .T. ) ;
#7357 = FACE_OUTER_BOUND ( 'NONE', #2682, .T. ) ;
#7358 = DIRECTION ( 'NONE',  ( 3.491481338843133355E-15, -0.000000000000000000, 1.000000000000000000 ) ) ;
#7359 =( BOUNDED_CURVE ( )  B_SPLINE_CURVE ( 3, ( #7531, #2732, #875, #1478 ),
 .UNSPECIFIED., .F., .T. ) 
 B_SPLINE_CURVE_WITH_KNOTS ( ( 4, 4 ),
 ( 0.000000000000000000, 1.000000000000000000 ),
 .UNSPECIFIED. ) 
 CURVE ( )  GEOMETRIC_REPRESENTATION_ITEM ( )  RATIONAL_B_SPLINE_CURVE ( ( 1.000000000000000000, 0.8048096403827891265, 0.8048096403827891265, 1.000000000000000000 ) ) 
 REPRESENTATION_ITEM ( '' )  );
#7360 = B_SPLINE_CURVE_WITH_KNOTS ( 'NONE', 3,
 ( #5305, #6717, #636, #3269, #2611, #7286, #4005, #713 ),
 .UNSPECIFIED., .F., .F.,
 ( 4, 2, 2, 4 ),
 ( 0.000000000000000000, 0.0002156586824478767209, 0.0004313173648957534419, 0.0008626347297915028722 ),
 .UNSPECIFIED. ) ;
#7361 = ORIENTED_EDGE ( 'NONE', *, *, #3235, .F. ) ;
#7362 = CARTESIAN_POINT ( 'NONE',  ( 0.7394098138757808636, -0.8005886769970046446, -9.194064971858892932 ) ) ;
#7363 = CARTESIAN_POINT ( 'NONE',  ( 6.572561605172373680E-14, -1.249999999999999778, 6.274854870387789774 ) ) ;
#7364 = DIRECTION ( 'NONE',  ( 0.000000000000000000, 0.000000000000000000, -1.000000000000000000 ) ) ;
#7365 = CARTESIAN_POINT ( 'NONE',  ( 8.589525023534681836, -0.7499999999999998890, -2.032805528092057390 ) ) ;
#7366 = CARTESIAN_POINT ( 'NONE',  ( -9.115647332695257177, -0.7499999999999997780, -0.9948548703877890809 ) ) ;
#7367 = EDGE_CURVE ( 'NONE', #1314, #5187, #5868, .T. ) ;
#7368 = FACE_OUTER_BOUND ( 'NONE', #4847, .T. ) ;
#7369 = VERTEX_POINT ( 'NONE', #7280 ) ;
#7370 = ORIENTED_EDGE ( 'NONE', *, *, #159, .T. ) ;
#7371 = AXIS2_PLACEMENT_3D ( 'NONE', #5112, #3078, #3027 ) ;
#7372 = CARTESIAN_POINT ( 'NONE',  ( -6.074809178934704512, -1.249999999999999778, 0.4948548703878541954 ) ) ;
#7373 = CARTESIAN_POINT ( 'NONE',  ( -9.676946223252326007, -1.200396464468286517, -2.103262903735324763 ) ) ;
#7374 = CARTESIAN_POINT ( 'NONE',  ( -4.788315312100536403, -0.9887620709047898471, -4.788275831678805439 ) ) ;
#7375 = CARTESIAN_POINT ( 'NONE',  ( -9.678314036664040998, -1.249999999999999778, 2.105145129612311372 ) ) ;
#7376 = CARTESIAN_POINT ( 'NONE',  ( 12.69999999999999929, -1.249999999999999778, -1.734723475976804925E-15 ) ) ;
#7377 = EDGE_CURVE ( 'NONE', #3671, #3342, #3825, .T. ) ;
#7378 = CIRCLE ( 'NONE', #1991, 2.100000000000000977 ) ;
#7379 = EDGE_LOOP ( 'NONE', ( #3210, #4455, #7785, #2432 ) ) ;
#7380 =( BOUNDED_SURFACE ( )  B_SPLINE_SURFACE ( 3, 1, ( 
 ( #2728, #7353 ),
 ( #2685, #7913 ),
 ( #6536, #3218 ),
 ( #5254, #625 ) ),
 .UNSPECIFIED., .F., .F., .T. ) 
 B_SPLINE_SURFACE_WITH_KNOTS ( ( 4, 4 ),
 ( 2, 2 ),
 ( 0.000000000000000000, 1.000000000000000000 ),
 ( 0.000000000000000000, 1.000000000000000000 ),
 .UNSPECIFIED. ) 
 GEOMETRIC_REPRESENTATION_ITEM ( )  RATIONAL_B_SPLINE_SURFACE ( (
 ( 1.000000000000000000, 1.000000000000000000),
 ( 0.8553052591888762324, 0.8553052591888762324),
 ( 0.8553052591888762324, 0.8553052591888762324),
 ( 1.000000000000000000, 1.000000000000000000) ) ) 
 REPRESENTATION_ITEM ( '' )  SURFACE ( )  );
#7381 = CARTESIAN_POINT ( 'NONE',  ( 9.940748498636036601, -1.249999999999999778, -2.105004284771717415 ) ) ;
#7382 = EDGE_LOOP ( 'NONE', ( #1371, #8466, #7654, #6276 ) ) ;
#7383 = DIRECTION ( 'NONE',  ( 0.000000000000000000, 0.000000000000000000, 1.000000000000000000 ) ) ;
#7384 = VECTOR ( 'NONE', #1566, 1000.000000000000000 ) ;
#7385 = CARTESIAN_POINT ( 'NONE',  ( 1.634833337635802186, -0.7952020810984767873, -9.632018583346335205 ) ) ;
#7386 = ORIENTED_EDGE ( 'NONE', *, *, #4335, .T. ) ;
#7387 = CARTESIAN_POINT ( 'NONE',  ( 5.117196658425519296, -1.249999999999999778, -4.321045569831847288 ) ) ;
#7388 = CARTESIAN_POINT ( 'NONE',  ( -2.105145129612103982, -1.249999999999999778, 9.678314036663996589 ) ) ;
#7389 = DIRECTION ( 'NONE',  ( -0.000000000000000000, -1.000000000000000000, -0.000000000000000000 ) ) ;
#7390 = DIRECTION ( 'NONE',  ( 0.000000000000000000, 0.000000000000000000, 1.000000000000000000 ) ) ;
#7391 = CIRCLE ( 'NONE', #6570, 2.999999999999999112 ) ;
#7392 = CARTESIAN_POINT ( 'NONE',  ( 0.4948548703877904686, -6.349999999999999645, 6.074809178934709841 ) ) ;
#7393 = DIRECTION ( 'NONE',  ( 7.105427357601001859E-15, 0.000000000000000000, 1.000000000000000000 ) ) ;
#7394 = EDGE_LOOP ( 'NONE', ( #7871, #8250, #2803, #5513 ) ) ;
#7395 = CARTESIAN_POINT ( 'NONE',  ( 9.935817880025343385, -1.249999999999999778, 1.651291189939978032 ) ) ;
#7396 = EDGE_CURVE ( 'NONE', #82, #6703, #1866, .T. ) ;
#7397 = AXIS2_PLACEMENT_3D ( 'NONE', #6518, #5316, #727 ) ;
#7398 = CARTESIAN_POINT ( 'NONE',  ( 9.563309819739387763, -6.349999999999999645, -0.7270764054875576976 ) ) ;
#7399 = CARTESIAN_POINT ( 'NONE',  ( -7.350074935597541465E-15, -1.249999999999999778, -2.105145129612210120 ) ) ;
#7400 = CARTESIAN_POINT ( 'NONE',  ( 9.017039927679608269, -1.249999999999999778, -2.303537777566754929 ) ) ;
#7401 =( BOUNDED_SURFACE ( )  B_SPLINE_SURFACE ( 3, 1, ( 
 ( #546, #3174 ),
 ( #504, #1902 ),
 ( #5820, #1266 ),
 ( #7711, #1864 ) ),
 .UNSPECIFIED., .F., .F., .T. ) 
 B_SPLINE_SURFACE_WITH_KNOTS ( ( 4, 4 ),
 ( 2, 2 ),
 ( 0.000000000000000000, 1.000000000000000000 ),
 ( 0.000000000000000000, 1.000000000000000000 ),
 .UNSPECIFIED. ) 
 GEOMETRIC_REPRESENTATION_ITEM ( )  RATIONAL_B_SPLINE_SURFACE ( (
 ( 1.000000000000000000, 1.000000000000000000),
 ( 0.6625055929971761515, 0.6625055929971761515),
 ( 0.6625055929971761515, 0.6625055929971761515),
 ( 1.000000000000000000, 1.000000000000000000) ) ) 
 REPRESENTATION_ITEM ( '' )  SURFACE ( )  );
#7402 = CARTESIAN_POINT ( 'NONE',  ( -2.555000000000000160, 6.349999999999999645, -2.555000000000000160 ) ) ;
#7403 = CARTESIAN_POINT ( 'NONE',  ( 9.563309819739272299, -6.349999999999999645, 0.7270764054876839300 ) ) ;
#7404 = EDGE_CURVE ( 'NONE', #2907, #3897, #3868, .T. ) ;
#7405 = FACE_OUTER_BOUND ( 'NONE', #2568, .T. ) ;
#7406 = ORIENTED_EDGE ( 'NONE', *, *, #3186, .F. ) ;
#7407 = DIRECTION ( 'NONE',  ( 0.000000000000000000, 0.000000000000000000, -1.000000000000000000 ) ) ;
#7408 = CARTESIAN_POINT ( 'NONE',  ( 1.605145129612177035, -0.7499999999999997780, -9.344284074950458319 ) ) ;
#7409 = B_SPLINE_CURVE_WITH_KNOTS ( 'NONE', 3,
 ( #7104, #1178, #3821, #1415, #6055, #145, #8234, #7589, #6134, #2838, #5571, #6901, #260, #978, #8115, #7508, #6776, #1580, #2793, #2878, #5496, #1656, #4315, #8192, #2235, #2962 ),
 .UNSPECIFIED., .F., .F.,
 ( 4, 1, 1, 1, 2, 2, 2, 2, 2, 2, 1, 1, 1, 2, 2, 4 ),
 ( 0.000000000000000000, 0.06250000000000359435, 0.09375000000000471845, 0.1093750000000052874, 0.1171875000000051487, 0.1250000000000049960, 0.1875000000000048572, 0.2500000000000047184, 0.5000000000000035527, 0.7500000000000022204, 0.8125000000000017764, 0.8437500000000015543, 0.8593750000000014433, 0.8671875000000016653, 0.8750000000000018874, 1.000000000000000000 ),
 .UNSPECIFIED. ) ;
#7410 = B_SPLINE_SURFACE_WITH_KNOTS ( 'NONE', 3, 1, ( 
 ( #5625, #3848 ),
 ( #3807, #3158 ),
 ( #1115, #7597 ),
 ( #8378, #5106 ),
 ( #7644, #5715 ),
 ( #6954, #1714 ),
 ( #7734, #8244 ),
 ( #6479, #6441 ),
 ( #4324, #3768 ),
 ( #4371, #1033 ),
 ( #2420, #486 ),
 ( #3684, #442 ),
 ( #529, #2456 ),
 ( #3116, #5761 ),
 ( #1799, #5805 ) ),
 .UNSPECIFIED., .F., .F., .F.,
 ( 4, 1, 1, 1, 1, 1, 1, 1, 1, 1, 1, 1, 4 ),
 ( 2, 2 ),
 ( 0.000000000000000000, 0.06779283232821911587, 0.1361444658705646682, 0.2050550457802249038, 0.2745247136004537736, 0.3445536073781220732, 0.4862896081618728328, 0.6302640866214523907, 0.7030910659234864690, 0.7764780318659828540, 0.8504251008530517852, 0.9249323865572913750, 1.000000000000000000 ),
 ( 0.000000000000000000, 1.000000000000000000 ),
 .UNSPECIFIED. ) ;
#7411 = LINE ( 'NONE', #4737, #8162 ) ;
#7412 = CARTESIAN_POINT ( 'NONE',  ( 9.199881272816424982, -0.7499999999999997780, -1.610352866662313698 ) ) ;
#7413 = DIRECTION ( 'NONE',  ( 3.552713678800500929E-15, 0.000000000000000000, 1.000000000000000000 ) ) ;
#7414 = LINE ( 'NONE', #5439, #361 ) ;
#7415 = PLANE ( 'NONE',  #3759 ) ;
#7416 = ADVANCED_FACE ( 'NONE', ( #4557 ), #7057, .F. ) ;
#7417 = EDGE_CURVE ( 'NONE', #7341, #7037, #1998, .T. ) ;
#7418 = CARTESIAN_POINT ( 'NONE',  ( -9.671956310101965215, -1.152677804707680220, -2.096174882211883084 ) ) ;
#7419 = LINE ( 'NONE', #6167, #7060 ) ;
#7420 = CARTESIAN_POINT ( 'NONE',  ( 8.527837839776362117, -0.7499999999999997780, -2.192387404637242909 ) ) ;
#7421 = CARTESIAN_POINT ( 'NONE',  ( 0.9022314755060691915, -0.7557942769546516226, 9.186468074454490207 ) ) ;
#7422 = ORIENTED_EDGE ( 'NONE', *, *, #4516, .T. ) ;
#7423 = CARTESIAN_POINT ( 'NONE',  ( 9.678314036664053432, -1.249999999999999778, -2.105145129612243871 ) ) ;
#7424 = ORIENTED_EDGE ( 'NONE', *, *, #5831, .T. ) ;
#7425 = LINE ( 'NONE', #4708, #5426 ) ;
#7426 = EDGE_CURVE ( 'NONE', #3570, #2977, #4132, .T. ) ;
#7427 = CARTESIAN_POINT ( 'NONE',  ( 5.875021577744232282, -0.9427265114570068105, -0.8349215533303884218 ) ) ;
#7428 = CARTESIAN_POINT ( 'NONE',  ( -2.151222925615901893, -0.7499999999999996669, 8.540799165329534759 ) ) ;
#7429 = ORIENTED_EDGE ( 'NONE', *, *, #5858, .T. ) ;
#7430 = CARTESIAN_POINT ( 'NONE',  ( 5.773050187135002176, -1.249999999999999778, -2.389218707330957869 ) ) ;
#7431 = CARTESIAN_POINT ( 'NONE',  ( 5.774854870387789774, -1.249999999999999778, 0.7948548703877920119 ) ) ;
#7432 = CARTESIAN_POINT ( 'NONE',  ( -2.070971087514145825, -1.067192003028250014, 9.654274468677970233 ) ) ;
#7433 =( BOUNDED_SURFACE ( )  B_SPLINE_SURFACE ( 3, 2, ( 
 ( #4062, #4018, #5965 ),
 ( #3979, #3325, #2020 ),
 ( #3367, #2707, #6007 ),
 ( #5317, #3888, #1926 ),
 ( #4665, #652, #5845 ),
 ( #7938, #1287, #7295 ),
 ( #3284, #6519, #5357 ),
 ( #5280, #14, #4703 ),
 ( #8457, #7980, #2535 ),
 ( #7336, #7813, #3238 ) ),
 .UNSPECIFIED., .F., .F., .T. ) 
 B_SPLINE_SURFACE_WITH_KNOTS ( ( 4, 2, 2, 2, 4 ),
 ( 3, 3 ),
 ( 6.283185307179586232, 6.675884388878310816, 7.068583470577034511, 7.461282552275758206, 7.853981633974482790 ),
 ( 0.000000000000000000, 1.000000000000000000 ),
 .UNSPECIFIED. ) 
 GEOMETRIC_REPRESENTATION_ITEM ( )  RATIONAL_B_SPLINE_SURFACE ( (
 ( 1.000000000000000000, 0.7071067811865475727, 1.000000000000000000),
 ( 1.000000000000000000, 0.7066753101504371637, 1.000000000000000000),
 ( 1.000000000000000000, 0.7265523339799810909, 1.000000000000000000),
 ( 1.000000000000000000, 0.7876779057172224041, 1.000000000000000000),
 ( 1.000000000000000000, 0.8282383019017557357, 1.000000000000000000),
 ( 1.000000000000000000, 0.9038125056671201252, 1.000000000000000000),
 ( 1.000000000000000000, 0.9386557992894107860, 1.000000000000000000),
 ( 1.000000000000000000, 0.9867290404729016640, 1.000000000000000000),
 ( 1.000000000000000000, 1.000158692512683745, 1.000000000000000000),
 ( 1.000000000000000000, 1.000000000000000000, 1.000000000000000000) ) ) 
 REPRESENTATION_ITEM ( '' )  SURFACE ( )  );
#7434 = CARTESIAN_POINT ( 'NONE',  ( -5.664579310619529018, -1.249999999999999778, 3.176823113343918425 ) ) ;
#7435 = CARTESIAN_POINT ( 'NONE',  ( 1.610302168003613366, -0.7499999999999995559, -9.200383261364866172 ) ) ;
#7436 = LINE ( 'NONE', #8040, #4734 ) ;
#7437 = DIRECTION ( 'NONE',  ( -0.000000000000000000, 0.000000000000000000, 1.000000000000000000 ) ) ;
#7438 = ORIENTED_EDGE ( 'NONE', *, *, #3530, .F. ) ;
#7439 = CARTESIAN_POINT ( 'NONE',  ( -1.622253303979833028, -0.7499999999999998890, 9.487247446397651274 ) ) ;
#7440 = CARTESIAN_POINT ( 'NONE',  ( -2.439871194027436019, -6.349999999999999645, -5.770829219887830597 ) ) ;
#7441 = CARTESIAN_POINT ( 'NONE',  ( 1.734723475976804925E-15, -4.349999999999999645, -12.69999999999999929 ) ) ;
#7442 = ORIENTED_EDGE ( 'NONE', *, *, #3744, .F. ) ;
#7443 = ADVANCED_FACE ( 'NONE', ( #6501 ), #1143, .T. ) ;
#7444 = CARTESIAN_POINT ( 'NONE',  ( -2.275387937340425104, -1.249999999999999778, -5.774854870387789774 ) ) ;
#7445 = CARTESIAN_POINT ( 'NONE',  ( 9.563309819739272299, -1.249999999999999778, 0.7270764054876839300 ) ) ;
#7446 = LINE ( 'NONE', #8134, #2813 ) ;
#7447 = ORIENTED_EDGE ( 'NONE', *, *, #7346, .F. ) ;
#7448 = CARTESIAN_POINT ( 'NONE',  ( -9.935836767996040209, -1.249999999999999778, -1.651322806674099031 ) ) ;
#7449 = CARTESIAN_POINT ( 'NONE',  ( -2.121320343559642829, -10.02157287525380980, -15.55634918610405037 ) ) ;
#7450 = CARTESIAN_POINT ( 'NONE',  ( 2.107992638069511759, -6.349999999999999645, -9.244344518579993064 ) ) ;
#7451 = CARTESIAN_POINT ( 'NONE',  ( 0.4948548703877910238, -6.349999999999999645, 0.000000000000000000 ) ) ;
#7452 = CARTESIAN_POINT ( 'NONE',  ( -5.774854870387767569, -1.249999999999999778, 2.275387937340485500 ) ) ;
#7453 = EDGE_CURVE ( 'NONE', #802, #1869, #4881, .T. ) ;
#7454 = CARTESIAN_POINT ( 'NONE',  ( -12.69999999999999929, -6.349999999999999645, 1.734723475976804925E-15 ) ) ;
#7455 = CARTESIAN_POINT ( 'NONE',  ( -2.267308931587098453, -1.250000000000000000, 9.030364150608981788 ) ) ;
#7456 = CARTESIAN_POINT ( 'NONE',  ( -9.938996422655451468, -0.8256352976920942055, -1.954965967418303086 ) ) ;
#7457 = CARTESIAN_POINT ( 'NONE',  ( 5.774854870387789774, -0.7499999999999997780, -2.016279801448634874E-14 ) ) ;
#7458 = DIRECTION ( 'NONE',  ( 0.000000000000000000, 0.000000000000000000, 1.000000000000000000 ) ) ;
#7459 = AXIS2_PLACEMENT_3D ( 'NONE', #7968, #4653, #2046 ) ;
#7460 = LINE ( 'NONE', #254, #2823 ) ;
#7461 = EDGE_LOOP ( 'NONE', ( #3981, #385, #3289, #3851 ) ) ;
#7462 = ADVANCED_FACE ( 'NONE', ( #3077 ), #6405, .T. ) ;
#7463 = ADVANCED_FACE ( 'NONE', ( #1082 ), #5719, .T. ) ;
#7464 = CARTESIAN_POINT ( 'NONE',  ( 9.935836767996187646, -1.249999999999999778, -1.651322806674095256 ) ) ;
#7465 = ORIENTED_EDGE ( 'NONE', *, *, #7565, .F. ) ;
#7466 = CARTESIAN_POINT ( 'NONE',  ( 1.604824603125688309, -0.7499999999999997780, -9.292283660294971881 ) ) ;
#7467 = AXIS2_PLACEMENT_3D ( 'NONE', #6936, #4910, #5562 ) ;
#7468 = CARTESIAN_POINT ( 'NONE',  ( -0.4948548703877910238, -1.249999999999999778, -6.074832024661248830 ) ) ;
#7469 = LINE ( 'NONE', #937, #4078 ) ;
#7470 = CARTESIAN_POINT ( 'NONE',  ( -10.07030783714662370, -1.249999999999999778, -1.876683844410757418 ) ) ;
#7471 = EDGE_LOOP ( 'NONE', ( #3095, #171, #4878, #6234 ) ) ;
#7472 = ORIENTED_EDGE ( 'NONE', *, *, #5223, .T. ) ;
#7473 = CARTESIAN_POINT ( 'NONE',  ( -0.6619912748339022990, -0.8647588404930645067, 9.375177540560439837 ) ) ;
#7474 = CARTESIAN_POINT ( 'NONE',  ( 5.889309911231786820, -0.9046407722474678614, 0.6093099112317894583 ) ) ;
#7475 = CARTESIAN_POINT ( 'NONE',  ( -1.648499996499960707, -1.012903213348996578, 9.865217305540017634 ) ) ;
#7476 = DIRECTION ( 'NONE',  ( -0.000000000000000000, -1.000000000000000000, -0.000000000000000000 ) ) ;
#7477 = AXIS2_PLACEMENT_3D ( 'NONE', #5931, #3370, #1974 ) ;
#7478 = CARTESIAN_POINT ( 'NONE',  ( 9.654274468678117671, -1.067192003028243130, -2.070971087514281717 ) ) ;
#7479 = ORIENTED_EDGE ( 'NONE', *, *, #3451, .T. ) ;
#7480 = DIRECTION ( 'NONE',  ( -0.000000000000000000, -1.000000000000000000, -0.000000000000000000 ) ) ;
#7481 = CARTESIAN_POINT ( 'NONE',  ( -1.605145129612113086, -0.7499999999999997780, 9.286119137480397967 ) ) ;
#7482 = ORIENTED_EDGE ( 'NONE', *, *, #6144, .T. ) ;
#7483 = CARTESIAN_POINT ( 'NONE',  ( -1.634833042451687035, -0.7952000343970890839, -9.632014602767354106 ) ) ;
#7484 = VECTOR ( 'NONE', #1990, 1000.000000000000000 ) ;
#7485 = LINE ( 'NONE', #872, #7788 ) ;
#7486 = CARTESIAN_POINT ( 'NONE',  ( 8.608664995635102457, -0.7499999999999997780, -1.998477050894525764 ) ) ;
#7487 = ORIENTED_EDGE ( 'NONE', *, *, #8209, .F. ) ;
#7488 = LINE ( 'NONE', #917, #1404 ) ;
#7489 = CARTESIAN_POINT ( 'NONE',  ( -9.626472722236725232, -0.9791613583409505273, 2.031122491530310104 ) ) ;
#7490 = CARTESIAN_POINT ( 'NONE',  ( 0.9948548703877708732, -0.7499999999999996669, -6.274854870387793326 ) ) ;
#7491 = FACE_OUTER_BOUND ( 'NONE', #3708, .T. ) ;
#7492 = CARTESIAN_POINT ( 'NONE',  ( -5.746626600267633833, -0.7499999999999996669, 4.279101220166745989 ) ) ;
#7493 = CARTESIAN_POINT ( 'NONE',  ( 6.572561605172373680E-14, -0.7499999999999997780, 6.274854870387789774 ) ) ;
#7494 = CARTESIAN_POINT ( 'NONE',  ( 9.021228597966398866, -0.7499999999999997780, 2.291782913165300695 ) ) ;
#7495 = CARTESIAN_POINT ( 'NONE',  ( -2.113604530851375785, -6.350000000000000533, 9.229034011522669445 ) ) ;
#7496 = B_SPLINE_CURVE_WITH_KNOTS ( 'NONE', 3,
 ( #1845, #4497, #1207, #6316, #397, #2539, #6650, #5850, #657, #2063, #5932, #6692, #4021, #3199 ),
 .UNSPECIFIED., .F., .F.,
 ( 4, 2, 2, 2, 2, 2, 4 ),
 ( 0.000000000000000000, 0.0001294670375279976897, 0.0002589340750559953794, 0.0005178681501119857715, 0.0007768022251679763263, 0.0009062692626959729589, 0.001035736300223969808 ),
 .UNSPECIFIED. ) ;
#7497 = CARTESIAN_POINT ( 'NONE',  ( -0.7270764054875240578, -6.349999999999999645, -9.563309819739389539 ) ) ;
#7498 = EDGE_CURVE ( 'NONE', #3013, #82, #4907, .T. ) ;
#7499 = PLANE ( 'NONE',  #4576 ) ;
#7500 = CARTESIAN_POINT ( 'NONE',  ( -5.773686764335373311, -6.349999999999999645, -2.344164247592837924 ) ) ;
#7501 = CARTESIAN_POINT ( 'NONE',  ( -2.132339861524017000, -0.7499999999999904521, -9.170254960819141488 ) ) ;
#7502 = CARTESIAN_POINT ( 'NONE',  ( 5.774854870387789774, -1.249999999999999778, 2.275387937340419775 ) ) ;
#7503 = AXIS2_PLACEMENT_3D ( 'NONE', #8052, #2135, #2178 ) ;
#7504 = LINE ( 'NONE', #2107, #7915 ) ;
#7505 = EDGE_LOOP ( 'NONE', ( #7807, #6566, #4982 ) ) ;
#7506 = CARTESIAN_POINT ( 'NONE',  ( 2.266305911965511566, -0.7499999999999997780, -9.032593606582857149 ) ) ;
#7507 =( BOUNDED_SURFACE ( )  B_SPLINE_SURFACE ( 3, 2, ( 
 ( #5328, #6739, #7303 ),
 ( #2842, #4114, #4152 ),
 ( #6779, #1378, #3504 ),
 ( #696, #4026, #2199 ),
 ( #4838, #7473, #3989 ),
 ( #6618, #3333, #5976 ),
 ( #7514, #3585, #2281 ),
 ( #6217, #941, #4924 ),
 ( #264, #434, #4319 ),
 ( #1621, #1660, #2884 ) ),
 .UNSPECIFIED., .F., .F., .T. ) 
 B_SPLINE_SURFACE_WITH_KNOTS ( ( 4, 2, 2, 2, 4 ),
 ( 3, 3 ),
 ( 0.000000000000000000, 8.874008666946200648E-05, 0.0001774801733389240130, 0.0002662202600083860330, 0.0003549603466778480259 ),
 ( 0.000000000000000000, 1.000000000000000000 ),
 .UNSPECIFIED. ) 
 GEOMETRIC_REPRESENTATION_ITEM ( )  RATIONAL_B_SPLINE_SURFACE ( (
 ( 1.000000000000000000, 0.7828858005155485689, 1.000000000000000000),
 ( 1.000000000000000000, 0.7823316129282656961, 1.000000000000000000),
 ( 1.000000000000000000, 0.8013859402318569414, 1.000000000000000000),
 ( 1.000000000000000000, 0.8529455745548032430, 1.000000000000000000),
 ( 1.000000000000000000, 0.8846933950169281191, 1.000000000000000000),
 ( 1.000000000000000000, 0.9391236465577411652, 1.000000000000000000),
 ( 1.000000000000000000, 0.9618119039027123174, 1.000000000000000000),
 ( 1.000000000000000000, 0.9921799038934010495, 1.000000000000000000),
 ( 1.000000000000000000, 0.9999926168062736043, 1.000000000000000000),
 ( 1.000000000000000000, 1.000000000000000000, 1.000000000000000000) ) ) 
 REPRESENTATION_ITEM ( '' )  SURFACE ( )  );
#7508 = CARTESIAN_POINT ( 'NONE',  ( 5.663282509048526592, -6.350000000000001421, 3.181466412138542754 ) ) ;
#7509 = CARTESIAN_POINT ( 'NONE',  ( 6.074809178934709841, -6.349999999999999645, 0.4948548703877917454 ) ) ;
#7510 = EDGE_CURVE ( 'NONE', #7974, #1855, #2009, .T. ) ;
#7511 = EDGE_LOOP ( 'NONE', ( #1456, #4681, #5982 ) ) ;
#7512 = ORIENTED_EDGE ( 'NONE', *, *, #1599, .T. ) ;
#7513 = AXIS2_PLACEMENT_3D ( 'NONE', #6700, #5122, #4074 ) ;
#7514 = CARTESIAN_POINT ( 'NONE',  ( -0.7639417980172579226, -0.8024511534720687456, 9.186526414003017393 ) ) ;
#7515 = CARTESIAN_POINT ( 'NONE',  ( 0.000000000000000000, -1.249999999999999778, 0.000000000000000000 ) ) ;
#7516 = CARTESIAN_POINT ( 'NONE',  ( -1.666225140803893723, -0.7500000213290716200, 9.441261499187818984 ) ) ;
#7517 = CARTESIAN_POINT ( 'NONE',  ( -5.773050187134995959, -1.249999999999999778, 2.389218707330301505 ) ) ;
#7518 = VERTEX_POINT ( 'NONE', #1166 ) ;
#7519 = CARTESIAN_POINT ( 'NONE',  ( 9.344284074950452990, -0.7499999999999997780, 1.605145129612209454 ) ) ;
#7520 = CARTESIAN_POINT ( 'NONE',  ( 8.654304331306681419, -0.7499999999999916733, 2.228527951296727760 ) ) ;
#7521 = CIRCLE ( 'NONE', #5190, 1.600000000000004086 ) ;
#7522 = ORIENTED_EDGE ( 'NONE', *, *, #3777, .T. ) ;
#7523 = CARTESIAN_POINT ( 'NONE',  ( 9.938996422655451468, -0.8256352976920942055, 1.954965967418303086 ) ) ;
#7524 = EDGE_CURVE ( 'NONE', #2011, #3197, #3813, .T. ) ;
#7525 = CARTESIAN_POINT ( 'NONE',  ( -2.105145129612112420, -1.117943485121107638, 9.299109199783163859 ) ) ;
#7526 = AXIS2_PLACEMENT_3D ( 'NONE', #1690, #7067, #7716 ) ;
#7527 = B_SPLINE_CURVE_WITH_KNOTS ( 'NONE', 3,
 ( #6242, #326, #2945, #5600, #6337, #7577, #4301, #2997 ),
 .UNSPECIFIED., .F., .F.,
 ( 4, 2, 2, 4 ),
 ( 0.000000000000000000, 0.0002170027322560639106, 0.0004340054645121278211, 0.0008680109290242533655 ),
 .UNSPECIFIED. ) ;
#7528 = DIRECTION ( 'NONE',  ( 0.000000000000000000, 1.000000000000000000, -0.000000000000000000 ) ) ;
#7529 = ORIENTED_EDGE ( 'NONE', *, *, #5958, .T. ) ;
#7530 = ORIENTED_EDGE ( 'NONE', *, *, #4111, .F. ) ;
#7531 = CARTESIAN_POINT ( 'NONE',  ( 6.074832024661247942, -1.249999999999999778, -0.4948548703878122290 ) ) ;
#7532 = CARTESIAN_POINT ( 'NONE',  ( -6.274854870387789774, -0.7499999999999996669, -0.9948548703877931887 ) ) ;
#7533 = CARTESIAN_POINT ( 'NONE',  ( -4.613009108794430269, -0.7499999999999997780, 5.523435962882826900 ) ) ;
#7534 = EDGE_CURVE ( 'NONE', #3120, #7841, #6017, .T. ) ;
#7535 = FACE_OUTER_BOUND ( 'NONE', #3626, .T. ) ;
#7536 = FACE_OUTER_BOUND ( 'NONE', #5816, .T. ) ;
#7537 = DIRECTION ( 'NONE',  ( -0.000000000000000000, -1.000000000000000000, -0.000000000000000000 ) ) ;
#7538 = CARTESIAN_POINT ( 'NONE',  ( 9.297056062851895675, -0.8004147824066365491, 0.7605129427895579441 ) ) ;
#7539 = DIRECTION ( 'NONE',  ( -0.000000000000000000, -1.000000000000000000, -0.000000000000000000 ) ) ;
#7540 = CARTESIAN_POINT ( 'NONE',  ( -2.147236052271225937, -6.350000000000000533, 9.141921724149286277 ) ) ;
#7541 = VERTEX_POINT ( 'NONE', #2593 ) ;
#7542 = DIRECTION ( 'NONE',  ( -1.000000000000000000, 0.000000000000000000, 3.491481338843133355E-15 ) ) ;
#7543 = CARTESIAN_POINT ( 'NONE',  ( 2.100000000000000977, -12.84999999999999964, -2.314222331583551728 ) ) ;
#7544 = CARTESIAN_POINT ( 'NONE',  ( 0.7359155481713451907, -1.101661675395391393, -9.547528442630095924 ) ) ;
#7545 = CARTESIAN_POINT ( 'NONE',  ( -2.107703023877881332, -0.7499999999999904521, -9.258927515424622001 ) ) ;
#7546 = DIRECTION ( 'NONE',  ( 0.000000000000000000, 0.000000000000000000, 1.000000000000000000 ) ) ;
#7547 = EDGE_CURVE ( 'NONE', #927, #3114, #6731, .T. ) ;
#7548 = LINE ( 'NONE', #1496, #482 ) ;
#7549 = VERTEX_POINT ( 'NONE', #7905 ) ;
#7550 = CARTESIAN_POINT ( 'NONE',  ( 2.156646134154500682, -0.7499999999999997780, -8.539091577304626313 ) ) ;
#7551 = ORIENTED_EDGE ( 'NONE', *, *, #8468, .F. ) ;
#7552 = ORIENTED_EDGE ( 'NONE', *, *, #6164, .T. ) ;
#7553 = CARTESIAN_POINT ( 'NONE',  ( 5.967581381844793142, -0.8501667073564482813, 0.8719454749705938257 ) ) ;
#7554 = B_SPLINE_CURVE_WITH_KNOTS ( 'NONE', 3,
 ( #5977, #7824, #577, #3205, #8470, #2545, #4547, #67 ),
 .UNSPECIFIED., .F., .F.,
 ( 4, 2, 2, 4 ),
 ( -4.587863080612564544E-06, 0.0004300549457600743404, 0.0006473763501804176120, 0.0008646977546007608836 ),
 .UNSPECIFIED. ) ;
#7555 = LINE ( 'NONE', #1466, #81 ) ;
#7556 = CARTESIAN_POINT ( 'NONE',  ( -5.747754117993142842, -0.7499999999999433786, 2.724394547431340019 ) ) ;
#7557 = EDGE_CURVE ( 'NONE', #2328, #3045, #3249, .T. ) ;
#7558 = CARTESIAN_POINT ( 'NONE',  ( 0.000000000000000000, -1.249999999999999778, 0.000000000000000000 ) ) ;
#7559 = CARTESIAN_POINT ( 'NONE',  ( -4.749987219571101704, -1.249999999999999778, -4.749987219571101704 ) ) ;
#7560 = ORIENTED_EDGE ( 'NONE', *, *, #5349, .T. ) ;
#7561 =( BOUNDED_CURVE ( )  B_SPLINE_CURVE ( 3, ( #6184, #2889, #309, #7392 ),
 .UNSPECIFIED., .F., .T. ) 
 B_SPLINE_CURVE_WITH_KNOTS ( ( 4, 4 ),
 ( 3.927143110234821766, 5.497634850534556250 ),
 .UNSPECIFIED. ) 
 CURVE ( )  GEOMETRIC_REPRESENTATION_ITEM ( )  RATIONAL_B_SPLINE_CURVE ( ( 1.000000000000000000, 0.8048096403827855738, 0.8048096403827855738, 1.000000000000000000 ) ) 
 REPRESENTATION_ITEM ( '' )  );
#7562 = CARTESIAN_POINT ( 'NONE',  ( 9.636682573286028841, -1.012903214276676955, 2.045745706930499175 ) ) ;
#7563 = DIRECTION ( 'NONE',  ( 0.000000000000000000, 0.000000000000000000, 1.000000000000000000 ) ) ;
#7564 = CARTESIAN_POINT ( 'NONE',  ( 9.318289500075382037, -0.7499999999999997780, -2.104147843289987829 ) ) ;
#7565 = EDGE_CURVE ( 'NONE', #2599, #1855, #1253, .T. ) ;
#7566 = ADVANCED_FACE ( 'NONE', ( #2677 ), #6486, .T. ) ;
#7567 = CARTESIAN_POINT ( 'NONE',  ( -9.248924463132041751, -0.7499999999999997780, -1.607079079512876651 ) ) ;
#7568 = ORIENTED_EDGE ( 'NONE', *, *, #1578, .T. ) ;
#7569 = ORIENTED_EDGE ( 'NONE', *, *, #7686, .F. ) ;
#7570 = CARTESIAN_POINT ( 'NONE',  ( 9.416551571811833554, -1.249999999999999778, 0.4948900776560691828 ) ) ;
#7571 = CARTESIAN_POINT ( 'NONE',  ( 2.495065244097828483, -0.7499999999999997780, 5.770106037977914326 ) ) ;
#7572 = CARTESIAN_POINT ( 'NONE',  ( -2.919898521237850986, -0.7499999999999997780, 6.224795864023953129 ) ) ;
#7573 = LINE ( 'NONE', #4214, #7749 ) ;
#7574 = PLANE ( 'NONE',  #4626 ) ;
#7575 = DIRECTION ( 'NONE',  ( -0.7071067811865480168, 0.7071067811865471286, 0.000000000000000000 ) ) ;
#7576 = CARTESIAN_POINT ( 'NONE',  ( 5.223832818756057428, -6.349999999999999645, 4.163775357382891507 ) ) ;
#7577 = CARTESIAN_POINT ( 'NONE',  ( 1.849310218122089733, -0.7954488551885441350, 9.502382524911753947 ) ) ;
#7578 = CARTESIAN_POINT ( 'NONE',  ( 9.244344518389896237, -1.249999999999999778, -2.107992638090552262 ) ) ;
#7579 = ORIENTED_EDGE ( 'NONE', *, *, #4684, .F. ) ;
#7580 = EDGE_CURVE ( 'NONE', #1463, #5072, #5507, .T. ) ;
#7581 = ORIENTED_EDGE ( 'NONE', *, *, #46, .T. ) ;
#7582 = FACE_OUTER_BOUND ( 'NONE', #7077, .T. ) ;
#7583 = CARTESIAN_POINT ( 'NONE',  ( -1.605145129612209898, -0.7499999999999997780, 0.000000000000000000 ) ) ;
#7584 = FACE_OUTER_BOUND ( 'NONE', #6210, .T. ) ;
#7585 = CARTESIAN_POINT ( 'NONE',  ( 5.774854870387781780, -6.349999999999999645, -2.275387937340445088 ) ) ;
#7586 = CARTESIAN_POINT ( 'NONE',  ( -9.916618705063635630, -1.106164725127300130, -1.650694452287101877 ) ) ;
#7587 = ORIENTED_EDGE ( 'NONE', *, *, #7016, .F. ) ;
#7588 = CARTESIAN_POINT ( 'NONE',  ( -2.279351210769155589, -0.7499999999999997780, -6.274854870387789774 ) ) ;
#7589 = CARTESIAN_POINT ( 'NONE',  ( 4.976029049068056764, -6.350000000000000533, 4.501194178395552470 ) ) ;
#7590 = DIRECTION ( 'NONE',  ( -0.000000000000000000, -1.000000000000000000, -0.000000000000000000 ) ) ;
#7591 = ORIENTED_EDGE ( 'NONE', *, *, #1766, .T. ) ;
#7592 = CARTESIAN_POINT ( 'NONE',  ( 9.008710553930297849, -1.249999999999999778, -2.329991424587377846 ) ) ;
#7593 = CARTESIAN_POINT ( 'NONE',  ( 6.074809178934709841, -6.349999999999999645, 0.4948548703877917454 ) ) ;
#7594 = CARTESIAN_POINT ( 'NONE',  ( 2.105145129612212340, -6.349999999999999645, 9.678354296802050172 ) ) ;
#7595 = CARTESIAN_POINT ( 'NONE',  ( -5.104410993638264671, -6.349999999999999645, 4.336769658571908437 ) ) ;
#7596 = ORIENTED_EDGE ( 'NONE', *, *, #200, .T. ) ;
#7597 = CARTESIAN_POINT ( 'NONE',  ( -4.615838004787234716, -6.349999999999999645, 4.880070523796622872 ) ) ;
#7598 = FACE_OUTER_BOUND ( 'NONE', #3265, .T. ) ;
#7599 = ORIENTED_EDGE ( 'NONE', *, *, #1169, .F. ) ;
#7600 = EDGE_LOOP ( 'NONE', ( #5010, #356, #3241 ) ) ;
#7601 = CARTESIAN_POINT ( 'NONE',  ( 2.105145129612171484, -1.177244903634258488, -9.678273776525909255 ) ) ;
#7602 = CARTESIAN_POINT ( 'NONE',  ( 1.685752330690126977, -14.13011116703512293, -2.639829097937035574 ) ) ;
#7603 = AXIS2_PLACEMENT_3D ( 'NONE', #3616, #5524, #8143 ) ;
#7604 = ADVANCED_FACE ( 'NONE', ( #7304 ), #7866, .T. ) ;
#7605 = CARTESIAN_POINT ( 'NONE',  ( 8.952870585839676210, -0.7499999999999996669, 1.678960975715308557 ) ) ;
#7606 = CARTESIAN_POINT ( 'NONE',  ( 9.632014602767350553, -0.7952000343970893059, -1.634833042451720342 ) ) ;
#7607 = ORIENTED_EDGE ( 'NONE', *, *, #5785, .T. ) ;
#7608 = CARTESIAN_POINT ( 'NONE',  ( -9.170254960818731149, -0.7499999999999997780, 2.132339861524209734 ) ) ;
#7609 = ORIENTED_EDGE ( 'NONE', *, *, #3977, .F. ) ;
#7610 = AXIS2_PLACEMENT_3D ( 'NONE', #121, #4812, #6069 ) ;
#7611 = VERTEX_POINT ( 'NONE', #7343 ) ;
#7612 = CARTESIAN_POINT ( 'NONE',  ( -9.025180162734493194, -1.249999999999999778, -2.277684824991589529 ) ) ;
#7613 = CARTESIAN_POINT ( 'NONE',  ( -3.830164469198770405, -1.249999999999999778, 5.419322550868853838 ) ) ;
#7614 = CARTESIAN_POINT ( 'NONE',  ( -2.802218210153266664, -0.7499999999999996669, 6.242084559014579703 ) ) ;
#7615 = EDGE_CURVE ( 'NONE', #6481, #4697, #5196, .T. ) ;
#7616 = CARTESIAN_POINT ( 'NONE',  ( 2.115654539306400572, -0.7499999999999997780, 8.552364118410197946 ) ) ;
#7617 = FACE_OUTER_BOUND ( 'NONE', #2341, .T. ) ;
#7618 = EDGE_CURVE ( 'NONE', #3485, #8258, #7554, .T. ) ;
#7619 = CARTESIAN_POINT ( 'NONE',  ( 2.105145129612210120, -0.7499999999999997780, 9.299109199783138990 ) ) ;
#7620 = VECTOR ( 'NONE', #1889, 1000.000000000000000 ) ;
#7621 = CARTESIAN_POINT ( 'NONE',  ( -5.322930905207403640, -1.249999999999999778, 4.003097679131907505 ) ) ;
#7622 = CARTESIAN_POINT ( 'NONE',  ( 0.000000000000000000, -6.349999999999999645, -0.000000000000000000 ) ) ;
#7623 = LINE ( 'NONE', #1739, #448 ) ;
#7624 = CARTESIAN_POINT ( 'NONE',  ( -2.147797752111733960, -0.7499999999999904521, 9.141450080487803831 ) ) ;
#7625 = CARTESIAN_POINT ( 'NONE',  ( -4.749987219571101704, -0.7499999999999997780, -4.749987219571101704 ) ) ;
#7626 = EDGE_CURVE ( 'NONE', #3936, #5617, #3945, .T. ) ;
#7627 = CARTESIAN_POINT ( 'NONE',  ( -3.788629298572648185, -1.249999999999999334, -5.434941148158478619 ) ) ;
#7628 = CARTESIAN_POINT ( 'NONE',  ( -9.563309819739272299, -6.349999999999999645, -0.7270764054876839300 ) ) ;
#7629 = MANIFOLD_SOLID_BREP ( 'Chamfer4', #2232 ) ;
#7630 = CARTESIAN_POINT ( 'NONE',  ( -4.456242149587571255, -6.349999999999999645, -5.012403481232944102 ) ) ;
#7631 = CARTESIAN_POINT ( 'NONE',  ( 9.935855655966737032, -6.349999999999999645, 1.651354423408220029 ) ) ;
#7632 = DIRECTION ( 'NONE',  ( 0.000000000000000000, 0.000000000000000000, 1.000000000000000000 ) ) ;
#7633 = ORIENTED_EDGE ( 'NONE', *, *, #7916, .T. ) ;
#7634 = CARTESIAN_POINT ( 'NONE',  ( -9.563309819739270523, -0.7499999999999997780, -0.7270764054876843741 ) ) ;
#7635 = CARTESIAN_POINT ( 'NONE',  ( -9.547528442630239809, -1.101661675395384066, 0.7359155481714784175 ) ) ;
#7636 = ORIENTED_EDGE ( 'NONE', *, *, #8287, .T. ) ;
#7637 = EDGE_LOOP ( 'NONE', ( #549, #6641, #7853 ) ) ;
#7638 = ADVANCED_FACE ( 'NONE', ( #8077 ), #7177, .T. ) ;
#7639 = DIRECTION ( 'NONE',  ( -0.000000000000000000, -1.000000000000000000, -0.000000000000000000 ) ) ;
#7640 = DIRECTION ( 'NONE',  ( -1.000000000000000000, 0.000000000000000000, 9.497769312600650601E-16 ) ) ;
#7641 = CARTESIAN_POINT ( 'NONE',  ( 1.653639719517049283E-16, -7.589999999999999858, 3.124999999999996891 ) ) ;
#7642 = CARTESIAN_POINT ( 'NONE',  ( -5.275441736259216974, -0.7499999999999993339, 4.924073004895282324 ) ) ;
#7643 = CARTESIAN_POINT ( 'NONE',  ( 2.178223217047533300, -6.349999999999999645, -9.102212355749941253 ) ) ;
#7644 = CARTESIAN_POINT ( 'NONE',  ( -4.321772194142210921, -1.249999999999999778, 5.116479423851578723 ) ) ;
#7645 = CARTESIAN_POINT ( 'NONE',  ( 0.000000000000000000, -6.349999999999999645, 0.000000000000000000 ) ) ;
#7646 = ORIENTED_EDGE ( 'NONE', *, *, #6781, .F. ) ;
#7647 = AXIS2_PLACEMENT_3D ( 'NONE', #4793, #3496, #6733 ) ;
#7648 = VERTEX_POINT ( 'NONE', #5408 ) ;
#7649 = FACE_OUTER_BOUND ( 'NONE', #7689, .T. ) ;
#7650 = CARTESIAN_POINT ( 'NONE',  ( 0.000000000000000000, -0.7499999999999997780, 5.774854870387789774 ) ) ;
#7651 = CARTESIAN_POINT ( 'NONE',  ( 5.829030205559053712, -0.9887474541375335102, -2.275817360673280998 ) ) ;
#7652 = CARTESIAN_POINT ( 'NONE',  ( -9.115447456203591869, -0.7499999999999996669, 1.625104085503256579 ) ) ;
#7653 = AXIS2_PLACEMENT_3D ( 'NONE', #7792, #1978, #544 ) ;
#7654 = ORIENTED_EDGE ( 'NONE', *, *, #3309, .T. ) ;
#7655 = CARTESIAN_POINT ( 'NONE',  ( -9.092018752388730363, -1.249999999999999778, 2.185427387616583950 ) ) ;
#7656 = CARTESIAN_POINT ( 'NONE',  ( 5.554849294767921108, -6.349999999999999645, -3.507651352452059168 ) ) ;
#7657 =( BOUNDED_SURFACE ( )  B_SPLINE_SURFACE ( 3, 2, ( 
 ( #7022, #4984, #1682 ),
 ( #3603, #321, #5639 ),
 ( #5593, #7571, #1638 ),
 ( #6413, #499, #3131 ),
 ( #3649, #3698, #2254 ),
 ( #1091, #4255, #2937 ),
 ( #8218, #6281, #4338 ),
 ( #1050, #6331, #413 ),
 ( #6373, #460, #3085 ),
 ( #5728, #8432, #3257 ),
 ( #4511, #7276, #3344 ),
 ( #3955, #1994, #1220 ),
 ( #6495, #1817, #587 ),
 ( #3911, #3820, #671 ) ),
 .UNSPECIFIED., .F., .F., .T. ) 
 B_SPLINE_SURFACE_WITH_KNOTS ( ( 4, 2, 2, 2, 2, 2, 4 ),
 ( 3, 3 ),
 ( 0.006322151876921759846, 0.006722518822433822677, 0.007122885767945884641, 0.007923619658970010304, 0.008724353549994135967, 0.009124720495506197931, 0.009525087441018261630 ),
 ( 0.000000000000000000, 1.000000000000000000 ),
 .UNSPECIFIED. ) 
 GEOMETRIC_REPRESENTATION_ITEM ( )  RATIONAL_B_SPLINE_SURFACE ( (
 ( 1.000000000000000000, 0.7071067811865475727, 1.000000000000000000),
 ( 1.000000000000000000, 0.7071067811865475727, 1.000000000000000000),
 ( 1.000000000000000000, 0.7071067811865475727, 1.000000000000000000),
 ( 1.000000000000000000, 0.7071067811865475727, 1.000000000000000000),
 ( 1.000000000000000000, 0.7071067811865475727, 1.000000000000000000),
 ( 1.000000000000000000, 0.7071067811865475727, 1.000000000000000000),
 ( 1.000000000000000000, 0.7071067811865475727, 1.000000000000000000),
 ( 1.000000000000000000, 0.7071067811865475727, 1.000000000000000000),
 ( 1.000000000000000000, 0.7071067811865475727, 1.000000000000000000),
 ( 1.000000000000000000, 0.7071067811865475727, 1.000000000000000000),
 ( 1.000000000000000000, 0.7071067811865475727, 1.000000000000000000),
 ( 1.000000000000000000, 0.7071067811865475727, 1.000000000000000000),
 ( 1.000000000000000000, 0.7071067811865475727, 1.000000000000000000),
 ( 1.000000000000000000, 0.7071067811865475727, 1.000000000000000000) ) ) 
 REPRESENTATION_ITEM ( '' )  SURFACE ( )  );
#7658 = ORIENTED_EDGE ( 'NONE', *, *, #3186, .T. ) ;
#7659 = EDGE_CURVE ( 'NONE', #3757, #5717, #4367, .T. ) ;
#7660 = ORIENTED_EDGE ( 'NONE', *, *, #1556, .T. ) ;
#7661 = CARTESIAN_POINT ( 'NONE',  ( -9.281126975314611727, -6.349999999999999645, -2.106080121565638397 ) ) ;
#7662 = LINE ( 'NONE', #5082, #347 ) ;
#7663 = CARTESIAN_POINT ( 'NONE',  ( -1.604822354896794812, -0.7499999999999997780, -9.292326899263226636 ) ) ;
#7664 = CARTESIAN_POINT ( 'NONE',  ( 2.105145129612171484, -1.249999999999999778, -9.678314036663980602 ) ) ;
#7665 = AXIS2_PLACEMENT_3D ( 'NONE', #7376, #809, #932 ) ;
#7666 = CARTESIAN_POINT ( 'NONE',  ( -2.279633664619722833, -0.7499999999999997780, 6.274854870387812866 ) ) ;
#7667 = CARTESIAN_POINT ( 'NONE',  ( 1.889893395635158679, -0.7499999999999997780, 8.681112399981500971 ) ) ;
#7668 = FACE_OUTER_BOUND ( 'NONE', #1088, .T. ) ;
#7669 = CARTESIAN_POINT ( 'NONE',  ( 9.115647332695257177, -0.7499999999999996669, 0.9948548703877884147 ) ) ;
#7670 = CARTESIAN_POINT ( 'NONE',  ( -9.678354296802027079, -6.349999999999999645, 2.105145129612313593 ) ) ;
#7671 = CARTESIAN_POINT ( 'NONE',  ( -2.016279801448634874E-14, -1.249999999999999778, -5.774854870387789774 ) ) ;
#7672 = AXIS2_PLACEMENT_3D ( 'NONE', #7454, #8180, #170 ) ;
#7673 = EDGE_CURVE ( 'NONE', #2210, #934, #2796, .T. ) ;
#7674 = EDGE_LOOP ( 'NONE', ( #470, #4888, #51, #2821 ) ) ;
#7675 = LINE ( 'NONE', #3663, #6380 ) ;
#7676 = CARTESIAN_POINT ( 'NONE',  ( -2.303284211982637331, -0.7499999999999997780, 9.017119767055634227 ) ) ;
#7677 = CARTESIAN_POINT ( 'NONE',  ( 2.085674846886052425, -12.56818332973946717, -2.327434247306123805 ) ) ;
#7678 = AXIS2_PLACEMENT_3D ( 'NONE', #3971, #1914, #1876 ) ;
#7679 = CARTESIAN_POINT ( 'NONE',  ( 0.6619912748339812358, -0.8647588404930623973, -9.375177540560436285 ) ) ;
#7680 = CARTESIAN_POINT ( 'NONE',  ( -5.774854870387789774, -1.249999999999999778, 6.048839404345904308E-14 ) ) ;
#7681 = CARTESIAN_POINT ( 'NONE',  ( 9.918988504625048108, -1.129815972907922461, -1.650697302570906855 ) ) ;
#7682 = B_SPLINE_CURVE_WITH_KNOTS ( 'NONE', 3,
 ( #4689, #5911, #8526, #3223, #2608, #6503 ),
 .UNSPECIFIED., .F., .F.,
 ( 4, 2, 4 ),
 ( 0.000000000000000000, 0.0003906404837635238012, 0.0007812809675270476024 ),
 .UNSPECIFIED. ) ;
#7683 = CARTESIAN_POINT ( 'NONE',  ( 2.329991424587313009, -1.117942496580115685, -9.008710553930317388 ) ) ;
#7684 = ADVANCED_FACE ( 'NONE', ( #6780 ), #5013, .T. ) ;
#7685 = ORIENTED_EDGE ( 'NONE', *, *, #2241, .T. ) ;
#7686 = EDGE_CURVE ( 'NONE', #4981, #4865, #8159, .T. ) ;
#7687 = CARTESIAN_POINT ( 'NONE',  ( 2.132113727922178903, -1.249999999999999778, -9.170768666172705252 ) ) ;
#7688 = DIRECTION ( 'NONE',  ( 4.441258270103199007E-15, -0.000000000000000000, 1.000000000000000000 ) ) ;
#7689 = EDGE_LOOP ( 'NONE', ( #4292, #2091, #2222, #2714 ) ) ;
#7690 = CARTESIAN_POINT ( 'NONE',  ( -2.198275292831070704, -0.7499999999999997780, -8.525983939581859516 ) ) ;
#7691 = CARTESIAN_POINT ( 'NONE',  ( 3.650367610012334563, -1.249999999999999778, -5.501497584056013856 ) ) ;
#7692 = CARTESIAN_POINT ( 'NONE',  ( 9.141954441198127057, -1.249999999999999778, 2.147411135467062415 ) ) ;
#7693 = CARTESIAN_POINT ( 'NONE',  ( -0.7270925849429747956, -1.249999999999999778, 9.563313570181760426 ) ) ;
#7694 = CARTESIAN_POINT ( 'NONE',  ( 2.105004284771645473, -6.350000000000000533, -9.940748498636050812 ) ) ;
#7695 = CARTESIAN_POINT ( 'NONE',  ( -1.727776545394609795E-15, -6.349999999999999645, -0.4948548703877910238 ) ) ;
#7696 = EDGE_CURVE ( 'NONE', #2544, #3486, #7953, .T. ) ;
#7697 = CARTESIAN_POINT ( 'NONE',  ( 9.448902058460523537E-16, -1.249999999999999778, 0.9948548703877977406 ) ) ;
#7698 = ORIENTED_EDGE ( 'NONE', *, *, #2554, .T. ) ;
#7699 = EDGE_LOOP ( 'NONE', ( #520, #3179, #1011, #5574 ) ) ;
#7700 = CARTESIAN_POINT ( 'NONE',  ( 2.100000000000000977, -12.84999999999999964, -2.314222331583551728 ) ) ;
#7701 = CARTESIAN_POINT ( 'NONE',  ( -2.277279247657743255, -0.8042590948713835841, -6.013459441995450128 ) ) ;
#7702 = DIRECTION ( 'NONE',  ( -1.000000000000000000, 0.000000000000000000, 0.000000000000000000 ) ) ;
#7703 = ORIENTED_EDGE ( 'NONE', *, *, #8046, .F. ) ;
#7704 = CARTESIAN_POINT ( 'NONE',  ( -3.558195542703775249, -0.7499999999999997780, -6.073039363054428819 ) ) ;
#7705 = CARTESIAN_POINT ( 'NONE',  ( 5.771808120863281211, -1.249999999999999778, -2.467562294700945014 ) ) ;
#7706 = ORIENTED_EDGE ( 'NONE', *, *, #2810, .F. ) ;
#7707 = CARTESIAN_POINT ( 'NONE',  ( -0.7948091789346485303, -1.249999999999999778, 5.774854870387801320 ) ) ;
#7708 = CARTESIAN_POINT ( 'NONE',  ( -6.182092701323337103, -0.7551372933331874648, -0.9020927013233528413 ) ) ;
#7709 = CARTESIAN_POINT ( 'NONE',  ( -4.284837061473824704, -0.7499999999999997780, 5.743539754460603497 ) ) ;
#7710 = CARTESIAN_POINT ( 'NONE',  ( 2.253406095693203159, -0.7499999999999997780, 9.039649581226509412 ) ) ;
#7711 = CARTESIAN_POINT ( 'NONE',  ( -2.105145129612212340, -1.249999999999999778, -9.678354296802050172 ) ) ;
#7712 = CARTESIAN_POINT ( 'NONE',  ( 5.682154065917173646, -6.349999999999999645, 3.084035675801296339 ) ) ;
#7713 = B_SPLINE_CURVE_WITH_KNOTS ( 'NONE', 3,
 ( #1304, #6496, #4685, #704, #1948, #3996, #6628, #5337, #5989, #7314, #6027, #747, #2084, #7961, #3304, #672, #7228, #5944, #2040, #7834, #3260, #1389, #8520, #4039, #6668, #2603 ),
 .UNSPECIFIED., .F., .F.,
 ( 4, 1, 1, 1, 2, 2, 2, 2, 2, 2, 1, 1, 1, 2, 2, 4 ),
 ( 0.000000000000000000, 0.06250000000000506539, 0.09375000000000792422, 0.1093750000000089512, 0.1171875000000094508, 0.1250000000000099643, 0.1875000000000096589, 0.2500000000000093814, 0.5000000000000064393, 0.7500000000000034417, 0.8125000000000026645, 0.8437500000000019984, 0.8593750000000016653, 0.8671875000000014433, 0.8750000000000012212, 1.000000000000000000 ),
 .UNSPECIFIED. ) ;
#7714 = CARTESIAN_POINT ( 'NONE',  ( -5.729727507366483508, -6.349999999999999645, 2.846498317571665826 ) ) ;
#7715 =( BOUNDED_CURVE ( )  B_SPLINE_CURVE ( 3, ( #1393, #3476, #2733, #5382 ),
 .UNSPECIFIED., .F., .T. ) 
 B_SPLINE_CURVE_WITH_KNOTS ( ( 4, 4 ),
 ( 0.000000000000000000, 1.000000000000000000 ),
 .UNSPECIFIED. ) 
 CURVE ( )  GEOMETRIC_REPRESENTATION_ITEM ( )  RATIONAL_B_SPLINE_CURVE ( ( 1.000000000000000000, 0.6625055929971773727, 0.6625055929971773727, 1.000000000000000000 ) ) 
 REPRESENTATION_ITEM ( '' )  );
#7716 = DIRECTION ( 'NONE',  ( 0.000000000000000000, 0.000000000000000000, 1.000000000000000000 ) ) ;
#7717 = ORIENTED_EDGE ( 'NONE', *, *, #4, .F. ) ;
#7718 = ORIENTED_EDGE ( 'NONE', *, *, #300, .F. ) ;
#7719 = FACE_OUTER_BOUND ( 'NONE', #5401, .T. ) ;
#7720 = CARTESIAN_POINT ( 'NONE',  ( -5.663769368054055953, -1.249999999999999556, -3.179346923485514509 ) ) ;
#7721 = EDGE_CURVE ( 'NONE', #490, #4020, #4239, .T. ) ;
#7722 = CARTESIAN_POINT ( 'NONE',  ( 1.734723475976804925E-15, -6.349999999999999645, -12.69999999999999929 ) ) ;
#7723 = CARTESIAN_POINT ( 'NONE',  ( 1.347601624859001816E-13, -1.249999999999999778, 12.69999999999999929 ) ) ;
#7724 = VERTEX_POINT ( 'NONE', #6261 ) ;
#7725 = FACE_OUTER_BOUND ( 'NONE', #3908, .T. ) ;
#7726 = ORIENTED_EDGE ( 'NONE', *, *, #1694, .F. ) ;
#7727 = CARTESIAN_POINT ( 'NONE',  ( 2.205022480679262124E-14, -0.7499999999999997780, 2.105145129612210120 ) ) ;
#7728 = ADVANCED_FACE ( 'NONE', ( #1154 ), #4320, .T. ) ;
#7729 = ADVANCED_FACE ( 'NONE', ( #5663 ), #5900, .T. ) ;
#7730 = CARTESIAN_POINT ( 'NONE',  ( -5.746504320735995819, -0.7499999999999997780, -4.279295632328664389 ) ) ;
#7731 = CARTESIAN_POINT ( 'NONE',  ( 0.4948548703877904686, -1.249999999999999778, 6.074809178934709841 ) ) ;
#7732 = ORIENTED_EDGE ( 'NONE', *, *, #949, .F. ) ;
#7733 = CARTESIAN_POINT ( 'NONE',  ( -5.760253130043681224, -6.350000000000000533, 2.595501086299592863 ) ) ;
#7734 = CARTESIAN_POINT ( 'NONE',  ( -3.943002256977785613, -1.249999999999999778, 5.356859988824320240 ) ) ;
#7735 = FACE_OUTER_BOUND ( 'NONE', #2438, .T. ) ;
#7736 = ORIENTED_EDGE ( 'NONE', *, *, #6082, .T. ) ;
#7737 = CARTESIAN_POINT ( 'NONE',  ( 9.190067605545385376, -6.349999999999999645, 2.123812721310498031 ) ) ;
#7738 = VERTEX_POINT ( 'NONE', #5140 ) ;
#7739 = CARTESIAN_POINT ( 'NONE',  ( 3.099999999999998757, -12.84999999999999964, -9.741464024932666277 ) ) ;
#7740 = CARTESIAN_POINT ( 'NONE',  ( 12.69999999999999929, -4.349999999999999645, -1.734723475976804925E-15 ) ) ;
#7741 = CARTESIAN_POINT ( 'NONE',  ( 8.589867508417867725, -0.7499999999999998890, 2.032137613996061187 ) ) ;
#7742 = EDGE_CURVE ( 'NONE', #874, #8398, #7256, .T. ) ;
#7743 = CARTESIAN_POINT ( 'NONE',  ( 0.6191424365562864240, -6.350000000000001421, -5.774908376104344043 ) ) ;
#7744 = CARTESIAN_POINT ( 'NONE',  ( -4.321045569832823396, -1.249999999999999778, -5.117196658424867373 ) ) ;
#7745 = CARTESIAN_POINT ( 'NONE',  ( -8.953648017086102584, -0.7499999999999997780, 1.678421735671974169 ) ) ;
#7746 = ORIENTED_EDGE ( 'NONE', *, *, #7205, .T. ) ;
#7747 = CARTESIAN_POINT ( 'NONE',  ( -2.279351210769155589, -0.7499999999999997780, -6.274854870387789774 ) ) ;
#7748 = CARTESIAN_POINT ( 'NONE',  ( -2.107197407797509747, -6.350000000000001421, -9.259638777902470252 ) ) ;
#7749 = VECTOR ( 'NONE', #281, 1000.000000000000000 ) ;
#7750 = CARTESIAN_POINT ( 'NONE',  ( 1.651291189939942949, -1.177717949231324557, -9.935817880025345161 ) ) ;
#7751 = CARTESIAN_POINT ( 'NONE',  ( 2.106604438185011308, -0.7499999999999946709, 9.271043060682677250 ) ) ;
#7752 = EDGE_CURVE ( 'NONE', #8156, #4865, #983, .T. ) ;
#7753 = CARTESIAN_POINT ( 'NONE',  ( 9.467189563441513300, -0.7500000000000002220, 1.619870005847374950 ) ) ;
#7754 = CARTESIAN_POINT ( 'NONE',  ( -6.143980792280649972, -0.7630137179688515348, 0.9425052391449957323 ) ) ;
#7755 = AXIS2_PLACEMENT_3D ( 'NONE', #8012, #1519, #3356 ) ;
#7756 = CARTESIAN_POINT ( 'NONE',  ( 9.171654716384116668, -6.350000000000000533, -2.133400565464592002 ) ) ;
#7757 = VERTEX_POINT ( 'NONE', #393 ) ;
#7758 = DIRECTION ( 'NONE',  ( 0.000000000000000000, -1.000000000000000000, 0.000000000000000000 ) ) ;
#7759 = VECTOR ( 'NONE', #6969, 1000.000000000000000 ) ;
#7760 = CARTESIAN_POINT ( 'NONE',  ( -1.718650122458913687, -0.7499999999999997780, 8.879076449001544802 ) ) ;
#7761 = CARTESIAN_POINT ( 'NONE',  ( -0.4948548703877977406, -6.349999999999999645, 5.653331376399918529E-15 ) ) ;
#7762 = CARTESIAN_POINT ( 'NONE',  ( 0.000000000000000000, 0.000000000000000000, -9.741464024932666277 ) ) ;
#7763 = DIRECTION ( 'NONE',  ( 0.000000000000000000, 0.000000000000000000, 1.000000000000000000 ) ) ;
#7764 = CARTESIAN_POINT ( 'NONE',  ( -3.099999999999998757, -12.84999999999999964, -9.741464024932666277 ) ) ;
#7765 = EDGE_LOOP ( 'NONE', ( #1928, #6484, #1260 ) ) ;
#7766 = EDGE_CURVE ( 'NONE', #7911, #5934, #911, .T. ) ;
#7767 = CARTESIAN_POINT ( 'NONE',  ( -9.039649584638700830, -1.249999999999999778, 2.253406097969693711 ) ) ;
#7768 = CARTESIAN_POINT ( 'NONE',  ( -9.375177540560551748, -0.8647588404930774963, 0.6619912748341045816 ) ) ;
#7769 = ORIENTED_EDGE ( 'NONE', *, *, #1019, .F. ) ;
#7770 = CARTESIAN_POINT ( 'NONE',  ( -9.271102943336662960, -6.349999999999999645, 0.4948548703878887789 ) ) ;
#7771 = CYLINDRICAL_SURFACE ( 'NONE', #6578, 0.5000000000000000000 ) ;
#7772 = DIRECTION ( 'NONE',  ( 0.000000000000000000, 0.000000000000000000, -1.000000000000000000 ) ) ;
#7773 = CARTESIAN_POINT ( 'NONE',  ( -0.7883005104731802826, -0.9199437159818801835, -9.455600303971019471 ) ) ;
#7774 = VERTEX_POINT ( 'NONE', #7858 ) ;
#7775 = CARTESIAN_POINT ( 'NONE',  ( 1.651354423408103456, -1.249999999999999778, -9.935855655966877364 ) ) ;
#7776 = DIRECTION ( 'NONE',  ( -1.047444401652940007E-14, 0.000000000000000000, -1.000000000000000000 ) ) ;
#7777 = CARTESIAN_POINT ( 'NONE',  ( 3.824449496671907145, -6.349999999999999645, 5.415553913586048651 ) ) ;
#7778 = ORIENTED_EDGE ( 'NONE', *, *, #7557, .F. ) ;
#7779 = EDGE_CURVE ( 'NONE', #953, #8507, #5232, .T. ) ;
#7780 = ORIENTED_EDGE ( 'NONE', *, *, #4081, .F. ) ;
#7781 = CARTESIAN_POINT ( 'NONE',  ( -0.8639807922805847751, -0.7630137179688567528, 6.222505239144945577 ) ) ;
#7782 = CARTESIAN_POINT ( 'NONE',  ( 1.808605228538239462, -0.7657824690036009185, 9.681714785498517273 ) ) ;
#7783 = CARTESIAN_POINT ( 'NONE',  ( -9.484758676380861786, -1.051235928158961164, -0.5254370801673123870 ) ) ;
#7784 = CARTESIAN_POINT ( 'NONE',  ( 9.299109199783138990, -6.349999999999999645, 2.105145129612210120 ) ) ;
#7785 = ORIENTED_EDGE ( 'NONE', *, *, #4125, .T. ) ;
#7786 = CARTESIAN_POINT ( 'NONE',  ( 0.6191424365562887555, -1.250000000000000000, -5.774908376104344043 ) ) ;
#7787 = CARTESIAN_POINT ( 'NONE',  ( -8.587963864079554810, -0.7499999999999997780, -2.035716236490698439 ) ) ;
#7788 = VECTOR ( 'NONE', #2805, 1000.000000000000000 ) ;
#7789 = ORIENTED_EDGE ( 'NONE', *, *, #151, .F. ) ;
#7790 = EDGE_LOOP ( 'NONE', ( #1670, #6489, #3660 ) ) ;
#7791 = ADVANCED_FACE ( 'NONE', ( #3932 ), #7771, .T. ) ;
#7792 = CARTESIAN_POINT ( 'NONE',  ( 3.499999999999998668, -11.40025253169416608, -17.67766952966369587 ) ) ;
#7793 = FACE_OUTER_BOUND ( 'NONE', #4823, .T. ) ;
#7794 = FACE_OUTER_BOUND ( 'NONE', #6633, .T. ) ;
#7795 = AXIS2_PLACEMENT_3D ( 'NONE', #5973, #7339, #2716 ) ;
#7796 = CARTESIAN_POINT ( 'NONE',  ( 5.774854870387789774, -0.7499999999999997780, 0.7948091789347090375 ) ) ;
#7797 = CIRCLE ( 'NONE', #5468, 3.719854870387947265 ) ;
#7798 = DIRECTION ( 'NONE',  ( 0.000000000000000000, 0.000000000000000000, 1.000000000000000000 ) ) ;
#7799 = CARTESIAN_POINT ( 'NONE',  ( -5.875021577744237611, -0.9427265114570050342, -0.8349215533303705472 ) ) ;
#7800 = CARTESIAN_POINT ( 'NONE',  ( -2.147797755386025464, -1.249999999999999778, 9.141450083018488826 ) ) ;
#7801 = CARTESIAN_POINT ( 'NONE',  ( 0.9948548703877977406, -1.249999999999999778, -4.418407420662252295E-15 ) ) ;
#7802 = FACE_OUTER_BOUND ( 'NONE', #7174, .T. ) ;
#7803 = CARTESIAN_POINT ( 'NONE',  ( 9.078152156823211527, -0.7499999999999997780, 1.634883707223552918 ) ) ;
#7804 = AXIS2_PLACEMENT_3D ( 'NONE', #5653, #6827, #6346 ) ;
#7805 = CARTESIAN_POINT ( 'NONE',  ( -9.865217305540156190, -1.012903213348995690, 1.648499996500165210 ) ) ;
#7806 = CARTESIAN_POINT ( 'NONE',  ( -2.495065244097828483, -0.7499999999999997780, -5.770106037977914326 ) ) ;
#7807 = ORIENTED_EDGE ( 'NONE', *, *, #151, .T. ) ;
#7808 = CARTESIAN_POINT ( 'NONE',  ( -5.598188728083631105, -1.249999999999999778, -3.398060892785697895 ) ) ;
#7809 = DIRECTION ( 'NONE',  ( -0.000000000000000000, 1.000000000000000000, 0.000000000000000000 ) ) ;
#7810 = VECTOR ( 'NONE', #2719, 1000.000000000000000 ) ;
#7811 = CARTESIAN_POINT ( 'NONE',  ( -2.292008942561060358, -1.249999999999999778, -9.021147018119485494 ) ) ;
#7812 = CARTESIAN_POINT ( 'NONE',  ( -5.001497253821652222, -6.349999999999999645, -4.472339845786334145 ) ) ;
#7813 = CARTESIAN_POINT ( 'NONE',  ( -0.9948548703877916344, -0.7500000000000000000, -6.274854870387789774 ) ) ;
#7814 = DIRECTION ( 'NONE',  ( 0.000000000000000000, 1.000000000000000000, 0.000000000000000000 ) ) ;
#7815 = ORIENTED_EDGE ( 'NONE', *, *, #4743, .T. ) ;
#7816 = ADVANCED_FACE ( 'NONE', ( #7896 ), #8456, .T. ) ;
#7817 = B_SPLINE_SURFACE_WITH_KNOTS ( 'NONE', 3, 1, ( 
 ( #3043, #3786 ),
 ( #1737, #1010 ),
 ( #5736, #2998 ),
 ( #4473, #7111 ),
 ( #5044, #5783 ),
 ( #5648, #8268 ),
 ( #2304, #5601 ),
 ( #7578, #507 ),
 ( #5692, #4345 ),
 ( #2349, #3659 ) ),
 .UNSPECIFIED., .F., .F., .F.,
 ( 4, 1, 1, 1, 1, 1, 1, 4 ),
 ( 2, 2 ),
 ( 0.000000000000000000, 0.1365059386517771534, 0.2792219958285665493, 0.4259443949517819905, 0.5740530155450295213, 0.7207758461108755288, 0.8634927663564990752, 1.000000000000000000 ),
 ( 0.000000000000000000, 1.000000000000000000 ),
 .UNSPECIFIED. ) ;
#7818 = CARTESIAN_POINT ( 'NONE',  ( 1.649780075212534669, -1.067192002139792040, -9.895190270746590855 ) ) ;
#7819 = CARTESIAN_POINT ( 'NONE',  ( -9.530431722890657653, -1.249999999999999778, 0.5853924772787241215 ) ) ;
#7820 = ORIENTED_EDGE ( 'NONE', *, *, #7673, .T. ) ;
#7821 = B_SPLINE_CURVE_WITH_KNOTS ( 'NONE', 3,
 ( #4211, #919, #3562, #6752, #4047, #834 ),
 .UNSPECIFIED., .F., .F.,
 ( 4, 2, 4 ),
 ( 0.000000000000000000, 0.0003906446212684060192, 0.0007812892425368118217 ),
 .UNSPECIFIED. ) ;
#7822 = ORIENTED_EDGE ( 'NONE', *, *, #5515, .T. ) ;
#7823 = CARTESIAN_POINT ( 'NONE',  ( -0.9020927013232922231, -0.7551372933331893522, 6.182092701323361972 ) ) ;
#7824 = CARTESIAN_POINT ( 'NONE',  ( 9.421946201485146943, -0.7499999999999998890, 1.727453363996594549 ) ) ;
#7825 = CARTESIAN_POINT ( 'NONE',  ( -9.416042996316859259, -0.9116540823656812398, -0.6109415328253325894 ) ) ;
#7826 = ADVANCED_FACE ( 'NONE', ( #5279 ), #3887, .F. ) ;
#7827 = CARTESIAN_POINT ( 'NONE',  ( -8.527837839776351458, -0.7499999999999997780, 2.192387404637297976 ) ) ;
#7828 = CARTESIAN_POINT ( 'NONE',  ( -9.054086811349170816, -6.349999999999999645, 2.229098567962174204 ) ) ;
#7829 = DIRECTION ( 'NONE',  ( 0.000000000000000000, 0.000000000000000000, 1.000000000000000000 ) ) ;
#7830 = ORIENTED_EDGE ( 'NONE', *, *, #7955, .F. ) ;
#7831 = B_SPLINE_CURVE_WITH_KNOTS ( 'NONE', 3,
 ( #6126, #3364, #252, #2868, #5526, #8144 ),
 .UNSPECIFIED., .F., .F.,
 ( 4, 2, 4 ),
 ( -4.586548352871205682E-06, 0.0003999856567045182386, 0.0008045578617619076169 ),
 .UNSPECIFIED. ) ;
#7832 = CARTESIAN_POINT ( 'NONE',  ( -0.7270925849429747956, -1.249999999999999778, 9.563313570181760426 ) ) ;
#7833 = CARTESIAN_POINT ( 'NONE',  ( -0.9948548703877977406, -1.249999999999999778, 1.136544185029465218E-14 ) ) ;
#7834 = CARTESIAN_POINT ( 'NONE',  ( 2.668551216145180760, -6.349999999999998757, -5.752814374100932326 ) ) ;
#7835 = CARTESIAN_POINT ( 'NONE',  ( -6.274854870387779116, -0.7499999999999997780, 0.9948548703878566934 ) ) ;
#7836 = ADVANCED_FACE ( 'NONE', ( #2706 ), #7212, .T. ) ;
#7837 = LINE ( 'NONE', #3914, #3667 ) ;
#7838 = EDGE_CURVE ( 'NONE', #6967, #7648, #1370, .T. ) ;
#7839 = CARTESIAN_POINT ( 'NONE',  ( 5.899142436556305213, -6.349999999999999645, -0.4949083761043616136 ) ) ;
#7840 = ORIENTED_EDGE ( 'NONE', *, *, #2482, .F. ) ;
#7841 = VERTEX_POINT ( 'NONE', #2663 ) ;
#7842 = CARTESIAN_POINT ( 'NONE',  ( 5.597947723055727742, -1.249999999999999778, -3.398279215015238552 ) ) ;
#7843 = CARTESIAN_POINT ( 'NONE',  ( 2.312816342378784640, -1.249999999999999778, 9.014118416172685500 ) ) ;
#7844 = EDGE_LOOP ( 'NONE', ( #5148, #4806 ) ) ;
#7845 = CARTESIAN_POINT ( 'NONE',  ( 6.222980790483299884, -0.7499999999999996669, 2.930635471882081067 ) ) ;
#7846 = CARTESIAN_POINT ( 'NONE',  ( 4.768980253502633104, -1.249999999999999778, -4.731569842957592087 ) ) ;
#7847 = LINE ( 'NONE', #5129, #8015 ) ;
#7848 = CARTESIAN_POINT ( 'NONE',  ( -4.607653647928460071E-14, -1.249999999999999778, -12.69999999999999929 ) ) ;
#7849 = ADVANCED_FACE ( 'NONE', ( #2534 ), #3271, .T. ) ;
#7850 = CARTESIAN_POINT ( 'NONE',  ( 9.728368110342861641, -0.8691362217317943895, -1.640970120572372348 ) ) ;
#7851 = VERTEX_POINT ( 'NONE', #7420 ) ;
#7852 = FACE_OUTER_BOUND ( 'NONE', #8117, .T. ) ;
#7853 = ORIENTED_EDGE ( 'NONE', *, *, #379, .F. ) ;
#7854 = CARTESIAN_POINT ( 'NONE',  ( -8.608664995635169959, -0.7499999999999997780, 1.998477050894466922 ) ) ;
#7855 = CARTESIAN_POINT ( 'NONE',  ( 5.774854870387781780, -6.349999999999999645, -2.275387937340445088 ) ) ;
#7856 = CARTESIAN_POINT ( 'NONE',  ( 0.4948548703877707067, -0.7499999999999997780, -6.074809178934711618 ) ) ;
#7857 = CARTESIAN_POINT ( 'NONE',  ( 5.055353611409759473, -1.249999999999999556, 4.404071454113248407 ) ) ;
#7858 = CARTESIAN_POINT ( 'NONE',  ( -9.678354296802027079, -6.349999999999999645, 2.105145129612311372 ) ) ;
#7859 = CARTESIAN_POINT ( 'NONE',  ( 0.7270764054875241689, -6.349999999999999645, 9.563309819739389539 ) ) ;
#7860 = CARTESIAN_POINT ( 'NONE',  ( -9.115647332695257177, -0.7499999999999997780, -0.9948548703877890809 ) ) ;
#7861 = EDGE_LOOP ( 'NONE', ( #1860, #2027, #4347, #7447 ) ) ;
#7862 = CARTESIAN_POINT ( 'NONE',  ( 1.870778304838950579, -0.7802709338923895510, -9.790070129345897598 ) ) ;
#7863 = DIRECTION ( 'NONE',  ( -0.000000000000000000, -0.000000000000000000, -1.000000000000000000 ) ) ;
#7864 = CARTESIAN_POINT ( 'NONE',  ( 9.092018752690826489, -1.249999999999999778, 2.185427387327768312 ) ) ;
#7865 = ORIENTED_EDGE ( 'NONE', *, *, #7696, .T. ) ;
#7866 = CYLINDRICAL_SURFACE ( 'NONE', #367, 2.100000000000000977 ) ;
#7867 = CARTESIAN_POINT ( 'NONE',  ( -9.186526414003035157, -0.8024511534720660810, -0.7639417980173612843 ) ) ;
#7868 = LINE ( 'NONE', #2637, #2276 ) ;
#7869 = CARTESIAN_POINT ( 'NONE',  ( -1.827703956701582255, -0.7690834892384009747, -9.714807231517015751 ) ) ;
#7870 = CARTESIAN_POINT ( 'NONE',  ( -9.021228597966398866, -0.7499999999999997780, -2.291782913165300695 ) ) ;
#7871 = ORIENTED_EDGE ( 'NONE', *, *, #5071, .F. ) ;
#7872 = LINE ( 'NONE', #3954, #180 ) ;
#7873 = CARTESIAN_POINT ( 'NONE',  ( -2.329991424587346316, -6.349999999999999645, -9.008710553930304954 ) ) ;
#7874 = EDGE_CURVE ( 'NONE', #8398, #895, #5920, .T. ) ;
#7875 = CARTESIAN_POINT ( 'NONE',  ( 0.5853924772786238684, -6.349999999999999645, 9.530431722890668311 ) ) ;
#7876 = CARTESIAN_POINT ( 'NONE',  ( 0.4949083761043407970, -1.249999999999999778, 5.899142436556308766 ) ) ;
#7877 = CARTESIAN_POINT ( 'NONE',  ( -5.774854870387780892, -1.249999999999999778, 0.7948548703878515198 ) ) ;
#7878 = VECTOR ( 'NONE', #2267, 1000.000000000000000 ) ;
#7879 = CARTESIAN_POINT ( 'NONE',  ( -5.103397455562689977, -0.7499999999999997780, 5.103761866399098679 ) ) ;
#7880 = CYLINDRICAL_SURFACE ( 'NONE', #169, 0.5000000000000004441 ) ;
#7881 = CARTESIAN_POINT ( 'NONE',  ( -2.279633664619722833, -0.7499999999999997780, 6.274854870387812866 ) ) ;
#7882 = ORIENTED_EDGE ( 'NONE', *, *, #3629, .F. ) ;
#7883 = CARTESIAN_POINT ( 'NONE',  ( -9.195769333336551554, -6.350000000000001421, 2.123360502070302136 ) ) ;
#7884 = CARTESIAN_POINT ( 'NONE',  ( 9.229034011522626813, -6.350000000000001421, 2.113604530851473928 ) ) ;
#7885 = B_SPLINE_SURFACE_WITH_KNOTS ( 'NONE', 3, 1, ( 
 ( #2777, #1482 ),
 ( #5436, #4817 ),
 ( #8053, #7450 ),
 ( #7323, #244 ),
 ( #5996, #4173 ),
 ( #85, #2136 ),
 ( #4778, #2862 ),
 ( #1360, #715 ),
 ( #5346, #1094 ),
 ( #4859, #6335 ) ),
 .UNSPECIFIED., .F., .F., .F.,
 ( 4, 1, 1, 1, 1, 1, 1, 4 ),
 ( 2, 2 ),
 ( 0.000000000000000000, 0.1365072331165129715, 0.2792241529779565523, 0.4259469833406855921, 0.5740556039338107208, 0.7207780032599437892, 0.8634940608209027424, 1.000000000000000000 ),
 ( 0.000000000000000000, 1.000000000000000000 ),
 .UNSPECIFIED. ) ;
#7886 = CARTESIAN_POINT ( 'NONE',  ( 4.708419941521996499, -6.349999999999999645, 4.790377844397176510 ) ) ;
#7887 = AXIS2_PLACEMENT_3D ( 'NONE', #4305, #3000, #5127 ) ;
#7888 = CARTESIAN_POINT ( 'NONE',  ( -2.329991424587154469, -1.249999999999999778, 9.008710553930997733 ) ) ;
#7889 = CARTESIAN_POINT ( 'NONE',  ( -9.910389448422028735, -0.8140102161161353322, 1.938856732754137724 ) ) ;
#7890 = ORIENTED_EDGE ( 'NONE', *, *, #4250, .T. ) ;
#7891 = CARTESIAN_POINT ( 'NONE',  ( -8.587454352010295722, -0.7499999999999997780, 2.036727166175949399 ) ) ;
#7892 = CARTESIAN_POINT ( 'NONE',  ( -9.018609598767815427, -1.249999999999999778, 2.298552585863418596 ) ) ;
#7893 = AXIS2_PLACEMENT_3D ( 'NONE', #5894, #6485, #7137 ) ;
#7894 = EDGE_CURVE ( 'NONE', #7302, #2701, #2831, .T. ) ;
#7895 = CARTESIAN_POINT ( 'NONE',  ( -9.115647332695406391, -0.7499999999999996669, 0.9948548703878868915 ) ) ;
#7896 = FACE_OUTER_BOUND ( 'NONE', #7461, .T. ) ;
#7897 = FACE_BOUND ( 'NONE', #3722, .T. ) ;
#7898 = CARTESIAN_POINT ( 'NONE',  ( -12.69999999999999929, -4.849999999999996092, -1.734723475976804925E-15 ) ) ;
#7899 = VECTOR ( 'NONE', #5154, 1000.000000000000000 ) ;
#7900 = EDGE_LOOP ( 'NONE', ( #773, #3232, #6348, #1725 ) ) ;
#7901 = CARTESIAN_POINT ( 'NONE',  ( 2.045745706930463204, -1.012903214276672736, -9.636682573286037723 ) ) ;
#7902 = CARTESIAN_POINT ( 'NONE',  ( 3.720896628016376440, -6.349999999999999645, 5.464514167704296987 ) ) ;
#7903 = ORIENTED_EDGE ( 'NONE', *, *, #2968, .F. ) ;
#7904 = DIRECTION ( 'NONE',  ( 0.000000000000000000, 1.000000000000000000, -0.000000000000000000 ) ) ;
#7905 = CARTESIAN_POINT ( 'NONE',  ( 1.651354423408144756, -6.349999999999999645, 9.935855655966868483 ) ) ;
#7906 = CARTESIAN_POINT ( 'NONE',  ( 2.394258591820105142, -0.7499999999999997780, -6.272908065292819302 ) ) ;
#7907 = CARTESIAN_POINT ( 'NONE',  ( 2.278318447378711920, -0.7500000000000000000, 6.144563154555564566 ) ) ;
#7908 = CARTESIAN_POINT ( 'NONE',  ( 6.243791634053537543, -0.7499999999999997780, 2.789869851539338974 ) ) ;
#7909 = CARTESIAN_POINT ( 'NONE',  ( 0.4948548703877910238, -1.249999999999999778, 0.000000000000000000 ) ) ;
#7910 = CARTESIAN_POINT ( 'NONE',  ( -9.170768668875034280, -0.7500000000000093259, -2.132113735672847010 ) ) ;
#7911 = VERTEX_POINT ( 'NONE', #6084 ) ;
#7912 = DIRECTION ( 'NONE',  ( -1.000000000000000000, -0.000000000000000000, -0.000000000000000000 ) ) ;
#7913 = CARTESIAN_POINT ( 'NONE',  ( 0.4948900776558433079, -6.349999999999999645, 9.416551571812661336 ) ) ;
#7914 = CARTESIAN_POINT ( 'NONE',  ( -9.154518501907702444, -0.7499999999999995559, 0.8670548350781693836 ) ) ;
#7915 = VECTOR ( 'NONE', #2153, 999.9999999999998863 ) ;
#7916 = EDGE_CURVE ( 'NONE', #6864, #5537, #3683, .T. ) ;
#7917 = CARTESIAN_POINT ( 'NONE',  ( 12.69999999999999929, -4.349999999999999645, 2.099999999999998312 ) ) ;
#7918 = VERTEX_POINT ( 'NONE', #4748 ) ;
#7919 = CARTESIAN_POINT ( 'NONE',  ( 0.4948548703877910238, -0.9571067811865475727, 6.074854870387789596 ) ) ;
#7920 = CARTESIAN_POINT ( 'NONE',  ( -6.088326899293918792, -0.7777511574428108698, -0.8083268992939101061 ) ) ;
#7921 = AXIS2_PLACEMENT_3D ( 'NONE', #7306, #3136, #6417 ) ;
#7922 = VERTEX_POINT ( 'NONE', #1407 ) ;
#7923 = CARTESIAN_POINT ( 'NONE',  ( 5.103761866399034730, -0.7499999999999997780, 5.103397455562753038 ) ) ;
#7924 = LINE ( 'NONE', #8011, #6963 ) ;
#7925 = CARTESIAN_POINT ( 'NONE',  ( 2.658265215455181352, -6.349999999999999645, 5.755478488678697602 ) ) ;
#7926 = CARTESIAN_POINT ( 'NONE',  ( -2.088758298798016444, -1.105332846601596142, -9.666678159476978394 ) ) ;
#7927 = CARTESIAN_POINT ( 'NONE',  ( -5.746563553755495768, -1.249999999999999778, 2.733123488130889900 ) ) ;
#7928 = ADVANCED_FACE ( 'NONE', ( #849 ), #177, .F. ) ;
#7929 = CARTESIAN_POINT ( 'NONE',  ( -9.831777950102482677, -0.9649331697241698702, 1.646936468090302474 ) ) ;
#7930 = AXIS2_PLACEMENT_3D ( 'NONE', #4935, #315, #2384 ) ;
#7931 = ORIENTED_EDGE ( 'NONE', *, *, #6473, .T. ) ;
#7932 =( BOUNDED_SURFACE ( )  B_SPLINE_SURFACE ( 3, 2, ( 
 ( #2818, #2049, #4694 ),
 ( #7324, #6039, #4052 ),
 ( #6680, #3402, #8222 ),
 ( #4300, #4343, #5554 ),
 ( #1095, #6336, #4217 ),
 ( #2394, #7538, #6975 ),
 ( #8266, #6199, #962 ),
 ( #1688, #1008, #4990 ),
 ( #1605, #1643, #7026 ),
 ( #7669, #1055, #2302 ) ),
 .UNSPECIFIED., .F., .F., .T. ) 
 B_SPLINE_SURFACE_WITH_KNOTS ( ( 4, 2, 2, 2, 4 ),
 ( 3, 3 ),
 ( 0.000000000000000000, 8.874008666946223687E-05, 0.0001774801733389244737, 0.0002662202600083867377, 0.0003549603466778489475 ),
 ( 0.000000000000000000, 1.000000000000000000 ),
 .UNSPECIFIED. ) 
 GEOMETRIC_REPRESENTATION_ITEM ( )  RATIONAL_B_SPLINE_SURFACE ( (
 ( 1.000000000000000000, 0.7828858005155491240, 1.000000000000000000),
 ( 1.000000000000000000, 0.7823316129282622544, 1.000000000000000000),
 ( 1.000000000000000000, 0.8013859402318579406, 1.000000000000000000),
 ( 1.000000000000000000, 0.8529455745548009116, 1.000000000000000000),
 ( 1.000000000000000000, 0.8846933950169429961, 1.000000000000000000),
 ( 1.000000000000000000, 0.9391236465577280645, 1.000000000000000000),
 ( 1.000000000000000000, 0.9618119039027066552, 1.000000000000000000),
 ( 1.000000000000000000, 0.9921799038934053794, 1.000000000000000000),
 ( 1.000000000000000000, 0.9999926168062702736, 1.000000000000000000),
 ( 1.000000000000000000, 1.000000000000000000, 1.000000000000000000) ) ) 
 REPRESENTATION_ITEM ( '' )  SURFACE ( )  );
#7933 = CARTESIAN_POINT ( 'NONE',  ( 2.801489193990799986, -0.7499999999999997780, 6.242133488726664403 ) ) ;
#7934 = CARTESIAN_POINT ( 'NONE',  ( -4.862868783596408839, -6.350000000000000533, -4.631506261058460971 ) ) ;
#7935 = CARTESIAN_POINT ( 'NONE',  ( -4.749987219571051966, -1.249999999999999778, 4.749987219571150554 ) ) ;
#7936 = AXIS2_PLACEMENT_3D ( 'NONE', #131, #2739, #4741 ) ;
#7937 = CARTESIAN_POINT ( 'NONE',  ( -4.749987219571101704, -6.349999999999999645, -4.749987219571101704 ) ) ;
#7938 = CARTESIAN_POINT ( 'NONE',  ( -0.6875813818447978898, -0.8501667073564452837, -6.151945474970591299 ) ) ;
#7939 = CARTESIAN_POINT ( 'NONE',  ( 5.774854870387788885, -1.249999999999999778, -0.7948091789347282443 ) ) ;
#7940 = ORIENTED_EDGE ( 'NONE', *, *, #4041, .F. ) ;
#7941 = EDGE_CURVE ( 'NONE', #3485, #2221, #1868, .T. ) ;
#7942 = EDGE_CURVE ( 'NONE', #1476, #5612, #5567, .T. ) ;
#7943 = CARTESIAN_POINT ( 'NONE',  ( 1.813340605360821867, -0.7804688004661372025, -9.478524185100377863 ) ) ;
#7944 = ORIENTED_EDGE ( 'NONE', *, *, #2860, .T. ) ;
#7945 = CARTESIAN_POINT ( 'NONE',  ( 1.634883707223637517, -0.7499999999999997780, -9.078152156822836716 ) ) ;
#7946 = VECTOR ( 'NONE', #3755, 1000.000000000000000 ) ;
#7947 = CARTESIAN_POINT ( 'NONE',  ( 1.651322806674064392, -1.249999999999999778, -9.935836767996045538 ) ) ;
#7948 = EDGE_LOOP ( 'NONE', ( #1738, #5873, #8380, #8075 ) ) ;
#7949 = CARTESIAN_POINT ( 'NONE',  ( 5.419333494353670844, -1.249999999999999778, -3.830157644083332702 ) ) ;
#7950 = DIRECTION ( 'NONE',  ( 5.129758794529208774E-15, 0.000000000000000000, 1.000000000000000000 ) ) ;
#7951 = LINE ( 'NONE', #8471, #7236 ) ;
#7952 = CARTESIAN_POINT ( 'NONE',  ( -2.105145129612103982, -1.249999999999999778, 9.678314036663996589 ) ) ;
#7953 = CIRCLE ( 'NONE', #2285, 9.305145129612210297 ) ;
#7954 = CARTESIAN_POINT ( 'NONE',  ( 1.825094118289479539, -0.7499999999999996669, -8.741391311106308848 ) ) ;
#7955 = EDGE_CURVE ( 'NONE', #8172, #8083, #5073, .T. ) ;
#7956 = DIRECTION ( 'NONE',  ( -0.000000000000000000, -1.000000000000000000, -0.000000000000000000 ) ) ;
#7957 = CARTESIAN_POINT ( 'NONE',  ( 9.563317320624390661, -1.115158368669928235, -0.7271087643984984750 ) ) ;
#7958 = VERTEX_POINT ( 'NONE', #6047 ) ;
#7959 = DIRECTION ( 'NONE',  ( -0.000000000000000000, -1.000000000000000000, -0.000000000000000000 ) ) ;
#7960 = CARTESIAN_POINT ( 'NONE',  ( 12.69999999999999929, -4.849999999999996092, 2.099999999999998312 ) ) ;
#7961 = CARTESIAN_POINT ( 'NONE',  ( 3.827332685909307308, -6.350000000000001421, -5.420493800423017206 ) ) ;
#7962 = CARTESIAN_POINT ( 'NONE',  ( 0.000000000000000000, -0.7499999999999997780, 0.000000000000000000 ) ) ;
#7963 = CARTESIAN_POINT ( 'NONE',  ( 9.140953809068788516, -1.249999999999999778, -2.148101959712129361 ) ) ;
#7964 = CARTESIAN_POINT ( 'NONE',  ( -1.592979213004597883, -14.22479733377540256, -2.690590178608778249 ) ) ;
#7965 = CARTESIAN_POINT ( 'NONE',  ( -1.449747468305833564, -9.350000000000001421, -9.741464024932666277 ) ) ;
#7966 =( BOUNDED_CURVE ( )  B_SPLINE_CURVE ( 3, ( #6715, #161, #1433, #3561 ),
 .UNSPECIFIED., .F., .T. ) 
 B_SPLINE_CURVE_WITH_KNOTS ( ( 4, 4 ),
 ( 3.657999109116276237, 5.766778851653094229 ),
 .UNSPECIFIED. ) 
 CURVE ( )  GEOMETRIC_REPRESENTATION_ITEM ( )  RATIONAL_B_SPLINE_CURVE ( ( 1.000000000000000000, 0.6625055929971775948, 0.6625055929971775948, 1.000000000000000000 ) ) 
 REPRESENTATION_ITEM ( '' )  );
#7967 = ORIENTED_EDGE ( 'NONE', *, *, #8039, .F. ) ;
#7968 = CARTESIAN_POINT ( 'NONE',  ( -1.734723475976804925E-15, -0.7499999999999997780, -12.69999999999999929 ) ) ;
#7969 = CARTESIAN_POINT ( 'NONE',  ( -5.774854870387789774, -6.349999999999999645, 6.048839404345904308E-14 ) ) ;
#7970 = CARTESIAN_POINT ( 'NONE',  ( 9.168307674430804965, -0.7499999999999998890, -0.9614061070025051725 ) ) ;
#7971 = CARTESIAN_POINT ( 'NONE',  ( -3.473517214816176275E-15, -0.7499999999999997780, -0.9948548703877909682 ) ) ;
#7972 = CARTESIAN_POINT ( 'NONE',  ( 9.248924463132041751, -0.7499999999999997780, 1.607079079512876651 ) ) ;
#7973 = CARTESIAN_POINT ( 'NONE',  ( -9.441261499489122855, -0.7500000624747926725, 1.666225140989538334 ) ) ;
#7974 = VERTEX_POINT ( 'NONE', #5487 ) ;
#7975 = VERTEX_POINT ( 'NONE', #8108 ) ;
#7976 = CARTESIAN_POINT ( 'NONE',  ( 5.774854870387789774, -0.7499999999999997780, 0.000000000000000000 ) ) ;
#7977 = CARTESIAN_POINT ( 'NONE',  ( -5.772462205399800261, -6.349999999999996980, -2.416264417864705027 ) ) ;
#7978 = LINE ( 'NONE', #2057, #8424 ) ;
#7979 = CARTESIAN_POINT ( 'NONE',  ( 6.272766110050524979, -0.7499999999999997780, -2.411100201706678270 ) ) ;
#7980 = CARTESIAN_POINT ( 'NONE',  ( -0.9490440321529121093, -0.7499999989588478355, -6.229044032153017163 ) ) ;
#7981 = CARTESIAN_POINT ( 'NONE',  ( 6.074809178934708065, -1.249999999999999778, -0.4948548703878118404 ) ) ;
#7982 = VERTEX_POINT ( 'NONE', #6810 ) ;
#7983 =( BOUNDED_CURVE ( )  B_SPLINE_CURVE ( 3, ( #5297, #3346, #7875, #6585 ),
 .UNSPECIFIED., .F., .T. ) 
 B_SPLINE_CURVE_WITH_KNOTS ( ( 4, 4 ),
 ( 4.040999222087533482, 5.383778738681717968 ),
 .UNSPECIFIED. ) 
 CURVE ( )  GEOMETRIC_REPRESENTATION_ITEM ( )  RATIONAL_B_SPLINE_CURVE ( ( 1.000000000000000000, 0.8553052591888762324, 0.8553052591888762324, 1.000000000000000000 ) ) 
 REPRESENTATION_ITEM ( '' )  );
#7984 = FACE_OUTER_BOUND ( 'NONE', #3816, .T. ) ;
#7985 = EDGE_LOOP ( 'NONE', ( #1197, #5117, #391, #7551 ) ) ;
#7986 = CARTESIAN_POINT ( 'NONE',  ( -10.07030783714662370, -1.249999999999999778, -1.876683844410757196 ) ) ;
#7987 = CARTESIAN_POINT ( 'NONE',  ( -2.123812721427069228, -6.349999999999999645, -9.190067605226134972 ) ) ;
#7988 = CARTESIAN_POINT ( 'NONE',  ( -1.995088011118063331, -0.7499999999999995559, -8.610716238940995026 ) ) ;
#7989 = CARTESIAN_POINT ( 'NONE',  ( 9.054086811541743884, -1.249999999999999778, 2.229098567681894405 ) ) ;
#7990 = EDGE_CURVE ( 'NONE', #5450, #5656, #3535, .T. ) ;
#7991 = ORIENTED_EDGE ( 'NONE', *, *, #5071, .T. ) ;
#7992 = ADVANCED_FACE ( 'NONE', ( #6937 ), #5908, .T. ) ;
#7993 = CARTESIAN_POINT ( 'NONE',  ( 5.419333493117816758, -0.7500000000001013634, -3.830157643571857840 ) ) ;
#7994 = CARTESIAN_POINT ( 'NONE',  ( 0.000000000000000000, -0.7499999999999997780, -5.774854870387789774 ) ) ;
#7995 = CARTESIAN_POINT ( 'NONE',  ( 4.033781148246202264, -1.249999999999999778, -5.309876858254655829 ) ) ;
#7996 = CYLINDRICAL_SURFACE ( 'NONE', #7513, 0.5000000000000000000 ) ;
#7997 = CARTESIAN_POINT ( 'NONE',  ( 5.309876858252904341, -1.249999999999999778, 4.033781148248801962 ) ) ;
#7998 = EDGE_LOOP ( 'NONE', ( #91, #1235, #5440, #6940 ) ) ;
#7999 = CARTESIAN_POINT ( 'NONE',  ( -2.105145129612210120, -1.224858571264062945, -9.678273618406741718 ) ) ;
#8000 = DIRECTION ( 'NONE',  ( 0.000000000000000000, 0.000000000000000000, 1.000000000000000000 ) ) ;
#8001 = EDGE_LOOP ( 'NONE', ( #6778, #2650, #7609, #820 ) ) ;
#8002 = CARTESIAN_POINT ( 'NONE',  ( 9.925151415895278717, -1.152677805080581042, 1.650918591661180601 ) ) ;
#8003 = ADVANCED_FACE ( 'NONE', ( #7584 ), #2641, .T. ) ;
#8004 = CARTESIAN_POINT ( 'NONE',  ( 6.274854870387786221, -0.7499999999999997780, -0.9948548703878129507 ) ) ;
#8005 = CARTESIAN_POINT ( 'NONE',  ( -2.607098787731426448, -6.349999999999998757, -5.759183060185255165 ) ) ;
#8006 = CARTESIAN_POINT ( 'NONE',  ( 15.55634918610404682, -16.35000000000000142, -2.121320343559641941 ) ) ;
#8007 = CYLINDRICAL_SURFACE ( 'NONE', #5555, 0.5350000000000003642 ) ;
#8008 = CARTESIAN_POINT ( 'NONE',  ( -2.555000000000000160, 6.349999999999999645, -3.090000000000000302 ) ) ;
#8009 = ADVANCED_FACE ( 'NONE', ( #5308 ), #3873, .T. ) ;
#8010 = CARTESIAN_POINT ( 'NONE',  ( -2.121320343559645494, -16.35000000000000142, 15.55634918610404327 ) ) ;
#8011 = CARTESIAN_POINT ( 'NONE',  ( 0.000000000000000000, -0.7499999999999997780, -6.274854870387789774 ) ) ;
#8012 = CARTESIAN_POINT ( 'NONE',  ( -12.69999999999999929, -4.349999999999999645, -1.734723475976804925E-15 ) ) ;
#8013 = DIRECTION ( 'NONE',  ( -1.000000000000000000, -0.000000000000000000, 1.047444401652940007E-14 ) ) ;
#8014 = CARTESIAN_POINT ( 'NONE',  ( -5.773836923778226549, -6.349999999999999645, 2.339595130594264827 ) ) ;
#8015 = VECTOR ( 'NONE', #7071, 1000.000000000000000 ) ;
#8016 = LINE ( 'NONE', #2098, #3809 ) ;
#8017 = CARTESIAN_POINT ( 'NONE',  ( 4.749987219571101704, -6.349999999999999645, 4.749987219571101704 ) ) ;
#8018 = B_SPLINE_CURVE_WITH_KNOTS ( 'NONE', 3,
 ( #4024, #4112, #3172, #2111, #5364, #2514, #8031, #6736, #3133, #7988, #4672, #5405, #5818, #5158 ),
 .UNSPECIFIED., .F., .F.,
 ( 4, 2, 2, 2, 2, 2, 4 ),
 ( 0.000000000000000000, 0.0001294670375279976897, 0.0002589340750559953794, 0.0005178681501119857715, 0.0007768022251679763263, 0.0009062692626959729589, 0.001035736300223969808 ),
 .UNSPECIFIED. ) ;
#8019 = ORIENTED_EDGE ( 'NONE', *, *, #8271, .F. ) ;
#8020 = CARTESIAN_POINT ( 'NONE',  ( -5.899142436556301661, -1.249999999999999778, 0.4949083761044024143 ) ) ;
#8021 = CARTESIAN_POINT ( 'NONE',  ( -5.755151426187571140, -6.350000000000000533, -2.647079788141950996 ) ) ;
#8022 = CARTESIAN_POINT ( 'NONE',  ( -5.011613332058265868, -0.7499999999996128652, -5.011343840190009225 ) ) ;
#8023 = CARTESIAN_POINT ( 'NONE',  ( 6.147120015557338668, -0.7499999999999997780, -3.311207841204496738 ) ) ;
#8024 = CARTESIAN_POINT ( 'NONE',  ( 9.271102943336709146, -6.349999999999999645, 0.4948548703877889698 ) ) ;
#8025 = ORIENTED_EDGE ( 'NONE', *, *, #2565, .F. ) ;
#8026 = ADVANCED_FACE ( 'NONE', ( #7802 ), #1319, .T. ) ;
#8027 = CARTESIAN_POINT ( 'NONE',  ( 0.8349215533303676606, -0.9427265114570053672, 5.875021577744237611 ) ) ;
#8028 = ORIENTED_EDGE ( 'NONE', *, *, #3406, .F. ) ;
#8029 = CARTESIAN_POINT ( 'NONE',  ( 4.473107448934595887, -6.350000000000001421, 4.998841268229710977 ) ) ;
#8030 = CARTESIAN_POINT ( 'NONE',  ( -2.107992638090519844, -1.249999999999999778, -9.244344518389903342 ) ) ;
#8031 = CARTESIAN_POINT ( 'NONE',  ( -1.720014196550089247, -0.7499999999999998890, -8.877074632493719974 ) ) ;
#8032 = ORIENTED_EDGE ( 'NONE', *, *, #7524, .F. ) ;
#8033 = CARTESIAN_POINT ( 'NONE',  ( 6.269367957483029663, -0.7499999999999997780, -2.526946906007631721 ) ) ;
#8034 = CARTESIAN_POINT ( 'NONE',  ( 0.4948548703877910238, -0.7499999999999997780, 0.000000000000000000 ) ) ;
#8035 = AXIS2_PLACEMENT_3D ( 'NONE', #7558, #1627, #8124 ) ;
#8036 = CARTESIAN_POINT ( 'NONE',  ( 3.176966234832755198, -0.7500000000000840439, -5.664556239747182254 ) ) ;
#8037 = CARTESIAN_POINT ( 'NONE',  ( -1.605145129612111310, -0.7499999999999996669, 9.344284074950470753 ) ) ;
#8038 = CARTESIAN_POINT ( 'NONE',  ( -0.9948548703876936017, -0.7499999999999997780, 9.115647332695267835 ) ) ;
#8039 = EDGE_CURVE ( 'NONE', #1658, #4280, #6838, .T. ) ;
#8040 = CARTESIAN_POINT ( 'NONE',  ( 2.105145129612210120, -6.349999999999999645, 0.000000000000000000 ) ) ;
#8041 = CARTESIAN_POINT ( 'NONE',  ( -0.7948091789347081493, -1.249999999999999778, -5.774854870387792438 ) ) ;
#8042 = DIRECTION ( 'NONE',  ( 0.000000000000000000, 1.000000000000000000, 0.000000000000000000 ) ) ;
#8043 = CARTESIAN_POINT ( 'NONE',  ( -1.645440951407509900, -0.9250727480747985565, 9.799626652746606936 ) ) ;
#8044 = CARTESIAN_POINT ( 'NONE',  ( -3.720896628016376440, -6.349999999999999645, -5.464514167704296987 ) ) ;
#8045 = DIRECTION ( 'NONE',  ( 0.000000000000000000, 0.000000000000000000, -1.000000000000000000 ) ) ;
#8046 = EDGE_CURVE ( 'NONE', #7738, #7271, #8, .T. ) ;
#8047 = CARTESIAN_POINT ( 'NONE',  ( -3.398279215015218124, -1.249999999999999778, -5.597947723055740177 ) ) ;
#8048 =( BOUNDED_CURVE ( )  B_SPLINE_CURVE ( 3, ( #7125, #1196, #3836, #559 ),
 .UNSPECIFIED., .F., .T. ) 
 B_SPLINE_CURVE_WITH_KNOTS ( ( 4, 4 ),
 ( 0.000000000000000000, 1.000000000000000000 ),
 .UNSPECIFIED. ) 
 CURVE ( )  GEOMETRIC_REPRESENTATION_ITEM ( )  RATIONAL_B_SPLINE_CURVE ( ( 1.000000000000000000, 0.6625055929971761515, 0.6625055929971761515, 1.000000000000000000 ) ) 
 REPRESENTATION_ITEM ( '' )  );
#8049 = CARTESIAN_POINT ( 'NONE',  ( -9.502382524911729078, -0.7954488551885442460, 1.849310218122188987 ) ) ;
#8050 = ORIENTED_EDGE ( 'NONE', *, *, #3549, .T. ) ;
#8051 = DIRECTION ( 'NONE',  ( 0.000000000000000000, -1.000000000000000000, 0.000000000000000000 ) ) ;
#8052 = CARTESIAN_POINT ( 'NONE',  ( 1.734723475976804925E-15, -4.849999999999996980, -12.69999999999999929 ) ) ;
#8053 = CARTESIAN_POINT ( 'NONE',  ( 2.107992638069511759, -1.249999999999999778, -9.244344518579993064 ) ) ;
#8054 = LINE ( 'NONE', #7451, #515 ) ;
#8055 = DIRECTION ( 'NONE',  ( -0.000000000000000000, -1.000000000000000000, -0.000000000000000000 ) ) ;
#8056 = DIRECTION ( 'NONE',  ( -9.497769312600652573E-16, 0.000000000000000000, -1.000000000000000000 ) ) ;
#8057 = ORIENTED_EDGE ( 'NONE', *, *, #5418, .T. ) ;
#8058 = ADVANCED_FACE ( 'NONE', ( #8402 ), #869, .F. ) ;
#8059 = VERTEX_POINT ( 'NONE', #3144 ) ;
#8060 = EDGE_LOOP ( 'NONE', ( #1750, #390, #4064, #6648 ) ) ;
#8061 = CIRCLE ( 'NONE', #6275, 3.719854870387793166 ) ;
#8062 = CARTESIAN_POINT ( 'NONE',  ( -2.110363770167356101, -1.249999999999999778, 9.233270550170697533 ) ) ;
#8063 = CARTESIAN_POINT ( 'NONE',  ( -9.681714785498352072, -0.7657824690036092452, -1.808605228538238130 ) ) ;
#8064 = CARTESIAN_POINT ( 'NONE',  ( -1.634883707223663718, -0.7499999999999997780, 9.078152156822579144 ) ) ;
#8065 = DIRECTION ( 'NONE',  ( -1.000000000000000000, 0.000000000000000000, 3.491481338843133355E-15 ) ) ;
#8066 = CARTESIAN_POINT ( 'NONE',  ( -5.723143872992054071, -6.349999999999999645, -2.886440657710625413 ) ) ;
#8067 = CARTESIAN_POINT ( 'NONE',  ( 0.5718457277413842021, -0.9743063024704207153, 9.246666417027695317 ) ) ;
#8068 = AXIS2_PLACEMENT_3D ( 'NONE', #4387, #414, #6375 ) ;
#8069 = ORIENTED_EDGE ( 'NONE', *, *, #5843, .F. ) ;
#8070 = CARTESIAN_POINT ( 'NONE',  ( 9.678314036664053432, -1.249999999999999778, -2.105145129612243871 ) ) ;
#8071 = ORIENTED_EDGE ( 'NONE', *, *, #3710, .T. ) ;
#8072 = CARTESIAN_POINT ( 'NONE',  ( 1.623915830948657657, -0.7499999999999997780, -9.120494649535356046 ) ) ;
#8073 = VECTOR ( 'NONE', #481, 1000.000000000000000 ) ;
#8074 = CARTESIAN_POINT ( 'NONE',  ( 12.69999999999999929, -4.349999999999999645, 1.600000000000002531 ) ) ;
#8075 = ORIENTED_EDGE ( 'NONE', *, *, #5210, .F. ) ;
#8076 = CARTESIAN_POINT ( 'NONE',  ( 5.664579311312904153, -0.7500000000001136868, -3.176823113480240490 ) ) ;
#8077 = FACE_OUTER_BOUND ( 'NONE', #4416, .T. ) ;
#8078 = ADVANCED_FACE ( 'NONE', ( #8491, #1961 ), #4524, .T. ) ;
#8079 = CARTESIAN_POINT ( 'NONE',  ( -2.090991618918916828, -1.129815973758811820, 9.668310163885115216 ) ) ;
#8080 = CARTESIAN_POINT ( 'NONE',  ( 2.555000000000000160, 6.349999999999999645, 3.090000000000000302 ) ) ;
#8081 = AXIS2_PLACEMENT_3D ( 'NONE', #4392, #6978, #8397 ) ;
#8082 = CARTESIAN_POINT ( 'NONE',  ( 2.019097449534359545E-14, -1.249999999999999778, 1.605145129612327137 ) ) ;
#8083 = VERTEX_POINT ( 'NONE', #2573 ) ;
#8084 = CARTESIAN_POINT ( 'NONE',  ( 9.668310163885108111, -1.129815973758814263, 2.090991618919018968 ) ) ;
#8085 = AXIS2_PLACEMENT_3D ( 'NONE', #7727, #4366, #5755 ) ;
#8086 = ADVANCED_FACE ( 'NONE', ( #5219 ), #777, .T. ) ;
#8087 = CARTESIAN_POINT ( 'NONE',  ( -1.634833337635735573, -0.7952020810984772314, 9.632018583346349416 ) ) ;
#8088 = CARTESIAN_POINT ( 'NONE',  ( 8.739575271952903179, -0.7499999999999997780, -1.826686617569145632 ) ) ;
#8089 = ORIENTED_EDGE ( 'NONE', *, *, #514, .T. ) ;
#8090 = CARTESIAN_POINT ( 'NONE',  ( -1.449747468305833564, -9.350000000000001421, -16.06147744819821455 ) ) ;
#8091 = CARTESIAN_POINT ( 'NONE',  ( -9.271084787564040752, -1.249999999999999778, -0.4948548703877889698 ) ) ;
#8092 = ORIENTED_EDGE ( 'NONE', *, *, #5565, .F. ) ;
#8093 = CARTESIAN_POINT ( 'NONE',  ( 1.849313557585564149, -0.7954508894435927679, -9.502384764323625888 ) ) ;
#8094 = EDGE_CURVE ( 'NONE', #4660, #8103, #7198, .T. ) ;
#8095 = CARTESIAN_POINT ( 'NONE',  ( 2.506000929845902281, -1.249999999999999778, 5.769351686916033728 ) ) ;
#8096 = B_SPLINE_SURFACE_WITH_KNOTS ( 'NONE', 3, 1, ( 
 ( #6378, #4260 ),
 ( #465, #3566 ),
 ( #2435, #4947 ),
 ( #3089, #3041 ),
 ( #5734, #5599 ),
 ( #6887, #7576 ),
 ( #2903, #3704 ),
 ( #8355, #5086 ),
 ( #6928, #3610 ),
 ( #6241, #7712 ),
 ( #8177, #3656 ),
 ( #5645, #2260 ),
 ( #5689, #4904 ),
 ( #6287, #374 ),
 ( #2996, #6220 ) ),
 .UNSPECIFIED., .F., .F., .F.,
 ( 4, 1, 1, 1, 1, 1, 1, 1, 1, 1, 1, 1, 4 ),
 ( 2, 2 ),
 ( 0.000000000000000000, 0.06779283232821911587, 0.1361444658705646682, 0.2050550457802249038, 0.2745247136004537736, 0.3445536073781220732, 0.4862896081618728328, 0.6302640866214523907, 0.7030910659234864690, 0.7764780318659828540, 0.8504251008530517852, 0.9249323865572913750, 1.000000000000000000 ),
 ( 0.000000000000000000, 1.000000000000000000 ),
 .UNSPECIFIED. ) ;
#8097 = CARTESIAN_POINT ( 'NONE',  ( 9.547528442630248691, -1.101661675395388507, -0.7359155481714129143 ) ) ;
#8098 = EDGE_CURVE ( 'NONE', #6589, #6864, #4780, .T. ) ;
#8099 = CARTESIAN_POINT ( 'NONE',  ( 9.243020368494805794, -0.7499999999999998890, -1.607386064952753157 ) ) ;
#8100 = CARTESIAN_POINT ( 'NONE',  ( -9.194064971858891155, -0.8005886769970042005, -0.7394098138758128380 ) ) ;
#8101 = CARTESIAN_POINT ( 'NONE',  ( -2.226551138341035685, -6.349999999999999645, 9.057873628492655982 ) ) ;
#8102 = LINE ( 'NONE', #5227, #3619 ) ;
#8103 = VERTEX_POINT ( 'NONE', #798 ) ;
#8104 = CARTESIAN_POINT ( 'NONE',  ( 4.918615740074033127, -0.8042808506308536387, -4.918789617494400801 ) ) ;
#8105 = CARTESIAN_POINT ( 'NONE',  ( -9.678273618406583623, -1.224858571264064722, -2.105145129612205235 ) ) ;
#8106 = DIRECTION ( 'NONE',  ( 0.000000000000000000, 0.000000000000000000, 1.000000000000000000 ) ) ;
#8107 = EDGE_CURVE ( 'NONE', #1892, #6481, #2095, .T. ) ;
#8108 = CARTESIAN_POINT ( 'NONE',  ( -1.500000000000000000, -11.38030615433009274, -2.741464024932667609 ) ) ;
#8109 = CARTESIAN_POINT ( 'NONE',  ( -3.090000000000000302, 6.349999999999999645, -2.555000000000000160 ) ) ;
#8110 =( LENGTH_UNIT ( ) NAMED_UNIT ( * ) SI_UNIT ( .MILLI., .METRE. ) );
#8111 = ORIENTED_EDGE ( 'NONE', *, *, #3924, .T. ) ;
#8112 = CARTESIAN_POINT ( 'NONE',  ( 0.9948548703877909682, -0.7499999999999997780, 0.000000000000000000 ) ) ;
#8113 = ORIENTED_EDGE ( 'NONE', *, *, #813, .F. ) ;
#8114 = FACE_OUTER_BOUND ( 'NONE', #250, .T. ) ;
#8115 = CARTESIAN_POINT ( 'NONE',  ( 5.596587704536459817, -6.350000000000000533, 3.401930685069071369 ) ) ;
#8116 = CARTESIAN_POINT ( 'NONE',  ( 5.899142436556307878, -1.249999999999999778, 0.4949083761043419627 ) ) ;
#8117 = EDGE_LOOP ( 'NONE', ( #1691, #7840, #6, #668 ) ) ;
#8118 = EDGE_CURVE ( 'NONE', #6997, #684, #8054, .T. ) ;
#8119 = CARTESIAN_POINT ( 'NONE',  ( 5.523271562641991039, -0.7499999999999997780, -4.613233430756319642 ) ) ;
#8120 = CARTESIAN_POINT ( 'NONE',  ( 6.039313519392364604, -0.7961721122757081659, 0.7593135193923992166 ) ) ;
#8121 = CARTESIAN_POINT ( 'NONE',  ( -1.990103196638286498, -0.8599649199366996566, 10.00151536018404919 ) ) ;
#8122 = DIRECTION ( 'NONE',  ( 1.000000000000000000, 0.000000000000000000, -1.047444401652940007E-14 ) ) ;
#8123 = CARTESIAN_POINT ( 'NONE',  ( 5.598188729282035148, -0.7499999999998984146, 3.398060893281710459 ) ) ;
#8124 = DIRECTION ( 'NONE',  ( 0.000000000000000000, 0.000000000000000000, 1.000000000000000000 ) ) ;
#8125 = DIRECTION ( 'NONE',  ( -0.000000000000000000, -1.000000000000000000, -0.000000000000000000 ) ) ;
#8126 = ORIENTED_EDGE ( 'NONE', *, *, #7955, .T. ) ;
#8127 = B_SPLINE_CURVE_WITH_KNOTS ( 'NONE', 3,
 ( #7305, #2634, #4504, #1938, #3946, #4593, #7221, #2546 ),
 .UNSPECIFIED., .F., .F.,
 ( 4, 2, 2, 4 ),
 ( 0.001685982973038696858, 0.002106885862971551171, 0.002527788752904405918, 0.003369594532770114545 ),
 .UNSPECIFIED. ) ;
#8128 = CARTESIAN_POINT ( 'NONE',  ( 9.935817806041987055, -1.224858571544305663, 1.651291066095392335 ) ) ;
#8129 = CARTESIAN_POINT ( 'NONE',  ( -4.631506261058341067, -6.349999999999999645, 4.862868783596521638 ) ) ;
#8130 = CARTESIAN_POINT ( 'NONE',  ( 9.216837883457282388, -1.249999999999999778, -2.116026783217329399 ) ) ;
#8131 = ORIENTED_EDGE ( 'NONE', *, *, #1074, .T. ) ;
#8132 = ORIENTED_EDGE ( 'NONE', *, *, #2080, .T. ) ;
#8133 = DIRECTION ( 'NONE',  ( 0.000000000000000000, 1.000000000000000000, 0.000000000000000000 ) ) ;
#8134 = CARTESIAN_POINT ( 'NONE',  ( 2.329991424587312565, -0.7499999999999997780, -9.008710553930315612 ) ) ;
#8135 = CARTESIAN_POINT ( 'NONE',  ( 0.8639807922806280738, -0.7630137179688568638, -6.222505239144941136 ) ) ;
#8136 = CARTESIAN_POINT ( 'NONE',  ( -12.69999999999999929, -1.249999999999999778, 1.734723475976804925E-15 ) ) ;
#8137 = CARTESIAN_POINT ( 'NONE',  ( 9.416042996317012026, -0.9116540823656733572, -0.6109415328253718913 ) ) ;
#8138 = CARTESIAN_POINT ( 'NONE',  ( 8.877074632493673789, -0.7500000000000001110, -1.720014196550137875 ) ) ;
#8139 = CARTESIAN_POINT ( 'NONE',  ( 9.170768668875034280, -0.7500000000000093259, 2.132113735672847010 ) ) ;
#8140 = CARTESIAN_POINT ( 'NONE',  ( -2.105145129612112864, -6.349999999999999645, 9.299109199783162083 ) ) ;
#8141 = EDGE_CURVE ( 'NONE', #3966, #2064, #1520, .T. ) ;
#8142 = ORIENTED_EDGE ( 'NONE', *, *, #958, .F. ) ;
#8143 = DIRECTION ( 'NONE',  ( 0.000000000000000000, 0.000000000000000000, -1.000000000000000000 ) ) ;
#8144 = CARTESIAN_POINT ( 'NONE',  ( -0.4948548703876918253, -1.249999999999999778, 9.271084787564046081 ) ) ;
#8145 = CARTESIAN_POINT ( 'NONE',  ( -5.752636975339914471, -1.249999999999999778, -2.685283670518154420 ) ) ;
#8146 = CARTESIAN_POINT ( 'NONE',  ( -2.148101963264375858, -0.7499999999999904521, -9.140953811826035391 ) ) ;
#8147 = DIRECTION ( 'NONE',  ( -0.000000000000000000, -1.000000000000000000, -0.000000000000000000 ) ) ;
#8148 =( NAMED_UNIT ( * ) SI_UNIT ( $, .STERADIAN. ) SOLID_ANGLE_UNIT ( ) );
#8149 = CARTESIAN_POINT ( 'NONE',  ( -0.7948091789347080383, -6.349999999999999645, -5.774854870387791550 ) ) ;
#8150 = ORIENTED_EDGE ( 'NONE', *, *, #7942, .F. ) ;
#8151 = EDGE_CURVE ( 'NONE', #2035, #7851, #6124, .T. ) ;
#8152 = CARTESIAN_POINT ( 'NONE',  ( 9.344284074950616414, -0.7499999999999997780, -1.605145129612240096 ) ) ;
#8153 = VECTOR ( 'NONE', #7688, 1000.000000000000000 ) ;
#8154 = CARTESIAN_POINT ( 'NONE',  ( 5.774854870387786221, -1.184538517676301694, -0.7948548712060662380 ) ) ;
#8155 = CARTESIAN_POINT ( 'NONE',  ( -10.07030783714660593, -6.350000000000000533, 1.876683844410867108 ) ) ;
#8156 = VERTEX_POINT ( 'NONE', #2864 ) ;
#8157 = ORIENTED_EDGE ( 'NONE', *, *, #389, .F. ) ;
#8158 = DIRECTION ( 'NONE',  ( 0.000000000000000000, 1.000000000000000000, 0.000000000000000000 ) ) ;
#8159 = LINE ( 'NONE', #4073, #5067 ) ;
#8160 = CARTESIAN_POINT ( 'NONE',  ( -1.631311024333676807, -0.7804688038444584919, 9.589666438347327571 ) ) ;
#8161 = CARTESIAN_POINT ( 'NONE',  ( 1.876683844410760971, -6.349999999999998757, 10.07030783714662725 ) ) ;
#8162 = VECTOR ( 'NONE', #837, 1000.000000000000000 ) ;
#8163 = DIRECTION ( 'NONE',  ( -0.000000000000000000, -1.000000000000000000, 0.000000000000000000 ) ) ;
#8164 = EDGE_CURVE ( 'NONE', #6691, #3312, #2698, .T. ) ;
#8165 = DIRECTION ( 'NONE',  ( 1.000000000000000000, 0.000000000000000000, 8.486905459769115320E-17 ) ) ;
#8166 = EDGE_LOOP ( 'NONE', ( #2069, #8292, #3846, #6258 ) ) ;
#8167 = CARTESIAN_POINT ( 'NONE',  ( 9.910389448421859981, -0.8140102161161405503, 1.938856732754042023 ) ) ;
#8168 = FACE_OUTER_BOUND ( 'NONE', #3686, .T. ) ;
#8169 = CARTESIAN_POINT ( 'NONE',  ( -4.501194178395444112, -6.350000000000000533, 4.976029049068151799 ) ) ;
#8170 = CYLINDRICAL_SURFACE ( 'NONE', #7930, 0.5000000000000000000 ) ;
#8171 = VECTOR ( 'NONE', #7008, 1000.000000000000000 ) ;
#8172 = VERTEX_POINT ( 'NONE', #5387 ) ;
#8173 = CARTESIAN_POINT ( 'NONE',  ( -4.033781148247122417, -1.249999999999999778, 5.309876858254035881 ) ) ;
#8174 = CARTESIAN_POINT ( 'NONE',  ( 0.8000603714659577648, -1.119125838055401889, -5.787868623083260999 ) ) ;
#8175 = CARTESIAN_POINT ( 'NONE',  ( 4.404218182223798905, -1.249999999999999778, 5.055254220736761894 ) ) ;
#8176 = CARTESIAN_POINT ( 'NONE',  ( -5.285885808636647809, -0.7499999999999997780, 4.912057933844896418 ) ) ;
#8177 = CARTESIAN_POINT ( 'NONE',  ( 5.723143872992054071, -1.249999999999999778, 2.886440657710625413 ) ) ;
#8178 = EDGE_CURVE ( 'NONE', #4011, #4688, #2217, .T. ) ;
#8179 = CYLINDRICAL_SURFACE ( 'NONE', #3950, 9.305145129612210297 ) ;
#8180 = DIRECTION ( 'NONE',  ( 0.000000000000000000, 1.000000000000000000, 0.000000000000000000 ) ) ;
#8181 = ORIENTED_EDGE ( 'NONE', *, *, #4158, .T. ) ;
#8182 = CARTESIAN_POINT ( 'NONE',  ( -5.774908376104336050, -1.249999999999999778, 0.6191424365563662491 ) ) ;
#8183 = CARTESIAN_POINT ( 'NONE',  ( 3.830703838563231933, -1.249999999999999778, -5.418798653681013988 ) ) ;
#8184 = CARTESIAN_POINT ( 'NONE',  ( -2.275387937340425104, -1.249999999999999334, -5.774854870387790662 ) ) ;
#8185 = EDGE_CURVE ( 'NONE', #1476, #1364, #1441, .T. ) ;
#8186 = CARTESIAN_POINT ( 'NONE',  ( 0.7639417980173768274, -0.8024511534720613071, 9.186526414003166607 ) ) ;
#8187 = CIRCLE ( 'NONE', #7503, 2.100000000000000977 ) ;
#8188 = CARTESIAN_POINT ( 'NONE',  ( 1.709619794542996285, -0.7499999999999997780, -9.410623007495068748 ) ) ;
#8189 = ORIENTED_EDGE ( 'NONE', *, *, #7990, .T. ) ;
#8190 = CARTESIAN_POINT ( 'NONE',  ( 2.187678284770484982, -1.249999999999999778, -9.089851226872603718 ) ) ;
#8191 = LINE ( 'NONE', #4834, #5131 ) ;
#8192 = CARTESIAN_POINT ( 'NONE',  ( 5.766884193336330178, -6.350000000000001421, 2.530604541917247818 ) ) ;
#8193 = CARTESIAN_POINT ( 'NONE',  ( -5.774908376104341379, -1.249999999999999778, -0.6191424365563085175 ) ) ;
#8194 = VERTEX_POINT ( 'NONE', #1565 ) ;
#8195 = ORIENTED_EDGE ( 'NONE', *, *, #4588, .F. ) ;
#8196 = CIRCLE ( 'NONE', #3662, 2.100000000000000089 ) ;
#8197 = CARTESIAN_POINT ( 'NONE',  ( 0.4948548703877910238, -0.7499999999999997780, 9.271102943336668289 ) ) ;
#8198 = DIRECTION ( 'NONE',  ( -0.000000000000000000, 0.000000000000000000, -1.000000000000000000 ) ) ;
#8199 = EDGE_CURVE ( 'NONE', #7215, #5758, #4225, .T. ) ;
#8200 = EDGE_CURVE ( 'NONE', #2012, #5569, #1398, .T. ) ;
#8201 = CARTESIAN_POINT ( 'NONE',  ( -1.827703956701462129, -0.7690834892383981991, 9.714807231516859432 ) ) ;
#8202 = CARTESIAN_POINT ( 'NONE',  ( -0.4948548703877281296, -6.349999999999999645, 6.074809178934714282 ) ) ;
#8203 = ORIENTED_EDGE ( 'NONE', *, *, #3617, .F. ) ;
#8204 = DIRECTION ( 'NONE',  ( 0.000000000000000000, 0.000000000000000000, 1.000000000000000000 ) ) ;
#8205 = DIRECTION ( 'NONE',  ( 0.000000000000000000, 0.000000000000000000, -1.000000000000000000 ) ) ;
#8206 = AXIS2_PLACEMENT_3D ( 'NONE', #1075, #8285, #3155 ) ;
#8207 = ORIENTED_EDGE ( 'NONE', *, *, #7618, .F. ) ;
#8208 = CARTESIAN_POINT ( 'NONE',  ( -2.647079788142312928, -6.350000000000000533, 5.755151426187560482 ) ) ;
#8209 = EDGE_CURVE ( 'NONE', #5682, #6691, #2137, .T. ) ;
#8210 = VECTOR ( 'NONE', #3294, 1000.000000000000000 ) ;
#8211 = CARTESIAN_POINT ( 'NONE',  ( 9.487038773917754853, -0.7499999999999997780, -1.622228332512916982 ) ) ;
#8212 = ORIENTED_EDGE ( 'NONE', *, *, #1074, .F. ) ;
#8213 = CARTESIAN_POINT ( 'NONE',  ( -9.292283660294966552, -0.7499999999999997780, -1.604824603125720950 ) ) ;
#8214 = ORIENTED_EDGE ( 'NONE', *, *, #7312, .T. ) ;
#8215 = VERTEX_POINT ( 'NONE', #838 ) ;
#8216 = AXIS2_PLACEMENT_3D ( 'NONE', #4580, #1970, #566 ) ;
#8217 = CARTESIAN_POINT ( 'NONE',  ( 2.121320343559641941, -16.35000000000000142, 15.55634918610404682 ) ) ;
#8218 = CARTESIAN_POINT ( 'NONE',  ( 3.558195542703775249, -0.7499999999999997780, 6.073039363054428819 ) ) ;
#8219 = CARTESIAN_POINT ( 'NONE',  ( -4.670618721917320748, -0.7499999999999997780, 4.826950148074426572 ) ) ;
#8220 = DIRECTION ( 'NONE',  ( 0.000000000000000000, 1.000000000000000000, 0.000000000000000000 ) ) ;
#8221 = CARTESIAN_POINT ( 'NONE',  ( 0.7948320246612494699, -1.249999999999999778, 5.774854870387789774 ) ) ;
#8222 = CARTESIAN_POINT ( 'NONE',  ( 9.547528442630081713, -1.101661675395366302, 0.7359155481713769431 ) ) ;
#8223 = CARTESIAN_POINT ( 'NONE',  ( -5.093866551585353619, -1.249999999999999778, 4.352419305668664862 ) ) ;
#8224 = EDGE_LOOP ( 'NONE', ( #8242, #5536, #4908, #2387, #7820, #6956, #1973, #4922, #8131, #7815, #1271, #1628, #6278 ) ) ;
#8225 = DIRECTION ( 'NONE',  ( 0.000000000000000000, 0.000000000000000000, -1.000000000000000000 ) ) ;
#8226 = CARTESIAN_POINT ( 'NONE',  ( -5.313392328326483671, -1.249999999999999556, -4.027408664233555591 ) ) ;
#8227 = CARTESIAN_POINT ( 'NONE',  ( 0.8678600213244264117, -0.8024511530617569610, -9.320677620799612484 ) ) ;
#8228 = CARTESIAN_POINT ( 'NONE',  ( -9.563309819739272299, -1.249999999999999778, -0.7270764054876839300 ) ) ;
#8229 = CARTESIAN_POINT ( 'NONE',  ( -9.511749481756822888, -0.9841828767151812318, 0.7556270829860081140 ) ) ;
#8230 = ORIENTED_EDGE ( 'NONE', *, *, #25, .T. ) ;
#8231 = CARTESIAN_POINT ( 'NONE',  ( -9.289501645814747022, -0.7499999999999648059, 1.735341132246818407 ) ) ;
#8232 = ADVANCED_FACE ( 'NONE', ( #5997 ), #7932, .T. ) ;
#8233 = LINE ( 'NONE', #6775, #2083 ) ;
#8234 = CARTESIAN_POINT ( 'NONE',  ( 4.973354255620671793, -6.350000000000000533, 4.504428605851974687 ) ) ;
#8235 =( BOUNDED_CURVE ( )  B_SPLINE_CURVE ( 3, ( #6671, #4731, #241, #6751 ),
 .UNSPECIFIED., .F., .T. ) 
 B_SPLINE_CURVE_WITH_KNOTS ( ( 4, 4 ),
 ( 0.000000000000000000, 1.000000000000000000 ),
 .UNSPECIFIED. ) 
 CURVE ( )  GEOMETRIC_REPRESENTATION_ITEM ( )  RATIONAL_B_SPLINE_CURVE ( ( 1.000000000000000000, 0.8553052591901904034, 0.8553052591901904034, 1.000000000000000000 ) ) 
 REPRESENTATION_ITEM ( '' )  );
#8236 = ORIENTED_EDGE ( 'NONE', *, *, #7205, .F. ) ;
#8237 = B_SPLINE_CURVE_WITH_KNOTS ( 'NONE', 3,
 ( #7585, #5096, #1103, #4354, #4398, #7034, #8365, #3754, #1784, #1651, #4309, #6938, #6387, #3713, #1064, #6345, #3101, #426, #3054, #5701, #6298, #8319, #2445, #5052, #7073, #2527, #2614, #5998 ),
 .UNSPECIFIED., .F., .F.,
 ( 4, 1, 1, 1, 2, 2, 2, 2, 2, 2, 2, 1, 1, 1, 2, 2, 4 ),
 ( 0.000000000000000000, 0.06250000000000348332, 0.09375000000000496825, 0.1093750000000054540, 0.1171875000000056483, 0.1250000000000058287, 0.1875000000000066891, 0.2500000000000075495, 0.5000000000000095479, 0.6250000000000105471, 0.7500000000000114353, 0.8125000000000122125, 0.8437500000000127676, 0.8593750000000126565, 0.8671875000000126565, 0.8750000000000126565, 1.000000000000000000 ),
 .UNSPECIFIED. ) ;
#8238 = DIRECTION ( 'NONE',  ( 0.000000000000000000, 1.000000000000000000, 0.000000000000000000 ) ) ;
#8239 = CARTESIAN_POINT ( 'NONE',  ( 4.749987219571084829, -1.249999999999999778, -4.749987219571117691 ) ) ;
#8240 = CARTESIAN_POINT ( 'NONE',  ( 5.183329636183829187E-15, -0.7499999999999997780, 0.4948548703877910238 ) ) ;
#8241 = CARTESIAN_POINT ( 'NONE',  ( -5.868537966828735186, -0.7500000000000002220, 4.052267668197829131 ) ) ;
#8242 = ORIENTED_EDGE ( 'NONE', *, *, #2587, .T. ) ;
#8243 = CARTESIAN_POINT ( 'NONE',  ( 2.105145129612173704, -6.349999999999999645, -9.678354296802057277 ) ) ;
#8244 = CARTESIAN_POINT ( 'NONE',  ( -3.943002256977785613, -6.349999999999999645, 5.356859988824320240 ) ) ;
#8245 = PLANE ( 'NONE',  #59 ) ;
#8246 = EDGE_LOOP ( 'NONE', ( #1943, #7736, #3170, #3583 ) ) ;
#8247 = EDGE_CURVE ( 'NONE', #2875, #3757, #284, .T. ) ;
#8248 = EDGE_CURVE ( 'NONE', #5774, #2024, #2943, .T. ) ;
#8249 = LINE ( 'NONE', #4375, #1388 ) ;
#8250 = ORIENTED_EDGE ( 'NONE', *, *, #1073, .T. ) ;
#8251 = CARTESIAN_POINT ( 'NONE',  ( 1.930422840993656353, -0.8691362225820243870, 9.557485742446758081 ) ) ;
#8252 = CARTESIAN_POINT ( 'NONE',  ( -8.527837839788517726, -0.7499999999999997780, -2.192387404589964284 ) ) ;
#8253 = DIRECTION ( 'NONE',  ( 0.000000000000000000, 1.000000000000000000, 0.000000000000000000 ) ) ;
#8254 = EDGE_LOOP ( 'NONE', ( #7599, #5392, #8503, #4252 ) ) ;
#8255 = CARTESIAN_POINT ( 'NONE',  ( 1.500000000000000000, -7.589999999999999858, -2.741464024932667165 ) ) ;
#8256 =( BOUNDED_CURVE ( )  B_SPLINE_CURVE ( 3, ( #5376, #75, #5904, #8004 ),
 .UNSPECIFIED., .F., .T. ) 
 B_SPLINE_CURVE_WITH_KNOTS ( ( 4, 4 ),
 ( 0.000000000000000000, 1.570796326794896558 ),
 .UNSPECIFIED. ) 
 CURVE ( )  GEOMETRIC_REPRESENTATION_ITEM ( )  RATIONAL_B_SPLINE_CURVE ( ( 1.000000000000000000, 0.8047378541243649375, 0.8047378541243649375, 1.000000000000000000 ) ) 
 REPRESENTATION_ITEM ( '' )  );
#8257 = ORIENTED_EDGE ( 'NONE', *, *, #7417, .F. ) ;
#8258 = VERTEX_POINT ( 'NONE', #923 ) ;
#8259 = ADVANCED_FACE ( 'NONE', ( #4390 ), #8096, .T. ) ;
#8260 = CARTESIAN_POINT ( 'NONE',  ( -9.281126975314611727, -1.249999999999999778, -2.106080121565638397 ) ) ;
#8261 = CARTESIAN_POINT ( 'NONE',  ( 15.55634918610404682, -6.349999999999999645, 2.121320343559641497 ) ) ;
#8262 = CARTESIAN_POINT ( 'NONE',  ( -4.413936882580355991, -1.249999999999999778, 5.047838592698703941 ) ) ;
#8263 = CARTESIAN_POINT ( 'NONE',  ( 15.55634918610404682, -16.35000000000000142, -2.121320343559641941 ) ) ;
#8264 = FACE_OUTER_BOUND ( 'NONE', #6820, .T. ) ;
#8265 = CARTESIAN_POINT ( 'NONE',  ( -6.274854870387764905, -0.7499999999999997780, 2.279351210769302138 ) ) ;
#8266 = CARTESIAN_POINT ( 'NONE',  ( 9.186526414003035157, -0.8024511534720660810, 0.7639417980173612843 ) ) ;
#8267 = CARTESIAN_POINT ( 'NONE',  ( -9.935855655966854272, -1.249999999999999778, 1.651354423408247785 ) ) ;
#8268 = CARTESIAN_POINT ( 'NONE',  ( 9.138289497553039098, -6.349999999999999645, -2.149601316833823716 ) ) ;
#8269 = ORIENTED_EDGE ( 'NONE', *, *, #5831, .F. ) ;
#8270 = ORIENTED_EDGE ( 'NONE', *, *, #3617, .T. ) ;
#8271 = EDGE_CURVE ( 'NONE', #8083, #6746, #6026, .T. ) ;
#8272 = CARTESIAN_POINT ( 'NONE',  ( 9.286119137480383756, -0.7499999999999997780, 1.605145129612210342 ) ) ;
#8273 = CARTESIAN_POINT ( 'NONE',  ( 4.667232992544698256, -1.250000000000000000, -4.830233259829837422 ) ) ;
#8274 = DIRECTION ( 'NONE',  ( 0.000000000000000000, 1.000000000000000000, 0.000000000000000000 ) ) ;
#8275 = CARTESIAN_POINT ( 'NONE',  ( 9.659515348575705929, -1.087308500963323654, -2.078455268397054301 ) ) ;
#8276 = CARTESIAN_POINT ( 'NONE',  ( 0.9948548703877920785, -0.7500000000000000000, 6.274854870387789774 ) ) ;
#8277 = ORIENTED_EDGE ( 'NONE', *, *, #7346, .T. ) ;
#8278 = CARTESIAN_POINT ( 'NONE',  ( 2.298368327099026942, -1.249999999999999778, -9.018667615732207210 ) ) ;
#8279 =( BOUNDED_SURFACE ( )  B_SPLINE_SURFACE ( 3, 1, ( 
 ( #7229, #673 ),
 ( #3305, #3135 ),
 ( #1930, #6478 ),
 ( #3982, #8504 ) ),
 .UNSPECIFIED., .F., .F., .T. ) 
 B_SPLINE_SURFACE_WITH_KNOTS ( ( 4, 4 ),
 ( 2, 2 ),
 ( 0.000000000000000000, 1.000000000000000000 ),
 ( 0.000000000000000000, 1.000000000000000000 ),
 .UNSPECIFIED. ) 
 GEOMETRIC_REPRESENTATION_ITEM ( )  RATIONAL_B_SPLINE_SURFACE ( (
 ( 1.000000000000000000, 1.000000000000000000),
 ( 0.6625055929971775948, 0.6625055929971775948),
 ( 0.6625055929971775948, 0.6625055929971775948),
 ( 1.000000000000000000, 1.000000000000000000) ) ) 
 REPRESENTATION_ITEM ( '' )  SURFACE ( )  );
#8280 = LINE ( 'NONE', #5058, #8153 ) ;
#8281 = CARTESIAN_POINT ( 'NONE',  ( -9.678314036663973496, -1.249999999999999778, -2.105145129612205235 ) ) ;
#8282 = ORIENTED_EDGE ( 'NONE', *, *, #3176, .T. ) ;
#8283 = CARTESIAN_POINT ( 'NONE',  ( -1.500000000000000000, -16.35000000000000142, -2.741464024932667165 ) ) ;
#8284 = CARTESIAN_POINT ( 'NONE',  ( 4.705393340446841322, -1.249999999999999778, -4.793229508794065730 ) ) ;
#8285 = DIRECTION ( 'NONE',  ( 0.000000000000000000, 1.000000000000000000, 0.000000000000000000 ) ) ;
#8286 = CARTESIAN_POINT ( 'NONE',  ( -5.183271730745850014, -0.7499999999999997780, 5.021560706605047386 ) ) ;
#8287 = EDGE_CURVE ( 'NONE', #6789, #3749, #272, .T. ) ;
#8288 = CARTESIAN_POINT ( 'NONE',  ( -4.921176097712695707, -6.349999999999999645, 4.568108057989867632 ) ) ;
#8289 = CIRCLE ( 'NONE', #7326, 2.100000000000000089 ) ;
#8290 = CARTESIAN_POINT ( 'NONE',  ( 6.274854870387789774, -0.7499999999999997780, 0.000000000000000000 ) ) ;
#8291 = CARTESIAN_POINT ( 'NONE',  ( -5.774854870387789774, -0.7499999999999997780, 6.048839404345904308E-14 ) ) ;
#8292 = ORIENTED_EDGE ( 'NONE', *, *, #8200, .F. ) ;
#8293 = ORIENTED_EDGE ( 'NONE', *, *, #8415, .T. ) ;
#8294 = FACE_OUTER_BOUND ( 'NONE', #1935, .T. ) ;
#8295 = CARTESIAN_POINT ( 'NONE',  ( 1.990103196638386196, -0.8599649199366820040, 10.00151536018419840 ) ) ;
#8296 = AXIS2_PLACEMENT_3D ( 'NONE', #6762, #6726, #1570 ) ;
#8297 = CARTESIAN_POINT ( 'NONE',  ( 6.144563154555052087, -0.7500000000001567635, -2.278318447378225198 ) ) ;
#8298 = EDGE_CURVE ( 'NONE', #7549, #1261, #3909, .T. ) ;
#8299 = CARTESIAN_POINT ( 'NONE',  ( -9.199881272816398337, -0.7499999999999998890, 1.610352866662382532 ) ) ;
#8300 = CARTESIAN_POINT ( 'NONE',  ( -9.054086811349170816, -1.249999999999999778, 2.229098567962174204 ) ) ;
#8301 = CARTESIAN_POINT ( 'NONE',  ( 5.729727507366503048, -6.349999999999999645, -2.846498317571625858 ) ) ;
#8302 = ORIENTED_EDGE ( 'NONE', *, *, #5606, .T. ) ;
#8303 = VECTOR ( 'NONE', #7437, 1000.000000000000000 ) ;
#8305 = ORIENTED_EDGE ( 'NONE', *, *, #7557, .T. ) ;
#8304 = VECTOR ( 'NONE', #4480, 1000.000000000000000 ) ;
#8306 = CARTESIAN_POINT ( 'NONE',  ( -9.092018752690826489, -1.249999999999999778, -2.185427387327768312 ) ) ;
#8307 = CARTESIAN_POINT ( 'NONE',  ( -2.107703028497198261, -1.249999999999999778, -9.258927516202097863 ) ) ;
#8308 = CARTESIAN_POINT ( 'NONE',  ( -2.105145129612210120, -1.249999999999999778, -9.299109199783138990 ) ) ;
#8309 = CARTESIAN_POINT ( 'NONE',  ( 2.555000000000000160, 6.349999999999999645, 2.555000000000000160 ) ) ;
#8310 = DIRECTION ( 'NONE',  ( 0.000000000000000000, 1.000000000000000000, 0.000000000000000000 ) ) ;
#8311 = EDGE_CURVE ( 'NONE', #575, #6568, #985, .T. ) ;
#8312 = CARTESIAN_POINT ( 'NONE',  ( -9.940748498636020614, -6.350000000000000533, 2.105004284771788026 ) ) ;
#8313 = ADVANCED_FACE ( 'NONE', ( #6826 ), #6098, .T. ) ;
#8314 =( BOUNDED_SURFACE ( )  B_SPLINE_SURFACE ( 3, 2, ( 
 ( #2924, #6741, #3635 ),
 ( #191, #1505, #7517 ),
 ( #6182, #6141, #2971 ),
 ( #2162, #7556, #6263 ),
 ( #3547, #1549, #4801 ),
 ( #5541, #5577, #7434 ),
 ( #5622, #4198, #227 ),
 ( #8241, #1624, #6906 ),
 ( #2846, #864, #3507 ),
 ( #5503, #395, #5186 ),
 ( #3017, #1663, #4494 ),
 ( #7642, #5846, #3804 ),
 ( #8286, #3067, #5712 ),
 ( #2370, #3680, #8332 ) ),
 .UNSPECIFIED., .F., .F., .T. ) 
 B_SPLINE_SURFACE_WITH_KNOTS ( ( 4, 2, 2, 2, 2, 2, 4 ),
 ( 3, 3 ),
 ( 0.006322151876921462341, 0.006722518822433524305, 0.007122885767945585402, 0.007923619658969708462, 0.008724353549993832391, 0.009124720495505892620, 0.009525087441017954584 ),
 ( 0.000000000000000000, 1.000000000000000000 ),
 .UNSPECIFIED. ) 
 GEOMETRIC_REPRESENTATION_ITEM ( )  RATIONAL_B_SPLINE_SURFACE ( (
 ( 1.000000000000000000, 0.7071067811865475727, 1.000000000000000000),
 ( 1.000000000000000000, 0.7071067811865475727, 1.000000000000000000),
 ( 1.000000000000000000, 0.7071067811865481278, 1.000000000000000000),
 ( 1.000000000000000000, 0.7071067811865481278, 1.000000000000000000),
 ( 1.000000000000000000, 0.7071067811865469066, 1.000000000000000000),
 ( 1.000000000000000000, 0.7071067811865469066, 1.000000000000000000),
 ( 1.000000000000000000, 0.7071067811865476838, 1.000000000000000000),
 ( 1.000000000000000000, 0.7071067811865476838, 1.000000000000000000),
 ( 1.000000000000000000, 0.7071067811865475727, 1.000000000000000000),
 ( 1.000000000000000000, 0.7071067811865475727, 1.000000000000000000),
 ( 1.000000000000000000, 0.7071067811865477948, 1.000000000000000000),
 ( 1.000000000000000000, 0.7071067811865477948, 1.000000000000000000),
 ( 1.000000000000000000, 0.7071067811865475727, 1.000000000000000000),
 ( 1.000000000000000000, 0.7071067811865475727, 1.000000000000000000) ) ) 
 REPRESENTATION_ITEM ( '' )  SURFACE ( )  );
#8315 = CYLINDRICAL_SURFACE ( 'NONE', #2427, 3.219854870387792722 ) ;
#8316 = CARTESIAN_POINT ( 'NONE',  ( 1.734723475976804925E-15, -4.349999999999999645, -12.69999999999999929 ) ) ;
#8317 = LINE ( 'NONE', #424, #7878 ) ;
#8318 = CARTESIAN_POINT ( 'NONE',  ( -2.339595130594204431, -6.349999999999999645, -5.773836923778251418 ) ) ;
#8319 = CARTESIAN_POINT ( 'NONE',  ( 5.012403481233334901, -6.349999999999998757, -4.456242149587046342 ) ) ;
#8320 = EDGE_CURVE ( 'NONE', #60, #5682, #2029, .T. ) ;
#8321 = CARTESIAN_POINT ( 'NONE',  ( -1.876683844410760971, -6.350000000000000533, -10.07030783714662547 ) ) ;
#8322 = CARTESIAN_POINT ( 'NONE',  ( 0.9948548703877916344, -0.7500000000000000000, 6.274854870387789774 ) ) ;
#8323 = EDGE_LOOP ( 'NONE', ( #2448, #8409, #8207, #5952 ) ) ;
#8324 = CARTESIAN_POINT ( 'NONE',  ( 2.147797755386766205, -1.249999999999999778, -9.141450083017598871 ) ) ;
#8325 = CARTESIAN_POINT ( 'NONE',  ( -9.509478963620280112, -1.249999999999999778, 0.4948548703878891675 ) ) ;
#8326 = EDGE_LOOP ( 'NONE', ( #1525, #2577, #7482, #2747 ) ) ;
#8327 = ORIENTED_EDGE ( 'NONE', *, *, #1532, .F. ) ;
#8328 = PLANE ( 'NONE',  #1114 ) ;
#8329 = CARTESIAN_POINT ( 'NONE',  ( -4.700017402160197251E-16, -6.349999999999999645, -0.4948548703877977406 ) ) ;
#8330 = CARTESIAN_POINT ( 'NONE',  ( 9.266193209664386643, -1.249999999999999778, 2.106856607853043961 ) ) ;
#8331 = AXIS2_PLACEMENT_3D ( 'NONE', #1773, #3173, #8435 ) ;
#8332 = CARTESIAN_POINT ( 'NONE',  ( -4.731547459428007585, -1.249999999999999778, 4.768964163857734029 ) ) ;
#8333 = CARTESIAN_POINT ( 'NONE',  ( -5.752264205471503189, -6.350000000000000533, 2.676406560089243047 ) ) ;
#8334 = CARTESIAN_POINT ( 'NONE',  ( 0.5853924772794074638, -1.249999999999999778, 9.530431722890845947 ) ) ;
#8335 = CARTESIAN_POINT ( 'NONE',  ( 2.275387937340400235, -6.349999999999999645, -5.774854870387802208 ) ) ;
#8336 = ORIENTED_EDGE ( 'NONE', *, *, #469, .T. ) ;
#8337 = CIRCLE ( 'NONE', #77, 3.099999999999998757 ) ;
#8338 = CARTESIAN_POINT ( 'NONE',  ( 9.281126975314611727, -1.249999999999999778, 2.106080121565638397 ) ) ;
#8339 = EDGE_LOOP ( 'NONE', ( #8372, #7406, #5374, #2317 ) ) ;
#8340 = DIRECTION ( 'NONE',  ( -1.000000000000000000, 0.000000000000000000, -0.000000000000000000 ) ) ;
#8341 = CARTESIAN_POINT ( 'NONE',  ( 8.878058905389313082, -0.7499999999999996669, 1.719408913105277215 ) ) ;
#8342 = B_SPLINE_CURVE_WITH_KNOTS ( 'NONE', 3,
 ( #6514, #7892, #765, #7207, #7331, #3234, #5881, #4700, #6603, #3279 ),
 .UNSPECIFIED., .F., .F.,
 ( 4, 2, 2, 2, 4 ),
 ( 3.190644709152385774E-16, 9.841249399328924629E-05, 0.0001968249879862594119, 0.0002952374819792295910, 0.0003936499759721997973 ),
 .UNSPECIFIED. ) ;
#8343 = DIRECTION ( 'NONE',  ( 0.000000000000000000, 0.000000000000000000, 1.000000000000000000 ) ) ;
#8344 = CIRCLE ( 'NONE', #1163, 0.5349999999999999201 ) ;
#8345 = EDGE_LOOP ( 'NONE', ( #3201, #939 ) ) ;
#8346 = CARTESIAN_POINT ( 'NONE',  ( -9.008710553930935561, -6.349999999999999645, 2.329991424587372073 ) ) ;
#8347 = CARTESIAN_POINT ( 'NONE',  ( -9.248697871582297836, -0.7499999999999997780, 1.607090861223589018 ) ) ;
#8348 = VERTEX_POINT ( 'NONE', #307 ) ;
#8349 = EDGE_LOOP ( 'NONE', ( #2397, #4487, #3676, #6996 ) ) ;
#8350 = DIRECTION ( 'NONE',  ( -0.000000000000000000, -1.000000000000000000, -0.000000000000000000 ) ) ;
#8351 = EDGE_CURVE ( 'NONE', #6796, #6444, #4885, .T. ) ;
#8352 = CARTESIAN_POINT ( 'NONE',  ( -3.306084809891724152, -0.7499999999999997780, 6.148730939167535325 ) ) ;
#8353 = AXIS2_PLACEMENT_3D ( 'NONE', #2985, #8253, #8343 ) ;
#8354 = B_SPLINE_CURVE_WITH_KNOTS ( 'NONE', 3,
 ( #505, #6577, #5291, #3381, #7907, #5410 ),
 .UNSPECIFIED., .F., .F.,
 ( 4, 2, 4 ),
 ( 0.000000000000000000, 0.0003906404837627175885, 0.0007812809675254355022 ),
 .UNSPECIFIED. ) ;
#8355 = CARTESIAN_POINT ( 'NONE',  ( 5.501497584056000534, -1.249999999999999778, 3.650367610012353659 ) ) ;
#8356 = CARTESIAN_POINT ( 'NONE',  ( -5.322930905207403640, -6.349999999999999645, 4.003097679131907505 ) ) ;
#8357 = CARTESIAN_POINT ( 'NONE',  ( 9.034447134827436443, -6.349999999999999645, -2.264266895949704761 ) ) ;
#8358 = AXIS2_PLACEMENT_3D ( 'NONE', #1195, #1745, #5702 ) ;
#8359 = CARTESIAN_POINT ( 'NONE',  ( 9.299109199783138990, -1.249999999999999778, 2.105145129612210120 ) ) ;
#8360 = EDGE_CURVE ( 'NONE', #6512, #4011, #5459, .T. ) ;
#8361 = ADVANCED_FACE ( 'NONE', ( #904 ), #8314, .T. ) ;
#8362 = DIRECTION ( 'NONE',  ( 3.491481338843133355E-15, -0.000000000000000000, 1.000000000000000000 ) ) ;
#8363 = CARTESIAN_POINT ( 'NONE',  ( -5.421361699928595179, -1.249999999999999556, -3.825679759194913210 ) ) ;
#8364 = CARTESIAN_POINT ( 'NONE',  ( 0.6137638917353297474, -0.9199437172442063160, -9.233440698265960478 ) ) ;
#8365 = CARTESIAN_POINT ( 'NONE',  ( 5.759183060185253389, -6.350000000000002309, -2.607098787731247480 ) ) ;
#8366 = CARTESIAN_POINT ( 'NONE',  ( 9.865217305540165071, -1.012903213348991471, -1.648499996500093268 ) ) ;
#8367 = FACE_OUTER_BOUND ( 'NONE', #7382, .T. ) ;
#8368 = ORIENTED_EDGE ( 'NONE', *, *, #2869, .F. ) ;
#8369 = CARTESIAN_POINT ( 'NONE',  ( -5.047838592698770555, -1.249999999999999778, -4.413936882580276055 ) ) ;
#8370 = EDGE_CURVE ( 'NONE', #8083, #3936, #3126, .T. ) ;
#8371 = CARTESIAN_POINT ( 'NONE',  ( 6.023045516129853283, -0.8131067495198497364, -0.8941311286846351791 ) ) ;
#8372 = ORIENTED_EDGE ( 'NONE', *, *, #2944, .F. ) ;
#8373 = CARTESIAN_POINT ( 'NONE',  ( 4.321772194142246448, -6.349999999999999645, -5.116479423851548525 ) ) ;
#8374 = CARTESIAN_POINT ( 'NONE',  ( -6.272615740881163582, -0.7499999999999995559, -2.411470209190190950 ) ) ;
#8375 = CARTESIAN_POINT ( 'NONE',  ( -0.7359155481713762770, -1.101661675395366302, -9.547528442630239809 ) ) ;
#8376 = EDGE_LOOP ( 'NONE', ( #3189, #7114, #5848, #1358 ) ) ;
#8377 = CARTESIAN_POINT ( 'NONE',  ( 5.774854870387789774, -1.249999999999999778, 0.000000000000000000 ) ) ;
#8378 = CARTESIAN_POINT ( 'NONE',  ( -4.472339845786281742, -1.249999999999999778, 5.001497253821699296 ) ) ;
#8379 = CARTESIAN_POINT ( 'NONE',  ( 6.074809178934708065, -6.349999999999999645, -0.4948548703878122290 ) ) ;
#8380 = ORIENTED_EDGE ( 'NONE', *, *, #5429, .T. ) ;
#8381 = ADVANCED_FACE ( 'NONE', ( #6476 ), #1513, .F. ) ;
#8382 = ORIENTED_EDGE ( 'NONE', *, *, #2883, .F. ) ;
#8383 = CARTESIAN_POINT ( 'NONE',  ( 2.009350139932108537, -0.8835340632233023017, 10.03582622314190864 ) ) ;
#8384 = CARTESIAN_POINT ( 'NONE',  ( -8.610986891425307377, -0.7499999999999998890, -1.994620880055026912 ) ) ;
#8385 = CARTESIAN_POINT ( 'NONE',  ( 2.555000000000000160, 6.349999999999999645, 3.090000000000000302 ) ) ;
#8386 = CARTESIAN_POINT ( 'NONE',  ( -9.014118416172662407, -6.349999999999999645, 2.312816342378879231 ) ) ;
#8387 = CARTESIAN_POINT ( 'NONE',  ( 5.755478488678688720, -1.249999999999999778, -2.658265215455201336 ) ) ;
#8388 = EDGE_LOOP ( 'NONE', ( #6104, #4699 ) ) ;
#8389 = CARTESIAN_POINT ( 'NONE',  ( -4.708982103987809253, -0.7499999999999994449, -5.451970297326987236 ) ) ;
#8390 = CARTESIAN_POINT ( 'NONE',  ( 1.605145129612177035, -0.7499999999999997780, -9.344284074950458319 ) ) ;
#8391 =( BOUNDED_CURVE ( )  B_SPLINE_CURVE ( 3, ( #2920, #2237, #3678, #4879 ),
 .UNSPECIFIED., .F., .F. ) 
 B_SPLINE_CURVE_WITH_KNOTS ( ( 4, 4 ),
 ( 3.657999109116281566, 5.766778851653100446 ),
 .UNSPECIFIED. ) 
 CURVE ( )  GEOMETRIC_REPRESENTATION_ITEM ( )  RATIONAL_B_SPLINE_CURVE ( ( 1.000000000000000000, 0.6625055929971773727, 0.6625055929971773727, 1.000000000000000000 ) ) 
 REPRESENTATION_ITEM ( '' )  );
#8392 = CARTESIAN_POINT ( 'NONE',  ( 2.188081452910447755, -0.7500000000000093259, 9.089434105022075272 ) ) ;
#8393 = CARTESIAN_POINT ( 'NONE',  ( -6.074832024661244390, -1.249999999999999778, 0.4948548703878546395 ) ) ;
#8394 = CARTESIAN_POINT ( 'NONE',  ( -9.292913852475686909, -0.8043559167682465816, -1.866680249175852735 ) ) ;
#8395 = CARTESIAN_POINT ( 'NONE',  ( -9.344284074950452990, -0.7499999999999997780, -1.605145129612209454 ) ) ;
#8396 = EDGE_CURVE ( 'NONE', #6725, #2250, #4786, .T. ) ;
#8397 = DIRECTION ( 'NONE',  ( -1.000000000000000000, 0.000000000000000000, 0.000000000000000000 ) ) ;
#8398 = VERTEX_POINT ( 'NONE', #2417 ) ;
#8399 = FACE_BOUND ( 'NONE', #4475, .T. ) ;
#8400 = CARTESIAN_POINT ( 'NONE',  ( 6.274854870387789774, -0.7499999999999997780, -2.190853868390791227E-14 ) ) ;
#8401 = FACE_OUTER_BOUND ( 'NONE', #7244, .T. ) ;
#8402 = FACE_OUTER_BOUND ( 'NONE', #438, .T. ) ;
#8403 = CARTESIAN_POINT ( 'NONE',  ( -0.4948900776559706505, -6.350000000000000533, 9.416551571812643573 ) ) ;
#8404 = CARTESIAN_POINT ( 'NONE',  ( 9.790070129346057470, -0.7802709338923785598, -1.870778304839003203 ) ) ;
#8405 = CARTESIAN_POINT ( 'NONE',  ( 2.192387404589939415, -0.7499999999999997780, -8.527837839788524832 ) ) ;
#8406 = ORIENTED_EDGE ( 'NONE', *, *, #353, .T. ) ;
#8407 = CARTESIAN_POINT ( 'NONE',  ( 12.69999999999999929, -6.349999999999999645, -1.734723475976804925E-15 ) ) ;
#8408 = CARTESIAN_POINT ( 'NONE',  ( -9.271066497049250898, -1.175576128890384764, 0.4948548703878879462 ) ) ;
#8409 = ORIENTED_EDGE ( 'NONE', *, *, #5378, .F. ) ;
#8410 = DIRECTION ( 'NONE',  ( 0.000000000000000000, 0.000000000000000000, 1.000000000000000000 ) ) ;
#8411 = CARTESIAN_POINT ( 'NONE',  ( 4.321772194142246448, -1.249999999999999778, -5.116479423851548525 ) ) ;
#8412 = CARTESIAN_POINT ( 'NONE',  ( -6.071746564236446986, -0.7499999999999997780, -3.561332808568873798 ) ) ;
#8413 = CARTESIAN_POINT ( 'NONE',  ( 0.7948091789347081493, -6.349999999999999645, 5.774854870387792438 ) ) ;
#8414 = CARTESIAN_POINT ( 'NONE',  ( -5.596597400266381861, -6.349999999999998757, 3.402100798162515982 ) ) ;
#8415 = EDGE_CURVE ( 'NONE', #3671, #2907, #2409, .T. ) ;
#8416 = CYLINDRICAL_SURFACE ( 'NONE', #6521, 0.5000000000000000000 ) ;
#8417 = CARTESIAN_POINT ( 'NONE',  ( 9.008710553930297849, -1.249999999999999778, -2.329991424587377846 ) ) ;
#8418 = VERTEX_POINT ( 'NONE', #4410 ) ;
#8419 = B_SPLINE_CURVE_WITH_KNOTS ( 'NONE', 3,
 ( #3564, #4776, #6239, #3523, #1518, #836 ),
 .UNSPECIFIED., .F., .F.,
 ( 4, 2, 4 ),
 ( 0.000000000000000000, 0.0003906203680779235521, 0.0007812407361558471042 ),
 .UNSPECIFIED. ) ;
#8420 = ORIENTED_EDGE ( 'NONE', *, *, #2007, .F. ) ;
#8421 = CARTESIAN_POINT ( 'NONE',  ( 0.000000000000000000, -16.35000000000000142, 0.000000000000000000 ) ) ;
#8422 = CARTESIAN_POINT ( 'NONE',  ( 2.078455268397018330, -1.087308500963315216, 9.659515348575718363 ) ) ;
#8423 = CARTESIAN_POINT ( 'NONE',  ( -8.952870585839676210, -0.7499999999999996669, -1.678960975715308557 ) ) ;
#8424 = VECTOR ( 'NONE', #3412, 1000.000000000000000 ) ;
#8425 = CARTESIAN_POINT ( 'NONE',  ( -8.554287927967802574, -0.7499999999999998890, 2.110671036889974594 ) ) ;
#8426 = EDGE_CURVE ( 'NONE', #4405, #3953, #483, .T. ) ;
#8427 = CARTESIAN_POINT ( 'NONE',  ( -4.052267668192532923, -0.7499999999999997780, -5.868537966830777108 ) ) ;
#8428 = CARTESIAN_POINT ( 'NONE',  ( 9.115647332695413496, -0.7499999999999997780, -0.9948548703878227206 ) ) ;
#8429 = ORIENTED_EDGE ( 'NONE', *, *, #8454, .T. ) ;
#8430 = ORIENTED_EDGE ( 'NONE', *, *, #5059, .T. ) ;
#8431 = LINE ( 'NONE', #2512, #6105 ) ;
#8432 = CARTESIAN_POINT ( 'NONE',  ( 4.321045569592298463, -0.7499999999999997780, 5.117196658066283987 ) ) ;
#8433 = AXIS2_PLACEMENT_3D ( 'NONE', #512, #5786, #4997 ) ;
#8434 = FACE_OUTER_BOUND ( 'NONE', #756, .T. ) ;
#8435 = DIRECTION ( 'NONE',  ( -1.000000000000000000, 0.000000000000000000, 1.047444401652940007E-14 ) ) ;
#8436 = CARTESIAN_POINT ( 'NONE',  ( -3.499999999999999556, -11.40025253169416963, -17.67766952966369587 ) ) ;
#8437 = CARTESIAN_POINT ( 'NONE',  ( 2.555000000000000160, -6.349999999999999645, 3.090000000000000302 ) ) ;
#8438 = VECTOR ( 'NONE', #6159, 1000.000000000000000 ) ;
#8439 = CARTESIAN_POINT ( 'NONE',  ( 2.096138142704433438, -1.109988275975635652, 10.19083461549706904 ) ) ;
#8440 = VERTEX_POINT ( 'NONE', #1841 ) ;
#8441 = CARTESIAN_POINT ( 'NONE',  ( -0.4948900776558433634, -6.349999999999999645, -9.416551571812661336 ) ) ;
#8442 = CARTESIAN_POINT ( 'NONE',  ( 2.106080121572901476, -6.349999999999999645, 9.281126975245001631 ) ) ;
#8443 = AXIS2_PLACEMENT_3D ( 'NONE', #6399, #6264, #484 ) ;
#8444 = CARTESIAN_POINT ( 'NONE',  ( -2.114980593708240431, -0.7499999999999997780, 8.552604946024606747 ) ) ;
#8445 = ADVANCED_FACE ( 'NONE', ( #5103 ), #3301, .T. ) ;
#8446 = CARTESIAN_POINT ( 'NONE',  ( 4.206526835423882282, -1.249999999999999334, 5.195736631094203695 ) ) ;
#8447 = CARTESIAN_POINT ( 'NONE',  ( -4.708419941521996499, -1.249999999999999334, -4.790377844397176510 ) ) ;
#8448 = CARTESIAN_POINT ( 'NONE',  ( 9.120494649534215625, -0.7499999999999997780, 1.623915830948914341 ) ) ;
#8449 = CARTESIAN_POINT ( 'NONE',  ( 9.541911710230737143, -0.7538257325404490450, -1.727175184591391410 ) ) ;
#8450 = CARTESIAN_POINT ( 'NONE',  ( -2.389218707331016045, -1.249999999999999778, -5.773050187135009281 ) ) ;
#8451 = VERTEX_POINT ( 'NONE', #2746 ) ;
#8452 = CARTESIAN_POINT ( 'NONE',  ( -5.309876858948104683, -0.7499999999999991118, -4.033781148715069875 ) ) ;
#8453 = CARTESIAN_POINT ( 'NONE',  ( -9.563317320624387108, -1.249999999999999778, 0.7271087643985649773 ) ) ;
#8454 = EDGE_CURVE ( 'NONE', #8215, #2599, #6853, .T. ) ;
#8455 = CARTESIAN_POINT ( 'NONE',  ( -2.303537776765664624, -0.7499999999999997780, -9.017039927931882914 ) ) ;
#8456 = CYLINDRICAL_SURFACE ( 'NONE', #8216, 0.5000000000000000000 ) ;
#8457 = CARTESIAN_POINT ( 'NONE',  ( -0.9293933250974641957, -0.7499999999999998890, -6.248670252271701031 ) ) ;
#8458 = CARTESIAN_POINT ( 'NONE',  ( 0.7948091789347081493, -1.249999999999999778, 5.774854870387792438 ) ) ;
#8459 = ORIENTED_EDGE ( 'NONE', *, *, #5792, .T. ) ;
#8460 = B_SPLINE_CURVE_WITH_KNOTS ( 'NONE', 3,
 ( #3573, #3099, #5742, #4953, #3001, #8226, #8363, #5094, #7720, #1696, #4266, #1782, #4436, #1013 ),
 .UNSPECIFIED., .F., .F.,
 ( 4, 2, 2, 2, 2, 2, 4 ),
 ( 0.000000000000000000, 0.0003474869847659709031, 0.0006949739695319418062, 0.001389947939063887299, 0.002084921908595832683, 0.002432408893361806025, 0.002779895878127779368 ),
 .UNSPECIFIED. ) ;
#8461 = CARTESIAN_POINT ( 'NONE',  ( 1.650697302570843128, -1.129815972907923127, -9.918988504624882907 ) ) ;
#8462 = CARTESIAN_POINT ( 'NONE',  ( 3.499999999999999556, -16.35000000000000142, -9.741464024932666277 ) ) ;
#8463 = ORIENTED_EDGE ( 'NONE', *, *, #7779, .F. ) ;
#8464 = CARTESIAN_POINT ( 'NONE',  ( 9.138289497907933878, -1.249999999999999778, 2.149601316613273916 ) ) ;
#8465 = EDGE_CURVE ( 'NONE', #5072, #6054, #4673, .T. ) ;
#8466 = ORIENTED_EDGE ( 'NONE', *, *, #6767, .F. ) ;
#8467 = EDGE_CURVE ( 'NONE', #2794, #731, #5474, .T. ) ;
#8468 = EDGE_CURVE ( 'NONE', #8103, #3268, #2572, .T. ) ;
#8469 = CARTESIAN_POINT ( 'NONE',  ( 1.449747468305832898, -9.350000000000001421, -17.67766952966369587 ) ) ;
#8470 = CARTESIAN_POINT ( 'NONE',  ( 9.626473471171149043, -0.9791631771277509166, 2.031123569587077959 ) ) ;
#8471 = CARTESIAN_POINT ( 'NONE',  ( -4.700017402160197251E-16, -1.249999999999999778, -0.4948548703877977406 ) ) ;
#8472 = CARTESIAN_POINT ( 'NONE',  ( 0.4949083761043212015, -6.350000000000001421, -5.899142436556308766 ) ) ;
#8473 = CARTESIAN_POINT ( 'NONE',  ( -9.025180162666728734, -1.249999999999999778, 2.277684825170614769 ) ) ;
#8474 = CARTESIAN_POINT ( 'NONE',  ( -9.120494649534215625, -0.7499999999999997780, -1.623915830948914341 ) ) ;
#8475 = AXIS2_PLACEMENT_3D ( 'NONE', #7178, #1254, #2594 ) ;
#8476 = ORIENTED_EDGE ( 'NONE', *, *, #200, .F. ) ;
#8477 = B_SPLINE_CURVE_WITH_KNOTS ( 'NONE', 3,
 ( #2334, #4979, #4893, #5027, #450, #7606, #8211, #1085 ),
 .UNSPECIFIED., .F., .F.,
 ( 4, 2, 2, 4 ),
 ( 0.000000000000000000, 0.0002156586824478746067, 0.0004313173648957492135, 0.0008626347297915026554 ),
 .UNSPECIFIED. ) ;
#8478 = DIRECTION ( 'NONE',  ( 0.000000000000000000, 0.000000000000000000, 1.000000000000000000 ) ) ;
#8479 = CARTESIAN_POINT ( 'NONE',  ( -2.126840748795243652, -6.349999999999999645, -9.186653874190259472 ) ) ;
#8480 = EDGE_CURVE ( 'NONE', #4697, #6122, #335, .T. ) ;
#8481 = FACE_OUTER_BOUND ( 'NONE', #5705, .T. ) ;
#8482 = DIRECTION ( 'NONE',  ( 0.000000000000000000, 0.000000000000000000, -1.000000000000000000 ) ) ;
#8483 = AXIS2_PLACEMENT_3D ( 'NONE', #1003, #779, #4754 ) ;
#8484 = DIRECTION ( 'NONE',  ( 0.000000000000000000, 1.000000000000000000, 0.000000000000000000 ) ) ;
#8485 = CARTESIAN_POINT ( 'NONE',  ( -1.651354423408035288, -1.249999999999999778, 9.935855655966888023 ) ) ;
#8486 = VECTOR ( 'NONE', #1612, 1000.000000000000000 ) ;
#8487 = CYLINDRICAL_SURFACE ( 'NONE', #4998, 0.5000000000000004441 ) ;
#8488 = CARTESIAN_POINT ( 'NONE',  ( -5.774854870387789774, -1.249999999999999778, -0.4948548703877919674 ) ) ;
#8489 = EDGE_LOOP ( 'NONE', ( #7718, #147, #7274, #1206 ) ) ;
#8490 = CARTESIAN_POINT ( 'NONE',  ( 4.003097679131852438, -1.249999999999999334, 5.322930905207445385 ) ) ;
#8491 = FACE_BOUND ( 'NONE', #8345, .T. ) ;
#8492 = CARTESIAN_POINT ( 'NONE',  ( 9.292283660294966552, -0.7499999999999997780, 1.604824603125720950 ) ) ;
#8493 = CIRCLE ( 'NONE', #769, 3.219854870387794055 ) ;
#8494 = CARTESIAN_POINT ( 'NONE',  ( 9.441261499488810216, -0.7500000624335169119, -1.666225140989252562 ) ) ;
#8495 = CARTESIAN_POINT ( 'NONE',  ( 0.9948548703877909682, -0.7499999999999997780, 9.115647332695417049 ) ) ;
#8496 = VERTEX_POINT ( 'NONE', #7169 ) ;
#8497 = CARTESIAN_POINT ( 'NONE',  ( -9.017039927679329381, -1.249999999999999778, 2.303537777567648437 ) ) ;
#8498 = CARTESIAN_POINT ( 'NONE',  ( 4.912057933844820035, -0.7499999999999998890, 5.285885808636718863 ) ) ;
#8499 = CARTESIAN_POINT ( 'NONE',  ( -4.749987219571101704, -6.349999999999999645, -4.749987219571101704 ) ) ;
#8500 = CARTESIAN_POINT ( 'NONE',  ( 12.69999999999999929, -4.349999999999999645, -1.734723475976804925E-15 ) ) ;
#8501 = CARTESIAN_POINT ( 'NONE',  ( 9.563309819739387763, -6.349999999999999645, -0.7270764054875576976 ) ) ;
#8502 = CARTESIAN_POINT ( 'NONE',  ( -4.793229508794048854, -1.249999999999999778, -4.705393340446858197 ) ) ;
#8503 = ORIENTED_EDGE ( 'NONE', *, *, #4561, .T. ) ;
#8504 = CARTESIAN_POINT ( 'NONE',  ( 9.678354296802043066, -6.349999999999999645, -2.105145129612246091 ) ) ;
#8505 = ADVANCED_FACE ( 'NONE', ( #4582 ), #2703, .T. ) ;
#8506 = CARTESIAN_POINT ( 'NONE',  ( 2.066716651290635642, -0.9950584864165766819, -10.13824484182478614 ) ) ;
#8507 = VERTEX_POINT ( 'NONE', #1369 ) ;
#8508 = CARTESIAN_POINT ( 'NONE',  ( 2.275387937340425104, -6.349999999999999645, 5.774854870387789774 ) ) ;
#8509 = ORIENTED_EDGE ( 'NONE', *, *, #1290, .T. ) ;
#8510 = LINE ( 'NONE', #7739, #457 ) ;
#8511 = CARTESIAN_POINT ( 'NONE',  ( -2.267556941244656343, -1.249999999999999778, -9.030248827453016602 ) ) ;
#8512 = CARTESIAN_POINT ( 'NONE',  ( 3.090000000000000302, 6.349999999999999645, -2.555000000000000160 ) ) ;
#8513 = CARTESIAN_POINT ( 'NONE',  ( -9.170823234141108671, -1.249999999999999334, -2.132051370986054462 ) ) ;
#8514 = EDGE_CURVE ( 'NONE', #4509, #8440, #730, .T. ) ;
#8515 = DIRECTION ( 'NONE',  ( -3.491481338843133355E-15, 0.000000000000000000, -1.000000000000000000 ) ) ;
#8516 = CARTESIAN_POINT ( 'NONE',  ( -8.740693967611827375, -0.7499999999999997780, -1.825605362752863225 ) ) ;
#8517 = ORIENTED_EDGE ( 'NONE', *, *, #4054, .T. ) ;
#8518 = CARTESIAN_POINT ( 'NONE',  ( -2.411100201706657842, -0.7499999999999996669, -6.272766110050532085 ) ) ;
#8519 = CARTESIAN_POINT ( 'NONE',  ( -2.105145129612209232, -6.349999999999999645, -9.299109199783835322 ) ) ;
#8520 = CARTESIAN_POINT ( 'NONE',  ( 2.623896044971770980, -6.349999999999998757, -5.757573124251198493 ) ) ;
#8521 = DIRECTION ( 'NONE',  ( 0.000000000000000000, 1.000000000000000000, -0.000000000000000000 ) ) ;
#8522 = CARTESIAN_POINT ( 'NONE',  ( 0.7556240927565770482, -0.9841965344501255597, -9.511754941615118142 ) ) ;
#8523 = LINE ( 'NONE', #5209, #2829 ) ;
#8524 = ADVANCED_FACE ( 'NONE', ( #688 ), #3430, .F. ) ;
#8525 = ORIENTED_EDGE ( 'NONE', *, *, #6051, .F. ) ;
#8526 = CARTESIAN_POINT ( 'NONE',  ( -5.829030205559368127, -0.9887474541367973213, 2.275817360673353829 ) ) ;
#8527 = CARTESIAN_POINT ( 'NONE',  ( -5.967581381844793142, -0.8501667073564482813, -0.8719454749705938257 ) ) ;
#8528 = VERTEX_POINT ( 'NONE', #2060 ) ;
#8529 = CARTESIAN_POINT ( 'NONE',  ( 6.272615740881163582, -0.7499999999999995559, 2.411470209190190950 ) ) ;
#8530 = CARTESIAN_POINT ( 'NONE',  ( 9.251824063420528432, -6.349999999999999645, 2.108979684472939375 ) ) ;
#8531 = CARTESIAN_POINT ( 'NONE',  ( 3.031737370648488472, -1.249999999999999334, 5.693895767210744197 ) ) ;
ENDSEC;
END-ISO-10303-21;
